sku_original,competidor,marca,categoria,nombre_producto,url_producto,precio_regular,precio_oferta,cuotas,hay_stock
FRA-planchita-alisado-babyliss-pelo-seco-450,Fravega,OTRAS,Pequeños Electrodomésticos,Planchita Alisado Babyliss Pelo Seco 450f + Funda 9559,https://www.fravega.com/p/planchita-alisado-babyliss-pelo-seco-450f-funda-9559-990288320/,199999.0,169999.0,1,True
FRA-limpiadora-a-vapor-portatil-midow-1500w-,Fravega,OTRAS,Pequeños Electrodomésticos,"Limpiadora a Vapor Portátil Midow 1500w 1200ml 1,5 Bar",https://www.fravega.com/p/limpiadora-a-vapor-portatil-midow-1500w-1200ml-1-5-bar-990277263/,119999.0,62999.0,1,True
FRA-pava-electrica-kanji-home-con-corte-mate,Fravega,OTRAS,Pequeños Electrodomésticos,Pava Eléctrica Kanji Home con Corte Mate KJH-PE15002M,https://www.fravega.com/p/pava-electrica-kanji-home-con-corte-mate-kjh-pe15002m--13629/,29999.0,19999.0,1,True
FRA-afeitadora-philips-s1881-00-serie-1000-u,Fravega,PHILIPS,Pequeños Electrodomésticos,Afeitadora Philips S1881/00 Serie 1000 uso en Húmedo y Seco,https://www.fravega.com/p/afeitadora-philips-s1881-00-serie-1000-uso-humedo-y-seco-30625/,81999.0,65599.0,1,True
FRA-yogurtera-ultracomb-yg-2707-13859,Fravega,OTRAS,Pequeños Electrodomésticos,Yogurtera Ultracomb YG-2707,https://www.fravega.com/p/yogurtera-ultracomb-yg-2707-13859/,75099.0,39999.0,1,True
FRA-maquina-gasificadora-sodastream-terra-bl,Fravega,OTRAS,Pequeños Electrodomésticos,Maquina Gasificadora Sodastream Terra Black,https://www.fravega.com/p/maquina-gasificadora-sodastream-terra-black-13724/,126999.0,101599.0,1,True
FRA-cortadora-de-pelo-kanji-beauty-usb-inala,Fravega,OTRAS,Pequeños Electrodomésticos,Cortadora de Pelo Kanji Beauty USB Inalámbrica + 4 Peines,https://www.fravega.com/p/cortadora-de-pelo-kanji-beauty-usb-inalambrica-4-peines-30386/,13999.0,8999.0,1,True
FRA-pava-electrica-electrolux-efficient-2lts,Fravega,OTRAS,Pequeños Electrodomésticos,Pava Eléctrica Electrolux Efficient 2Lts EEK50,https://www.fravega.com/p/pava-electrica-electrolux-efficient-2lts-eek50-14568/,89999.0,79999.0,1,True
FRA-freidora-de-aire-peabody-pe-afd720n-7-2l,Fravega,OTRAS,Pequeños Electrodomésticos,"Freidora De Aire Peabody PE-AFD720N 7,2L",https://www.fravega.com/p/freidora-de-aire-peabody-pe-afd720n-7-2l-13837/,139999.0,99999.0,1,True
FRA-cortabarba-philips-oneblade-qp2824-10-fa,Fravega,PHILIPS,Pequeños Electrodomésticos,Cortabarba Philips Oneblade QP2824/10 Face & Body,https://www.fravega.com/p/cortabarba-philips-oneblade-qp2824-10-face--body-30356/,86299.0,64499.0,1,True
FRA-afeitadora-electrica-inalambrica-philco-,Fravega,PHILCO,Pequeños Electrodomésticos,Afeitadora Eléctrica Inalámbrica Philco AE5105,https://www.fravega.com/p/afeitadora-electrica-inalambrica-philco-ae5105-30464/,54999.0,34999.0,1,True
FRA-multigroom-trimmer-philips-serie-7000-mg,Fravega,PHILIPS,Pequeños Electrodomésticos,Multigroom Trimmer Philips Serie 7000 MG7935/15 16 en 1,https://www.fravega.com/p/multigroom-trimmer-philips-serie-7000-mg7935-15-16-1-30474/,108999.0,81749.0,1,True
FRA-multigroom-all-one-philips-mg3911-15-inc,Fravega,PHILIPS,Pequeños Electrodomésticos,Multigroom All-in-One Philips MG3911/15 incluye 7 accesorios,https://www.fravega.com/p/multigroom-all-one-philips-mg3911-15-incluye-7-accesorios-30397/,51799.0,35999.0,1,True
FRA-licuadora-moulinex-optimix-plus-blender-,Fravega,OTRAS,Pequeños Electrodomésticos,Licuadora Moulinex Optimix Plus Blender LM270558 Rojo,https://www.fravega.com/p/licuadora-moulinex-optimix-plus-blender-lm270558-rojo-180359/,81999.0,34999.0,1,True
FRA-secador-de-pelo-ga-ma-mistral-ceramic-io,Fravega,OTRAS,Pequeños Electrodomésticos,Secador de Pelo GA.MA Mistral Ceramic Ion,https://www.fravega.com/p/secador-de-pelo-ga-ma-mistral-ceramic-ion-13349/,74999.0,51999.0,1,True
FRA-microondas-bgh-20-lt-digital-eco-b120ds2,Fravega,BGH,Pequeños Electrodomésticos,Microondas BGH 20 Lt Digital Eco B120DS20,https://www.fravega.com/p/microondas-bgh-20-lt-digital-eco-b120ds20-110218/,289999.0,209999.0,1,True
FRA-freidora-de-aire-atma-con-visor-fr246abp,Fravega,ATMA,Pequeños Electrodomésticos,Freidora de Aire ATMA con Visor FR246ABP 6Lts Negro,https://www.fravega.com/p/freidora-de-aire-atma-con-visor-fr246abp-6lts-negro-13898/,189999.0,99999.0,1,True
FRA-secador-de-pelo-ga-ma-mistral-ceramic-io,Fravega,OTRAS,Belleza y Cuidado Personal,Secador de Pelo GA.MA Mistral Ceramic Ion,https://www.fravega.com/p/secador-de-pelo-ga-ma-mistral-ceramic-ion-13349/,74999.0,51999.0,1,True
FRA-planchita-de-pelo-ga-ma-elegance-bella-t,Fravega,OTRAS,Belleza y Cuidado Personal,Planchita de Pelo GA.MA Elegance Bella Tourmaline ION 230°C,https://www.fravega.com/p/planchita-de-pelo-ga-ma-elegance-bella-tourmaline-ion-230-c-13040/,69999.0,54999.0,1,True
FRA-depiladora-ipl-philips-lumea-prestige-br,Fravega,PHILIPS,Belleza y Cuidado Personal,Depiladora IPL Philips Lumea Prestige BRI947/30,https://www.fravega.com/p/depiladora-ipl-philips-lumea-prestige-bri947-30-13275/,959999.0,659999.0,1,True
FRA-secador-de-pelo-profesional-remington-si,Fravega,REMINGTON,Belleza y Cuidado Personal,Secador de Pelo Profesional Remington Silk AC9096 2400W,https://www.fravega.com/p/secador-de-pelo-profesional-remington-silk-ac9096-2400w-11933/,104999.0,84799.0,1,True
FRA-planchita-de-pelo-admiral-ad-pl001-ceram,Fravega,OTRAS,Belleza y Cuidado Personal,Planchita de Pelo Admiral AD-PL001 Ceramic 230,https://www.fravega.com/p/planchita-de-pelo-admiral-ad-pl001-ceramic-230-14214/,39999.0,19999.0,1,True
FRA-depiladora-facial-con-luz-recargable-usb,Fravega,OTRAS,Belleza y Cuidado Personal,Depiladora Facial Con Luz Recargable Usb Vellos Finos RJ3740 Blanco,https://www.fravega.com/p/depiladora-facial-con-luz-recargable-usb-vellos-finos-rj3740-blanco-22709024/,12829.69,8980.78,1,True
FRA-difusor-de-aire-para-rulos-bellissima-di,Fravega,OTRAS,Belleza y Cuidado Personal,Difusor de Aire para Rulos Bellissima Diffon Ion Ceramic,https://www.fravega.com/p/difusor-de-aire-para-rulos-bellissima-diffon-ion-ceramic-14584/,109999.0,84999.0,1,True
FRA-planchita-de-pelo-remington-silk-s9600-1,Fravega,REMINGTON,Belleza y Cuidado Personal,Planchita de Pelo Remington Silk S9600,https://www.fravega.com/p/planchita-de-pelo-remington-silk-s9600-11945/,99999.0,89999.0,1,True
FRA-depiladora-ipl-philips-lumea-lumea-advan,Fravega,PHILIPS,Belleza y Cuidado Personal,Depiladora IPL Philips Lumea Lumea Advanced BRI920/30 + Recortador,https://www.fravega.com/p/depiladora-ipl-philips-lumea-lumea-advanced-bri920-30-recortador-13149/,699999.0,439999.0,1,True
FRA-secador-de-pelo-con-difusor-winco-w4192-,Fravega,OTRAS,Belleza y Cuidado Personal,Secador de Pelo con Difusor Winco W4192 2000 Watts,https://www.fravega.com/p/secador-de-pelo-con-difusor-winco-w4192-2000-watts-14326/,59999.0,32999.0,1,True
FRA-planchita-de-pelo-remington-gloss-s9350-,Fravega,REMINGTON,Belleza y Cuidado Personal,Planchita de Pelo Remington Gloss S9350 Tecnología Antiestática,https://www.fravega.com/p/planchita-de-pelo-remington-gloss-s9350-tecnologia-antiestatica-14501/,84999.0,59999.0,1,True
FRA-depiladora-philips-bre712-00-13213,Fravega,PHILIPS,Belleza y Cuidado Personal,Depiladora Philips BRE712-00,https://www.fravega.com/p/depiladora-philips-bre712-00-13213/,153999.0,139999.0,1,True
FRA-secador-de-pelo-gama-professional-ultra-,Fravega,GAMA,Belleza y Cuidado Personal,Secador de Pelo Gama Professional Ultra AC 2200W,https://www.fravega.com/p/secador-de-pelo-gama-professional-ultra-ac-2200w-14437/,99999.0,74999.0,1,True
FRA-planchita-de-pelo-ga-ma-elegance-led-bel,Fravega,OTRAS,Belleza y Cuidado Personal,Planchita de Pelo GA.MA Elegance LED Bella Tourmaline,https://www.fravega.com/p/planchita-de-pelo-ga-ma-elegance-led-bella-tourmaline-13086/,119999.0,89999.0,1,True
FRA-depiladora-facial-con-luz-recargable-usb,Fravega,OTRAS,Belleza y Cuidado Personal,Depiladora Facial Con Luz Recargable Usb Vellos Finos Rosa RJ3740,https://www.fravega.com/p/depiladora-facial-con-luz-recargable-usb-vellos-finos-rosa-rj3740-22709035/,12829.69,8980.78,1,True
FRA-secador-de-pelo-gama-iq-lite-ultra-livia,Fravega,GAMA,Belleza y Cuidado Personal,Secador De Pelo Gama IQ Lite Ultra Liviano Profesional Color Negro,https://www.fravega.com/p/secador-de-pelo-gama-iq-lite-ultra-liviano-profesional-color-negro-13730/,283999.0,159999.0,1,True
FRA-planchita-de-pelo-remington-wet2straight,Fravega,REMINGTON,Belleza y Cuidado Personal,Planchita de Pelo Remington Wet2Straight S27A,https://www.fravega.com/p/planchita-de-pelo-remington-wet2straight-s27a-14242/,79999.0,64999.0,1,True
FRA-depiladora-cejas-lapiz-electrico-portati,Fravega,OTRAS,Belleza y Cuidado Personal,Depiladora Cejas Lápiz Eléctrico Portátil Recargable Usb Luz,https://www.fravega.com/p/depiladora-cejas-lapiz-electrico-portatil-recargable-usb-luz-22649103/,35309.0,30619.0,1,True
FRA-secador-remington-d3015-power-volumen-20,Fravega,REMINGTON,Belleza y Cuidado Personal,Secador Remington D3015 Power Volumen 2000,https://www.fravega.com/p/secador-remington-d3015-power-volumen-2000-12426/,62999.0,49999.0,1,True
FRA-planchita-alisado-babyliss-pelo-seco-450,Fravega,OTRAS,Belleza y Cuidado Personal,Planchita Alisado Babyliss Pelo Seco 450f + Funda 9559,https://www.fravega.com/p/planchita-alisado-babyliss-pelo-seco-450f-funda-9559-990288320/,199999.0,169999.0,1,True
FRA-afeitadora-philips-s1881-00-serie-1000-u,Fravega,PHILIPS,Belleza y Cuidado Personal,Afeitadora Philips S1881/00 Serie 1000 uso en Húmedo y Seco,https://www.fravega.com/p/afeitadora-philips-s1881-00-serie-1000-uso-humedo-y-seco-30625/,81999.0,65599.0,1,True
FRA-afeitadora-electrica-inalambrica-philco-,Fravega,PHILCO,Belleza y Cuidado Personal,Afeitadora Eléctrica Inalámbrica Philco AE5105,https://www.fravega.com/p/afeitadora-electrica-inalambrica-philco-ae5105-30464/,54999.0,34999.0,1,True
FRA-afeitadora-philips-s5898-17-30315,Fravega,PHILIPS,Belleza y Cuidado Personal,Afeitadora Philips S5898/17,https://www.fravega.com/p/afeitadora-philips-s5898-17-30315/,194999.0,149999.0,1,True
FRA-afeitadora-philips-serie-5000-x5012-05-3,Fravega,PHILIPS,Belleza y Cuidado Personal,Afeitadora Philips Serie 5000 X5012/05,https://www.fravega.com/p/afeitadora-philips-serie-5000-x5012-05-30374/,139999.0,103999.0,1,True
FRA-repuesto-cuchillas-x2-para-cortabarba-ph,Fravega,PHILIPS,Belleza y Cuidado Personal,Repuesto Cuchillas x2 para Cortabarba Philips OneBlade,https://www.fravega.com/p/repuesto-cuchillas-x2-para-cortabarba-philips-oneblade-30460/,31499.0,29999.0,1,True
FRA-recortadora-de-pelo-para-nariz-y-oreja-p,Fravega,PHILIPS,Belleza y Cuidado Personal,Recortadora de Pelo para Nariz y Oreja Philips NT1620/15,https://www.fravega.com/p/recortadora-de-pelo-para-nariz-y-oreja-philips-nt1620-15-30269/,24999.0,22999.0,1,True
FRA-afeitadora-philips-serie-3000-s3882-00-w,Fravega,PHILIPS,Belleza y Cuidado Personal,Afeitadora Philips Serie 3000 S3882/00 Wet & Dry,https://www.fravega.com/p/afeitadora-philips-serie-3000-s3882-00-wet--dry-30616/,143999.0,89999.0,1,True
FRA-afeitadora-y-recortadora-ultracomb-led-6,Fravega,OTRAS,Belleza y Cuidado Personal,Afeitadora Y Recortadora Ultracomb Led 6 Cabezales Bk4918,https://www.fravega.com/p/afeitadora-y-recortadora-ultracomb-led-6-cabezales-bk4918-990275801/,58309.83,32370.9,1,True
FRA-recortadora-afeitar-cejas-barba-vk-4803-,Fravega,OTRAS,Belleza y Cuidado Personal,Recortadora Afeitar Cejas Barba Vk-4803 Ultracomb  3 en 1,https://www.fravega.com/p/recortadora-afeitar-cejas-barba-vk-4803-ultracomb-3-1-990275803/,19379.83,10820.9,1,True
FRA-afeitadora-corporal-bacan-by-mantra-razo,Fravega,OTRAS,Belleza y Cuidado Personal,Afeitadora Corporal Bacan by Mantra Razor Body Black,https://www.fravega.com/p/afeitadora-corporal-bacan-by-mantra-razor-body-black-20076122/,119990.0,95992.0,1,True
FRA-afeitadora-philco-ae5205pp-lithium-plus-,Fravega,PHILCO,Belleza y Cuidado Personal,Afeitadora Philco Ae5205pp Lithium Plus Wet & Dry 360°,https://www.fravega.com/p/afeitadora-philco-ae5205pp-lithium-plus-wet--dry-360-20291686/,65999.0,59999.0,1,True
FRA-afeitadora-de-cabeza-remington-balder-pr,Fravega,REMINGTON,Belleza y Cuidado Personal,Afeitadora de cabeza Remington Balder PRO XR7001,https://www.fravega.com/p/afeitadora-de-cabeza-remington-balder-pro-xr7001-30353/,149999.0,109999.0,1,True
FRA-maquina-multi-afeitadora-gadnic-rzr-9k-d,Fravega,OTRAS,Belleza y Cuidado Personal,Máquina Multi Afeitadora Gadnic RZR 9K Display Digital,https://www.fravega.com/p/maquina-multi-afeitadora-gadnic-rzr-9k-display-digital-990165202/,64502.99,49618.0,1,True
FRA-afeitadora-philco-turbo-ae5305-30319,Fravega,PHILCO,Belleza y Cuidado Personal,Afeitadora Philco Turbo AE5305,https://www.fravega.com/p/afeitadora-philco-turbo-ae5305-30319/,74999.0,59999.0,1,True
FRA-afeitadora-shaver-wmark-inalambrica-prof,Fravega,OTRAS,Belleza y Cuidado Personal,Afeitadora Shaver Wmark Inalambrica Profesional Led 8000 RPM,https://www.fravega.com/p/afeitadora-shaver-wmark-inalambrica-profesional-led-8000-rpm-990168368/,229839.0,95498.98,1,True
FRA-trimmer-philco-body-shaver-sport-infinit,Fravega,PHILCO,Belleza y Cuidado Personal,Trimmer Philco Body Shaver Sport Infinity Blade CB7045SE,https://www.fravega.com/p/trimmer-philco-body-shaver-sport-infinity-blade-cb7045se-990288782/,52799.0,24999.0,1,True
FRA-razor-body-pro-bacan-by-mantra-afeitador,Fravega,OTRAS,Belleza y Cuidado Personal,Razor Body Pro Bacan By Mantra Afeitadora Zonas Intimas Men,https://www.fravega.com/p/razor-body-pro-bacan-by-mantra-afeitadora-zonas-intimas-men-22301719/,169990.0,135992.0,1,True
FRA-braun-afeitadora-electrica-para-hombres-,Fravega,OTRAS,Belleza y Cuidado Personal,"Braun Afeitadora eléctrica para hombres, Series 5",https://www.fravega.com/p/braun-afeitadora-electrica-para-hombres-series-5-22659560/,478238.0,478238.0,1,True
FRA-afeitadora-y-recortadora-ultracomb-bk491,Fravega,OTRAS,Belleza y Cuidado Personal,Afeitadora Y Recortadora Ultracomb Bk4918 Recargable Led Y 6 Cabezales,https://www.fravega.com/p/afeitadora-y-recortadora-ultracomb-bk4918-recargable-led-y-6-cabezales-22693427/,46999.0,37899.0,1,True
FRA-locion-para-despues-del-afeitado-gillett,Fravega,OTRAS,Belleza y Cuidado Personal,"Loción para después del afeitado Gillette Series Cool Wave, 100 ml, para hombre",https://www.fravega.com/p/locion-para-despues-del-afeitado-gillette-series-cool-wave-100-ml-para-hombre-22769884/,68629.0,57648.36,1,True
FRA-perfume-revlon-charlie-blue-edt-para-muj,Fravega,OTRAS,Belleza y Cuidado Personal,Perfume Revlon Charlie Blue EDT para mujer 100 ml/3.4 fl.oz,https://www.fravega.com/p/perfume-revlon-charlie-blue-edt-para-mujer-100-ml-3-4-fl-oz-22826743/,80123.0,74514.39,1,True
FRA-combo-alisado-luminoliss-250gr-shampoo-l,Fravega,OTRAS,Belleza y Cuidado Personal,Combo Alisado Luminoliss 250gr + Shampoo Luminoclean 300gr,https://www.fravega.com/p/combo-alisado-luminoliss-250gr-shampoo-luminoclean-300gr-22859950/,30890.0,25530.0,1,True
FRA-givenchy-organza-3-3-oz-eau-de-parfum-sp,Fravega,OTRAS,Belleza y Cuidado Personal,Givenchy ORGANZA 3.3 OZ EAU DE PARFUM SPRAY NUEVO,https://www.fravega.com/p/givenchy-organza-3-3-oz-eau-de-parfum-spray-nuevo-22711682/,247212.0,173049.0,1,True
FRA-fidelite-caviar-combo-argan-shampoo-acon,Fravega,OTRAS,Belleza y Cuidado Personal,Fidelite Caviar Combo Argan Shampoo Acond Mascara Crema S/e,https://www.fravega.com/p/fidelite-caviar-combo-argan-shampoo-acond-mascara-crema-s-e-21229660/,81350.0,67230.0,1,True
FRA-perfume-montale-arabians-tonka-eau-de-pa,Fravega,OTRAS,Belleza y Cuidado Personal,Perfume MONTALE Arabians Tonka Eau De Parfum 100 ml para hom,https://www.fravega.com/p/perfume-montale-arabians-tonka-eau-de-parfum-100-ml-para-hom-22826641/,383889.0,341661.21,1,True
FRA-combo-alisado-luminoliss-shampoo-luminoc,Fravega,OTRAS,Belleza y Cuidado Personal,Combo Alisado Luminoliss + Shampoo Luminoclean 1kg,https://www.fravega.com/p/combo-alisado-luminoliss-shampoo-luminoclean-1kg-22859970/,58890.0,48670.0,1,True
FRA-perfume-dolce--gabbana-the-one-eau-de-pa,Fravega,OTRAS,Belleza y Cuidado Personal,"Perfume Dolce & Gabbana The One Eau de Parfum para hombre, 1",https://www.fravega.com/p/perfume-dolce--gabbana-the-one-eau-de-parfum-para-hombre-1-22803145/,185993.0,172973.49,1,True
FRA-ds-laboratories-revita-shampoo-champu-pa,Fravega,OTRAS,Belleza y Cuidado Personal,DS Laboratories Revita Shampoo - Champú para el,https://www.fravega.com/p/ds-laboratories-revita-shampoo-champu-para-el-22662562/,105948.0,105948.0,1,True
FRA-l-eau-d-issey-pour-homme-eau--cedre-edt-,Fravega,OTRAS,Belleza y Cuidado Personal,L'eau d'Issey pour Homme Eau & Cèdre EDT,https://www.fravega.com/p/l-eau-d-issey-pour-homme-eau--cedre-edt-990283321/,268000.0,241200.0,1,True
FRA-champu-kerastase-densifique-bain-densite,Fravega,OTRAS,Belleza y Cuidado Personal,Champú Kerastase Densifique Bain Densite Homme Daily Care,https://www.fravega.com/p/champu-kerastase-densifique-bain-densite-homme-daily-care-22772422/,160794.0,154362.24,1,True
FRA-perfume-liquid-brun-french-avenue-100ml-,Fravega,OTRAS,Belleza y Cuidado Personal,Perfume Liquid Brun French Avenue 100ml Edp Arabe,https://www.fravega.com/p/perfume-liquid-brun-french-avenue-100ml-edp-arabe-22599035/,137999.0,103499.0,1,True
FRA-mascarilla-nutricion-pre-shampoo-hair-pr,Fravega,OTRAS,Belleza y Cuidado Personal,Mascarilla Nutrición Pre-Shampoo Hair Prodigieux 125ml,https://www.fravega.com/p/mascarilla-nutricion-pre-shampoo-hair-prodigieux-125ml-990244775/,50500.0,42925.0,1,True
FRA-perfume-armaf-club-de-nuit-precieux-1-ex,Fravega,OTRAS,Belleza y Cuidado Personal,"Perfume Armaf Club De Nuit Precieux, 1 extracto de perfume,",https://www.fravega.com/p/perfume-armaf-club-de-nuit-precieux-1-extracto-de-perfume--22802957/,178599.0,166097.07,1,True
FRA-removedor-de-tinte-para-cabello-color-oo,Fravega,OTRAS,Belleza y Cuidado Personal,Removedor de Tinte para Cabello Color Oops con Acondicionador Extra,https://www.fravega.com/p/removedor-de-tinte-para-cabello-color-oops-con-acondicionador-extra-22721279/,89147.0,75774.95,1,True
FRA-perfume-lattafa-asad-bourbon-eau-de-parf,Fravega,OTRAS,Belleza y Cuidado Personal,"Perfume Lattafa Asad Bourbon Eau de Parfum para unisex, 100",https://www.fravega.com/p/perfume-lattafa-asad-bourbon-eau-de-parfum-para-unisex-100-22803005/,122517.0,109040.13,1,True
FRA-dercos-densi-solutions-shampoo-densifica,Fravega,OTRAS,Belleza y Cuidado Personal,Dercos Densi Solutions Shampoo Densificador X 250 Ml,https://www.fravega.com/p/dercos-densi-solutions-shampoo-densificador-x-250-ml-21402462/,50713.0,41911.57,1,True
FRA-caro-cuore-edt-990283318,Fravega,OTRAS,Belleza y Cuidado Personal,Caro Cuore EDT,https://www.fravega.com/p/caro-cuore-edt-990283318/,37800.0,31239.67,1,True
FRA-cera-pomada-opaca-mate-sir-fausto-x-100-,Fravega,OTRAS,Belleza y Cuidado Personal,Cera Pomada Opaca Mate Sir Fausto X 100 Ml Barber,https://www.fravega.com/p/cera-pomada-opaca-mate-sir-fausto-x-100-ml-barber-22636061/,19840.0,16400.0,1,True
FRA-perfume-prada-l-homme-l-eau-de-toilette-,Fravega,OTRAS,Belleza y Cuidado Personal,"Perfume Prada L'homme l'Eau de Toilette para hombre, 100 ml",https://www.fravega.com/p/perfume-prada-l-homme-l-eau-de-toilette-para-hombre-100-ml-22867407/,275871.0,270353.58,1,True
FRA-shampoo-pantene-restauracion-pro-v-solut,Fravega,OTRAS,Belleza y Cuidado Personal,Shampoo Pantene Restauración Pro-v Solutions 400 Ml 80701897,https://www.fravega.com/p/shampoo-pantene-restauracion-pro-v-solutions-400-ml-80701897-990243292/,7541.0,4455.99,1,True
FRA-secador-de-pelo-ga-ma-mistral-ceramic-io,Fravega,OTRAS,Belleza y Cuidado Personal,Secador de Pelo GA.MA Mistral Ceramic Ion,https://www.fravega.com/p/secador-de-pelo-ga-ma-mistral-ceramic-ion-13349/,74999.0,51999.0,1,True
FRA-planchita-de-pelo-ga-ma-elegance-bella-t,Fravega,OTRAS,Belleza y Cuidado Personal,Planchita de Pelo GA.MA Elegance Bella Tourmaline ION 230°C,https://www.fravega.com/p/planchita-de-pelo-ga-ma-elegance-bella-tourmaline-ion-230-c-13040/,69999.0,54999.0,1,True
FRA-depiladora-ipl-philips-lumea-prestige-br,Fravega,PHILIPS,Belleza y Cuidado Personal,Depiladora IPL Philips Lumea Prestige BRI947/30,https://www.fravega.com/p/depiladora-ipl-philips-lumea-prestige-bri947-30-13275/,959999.0,659999.0,1,True
FRA-secador-de-pelo-profesional-remington-si,Fravega,REMINGTON,Belleza y Cuidado Personal,Secador de Pelo Profesional Remington Silk AC9096 2400W,https://www.fravega.com/p/secador-de-pelo-profesional-remington-silk-ac9096-2400w-11933/,104999.0,84799.0,1,True
FRA-planchita-de-pelo-admiral-ad-pl001-ceram,Fravega,OTRAS,Belleza y Cuidado Personal,Planchita de Pelo Admiral AD-PL001 Ceramic 230,https://www.fravega.com/p/planchita-de-pelo-admiral-ad-pl001-ceramic-230-14214/,39999.0,19999.0,1,True
FRA-depiladora-facial-con-luz-recargable-usb,Fravega,OTRAS,Belleza y Cuidado Personal,Depiladora Facial Con Luz Recargable Usb Vellos Finos RJ3740 Blanco,https://www.fravega.com/p/depiladora-facial-con-luz-recargable-usb-vellos-finos-rj3740-blanco-22709024/,12829.69,8980.78,1,True
FRA-difusor-de-aire-para-rulos-bellissima-di,Fravega,OTRAS,Belleza y Cuidado Personal,Difusor de Aire para Rulos Bellissima Diffon Ion Ceramic,https://www.fravega.com/p/difusor-de-aire-para-rulos-bellissima-diffon-ion-ceramic-14584/,109999.0,84999.0,1,True
FRA-planchita-de-pelo-remington-silk-s9600-1,Fravega,REMINGTON,Belleza y Cuidado Personal,Planchita de Pelo Remington Silk S9600,https://www.fravega.com/p/planchita-de-pelo-remington-silk-s9600-11945/,99999.0,89999.0,1,True
FRA-depiladora-ipl-philips-lumea-lumea-advan,Fravega,PHILIPS,Belleza y Cuidado Personal,Depiladora IPL Philips Lumea Lumea Advanced BRI920/30 + Recortador,https://www.fravega.com/p/depiladora-ipl-philips-lumea-lumea-advanced-bri920-30-recortador-13149/,699999.0,439999.0,1,True
FRA-secador-de-pelo-con-difusor-winco-w4192-,Fravega,OTRAS,Belleza y Cuidado Personal,Secador de Pelo con Difusor Winco W4192 2000 Watts,https://www.fravega.com/p/secador-de-pelo-con-difusor-winco-w4192-2000-watts-14326/,59999.0,32999.0,1,True
FRA-planchita-de-pelo-remington-gloss-s9350-,Fravega,REMINGTON,Belleza y Cuidado Personal,Planchita de Pelo Remington Gloss S9350 Tecnología Antiestática,https://www.fravega.com/p/planchita-de-pelo-remington-gloss-s9350-tecnologia-antiestatica-14501/,84999.0,59999.0,1,True
FRA-depiladora-philips-bre712-00-13213,Fravega,PHILIPS,Belleza y Cuidado Personal,Depiladora Philips BRE712-00,https://www.fravega.com/p/depiladora-philips-bre712-00-13213/,153999.0,139999.0,1,True
FRA-secador-de-pelo-gama-professional-ultra-,Fravega,GAMA,Belleza y Cuidado Personal,Secador de Pelo Gama Professional Ultra AC 2200W,https://www.fravega.com/p/secador-de-pelo-gama-professional-ultra-ac-2200w-14437/,99999.0,74999.0,1,True
FRA-planchita-de-pelo-ga-ma-elegance-led-bel,Fravega,OTRAS,Belleza y Cuidado Personal,Planchita de Pelo GA.MA Elegance LED Bella Tourmaline,https://www.fravega.com/p/planchita-de-pelo-ga-ma-elegance-led-bella-tourmaline-13086/,119999.0,89999.0,1,True
FRA-depiladora-facial-con-luz-recargable-usb,Fravega,OTRAS,Belleza y Cuidado Personal,Depiladora Facial Con Luz Recargable Usb Vellos Finos Rosa RJ3740,https://www.fravega.com/p/depiladora-facial-con-luz-recargable-usb-vellos-finos-rosa-rj3740-22709035/,12829.69,8980.78,1,True
FRA-secador-de-pelo-gama-iq-lite-ultra-livia,Fravega,GAMA,Belleza y Cuidado Personal,Secador De Pelo Gama IQ Lite Ultra Liviano Profesional Color Negro,https://www.fravega.com/p/secador-de-pelo-gama-iq-lite-ultra-liviano-profesional-color-negro-13730/,283999.0,159999.0,1,True
FRA-planchita-de-pelo-remington-wet2straight,Fravega,REMINGTON,Belleza y Cuidado Personal,Planchita de Pelo Remington Wet2Straight S27A,https://www.fravega.com/p/planchita-de-pelo-remington-wet2straight-s27a-14242/,79999.0,64999.0,1,True
FRA-depiladora-cejas-lapiz-electrico-portati,Fravega,OTRAS,Belleza y Cuidado Personal,Depiladora Cejas Lápiz Eléctrico Portátil Recargable Usb Luz,https://www.fravega.com/p/depiladora-cejas-lapiz-electrico-portatil-recargable-usb-luz-22649103/,35309.0,30619.0,1,True
FRA-secador-remington-d3015-power-volumen-20,Fravega,REMINGTON,Belleza y Cuidado Personal,Secador Remington D3015 Power Volumen 2000,https://www.fravega.com/p/secador-remington-d3015-power-volumen-2000-12426/,62999.0,49999.0,1,True
FRA-planchita-alisado-babyliss-pelo-seco-450,Fravega,OTRAS,Belleza y Cuidado Personal,Planchita Alisado Babyliss Pelo Seco 450f + Funda 9559,https://www.fravega.com/p/planchita-alisado-babyliss-pelo-seco-450f-funda-9559-990288320/,199999.0,169999.0,1,True
FRA-afeitadora-philips-s1881-00-serie-1000-u,Fravega,PHILIPS,Belleza y Cuidado Personal,Afeitadora Philips S1881/00 Serie 1000 uso en Húmedo y Seco,https://www.fravega.com/p/afeitadora-philips-s1881-00-serie-1000-uso-humedo-y-seco-30625/,81999.0,65599.0,1,True
FRA-afeitadora-electrica-inalambrica-philco-,Fravega,PHILCO,Belleza y Cuidado Personal,Afeitadora Eléctrica Inalámbrica Philco AE5105,https://www.fravega.com/p/afeitadora-electrica-inalambrica-philco-ae5105-30464/,54999.0,34999.0,1,True
FRA-afeitadora-philips-s5898-17-30315,Fravega,PHILIPS,Belleza y Cuidado Personal,Afeitadora Philips S5898/17,https://www.fravega.com/p/afeitadora-philips-s5898-17-30315/,194999.0,149999.0,1,True
FRA-afeitadora-philips-serie-5000-x5012-05-3,Fravega,PHILIPS,Belleza y Cuidado Personal,Afeitadora Philips Serie 5000 X5012/05,https://www.fravega.com/p/afeitadora-philips-serie-5000-x5012-05-30374/,139999.0,103999.0,1,True
FRA-repuesto-cuchillas-x2-para-cortabarba-ph,Fravega,PHILIPS,Belleza y Cuidado Personal,Repuesto Cuchillas x2 para Cortabarba Philips OneBlade,https://www.fravega.com/p/repuesto-cuchillas-x2-para-cortabarba-philips-oneblade-30460/,31499.0,29999.0,1,True
FRA-recortadora-de-pelo-para-nariz-y-oreja-p,Fravega,PHILIPS,Belleza y Cuidado Personal,Recortadora de Pelo para Nariz y Oreja Philips NT1620/15,https://www.fravega.com/p/recortadora-de-pelo-para-nariz-y-oreja-philips-nt1620-15-30269/,24999.0,22999.0,1,True
FRA-afeitadora-philips-serie-3000-s3882-00-w,Fravega,PHILIPS,Belleza y Cuidado Personal,Afeitadora Philips Serie 3000 S3882/00 Wet & Dry,https://www.fravega.com/p/afeitadora-philips-serie-3000-s3882-00-wet--dry-30616/,143999.0,89999.0,1,True
FRA-afeitadora-y-recortadora-ultracomb-led-6,Fravega,OTRAS,Belleza y Cuidado Personal,Afeitadora Y Recortadora Ultracomb Led 6 Cabezales Bk4918,https://www.fravega.com/p/afeitadora-y-recortadora-ultracomb-led-6-cabezales-bk4918-990275801/,58309.83,32370.9,1,True
FRA-recortadora-afeitar-cejas-barba-vk-4803-,Fravega,OTRAS,Belleza y Cuidado Personal,Recortadora Afeitar Cejas Barba Vk-4803 Ultracomb  3 en 1,https://www.fravega.com/p/recortadora-afeitar-cejas-barba-vk-4803-ultracomb-3-1-990275803/,19379.83,10820.9,1,True
FRA-afeitadora-corporal-bacan-by-mantra-razo,Fravega,OTRAS,Belleza y Cuidado Personal,Afeitadora Corporal Bacan by Mantra Razor Body Black,https://www.fravega.com/p/afeitadora-corporal-bacan-by-mantra-razor-body-black-20076122/,119990.0,95992.0,1,True
FRA-afeitadora-philco-ae5205pp-lithium-plus-,Fravega,PHILCO,Belleza y Cuidado Personal,Afeitadora Philco Ae5205pp Lithium Plus Wet & Dry 360°,https://www.fravega.com/p/afeitadora-philco-ae5205pp-lithium-plus-wet--dry-360-20291686/,65999.0,59999.0,1,True
FRA-afeitadora-de-cabeza-remington-balder-pr,Fravega,REMINGTON,Belleza y Cuidado Personal,Afeitadora de cabeza Remington Balder PRO XR7001,https://www.fravega.com/p/afeitadora-de-cabeza-remington-balder-pro-xr7001-30353/,149999.0,109999.0,1,True
FRA-maquina-multi-afeitadora-gadnic-rzr-9k-d,Fravega,OTRAS,Belleza y Cuidado Personal,Máquina Multi Afeitadora Gadnic RZR 9K Display Digital,https://www.fravega.com/p/maquina-multi-afeitadora-gadnic-rzr-9k-display-digital-990165202/,64502.99,49618.0,1,True
FRA-afeitadora-philco-turbo-ae5305-30319,Fravega,PHILCO,Belleza y Cuidado Personal,Afeitadora Philco Turbo AE5305,https://www.fravega.com/p/afeitadora-philco-turbo-ae5305-30319/,74999.0,59999.0,1,True
FRA-afeitadora-shaver-wmark-inalambrica-prof,Fravega,OTRAS,Belleza y Cuidado Personal,Afeitadora Shaver Wmark Inalambrica Profesional Led 8000 RPM,https://www.fravega.com/p/afeitadora-shaver-wmark-inalambrica-profesional-led-8000-rpm-990168368/,229839.0,95498.98,1,True
FRA-trimmer-philco-body-shaver-sport-infinit,Fravega,PHILCO,Belleza y Cuidado Personal,Trimmer Philco Body Shaver Sport Infinity Blade CB7045SE,https://www.fravega.com/p/trimmer-philco-body-shaver-sport-infinity-blade-cb7045se-990288782/,52799.0,24999.0,1,True
FRA-razor-body-pro-bacan-by-mantra-afeitador,Fravega,OTRAS,Belleza y Cuidado Personal,Razor Body Pro Bacan By Mantra Afeitadora Zonas Intimas Men,https://www.fravega.com/p/razor-body-pro-bacan-by-mantra-afeitadora-zonas-intimas-men-22301719/,169990.0,135992.0,1,True
FRA-braun-afeitadora-electrica-para-hombres-,Fravega,OTRAS,Belleza y Cuidado Personal,"Braun Afeitadora eléctrica para hombres, Series 5",https://www.fravega.com/p/braun-afeitadora-electrica-para-hombres-series-5-22659560/,478238.0,478238.0,1,True
FRA-afeitadora-y-recortadora-ultracomb-bk491,Fravega,OTRAS,Belleza y Cuidado Personal,Afeitadora Y Recortadora Ultracomb Bk4918 Recargable Led Y 6 Cabezales,https://www.fravega.com/p/afeitadora-y-recortadora-ultracomb-bk4918-recargable-led-y-6-cabezales-22693427/,46999.0,37899.0,1,True
FRA-locion-para-despues-del-afeitado-gillett,Fravega,OTRAS,Belleza y Cuidado Personal,"Loción para después del afeitado Gillette Series Cool Wave, 100 ml, para hombre",https://www.fravega.com/p/locion-para-despues-del-afeitado-gillette-series-cool-wave-100-ml-para-hombre-22769884/,68629.0,57648.36,1,True
FRA-perfume-revlon-charlie-blue-edt-para-muj,Fravega,OTRAS,Belleza y Cuidado Personal,Perfume Revlon Charlie Blue EDT para mujer 100 ml/3.4 fl.oz,https://www.fravega.com/p/perfume-revlon-charlie-blue-edt-para-mujer-100-ml-3-4-fl-oz-22826743/,80123.0,74514.39,1,True
FRA-combo-alisado-luminoliss-250gr-shampoo-l,Fravega,OTRAS,Belleza y Cuidado Personal,Combo Alisado Luminoliss 250gr + Shampoo Luminoclean 300gr,https://www.fravega.com/p/combo-alisado-luminoliss-250gr-shampoo-luminoclean-300gr-22859950/,30890.0,25530.0,1,True
FRA-givenchy-organza-3-3-oz-eau-de-parfum-sp,Fravega,OTRAS,Belleza y Cuidado Personal,Givenchy ORGANZA 3.3 OZ EAU DE PARFUM SPRAY NUEVO,https://www.fravega.com/p/givenchy-organza-3-3-oz-eau-de-parfum-spray-nuevo-22711682/,247212.0,173049.0,1,True
FRA-fidelite-caviar-combo-argan-shampoo-acon,Fravega,OTRAS,Belleza y Cuidado Personal,Fidelite Caviar Combo Argan Shampoo Acond Mascara Crema S/e,https://www.fravega.com/p/fidelite-caviar-combo-argan-shampoo-acond-mascara-crema-s-e-21229660/,81350.0,67230.0,1,True
FRA-perfume-montale-arabians-tonka-eau-de-pa,Fravega,OTRAS,Belleza y Cuidado Personal,Perfume MONTALE Arabians Tonka Eau De Parfum 100 ml para hom,https://www.fravega.com/p/perfume-montale-arabians-tonka-eau-de-parfum-100-ml-para-hom-22826641/,383889.0,341661.21,1,True
FRA-combo-alisado-luminoliss-shampoo-luminoc,Fravega,OTRAS,Belleza y Cuidado Personal,Combo Alisado Luminoliss + Shampoo Luminoclean 1kg,https://www.fravega.com/p/combo-alisado-luminoliss-shampoo-luminoclean-1kg-22859970/,58890.0,48670.0,1,True
FRA-perfume-dolce--gabbana-the-one-eau-de-pa,Fravega,OTRAS,Belleza y Cuidado Personal,"Perfume Dolce & Gabbana The One Eau de Parfum para hombre, 1",https://www.fravega.com/p/perfume-dolce--gabbana-the-one-eau-de-parfum-para-hombre-1-22803145/,185993.0,172973.49,1,True
FRA-ds-laboratories-revita-shampoo-champu-pa,Fravega,OTRAS,Belleza y Cuidado Personal,DS Laboratories Revita Shampoo - Champú para el,https://www.fravega.com/p/ds-laboratories-revita-shampoo-champu-para-el-22662562/,105948.0,105948.0,1,True
FRA-l-eau-d-issey-pour-homme-eau--cedre-edt-,Fravega,OTRAS,Belleza y Cuidado Personal,L'eau d'Issey pour Homme Eau & Cèdre EDT,https://www.fravega.com/p/l-eau-d-issey-pour-homme-eau--cedre-edt-990283321/,268000.0,241200.0,1,True
FRA-champu-kerastase-densifique-bain-densite,Fravega,OTRAS,Belleza y Cuidado Personal,Champú Kerastase Densifique Bain Densite Homme Daily Care,https://www.fravega.com/p/champu-kerastase-densifique-bain-densite-homme-daily-care-22772422/,160794.0,154362.24,1,True
FRA-perfume-liquid-brun-french-avenue-100ml-,Fravega,OTRAS,Belleza y Cuidado Personal,Perfume Liquid Brun French Avenue 100ml Edp Arabe,https://www.fravega.com/p/perfume-liquid-brun-french-avenue-100ml-edp-arabe-22599035/,137999.0,103499.0,1,True
FRA-mascarilla-nutricion-pre-shampoo-hair-pr,Fravega,OTRAS,Belleza y Cuidado Personal,Mascarilla Nutrición Pre-Shampoo Hair Prodigieux 125ml,https://www.fravega.com/p/mascarilla-nutricion-pre-shampoo-hair-prodigieux-125ml-990244775/,50500.0,42925.0,1,True
FRA-perfume-armaf-club-de-nuit-precieux-1-ex,Fravega,OTRAS,Belleza y Cuidado Personal,"Perfume Armaf Club De Nuit Precieux, 1 extracto de perfume,",https://www.fravega.com/p/perfume-armaf-club-de-nuit-precieux-1-extracto-de-perfume--22802957/,178599.0,166097.07,1,True
FRA-removedor-de-tinte-para-cabello-color-oo,Fravega,OTRAS,Belleza y Cuidado Personal,Removedor de Tinte para Cabello Color Oops con Acondicionador Extra,https://www.fravega.com/p/removedor-de-tinte-para-cabello-color-oops-con-acondicionador-extra-22721279/,89147.0,75774.95,1,True
FRA-perfume-lattafa-asad-bourbon-eau-de-parf,Fravega,OTRAS,Belleza y Cuidado Personal,"Perfume Lattafa Asad Bourbon Eau de Parfum para unisex, 100",https://www.fravega.com/p/perfume-lattafa-asad-bourbon-eau-de-parfum-para-unisex-100-22803005/,122517.0,109040.13,1,True
FRA-dercos-densi-solutions-shampoo-densifica,Fravega,OTRAS,Belleza y Cuidado Personal,Dercos Densi Solutions Shampoo Densificador X 250 Ml,https://www.fravega.com/p/dercos-densi-solutions-shampoo-densificador-x-250-ml-21402462/,50713.0,41911.57,1,True
FRA-caro-cuore-edt-990283318,Fravega,OTRAS,Belleza y Cuidado Personal,Caro Cuore EDT,https://www.fravega.com/p/caro-cuore-edt-990283318/,37800.0,31239.67,1,True
FRA-cera-pomada-opaca-mate-sir-fausto-x-100-,Fravega,OTRAS,Belleza y Cuidado Personal,Cera Pomada Opaca Mate Sir Fausto X 100 Ml Barber,https://www.fravega.com/p/cera-pomada-opaca-mate-sir-fausto-x-100-ml-barber-22636061/,19840.0,16400.0,1,True
FRA-perfume-prada-l-homme-l-eau-de-toilette-,Fravega,OTRAS,Belleza y Cuidado Personal,"Perfume Prada L'homme l'Eau de Toilette para hombre, 100 ml",https://www.fravega.com/p/perfume-prada-l-homme-l-eau-de-toilette-para-hombre-100-ml-22867407/,275871.0,270353.58,1,True
FRA-shampoo-pantene-restauracion-pro-v-solut,Fravega,OTRAS,Belleza y Cuidado Personal,Shampoo Pantene Restauración Pro-v Solutions 400 Ml 80701897,https://www.fravega.com/p/shampoo-pantene-restauracion-pro-v-solutions-400-ml-80701897-990243292/,7541.0,4455.99,1,True
FRA-secador-de-pelo-ga-ma-mistral-ceramic-io,Fravega,OTRAS,Belleza y Cuidado Personal,Secador de Pelo GA.MA Mistral Ceramic Ion,https://www.fravega.com/p/secador-de-pelo-ga-ma-mistral-ceramic-ion-13349/,74999.0,51999.0,1,True
FRA-planchita-de-pelo-ga-ma-elegance-bella-t,Fravega,OTRAS,Belleza y Cuidado Personal,Planchita de Pelo GA.MA Elegance Bella Tourmaline ION 230°C,https://www.fravega.com/p/planchita-de-pelo-ga-ma-elegance-bella-tourmaline-ion-230-c-13040/,69999.0,54999.0,1,True
FRA-depiladora-ipl-philips-lumea-prestige-br,Fravega,PHILIPS,Belleza y Cuidado Personal,Depiladora IPL Philips Lumea Prestige BRI947/30,https://www.fravega.com/p/depiladora-ipl-philips-lumea-prestige-bri947-30-13275/,959999.0,659999.0,1,True
FRA-secador-de-pelo-profesional-remington-si,Fravega,REMINGTON,Belleza y Cuidado Personal,Secador de Pelo Profesional Remington Silk AC9096 2400W,https://www.fravega.com/p/secador-de-pelo-profesional-remington-silk-ac9096-2400w-11933/,104999.0,84799.0,1,True
FRA-planchita-de-pelo-admiral-ad-pl001-ceram,Fravega,OTRAS,Belleza y Cuidado Personal,Planchita de Pelo Admiral AD-PL001 Ceramic 230,https://www.fravega.com/p/planchita-de-pelo-admiral-ad-pl001-ceramic-230-14214/,39999.0,19999.0,1,True
FRA-depiladora-facial-con-luz-recargable-usb,Fravega,OTRAS,Belleza y Cuidado Personal,Depiladora Facial Con Luz Recargable Usb Vellos Finos RJ3740 Blanco,https://www.fravega.com/p/depiladora-facial-con-luz-recargable-usb-vellos-finos-rj3740-blanco-22709024/,12829.69,8980.78,1,True
FRA-difusor-de-aire-para-rulos-bellissima-di,Fravega,OTRAS,Belleza y Cuidado Personal,Difusor de Aire para Rulos Bellissima Diffon Ion Ceramic,https://www.fravega.com/p/difusor-de-aire-para-rulos-bellissima-diffon-ion-ceramic-14584/,109999.0,84999.0,1,True
FRA-planchita-de-pelo-remington-silk-s9600-1,Fravega,REMINGTON,Belleza y Cuidado Personal,Planchita de Pelo Remington Silk S9600,https://www.fravega.com/p/planchita-de-pelo-remington-silk-s9600-11945/,99999.0,89999.0,1,True
FRA-depiladora-ipl-philips-lumea-lumea-advan,Fravega,PHILIPS,Belleza y Cuidado Personal,Depiladora IPL Philips Lumea Lumea Advanced BRI920/30 + Recortador,https://www.fravega.com/p/depiladora-ipl-philips-lumea-lumea-advanced-bri920-30-recortador-13149/,699999.0,439999.0,1,True
FRA-secador-de-pelo-con-difusor-winco-w4192-,Fravega,OTRAS,Belleza y Cuidado Personal,Secador de Pelo con Difusor Winco W4192 2000 Watts,https://www.fravega.com/p/secador-de-pelo-con-difusor-winco-w4192-2000-watts-14326/,59999.0,32999.0,1,True
FRA-planchita-de-pelo-remington-gloss-s9350-,Fravega,REMINGTON,Belleza y Cuidado Personal,Planchita de Pelo Remington Gloss S9350 Tecnología Antiestática,https://www.fravega.com/p/planchita-de-pelo-remington-gloss-s9350-tecnologia-antiestatica-14501/,84999.0,59999.0,1,True
FRA-depiladora-philips-bre712-00-13213,Fravega,PHILIPS,Belleza y Cuidado Personal,Depiladora Philips BRE712-00,https://www.fravega.com/p/depiladora-philips-bre712-00-13213/,153999.0,139999.0,1,True
FRA-secador-de-pelo-gama-professional-ultra-,Fravega,GAMA,Belleza y Cuidado Personal,Secador de Pelo Gama Professional Ultra AC 2200W,https://www.fravega.com/p/secador-de-pelo-gama-professional-ultra-ac-2200w-14437/,99999.0,74999.0,1,True
FRA-planchita-de-pelo-ga-ma-elegance-led-bel,Fravega,OTRAS,Belleza y Cuidado Personal,Planchita de Pelo GA.MA Elegance LED Bella Tourmaline,https://www.fravega.com/p/planchita-de-pelo-ga-ma-elegance-led-bella-tourmaline-13086/,119999.0,89999.0,1,True
FRA-depiladora-facial-con-luz-recargable-usb,Fravega,OTRAS,Belleza y Cuidado Personal,Depiladora Facial Con Luz Recargable Usb Vellos Finos Rosa RJ3740,https://www.fravega.com/p/depiladora-facial-con-luz-recargable-usb-vellos-finos-rosa-rj3740-22709035/,12829.69,8980.78,1,True
FRA-secador-de-pelo-gama-iq-lite-ultra-livia,Fravega,GAMA,Belleza y Cuidado Personal,Secador De Pelo Gama IQ Lite Ultra Liviano Profesional Color Negro,https://www.fravega.com/p/secador-de-pelo-gama-iq-lite-ultra-liviano-profesional-color-negro-13730/,283999.0,159999.0,1,True
FRA-planchita-de-pelo-remington-wet2straight,Fravega,REMINGTON,Belleza y Cuidado Personal,Planchita de Pelo Remington Wet2Straight S27A,https://www.fravega.com/p/planchita-de-pelo-remington-wet2straight-s27a-14242/,79999.0,64999.0,1,True
FRA-depiladora-cejas-lapiz-electrico-portati,Fravega,OTRAS,Belleza y Cuidado Personal,Depiladora Cejas Lápiz Eléctrico Portátil Recargable Usb Luz,https://www.fravega.com/p/depiladora-cejas-lapiz-electrico-portatil-recargable-usb-luz-22649103/,35309.0,30619.0,1,True
FRA-secador-remington-d3015-power-volumen-20,Fravega,REMINGTON,Belleza y Cuidado Personal,Secador Remington D3015 Power Volumen 2000,https://www.fravega.com/p/secador-remington-d3015-power-volumen-2000-12426/,62999.0,49999.0,1,True
FRA-planchita-alisado-babyliss-pelo-seco-450,Fravega,OTRAS,Belleza y Cuidado Personal,Planchita Alisado Babyliss Pelo Seco 450f + Funda 9559,https://www.fravega.com/p/planchita-alisado-babyliss-pelo-seco-450f-funda-9559-990288320/,199999.0,169999.0,1,True
FRA-afeitadora-philips-s1881-00-serie-1000-u,Fravega,PHILIPS,Belleza y Cuidado Personal,Afeitadora Philips S1881/00 Serie 1000 uso en Húmedo y Seco,https://www.fravega.com/p/afeitadora-philips-s1881-00-serie-1000-uso-humedo-y-seco-30625/,81999.0,65599.0,1,True
FRA-afeitadora-electrica-inalambrica-philco-,Fravega,PHILCO,Belleza y Cuidado Personal,Afeitadora Eléctrica Inalámbrica Philco AE5105,https://www.fravega.com/p/afeitadora-electrica-inalambrica-philco-ae5105-30464/,54999.0,34999.0,1,True
FRA-afeitadora-philips-s5898-17-30315,Fravega,PHILIPS,Belleza y Cuidado Personal,Afeitadora Philips S5898/17,https://www.fravega.com/p/afeitadora-philips-s5898-17-30315/,194999.0,149999.0,1,True
FRA-afeitadora-philips-serie-5000-x5012-05-3,Fravega,PHILIPS,Belleza y Cuidado Personal,Afeitadora Philips Serie 5000 X5012/05,https://www.fravega.com/p/afeitadora-philips-serie-5000-x5012-05-30374/,139999.0,103999.0,1,True
FRA-repuesto-cuchillas-x2-para-cortabarba-ph,Fravega,PHILIPS,Belleza y Cuidado Personal,Repuesto Cuchillas x2 para Cortabarba Philips OneBlade,https://www.fravega.com/p/repuesto-cuchillas-x2-para-cortabarba-philips-oneblade-30460/,31499.0,29999.0,1,True
FRA-recortadora-de-pelo-para-nariz-y-oreja-p,Fravega,PHILIPS,Belleza y Cuidado Personal,Recortadora de Pelo para Nariz y Oreja Philips NT1620/15,https://www.fravega.com/p/recortadora-de-pelo-para-nariz-y-oreja-philips-nt1620-15-30269/,24999.0,22999.0,1,True
FRA-afeitadora-philips-serie-3000-s3882-00-w,Fravega,PHILIPS,Belleza y Cuidado Personal,Afeitadora Philips Serie 3000 S3882/00 Wet & Dry,https://www.fravega.com/p/afeitadora-philips-serie-3000-s3882-00-wet--dry-30616/,143999.0,89999.0,1,True
FRA-afeitadora-y-recortadora-ultracomb-led-6,Fravega,OTRAS,Belleza y Cuidado Personal,Afeitadora Y Recortadora Ultracomb Led 6 Cabezales Bk4918,https://www.fravega.com/p/afeitadora-y-recortadora-ultracomb-led-6-cabezales-bk4918-990275801/,58309.83,32370.9,1,True
FRA-recortadora-afeitar-cejas-barba-vk-4803-,Fravega,OTRAS,Belleza y Cuidado Personal,Recortadora Afeitar Cejas Barba Vk-4803 Ultracomb  3 en 1,https://www.fravega.com/p/recortadora-afeitar-cejas-barba-vk-4803-ultracomb-3-1-990275803/,19379.83,10820.9,1,True
FRA-afeitadora-corporal-bacan-by-mantra-razo,Fravega,OTRAS,Belleza y Cuidado Personal,Afeitadora Corporal Bacan by Mantra Razor Body Black,https://www.fravega.com/p/afeitadora-corporal-bacan-by-mantra-razor-body-black-20076122/,119990.0,95992.0,1,True
FRA-afeitadora-philco-ae5205pp-lithium-plus-,Fravega,PHILCO,Belleza y Cuidado Personal,Afeitadora Philco Ae5205pp Lithium Plus Wet & Dry 360°,https://www.fravega.com/p/afeitadora-philco-ae5205pp-lithium-plus-wet--dry-360-20291686/,65999.0,59999.0,1,True
FRA-afeitadora-de-cabeza-remington-balder-pr,Fravega,REMINGTON,Belleza y Cuidado Personal,Afeitadora de cabeza Remington Balder PRO XR7001,https://www.fravega.com/p/afeitadora-de-cabeza-remington-balder-pro-xr7001-30353/,149999.0,109999.0,1,True
FRA-maquina-multi-afeitadora-gadnic-rzr-9k-d,Fravega,OTRAS,Belleza y Cuidado Personal,Máquina Multi Afeitadora Gadnic RZR 9K Display Digital,https://www.fravega.com/p/maquina-multi-afeitadora-gadnic-rzr-9k-display-digital-990165202/,64502.99,49618.0,1,True
FRA-afeitadora-philco-turbo-ae5305-30319,Fravega,PHILCO,Belleza y Cuidado Personal,Afeitadora Philco Turbo AE5305,https://www.fravega.com/p/afeitadora-philco-turbo-ae5305-30319/,74999.0,59999.0,1,True
FRA-afeitadora-shaver-wmark-inalambrica-prof,Fravega,OTRAS,Belleza y Cuidado Personal,Afeitadora Shaver Wmark Inalambrica Profesional Led 8000 RPM,https://www.fravega.com/p/afeitadora-shaver-wmark-inalambrica-profesional-led-8000-rpm-990168368/,229839.0,95498.98,1,True
FRA-trimmer-philco-body-shaver-sport-infinit,Fravega,PHILCO,Belleza y Cuidado Personal,Trimmer Philco Body Shaver Sport Infinity Blade CB7045SE,https://www.fravega.com/p/trimmer-philco-body-shaver-sport-infinity-blade-cb7045se-990288782/,52799.0,24999.0,1,True
FRA-razor-body-pro-bacan-by-mantra-afeitador,Fravega,OTRAS,Belleza y Cuidado Personal,Razor Body Pro Bacan By Mantra Afeitadora Zonas Intimas Men,https://www.fravega.com/p/razor-body-pro-bacan-by-mantra-afeitadora-zonas-intimas-men-22301719/,169990.0,135992.0,1,True
FRA-braun-afeitadora-electrica-para-hombres-,Fravega,OTRAS,Belleza y Cuidado Personal,"Braun Afeitadora eléctrica para hombres, Series 5",https://www.fravega.com/p/braun-afeitadora-electrica-para-hombres-series-5-22659560/,478238.0,478238.0,1,True
FRA-afeitadora-y-recortadora-ultracomb-bk491,Fravega,OTRAS,Belleza y Cuidado Personal,Afeitadora Y Recortadora Ultracomb Bk4918 Recargable Led Y 6 Cabezales,https://www.fravega.com/p/afeitadora-y-recortadora-ultracomb-bk4918-recargable-led-y-6-cabezales-22693427/,46999.0,37899.0,1,True
FRA-locion-para-despues-del-afeitado-gillett,Fravega,OTRAS,Belleza y Cuidado Personal,"Loción para después del afeitado Gillette Series Cool Wave, 100 ml, para hombre",https://www.fravega.com/p/locion-para-despues-del-afeitado-gillette-series-cool-wave-100-ml-para-hombre-22769884/,68629.0,57648.36,1,True
FRA-perfume-revlon-charlie-blue-edt-para-muj,Fravega,OTRAS,Belleza y Cuidado Personal,Perfume Revlon Charlie Blue EDT para mujer 100 ml/3.4 fl.oz,https://www.fravega.com/p/perfume-revlon-charlie-blue-edt-para-mujer-100-ml-3-4-fl-oz-22826743/,80123.0,74514.39,1,True
FRA-combo-alisado-luminoliss-250gr-shampoo-l,Fravega,OTRAS,Belleza y Cuidado Personal,Combo Alisado Luminoliss 250gr + Shampoo Luminoclean 300gr,https://www.fravega.com/p/combo-alisado-luminoliss-250gr-shampoo-luminoclean-300gr-22859950/,30890.0,25530.0,1,True
FRA-givenchy-organza-3-3-oz-eau-de-parfum-sp,Fravega,OTRAS,Belleza y Cuidado Personal,Givenchy ORGANZA 3.3 OZ EAU DE PARFUM SPRAY NUEVO,https://www.fravega.com/p/givenchy-organza-3-3-oz-eau-de-parfum-spray-nuevo-22711682/,247212.0,173049.0,1,True
FRA-fidelite-caviar-combo-argan-shampoo-acon,Fravega,OTRAS,Belleza y Cuidado Personal,Fidelite Caviar Combo Argan Shampoo Acond Mascara Crema S/e,https://www.fravega.com/p/fidelite-caviar-combo-argan-shampoo-acond-mascara-crema-s-e-21229660/,81350.0,67230.0,1,True
FRA-perfume-montale-arabians-tonka-eau-de-pa,Fravega,OTRAS,Belleza y Cuidado Personal,Perfume MONTALE Arabians Tonka Eau De Parfum 100 ml para hom,https://www.fravega.com/p/perfume-montale-arabians-tonka-eau-de-parfum-100-ml-para-hom-22826641/,383889.0,341661.21,1,True
FRA-combo-alisado-luminoliss-shampoo-luminoc,Fravega,OTRAS,Belleza y Cuidado Personal,Combo Alisado Luminoliss + Shampoo Luminoclean 1kg,https://www.fravega.com/p/combo-alisado-luminoliss-shampoo-luminoclean-1kg-22859970/,58890.0,48670.0,1,True
FRA-perfume-dolce--gabbana-the-one-eau-de-pa,Fravega,OTRAS,Belleza y Cuidado Personal,"Perfume Dolce & Gabbana The One Eau de Parfum para hombre, 1",https://www.fravega.com/p/perfume-dolce--gabbana-the-one-eau-de-parfum-para-hombre-1-22803145/,185993.0,172973.49,1,True
FRA-ds-laboratories-revita-shampoo-champu-pa,Fravega,OTRAS,Belleza y Cuidado Personal,DS Laboratories Revita Shampoo - Champú para el,https://www.fravega.com/p/ds-laboratories-revita-shampoo-champu-para-el-22662562/,105948.0,105948.0,1,True
FRA-l-eau-d-issey-pour-homme-eau--cedre-edt-,Fravega,OTRAS,Belleza y Cuidado Personal,L'eau d'Issey pour Homme Eau & Cèdre EDT,https://www.fravega.com/p/l-eau-d-issey-pour-homme-eau--cedre-edt-990283321/,268000.0,241200.0,1,True
FRA-champu-kerastase-densifique-bain-densite,Fravega,OTRAS,Belleza y Cuidado Personal,Champú Kerastase Densifique Bain Densite Homme Daily Care,https://www.fravega.com/p/champu-kerastase-densifique-bain-densite-homme-daily-care-22772422/,160794.0,154362.24,1,True
FRA-perfume-liquid-brun-french-avenue-100ml-,Fravega,OTRAS,Belleza y Cuidado Personal,Perfume Liquid Brun French Avenue 100ml Edp Arabe,https://www.fravega.com/p/perfume-liquid-brun-french-avenue-100ml-edp-arabe-22599035/,137999.0,103499.0,1,True
FRA-mascarilla-nutricion-pre-shampoo-hair-pr,Fravega,OTRAS,Belleza y Cuidado Personal,Mascarilla Nutrición Pre-Shampoo Hair Prodigieux 125ml,https://www.fravega.com/p/mascarilla-nutricion-pre-shampoo-hair-prodigieux-125ml-990244775/,50500.0,42925.0,1,True
FRA-perfume-armaf-club-de-nuit-precieux-1-ex,Fravega,OTRAS,Belleza y Cuidado Personal,"Perfume Armaf Club De Nuit Precieux, 1 extracto de perfume,",https://www.fravega.com/p/perfume-armaf-club-de-nuit-precieux-1-extracto-de-perfume--22802957/,178599.0,166097.07,1,True
FRA-removedor-de-tinte-para-cabello-color-oo,Fravega,OTRAS,Belleza y Cuidado Personal,Removedor de Tinte para Cabello Color Oops con Acondicionador Extra,https://www.fravega.com/p/removedor-de-tinte-para-cabello-color-oops-con-acondicionador-extra-22721279/,89147.0,75774.95,1,True
FRA-perfume-lattafa-asad-bourbon-eau-de-parf,Fravega,OTRAS,Belleza y Cuidado Personal,"Perfume Lattafa Asad Bourbon Eau de Parfum para unisex, 100",https://www.fravega.com/p/perfume-lattafa-asad-bourbon-eau-de-parfum-para-unisex-100-22803005/,122517.0,109040.13,1,True
FRA-dercos-densi-solutions-shampoo-densifica,Fravega,OTRAS,Belleza y Cuidado Personal,Dercos Densi Solutions Shampoo Densificador X 250 Ml,https://www.fravega.com/p/dercos-densi-solutions-shampoo-densificador-x-250-ml-21402462/,50713.0,41911.57,1,True
FRA-caro-cuore-edt-990283318,Fravega,OTRAS,Belleza y Cuidado Personal,Caro Cuore EDT,https://www.fravega.com/p/caro-cuore-edt-990283318/,37800.0,31239.67,1,True
FRA-cera-pomada-opaca-mate-sir-fausto-x-100-,Fravega,OTRAS,Belleza y Cuidado Personal,Cera Pomada Opaca Mate Sir Fausto X 100 Ml Barber,https://www.fravega.com/p/cera-pomada-opaca-mate-sir-fausto-x-100-ml-barber-22636061/,19840.0,16400.0,1,True
FRA-perfume-prada-l-homme-l-eau-de-toilette-,Fravega,OTRAS,Belleza y Cuidado Personal,"Perfume Prada L'homme l'Eau de Toilette para hombre, 100 ml",https://www.fravega.com/p/perfume-prada-l-homme-l-eau-de-toilette-para-hombre-100-ml-22867407/,275871.0,270353.58,1,True
FRA-shampoo-pantene-restauracion-pro-v-solut,Fravega,OTRAS,Belleza y Cuidado Personal,Shampoo Pantene Restauración Pro-v Solutions 400 Ml 80701897,https://www.fravega.com/p/shampoo-pantene-restauracion-pro-v-solutions-400-ml-80701897-990243292/,7541.0,4455.99,1,True
FRA-secador-de-pelo-ga-ma-mistral-ceramic-io,Fravega,OTRAS,Belleza y Cuidado Personal,Secador de Pelo GA.MA Mistral Ceramic Ion,https://www.fravega.com/p/secador-de-pelo-ga-ma-mistral-ceramic-ion-13349/,74999.0,51999.0,1,True
FRA-planchita-de-pelo-ga-ma-elegance-bella-t,Fravega,OTRAS,Belleza y Cuidado Personal,Planchita de Pelo GA.MA Elegance Bella Tourmaline ION 230°C,https://www.fravega.com/p/planchita-de-pelo-ga-ma-elegance-bella-tourmaline-ion-230-c-13040/,69999.0,54999.0,1,True
FRA-depiladora-ipl-philips-lumea-prestige-br,Fravega,PHILIPS,Belleza y Cuidado Personal,Depiladora IPL Philips Lumea Prestige BRI947/30,https://www.fravega.com/p/depiladora-ipl-philips-lumea-prestige-bri947-30-13275/,959999.0,659999.0,1,True
FRA-secador-de-pelo-profesional-remington-si,Fravega,REMINGTON,Belleza y Cuidado Personal,Secador de Pelo Profesional Remington Silk AC9096 2400W,https://www.fravega.com/p/secador-de-pelo-profesional-remington-silk-ac9096-2400w-11933/,104999.0,84799.0,1,True
FRA-planchita-de-pelo-admiral-ad-pl001-ceram,Fravega,OTRAS,Belleza y Cuidado Personal,Planchita de Pelo Admiral AD-PL001 Ceramic 230,https://www.fravega.com/p/planchita-de-pelo-admiral-ad-pl001-ceramic-230-14214/,39999.0,19999.0,1,True
FRA-depiladora-facial-con-luz-recargable-usb,Fravega,OTRAS,Belleza y Cuidado Personal,Depiladora Facial Con Luz Recargable Usb Vellos Finos RJ3740 Blanco,https://www.fravega.com/p/depiladora-facial-con-luz-recargable-usb-vellos-finos-rj3740-blanco-22709024/,12829.69,8980.78,1,True
FRA-difusor-de-aire-para-rulos-bellissima-di,Fravega,OTRAS,Belleza y Cuidado Personal,Difusor de Aire para Rulos Bellissima Diffon Ion Ceramic,https://www.fravega.com/p/difusor-de-aire-para-rulos-bellissima-diffon-ion-ceramic-14584/,109999.0,84999.0,1,True
FRA-planchita-de-pelo-remington-silk-s9600-1,Fravega,REMINGTON,Belleza y Cuidado Personal,Planchita de Pelo Remington Silk S9600,https://www.fravega.com/p/planchita-de-pelo-remington-silk-s9600-11945/,99999.0,89999.0,1,True
FRA-depiladora-ipl-philips-lumea-lumea-advan,Fravega,PHILIPS,Belleza y Cuidado Personal,Depiladora IPL Philips Lumea Lumea Advanced BRI920/30 + Recortador,https://www.fravega.com/p/depiladora-ipl-philips-lumea-lumea-advanced-bri920-30-recortador-13149/,699999.0,439999.0,1,True
FRA-secador-de-pelo-con-difusor-winco-w4192-,Fravega,OTRAS,Belleza y Cuidado Personal,Secador de Pelo con Difusor Winco W4192 2000 Watts,https://www.fravega.com/p/secador-de-pelo-con-difusor-winco-w4192-2000-watts-14326/,59999.0,32999.0,1,True
FRA-planchita-de-pelo-remington-gloss-s9350-,Fravega,REMINGTON,Belleza y Cuidado Personal,Planchita de Pelo Remington Gloss S9350 Tecnología Antiestática,https://www.fravega.com/p/planchita-de-pelo-remington-gloss-s9350-tecnologia-antiestatica-14501/,84999.0,59999.0,1,True
FRA-depiladora-philips-bre712-00-13213,Fravega,PHILIPS,Belleza y Cuidado Personal,Depiladora Philips BRE712-00,https://www.fravega.com/p/depiladora-philips-bre712-00-13213/,153999.0,139999.0,1,True
FRA-secador-de-pelo-gama-professional-ultra-,Fravega,GAMA,Belleza y Cuidado Personal,Secador de Pelo Gama Professional Ultra AC 2200W,https://www.fravega.com/p/secador-de-pelo-gama-professional-ultra-ac-2200w-14437/,99999.0,74999.0,1,True
FRA-planchita-de-pelo-ga-ma-elegance-led-bel,Fravega,OTRAS,Belleza y Cuidado Personal,Planchita de Pelo GA.MA Elegance LED Bella Tourmaline,https://www.fravega.com/p/planchita-de-pelo-ga-ma-elegance-led-bella-tourmaline-13086/,119999.0,89999.0,1,True
FRA-depiladora-facial-con-luz-recargable-usb,Fravega,OTRAS,Belleza y Cuidado Personal,Depiladora Facial Con Luz Recargable Usb Vellos Finos Rosa RJ3740,https://www.fravega.com/p/depiladora-facial-con-luz-recargable-usb-vellos-finos-rosa-rj3740-22709035/,12829.69,8980.78,1,True
FRA-secador-de-pelo-gama-iq-lite-ultra-livia,Fravega,GAMA,Belleza y Cuidado Personal,Secador De Pelo Gama IQ Lite Ultra Liviano Profesional Color Negro,https://www.fravega.com/p/secador-de-pelo-gama-iq-lite-ultra-liviano-profesional-color-negro-13730/,283999.0,159999.0,1,True
FRA-planchita-de-pelo-remington-wet2straight,Fravega,REMINGTON,Belleza y Cuidado Personal,Planchita de Pelo Remington Wet2Straight S27A,https://www.fravega.com/p/planchita-de-pelo-remington-wet2straight-s27a-14242/,79999.0,64999.0,1,True
FRA-depiladora-cejas-lapiz-electrico-portati,Fravega,OTRAS,Belleza y Cuidado Personal,Depiladora Cejas Lápiz Eléctrico Portátil Recargable Usb Luz,https://www.fravega.com/p/depiladora-cejas-lapiz-electrico-portatil-recargable-usb-luz-22649103/,35309.0,30619.0,1,True
FRA-secador-remington-d3015-power-volumen-20,Fravega,REMINGTON,Belleza y Cuidado Personal,Secador Remington D3015 Power Volumen 2000,https://www.fravega.com/p/secador-remington-d3015-power-volumen-2000-12426/,62999.0,49999.0,1,True
FRA-planchita-alisado-babyliss-pelo-seco-450,Fravega,OTRAS,Belleza y Cuidado Personal,Planchita Alisado Babyliss Pelo Seco 450f + Funda 9559,https://www.fravega.com/p/planchita-alisado-babyliss-pelo-seco-450f-funda-9559-990288320/,199999.0,169999.0,1,True
FRA-afeitadora-philips-s1881-00-serie-1000-u,Fravega,PHILIPS,Belleza y Cuidado Personal,Afeitadora Philips S1881/00 Serie 1000 uso en Húmedo y Seco,https://www.fravega.com/p/afeitadora-philips-s1881-00-serie-1000-uso-humedo-y-seco-30625/,81999.0,65599.0,1,True
FRA-afeitadora-electrica-inalambrica-philco-,Fravega,PHILCO,Belleza y Cuidado Personal,Afeitadora Eléctrica Inalámbrica Philco AE5105,https://www.fravega.com/p/afeitadora-electrica-inalambrica-philco-ae5105-30464/,54999.0,34999.0,1,True
FRA-afeitadora-philips-s5898-17-30315,Fravega,PHILIPS,Belleza y Cuidado Personal,Afeitadora Philips S5898/17,https://www.fravega.com/p/afeitadora-philips-s5898-17-30315/,194999.0,149999.0,1,True
FRA-afeitadora-philips-serie-5000-x5012-05-3,Fravega,PHILIPS,Belleza y Cuidado Personal,Afeitadora Philips Serie 5000 X5012/05,https://www.fravega.com/p/afeitadora-philips-serie-5000-x5012-05-30374/,139999.0,103999.0,1,True
FRA-repuesto-cuchillas-x2-para-cortabarba-ph,Fravega,PHILIPS,Belleza y Cuidado Personal,Repuesto Cuchillas x2 para Cortabarba Philips OneBlade,https://www.fravega.com/p/repuesto-cuchillas-x2-para-cortabarba-philips-oneblade-30460/,31499.0,29999.0,1,True
FRA-recortadora-de-pelo-para-nariz-y-oreja-p,Fravega,PHILIPS,Belleza y Cuidado Personal,Recortadora de Pelo para Nariz y Oreja Philips NT1620/15,https://www.fravega.com/p/recortadora-de-pelo-para-nariz-y-oreja-philips-nt1620-15-30269/,24999.0,22999.0,1,True
FRA-afeitadora-philips-serie-3000-s3882-00-w,Fravega,PHILIPS,Belleza y Cuidado Personal,Afeitadora Philips Serie 3000 S3882/00 Wet & Dry,https://www.fravega.com/p/afeitadora-philips-serie-3000-s3882-00-wet--dry-30616/,143999.0,89999.0,1,True
FRA-afeitadora-y-recortadora-ultracomb-led-6,Fravega,OTRAS,Belleza y Cuidado Personal,Afeitadora Y Recortadora Ultracomb Led 6 Cabezales Bk4918,https://www.fravega.com/p/afeitadora-y-recortadora-ultracomb-led-6-cabezales-bk4918-990275801/,58309.83,32370.9,1,True
FRA-recortadora-afeitar-cejas-barba-vk-4803-,Fravega,OTRAS,Belleza y Cuidado Personal,Recortadora Afeitar Cejas Barba Vk-4803 Ultracomb  3 en 1,https://www.fravega.com/p/recortadora-afeitar-cejas-barba-vk-4803-ultracomb-3-1-990275803/,19379.83,10820.9,1,True
FRA-afeitadora-corporal-bacan-by-mantra-razo,Fravega,OTRAS,Belleza y Cuidado Personal,Afeitadora Corporal Bacan by Mantra Razor Body Black,https://www.fravega.com/p/afeitadora-corporal-bacan-by-mantra-razor-body-black-20076122/,119990.0,95992.0,1,True
FRA-afeitadora-philco-ae5205pp-lithium-plus-,Fravega,PHILCO,Belleza y Cuidado Personal,Afeitadora Philco Ae5205pp Lithium Plus Wet & Dry 360°,https://www.fravega.com/p/afeitadora-philco-ae5205pp-lithium-plus-wet--dry-360-20291686/,65999.0,59999.0,1,True
FRA-afeitadora-de-cabeza-remington-balder-pr,Fravega,REMINGTON,Belleza y Cuidado Personal,Afeitadora de cabeza Remington Balder PRO XR7001,https://www.fravega.com/p/afeitadora-de-cabeza-remington-balder-pro-xr7001-30353/,149999.0,109999.0,1,True
FRA-maquina-multi-afeitadora-gadnic-rzr-9k-d,Fravega,OTRAS,Belleza y Cuidado Personal,Máquina Multi Afeitadora Gadnic RZR 9K Display Digital,https://www.fravega.com/p/maquina-multi-afeitadora-gadnic-rzr-9k-display-digital-990165202/,64502.99,49618.0,1,True
FRA-afeitadora-philco-turbo-ae5305-30319,Fravega,PHILCO,Belleza y Cuidado Personal,Afeitadora Philco Turbo AE5305,https://www.fravega.com/p/afeitadora-philco-turbo-ae5305-30319/,74999.0,59999.0,1,True
FRA-afeitadora-shaver-wmark-inalambrica-prof,Fravega,OTRAS,Belleza y Cuidado Personal,Afeitadora Shaver Wmark Inalambrica Profesional Led 8000 RPM,https://www.fravega.com/p/afeitadora-shaver-wmark-inalambrica-profesional-led-8000-rpm-990168368/,229839.0,95498.98,1,True
FRA-trimmer-philco-body-shaver-sport-infinit,Fravega,PHILCO,Belleza y Cuidado Personal,Trimmer Philco Body Shaver Sport Infinity Blade CB7045SE,https://www.fravega.com/p/trimmer-philco-body-shaver-sport-infinity-blade-cb7045se-990288782/,52799.0,24999.0,1,True
FRA-razor-body-pro-bacan-by-mantra-afeitador,Fravega,OTRAS,Belleza y Cuidado Personal,Razor Body Pro Bacan By Mantra Afeitadora Zonas Intimas Men,https://www.fravega.com/p/razor-body-pro-bacan-by-mantra-afeitadora-zonas-intimas-men-22301719/,169990.0,135992.0,1,True
FRA-braun-afeitadora-electrica-para-hombres-,Fravega,OTRAS,Belleza y Cuidado Personal,"Braun Afeitadora eléctrica para hombres, Series 5",https://www.fravega.com/p/braun-afeitadora-electrica-para-hombres-series-5-22659560/,478238.0,478238.0,1,True
FRA-afeitadora-y-recortadora-ultracomb-bk491,Fravega,OTRAS,Belleza y Cuidado Personal,Afeitadora Y Recortadora Ultracomb Bk4918 Recargable Led Y 6 Cabezales,https://www.fravega.com/p/afeitadora-y-recortadora-ultracomb-bk4918-recargable-led-y-6-cabezales-22693427/,46999.0,37899.0,1,True
FRA-locion-para-despues-del-afeitado-gillett,Fravega,OTRAS,Belleza y Cuidado Personal,"Loción para después del afeitado Gillette Series Cool Wave, 100 ml, para hombre",https://www.fravega.com/p/locion-para-despues-del-afeitado-gillette-series-cool-wave-100-ml-para-hombre-22769884/,68629.0,57648.36,1,True
FRA-perfume-revlon-charlie-blue-edt-para-muj,Fravega,OTRAS,Belleza y Cuidado Personal,Perfume Revlon Charlie Blue EDT para mujer 100 ml/3.4 fl.oz,https://www.fravega.com/p/perfume-revlon-charlie-blue-edt-para-mujer-100-ml-3-4-fl-oz-22826743/,80123.0,74514.39,1,True
FRA-combo-alisado-luminoliss-250gr-shampoo-l,Fravega,OTRAS,Belleza y Cuidado Personal,Combo Alisado Luminoliss 250gr + Shampoo Luminoclean 300gr,https://www.fravega.com/p/combo-alisado-luminoliss-250gr-shampoo-luminoclean-300gr-22859950/,30890.0,25530.0,1,True
FRA-givenchy-organza-3-3-oz-eau-de-parfum-sp,Fravega,OTRAS,Belleza y Cuidado Personal,Givenchy ORGANZA 3.3 OZ EAU DE PARFUM SPRAY NUEVO,https://www.fravega.com/p/givenchy-organza-3-3-oz-eau-de-parfum-spray-nuevo-22711682/,247212.0,173049.0,1,True
FRA-fidelite-caviar-combo-argan-shampoo-acon,Fravega,OTRAS,Belleza y Cuidado Personal,Fidelite Caviar Combo Argan Shampoo Acond Mascara Crema S/e,https://www.fravega.com/p/fidelite-caviar-combo-argan-shampoo-acond-mascara-crema-s-e-21229660/,81350.0,67230.0,1,True
FRA-perfume-montale-arabians-tonka-eau-de-pa,Fravega,OTRAS,Belleza y Cuidado Personal,Perfume MONTALE Arabians Tonka Eau De Parfum 100 ml para hom,https://www.fravega.com/p/perfume-montale-arabians-tonka-eau-de-parfum-100-ml-para-hom-22826641/,383889.0,341661.21,1,True
FRA-combo-alisado-luminoliss-shampoo-luminoc,Fravega,OTRAS,Belleza y Cuidado Personal,Combo Alisado Luminoliss + Shampoo Luminoclean 1kg,https://www.fravega.com/p/combo-alisado-luminoliss-shampoo-luminoclean-1kg-22859970/,58890.0,48670.0,1,True
FRA-perfume-dolce--gabbana-the-one-eau-de-pa,Fravega,OTRAS,Belleza y Cuidado Personal,"Perfume Dolce & Gabbana The One Eau de Parfum para hombre, 1",https://www.fravega.com/p/perfume-dolce--gabbana-the-one-eau-de-parfum-para-hombre-1-22803145/,185993.0,172973.49,1,True
FRA-ds-laboratories-revita-shampoo-champu-pa,Fravega,OTRAS,Belleza y Cuidado Personal,DS Laboratories Revita Shampoo - Champú para el,https://www.fravega.com/p/ds-laboratories-revita-shampoo-champu-para-el-22662562/,105948.0,105948.0,1,True
FRA-l-eau-d-issey-pour-homme-eau--cedre-edt-,Fravega,OTRAS,Belleza y Cuidado Personal,L'eau d'Issey pour Homme Eau & Cèdre EDT,https://www.fravega.com/p/l-eau-d-issey-pour-homme-eau--cedre-edt-990283321/,268000.0,241200.0,1,True
FRA-champu-kerastase-densifique-bain-densite,Fravega,OTRAS,Belleza y Cuidado Personal,Champú Kerastase Densifique Bain Densite Homme Daily Care,https://www.fravega.com/p/champu-kerastase-densifique-bain-densite-homme-daily-care-22772422/,160794.0,154362.24,1,True
FRA-perfume-liquid-brun-french-avenue-100ml-,Fravega,OTRAS,Belleza y Cuidado Personal,Perfume Liquid Brun French Avenue 100ml Edp Arabe,https://www.fravega.com/p/perfume-liquid-brun-french-avenue-100ml-edp-arabe-22599035/,137999.0,103499.0,1,True
FRA-mascarilla-nutricion-pre-shampoo-hair-pr,Fravega,OTRAS,Belleza y Cuidado Personal,Mascarilla Nutrición Pre-Shampoo Hair Prodigieux 125ml,https://www.fravega.com/p/mascarilla-nutricion-pre-shampoo-hair-prodigieux-125ml-990244775/,50500.0,42925.0,1,True
FRA-perfume-armaf-club-de-nuit-precieux-1-ex,Fravega,OTRAS,Belleza y Cuidado Personal,"Perfume Armaf Club De Nuit Precieux, 1 extracto de perfume,",https://www.fravega.com/p/perfume-armaf-club-de-nuit-precieux-1-extracto-de-perfume--22802957/,178599.0,166097.07,1,True
FRA-removedor-de-tinte-para-cabello-color-oo,Fravega,OTRAS,Belleza y Cuidado Personal,Removedor de Tinte para Cabello Color Oops con Acondicionador Extra,https://www.fravega.com/p/removedor-de-tinte-para-cabello-color-oops-con-acondicionador-extra-22721279/,89147.0,75774.95,1,True
FRA-perfume-lattafa-asad-bourbon-eau-de-parf,Fravega,OTRAS,Belleza y Cuidado Personal,"Perfume Lattafa Asad Bourbon Eau de Parfum para unisex, 100",https://www.fravega.com/p/perfume-lattafa-asad-bourbon-eau-de-parfum-para-unisex-100-22803005/,122517.0,109040.13,1,True
FRA-dercos-densi-solutions-shampoo-densifica,Fravega,OTRAS,Belleza y Cuidado Personal,Dercos Densi Solutions Shampoo Densificador X 250 Ml,https://www.fravega.com/p/dercos-densi-solutions-shampoo-densificador-x-250-ml-21402462/,50713.0,41911.57,1,True
FRA-caro-cuore-edt-990283318,Fravega,OTRAS,Belleza y Cuidado Personal,Caro Cuore EDT,https://www.fravega.com/p/caro-cuore-edt-990283318/,37800.0,31239.67,1,True
FRA-cera-pomada-opaca-mate-sir-fausto-x-100-,Fravega,OTRAS,Belleza y Cuidado Personal,Cera Pomada Opaca Mate Sir Fausto X 100 Ml Barber,https://www.fravega.com/p/cera-pomada-opaca-mate-sir-fausto-x-100-ml-barber-22636061/,19840.0,16400.0,1,True
FRA-perfume-prada-l-homme-l-eau-de-toilette-,Fravega,OTRAS,Belleza y Cuidado Personal,"Perfume Prada L'homme l'Eau de Toilette para hombre, 100 ml",https://www.fravega.com/p/perfume-prada-l-homme-l-eau-de-toilette-para-hombre-100-ml-22867407/,275871.0,270353.58,1,True
FRA-shampoo-pantene-restauracion-pro-v-solut,Fravega,OTRAS,Belleza y Cuidado Personal,Shampoo Pantene Restauración Pro-v Solutions 400 Ml 80701897,https://www.fravega.com/p/shampoo-pantene-restauracion-pro-v-solutions-400-ml-80701897-990243292/,7541.0,4455.99,1,True
FRA-secador-de-pelo-ga-ma-mistral-ceramic-io,Fravega,OTRAS,Belleza y Cuidado Personal,Secador de Pelo GA.MA Mistral Ceramic Ion,https://www.fravega.com/p/secador-de-pelo-ga-ma-mistral-ceramic-ion-13349/,74999.0,51999.0,1,True
FRA-planchita-de-pelo-ga-ma-elegance-bella-t,Fravega,OTRAS,Belleza y Cuidado Personal,Planchita de Pelo GA.MA Elegance Bella Tourmaline ION 230°C,https://www.fravega.com/p/planchita-de-pelo-ga-ma-elegance-bella-tourmaline-ion-230-c-13040/,69999.0,54999.0,1,True
FRA-depiladora-ipl-philips-lumea-prestige-br,Fravega,PHILIPS,Belleza y Cuidado Personal,Depiladora IPL Philips Lumea Prestige BRI947/30,https://www.fravega.com/p/depiladora-ipl-philips-lumea-prestige-bri947-30-13275/,959999.0,659999.0,1,True
FRA-secador-de-pelo-profesional-remington-si,Fravega,REMINGTON,Belleza y Cuidado Personal,Secador de Pelo Profesional Remington Silk AC9096 2400W,https://www.fravega.com/p/secador-de-pelo-profesional-remington-silk-ac9096-2400w-11933/,104999.0,84799.0,1,True
FRA-planchita-de-pelo-admiral-ad-pl001-ceram,Fravega,OTRAS,Belleza y Cuidado Personal,Planchita de Pelo Admiral AD-PL001 Ceramic 230,https://www.fravega.com/p/planchita-de-pelo-admiral-ad-pl001-ceramic-230-14214/,39999.0,19999.0,1,True
FRA-depiladora-facial-con-luz-recargable-usb,Fravega,OTRAS,Belleza y Cuidado Personal,Depiladora Facial Con Luz Recargable Usb Vellos Finos RJ3740 Blanco,https://www.fravega.com/p/depiladora-facial-con-luz-recargable-usb-vellos-finos-rj3740-blanco-22709024/,12829.69,8980.78,1,True
FRA-difusor-de-aire-para-rulos-bellissima-di,Fravega,OTRAS,Belleza y Cuidado Personal,Difusor de Aire para Rulos Bellissima Diffon Ion Ceramic,https://www.fravega.com/p/difusor-de-aire-para-rulos-bellissima-diffon-ion-ceramic-14584/,109999.0,84999.0,1,True
FRA-planchita-de-pelo-remington-silk-s9600-1,Fravega,REMINGTON,Belleza y Cuidado Personal,Planchita de Pelo Remington Silk S9600,https://www.fravega.com/p/planchita-de-pelo-remington-silk-s9600-11945/,99999.0,89999.0,1,True
FRA-depiladora-ipl-philips-lumea-lumea-advan,Fravega,PHILIPS,Belleza y Cuidado Personal,Depiladora IPL Philips Lumea Lumea Advanced BRI920/30 + Recortador,https://www.fravega.com/p/depiladora-ipl-philips-lumea-lumea-advanced-bri920-30-recortador-13149/,699999.0,439999.0,1,True
FRA-secador-de-pelo-con-difusor-winco-w4192-,Fravega,OTRAS,Belleza y Cuidado Personal,Secador de Pelo con Difusor Winco W4192 2000 Watts,https://www.fravega.com/p/secador-de-pelo-con-difusor-winco-w4192-2000-watts-14326/,59999.0,32999.0,1,True
FRA-planchita-de-pelo-remington-gloss-s9350-,Fravega,REMINGTON,Belleza y Cuidado Personal,Planchita de Pelo Remington Gloss S9350 Tecnología Antiestática,https://www.fravega.com/p/planchita-de-pelo-remington-gloss-s9350-tecnologia-antiestatica-14501/,84999.0,59999.0,1,True
FRA-depiladora-philips-bre712-00-13213,Fravega,PHILIPS,Belleza y Cuidado Personal,Depiladora Philips BRE712-00,https://www.fravega.com/p/depiladora-philips-bre712-00-13213/,153999.0,139999.0,1,True
FRA-secador-de-pelo-gama-professional-ultra-,Fravega,GAMA,Belleza y Cuidado Personal,Secador de Pelo Gama Professional Ultra AC 2200W,https://www.fravega.com/p/secador-de-pelo-gama-professional-ultra-ac-2200w-14437/,99999.0,74999.0,1,True
FRA-planchita-de-pelo-ga-ma-elegance-led-bel,Fravega,OTRAS,Belleza y Cuidado Personal,Planchita de Pelo GA.MA Elegance LED Bella Tourmaline,https://www.fravega.com/p/planchita-de-pelo-ga-ma-elegance-led-bella-tourmaline-13086/,119999.0,89999.0,1,True
FRA-depiladora-facial-con-luz-recargable-usb,Fravega,OTRAS,Belleza y Cuidado Personal,Depiladora Facial Con Luz Recargable Usb Vellos Finos Rosa RJ3740,https://www.fravega.com/p/depiladora-facial-con-luz-recargable-usb-vellos-finos-rosa-rj3740-22709035/,12829.69,8980.78,1,True
FRA-secador-de-pelo-gama-iq-lite-ultra-livia,Fravega,GAMA,Belleza y Cuidado Personal,Secador De Pelo Gama IQ Lite Ultra Liviano Profesional Color Negro,https://www.fravega.com/p/secador-de-pelo-gama-iq-lite-ultra-liviano-profesional-color-negro-13730/,283999.0,159999.0,1,True
FRA-planchita-de-pelo-remington-wet2straight,Fravega,REMINGTON,Belleza y Cuidado Personal,Planchita de Pelo Remington Wet2Straight S27A,https://www.fravega.com/p/planchita-de-pelo-remington-wet2straight-s27a-14242/,79999.0,64999.0,1,True
FRA-depiladora-cejas-lapiz-electrico-portati,Fravega,OTRAS,Belleza y Cuidado Personal,Depiladora Cejas Lápiz Eléctrico Portátil Recargable Usb Luz,https://www.fravega.com/p/depiladora-cejas-lapiz-electrico-portatil-recargable-usb-luz-22649103/,35309.0,30619.0,1,True
FRA-secador-remington-d3015-power-volumen-20,Fravega,REMINGTON,Belleza y Cuidado Personal,Secador Remington D3015 Power Volumen 2000,https://www.fravega.com/p/secador-remington-d3015-power-volumen-2000-12426/,62999.0,49999.0,1,True
FRA-planchita-alisado-babyliss-pelo-seco-450,Fravega,OTRAS,Belleza y Cuidado Personal,Planchita Alisado Babyliss Pelo Seco 450f + Funda 9559,https://www.fravega.com/p/planchita-alisado-babyliss-pelo-seco-450f-funda-9559-990288320/,199999.0,169999.0,1,True
FRA-afeitadora-philips-s1881-00-serie-1000-u,Fravega,PHILIPS,Belleza y Cuidado Personal,Afeitadora Philips S1881/00 Serie 1000 uso en Húmedo y Seco,https://www.fravega.com/p/afeitadora-philips-s1881-00-serie-1000-uso-humedo-y-seco-30625/,81999.0,65599.0,1,True
FRA-afeitadora-electrica-inalambrica-philco-,Fravega,PHILCO,Belleza y Cuidado Personal,Afeitadora Eléctrica Inalámbrica Philco AE5105,https://www.fravega.com/p/afeitadora-electrica-inalambrica-philco-ae5105-30464/,54999.0,34999.0,1,True
FRA-afeitadora-philips-s5898-17-30315,Fravega,PHILIPS,Belleza y Cuidado Personal,Afeitadora Philips S5898/17,https://www.fravega.com/p/afeitadora-philips-s5898-17-30315/,194999.0,149999.0,1,True
FRA-afeitadora-philips-serie-5000-x5012-05-3,Fravega,PHILIPS,Belleza y Cuidado Personal,Afeitadora Philips Serie 5000 X5012/05,https://www.fravega.com/p/afeitadora-philips-serie-5000-x5012-05-30374/,139999.0,103999.0,1,True
FRA-repuesto-cuchillas-x2-para-cortabarba-ph,Fravega,PHILIPS,Belleza y Cuidado Personal,Repuesto Cuchillas x2 para Cortabarba Philips OneBlade,https://www.fravega.com/p/repuesto-cuchillas-x2-para-cortabarba-philips-oneblade-30460/,31499.0,29999.0,1,True
FRA-recortadora-de-pelo-para-nariz-y-oreja-p,Fravega,PHILIPS,Belleza y Cuidado Personal,Recortadora de Pelo para Nariz y Oreja Philips NT1620/15,https://www.fravega.com/p/recortadora-de-pelo-para-nariz-y-oreja-philips-nt1620-15-30269/,24999.0,22999.0,1,True
FRA-afeitadora-philips-serie-3000-s3882-00-w,Fravega,PHILIPS,Belleza y Cuidado Personal,Afeitadora Philips Serie 3000 S3882/00 Wet & Dry,https://www.fravega.com/p/afeitadora-philips-serie-3000-s3882-00-wet--dry-30616/,143999.0,89999.0,1,True
FRA-afeitadora-y-recortadora-ultracomb-led-6,Fravega,OTRAS,Belleza y Cuidado Personal,Afeitadora Y Recortadora Ultracomb Led 6 Cabezales Bk4918,https://www.fravega.com/p/afeitadora-y-recortadora-ultracomb-led-6-cabezales-bk4918-990275801/,58309.83,32370.9,1,True
FRA-recortadora-afeitar-cejas-barba-vk-4803-,Fravega,OTRAS,Belleza y Cuidado Personal,Recortadora Afeitar Cejas Barba Vk-4803 Ultracomb  3 en 1,https://www.fravega.com/p/recortadora-afeitar-cejas-barba-vk-4803-ultracomb-3-1-990275803/,19379.83,10820.9,1,True
FRA-afeitadora-corporal-bacan-by-mantra-razo,Fravega,OTRAS,Belleza y Cuidado Personal,Afeitadora Corporal Bacan by Mantra Razor Body Black,https://www.fravega.com/p/afeitadora-corporal-bacan-by-mantra-razor-body-black-20076122/,119990.0,95992.0,1,True
FRA-afeitadora-philco-ae5205pp-lithium-plus-,Fravega,PHILCO,Belleza y Cuidado Personal,Afeitadora Philco Ae5205pp Lithium Plus Wet & Dry 360°,https://www.fravega.com/p/afeitadora-philco-ae5205pp-lithium-plus-wet--dry-360-20291686/,65999.0,59999.0,1,True
FRA-afeitadora-de-cabeza-remington-balder-pr,Fravega,REMINGTON,Belleza y Cuidado Personal,Afeitadora de cabeza Remington Balder PRO XR7001,https://www.fravega.com/p/afeitadora-de-cabeza-remington-balder-pro-xr7001-30353/,149999.0,109999.0,1,True
FRA-maquina-multi-afeitadora-gadnic-rzr-9k-d,Fravega,OTRAS,Belleza y Cuidado Personal,Máquina Multi Afeitadora Gadnic RZR 9K Display Digital,https://www.fravega.com/p/maquina-multi-afeitadora-gadnic-rzr-9k-display-digital-990165202/,64502.99,49618.0,1,True
FRA-afeitadora-philco-turbo-ae5305-30319,Fravega,PHILCO,Belleza y Cuidado Personal,Afeitadora Philco Turbo AE5305,https://www.fravega.com/p/afeitadora-philco-turbo-ae5305-30319/,74999.0,59999.0,1,True
FRA-afeitadora-shaver-wmark-inalambrica-prof,Fravega,OTRAS,Belleza y Cuidado Personal,Afeitadora Shaver Wmark Inalambrica Profesional Led 8000 RPM,https://www.fravega.com/p/afeitadora-shaver-wmark-inalambrica-profesional-led-8000-rpm-990168368/,229839.0,95498.98,1,True
FRA-trimmer-philco-body-shaver-sport-infinit,Fravega,PHILCO,Belleza y Cuidado Personal,Trimmer Philco Body Shaver Sport Infinity Blade CB7045SE,https://www.fravega.com/p/trimmer-philco-body-shaver-sport-infinity-blade-cb7045se-990288782/,52799.0,24999.0,1,True
FRA-razor-body-pro-bacan-by-mantra-afeitador,Fravega,OTRAS,Belleza y Cuidado Personal,Razor Body Pro Bacan By Mantra Afeitadora Zonas Intimas Men,https://www.fravega.com/p/razor-body-pro-bacan-by-mantra-afeitadora-zonas-intimas-men-22301719/,169990.0,135992.0,1,True
FRA-braun-afeitadora-electrica-para-hombres-,Fravega,OTRAS,Belleza y Cuidado Personal,"Braun Afeitadora eléctrica para hombres, Series 5",https://www.fravega.com/p/braun-afeitadora-electrica-para-hombres-series-5-22659560/,478238.0,478238.0,1,True
FRA-afeitadora-y-recortadora-ultracomb-bk491,Fravega,OTRAS,Belleza y Cuidado Personal,Afeitadora Y Recortadora Ultracomb Bk4918 Recargable Led Y 6 Cabezales,https://www.fravega.com/p/afeitadora-y-recortadora-ultracomb-bk4918-recargable-led-y-6-cabezales-22693427/,46999.0,37899.0,1,True
FRA-locion-para-despues-del-afeitado-gillett,Fravega,OTRAS,Belleza y Cuidado Personal,"Loción para después del afeitado Gillette Series Cool Wave, 100 ml, para hombre",https://www.fravega.com/p/locion-para-despues-del-afeitado-gillette-series-cool-wave-100-ml-para-hombre-22769884/,68629.0,57648.36,1,True
FRA-perfume-revlon-charlie-blue-edt-para-muj,Fravega,OTRAS,Belleza y Cuidado Personal,Perfume Revlon Charlie Blue EDT para mujer 100 ml/3.4 fl.oz,https://www.fravega.com/p/perfume-revlon-charlie-blue-edt-para-mujer-100-ml-3-4-fl-oz-22826743/,80123.0,74514.39,1,True
FRA-combo-alisado-luminoliss-250gr-shampoo-l,Fravega,OTRAS,Belleza y Cuidado Personal,Combo Alisado Luminoliss 250gr + Shampoo Luminoclean 300gr,https://www.fravega.com/p/combo-alisado-luminoliss-250gr-shampoo-luminoclean-300gr-22859950/,30890.0,25530.0,1,True
FRA-givenchy-organza-3-3-oz-eau-de-parfum-sp,Fravega,OTRAS,Belleza y Cuidado Personal,Givenchy ORGANZA 3.3 OZ EAU DE PARFUM SPRAY NUEVO,https://www.fravega.com/p/givenchy-organza-3-3-oz-eau-de-parfum-spray-nuevo-22711682/,247212.0,173049.0,1,True
FRA-fidelite-caviar-combo-argan-shampoo-acon,Fravega,OTRAS,Belleza y Cuidado Personal,Fidelite Caviar Combo Argan Shampoo Acond Mascara Crema S/e,https://www.fravega.com/p/fidelite-caviar-combo-argan-shampoo-acond-mascara-crema-s-e-21229660/,81350.0,67230.0,1,True
FRA-perfume-montale-arabians-tonka-eau-de-pa,Fravega,OTRAS,Belleza y Cuidado Personal,Perfume MONTALE Arabians Tonka Eau De Parfum 100 ml para hom,https://www.fravega.com/p/perfume-montale-arabians-tonka-eau-de-parfum-100-ml-para-hom-22826641/,383889.0,341661.21,1,True
FRA-combo-alisado-luminoliss-shampoo-luminoc,Fravega,OTRAS,Belleza y Cuidado Personal,Combo Alisado Luminoliss + Shampoo Luminoclean 1kg,https://www.fravega.com/p/combo-alisado-luminoliss-shampoo-luminoclean-1kg-22859970/,58890.0,48670.0,1,True
FRA-perfume-dolce--gabbana-the-one-eau-de-pa,Fravega,OTRAS,Belleza y Cuidado Personal,"Perfume Dolce & Gabbana The One Eau de Parfum para hombre, 1",https://www.fravega.com/p/perfume-dolce--gabbana-the-one-eau-de-parfum-para-hombre-1-22803145/,185993.0,172973.49,1,True
FRA-ds-laboratories-revita-shampoo-champu-pa,Fravega,OTRAS,Belleza y Cuidado Personal,DS Laboratories Revita Shampoo - Champú para el,https://www.fravega.com/p/ds-laboratories-revita-shampoo-champu-para-el-22662562/,105948.0,105948.0,1,True
FRA-l-eau-d-issey-pour-homme-eau--cedre-edt-,Fravega,OTRAS,Belleza y Cuidado Personal,L'eau d'Issey pour Homme Eau & Cèdre EDT,https://www.fravega.com/p/l-eau-d-issey-pour-homme-eau--cedre-edt-990283321/,268000.0,241200.0,1,True
FRA-champu-kerastase-densifique-bain-densite,Fravega,OTRAS,Belleza y Cuidado Personal,Champú Kerastase Densifique Bain Densite Homme Daily Care,https://www.fravega.com/p/champu-kerastase-densifique-bain-densite-homme-daily-care-22772422/,160794.0,154362.24,1,True
FRA-perfume-liquid-brun-french-avenue-100ml-,Fravega,OTRAS,Belleza y Cuidado Personal,Perfume Liquid Brun French Avenue 100ml Edp Arabe,https://www.fravega.com/p/perfume-liquid-brun-french-avenue-100ml-edp-arabe-22599035/,137999.0,103499.0,1,True
FRA-mascarilla-nutricion-pre-shampoo-hair-pr,Fravega,OTRAS,Belleza y Cuidado Personal,Mascarilla Nutrición Pre-Shampoo Hair Prodigieux 125ml,https://www.fravega.com/p/mascarilla-nutricion-pre-shampoo-hair-prodigieux-125ml-990244775/,50500.0,42925.0,1,True
FRA-perfume-armaf-club-de-nuit-precieux-1-ex,Fravega,OTRAS,Belleza y Cuidado Personal,"Perfume Armaf Club De Nuit Precieux, 1 extracto de perfume,",https://www.fravega.com/p/perfume-armaf-club-de-nuit-precieux-1-extracto-de-perfume--22802957/,178599.0,166097.07,1,True
FRA-removedor-de-tinte-para-cabello-color-oo,Fravega,OTRAS,Belleza y Cuidado Personal,Removedor de Tinte para Cabello Color Oops con Acondicionador Extra,https://www.fravega.com/p/removedor-de-tinte-para-cabello-color-oops-con-acondicionador-extra-22721279/,89147.0,75774.95,1,True
FRA-perfume-lattafa-asad-bourbon-eau-de-parf,Fravega,OTRAS,Belleza y Cuidado Personal,"Perfume Lattafa Asad Bourbon Eau de Parfum para unisex, 100",https://www.fravega.com/p/perfume-lattafa-asad-bourbon-eau-de-parfum-para-unisex-100-22803005/,122517.0,109040.13,1,True
FRA-dercos-densi-solutions-shampoo-densifica,Fravega,OTRAS,Belleza y Cuidado Personal,Dercos Densi Solutions Shampoo Densificador X 250 Ml,https://www.fravega.com/p/dercos-densi-solutions-shampoo-densificador-x-250-ml-21402462/,50713.0,41911.57,1,True
FRA-caro-cuore-edt-990283318,Fravega,OTRAS,Belleza y Cuidado Personal,Caro Cuore EDT,https://www.fravega.com/p/caro-cuore-edt-990283318/,37800.0,31239.67,1,True
FRA-cera-pomada-opaca-mate-sir-fausto-x-100-,Fravega,OTRAS,Belleza y Cuidado Personal,Cera Pomada Opaca Mate Sir Fausto X 100 Ml Barber,https://www.fravega.com/p/cera-pomada-opaca-mate-sir-fausto-x-100-ml-barber-22636061/,19840.0,16400.0,1,True
FRA-perfume-prada-l-homme-l-eau-de-toilette-,Fravega,OTRAS,Belleza y Cuidado Personal,"Perfume Prada L'homme l'Eau de Toilette para hombre, 100 ml",https://www.fravega.com/p/perfume-prada-l-homme-l-eau-de-toilette-para-hombre-100-ml-22867407/,275871.0,270353.58,1,True
FRA-shampoo-pantene-restauracion-pro-v-solut,Fravega,OTRAS,Belleza y Cuidado Personal,Shampoo Pantene Restauración Pro-v Solutions 400 Ml 80701897,https://www.fravega.com/p/shampoo-pantene-restauracion-pro-v-solutions-400-ml-80701897-990243292/,7541.0,4455.99,1,True
FRA-generador-electrico-2500w-verde-y-negro-,Fravega,OTRAS,Herramientas,Generador Eléctrico 2500W Verde y Negro GE-PH2500AL,https://www.fravega.com/p/generador-electrico-2500w-verde-y-negro-ge-ph2500al-990237621/,472999.0,267999.0,1,True
FRA-kit-de-herramientas-daewoo-set-96-pzs-da,Fravega,OTRAS,Herramientas,Kit de Herramientas Daewoo Set 96 Pzs DAHTS96 Tubos c/ Maletín,https://www.fravega.com/p/kit-de-herramientas-daewoo-set-96-pzs-dahts96-tubos-c-maletin-311011/,129999.0,79999.0,1,True
FRA-set-x3-pinzas-universal-alicate-punta-he,Fravega,OTRAS,Herramientas,Set X3 Pinzas Universal Alicate Punta Herramientas Manuales RJ3809,https://www.fravega.com/p/set-x3-pinzas-universal-alicate-punta-herramientas-manuales-rj3809-22606388/,13847.44,7599.0,1,True
FRA-griferia-mezcladora-pico-curva-abieta-es,Fravega,OTRAS,Herramientas,Griferia Mezcladora Pico Curva Abieta Estrella GF032,https://www.fravega.com/p/griferia-mezcladora-pico-curva-abieta-estrella-gf032-22742469/,27500.0,19000.0,1,True
FRA-zocalo-led-pvc-eps-anti-humedad-piso-vin,Fravega,OTRAS,Herramientas,Zocalo Led Pvc Eps Anti Humedad Piso Vinilico 10cm Color Blanco Marca HomeCo.,https://www.fravega.com/p/zocalo-led-pvc-eps-anti-humedad-piso-vinilico-10cm-color-blanco-marca-homeco--22865963/,35213.18,18988.0,1,True
FRA-griferia-cocina-moderna-canilla-monocoma,Fravega,OTRAS,Herramientas,Grifería Cocina Moderna Canilla Monocomando Extensible Negro Mate Waggs,https://www.fravega.com/p/griferia-cocina-moderna-canilla-monocomando-extensible-negro-mate-waggs-22084863/,111986.0,62399.0,1,True
FRA-escalera-plegable-de-acero-2-escalones-b,Fravega,ACER,Herramientas,Escalera Plegable de Acero 2 Escalones Bontella,https://www.fravega.com/p/escalera-plegable-de-acero-2-escalones-bontella-22726534/,69999.0,41999.0,1,True
FRA-termofusora-de-1500w-con-boquillas-y-mel,Fravega,OTRAS,Herramientas,Termofusora de 1500w con Boquillas y Meletín Gassmann,https://www.fravega.com/p/termofusora-de-1500w-con-boquillas-y-meletin-gassmann-20062984/,78314.0,64722.0,1,True
FRA-kit-de-herramientas-daewoo-set-108-pzs-d,Fravega,OTRAS,Herramientas,Kit de Herramientas Daewoo Set 108 Pzs DWS108B Llaves Tubo Criquet,https://www.fravega.com/p/kit-de-herramientas-daewoo-set-108-pzs-dws108b-llaves-tubo-criquet-311001/,124999.0,99999.0,1,True
FRA-rotomartillo-stanley-sthr1232k-ar-311124,Fravega,OTRAS,Herramientas,Rotomartillo Stanley STHR1232K-AR,https://www.fravega.com/p/rotomartillo-stanley-sthr1232k-ar-311124/,399999.0,299999.0,1,True
FRA-pistola-de-pintura-daewoo-hvlp-600ml-dw9,Fravega,OTRAS,Herramientas,Pistola de Pintura Daewoo HVLP 600ml DW9U,https://www.fravega.com/p/pistola-de-pintura-daewoo-hvlp-600ml-dw9u-310771/,69999.0,39999.0,1,True
FRA-griferia-eurogrif-monocomando-cocina-roc,Fravega,OTRAS,Herramientas,Griferia Eurogrif Monocomando Cocina Rociador Flexible Gourmet,https://www.fravega.com/p/griferia-eurogrif-monocomando-cocina-rociador-flexible-gourmet-311354/,59999.0,49999.0,1,True
FRA-set-konan-100-piezas-mechas-puntas-sierr,Fravega,OTRAS,Herramientas,Set Konan 100 Piezas Mechas Puntas Sierras Copa Para Taladro,https://www.fravega.com/p/set-konan-100-piezas-mechas-puntas-sierras-copa-para-taladro-990243081/,96642.0,37990.0,1,True
FRA-desmalezadora-2-5-hp-1-65-kw-6500-7000-r,Fravega,HP,Herramientas,Desmalezadora 2.5 HP 1.65 KW 6500-7000 ROM Konan KDE/52P,https://www.fravega.com/p/desmalezadora-2-5-hp-1-65-kw-6500-7000-rom-konan-kde-52p-20012854/,219999.0,139999.0,1,True
FRA-revestimiento-wall-panel-decorativo-pare,Fravega,OTRAS,Herramientas,"Revestimiento Wall Panel Decorativo Pared Varillado Acanalado Eps Sólido Liston De 290x1,2x12cm Acabado Mate Color Teka Marca Homeco.",https://www.fravega.com/p/revestimiento-wall-panel-decorativo-pared-varillado-acanalado-eps-solido-liston-de-290x1-2x12cm-acabado-mate-color-teka-marca-homeco--22716869/,16534.39,12499.0,1,True
FRA-amoladora-angular-black--decker-g720n-ar,Fravega,OTRAS,Herramientas,Amoladora Angular Black & Decker G720N-AR,https://www.fravega.com/p/amoladora-angular-black--decker-g720n-ar-310339/,72999.0,59999.0,1,True
FRA-set-herramientas-manuales-black--decker-,Fravega,OTRAS,Herramientas,Set Herramientas Manuales Black & Decker 152 Pzs BMT152C-AR,https://www.fravega.com/p/set-herramientas-manuales-black--decker-152-pzs-bmt152c-ar-310584/,94999.0,69999.0,1,True
FRA-revestimiento-wall-panel-decorativo-pare,Fravega,OTRAS,Herramientas,"Revestimiento Wall Panel Decorativo Pared Varillado Acanalado Eps Sólido Liston De 290x1,2x12cm Acabado Mate Color Roble Marca Homeco.",https://www.fravega.com/p/revestimiento-wall-panel-decorativo-pared-varillado-acanalado-eps-solido-liston-de-290x1-2x12cm-acabado-mate-color-roble-marca-homeco--22716868/,16534.39,12499.0,1,True
FRA-revestimiento-wall-panel-varillado-eps-s,Fravega,OTRAS,Herramientas,Revestimiento Wall Panel Varillado EPS Sólido 12mm x 290cm NEGRO,https://www.fravega.com/p/revestimiento-wall-panel-varillado-eps-solido-12mm-x-290cm-negro-22864394/,16534.39,12499.0,1,True
FRA-zocalo-pvc-eps-anti-humedad-piso-vinilic,Fravega,OTRAS,Herramientas,"Zocalo Pvc Eps Anti Humedad Piso Vinilico 7cm Blanco Venta x Tira de 240x1,2x7cm",https://www.fravega.com/p/zocalo-pvc-eps-anti-humedad-piso-vinilico-7cm-blanco-venta-x-tira-de-240x1-2x7cm-22716049/,10970.26,10299.0,1,True
FRA-revestimiento-wall-panel-decorativo-pare,Fravega,OTRAS,Herramientas,"Revestimiento Wall Panel Decorativo Pared Varillado Acanalado Eps Sólido Liston De 290x1,2x12cm Acabado Mate Color Ceniza Marca Homeco.",https://www.fravega.com/p/revestimiento-wall-panel-decorativo-pared-varillado-acanalado-eps-solido-liston-de-290x1-2x12cm-acabado-mate-color-ceniza-marca-homeco--22716871/,16534.39,12499.0,1,True
FRA-escalera-de-aluminio-4x4-articulada-16-e,Fravega,OTRAS,Herramientas,"Escalera de Aluminio 4x4 Articulada 16 Escalones Garden Life TE1700 Multipropósito 4,35 mts",https://www.fravega.com/p/escalera-de-aluminio-4x4-articulada-16-escalones-garden-life-te1700-multiproposito-4-35-mts-310862/,219999.0,179999.0,1,True
FRA-amoladora-angular-taladro-percutor-daewo,Fravega,OTRAS,Herramientas,Amoladora Angular + Taladro Percutor Daewoo 750w Combo Pack,https://www.fravega.com/p/amoladora-angular-taladro-percutor-daewoo-750w-combo-pack-311188/,129999.0,89999.0,1,True
FRA-revestimiento-wall-panel-varillado-eps-s,Fravega,OTRAS,Herramientas,Revestimiento Wall Panel Varillado EPS Sólido 12mm x 290cm GRIS,https://www.fravega.com/p/revestimiento-wall-panel-varillado-eps-solido-12mm-x-290cm-gris-22864393/,16534.39,12499.0,1,True
FRA-amoladora-bosch-gws-700-professional-115,Fravega,BOSCH,Herramientas,Amoladora Bosch GWS 700 Professional 115mm 12000 RPM 220v,https://www.fravega.com/p/amoladora-bosch-gws-700-professional-115mm-12000-rpm-220v-310453/,154999.0,79999.0,1,True
FRA-bomba-presurizadora-120w-2-banos-vasser-,Fravega,OTRAS,Herramientas,Bomba Presurizadora 120w 2 Banos Vasser By Motorarg Presion,https://www.fravega.com/p/bomba-presurizadora-120w-2-banos-vasser-by-motorarg-presion-22744477/,84800.8,47869.0,1,True
FRA-escalera-de-aluminio-4x3-articulada-12-e,Fravega,OTRAS,Herramientas,Escalera de Aluminio 4x3 Articulada 12 Escalones Garden Life 3.42 mts Multipropósito,https://www.fravega.com/p/escalera-de-aluminio-4x3-articulada-12-escalones-garden-life-3-42-mts-multiproposito-311015/,179999.0,129999.0,1,True
FRA-compresor-de-aire-portatil-inflador-pote,Fravega,OTRAS,Herramientas,Compresor de Aire Portátil Inflador Potente 150 Psi Waggs,https://www.fravega.com/p/compresor-de-aire-portatil-inflador-potente-150-psi-waggs-22492373/,62986.0,38249.0,1,True
FRA-revestimiento-wall-panel-decorativo-pare,Fravega,OTRAS,Herramientas,"Revestimiento Wall Panel Decorativo Pared Varillado Acanalado Eps Sólido Liston De 290x1,2x12cm Acabado Mate Color BlancoMarca Homeco.",https://www.fravega.com/p/revestimiento-wall-panel-decorativo-pared-varillado-acanalado-eps-solido-liston-de-290x1-2x12cm-acabado-mate-color-blancomarca-homeco--22716870/,16534.39,12499.0,1,True
FRA-generador-electrico-2500w-verde-y-negro-,Fravega,OTRAS,Herramientas,Generador Eléctrico 2500W Verde y Negro GE-PH2500AL,https://www.fravega.com/p/generador-electrico-2500w-verde-y-negro-ge-ph2500al-990237621/,472999.0,267999.0,1,True
FRA-kit-de-herramientas-daewoo-set-96-pzs-da,Fravega,OTRAS,Herramientas,Kit de Herramientas Daewoo Set 96 Pzs DAHTS96 Tubos c/ Maletín,https://www.fravega.com/p/kit-de-herramientas-daewoo-set-96-pzs-dahts96-tubos-c-maletin-311011/,129999.0,79999.0,1,True
FRA-set-x3-pinzas-universal-alicate-punta-he,Fravega,OTRAS,Herramientas,Set X3 Pinzas Universal Alicate Punta Herramientas Manuales RJ3809,https://www.fravega.com/p/set-x3-pinzas-universal-alicate-punta-herramientas-manuales-rj3809-22606388/,13847.44,7599.0,1,True
FRA-griferia-mezcladora-pico-curva-abieta-es,Fravega,OTRAS,Herramientas,Griferia Mezcladora Pico Curva Abieta Estrella GF032,https://www.fravega.com/p/griferia-mezcladora-pico-curva-abieta-estrella-gf032-22742469/,27500.0,19000.0,1,True
FRA-zocalo-led-pvc-eps-anti-humedad-piso-vin,Fravega,OTRAS,Herramientas,Zocalo Led Pvc Eps Anti Humedad Piso Vinilico 10cm Color Blanco Marca HomeCo.,https://www.fravega.com/p/zocalo-led-pvc-eps-anti-humedad-piso-vinilico-10cm-color-blanco-marca-homeco--22865963/,35213.18,18988.0,1,True
FRA-griferia-cocina-moderna-canilla-monocoma,Fravega,OTRAS,Herramientas,Grifería Cocina Moderna Canilla Monocomando Extensible Negro Mate Waggs,https://www.fravega.com/p/griferia-cocina-moderna-canilla-monocomando-extensible-negro-mate-waggs-22084863/,111986.0,62399.0,1,True
FRA-escalera-plegable-de-acero-2-escalones-b,Fravega,ACER,Herramientas,Escalera Plegable de Acero 2 Escalones Bontella,https://www.fravega.com/p/escalera-plegable-de-acero-2-escalones-bontella-22726534/,69999.0,41999.0,1,True
FRA-termofusora-de-1500w-con-boquillas-y-mel,Fravega,OTRAS,Herramientas,Termofusora de 1500w con Boquillas y Meletín Gassmann,https://www.fravega.com/p/termofusora-de-1500w-con-boquillas-y-meletin-gassmann-20062984/,78314.0,64722.0,1,True
FRA-kit-de-herramientas-daewoo-set-108-pzs-d,Fravega,OTRAS,Herramientas,Kit de Herramientas Daewoo Set 108 Pzs DWS108B Llaves Tubo Criquet,https://www.fravega.com/p/kit-de-herramientas-daewoo-set-108-pzs-dws108b-llaves-tubo-criquet-311001/,124999.0,99999.0,1,True
FRA-rotomartillo-stanley-sthr1232k-ar-311124,Fravega,OTRAS,Herramientas,Rotomartillo Stanley STHR1232K-AR,https://www.fravega.com/p/rotomartillo-stanley-sthr1232k-ar-311124/,399999.0,299999.0,1,True
FRA-pistola-de-pintura-daewoo-hvlp-600ml-dw9,Fravega,OTRAS,Herramientas,Pistola de Pintura Daewoo HVLP 600ml DW9U,https://www.fravega.com/p/pistola-de-pintura-daewoo-hvlp-600ml-dw9u-310771/,69999.0,39999.0,1,True
FRA-griferia-eurogrif-monocomando-cocina-roc,Fravega,OTRAS,Herramientas,Griferia Eurogrif Monocomando Cocina Rociador Flexible Gourmet,https://www.fravega.com/p/griferia-eurogrif-monocomando-cocina-rociador-flexible-gourmet-311354/,59999.0,49999.0,1,True
FRA-set-konan-100-piezas-mechas-puntas-sierr,Fravega,OTRAS,Herramientas,Set Konan 100 Piezas Mechas Puntas Sierras Copa Para Taladro,https://www.fravega.com/p/set-konan-100-piezas-mechas-puntas-sierras-copa-para-taladro-990243081/,96642.0,37990.0,1,True
FRA-desmalezadora-2-5-hp-1-65-kw-6500-7000-r,Fravega,HP,Herramientas,Desmalezadora 2.5 HP 1.65 KW 6500-7000 ROM Konan KDE/52P,https://www.fravega.com/p/desmalezadora-2-5-hp-1-65-kw-6500-7000-rom-konan-kde-52p-20012854/,219999.0,139999.0,1,True
FRA-revestimiento-wall-panel-decorativo-pare,Fravega,OTRAS,Herramientas,"Revestimiento Wall Panel Decorativo Pared Varillado Acanalado Eps Sólido Liston De 290x1,2x12cm Acabado Mate Color Teka Marca Homeco.",https://www.fravega.com/p/revestimiento-wall-panel-decorativo-pared-varillado-acanalado-eps-solido-liston-de-290x1-2x12cm-acabado-mate-color-teka-marca-homeco--22716869/,16534.39,12499.0,1,True
FRA-amoladora-angular-black--decker-g720n-ar,Fravega,OTRAS,Herramientas,Amoladora Angular Black & Decker G720N-AR,https://www.fravega.com/p/amoladora-angular-black--decker-g720n-ar-310339/,72999.0,59999.0,1,True
FRA-set-herramientas-manuales-black--decker-,Fravega,OTRAS,Herramientas,Set Herramientas Manuales Black & Decker 152 Pzs BMT152C-AR,https://www.fravega.com/p/set-herramientas-manuales-black--decker-152-pzs-bmt152c-ar-310584/,94999.0,69999.0,1,True
FRA-revestimiento-wall-panel-decorativo-pare,Fravega,OTRAS,Herramientas,"Revestimiento Wall Panel Decorativo Pared Varillado Acanalado Eps Sólido Liston De 290x1,2x12cm Acabado Mate Color Roble Marca Homeco.",https://www.fravega.com/p/revestimiento-wall-panel-decorativo-pared-varillado-acanalado-eps-solido-liston-de-290x1-2x12cm-acabado-mate-color-roble-marca-homeco--22716868/,16534.39,12499.0,1,True
FRA-revestimiento-wall-panel-varillado-eps-s,Fravega,OTRAS,Herramientas,Revestimiento Wall Panel Varillado EPS Sólido 12mm x 290cm NEGRO,https://www.fravega.com/p/revestimiento-wall-panel-varillado-eps-solido-12mm-x-290cm-negro-22864394/,16534.39,12499.0,1,True
FRA-zocalo-pvc-eps-anti-humedad-piso-vinilic,Fravega,OTRAS,Herramientas,"Zocalo Pvc Eps Anti Humedad Piso Vinilico 7cm Blanco Venta x Tira de 240x1,2x7cm",https://www.fravega.com/p/zocalo-pvc-eps-anti-humedad-piso-vinilico-7cm-blanco-venta-x-tira-de-240x1-2x7cm-22716049/,10970.26,10299.0,1,True
FRA-revestimiento-wall-panel-decorativo-pare,Fravega,OTRAS,Herramientas,"Revestimiento Wall Panel Decorativo Pared Varillado Acanalado Eps Sólido Liston De 290x1,2x12cm Acabado Mate Color Ceniza Marca Homeco.",https://www.fravega.com/p/revestimiento-wall-panel-decorativo-pared-varillado-acanalado-eps-solido-liston-de-290x1-2x12cm-acabado-mate-color-ceniza-marca-homeco--22716871/,16534.39,12499.0,1,True
FRA-escalera-de-aluminio-4x4-articulada-16-e,Fravega,OTRAS,Herramientas,"Escalera de Aluminio 4x4 Articulada 16 Escalones Garden Life TE1700 Multipropósito 4,35 mts",https://www.fravega.com/p/escalera-de-aluminio-4x4-articulada-16-escalones-garden-life-te1700-multiproposito-4-35-mts-310862/,219999.0,179999.0,1,True
FRA-amoladora-angular-taladro-percutor-daewo,Fravega,OTRAS,Herramientas,Amoladora Angular + Taladro Percutor Daewoo 750w Combo Pack,https://www.fravega.com/p/amoladora-angular-taladro-percutor-daewoo-750w-combo-pack-311188/,129999.0,89999.0,1,True
FRA-revestimiento-wall-panel-varillado-eps-s,Fravega,OTRAS,Herramientas,Revestimiento Wall Panel Varillado EPS Sólido 12mm x 290cm GRIS,https://www.fravega.com/p/revestimiento-wall-panel-varillado-eps-solido-12mm-x-290cm-gris-22864393/,16534.39,12499.0,1,True
FRA-amoladora-bosch-gws-700-professional-115,Fravega,BOSCH,Herramientas,Amoladora Bosch GWS 700 Professional 115mm 12000 RPM 220v,https://www.fravega.com/p/amoladora-bosch-gws-700-professional-115mm-12000-rpm-220v-310453/,154999.0,79999.0,1,True
FRA-bomba-presurizadora-120w-2-banos-vasser-,Fravega,OTRAS,Herramientas,Bomba Presurizadora 120w 2 Banos Vasser By Motorarg Presion,https://www.fravega.com/p/bomba-presurizadora-120w-2-banos-vasser-by-motorarg-presion-22744477/,84800.8,47869.0,1,True
FRA-escalera-de-aluminio-4x3-articulada-12-e,Fravega,OTRAS,Herramientas,Escalera de Aluminio 4x3 Articulada 12 Escalones Garden Life 3.42 mts Multipropósito,https://www.fravega.com/p/escalera-de-aluminio-4x3-articulada-12-escalones-garden-life-3-42-mts-multiproposito-311015/,179999.0,129999.0,1,True
FRA-compresor-de-aire-portatil-inflador-pote,Fravega,OTRAS,Herramientas,Compresor de Aire Portátil Inflador Potente 150 Psi Waggs,https://www.fravega.com/p/compresor-de-aire-portatil-inflador-potente-150-psi-waggs-22492373/,62986.0,38249.0,1,True
FRA-revestimiento-wall-panel-decorativo-pare,Fravega,OTRAS,Herramientas,"Revestimiento Wall Panel Decorativo Pared Varillado Acanalado Eps Sólido Liston De 290x1,2x12cm Acabado Mate Color BlancoMarca Homeco.",https://www.fravega.com/p/revestimiento-wall-panel-decorativo-pared-varillado-acanalado-eps-solido-liston-de-290x1-2x12cm-acabado-mate-color-blancomarca-homeco--22716870/,16534.39,12499.0,1,True
FRA-generador-electrico-2500w-verde-y-negro-,Fravega,OTRAS,Herramientas,Generador Eléctrico 2500W Verde y Negro GE-PH2500AL,https://www.fravega.com/p/generador-electrico-2500w-verde-y-negro-ge-ph2500al-990237621/,472999.0,267999.0,1,True
FRA-kit-de-herramientas-daewoo-set-96-pzs-da,Fravega,OTRAS,Herramientas,Kit de Herramientas Daewoo Set 96 Pzs DAHTS96 Tubos c/ Maletín,https://www.fravega.com/p/kit-de-herramientas-daewoo-set-96-pzs-dahts96-tubos-c-maletin-311011/,129999.0,79999.0,1,True
FRA-set-x3-pinzas-universal-alicate-punta-he,Fravega,OTRAS,Herramientas,Set X3 Pinzas Universal Alicate Punta Herramientas Manuales RJ3809,https://www.fravega.com/p/set-x3-pinzas-universal-alicate-punta-herramientas-manuales-rj3809-22606388/,13847.44,7599.0,1,True
FRA-griferia-mezcladora-pico-curva-abieta-es,Fravega,OTRAS,Herramientas,Griferia Mezcladora Pico Curva Abieta Estrella GF032,https://www.fravega.com/p/griferia-mezcladora-pico-curva-abieta-estrella-gf032-22742469/,27500.0,19000.0,1,True
FRA-zocalo-led-pvc-eps-anti-humedad-piso-vin,Fravega,OTRAS,Herramientas,Zocalo Led Pvc Eps Anti Humedad Piso Vinilico 10cm Color Blanco Marca HomeCo.,https://www.fravega.com/p/zocalo-led-pvc-eps-anti-humedad-piso-vinilico-10cm-color-blanco-marca-homeco--22865963/,35213.18,18988.0,1,True
FRA-griferia-cocina-moderna-canilla-monocoma,Fravega,OTRAS,Herramientas,Grifería Cocina Moderna Canilla Monocomando Extensible Negro Mate Waggs,https://www.fravega.com/p/griferia-cocina-moderna-canilla-monocomando-extensible-negro-mate-waggs-22084863/,111986.0,62399.0,1,True
FRA-escalera-plegable-de-acero-2-escalones-b,Fravega,ACER,Herramientas,Escalera Plegable de Acero 2 Escalones Bontella,https://www.fravega.com/p/escalera-plegable-de-acero-2-escalones-bontella-22726534/,69999.0,41999.0,1,True
FRA-termofusora-de-1500w-con-boquillas-y-mel,Fravega,OTRAS,Herramientas,Termofusora de 1500w con Boquillas y Meletín Gassmann,https://www.fravega.com/p/termofusora-de-1500w-con-boquillas-y-meletin-gassmann-20062984/,78314.0,64722.0,1,True
FRA-kit-de-herramientas-daewoo-set-108-pzs-d,Fravega,OTRAS,Herramientas,Kit de Herramientas Daewoo Set 108 Pzs DWS108B Llaves Tubo Criquet,https://www.fravega.com/p/kit-de-herramientas-daewoo-set-108-pzs-dws108b-llaves-tubo-criquet-311001/,124999.0,99999.0,1,True
FRA-rotomartillo-stanley-sthr1232k-ar-311124,Fravega,OTRAS,Herramientas,Rotomartillo Stanley STHR1232K-AR,https://www.fravega.com/p/rotomartillo-stanley-sthr1232k-ar-311124/,399999.0,299999.0,1,True
FRA-pistola-de-pintura-daewoo-hvlp-600ml-dw9,Fravega,OTRAS,Herramientas,Pistola de Pintura Daewoo HVLP 600ml DW9U,https://www.fravega.com/p/pistola-de-pintura-daewoo-hvlp-600ml-dw9u-310771/,69999.0,39999.0,1,True
FRA-griferia-eurogrif-monocomando-cocina-roc,Fravega,OTRAS,Herramientas,Griferia Eurogrif Monocomando Cocina Rociador Flexible Gourmet,https://www.fravega.com/p/griferia-eurogrif-monocomando-cocina-rociador-flexible-gourmet-311354/,59999.0,49999.0,1,True
FRA-set-konan-100-piezas-mechas-puntas-sierr,Fravega,OTRAS,Herramientas,Set Konan 100 Piezas Mechas Puntas Sierras Copa Para Taladro,https://www.fravega.com/p/set-konan-100-piezas-mechas-puntas-sierras-copa-para-taladro-990243081/,96642.0,37990.0,1,True
FRA-desmalezadora-2-5-hp-1-65-kw-6500-7000-r,Fravega,HP,Herramientas,Desmalezadora 2.5 HP 1.65 KW 6500-7000 ROM Konan KDE/52P,https://www.fravega.com/p/desmalezadora-2-5-hp-1-65-kw-6500-7000-rom-konan-kde-52p-20012854/,219999.0,139999.0,1,True
FRA-revestimiento-wall-panel-decorativo-pare,Fravega,OTRAS,Herramientas,"Revestimiento Wall Panel Decorativo Pared Varillado Acanalado Eps Sólido Liston De 290x1,2x12cm Acabado Mate Color Teka Marca Homeco.",https://www.fravega.com/p/revestimiento-wall-panel-decorativo-pared-varillado-acanalado-eps-solido-liston-de-290x1-2x12cm-acabado-mate-color-teka-marca-homeco--22716869/,16534.39,12499.0,1,True
FRA-amoladora-angular-black--decker-g720n-ar,Fravega,OTRAS,Herramientas,Amoladora Angular Black & Decker G720N-AR,https://www.fravega.com/p/amoladora-angular-black--decker-g720n-ar-310339/,72999.0,59999.0,1,True
FRA-set-herramientas-manuales-black--decker-,Fravega,OTRAS,Herramientas,Set Herramientas Manuales Black & Decker 152 Pzs BMT152C-AR,https://www.fravega.com/p/set-herramientas-manuales-black--decker-152-pzs-bmt152c-ar-310584/,94999.0,69999.0,1,True
FRA-revestimiento-wall-panel-decorativo-pare,Fravega,OTRAS,Herramientas,"Revestimiento Wall Panel Decorativo Pared Varillado Acanalado Eps Sólido Liston De 290x1,2x12cm Acabado Mate Color Roble Marca Homeco.",https://www.fravega.com/p/revestimiento-wall-panel-decorativo-pared-varillado-acanalado-eps-solido-liston-de-290x1-2x12cm-acabado-mate-color-roble-marca-homeco--22716868/,16534.39,12499.0,1,True
FRA-revestimiento-wall-panel-varillado-eps-s,Fravega,OTRAS,Herramientas,Revestimiento Wall Panel Varillado EPS Sólido 12mm x 290cm NEGRO,https://www.fravega.com/p/revestimiento-wall-panel-varillado-eps-solido-12mm-x-290cm-negro-22864394/,16534.39,12499.0,1,True
FRA-zocalo-pvc-eps-anti-humedad-piso-vinilic,Fravega,OTRAS,Herramientas,"Zocalo Pvc Eps Anti Humedad Piso Vinilico 7cm Blanco Venta x Tira de 240x1,2x7cm",https://www.fravega.com/p/zocalo-pvc-eps-anti-humedad-piso-vinilico-7cm-blanco-venta-x-tira-de-240x1-2x7cm-22716049/,10970.26,10299.0,1,True
FRA-revestimiento-wall-panel-decorativo-pare,Fravega,OTRAS,Herramientas,"Revestimiento Wall Panel Decorativo Pared Varillado Acanalado Eps Sólido Liston De 290x1,2x12cm Acabado Mate Color Ceniza Marca Homeco.",https://www.fravega.com/p/revestimiento-wall-panel-decorativo-pared-varillado-acanalado-eps-solido-liston-de-290x1-2x12cm-acabado-mate-color-ceniza-marca-homeco--22716871/,16534.39,12499.0,1,True
FRA-escalera-de-aluminio-4x4-articulada-16-e,Fravega,OTRAS,Herramientas,"Escalera de Aluminio 4x4 Articulada 16 Escalones Garden Life TE1700 Multipropósito 4,35 mts",https://www.fravega.com/p/escalera-de-aluminio-4x4-articulada-16-escalones-garden-life-te1700-multiproposito-4-35-mts-310862/,219999.0,179999.0,1,True
FRA-amoladora-angular-taladro-percutor-daewo,Fravega,OTRAS,Herramientas,Amoladora Angular + Taladro Percutor Daewoo 750w Combo Pack,https://www.fravega.com/p/amoladora-angular-taladro-percutor-daewoo-750w-combo-pack-311188/,129999.0,89999.0,1,True
FRA-revestimiento-wall-panel-varillado-eps-s,Fravega,OTRAS,Herramientas,Revestimiento Wall Panel Varillado EPS Sólido 12mm x 290cm GRIS,https://www.fravega.com/p/revestimiento-wall-panel-varillado-eps-solido-12mm-x-290cm-gris-22864393/,16534.39,12499.0,1,True
FRA-amoladora-bosch-gws-700-professional-115,Fravega,BOSCH,Herramientas,Amoladora Bosch GWS 700 Professional 115mm 12000 RPM 220v,https://www.fravega.com/p/amoladora-bosch-gws-700-professional-115mm-12000-rpm-220v-310453/,154999.0,79999.0,1,True
FRA-bomba-presurizadora-120w-2-banos-vasser-,Fravega,OTRAS,Herramientas,Bomba Presurizadora 120w 2 Banos Vasser By Motorarg Presion,https://www.fravega.com/p/bomba-presurizadora-120w-2-banos-vasser-by-motorarg-presion-22744477/,84800.8,47869.0,1,True
FRA-escalera-de-aluminio-4x3-articulada-12-e,Fravega,OTRAS,Herramientas,Escalera de Aluminio 4x3 Articulada 12 Escalones Garden Life 3.42 mts Multipropósito,https://www.fravega.com/p/escalera-de-aluminio-4x3-articulada-12-escalones-garden-life-3-42-mts-multiproposito-311015/,179999.0,129999.0,1,True
FRA-compresor-de-aire-portatil-inflador-pote,Fravega,OTRAS,Herramientas,Compresor de Aire Portátil Inflador Potente 150 Psi Waggs,https://www.fravega.com/p/compresor-de-aire-portatil-inflador-potente-150-psi-waggs-22492373/,62986.0,38249.0,1,True
FRA-revestimiento-wall-panel-decorativo-pare,Fravega,OTRAS,Herramientas,"Revestimiento Wall Panel Decorativo Pared Varillado Acanalado Eps Sólido Liston De 290x1,2x12cm Acabado Mate Color BlancoMarca Homeco.",https://www.fravega.com/p/revestimiento-wall-panel-decorativo-pared-varillado-acanalado-eps-solido-liston-de-290x1-2x12cm-acabado-mate-color-blancomarca-homeco--22716870/,16534.39,12499.0,1,True
FRA-griferia-cocina-moderna-canilla-monocoma,Fravega,OTRAS,Herramientas,Grifería Cocina Moderna Canilla Monocomando Extensible Negro Mate Waggs,https://www.fravega.com/p/griferia-cocina-moderna-canilla-monocomando-extensible-negro-mate-waggs-22084863/,111986.0,62399.0,1,True
FRA-kit-de-herramientas-daewoo-set-96-pzs-da,Fravega,OTRAS,Herramientas,Kit de Herramientas Daewoo Set 96 Pzs DAHTS96 Tubos c/ Maletín,https://www.fravega.com/p/kit-de-herramientas-daewoo-set-96-pzs-dahts96-tubos-c-maletin-311011/,129999.0,79999.0,1,True
FRA-set-x3-pinzas-universal-alicate-punta-he,Fravega,OTRAS,Herramientas,Set X3 Pinzas Universal Alicate Punta Herramientas Manuales RJ3809,https://www.fravega.com/p/set-x3-pinzas-universal-alicate-punta-herramientas-manuales-rj3809-22606388/,13847.44,7599.0,1,True
FRA-griferia-eurogrif-monocomando-cocina-roc,Fravega,OTRAS,Herramientas,Griferia Eurogrif Monocomando Cocina Rociador Flexible Gourmet,https://www.fravega.com/p/griferia-eurogrif-monocomando-cocina-rociador-flexible-gourmet-311354/,59999.0,49999.0,1,True
FRA-griferia-mezcladora-pico-curva-abieta-es,Fravega,OTRAS,Herramientas,Griferia Mezcladora Pico Curva Abieta Estrella GF032,https://www.fravega.com/p/griferia-mezcladora-pico-curva-abieta-estrella-gf032-22742469/,27500.0,19000.0,1,True
FRA-kit-de-herramientas-daewoo-set-108-pzs-d,Fravega,OTRAS,Herramientas,Kit de Herramientas Daewoo Set 108 Pzs DWS108B Llaves Tubo Criquet,https://www.fravega.com/p/kit-de-herramientas-daewoo-set-108-pzs-dws108b-llaves-tubo-criquet-311001/,124999.0,99999.0,1,True
FRA-generador-electrico-2500w-verde-y-negro-,Fravega,OTRAS,Herramientas,Generador Eléctrico 2500W Verde y Negro GE-PH2500AL,https://www.fravega.com/p/generador-electrico-2500w-verde-y-negro-ge-ph2500al-990237621/,472999.0,267999.0,1,True
FRA-zocalo-led-pvc-eps-anti-humedad-piso-vin,Fravega,OTRAS,Herramientas,Zocalo Led Pvc Eps Anti Humedad Piso Vinilico 10cm Color Blanco Marca HomeCo.,https://www.fravega.com/p/zocalo-led-pvc-eps-anti-humedad-piso-vinilico-10cm-color-blanco-marca-homeco--22865963/,35213.18,18988.0,1,True
FRA-rotomartillo-stanley-sthr1232k-ar-311124,Fravega,OTRAS,Herramientas,Rotomartillo Stanley STHR1232K-AR,https://www.fravega.com/p/rotomartillo-stanley-sthr1232k-ar-311124/,399999.0,299999.0,1,True
FRA-termofusora-de-1500w-con-boquillas-y-mel,Fravega,OTRAS,Herramientas,Termofusora de 1500w con Boquillas y Meletín Gassmann,https://www.fravega.com/p/termofusora-de-1500w-con-boquillas-y-meletin-gassmann-20062984/,78314.0,64722.0,1,True
FRA-pistola-de-pintura-daewoo-hvlp-600ml-dw9,Fravega,OTRAS,Herramientas,Pistola de Pintura Daewoo HVLP 600ml DW9U,https://www.fravega.com/p/pistola-de-pintura-daewoo-hvlp-600ml-dw9u-310771/,69999.0,39999.0,1,True
FRA-escalera-plegable-de-acero-2-escalones-b,Fravega,ACER,Herramientas,Escalera Plegable de Acero 2 Escalones Bontella,https://www.fravega.com/p/escalera-plegable-de-acero-2-escalones-bontella-22726534/,69999.0,41999.0,1,True
FRA-set-konan-100-piezas-mechas-puntas-sierr,Fravega,OTRAS,Herramientas,Set Konan 100 Piezas Mechas Puntas Sierras Copa Para Taladro,https://www.fravega.com/p/set-konan-100-piezas-mechas-puntas-sierras-copa-para-taladro-990243081/,96642.0,37990.0,1,True
FRA-desmalezadora-2-5-hp-1-65-kw-6500-7000-r,Fravega,HP,Herramientas,Desmalezadora 2.5 HP 1.65 KW 6500-7000 ROM Konan KDE/52P,https://www.fravega.com/p/desmalezadora-2-5-hp-1-65-kw-6500-7000-rom-konan-kde-52p-20012854/,219999.0,139999.0,1,True
FRA-revestimiento-wall-panel-decorativo-pare,Fravega,OTRAS,Herramientas,"Revestimiento Wall Panel Decorativo Pared Varillado Acanalado Eps Sólido Liston De 290x1,2x12cm Acabado Mate Color Teka Marca Homeco.",https://www.fravega.com/p/revestimiento-wall-panel-decorativo-pared-varillado-acanalado-eps-solido-liston-de-290x1-2x12cm-acabado-mate-color-teka-marca-homeco--22716869/,16534.39,12499.0,1,True
FRA-amoladora-angular-black--decker-g720n-ar,Fravega,OTRAS,Herramientas,Amoladora Angular Black & Decker G720N-AR,https://www.fravega.com/p/amoladora-angular-black--decker-g720n-ar-310339/,72999.0,59999.0,1,True
FRA-set-herramientas-manuales-black--decker-,Fravega,OTRAS,Herramientas,Set Herramientas Manuales Black & Decker 152 Pzs BMT152C-AR,https://www.fravega.com/p/set-herramientas-manuales-black--decker-152-pzs-bmt152c-ar-310584/,94999.0,69999.0,1,True
FRA-revestimiento-wall-panel-decorativo-pare,Fravega,OTRAS,Herramientas,"Revestimiento Wall Panel Decorativo Pared Varillado Acanalado Eps Sólido Liston De 290x1,2x12cm Acabado Mate Color Roble Marca Homeco.",https://www.fravega.com/p/revestimiento-wall-panel-decorativo-pared-varillado-acanalado-eps-solido-liston-de-290x1-2x12cm-acabado-mate-color-roble-marca-homeco--22716868/,16534.39,12499.0,1,True
FRA-revestimiento-wall-panel-varillado-eps-s,Fravega,OTRAS,Herramientas,Revestimiento Wall Panel Varillado EPS Sólido 12mm x 290cm NEGRO,https://www.fravega.com/p/revestimiento-wall-panel-varillado-eps-solido-12mm-x-290cm-negro-22864394/,16534.39,12499.0,1,True
FRA-zocalo-pvc-eps-anti-humedad-piso-vinilic,Fravega,OTRAS,Herramientas,"Zocalo Pvc Eps Anti Humedad Piso Vinilico 7cm Blanco Venta x Tira de 240x1,2x7cm",https://www.fravega.com/p/zocalo-pvc-eps-anti-humedad-piso-vinilico-7cm-blanco-venta-x-tira-de-240x1-2x7cm-22716049/,10970.26,10299.0,1,True
FRA-revestimiento-wall-panel-decorativo-pare,Fravega,OTRAS,Herramientas,"Revestimiento Wall Panel Decorativo Pared Varillado Acanalado Eps Sólido Liston De 290x1,2x12cm Acabado Mate Color Ceniza Marca Homeco.",https://www.fravega.com/p/revestimiento-wall-panel-decorativo-pared-varillado-acanalado-eps-solido-liston-de-290x1-2x12cm-acabado-mate-color-ceniza-marca-homeco--22716871/,16534.39,12499.0,1,True
FRA-escalera-de-aluminio-4x4-articulada-16-e,Fravega,OTRAS,Herramientas,"Escalera de Aluminio 4x4 Articulada 16 Escalones Garden Life TE1700 Multipropósito 4,35 mts",https://www.fravega.com/p/escalera-de-aluminio-4x4-articulada-16-escalones-garden-life-te1700-multiproposito-4-35-mts-310862/,219999.0,179999.0,1,True
FRA-amoladora-angular-taladro-percutor-daewo,Fravega,OTRAS,Herramientas,Amoladora Angular + Taladro Percutor Daewoo 750w Combo Pack,https://www.fravega.com/p/amoladora-angular-taladro-percutor-daewoo-750w-combo-pack-311188/,129999.0,89999.0,1,True
FRA-revestimiento-wall-panel-varillado-eps-s,Fravega,OTRAS,Herramientas,Revestimiento Wall Panel Varillado EPS Sólido 12mm x 290cm GRIS,https://www.fravega.com/p/revestimiento-wall-panel-varillado-eps-solido-12mm-x-290cm-gris-22864393/,16534.39,12499.0,1,True
FRA-amoladora-bosch-gws-700-professional-115,Fravega,BOSCH,Herramientas,Amoladora Bosch GWS 700 Professional 115mm 12000 RPM 220v,https://www.fravega.com/p/amoladora-bosch-gws-700-professional-115mm-12000-rpm-220v-310453/,154999.0,79999.0,1,True
FRA-bomba-presurizadora-120w-2-banos-vasser-,Fravega,OTRAS,Herramientas,Bomba Presurizadora 120w 2 Banos Vasser By Motorarg Presion,https://www.fravega.com/p/bomba-presurizadora-120w-2-banos-vasser-by-motorarg-presion-22744477/,84800.8,47869.0,1,True
FRA-escalera-de-aluminio-4x3-articulada-12-e,Fravega,OTRAS,Herramientas,Escalera de Aluminio 4x3 Articulada 12 Escalones Garden Life 3.42 mts Multipropósito,https://www.fravega.com/p/escalera-de-aluminio-4x3-articulada-12-escalones-garden-life-3-42-mts-multiproposito-311015/,179999.0,129999.0,1,True
FRA-compresor-de-aire-portatil-inflador-pote,Fravega,OTRAS,Herramientas,Compresor de Aire Portátil Inflador Potente 150 Psi Waggs,https://www.fravega.com/p/compresor-de-aire-portatil-inflador-potente-150-psi-waggs-22492373/,62986.0,38249.0,1,True
FRA-revestimiento-wall-panel-decorativo-pare,Fravega,OTRAS,Herramientas,"Revestimiento Wall Panel Decorativo Pared Varillado Acanalado Eps Sólido Liston De 290x1,2x12cm Acabado Mate Color BlancoMarca Homeco.",https://www.fravega.com/p/revestimiento-wall-panel-decorativo-pared-varillado-acanalado-eps-solido-liston-de-290x1-2x12cm-acabado-mate-color-blancomarca-homeco--22716870/,16534.39,12499.0,1,True
FRA-generador-electrico-2500w-verde-y-negro-,Fravega,OTRAS,Herramientas,Generador Eléctrico 2500W Verde y Negro GE-PH2500AL,https://www.fravega.com/p/generador-electrico-2500w-verde-y-negro-ge-ph2500al-990237621/,472999.0,267999.0,1,True
FRA-kit-de-herramientas-daewoo-set-96-pzs-da,Fravega,OTRAS,Herramientas,Kit de Herramientas Daewoo Set 96 Pzs DAHTS96 Tubos c/ Maletín,https://www.fravega.com/p/kit-de-herramientas-daewoo-set-96-pzs-dahts96-tubos-c-maletin-311011/,129999.0,79999.0,1,True
FRA-set-x3-pinzas-universal-alicate-punta-he,Fravega,OTRAS,Herramientas,Set X3 Pinzas Universal Alicate Punta Herramientas Manuales RJ3809,https://www.fravega.com/p/set-x3-pinzas-universal-alicate-punta-herramientas-manuales-rj3809-22606388/,13847.44,7599.0,1,True
FRA-griferia-mezcladora-pico-curva-abieta-es,Fravega,OTRAS,Herramientas,Griferia Mezcladora Pico Curva Abieta Estrella GF032,https://www.fravega.com/p/griferia-mezcladora-pico-curva-abieta-estrella-gf032-22742469/,27500.0,19000.0,1,True
FRA-zocalo-led-pvc-eps-anti-humedad-piso-vin,Fravega,OTRAS,Herramientas,Zocalo Led Pvc Eps Anti Humedad Piso Vinilico 10cm Color Blanco Marca HomeCo.,https://www.fravega.com/p/zocalo-led-pvc-eps-anti-humedad-piso-vinilico-10cm-color-blanco-marca-homeco--22865963/,35213.18,18988.0,1,True
FRA-griferia-cocina-moderna-canilla-monocoma,Fravega,OTRAS,Herramientas,Grifería Cocina Moderna Canilla Monocomando Extensible Negro Mate Waggs,https://www.fravega.com/p/griferia-cocina-moderna-canilla-monocomando-extensible-negro-mate-waggs-22084863/,111986.0,62399.0,1,True
FRA-escalera-plegable-de-acero-2-escalones-b,Fravega,ACER,Herramientas,Escalera Plegable de Acero 2 Escalones Bontella,https://www.fravega.com/p/escalera-plegable-de-acero-2-escalones-bontella-22726534/,69999.0,41999.0,1,True
FRA-termofusora-de-1500w-con-boquillas-y-mel,Fravega,OTRAS,Herramientas,Termofusora de 1500w con Boquillas y Meletín Gassmann,https://www.fravega.com/p/termofusora-de-1500w-con-boquillas-y-meletin-gassmann-20062984/,78314.0,64722.0,1,True
FRA-kit-de-herramientas-daewoo-set-108-pzs-d,Fravega,OTRAS,Herramientas,Kit de Herramientas Daewoo Set 108 Pzs DWS108B Llaves Tubo Criquet,https://www.fravega.com/p/kit-de-herramientas-daewoo-set-108-pzs-dws108b-llaves-tubo-criquet-311001/,124999.0,99999.0,1,True
FRA-rotomartillo-stanley-sthr1232k-ar-311124,Fravega,OTRAS,Herramientas,Rotomartillo Stanley STHR1232K-AR,https://www.fravega.com/p/rotomartillo-stanley-sthr1232k-ar-311124/,399999.0,299999.0,1,True
FRA-pistola-de-pintura-daewoo-hvlp-600ml-dw9,Fravega,OTRAS,Herramientas,Pistola de Pintura Daewoo HVLP 600ml DW9U,https://www.fravega.com/p/pistola-de-pintura-daewoo-hvlp-600ml-dw9u-310771/,69999.0,39999.0,1,True
FRA-griferia-eurogrif-monocomando-cocina-roc,Fravega,OTRAS,Herramientas,Griferia Eurogrif Monocomando Cocina Rociador Flexible Gourmet,https://www.fravega.com/p/griferia-eurogrif-monocomando-cocina-rociador-flexible-gourmet-311354/,59999.0,49999.0,1,True
FRA-set-konan-100-piezas-mechas-puntas-sierr,Fravega,OTRAS,Herramientas,Set Konan 100 Piezas Mechas Puntas Sierras Copa Para Taladro,https://www.fravega.com/p/set-konan-100-piezas-mechas-puntas-sierras-copa-para-taladro-990243081/,96642.0,37990.0,1,True
FRA-desmalezadora-2-5-hp-1-65-kw-6500-7000-r,Fravega,HP,Herramientas,Desmalezadora 2.5 HP 1.65 KW 6500-7000 ROM Konan KDE/52P,https://www.fravega.com/p/desmalezadora-2-5-hp-1-65-kw-6500-7000-rom-konan-kde-52p-20012854/,219999.0,139999.0,1,True
FRA-revestimiento-wall-panel-decorativo-pare,Fravega,OTRAS,Herramientas,"Revestimiento Wall Panel Decorativo Pared Varillado Acanalado Eps Sólido Liston De 290x1,2x12cm Acabado Mate Color Teka Marca Homeco.",https://www.fravega.com/p/revestimiento-wall-panel-decorativo-pared-varillado-acanalado-eps-solido-liston-de-290x1-2x12cm-acabado-mate-color-teka-marca-homeco--22716869/,16534.39,12499.0,1,True
FRA-amoladora-angular-black--decker-g720n-ar,Fravega,OTRAS,Herramientas,Amoladora Angular Black & Decker G720N-AR,https://www.fravega.com/p/amoladora-angular-black--decker-g720n-ar-310339/,72999.0,59999.0,1,True
FRA-set-herramientas-manuales-black--decker-,Fravega,OTRAS,Herramientas,Set Herramientas Manuales Black & Decker 152 Pzs BMT152C-AR,https://www.fravega.com/p/set-herramientas-manuales-black--decker-152-pzs-bmt152c-ar-310584/,94999.0,69999.0,1,True
FRA-revestimiento-wall-panel-decorativo-pare,Fravega,OTRAS,Herramientas,"Revestimiento Wall Panel Decorativo Pared Varillado Acanalado Eps Sólido Liston De 290x1,2x12cm Acabado Mate Color Roble Marca Homeco.",https://www.fravega.com/p/revestimiento-wall-panel-decorativo-pared-varillado-acanalado-eps-solido-liston-de-290x1-2x12cm-acabado-mate-color-roble-marca-homeco--22716868/,16534.39,12499.0,1,True
FRA-revestimiento-wall-panel-varillado-eps-s,Fravega,OTRAS,Herramientas,Revestimiento Wall Panel Varillado EPS Sólido 12mm x 290cm NEGRO,https://www.fravega.com/p/revestimiento-wall-panel-varillado-eps-solido-12mm-x-290cm-negro-22864394/,16534.39,12499.0,1,True
FRA-zocalo-pvc-eps-anti-humedad-piso-vinilic,Fravega,OTRAS,Herramientas,"Zocalo Pvc Eps Anti Humedad Piso Vinilico 7cm Blanco Venta x Tira de 240x1,2x7cm",https://www.fravega.com/p/zocalo-pvc-eps-anti-humedad-piso-vinilico-7cm-blanco-venta-x-tira-de-240x1-2x7cm-22716049/,10970.26,10299.0,1,True
FRA-revestimiento-wall-panel-decorativo-pare,Fravega,OTRAS,Herramientas,"Revestimiento Wall Panel Decorativo Pared Varillado Acanalado Eps Sólido Liston De 290x1,2x12cm Acabado Mate Color Ceniza Marca Homeco.",https://www.fravega.com/p/revestimiento-wall-panel-decorativo-pared-varillado-acanalado-eps-solido-liston-de-290x1-2x12cm-acabado-mate-color-ceniza-marca-homeco--22716871/,16534.39,12499.0,1,True
FRA-escalera-de-aluminio-4x4-articulada-16-e,Fravega,OTRAS,Herramientas,"Escalera de Aluminio 4x4 Articulada 16 Escalones Garden Life TE1700 Multipropósito 4,35 mts",https://www.fravega.com/p/escalera-de-aluminio-4x4-articulada-16-escalones-garden-life-te1700-multiproposito-4-35-mts-310862/,219999.0,179999.0,1,True
FRA-amoladora-angular-taladro-percutor-daewo,Fravega,OTRAS,Herramientas,Amoladora Angular + Taladro Percutor Daewoo 750w Combo Pack,https://www.fravega.com/p/amoladora-angular-taladro-percutor-daewoo-750w-combo-pack-311188/,129999.0,89999.0,1,True
FRA-revestimiento-wall-panel-varillado-eps-s,Fravega,OTRAS,Herramientas,Revestimiento Wall Panel Varillado EPS Sólido 12mm x 290cm GRIS,https://www.fravega.com/p/revestimiento-wall-panel-varillado-eps-solido-12mm-x-290cm-gris-22864393/,16534.39,12499.0,1,True
FRA-amoladora-bosch-gws-700-professional-115,Fravega,BOSCH,Herramientas,Amoladora Bosch GWS 700 Professional 115mm 12000 RPM 220v,https://www.fravega.com/p/amoladora-bosch-gws-700-professional-115mm-12000-rpm-220v-310453/,154999.0,79999.0,1,True
FRA-bomba-presurizadora-120w-2-banos-vasser-,Fravega,OTRAS,Herramientas,Bomba Presurizadora 120w 2 Banos Vasser By Motorarg Presion,https://www.fravega.com/p/bomba-presurizadora-120w-2-banos-vasser-by-motorarg-presion-22744477/,84800.8,47869.0,1,True
FRA-escalera-de-aluminio-4x3-articulada-12-e,Fravega,OTRAS,Herramientas,Escalera de Aluminio 4x3 Articulada 12 Escalones Garden Life 3.42 mts Multipropósito,https://www.fravega.com/p/escalera-de-aluminio-4x3-articulada-12-escalones-garden-life-3-42-mts-multiproposito-311015/,179999.0,129999.0,1,True
FRA-compresor-de-aire-portatil-inflador-pote,Fravega,OTRAS,Herramientas,Compresor de Aire Portátil Inflador Potente 150 Psi Waggs,https://www.fravega.com/p/compresor-de-aire-portatil-inflador-potente-150-psi-waggs-22492373/,62986.0,38249.0,1,True
FRA-revestimiento-wall-panel-decorativo-pare,Fravega,OTRAS,Herramientas,"Revestimiento Wall Panel Decorativo Pared Varillado Acanalado Eps Sólido Liston De 290x1,2x12cm Acabado Mate Color BlancoMarca Homeco.",https://www.fravega.com/p/revestimiento-wall-panel-decorativo-pared-varillado-acanalado-eps-solido-liston-de-290x1-2x12cm-acabado-mate-color-blancomarca-homeco--22716870/,16534.39,12499.0,1,True
FRA-auriculares-inalambricos-tws-soundcore-b,Fravega,OTRAS,Audio,Auriculares Inalámbricos Tws Soundcore By Anker P30i Black Negro,https://www.fravega.com/p/auriculares-inalambricos-tws-soundcore-by-anker-p30i-black-negro-990283264/,53499.0,48999.0,1,True
FRA-torre-de-sonido-aiwa-aw-t381-7000-watts-,Fravega,OTRAS,Audio,Torre de Sonido Aiwa AW-T381 7000 Watts + Micrófono,https://www.fravega.com/p/torre-de-sonido-aiwa-aw-t381-7000-watts-microfono-401702/,249999.0,159999.0,1,True
FRA-auricular-con-vincha-aiwa-aw-avb602n-597,Fravega,OTRAS,Audio,Auricular con Vincha Aiwa AW-AVB602N,https://www.fravega.com/p/auricular-con-vincha-aiwa-aw-avb602n-597402/,71099.0,59999.0,1,True
FRA-parlante-portatil-bluetooth-philco-djp11,Fravega,PHILCO,Audio,Parlante Portátil Bluetooth Philco DJP11,https://www.fravega.com/p/parlante-portatil-bluetooth-philco-djp11-401443/,83999.0,59999.0,1,True
FRA-auriculares-philips-tae2146bk-00-596766,Fravega,PHILIPS,Audio,Auriculares Philips TAE2146BK/00,https://www.fravega.com/p/auriculares-philips-tae2146bk-00-596766/,14999.0,11999.0,1,True
FRA-auriculares-inalambricos-sony-wf-c510-bz,Fravega,SONY,Audio,Auriculares Inalámbricos Sony WF-C510/BZ Negro,https://www.fravega.com/p/auriculares-inalambricos-sony-wf-c510-bz-negro-596855/,139999.0,109999.0,1,True
FRA-auriculares-jbl-bluetooth-tune-770nc-bla,Fravega,OTRAS,Audio,Auriculares JBL Bluetooth Tune 770NC Blanco,https://www.fravega.com/p/auriculares-jbl-bluetooth-tune-770nc-blanco-596251/,182849.0,151114.88,1,True
FRA-auriculares-sony-wi-c100-bz-negro-596231,Fravega,SONY,Audio,Auriculares Sony WI-C100/BZ Negro,https://www.fravega.com/p/auriculares-sony-wi-c100-bz-negro-596231/,69999.0,59999.0,1,True
FRA-auriculares-bt-noblex-94hp350btw-white-5,Fravega,NOBLEX,Audio,Auriculares BT Noblex 94HP350BTW White,https://www.fravega.com/p/auriculares-bt-noblex-94hp350btw-white-596221/,55999.0,47999.0,1,True
FRA-auriculares-sony-wf-c710n-bzuc-596812,Fravega,SONY,Audio,Auriculares Sony WF-C710N/BZUC,https://www.fravega.com/p/auriculares-sony-wf-c710n-bzuc-596812/,199999.0,179999.0,1,True
FRA-parlante-jbl-flip-7-negro-401562,Fravega,OTRAS,Audio,Parlante JBL Flip 7 Negro,https://www.fravega.com/p/parlante-jbl-flip-7-negro-401562/,314999.0,282999.0,1,True
FRA-sistema-de-sonido-parlante-philco-tdp215,Fravega,PHILCO,Audio,Sistema de Sonido Parlante Philco TDP215,https://www.fravega.com/p/sistema-de-sonido-parlante-philco-tdp215-401698/,769999.0,549999.0,1,True
FRA-parlante-portatil-panacom-sp-3044-401645,Fravega,OTRAS,Audio,Parlante Portátil Panacom SP-3044,https://www.fravega.com/p/parlante-portatil-panacom-sp-3044-401645/,89999.0,39999.0,1,True
FRA-parlante-soundcore-rave-3s-200w-karaoke-,Fravega,OTRAS,Audio,Parlante Soundcore Rave 3S 200W Karaoke con Inteligencia Artificial + 2 Micrófonos Inalámbricos,https://www.fravega.com/p/parlante-soundcore-rave-3s-200w-karaoke-con-inteligencia-artificial-2-microfonos-inalambricos-401587/,899999.0,604999.0,1,True
FRA-auricular-xiaomi-redmi-buds-5-pro-midnig,Fravega,XIAOMI,Audio,Auricular Xiaomi Redmi Buds 5 Pro Midnight Black Color Negro,https://www.fravega.com/p/auricular-xiaomi-redmi-buds-5-pro-midnight-black-color-negro-22652382/,137999.0,109999.0,1,True
FRA-audifonos-inalambricos-xiaomi-redmi-buds,Fravega,XIAOMI,Audio,Audifonos Inalambricos Xiaomi Redmi Buds 6 Play Bt 5.4 Color Sky Blue,https://www.fravega.com/p/audifonos-inalambricos-xiaomi-redmi-buds-6-play-bt-5-4-color-sky-blue-22803217/,37999.0,29999.0,1,True
FRA-parlante-soundcore-bt-boom-2--401585,Fravega,OTRAS,Audio,Parlante Soundcore BT Boom 2,https://www.fravega.com/p/parlante-soundcore-bt-boom-2--401585/,399999.0,302499.0,1,True
FRA-sistema-de-audio-philips-tax5309-77-4015,Fravega,PHILIPS,Audio,Sistema de Audio Philips TAX5309/77,https://www.fravega.com/p/sistema-de-audio-philips-tax5309-77-401521/,612019.0,499999.0,1,True
FRA-sistema-de-sonido-philco-94tpl5500-negro,Fravega,PHILCO,Audio,Sistema de Sonido Philco 94TPL5500 Negro,https://www.fravega.com/p/sistema-de-sonido-philco-94tpl5500-negro-401381/,579999.0,499999.0,1,True
FRA-auriculares-admiral-ad-f9-negro-596383,Fravega,OTRAS,Audio,Auriculares Admiral AD-F9 Negro,https://www.fravega.com/p/auriculares-admiral-ad-f9-negro-596383/,12999.0,7999.0,1,True
FRA-auriculares-inalambricos-aiwa-twa-100-ne,Fravega,OTRAS,Audio,Auriculares Inalámbricos Aiwa TWA-100 Negro,https://www.fravega.com/p/auriculares-inalambricos-aiwa-twa-100-negro-596089/,44999.0,12999.0,1,True
FRA-auriculares-admiral-ad-m90-negro-596931,Fravega,OTRAS,Audio,Auriculares Admiral AD-M90 Negro,https://www.fravega.com/p/auriculares-admiral-ad-m90-negro-596931/,15999.0,7999.0,1,True
FRA-auriculares-admiral-ad-k6-negro-596363,Fravega,OTRAS,Audio,Auriculares Admiral AD-K6 Negro,https://www.fravega.com/p/auriculares-admiral-ad-k6-negro-596363/,12999.0,7999.0,1,True
FRA-auricular-aiwa-twa-80b-blanco-595837,Fravega,OTRAS,Audio,Auricular Aiwa TWA-80B Blanco,https://www.fravega.com/p/auricular-aiwa-twa-80b-blanco-595837/,29999.0,10999.0,1,True
FRA-auriculares-xiaomi-redmi-buds-6-play-blu,Fravega,XIAOMI,Audio,Auriculares Xiaomi Redmi Buds 6 Play Bluetooth 5.4 White,https://www.fravega.com/p/auriculares-xiaomi-redmi-buds-6-play-bluetooth-5-4-white-22624553/,34999.0,24999.0,1,True
FRA-parlante-portatil-jbl-go-4-red-402040,Fravega,OTRAS,Audio,Parlante Portátil JBL Go 4 Red,https://www.fravega.com/p/parlante-portatil-jbl-go-4-red-402040/,99999.0,69999.0,1,True
FRA-auriculares-xiaomi-redmi-buds-6-play-neg,Fravega,XIAOMI,Audio,Auriculares Xiaomi Redmi Buds 6 Play Negro,https://www.fravega.com/p/auriculares-xiaomi-redmi-buds-6-play-negro-596467/,37999.0,31404.13,1,True
FRA-auricular-aiwa-twa-70n-negro-595753,Fravega,OTRAS,Audio,Auricular Aiwa TWA-70N Negro,https://www.fravega.com/p/auricular-aiwa-twa-70n-negro-595753/,39999.0,12999.0,1,True
FRA-auriculares-ear-jbl-c50hi-cable-auxiliar,Fravega,OTRAS,Audio,Auriculares In-Ear JBL C50HI Cable Auxiliar 3.5mm Con Microfono,https://www.fravega.com/p/auriculares-ear-jbl-c50hi-cable-auxiliar-3-5mm-con-microfono-990285956/,10601.0,9540.9,1,True
FRA-sistema-sonido-philco-94djp41-401509,Fravega,PHILCO,Audio,Sistema Sonido Philco 94DJP41,https://www.fravega.com/p/sistema-sonido-philco-94djp41-401509/,179999.0,129999.0,1,True
FRA-auriculares-soundcore-space-one-negro--5,Fravega,OTRAS,Audio,Auriculares Soundcore Space One Negro,https://www.fravega.com/p/auriculares-soundcore-space-one-negro--596476/,195999.0,179999.0,1,True
FRA-auriculares-inalambricos-tws-soundcore-b,Fravega,OTRAS,Audio,Auriculares Inalámbricos Tws Soundcore By Anker P30i Black Negro,https://www.fravega.com/p/auriculares-inalambricos-tws-soundcore-by-anker-p30i-black-negro-990283264/,53499.0,48999.0,1,True
FRA-torre-de-sonido-aiwa-aw-t381-7000-watts-,Fravega,OTRAS,Audio,Torre de Sonido Aiwa AW-T381 7000 Watts + Micrófono,https://www.fravega.com/p/torre-de-sonido-aiwa-aw-t381-7000-watts-microfono-401702/,249999.0,159999.0,1,True
FRA-auricular-con-vincha-aiwa-aw-avb602n-597,Fravega,OTRAS,Audio,Auricular con Vincha Aiwa AW-AVB602N,https://www.fravega.com/p/auricular-con-vincha-aiwa-aw-avb602n-597402/,71099.0,59999.0,1,True
FRA-parlante-portatil-bluetooth-philco-djp11,Fravega,PHILCO,Audio,Parlante Portátil Bluetooth Philco DJP11,https://www.fravega.com/p/parlante-portatil-bluetooth-philco-djp11-401443/,83999.0,59999.0,1,True
FRA-auriculares-philips-tae2146bk-00-596766,Fravega,PHILIPS,Audio,Auriculares Philips TAE2146BK/00,https://www.fravega.com/p/auriculares-philips-tae2146bk-00-596766/,14999.0,11999.0,1,True
FRA-auriculares-inalambricos-sony-wf-c510-bz,Fravega,SONY,Audio,Auriculares Inalámbricos Sony WF-C510/BZ Negro,https://www.fravega.com/p/auriculares-inalambricos-sony-wf-c510-bz-negro-596855/,139999.0,109999.0,1,True
FRA-auriculares-jbl-bluetooth-tune-770nc-bla,Fravega,OTRAS,Audio,Auriculares JBL Bluetooth Tune 770NC Blanco,https://www.fravega.com/p/auriculares-jbl-bluetooth-tune-770nc-blanco-596251/,182849.0,151114.88,1,True
FRA-auriculares-sony-wi-c100-bz-negro-596231,Fravega,SONY,Audio,Auriculares Sony WI-C100/BZ Negro,https://www.fravega.com/p/auriculares-sony-wi-c100-bz-negro-596231/,69999.0,59999.0,1,True
FRA-auriculares-bt-noblex-94hp350btw-white-5,Fravega,NOBLEX,Audio,Auriculares BT Noblex 94HP350BTW White,https://www.fravega.com/p/auriculares-bt-noblex-94hp350btw-white-596221/,55999.0,47999.0,1,True
FRA-auriculares-sony-wf-c710n-bzuc-596812,Fravega,SONY,Audio,Auriculares Sony WF-C710N/BZUC,https://www.fravega.com/p/auriculares-sony-wf-c710n-bzuc-596812/,199999.0,179999.0,1,True
FRA-parlante-jbl-flip-7-negro-401562,Fravega,OTRAS,Audio,Parlante JBL Flip 7 Negro,https://www.fravega.com/p/parlante-jbl-flip-7-negro-401562/,314999.0,282999.0,1,True
FRA-sistema-de-sonido-parlante-philco-tdp215,Fravega,PHILCO,Audio,Sistema de Sonido Parlante Philco TDP215,https://www.fravega.com/p/sistema-de-sonido-parlante-philco-tdp215-401698/,769999.0,549999.0,1,True
FRA-parlante-portatil-panacom-sp-3044-401645,Fravega,OTRAS,Audio,Parlante Portátil Panacom SP-3044,https://www.fravega.com/p/parlante-portatil-panacom-sp-3044-401645/,89999.0,39999.0,1,True
FRA-parlante-soundcore-rave-3s-200w-karaoke-,Fravega,OTRAS,Audio,Parlante Soundcore Rave 3S 200W Karaoke con Inteligencia Artificial + 2 Micrófonos Inalámbricos,https://www.fravega.com/p/parlante-soundcore-rave-3s-200w-karaoke-con-inteligencia-artificial-2-microfonos-inalambricos-401587/,899999.0,604999.0,1,True
FRA-auricular-xiaomi-redmi-buds-5-pro-midnig,Fravega,XIAOMI,Audio,Auricular Xiaomi Redmi Buds 5 Pro Midnight Black Color Negro,https://www.fravega.com/p/auricular-xiaomi-redmi-buds-5-pro-midnight-black-color-negro-22652382/,137999.0,109999.0,1,True
FRA-audifonos-inalambricos-xiaomi-redmi-buds,Fravega,XIAOMI,Audio,Audifonos Inalambricos Xiaomi Redmi Buds 6 Play Bt 5.4 Color Sky Blue,https://www.fravega.com/p/audifonos-inalambricos-xiaomi-redmi-buds-6-play-bt-5-4-color-sky-blue-22803217/,37999.0,29999.0,1,True
FRA-parlante-soundcore-bt-boom-2--401585,Fravega,OTRAS,Audio,Parlante Soundcore BT Boom 2,https://www.fravega.com/p/parlante-soundcore-bt-boom-2--401585/,399999.0,302499.0,1,True
FRA-sistema-de-audio-philips-tax5309-77-4015,Fravega,PHILIPS,Audio,Sistema de Audio Philips TAX5309/77,https://www.fravega.com/p/sistema-de-audio-philips-tax5309-77-401521/,612019.0,499999.0,1,True
FRA-sistema-de-sonido-philco-94tpl5500-negro,Fravega,PHILCO,Audio,Sistema de Sonido Philco 94TPL5500 Negro,https://www.fravega.com/p/sistema-de-sonido-philco-94tpl5500-negro-401381/,579999.0,499999.0,1,True
FRA-parlante-portatil-philco-94sph609-401481,Fravega,PHILCO,Audio,Parlante Portátil Philco 94SPH609,https://www.fravega.com/p/parlante-portatil-philco-94sph609-401481/,63999.0,39999.0,1,True
FRA-auriculares-motorola-moto-buds-065-tofu-,Fravega,MOTOROLA,Audio,Auriculares Motorola Moto Buds 065 Tofu,https://www.fravega.com/p/auriculares-motorola-moto-buds-065-tofu-596314/,59999.0,39999.0,1,True
FRA-auriculares-inalambricos-sony-wh-ch520-b,Fravega,SONY,Audio,Auriculares Inalámbricos Sony WH-CH520/BZ Negro,https://www.fravega.com/p/auriculares-inalambricos-sony-wh-ch520-bz-negro-596844/,109999.0,99999.0,1,True
FRA-auriculares-bluetooth-jbl-tune-buds-2-ne,Fravega,OTRAS,Audio,Auriculares Bluetooth JBL Tune Buds 2 Negros,https://www.fravega.com/p/auriculares-bluetooth-jbl-tune-buds-2-negros-596991/,199999.0,165288.43,1,True
FRA-auriculares-jbl-wave-flex-tws-negro-5959,Fravega,OTRAS,Audio,Auriculares JBL Wave Flex TWS Negro,https://www.fravega.com/p/auriculares-jbl-wave-flex-tws-negro-595988/,129999.0,107437.19,1,True
FRA-auriculares-bluetooth-jbl-tune-flex-2-ne,Fravega,OTRAS,Audio,Auriculares Bluetooth JBL Tune Flex 2 negros,https://www.fravega.com/p/auriculares-bluetooth-jbl-tune-flex-2-negros-597003/,214999.0,177685.12,1,True
FRA-auriculares-ear-jbl-c50hi-cable-auxiliar,Fravega,OTRAS,Audio,Auriculares In-Ear JBL C50HI Cable Auxiliar Blanco,https://www.fravega.com/p/auriculares-ear-jbl-c50hi-cable-auxiliar-blanco-990285960/,10601.0,9540.9,1,True
FRA-auriculares-xiaomi-redmi-buds-8-active-b,Fravega,XIAOMI,Audio,Auriculares Xiaomi Redmi Buds 8 Active Bluetooth Blanco,https://www.fravega.com/p/auriculares-xiaomi-redmi-buds-8-active-bluetooth-blanco-22803215/,59999.0,47999.0,1,True
FRA-auriculares-jbl-tune-720bt-white-596864,Fravega,OTRAS,Audio,Auriculares JBL Tune 720BT White,https://www.fravega.com/p/auriculares-jbl-tune-720bt-white-596864/,132999.0,109916.53,1,True
FRA-auriculares-inalambricos-thinkplus-livep,Fravega,OTRAS,Audio,Auriculares Inalambricos Thinkplus Livepods Lp40 Pro Bt Negro,https://www.fravega.com/p/auriculares-inalambricos-thinkplus-livepods-lp40-pro-bt-negro-22724643/,24381.87,20318.0,1,True
FRA-auriculares-xiaomi-redmi-buds-6-play-blu,Fravega,XIAOMI,Audio,Auriculares Xiaomi Redmi Buds 6 Play Bluetooth 5.4 Rose,https://www.fravega.com/p/auriculares-xiaomi-redmi-buds-6-play-bluetooth-5-4-rose-22624555/,37999.0,29999.0,1,True
FRA-auriculares-inalambricos-tws-soundcore-b,Fravega,OTRAS,Audio,Auriculares Inalámbricos Tws Soundcore By Anker P30i Black Negro,https://www.fravega.com/p/auriculares-inalambricos-tws-soundcore-by-anker-p30i-black-negro-990283264/,53499.0,48999.0,1,True
FRA-torre-de-sonido-aiwa-aw-t381-7000-watts-,Fravega,OTRAS,Audio,Torre de Sonido Aiwa AW-T381 7000 Watts + Micrófono,https://www.fravega.com/p/torre-de-sonido-aiwa-aw-t381-7000-watts-microfono-401702/,249999.0,159999.0,1,True
FRA-auricular-con-vincha-aiwa-aw-avb602n-597,Fravega,OTRAS,Audio,Auricular con Vincha Aiwa AW-AVB602N,https://www.fravega.com/p/auricular-con-vincha-aiwa-aw-avb602n-597402/,71099.0,59999.0,1,True
FRA-parlante-portatil-bluetooth-philco-djp11,Fravega,PHILCO,Audio,Parlante Portátil Bluetooth Philco DJP11,https://www.fravega.com/p/parlante-portatil-bluetooth-philco-djp11-401443/,83999.0,59999.0,1,True
FRA-auriculares-philips-tae2146bk-00-596766,Fravega,PHILIPS,Audio,Auriculares Philips TAE2146BK/00,https://www.fravega.com/p/auriculares-philips-tae2146bk-00-596766/,14999.0,11999.0,1,True
FRA-auriculares-inalambricos-sony-wf-c510-bz,Fravega,SONY,Audio,Auriculares Inalámbricos Sony WF-C510/BZ Negro,https://www.fravega.com/p/auriculares-inalambricos-sony-wf-c510-bz-negro-596855/,139999.0,109999.0,1,True
FRA-auriculares-jbl-bluetooth-tune-770nc-bla,Fravega,OTRAS,Audio,Auriculares JBL Bluetooth Tune 770NC Blanco,https://www.fravega.com/p/auriculares-jbl-bluetooth-tune-770nc-blanco-596251/,182849.0,151114.88,1,True
FRA-auriculares-sony-wi-c100-bz-negro-596231,Fravega,SONY,Audio,Auriculares Sony WI-C100/BZ Negro,https://www.fravega.com/p/auriculares-sony-wi-c100-bz-negro-596231/,69999.0,59999.0,1,True
FRA-auriculares-bt-noblex-94hp350btw-white-5,Fravega,NOBLEX,Audio,Auriculares BT Noblex 94HP350BTW White,https://www.fravega.com/p/auriculares-bt-noblex-94hp350btw-white-596221/,55999.0,47999.0,1,True
FRA-auriculares-sony-wf-c710n-bzuc-596812,Fravega,SONY,Audio,Auriculares Sony WF-C710N/BZUC,https://www.fravega.com/p/auriculares-sony-wf-c710n-bzuc-596812/,199999.0,179999.0,1,True
FRA-parlante-jbl-flip-7-negro-401562,Fravega,OTRAS,Audio,Parlante JBL Flip 7 Negro,https://www.fravega.com/p/parlante-jbl-flip-7-negro-401562/,314999.0,282999.0,1,True
FRA-sistema-de-sonido-parlante-philco-tdp215,Fravega,PHILCO,Audio,Sistema de Sonido Parlante Philco TDP215,https://www.fravega.com/p/sistema-de-sonido-parlante-philco-tdp215-401698/,769999.0,549999.0,1,True
FRA-parlante-portatil-panacom-sp-3044-401645,Fravega,OTRAS,Audio,Parlante Portátil Panacom SP-3044,https://www.fravega.com/p/parlante-portatil-panacom-sp-3044-401645/,89999.0,39999.0,1,True
FRA-parlante-soundcore-rave-3s-200w-karaoke-,Fravega,OTRAS,Audio,Parlante Soundcore Rave 3S 200W Karaoke con Inteligencia Artificial + 2 Micrófonos Inalámbricos,https://www.fravega.com/p/parlante-soundcore-rave-3s-200w-karaoke-con-inteligencia-artificial-2-microfonos-inalambricos-401587/,899999.0,604999.0,1,True
FRA-auricular-xiaomi-redmi-buds-5-pro-midnig,Fravega,XIAOMI,Audio,Auricular Xiaomi Redmi Buds 5 Pro Midnight Black Color Negro,https://www.fravega.com/p/auricular-xiaomi-redmi-buds-5-pro-midnight-black-color-negro-22652382/,137999.0,109999.0,1,True
FRA-audifonos-inalambricos-xiaomi-redmi-buds,Fravega,XIAOMI,Audio,Audifonos Inalambricos Xiaomi Redmi Buds 6 Play Bt 5.4 Color Sky Blue,https://www.fravega.com/p/audifonos-inalambricos-xiaomi-redmi-buds-6-play-bt-5-4-color-sky-blue-22803217/,37999.0,29999.0,1,True
FRA-parlante-soundcore-bt-boom-2--401585,Fravega,OTRAS,Audio,Parlante Soundcore BT Boom 2,https://www.fravega.com/p/parlante-soundcore-bt-boom-2--401585/,399999.0,302499.0,1,True
FRA-sistema-de-audio-philips-tax5309-77-4015,Fravega,PHILIPS,Audio,Sistema de Audio Philips TAX5309/77,https://www.fravega.com/p/sistema-de-audio-philips-tax5309-77-401521/,612019.0,499999.0,1,True
FRA-sistema-de-sonido-philco-94tpl5500-negro,Fravega,PHILCO,Audio,Sistema de Sonido Philco 94TPL5500 Negro,https://www.fravega.com/p/sistema-de-sonido-philco-94tpl5500-negro-401381/,579999.0,499999.0,1,True
FRA-auriculares-inalambricos-noblex-hp350bt-,Fravega,NOBLEX,Audio,Auriculares Inalámbricos Noblex Hp350bt Bluetooth 5.0,https://www.fravega.com/p/auriculares-inalambricos-noblex-hp350bt-bluetooth-5-0-21203098/,62499.0,44999.0,1,True
FRA-auriculares-inalambricos-gadnic-a164-vin,Fravega,OTRAS,Audio,Auriculares Inalámbricos Gadnic A164 Vincha Cancelación de Ruido,https://www.fravega.com/p/auriculares-inalambricos-gadnic-a164-vincha-cancelacion-de-ruido-990159742/,64804.0,49848.99,1,True
FRA-parlante-portatil-jbl-charge-5-negro-401,Fravega,OTRAS,Audio,Parlante Portatil JBL Charge 5 Negro,https://www.fravega.com/p/parlante-portatil-jbl-charge-5-negro-401879/,399999.0,349999.0,1,True
FRA-parlante-portatil-bluetooth-jbl-charge-6,Fravega,OTRAS,Audio,Parlante Portátil Bluetooth JBL Charge 6 Black,https://www.fravega.com/p/parlante-portatil-bluetooth-jbl-charge-6-black-401736/,429999.0,388999.0,1,True
FRA-auriculares-inalambricos-tws-soundcore-b,Fravega,OTRAS,Audio,Auriculares Inalámbricos Tws Soundcore By Anker P25i Black Negro,https://www.fravega.com/p/auriculares-inalambricos-tws-soundcore-by-anker-p25i-black-negro-990283265/,43999.0,39998.98,1,True
FRA-radio-portatil-bt-gadnic-inalambrica-amf,Fravega,OTRAS,Audio,Radio Portatil BT GADNIC Inalámbrica AMFM Recargable Con Luz,https://www.fravega.com/p/radio-portatil-bt-gadnic-inalambrica-amfm-recargable-con-luz-990195138/,49373.0,37979.0,1,True
FRA-auriculares-inalambricos-gadnic-vincha-b,Fravega,OTRAS,Audio,Auriculares Inalámbricos Gadnic Vincha Bluetooth 5.0,https://www.fravega.com/p/auriculares-inalambricos-gadnic-vincha-bluetooth-5-0-990160774/,47059.0,36199.0,1,True
FRA-parlante-portatil-bluetooth-jbl-grip-red,Fravega,OTRAS,Audio,Parlante Portátil Bluetooth JBL Grip Red,https://www.fravega.com/p/parlante-portatil-bluetooth-jbl-grip-red-401735/,209999.0,173552.89,1,True
FRA-auriculares-vincha-plegable-telefunken-h,Fravega,OTRAS,Audio,Auriculares Vincha Plegable Telefunken H-300 Cable 1.2m Over Ear Negro,https://www.fravega.com/p/auriculares-vincha-plegable-telefunken-h-300-cable-1-2m-over-ear-negro-21194288/,25299.0,15179.0,1,True
FRA-sistema-de-sonido-parlante-noblex-sq208g,Fravega,NOBLEX,Audio,Sistema de Sonido Parlante Noblex SQ208G1,https://www.fravega.com/p/sistema-de-sonido-parlante-noblex-sq208g1-401695/,469999.0,349999.0,1,True
FRA-torre-de-sonido-portatil-jvc-4800w-con-m,Fravega,OTRAS,Audio,Torre de Sonido Portátil JVC 4800W Con Micrófono XS-LA5214PB,https://www.fravega.com/p/torre-de-sonido-portatil-jvc-4800w-con-microfono-xs-la5214pb-990199687/,345399.0,204999.0,1,True
FRA-sistema-de-sonido-philco-94tpl5500-negro,Fravega,PHILCO,Audio,Sistema de Sonido Philco 94TPL5500 Negro,https://www.fravega.com/p/sistema-de-sonido-philco-94tpl5500-negro-401381/,579999.0,499999.0,1,True
FRA-auriculares-inalambricos-sony-wf-c510-bz,Fravega,SONY,Audio,Auriculares Inalámbricos Sony WF-C510/BZ Negro,https://www.fravega.com/p/auriculares-inalambricos-sony-wf-c510-bz-negro-596855/,139999.0,109999.0,1,True
FRA-sistema-de-audio-philips-tax5309-77-4015,Fravega,PHILIPS,Audio,Sistema de Audio Philips TAX5309/77,https://www.fravega.com/p/sistema-de-audio-philips-tax5309-77-401521/,612019.0,499999.0,1,True
FRA-parlante-jbl-flip-7-negro-401562,Fravega,OTRAS,Audio,Parlante JBL Flip 7 Negro,https://www.fravega.com/p/parlante-jbl-flip-7-negro-401562/,314999.0,282999.0,1,True
FRA-auriculares-sony-wi-c100-bz-negro-596231,Fravega,SONY,Audio,Auriculares Sony WI-C100/BZ Negro,https://www.fravega.com/p/auriculares-sony-wi-c100-bz-negro-596231/,69999.0,59999.0,1,True
FRA-auricular-xiaomi-redmi-buds-5-pro-midnig,Fravega,XIAOMI,Audio,Auricular Xiaomi Redmi Buds 5 Pro Midnight Black Color Negro,https://www.fravega.com/p/auricular-xiaomi-redmi-buds-5-pro-midnight-black-color-negro-22652382/,137999.0,109999.0,1,True
FRA-parlante-soundcore-rave-3s-200w-karaoke-,Fravega,OTRAS,Audio,Parlante Soundcore Rave 3S 200W Karaoke con Inteligencia Artificial + 2 Micrófonos Inalámbricos,https://www.fravega.com/p/parlante-soundcore-rave-3s-200w-karaoke-con-inteligencia-artificial-2-microfonos-inalambricos-401587/,899999.0,604999.0,1,True
FRA-auriculares-bt-noblex-94hp350btw-white-5,Fravega,NOBLEX,Audio,Auriculares BT Noblex 94HP350BTW White,https://www.fravega.com/p/auriculares-bt-noblex-94hp350btw-white-596221/,55999.0,47999.0,1,True
FRA-parlante-portatil-panacom-sp-3044-401645,Fravega,OTRAS,Audio,Parlante Portátil Panacom SP-3044,https://www.fravega.com/p/parlante-portatil-panacom-sp-3044-401645/,89999.0,39999.0,1,True
FRA-auriculares-philips-tae2146bk-00-596766,Fravega,PHILIPS,Audio,Auriculares Philips TAE2146BK/00,https://www.fravega.com/p/auriculares-philips-tae2146bk-00-596766/,14999.0,11999.0,1,True
FRA-parlante-soundcore-bt-boom-2--401585,Fravega,OTRAS,Audio,Parlante Soundcore BT Boom 2,https://www.fravega.com/p/parlante-soundcore-bt-boom-2--401585/,399999.0,302499.0,1,True
FRA-auricular-con-vincha-aiwa-aw-avb602n-597,Fravega,OTRAS,Audio,Auricular con Vincha Aiwa AW-AVB602N,https://www.fravega.com/p/auricular-con-vincha-aiwa-aw-avb602n-597402/,71099.0,59999.0,1,True
FRA-torre-de-sonido-aiwa-aw-t381-7000-watts-,Fravega,OTRAS,Audio,Torre de Sonido Aiwa AW-T381 7000 Watts + Micrófono,https://www.fravega.com/p/torre-de-sonido-aiwa-aw-t381-7000-watts-microfono-401702/,249999.0,159999.0,1,True
FRA-auriculares-inalambricos-tws-soundcore-b,Fravega,OTRAS,Audio,Auriculares Inalámbricos Tws Soundcore By Anker P30i Black Negro,https://www.fravega.com/p/auriculares-inalambricos-tws-soundcore-by-anker-p30i-black-negro-990283264/,53499.0,48999.0,1,True
FRA-auriculares-sony-wf-c710n-bzuc-596812,Fravega,SONY,Audio,Auriculares Sony WF-C710N/BZUC,https://www.fravega.com/p/auriculares-sony-wf-c710n-bzuc-596812/,199999.0,179999.0,1,True
FRA-parlante-portatil-bluetooth-philco-djp11,Fravega,PHILCO,Audio,Parlante Portátil Bluetooth Philco DJP11,https://www.fravega.com/p/parlante-portatil-bluetooth-philco-djp11-401443/,83999.0,59999.0,1,True
FRA-sistema-de-sonido-parlante-philco-tdp215,Fravega,PHILCO,Audio,Sistema de Sonido Parlante Philco TDP215,https://www.fravega.com/p/sistema-de-sonido-parlante-philco-tdp215-401698/,769999.0,549999.0,1,True
FRA-auriculares-jbl-bluetooth-tune-770nc-bla,Fravega,OTRAS,Audio,Auriculares JBL Bluetooth Tune 770NC Blanco,https://www.fravega.com/p/auriculares-jbl-bluetooth-tune-770nc-blanco-596251/,182849.0,151114.88,1,True
FRA-audifonos-inalambricos-xiaomi-redmi-buds,Fravega,XIAOMI,Audio,Audifonos Inalambricos Xiaomi Redmi Buds 6 Play Bt 5.4 Color Sky Blue,https://www.fravega.com/p/audifonos-inalambricos-xiaomi-redmi-buds-6-play-bt-5-4-color-sky-blue-22803217/,37999.0,29999.0,1,True
FRA-torre-de-sonido-portatil-jvc-4800w-con-m,Fravega,OTRAS,Audio,Torre de Sonido Portátil JVC 4800W Con Micrófono XS-LA5214PB,https://www.fravega.com/p/torre-de-sonido-portatil-jvc-4800w-con-microfono-xs-la5214pb-990199687/,345399.0,204999.0,1,True
FRA-auriculares-samsung-tipo-c-eo-ic100-9900,Fravega,SAMSUNG,Audio,Auriculares Samsung Tipo C Eo-ic100,https://www.fravega.com/p/auriculares-samsung-tipo-c-eo-ic100-990016643/,42999.0,35536.36,1,True
FRA-auriculares-dekkin-manos-libres-conexion,Fravega,OTRAS,Audio,Auriculares Dekkin Manos Libres Conexión Usb C Au-068,https://www.fravega.com/p/auriculares-dekkin-manos-libres-conexion-usb-c-au-068-990144922/,18570.0,12999.01,1,True
FRA-auriculares-vincha-noga-unicorn-manos-li,Fravega,OTRAS,Audio,Auriculares Vincha Noga Unicorn Manos Libres Celular Tablet Violeta,https://www.fravega.com/p/auriculares-vincha-noga-unicorn-manos-libres-celular-tablet-violeta-990152498/,21821.0,6999.0,1,True
FRA-parlante-portatil-bluetooth-jbl-clip-5-b,Fravega,OTRAS,Audio,Parlante Portátil Bluetooth JBL Clip 5 Blanco,https://www.fravega.com/p/parlante-portatil-bluetooth-jbl-clip-5-blanco-401598/,129999.0,107437.19,1,True
FRA-parlante-bluetooth-noblex-psb1000p-45w-p,Fravega,NOBLEX,Audio,Parlante Bluetooth Noblex Psb1000p 45w Portátil Tws,https://www.fravega.com/p/parlante-bluetooth-noblex-psb1000p-45w-portatil-tws-20066707/,134199.0,95599.0,1,True
FRA-radio-analogica-daewoo-dwr12bk-dual-pila,Fravega,OTRAS,Audio,Radio Analogica Daewoo Dwr12bk Dual Pilas y Cable,https://www.fravega.com/p/radio-analogica-daewoo-dwr12bk-dual-pilas-y-cable-990288001/,34199.0,30779.1,1,True
FRA-microfono-profesional-corbatero-noax-ina,Fravega,OTRAS,Audio,Micrófono Profesional Corbatero Noax Inalámbrico Type-c 2en1,https://www.fravega.com/p/microfono-profesional-corbatero-noax-inalambrico-type-c-2en1-22330432/,19299.0,16799.0,1,True
FRA-sistema-de-audio-noblex-mnx1800-9800-wat,Fravega,NOBLEX,Audio,Sistema de Audio Noblex MNX1800 9800 Watts,https://www.fravega.com/p/sistema-de-audio-noblex-mnx1800-9800-watts-401520/,669999.0,529999.0,1,True
FRA-barra-de-sonido-tv-soundbar-jbl-psb-1-st,Fravega,OTRAS,Audio,Barra de Sonido TV Soundbar JBL PSB-1 Stereo 20W RMS 2 Tweeters y 4 Woofers,https://www.fravega.com/p/barra-de-sonido-tv-soundbar-jbl-psb-1-stereo-20w-rms-2-tweeters-y-4-woofers-21191641/,499999.0,324999.0,1,True
FRA-auriculares-bluetooth-f9-5-tws-negro-con,Fravega,OTRAS,Audio,Auriculares Bluetooth F9-5 TWS Negro con Power Bank,https://www.fravega.com/p/auriculares-bluetooth-f9-5-tws-negro-con-power-bank-21242204/,17500.0,13999.0,1,True
FRA-auriculares-inalambricos-tws-soundcore-b,Fravega,OTRAS,Audio,Auriculares Inalámbricos Tws Soundcore By Anker P30i Black Negro,https://www.fravega.com/p/auriculares-inalambricos-tws-soundcore-by-anker-p30i-black-negro-990283264/,53499.0,48999.0,1,True
FRA-torre-de-sonido-aiwa-aw-t381-7000-watts-,Fravega,OTRAS,Audio,Torre de Sonido Aiwa AW-T381 7000 Watts + Micrófono,https://www.fravega.com/p/torre-de-sonido-aiwa-aw-t381-7000-watts-microfono-401702/,249999.0,159999.0,1,True
FRA-auricular-con-vincha-aiwa-aw-avb602n-597,Fravega,OTRAS,Audio,Auricular con Vincha Aiwa AW-AVB602N,https://www.fravega.com/p/auricular-con-vincha-aiwa-aw-avb602n-597402/,71099.0,59999.0,1,True
FRA-parlante-portatil-bluetooth-philco-djp11,Fravega,PHILCO,Audio,Parlante Portátil Bluetooth Philco DJP11,https://www.fravega.com/p/parlante-portatil-bluetooth-philco-djp11-401443/,83999.0,59999.0,1,True
FRA-auriculares-philips-tae2146bk-00-596766,Fravega,PHILIPS,Audio,Auriculares Philips TAE2146BK/00,https://www.fravega.com/p/auriculares-philips-tae2146bk-00-596766/,14999.0,11999.0,1,True
FRA-auriculares-inalambricos-sony-wf-c510-bz,Fravega,SONY,Audio,Auriculares Inalámbricos Sony WF-C510/BZ Negro,https://www.fravega.com/p/auriculares-inalambricos-sony-wf-c510-bz-negro-596855/,139999.0,109999.0,1,True
FRA-auriculares-jbl-bluetooth-tune-770nc-bla,Fravega,OTRAS,Audio,Auriculares JBL Bluetooth Tune 770NC Blanco,https://www.fravega.com/p/auriculares-jbl-bluetooth-tune-770nc-blanco-596251/,182849.0,151114.88,1,True
FRA-auriculares-sony-wi-c100-bz-negro-596231,Fravega,SONY,Audio,Auriculares Sony WI-C100/BZ Negro,https://www.fravega.com/p/auriculares-sony-wi-c100-bz-negro-596231/,69999.0,59999.0,1,True
FRA-auriculares-bt-noblex-94hp350btw-white-5,Fravega,NOBLEX,Audio,Auriculares BT Noblex 94HP350BTW White,https://www.fravega.com/p/auriculares-bt-noblex-94hp350btw-white-596221/,55999.0,47999.0,1,True
FRA-auriculares-sony-wf-c710n-bzuc-596812,Fravega,SONY,Audio,Auriculares Sony WF-C710N/BZUC,https://www.fravega.com/p/auriculares-sony-wf-c710n-bzuc-596812/,199999.0,179999.0,1,True
FRA-parlante-jbl-flip-7-negro-401562,Fravega,OTRAS,Audio,Parlante JBL Flip 7 Negro,https://www.fravega.com/p/parlante-jbl-flip-7-negro-401562/,314999.0,282999.0,1,True
FRA-sistema-de-sonido-parlante-philco-tdp215,Fravega,PHILCO,Audio,Sistema de Sonido Parlante Philco TDP215,https://www.fravega.com/p/sistema-de-sonido-parlante-philco-tdp215-401698/,769999.0,549999.0,1,True
FRA-parlante-portatil-panacom-sp-3044-401645,Fravega,OTRAS,Audio,Parlante Portátil Panacom SP-3044,https://www.fravega.com/p/parlante-portatil-panacom-sp-3044-401645/,89999.0,39999.0,1,True
FRA-parlante-soundcore-rave-3s-200w-karaoke-,Fravega,OTRAS,Audio,Parlante Soundcore Rave 3S 200W Karaoke con Inteligencia Artificial + 2 Micrófonos Inalámbricos,https://www.fravega.com/p/parlante-soundcore-rave-3s-200w-karaoke-con-inteligencia-artificial-2-microfonos-inalambricos-401587/,899999.0,604999.0,1,True
FRA-auricular-xiaomi-redmi-buds-5-pro-midnig,Fravega,XIAOMI,Audio,Auricular Xiaomi Redmi Buds 5 Pro Midnight Black Color Negro,https://www.fravega.com/p/auricular-xiaomi-redmi-buds-5-pro-midnight-black-color-negro-22652382/,137999.0,109999.0,1,True
FRA-audifonos-inalambricos-xiaomi-redmi-buds,Fravega,XIAOMI,Audio,Audifonos Inalambricos Xiaomi Redmi Buds 6 Play Bt 5.4 Color Sky Blue,https://www.fravega.com/p/audifonos-inalambricos-xiaomi-redmi-buds-6-play-bt-5-4-color-sky-blue-22803217/,37999.0,29999.0,1,True
FRA-parlante-soundcore-bt-boom-2--401585,Fravega,OTRAS,Audio,Parlante Soundcore BT Boom 2,https://www.fravega.com/p/parlante-soundcore-bt-boom-2--401585/,399999.0,302499.0,1,True
FRA-sistema-de-audio-philips-tax5309-77-4015,Fravega,PHILIPS,Audio,Sistema de Audio Philips TAX5309/77,https://www.fravega.com/p/sistema-de-audio-philips-tax5309-77-401521/,612019.0,499999.0,1,True
FRA-sistema-de-sonido-philco-94tpl5500-negro,Fravega,PHILCO,Audio,Sistema de Sonido Philco 94TPL5500 Negro,https://www.fravega.com/p/sistema-de-sonido-philco-94tpl5500-negro-401381/,579999.0,499999.0,1,True
FRA-auriculares-jbl-quantum-100m2-negro-3425,Fravega,OTRAS,Audio,Auriculares JBL Quantum 100M2 Negro,https://www.fravega.com/p/auriculares-jbl-quantum-100m2-negro-342520/,89999.0,74379.34,1,True
FRA-auriculares-inalambricos-gamer-bluetooth,Fravega,LENOVO,Audio,Auriculares Inalambricos Gamer Bluetooth Lenovo Inear Negro,https://www.fravega.com/p/auriculares-inalambricos-gamer-bluetooth-lenovo-inear-negro-22809232/,27021.86,22518.0,1,True
FRA-auriculares-bluetooth-f9-5-tws-negro-con,Fravega,OTRAS,Audio,Auriculares Bluetooth F9-5 TWS Negro con Power Bank,https://www.fravega.com/p/auriculares-bluetooth-f9-5-tws-negro-con-power-bank-21242204/,17500.0,13999.0,1,True
FRA-barra-de-sonido-tv-soundbar-jbl-psb-1-st,Fravega,OTRAS,Audio,Barra de Sonido TV Soundbar JBL PSB-1 Stereo 20W RMS 2 Tweeters y 4 Woofers,https://www.fravega.com/p/barra-de-sonido-tv-soundbar-jbl-psb-1-stereo-20w-rms-2-tweeters-y-4-woofers-21191641/,499999.0,324999.0,1,True
FRA-auriculares-jbl-wave-beam-2-black-990289,Fravega,OTRAS,Audio,Auriculares JBL Wave Beam 2 Black,https://www.fravega.com/p/auriculares-jbl-wave-beam-2-black-990289768/,174998.75,139999.0,1,True
FRA-jbl-quantum-100-p-lanzamiento-blanco-990,Fravega,OTRAS,Audio,JBL Quantum 100 P (Lanzamiento) Blanco,https://www.fravega.com/p/jbl-quantum-100-p-lanzamiento-blanco-990167306/,99998.75,79999.0,1,True
FRA-auriculares-con-display-suono-ayv0309-bl,Fravega,OTRAS,Audio,Auriculares con Display Suono AYV0309 Blanco,https://www.fravega.com/p/auriculares-con-display-suono-ayv0309-blanco-596359/,29999.0,25999.0,1,True
FRA-microfono-inalambrico-corbatero-alta-cal,Fravega,OTRAS,Audio,Micrófono Inalámbrico Corbatero Alta Calidad de Sonido Waggs,https://www.fravega.com/p/microfono-inalambrico-corbatero-alta-calidad-de-sonido-waggs-22086887/,15386.0,12089.0,1,True
FRA-barra-de-sonido-gadnic-bs1000-bluetooth-,Fravega,OTRAS,Audio,Barra de Sonido Gadnic BS1000 Bluetooth 2en1 Aux USB Optical 80w,https://www.fravega.com/p/barra-de-sonido-gadnic-bs1000-bluetooth-2en1-aux-usb-optical-80w--20057941/,350771.0,269824.0,1,True
FRA-auriculares-headset-logitech-g733-lights,Fravega,OTRAS,Audio,Auriculares Headset Logitech G733 Lightspeed Inalambrico Rgb Lila,https://www.fravega.com/p/auriculares-headset-logitech-g733-lightspeed-inalambrico-rgb-lila-990159597/,473999.0,284999.0,1,True
FRA-auriculares-bluetooth-jbl-tune-buds-2-bl,Fravega,OTRAS,Audio,Auriculares Bluetooth JBL Tune Buds 2 Blancos,https://www.fravega.com/p/auriculares-bluetooth-jbl-tune-buds-2-blancos-596963/,199999.0,165288.43,1,True
FRA-parlante-soundcore-bt-boom-2-plus-401586,Fravega,OTRAS,Audio,Parlante Soundcore BT Boom 2 Plus,https://www.fravega.com/p/parlante-soundcore-bt-boom-2-plus-401586/,599999.0,399999.0,1,True
FRA-torre-de-sonido-philips-bluetooth-tax220,Fravega,PHILIPS,Audio,Torre de sonido Philips Bluetooth TAX2208/00,https://www.fravega.com/p/torre-de-sonido-philips-bluetooth-tax2208-00-401465/,118429.0,97875.21,1,True
FRA-auriculares-inalambrico-inear-xiaomi-red,Fravega,XIAOMI,Audio,Auriculares Inalambrico Inear Xiaomi Redmi Buds 6 Play Negro - Negro,https://www.fravega.com/p/auriculares-inalambrico-inear-xiaomi-redmi-buds-6-play-negro-negro-22724644/,32399.0,32218.0,1,True
FRA-camara-de-impresion-instantanea-de-jugue,Fravega,OTRAS,Juguetes,Cámara de Impresión Instantánea de Juguete,https://www.fravega.com/p/camara-de-impresion-instantanea-de-juguete-351360/,74999.0,41999.0,1,True
FRA-triciclo-evolutivo-infantil-3-1-mu-color,Fravega,OTRAS,Juguetes,Triciclo Evolutivo Infantil 3 en 1 MU Color Beige 1-5 Años,https://www.fravega.com/p/triciclo-evolutivo-infantil-3-1-mu-color-beige-1-5-anos-351330/,212999.0,109999.0,1,True
FRA--lapiz-color-rosa-para-dibujar-3d-con-fi,Fravega,OTRAS,Juguetes,Lapiz Color Rosa Para Dibujar 3D Con Filamento De Regalo,https://www.fravega.com/p/-lapiz-color-rosa-para-dibujar-3d-con-filamento-de-regalo-21203124/,29999.0,20999.0,1,True
FRA-hot-wheels-pack-x5-autos-individuales-su,Fravega,OTRAS,Juguetes,Hot Wheels Pack X5 Autos Individuales Surtidos Mattel,https://www.fravega.com/p/hot-wheels-pack-x5-autos-individuales-surtidos-mattel-990049551/,37490.0,24990.0,1,True
FRA-mi-cocina-duravit-33-piezas-990049214,Fravega,OTRAS,Juguetes,Mi Cocina Duravit 33 Piezas,https://www.fravega.com/p/mi-cocina-duravit-33-piezas-990049214/,30990.0,24789.98,1,True
FRA-coche-transformer-policia-rd76-351054,Fravega,OTRAS,Juguetes,Coche Transformer Policia RD76,https://www.fravega.com/p/coche-transformer-policia-rd76-351054/,29999.0,16999.0,1,True
FRA-camara-de-fotos-rosa-gadnic-ck32-digital,Fravega,OTRAS,Juguetes,Cámara de Fotos Rosa Gadnic CK32 Digital Para Niños Función Resistente a Golpes,https://www.fravega.com/p/camara-de-fotos-rosa-gadnic-ck32-digital-para-ninos-funcion-resistente-a-golpes-990217288/,52259.0,40199.0,1,True
FRA-juego-de-mesa-uno-de-mattel-351305,Fravega,OTRAS,Juguetes,Juego de Mesa Uno de Mattel,https://www.fravega.com/p/juego-de-mesa-uno-de-mattel-351305/,19999.0,10999.0,1,True
FRA-catan-juego-de-mesa-devir-40-4011-at-990,Fravega,OTRAS,Juguetes,Catan Juego de Mesa Devir 40-4011 At,https://www.fravega.com/p/catan-juego-de-mesa-devir-40-4011-at-990165684/,124990.0,104990.01,1,True
FRA-peluche-inflable-isakito-monstruo-violet,Fravega,OTRAS,Juguetes,Peluche Inflable Isakito Monstruo Violeta,https://www.fravega.com/p/peluche-inflable-isakito-monstruo-violeta-351033/,34999.0,20999.0,1,True
FRA-cuatriciclo-a-bateria-cm-tjb13688-rojo-9,Fravega,OTRAS,Juguetes,Cuatriciclo a Bateria Cm-tjb13688 Rojo,https://www.fravega.com/p/cuatriciclo-a-bateria-cm-tjb13688-rojo-990246831/,219990.0,159990.0,1,True
FRA-juego-de-mesa-taco-gato-cabra-queso-pizz,Fravega,OTRAS,Juguetes,Juego De Mesa Taco Gato Cabra Queso Pizza Tgcqp Buro,https://www.fravega.com/p/juego-de-mesa-taco-gato-cabra-queso-pizza-tgcqp-buro-990159423/,19350.0,16191.0,1,True
FRA-amigos-de-mierda-juego-cartas-para-previ,Fravega,OTRAS,Juguetes,Amigos de Mierda Juego Cartas para Previa Bureau,https://www.fravega.com/p/amigos-de-mierda-juego-cartas-para-previa-bureau-990049465/,19350.0,16915.0,1,True
FRA-teclado-musical-gadnic-organo-61-teclas-,Fravega,OTRAS,Juguetes,Teclado Musical Gadnic Órgano 61 Teclas,https://www.fravega.com/p/teclado-musical-gadnic-organo-61-teclas-20049917/,132989.0,102299.0,1,True
FRA-auto-a-bateria-mecano-3052-blanco-12v-co,Fravega,OTRAS,Juguetes,Auto a Bateria Mecano 3052 Blanco 12V con control remoto,https://www.fravega.com/p/auto-a-bateria-mecano-3052-blanco-12v-con-control-remoto-20060689/,452300.0,249999.0,1,True
FRA-pizarra-magica-12-color-3852-351633,Fravega,OTRAS,Juguetes,Pizarra Mágica 12 Color 3852,https://www.fravega.com/p/pizarra-magica-12-color-3852-351633/,9999.0,3999.0,1,True
FRA-triciclo-evolutivo-infantil-3-1-mu-color,Fravega,OTRAS,Juguetes,Triciclo Evolutivo Infantil 3 en 1 MU Color Negro 1-5 Años,https://www.fravega.com/p/triciclo-evolutivo-infantil-3-1-mu-color-negro-1-5-anos-351045/,212999.0,109999.0,1,True
FRA-cuatriciclo-a-bateria-stark-naranja-3510,Fravega,OTRAS,Juguetes,Cuatriciclo a Batería Stark Naranja,https://www.fravega.com/p/cuatriciclo-a-bateria-stark-naranja-351048/,149999.0,129999.0,1,True
FRA-juego-de-mesa-basta-juego-de-palabras-11,Fravega,OTRAS,Juguetes,Juego De Mesa Basta Juego De Palabras 1100 Shine,https://www.fravega.com/p/juego-de-mesa-basta-juego-de-palabras-1100-shine-990242478/,24990.0,17990.0,1,True
FRA-mesa-y-bancos-sillas-infantil-montessori,Fravega,OTRAS,Juguetes,Mesa Y Bancos Sillas Infantil Montessori Aprendizaje Niño - Blanco,https://www.fravega.com/p/mesa-y-bancos-sillas-infantil-montessori-aprendizaje-nino-blanco-22646756/,165000.0,81950.0,1,True
FRA-tiny-fantasy-set-de-unas-infantil-53702-,Fravega,OTRAS,Juguetes,Tiny Fantasy Set De Uñas Infantil 53702,https://www.fravega.com/p/tiny-fantasy-set-de-unas-infantil-53702-990054043/,9990.0,6490.0,1,True
FRA-puzzle-rompecabeza-1000-pzs-mapamundi-an,Fravega,OTRAS,Juguetes,Puzzle Rompecabeza 1000 Pzs Mapamundi Antiguo 88319 1979870 Shine,https://www.fravega.com/p/puzzle-rompecabeza-1000-pzs-mapamundi-antiguo-88319-1979870-shine--990049564/,20990.0,16990.0,1,True
FRA-bloques-de-construccion-gadnic-magnetico,Fravega,OTRAS,Juguetes,Bloques De Construcción Gadnic Magnéticos 120 Piezas De Juguetes Para Niños,https://www.fravega.com/p/bloques-de-construccion-gadnic-magneticos-120-piezas-de-juguetes-para-ninos-990072122/,111383.0,85679.0,1,True
FRA-puzzle-1000-pzs-noche-estrellada-88317-1,Fravega,OTRAS,Juguetes,Puzzle 1000 Pzs Noche Estrellada 88317 1979846 Shine,https://www.fravega.com/p/puzzle-1000-pzs-noche-estrellada-88317-1979846-shine-990143807/,20990.0,16990.0,1,True
FRA-pokemon-tcg-sobre-mega-evolution-phantas,Fravega,OTRAS,Juguetes,Pokemon Tcg Sobre Mega Evolution Phantasmal Flames 1693 Sobre Phantasmal Flames,https://www.fravega.com/p/pokemon-tcg-sobre-mega-evolution-phantasmal-flames-1693-sobre-phantasmal-flames-990277916/,19990.0,16520.66,1,True
FRA-duravit-juego-set-de-mate-618-990160093,Fravega,OTRAS,Juguetes,Duravit Juego Set De Mate 618,https://www.fravega.com/p/duravit-juego-set-de-mate-618-990160093/,7290.0,6490.0,1,True
FRA-pistola-lanza-dardo-x-shot-blastercorn-u,Fravega,OTRAS,Juguetes,Pistola Lanza Dardo X-Shot Blastercorn Unicornio,https://www.fravega.com/p/pistola-lanza-dardo-x-shot-blastercorn-unicornio-351024/,24999.0,17999.0,1,True
FRA-camara-de-impresion-instantanea-de-jugue,Fravega,OTRAS,Juguetes,Cámara de Impresión Instantánea de Juguete,https://www.fravega.com/p/camara-de-impresion-instantanea-de-juguete-351360/,74999.0,41999.0,1,True
FRA-triciclo-evolutivo-infantil-3-1-mu-color,Fravega,OTRAS,Juguetes,Triciclo Evolutivo Infantil 3 en 1 MU Color Beige 1-5 Años,https://www.fravega.com/p/triciclo-evolutivo-infantil-3-1-mu-color-beige-1-5-anos-351330/,212999.0,109999.0,1,True
FRA--lapiz-color-rosa-para-dibujar-3d-con-fi,Fravega,OTRAS,Juguetes,Lapiz Color Rosa Para Dibujar 3D Con Filamento De Regalo,https://www.fravega.com/p/-lapiz-color-rosa-para-dibujar-3d-con-filamento-de-regalo-21203124/,29999.0,20999.0,1,True
FRA-hot-wheels-pack-x5-autos-individuales-su,Fravega,OTRAS,Juguetes,Hot Wheels Pack X5 Autos Individuales Surtidos Mattel,https://www.fravega.com/p/hot-wheels-pack-x5-autos-individuales-surtidos-mattel-990049551/,37490.0,24990.0,1,True
FRA-mi-cocina-duravit-33-piezas-990049214,Fravega,OTRAS,Juguetes,Mi Cocina Duravit 33 Piezas,https://www.fravega.com/p/mi-cocina-duravit-33-piezas-990049214/,30990.0,24789.98,1,True
FRA-coche-transformer-policia-rd76-351054,Fravega,OTRAS,Juguetes,Coche Transformer Policia RD76,https://www.fravega.com/p/coche-transformer-policia-rd76-351054/,29999.0,16999.0,1,True
FRA-camara-de-fotos-rosa-gadnic-ck32-digital,Fravega,OTRAS,Juguetes,Cámara de Fotos Rosa Gadnic CK32 Digital Para Niños Función Resistente a Golpes,https://www.fravega.com/p/camara-de-fotos-rosa-gadnic-ck32-digital-para-ninos-funcion-resistente-a-golpes-990217288/,52259.0,40199.0,1,True
FRA-juego-de-mesa-uno-de-mattel-351305,Fravega,OTRAS,Juguetes,Juego de Mesa Uno de Mattel,https://www.fravega.com/p/juego-de-mesa-uno-de-mattel-351305/,19999.0,10999.0,1,True
FRA-catan-juego-de-mesa-devir-40-4011-at-990,Fravega,OTRAS,Juguetes,Catan Juego de Mesa Devir 40-4011 At,https://www.fravega.com/p/catan-juego-de-mesa-devir-40-4011-at-990165684/,124990.0,104990.01,1,True
FRA-peluche-inflable-isakito-monstruo-violet,Fravega,OTRAS,Juguetes,Peluche Inflable Isakito Monstruo Violeta,https://www.fravega.com/p/peluche-inflable-isakito-monstruo-violeta-351033/,34999.0,20999.0,1,True
FRA-cuatriciclo-a-bateria-cm-tjb13688-rojo-9,Fravega,OTRAS,Juguetes,Cuatriciclo a Bateria Cm-tjb13688 Rojo,https://www.fravega.com/p/cuatriciclo-a-bateria-cm-tjb13688-rojo-990246831/,219990.0,159990.0,1,True
FRA-juego-de-mesa-taco-gato-cabra-queso-pizz,Fravega,OTRAS,Juguetes,Juego De Mesa Taco Gato Cabra Queso Pizza Tgcqp Buro,https://www.fravega.com/p/juego-de-mesa-taco-gato-cabra-queso-pizza-tgcqp-buro-990159423/,19350.0,16191.0,1,True
FRA-amigos-de-mierda-juego-cartas-para-previ,Fravega,OTRAS,Juguetes,Amigos de Mierda Juego Cartas para Previa Bureau,https://www.fravega.com/p/amigos-de-mierda-juego-cartas-para-previa-bureau-990049465/,19350.0,16915.0,1,True
FRA-teclado-musical-gadnic-organo-61-teclas-,Fravega,OTRAS,Juguetes,Teclado Musical Gadnic Órgano 61 Teclas,https://www.fravega.com/p/teclado-musical-gadnic-organo-61-teclas-20049917/,132989.0,102299.0,1,True
FRA-auto-a-bateria-mecano-3052-blanco-12v-co,Fravega,OTRAS,Juguetes,Auto a Bateria Mecano 3052 Blanco 12V con control remoto,https://www.fravega.com/p/auto-a-bateria-mecano-3052-blanco-12v-con-control-remoto-20060689/,452300.0,249999.0,1,True
FRA-duravit-masa-pack-kitchen-729-990160106,Fravega,OTRAS,Juguetes,Duravit Masa Pack Kitchen 729,https://www.fravega.com/p/duravit-masa-pack-kitchen-729-990160106/,8750.0,6495.0,1,True
FRA-peluche-musical-plim-plim-de-30cm-8401ap,Fravega,OTRAS,Juguetes,Peluche Musical Plim Plim De 30cm 8401ap,https://www.fravega.com/p/peluche-musical-plim-plim-de-30cm-8401ap-990235909/,65990.0,39989.99,1,True
FRA-bloques-magneticos-cubos-steam-minecraft,Fravega,OTRAS,Juguetes,Bloques Magnéticos Cubos Steam Minecraft Shine 2960033 88,https://www.fravega.com/p/bloques-magneticos-cubos-steam-minecraft-shine-2960033-88-990263351/,66990.0,49990.0,1,True
FRA-juego-mesa-y-sillas-infantil-montessori-,Fravega,OTRAS,Juguetes,Juego Mesa Y Sillas Infantil Montessori Con Respaldo Niño - Blanco,https://www.fravega.com/p/juego-mesa-y-sillas-infantil-montessori-con-respaldo-nino-blanco-22646764/,220000.0,120000.0,1,True
FRA-moto-a-bateria-honda-cbr1000-cosco-roja-,Fravega,OTRAS,Juguetes,Moto a Batería Honda CBR1000 Cosco Roja,https://www.fravega.com/p/moto-a-bateria-honda-cbr1000-cosco-roja-990291961/,499999.0,269999.0,1,True
FRA-auto-a-bateria-mecano-3052-rojo-12v-con-,Fravega,OTRAS,Juguetes,Auto a Bateria Mecano 3052 Rojo 12V con control remoto,https://www.fravega.com/p/auto-a-bateria-mecano-3052-rojo-12v-con-control-remoto-20060688/,452300.0,249999.0,1,True
FRA-duravit-mini-moldes-8-piezas-apilables-6,Fravega,OTRAS,Juguetes,Duravit Mini Moldes 8 Piezas Apilables 658,https://www.fravega.com/p/duravit-mini-moldes-8-piezas-apilables-658-990054118/,4290.0,3432.0,1,True
FRA-puzzle-500-pzs-scenic-spot-st-moritz-sui,Fravega,OTRAS,Juguetes,Puzzle 500 Pzs Scenic Spot St Moritz Suiza 88038 1584472,https://www.fravega.com/p/puzzle-500-pzs-scenic-spot-st-moritz-suiza-88038-1584472-990143169/,12990.0,9990.0,1,True
FRA-puzzle-1000-pzs-mar-egeo-santorini-88327,Fravega,OTRAS,Juguetes,Puzzle 1000 Pzs Mar Egeo Santorini 88327 1979916 Shine,https://www.fravega.com/p/puzzle-1000-pzs-mar-egeo-santorini-88327-1979916-shine-990143790/,20990.0,16990.0,1,True
FRA-puzzle-1000-pzs-viajero-el-espacio-88316,Fravega,OTRAS,Juguetes,Puzzle 1000 Pzs Viajero en el Espacio 88316 1979228 Shine,https://www.fravega.com/p/puzzle-1000-pzs-viajero-el-espacio-88316-1979228-shine-990150083/,20990.0,16990.0,1,True
FRA-juego-de-mesa-ludo-matic-1209799-9901528,Fravega,OTRAS,Juguetes,Juego De Mesa Ludo Matic 1209799,https://www.fravega.com/p/juego-de-mesa-ludo-matic-1209799-990152877/,6490.0,5363.64,1,True
FRA-rodacross-tobogan-elefante-clasica-99016,Fravega,OTRAS,Juguetes,Rodacross Tobogan Elefante Clasica,https://www.fravega.com/p/rodacross-tobogan-elefante-clasica-990166961/,144990.0,114990.0,1,True
FRA-camara-de-impresion-instantanea-de-jugue,Fravega,OTRAS,Juguetes,Cámara de Impresión Instantánea de Juguete,https://www.fravega.com/p/camara-de-impresion-instantanea-de-juguete-351360/,74999.0,41999.0,1,True
FRA-triciclo-evolutivo-infantil-3-1-mu-color,Fravega,OTRAS,Juguetes,Triciclo Evolutivo Infantil 3 en 1 MU Color Beige 1-5 Años,https://www.fravega.com/p/triciclo-evolutivo-infantil-3-1-mu-color-beige-1-5-anos-351330/,212999.0,109999.0,1,True
FRA--lapiz-color-rosa-para-dibujar-3d-con-fi,Fravega,OTRAS,Juguetes,Lapiz Color Rosa Para Dibujar 3D Con Filamento De Regalo,https://www.fravega.com/p/-lapiz-color-rosa-para-dibujar-3d-con-filamento-de-regalo-21203124/,29999.0,20999.0,1,True
FRA-hot-wheels-pack-x5-autos-individuales-su,Fravega,OTRAS,Juguetes,Hot Wheels Pack X5 Autos Individuales Surtidos Mattel,https://www.fravega.com/p/hot-wheels-pack-x5-autos-individuales-surtidos-mattel-990049551/,37490.0,24990.0,1,True
FRA-mi-cocina-duravit-33-piezas-990049214,Fravega,OTRAS,Juguetes,Mi Cocina Duravit 33 Piezas,https://www.fravega.com/p/mi-cocina-duravit-33-piezas-990049214/,30990.0,24789.98,1,True
FRA-coche-transformer-policia-rd76-351054,Fravega,OTRAS,Juguetes,Coche Transformer Policia RD76,https://www.fravega.com/p/coche-transformer-policia-rd76-351054/,29999.0,16999.0,1,True
FRA-camara-de-fotos-rosa-gadnic-ck32-digital,Fravega,OTRAS,Juguetes,Cámara de Fotos Rosa Gadnic CK32 Digital Para Niños Función Resistente a Golpes,https://www.fravega.com/p/camara-de-fotos-rosa-gadnic-ck32-digital-para-ninos-funcion-resistente-a-golpes-990217288/,52259.0,40199.0,1,True
FRA-juego-de-mesa-uno-de-mattel-351305,Fravega,OTRAS,Juguetes,Juego de Mesa Uno de Mattel,https://www.fravega.com/p/juego-de-mesa-uno-de-mattel-351305/,19999.0,10999.0,1,True
FRA-catan-juego-de-mesa-devir-40-4011-at-990,Fravega,OTRAS,Juguetes,Catan Juego de Mesa Devir 40-4011 At,https://www.fravega.com/p/catan-juego-de-mesa-devir-40-4011-at-990165684/,124990.0,104990.01,1,True
FRA-peluche-inflable-isakito-monstruo-violet,Fravega,OTRAS,Juguetes,Peluche Inflable Isakito Monstruo Violeta,https://www.fravega.com/p/peluche-inflable-isakito-monstruo-violeta-351033/,34999.0,20999.0,1,True
FRA-cuatriciclo-a-bateria-cm-tjb13688-rojo-9,Fravega,OTRAS,Juguetes,Cuatriciclo a Bateria Cm-tjb13688 Rojo,https://www.fravega.com/p/cuatriciclo-a-bateria-cm-tjb13688-rojo-990246831/,219990.0,159990.0,1,True
FRA-juego-de-mesa-taco-gato-cabra-queso-pizz,Fravega,OTRAS,Juguetes,Juego De Mesa Taco Gato Cabra Queso Pizza Tgcqp Buro,https://www.fravega.com/p/juego-de-mesa-taco-gato-cabra-queso-pizza-tgcqp-buro-990159423/,19350.0,16191.0,1,True
FRA-amigos-de-mierda-juego-cartas-para-previ,Fravega,OTRAS,Juguetes,Amigos de Mierda Juego Cartas para Previa Bureau,https://www.fravega.com/p/amigos-de-mierda-juego-cartas-para-previa-bureau-990049465/,19350.0,16915.0,1,True
FRA-teclado-musical-gadnic-organo-61-teclas-,Fravega,OTRAS,Juguetes,Teclado Musical Gadnic Órgano 61 Teclas,https://www.fravega.com/p/teclado-musical-gadnic-organo-61-teclas-20049917/,132989.0,102299.0,1,True
FRA-auto-a-bateria-mecano-3052-blanco-12v-co,Fravega,OTRAS,Juguetes,Auto a Bateria Mecano 3052 Blanco 12V con control remoto,https://www.fravega.com/p/auto-a-bateria-mecano-3052-blanco-12v-con-control-remoto-20060689/,452300.0,249999.0,1,True
FRA-moto-a-bateria-stark-policia-rojo-350924,Fravega,OTRAS,Juguetes,Moto a Batería Stark Policía Rojo,https://www.fravega.com/p/moto-a-bateria-stark-policia-rojo-350924/,134999.0,79999.0,1,True
FRA-triciclo-bebesit-rojo-360-joy-3-con-luz-,Fravega,OTRAS,Juguetes,Triciclo Bebesit rojo 360° Joy 3 con luz y barra de empuje,https://www.fravega.com/p/triciclo-bebesit-rojo-360-joy-3-con-luz-y-barra-de-empuje-990182779/,286092.0,189726.0,1,True
FRA-pack-de-pulseras-luminosas-quimicas-ziye,Fravega,OTRAS,Juguetes,Pack de Pulseras Luminosas Químicas Ziyen De Neón X50,https://www.fravega.com/p/pack-de-pulseras-luminosas-quimicas-ziyen-de-neon-x50-990170180/,7344.0,5649.01,1,True
FRA-auto-a-radio-control-spiderman-con-volan,Fravega,OTRAS,Juguetes,Auto a Radio Control Spiderman con Volante Ditoys,https://www.fravega.com/p/auto-a-radio-control-spiderman-con-volante-ditoys-351070/,24999.0,17999.0,1,True
FRA-set-de-walkie-talkie-spiderman-ditoys-35,Fravega,OTRAS,Juguetes,Set de Walkie Talkie Spiderman Ditoys,https://www.fravega.com/p/set-de-walkie-talkie-spiderman-ditoys-351215/,34999.0,19999.0,1,True
FRA-mochila-disney-minnie-doctora-350974,Fravega,OTRAS,Juguetes,Mochila Disney Minnie Doctora,https://www.fravega.com/p/mochila-disney-minnie-doctora-350974/,24999.0,19999.0,1,True
FRA-cama-elastica-6ft-1-83m-red-de-seguridad,Fravega,OTRAS,Juguetes,"Cama Elástica 6ft 1,83m Red de Seguridad 100kg Azul",https://www.fravega.com/p/cama-elastica-6ft-1-83m-red-de-seguridad-100kg-azul-351431/,399999.0,269999.0,1,True
FRA-panlos-brick-bloques-f1-3059471-99024974,Fravega,OTRAS,Juguetes,Panlos Brick Bloques F1 3059471,https://www.fravega.com/p/panlos-brick-bloques-f1-3059471-990249745/,37990.0,19990.0,1,True
FRA-pizarra-magica-luz-led-acrilico-40cmx30-,Fravega,OTRAS,Juguetes,Pizarra Mágica Luz Led Acrílico 40cmx30.5cm Usb Accesorios Color Transparente,https://www.fravega.com/p/pizarra-magica-luz-led-acrilico-40cmx30-5cm-usb-accesorios-color-transparente-22647392/,28854.0,25969.0,1,True
FRA-mini-trampolin-vxplay-1mts-gimnasia-fitn,Fravega,OTRAS,Juguetes,Mini Trampolin Vxplay 1mts Gimnasia Fitness,https://www.fravega.com/p/mini-trampolin-vxplay-1mts-gimnasia-fitness-22656914/,92742.0,76646.28,1,True
FRA-bburago-escala-1-43-bwt-alpine-f1-team-c,Fravega,OTRAS,Juguetes,Bburago Escala 1:43 Bwt Alpine F1 Team Colapinto 18-38257,https://www.fravega.com/p/bburago-escala-1-43-bwt-alpine-f1-team-colapinto-18-38257-990268834/,49990.0,39989.99,1,True
FRA-cama-elastica-gadnic-304-mts-con-red-de-,Fravega,OTRAS,Juguetes,Cama Elástica Gadnic 304 mts Con Red de Seguridad Reforzada,https://www.fravega.com/p/cama-elastica-gadnic-304-mts-con-red-de-seguridad-reforzada-990274703/,519999.0,399999.0,1,True
FRA-set-banco-herramientas-de-juguete-mi-pri,Fravega,OTRAS,Juguetes,Set Banco Herramientas de Juguete Mi Primer Taller 27 Piezas Infantil Niños Niñas,https://www.fravega.com/p/set-banco-herramientas-de-juguete-mi-primer-taller-27-piezas-infantil-ninos-ninas-20076125/,35990.0,30999.0,1,True
FRA-microscopio-gadnic-1200x-para-ninos-kit-,Fravega,OTRAS,Juguetes,Microscopio Gadnic 1200X Para Niños Kit 28 Piezas,https://www.fravega.com/p/microscopio-gadnic-1200x-para-ninos-kit-28-piezas-20095826/,86893.0,66841.0,1,True
FRA-juego-de-mesa-ditoys-crocky-attack-35078,Fravega,OTRAS,Juguetes,Juego de Mesa Ditoys Crocky Attack,https://www.fravega.com/p/juego-de-mesa-ditoys-crocky-attack-350789/,19999.0,13999.0,1,True
FRA-camara-de-impresion-instantanea-de-jugue,Fravega,OTRAS,Juguetes,Cámara de Impresión Instantánea de Juguete,https://www.fravega.com/p/camara-de-impresion-instantanea-de-juguete-351360/,74999.0,41999.0,1,True
FRA-triciclo-evolutivo-infantil-3-1-mu-color,Fravega,OTRAS,Juguetes,Triciclo Evolutivo Infantil 3 en 1 MU Color Beige 1-5 Años,https://www.fravega.com/p/triciclo-evolutivo-infantil-3-1-mu-color-beige-1-5-anos-351330/,212999.0,109999.0,1,True
FRA--lapiz-color-rosa-para-dibujar-3d-con-fi,Fravega,OTRAS,Juguetes,Lapiz Color Rosa Para Dibujar 3D Con Filamento De Regalo,https://www.fravega.com/p/-lapiz-color-rosa-para-dibujar-3d-con-filamento-de-regalo-21203124/,29999.0,20999.0,1,True
FRA-hot-wheels-pack-x5-autos-individuales-su,Fravega,OTRAS,Juguetes,Hot Wheels Pack X5 Autos Individuales Surtidos Mattel,https://www.fravega.com/p/hot-wheels-pack-x5-autos-individuales-surtidos-mattel-990049551/,37490.0,24990.0,1,True
FRA-mi-cocina-duravit-33-piezas-990049214,Fravega,OTRAS,Juguetes,Mi Cocina Duravit 33 Piezas,https://www.fravega.com/p/mi-cocina-duravit-33-piezas-990049214/,30990.0,24789.98,1,True
FRA-coche-transformer-policia-rd76-351054,Fravega,OTRAS,Juguetes,Coche Transformer Policia RD76,https://www.fravega.com/p/coche-transformer-policia-rd76-351054/,29999.0,16999.0,1,True
FRA-camara-de-fotos-rosa-gadnic-ck32-digital,Fravega,OTRAS,Juguetes,Cámara de Fotos Rosa Gadnic CK32 Digital Para Niños Función Resistente a Golpes,https://www.fravega.com/p/camara-de-fotos-rosa-gadnic-ck32-digital-para-ninos-funcion-resistente-a-golpes-990217288/,52259.0,40199.0,1,True
FRA-juego-de-mesa-uno-de-mattel-351305,Fravega,OTRAS,Juguetes,Juego de Mesa Uno de Mattel,https://www.fravega.com/p/juego-de-mesa-uno-de-mattel-351305/,19999.0,10999.0,1,True
FRA-catan-juego-de-mesa-devir-40-4011-at-990,Fravega,OTRAS,Juguetes,Catan Juego de Mesa Devir 40-4011 At,https://www.fravega.com/p/catan-juego-de-mesa-devir-40-4011-at-990165684/,124990.0,104990.01,1,True
FRA-peluche-inflable-isakito-monstruo-violet,Fravega,OTRAS,Juguetes,Peluche Inflable Isakito Monstruo Violeta,https://www.fravega.com/p/peluche-inflable-isakito-monstruo-violeta-351033/,34999.0,20999.0,1,True
FRA-cuatriciclo-a-bateria-cm-tjb13688-rojo-9,Fravega,OTRAS,Juguetes,Cuatriciclo a Bateria Cm-tjb13688 Rojo,https://www.fravega.com/p/cuatriciclo-a-bateria-cm-tjb13688-rojo-990246831/,219990.0,159990.0,1,True
FRA-juego-de-mesa-taco-gato-cabra-queso-pizz,Fravega,OTRAS,Juguetes,Juego De Mesa Taco Gato Cabra Queso Pizza Tgcqp Buro,https://www.fravega.com/p/juego-de-mesa-taco-gato-cabra-queso-pizza-tgcqp-buro-990159423/,19350.0,16191.0,1,True
FRA-amigos-de-mierda-juego-cartas-para-previ,Fravega,OTRAS,Juguetes,Amigos de Mierda Juego Cartas para Previa Bureau,https://www.fravega.com/p/amigos-de-mierda-juego-cartas-para-previa-bureau-990049465/,19350.0,16915.0,1,True
FRA-teclado-musical-gadnic-organo-61-teclas-,Fravega,OTRAS,Juguetes,Teclado Musical Gadnic Órgano 61 Teclas,https://www.fravega.com/p/teclado-musical-gadnic-organo-61-teclas-20049917/,132989.0,102299.0,1,True
FRA-auto-a-bateria-mecano-3052-blanco-12v-co,Fravega,OTRAS,Juguetes,Auto a Bateria Mecano 3052 Blanco 12V con control remoto,https://www.fravega.com/p/auto-a-bateria-mecano-3052-blanco-12v-con-control-remoto-20060689/,452300.0,249999.0,1,True
FRA-auto-a-bateria-negro-wmt-808-990060735,Fravega,OTRAS,Juguetes,Auto A Bateria Negro Wmt-808,https://www.fravega.com/p/auto-a-bateria-negro-wmt-808-990060735/,419990.0,249990.01,1,True
FRA-puzzle-1000-piezas-camino-de-otono-dorad,Fravega,OTRAS,Juguetes,Puzzle 1000 Piezas Camino De Otoño Dorado 1959143,https://www.fravega.com/p/puzzle-1000-piezas-camino-de-otono-dorado-1959143-990142699/,22250.0,13990.0,1,True
FRA-triciclo-2-1-con-barra-de-empuje-azul-99,Fravega,OTRAS,Juguetes,Triciclo 2 En 1 Con Barra De Empuje Azul,https://www.fravega.com/p/triciclo-2-1-con-barra-de-empuje-azul-990144911/,91656.0,64159.0,1,True
FRA-juego-barril-pirata-1651678-envio-normal,Fravega,OTRAS,Juguetes,Juego Barril Pirata 1651678 Envio Normal,https://www.fravega.com/p/juego-barril-pirata-1651678-envio-normal-990151424/,8990.0,7429.75,1,True
FRA-duravit-tiempo-libre-limpieza-505-990157,Fravega,OTRAS,Juguetes,Duravit Tiempo Libre Limpieza 505,https://www.fravega.com/p/duravit-tiempo-libre-limpieza-505-990157821/,9500.0,6990.0,1,True
FRA-duravit-anillo-y-sonajero-678-990159766,Fravega,OTRAS,Juguetes,Duravit Anillo Y Sonajero 678,https://www.fravega.com/p/duravit-anillo-y-sonajero-678-990159766/,12590.0,12589.99,1,True
FRA-coche-monster-jam-grave-digger-1-64-3510,Fravega,OTRAS,Juguetes,Coche Monster Jam Grave Digger 1:64,https://www.fravega.com/p/coche-monster-jam-grave-digger-1-64-351084/,22999.0,13999.0,1,True
FRA-camicleta-stark-rodado-12-acero-negro-am,Fravega,ACER,Juguetes,Camicleta Stark Rodado 12” Acero Negro/Amarillo,https://www.fravega.com/p/camicleta-stark-rodado-12-acero-negro-amarillo-350951/,99999.0,69999.0,1,True
FRA-scooter-stark-zombie-350990,Fravega,OTRAS,Juguetes,Scooter Stark Zombie,https://www.fravega.com/p/scooter-stark-zombie-350990/,106999.0,79999.0,1,True
FRA-peluche-inflable-isakito-zorrito-pintita,Fravega,OTRAS,Juguetes,Peluche Inflable Isakito Zorrito Pintitas,https://www.fravega.com/p/peluche-inflable-isakito-zorrito-pintitas-350979/,29999.0,16999.0,1,True
FRA-triciclo-infantil-de-minnie-mouse-girato,Fravega,OTRAS,Juguetes,Triciclo Infantil de Minnie Mouse Giratorio 360°,https://www.fravega.com/p/triciclo-infantil-de-minnie-mouse-giratorio-360-22469325/,231760.0,189990.0,1,True
FRA-alfombra-de-agua-121-bebesit-marina-cele,Fravega,OTRAS,Juguetes,Alfombra de agua 121 Bebesit Marina Celeste,https://www.fravega.com/p/alfombra-de-agua-121-bebesit-marina-celeste-990230120/,27120.0,19992.0,1,True
FRA-pista-hot-wheels-city-nemesis-escorpion-,Fravega,OTRAS,Juguetes,Pista Hot Wheels City Nemesis Escorpion,https://www.fravega.com/p/pista-hot-wheels-city-nemesis-escorpion-351332/,119999.0,89999.0,1,True
FRA-peluche-musical-plim-plim-huggie-de-30cm,Fravega,OTRAS,Juguetes,Peluche Musical Plim Plim Huggie De 30cm 8401ep,https://www.fravega.com/p/peluche-musical-plim-plim-huggie-de-30cm-8401ep-990236118/,67990.0,56190.08,1,True
FRA-camara-de-impresion-instantanea-de-jugue,Fravega,OTRAS,Juguetes,Cámara de Impresión Instantánea de Juguete,https://www.fravega.com/p/camara-de-impresion-instantanea-de-juguete-351360/,74999.0,41999.0,1,True
FRA-triciclo-evolutivo-infantil-3-1-mu-color,Fravega,OTRAS,Juguetes,Triciclo Evolutivo Infantil 3 en 1 MU Color Beige 1-5 Años,https://www.fravega.com/p/triciclo-evolutivo-infantil-3-1-mu-color-beige-1-5-anos-351330/,212999.0,109999.0,1,True
FRA--lapiz-color-rosa-para-dibujar-3d-con-fi,Fravega,OTRAS,Juguetes,Lapiz Color Rosa Para Dibujar 3D Con Filamento De Regalo,https://www.fravega.com/p/-lapiz-color-rosa-para-dibujar-3d-con-filamento-de-regalo-21203124/,29999.0,20999.0,1,True
FRA-hot-wheels-pack-x5-autos-individuales-su,Fravega,OTRAS,Juguetes,Hot Wheels Pack X5 Autos Individuales Surtidos Mattel,https://www.fravega.com/p/hot-wheels-pack-x5-autos-individuales-surtidos-mattel-990049551/,37490.0,24990.0,1,True
FRA-mi-cocina-duravit-33-piezas-990049214,Fravega,OTRAS,Juguetes,Mi Cocina Duravit 33 Piezas,https://www.fravega.com/p/mi-cocina-duravit-33-piezas-990049214/,30990.0,24789.98,1,True
FRA-coche-transformer-policia-rd76-351054,Fravega,OTRAS,Juguetes,Coche Transformer Policia RD76,https://www.fravega.com/p/coche-transformer-policia-rd76-351054/,29999.0,16999.0,1,True
FRA-camara-de-fotos-rosa-gadnic-ck32-digital,Fravega,OTRAS,Juguetes,Cámara de Fotos Rosa Gadnic CK32 Digital Para Niños Función Resistente a Golpes,https://www.fravega.com/p/camara-de-fotos-rosa-gadnic-ck32-digital-para-ninos-funcion-resistente-a-golpes-990217288/,52259.0,40199.0,1,True
FRA-juego-de-mesa-uno-de-mattel-351305,Fravega,OTRAS,Juguetes,Juego de Mesa Uno de Mattel,https://www.fravega.com/p/juego-de-mesa-uno-de-mattel-351305/,19999.0,10999.0,1,True
FRA-catan-juego-de-mesa-devir-40-4011-at-990,Fravega,OTRAS,Juguetes,Catan Juego de Mesa Devir 40-4011 At,https://www.fravega.com/p/catan-juego-de-mesa-devir-40-4011-at-990165684/,124990.0,104990.01,1,True
FRA-peluche-inflable-isakito-monstruo-violet,Fravega,OTRAS,Juguetes,Peluche Inflable Isakito Monstruo Violeta,https://www.fravega.com/p/peluche-inflable-isakito-monstruo-violeta-351033/,34999.0,20999.0,1,True
FRA-cuatriciclo-a-bateria-cm-tjb13688-rojo-9,Fravega,OTRAS,Juguetes,Cuatriciclo a Bateria Cm-tjb13688 Rojo,https://www.fravega.com/p/cuatriciclo-a-bateria-cm-tjb13688-rojo-990246831/,219990.0,159990.0,1,True
FRA-juego-de-mesa-taco-gato-cabra-queso-pizz,Fravega,OTRAS,Juguetes,Juego De Mesa Taco Gato Cabra Queso Pizza Tgcqp Buro,https://www.fravega.com/p/juego-de-mesa-taco-gato-cabra-queso-pizza-tgcqp-buro-990159423/,19350.0,16191.0,1,True
FRA-amigos-de-mierda-juego-cartas-para-previ,Fravega,OTRAS,Juguetes,Amigos de Mierda Juego Cartas para Previa Bureau,https://www.fravega.com/p/amigos-de-mierda-juego-cartas-para-previa-bureau-990049465/,19350.0,16915.0,1,True
FRA-teclado-musical-gadnic-organo-61-teclas-,Fravega,OTRAS,Juguetes,Teclado Musical Gadnic Órgano 61 Teclas,https://www.fravega.com/p/teclado-musical-gadnic-organo-61-teclas-20049917/,132989.0,102299.0,1,True
FRA-auto-a-bateria-mecano-3052-blanco-12v-co,Fravega,OTRAS,Juguetes,Auto a Bateria Mecano 3052 Blanco 12V con control remoto,https://www.fravega.com/p/auto-a-bateria-mecano-3052-blanco-12v-con-control-remoto-20060689/,452300.0,249999.0,1,True
FRA-libro-para-colorear-magico-agua-wow-pepp,Fravega,OTRAS,Juguetes,Libro Para Colorear Mágico Agua Wow Peppa Pig Epp06348,https://www.fravega.com/p/libro-para-colorear-magico-agua-wow-peppa-pig-epp06348-990242409/,12990.0,11690.0,1,True
FRA-chicco-cancelletto-nightlight-barrera-de,Fravega,CHICCO,Juguetes,Chicco Cancelletto Nightlight Barrera De Metal 613791,https://www.fravega.com/p/chicco-cancelletto-nightlight-barrera-de-metal-613791-990262218/,179990.0,79990.0,1,True
FRA-phi-phi-peluche-zootopia-2-castor-25cm-z,Fravega,OTRAS,Juguetes,Phi Phi Peluche Zootopia 2 Castor 25cm Zt007 - Marrón,https://www.fravega.com/p/phi-phi-peluche-zootopia-2-castor-25cm-zt007-marron-990265692/,39990.0,23990.0,1,True
FRA-juego-de-mesa-bingo-familiar-bolillero-b,Fravega,OTRAS,Juguetes,Juego de Mesa Bingo Familiar Bolillero Babymovil,https://www.fravega.com/p/juego-de-mesa-bingo-familiar-bolillero-babymovil-22651175/,14989.0,12387.6,1,True
FRA-cama-elastica-gadnic-244-cm-8-ft-con-red,Fravega,OTRAS,Juguetes,Cama Elástica Gadnic 244 cm 8 ft Con Red De Protección,https://www.fravega.com/p/cama-elastica-gadnic-244-cm-8-ft-con-red-de-proteccion-990284287/,404299.0,310999.0,1,True
FRA-cama-elastica-gadnic-1-4m-con-red-seguri,Fravega,OTRAS,Juguetes,Cama Elastica Gadnic 1.4m Con Red Seguridad Juegos Incluidos Estructura Galvanizada Hasta 100kg Interior,https://www.fravega.com/p/cama-elastica-gadnic-1-4m-con-red-seguridad-juegos-incluidos-estructura-galvanizada-hasta-100kg-interior-990287839/,340469.0,261898.99,1,True
FRA-mini-tramp-negro-trampolin-profesional-c,Fravega,OTRAS,Juguetes,Mini Tramp Negro Trampolin Profesional Cama Elastica Deporte Gym,https://www.fravega.com/p/mini-tramp-negro-trampolin-profesional-cama-elastica-deporte-gym-20025857/,166650.0,96990.0,1,True
FRA-arrugadedos-nubes-de-jabon-fabrica-de-es,Fravega,OTRAS,Juguetes,Arrugadedos Nubes De Jabon Fabrica De Espuma De Baño,https://www.fravega.com/p/arrugadedos-nubes-de-jabon-fabrica-de-espuma-de-bano-20051606/,19900.0,17900.0,1,True
FRA-auto-a-control-remoto-gadnic-twist-19-4x,Fravega,OTRAS,Juguetes,Auto a Control Remoto Gadnic Twist 19 4X4 360,https://www.fravega.com/p/auto-a-control-remoto-gadnic-twist-19-4x4-360-20057973/,111149.0,85499.0,1,True
FRA-auto-a-bateria-mecano-3052-azul-12v-con-,Fravega,OTRAS,Juguetes,Auto a Batería Mecano 3052 Azul 12V con Control Remoto,https://www.fravega.com/p/auto-a-bateria-mecano-3052-azul-12v-con-control-remoto-20060687/,452300.0,249999.0,1,True
FRA-auto-a-bateria-mecano-3052-naranja-12v-c,Fravega,OTRAS,Juguetes,Auto a Bateria Mecano 3052 Naranja 12V con control remoto,https://www.fravega.com/p/auto-a-bateria-mecano-3052-naranja-12v-con-control-remoto-20060690/,452300.0,249999.0,1,True
FRA-mi-primera-tostadora-juliana-con-accesor,Fravega,OTRAS,Juguetes,Mi Primera Tostadora Juliana Con Accesorios,https://www.fravega.com/p/mi-primera-tostadora-juliana-con-accesorios-20111490/,31299.0,24999.0,1,True
FRA-mi-primer-lavarropas-juliana-luz-y-sonid,Fravega,OTRAS,Juguetes,Mi Primer Lavarropas Juliana Luz y Sonido,https://www.fravega.com/p/mi-primer-lavarropas-juliana-luz-y-sonido-20111495/,68990.0,54990.0,1,True
FRA-dragon-ball-sculture-yamcha--20131264,Fravega,OTRAS,Juguetes,Dragon Ball - SCulture - Yamcha,https://www.fravega.com/p/dragon-ball-sculture-yamcha--20131264/,92508.0,75132.0,1,True
FRA-butaca-sillita-para-auto-ninos-de-9-a-36,Fravega,OTRAS,Bebés y Primera Infancia,Butaca Sillita para Auto Ninos de 9 a 36 kg,https://www.fravega.com/p/butaca-sillita-para-auto-ninos-de-9-a-36-kg-680827/,139999.0,79999.0,1,True
FRA-cochecito-de-bebe-paraguita-mu-reforzado,Fravega,OTRAS,Bebés y Primera Infancia,Cochecito de Bebe Paraguita MU Reforzado Color Gris,https://www.fravega.com/p/cochecito-de-bebe-paraguita-mu-reforzado-color-gris-680669/,99999.0,59999.0,1,True
FRA-practicuna-love-beige-893-colchon-de-reg,Fravega,OTRAS,Bebés y Primera Infancia,Practicuna Love Beige 893 + Colchón de regalo,https://www.fravega.com/p/practicuna-love-beige-893-colchon-de-regalo-681170/,199999.0,129999.0,1,True
FRA-esterilizador-a-vapor-para-microondas-av,Fravega,OTRAS,Bebés y Primera Infancia,Esterilizador a vapor para microondas AVENT SCF28102,https://www.fravega.com/p/esterilizador-a-vapor-para-microondas-avent-scf28102-680151/,89999.0,64999.0,1,True
FRA-banadera-love-plegable-con-reductor-y-te,Fravega,OTRAS,Bebés y Primera Infancia,Bañadera Love Plegable con Reductor y Termómetro B324 Rosa,https://www.fravega.com/p/banadera-love-plegable-con-reductor-y-termometro-b324-rosa-680937/,49999.0,29999.0,1,True
FRA-caminador-con-musica-bebesit-1226-celest,Fravega,OTRAS,Bebés y Primera Infancia,Caminador con Música Bebesit 1226 Celeste,https://www.fravega.com/p/caminador-con-musica-bebesit-1226-celeste-680445/,69999.0,44999.0,1,True
FRA-baby-call-gadnic-con-camara-vision-noctu,Fravega,OTRAS,Bebés y Primera Infancia,"Baby Call Gadnic con Cámara Visión Nocturna a Color 3,2"" Temperatura Ambiente",https://www.fravega.com/p/baby-call-gadnic-con-camara-vision-nocturna-a-color-3-2-temperatura-ambiente-20056044/,148251.0,114039.0,1,True
FRA-coche-cuna-love-172-negro-680004,Fravega,OTRAS,Bebés y Primera Infancia,Coche Cuna Love 172 Negro,https://www.fravega.com/p/coche-cuna-love-172-negro-680004/,399999.0,179999.0,1,True
FRA-colchoneta-de-bebe-gadnic-gimnasio-music,Fravega,OTRAS,Bebés y Primera Infancia,Colchoneta de Bebe Gadnic Gimnasio Musical,https://www.fravega.com/p/colchoneta-de-bebe-gadnic-gimnasio-musical-990165631/,58824.0,45249.0,1,True
FRA-combo-banera-plegable-adaptador-termomet,Fravega,OTRAS,Bebés y Primera Infancia,Combo Bañera Plegable Adaptador Termometro Electronico Love B340 Gris,https://www.fravega.com/p/combo-banera-plegable-adaptador-termometro-electronico-love-b340-gris-21183849/,76400.0,61099.0,1,True
FRA-sacaleche-manual-gadnic-brp00104-150ml-9,Fravega,OTRAS,Bebés y Primera Infancia,Sacaleche Manual Gadnic BRP00104 150ml,https://www.fravega.com/p/sacaleche-manual-gadnic-brp00104-150ml-990068128/,32304.0,24849.0,1,True
FRA-practicuna-love-gris-833-colchon-de-rega,Fravega,OTRAS,Bebés y Primera Infancia,Practicuna Love Gris 833 + Colchón de regalo,https://www.fravega.com/p/practicuna-love-gris-833-colchon-de-regalo-680966/,199999.0,134999.0,1,True
FRA-cochecito-de-bebe-paseo-mu-reforzado-col,Fravega,OTRAS,Bebés y Primera Infancia,Cochecito de Bebe Paseo MU Reforzado Color Gris,https://www.fravega.com/p/cochecito-de-bebe-paseo-mu-reforzado-color-gris-680778/,219999.0,109999.0,1,True
FRA-cochecito-cuna-recien-nacido-love-172-ro,Fravega,OTRAS,Bebés y Primera Infancia,Cochecito Cuna Recien Nacido Love 172 Rosa 05,https://www.fravega.com/p/cochecito-cuna-recien-nacido-love-172-rosa-05-50008258/,218400.0,174699.0,1,True
FRA-cochecito-de-bebe-paseo-mu-reforzado-col,Fravega,OTRAS,Bebés y Primera Infancia,Cochecito de Bebe Paseo MU Reforzado Color Azul,https://www.fravega.com/p/cochecito-de-bebe-paseo-mu-reforzado-color-azul-680820/,219999.0,109999.0,1,True
FRA-cochecito-de-paseo-bebesit-eos-c-bandeja,Fravega,OTRAS,Bebés y Primera Infancia,Cochecito de paseo Bebesit Eos C/bandeja Superior Verde 1337-J,https://www.fravega.com/p/cochecito-de-paseo-bebesit-eos-c-bandeja-superior-verde-1337-j-990052856/,171441.0,120009.0,1,True
FRA-coche-cuna-de-disney-travel-system-con-h,Fravega,OTRAS,Bebés y Primera Infancia,Coche Cuna de Disney Travel System con Huevito Negro Mickey,https://www.fravega.com/p/coche-cuna-de-disney-travel-system-con-huevito-negro-mickey-22721705/,315329.0,242560.0,1,True
FRA-coche-cuna-de-bebe-travel-system-disney-,Fravega,OTRAS,Bebés y Primera Infancia,Coche Cuna de Bebe Travel System Disney Rosa Minnie,https://www.fravega.com/p/coche-cuna-de-bebe-travel-system-disney-rosa-minnie-20293913/,315330.0,242560.0,1,True
FRA-cochecito-bebes-3-1-traful-mawe-by-gadni,Fravega,OTRAS,Bebés y Primera Infancia,Cochecito Bebes 3 en 1 Traful Mawe by Gadnic Huevito Travel System,https://www.fravega.com/p/cochecito-bebes-3-1-traful-mawe-by-gadnic-huevito-travel-system-990286488/,603199.0,463999.0,1,True
FRA-chicco-coche-de-paseo-glee-playful-black,Fravega,CHICCO,Bebés y Primera Infancia,Chicco Coche De Paseo Glee Playful Black 0808706875 27680 Negro,https://www.fravega.com/p/chicco-coche-de-paseo-glee-playful-black-0808706875-27680-negro-990267983/,499990.0,199990.0,1,True
FRA-coche-travel-system-baby-one-roma-gris-b,Fravega,OTRAS,Bebés y Primera Infancia,Coche Travel System Baby One Roma Gris Bots-035,https://www.fravega.com/p/coche-travel-system-baby-one-roma-gris-bots-035-990263029/,319990.0,199990.0,1,True
FRA-chicco-cochecito-goody-xplus-black-re-lu,Fravega,CHICCO,Bebés y Primera Infancia,Chicco Cochecito Goody Xplus Black Re_lux 08087040560000,https://www.fravega.com/p/chicco-cochecito-goody-xplus-black-re-lux-08087040560000-990249433/,499990.0,299990.0,1,True
FRA-chicco-coche-bellagio-black-satin-050871,Fravega,CHICCO,Bebés y Primera Infancia,Chicco Coche Bellagio Black Satin 05087136450000,https://www.fravega.com/p/chicco-coche-bellagio-black-satin-05087136450000-990249432/,799990.0,699990.0,1,True
FRA-cochecito-de-paseo-compacto-con-manija-v,Fravega,OTRAS,Bebés y Primera Infancia,Cochecito de Paseo Compacto Con Manija Verde Oscuro Bebesit,https://www.fravega.com/p/cochecito-de-paseo-compacto-con-manija-verde-oscuro-bebesit-990245852/,176499.0,123549.0,1,True
FRA-cochecito-de-paseo-ultracompacto-bebesit,Fravega,OTRAS,Bebés y Primera Infancia,Cochecito de Paseo UltraCompacto Bebesit Beige,https://www.fravega.com/p/cochecito-de-paseo-ultracompacto-bebesit-beige-990245846/,163199.0,114239.0,1,True
FRA-cochecito-de-bebe-paraguita-mu-reforzado,Fravega,OTRAS,Bebés y Primera Infancia,Cochecito de Bebe Paraguita MU Reforzado Color Gris,https://www.fravega.com/p/cochecito-de-bebe-paraguita-mu-reforzado-color-gris-680669/,99999.0,59999.0,1,True
FRA-butaca-sillita-para-auto-ninos-de-9-a-36,Fravega,OTRAS,Bebés y Primera Infancia,Butaca Sillita para Auto Ninos de 9 a 36 kg,https://www.fravega.com/p/butaca-sillita-para-auto-ninos-de-9-a-36-kg-680827/,139999.0,79999.0,1,True
FRA-practicuna-love-gris-833-colchon-de-rega,Fravega,OTRAS,Bebés y Primera Infancia,Practicuna Love Gris 833 + Colchón de regalo,https://www.fravega.com/p/practicuna-love-gris-833-colchon-de-regalo-680966/,199999.0,134999.0,1,True
FRA-practicuna-love-beige-893-colchon-de-reg,Fravega,OTRAS,Bebés y Primera Infancia,Practicuna Love Beige 893 + Colchón de regalo,https://www.fravega.com/p/practicuna-love-beige-893-colchon-de-regalo-681170/,199999.0,129999.0,1,True
FRA-coche-cuna-love-172-negro-680004,Fravega,OTRAS,Bebés y Primera Infancia,Coche Cuna Love 172 Negro,https://www.fravega.com/p/coche-cuna-love-172-negro-680004/,399999.0,179999.0,1,True
FRA-caminador-con-musica-bebesit-1226-celest,Fravega,OTRAS,Bebés y Primera Infancia,Caminador con Música Bebesit 1226 Celeste,https://www.fravega.com/p/caminador-con-musica-bebesit-1226-celeste-680445/,69999.0,44999.0,1,True
FRA-combo-banera-plegable-adaptador-termomet,Fravega,OTRAS,Bebés y Primera Infancia,Combo Bañera Plegable Adaptador Termometro Electronico Love B340 Gris,https://www.fravega.com/p/combo-banera-plegable-adaptador-termometro-electronico-love-b340-gris-21183849/,76400.0,61099.0,1,True
FRA-banadera-love-plegable-con-reductor-y-te,Fravega,OTRAS,Bebés y Primera Infancia,Bañadera Love Plegable con Reductor y Termómetro B324 Rosa,https://www.fravega.com/p/banadera-love-plegable-con-reductor-y-termometro-b324-rosa-680937/,49999.0,29999.0,1,True
FRA-baby-call-gadnic-con-camara-vision-noctu,Fravega,OTRAS,Bebés y Primera Infancia,"Baby Call Gadnic con Cámara Visión Nocturna a Color 3,2"" Temperatura Ambiente",https://www.fravega.com/p/baby-call-gadnic-con-camara-vision-nocturna-a-color-3-2-temperatura-ambiente-20056044/,148251.0,114039.0,1,True
FRA-colchoneta-de-bebe-gadnic-gimnasio-music,Fravega,OTRAS,Bebés y Primera Infancia,Colchoneta de Bebe Gadnic Gimnasio Musical,https://www.fravega.com/p/colchoneta-de-bebe-gadnic-gimnasio-musical-990165631/,58824.0,45249.0,1,True
FRA-esterilizador-a-vapor-para-microondas-av,Fravega,OTRAS,Bebés y Primera Infancia,Esterilizador a vapor para microondas AVENT SCF28102,https://www.fravega.com/p/esterilizador-a-vapor-para-microondas-avent-scf28102-680151/,89999.0,64999.0,1,True
FRA-sacaleche-manual-gadnic-brp00104-150ml-9,Fravega,OTRAS,Bebés y Primera Infancia,Sacaleche Manual Gadnic BRP00104 150ml,https://www.fravega.com/p/sacaleche-manual-gadnic-brp00104-150ml-990068128/,32304.0,24849.0,1,True
FRA-cochecito-paraguitas-bebesit-neuf-1058-a,Fravega,OTRAS,Bebés y Primera Infancia,Cochecito Paragüitas Bebesit Neuf 1058-A,https://www.fravega.com/p/cochecito-paraguitas-bebesit-neuf-1058-a-990052853/,110641.0,77449.0,1,True
FRA-coche-paraguita-bebesit-neuf-convertible,Fravega,OTRAS,Bebés y Primera Infancia,Coche paragüita Bebesit Neuf Convertible en coche cuna Negro,https://www.fravega.com/p/coche-paraguita-bebesit-neuf-convertible-coche-cuna-negro-990065280/,121056.0,84739.0,1,True
FRA-coche-bebesit-paraguitas-neuf-negro-y-bo,Fravega,OTRAS,Bebés y Primera Infancia,COCHE  BEBESIT PARAGÜITAS NEUF NEGRO Y BORDO,https://www.fravega.com/p/coche-bebesit-paraguitas-neuf-negro-y-bordo-990076685/,109270.0,76489.0,1,True
FRA-cochecito-bebesit-travel-system-1337-eos,Fravega,OTRAS,Bebés y Primera Infancia,Cochecito Bebesit travel system  1337 EOS azul,https://www.fravega.com/p/cochecito-bebesit-travel-system-1337-eos-azul-990169806/,526389.0,417185.0,1,True
FRA-coche-bebe-paraguita-plegable-negro-con-,Fravega,OTRAS,Bebés y Primera Infancia,Coche Bebe Paraguita Plegable Negro Con Capota Reclinable Ultra Liviano,https://www.fravega.com/p/coche-bebe-paraguita-plegable-negro-con-capota-reclinable-ultra-liviano-22482447/,127990.0,105776.86,1,True
FRA-cochecito-de-paseo-ultracompacto-bebesit,Fravega,OTRAS,Bebés y Primera Infancia,Cochecito de Paseo UltraCompacto Bebesit Beige,https://www.fravega.com/p/cochecito-de-paseo-ultracompacto-bebesit-beige-990245846/,163199.0,114239.0,1,True
FRA-cochecito-de-paseo-ultracompacto-bebesit,Fravega,OTRAS,Bebés y Primera Infancia,Cochecito de Paseo UltraCompacto Bebesit Negro,https://www.fravega.com/p/cochecito-de-paseo-ultracompacto-bebesit-negro-990245839/,152570.0,106799.0,1,True
FRA-cochecito-de-paseo-compacto-con-manija-v,Fravega,OTRAS,Bebés y Primera Infancia,Cochecito de Paseo Compacto Con Manija Verde Oscuro Bebesit,https://www.fravega.com/p/cochecito-de-paseo-compacto-con-manija-verde-oscuro-bebesit-990245852/,176499.0,123549.0,1,True
FRA-chicco-cochecito-goody-xplus-black-re-lu,Fravega,CHICCO,Bebés y Primera Infancia,Chicco Cochecito Goody Xplus Black Re_lux 08087040560000,https://www.fravega.com/p/chicco-cochecito-goody-xplus-black-re-lux-08087040560000-990249433/,499990.0,299990.0,1,True
FRA-chicco-coche-bellagio-black-satin-050871,Fravega,CHICCO,Bebés y Primera Infancia,Chicco Coche Bellagio Black Satin 05087136450000,https://www.fravega.com/p/chicco-coche-bellagio-black-satin-05087136450000-990249432/,799990.0,699990.0,1,True
FRA-coche-travel-system-baby-one-roma-gris-b,Fravega,OTRAS,Bebés y Primera Infancia,Coche Travel System Baby One Roma Gris Bots-035,https://www.fravega.com/p/coche-travel-system-baby-one-roma-gris-bots-035-990263029/,319990.0,199990.0,1,True
FRA-chicco-coche-de-paseo-glee-playful-black,Fravega,CHICCO,Bebés y Primera Infancia,Chicco Coche De Paseo Glee Playful Black 0808706875 27680 Negro,https://www.fravega.com/p/chicco-coche-de-paseo-glee-playful-black-0808706875-27680-negro-990267983/,499990.0,199990.0,1,True
FRA-coche-cuna-de-bebes-reforzado-de-mickey-,Fravega,OTRAS,Bebés y Primera Infancia,Coche Cuna de Bebes Reforzado de Mickey Gris,https://www.fravega.com/p/coche-cuna-de-bebes-reforzado-de-mickey-gris-22721654/,169720.0,130555.0,1,True
FRA-cochecito-bebes-3-1-traful-mawe-by-gadni,Fravega,OTRAS,Bebés y Primera Infancia,Cochecito Bebes 3 en 1 Traful Mawe by Gadnic Huevito Travel System,https://www.fravega.com/p/cochecito-bebes-3-1-traful-mawe-by-gadnic-huevito-travel-system-990286488/,603199.0,463999.0,1,True
FRA-cochecito-con-moises-y-huevito-3-1-bring,Fravega,OTRAS,Bebés y Primera Infancia,Cochecito con Moises y Huevito 3 en 1 Bring Tryp rojo 5430,https://www.fravega.com/p/cochecito-con-moises-y-huevito-3-1-bring-tryp-rojo-5430-10007005/,492000.0,393599.0,1,True
FRA-cochecito-de-bebe-paraguita-mu-reforzado,Fravega,OTRAS,Bebés y Primera Infancia,Cochecito de Bebe Paraguita MU Reforzado Color Gris,https://www.fravega.com/p/cochecito-de-bebe-paraguita-mu-reforzado-color-gris-680669/,99999.0,59999.0,1,True
FRA-butaca-sillita-para-auto-ninos-de-9-a-36,Fravega,OTRAS,Bebés y Primera Infancia,Butaca Sillita para Auto Ninos de 9 a 36 kg,https://www.fravega.com/p/butaca-sillita-para-auto-ninos-de-9-a-36-kg-680827/,139999.0,79999.0,1,True
FRA-practicuna-love-gris-833-colchon-de-rega,Fravega,OTRAS,Bebés y Primera Infancia,Practicuna Love Gris 833 + Colchón de regalo,https://www.fravega.com/p/practicuna-love-gris-833-colchon-de-regalo-680966/,199999.0,134999.0,1,True
FRA-practicuna-love-beige-893-colchon-de-reg,Fravega,OTRAS,Bebés y Primera Infancia,Practicuna Love Beige 893 + Colchón de regalo,https://www.fravega.com/p/practicuna-love-beige-893-colchon-de-regalo-681170/,199999.0,129999.0,1,True
FRA-coche-cuna-love-172-negro-680004,Fravega,OTRAS,Bebés y Primera Infancia,Coche Cuna Love 172 Negro,https://www.fravega.com/p/coche-cuna-love-172-negro-680004/,399999.0,179999.0,1,True
FRA-caminador-con-musica-bebesit-1226-celest,Fravega,OTRAS,Bebés y Primera Infancia,Caminador con Música Bebesit 1226 Celeste,https://www.fravega.com/p/caminador-con-musica-bebesit-1226-celeste-680445/,69999.0,44999.0,1,True
FRA-combo-banera-plegable-adaptador-termomet,Fravega,OTRAS,Bebés y Primera Infancia,Combo Bañera Plegable Adaptador Termometro Electronico Love B340 Gris,https://www.fravega.com/p/combo-banera-plegable-adaptador-termometro-electronico-love-b340-gris-21183849/,76400.0,61099.0,1,True
FRA-banadera-love-plegable-con-reductor-y-te,Fravega,OTRAS,Bebés y Primera Infancia,Bañadera Love Plegable con Reductor y Termómetro B324 Rosa,https://www.fravega.com/p/banadera-love-plegable-con-reductor-y-termometro-b324-rosa-680937/,49999.0,29999.0,1,True
FRA-baby-call-gadnic-con-camara-vision-noctu,Fravega,OTRAS,Bebés y Primera Infancia,"Baby Call Gadnic con Cámara Visión Nocturna a Color 3,2"" Temperatura Ambiente",https://www.fravega.com/p/baby-call-gadnic-con-camara-vision-nocturna-a-color-3-2-temperatura-ambiente-20056044/,148251.0,114039.0,1,True
FRA-colchoneta-de-bebe-gadnic-gimnasio-music,Fravega,OTRAS,Bebés y Primera Infancia,Colchoneta de Bebe Gadnic Gimnasio Musical,https://www.fravega.com/p/colchoneta-de-bebe-gadnic-gimnasio-musical-990165631/,58824.0,45249.0,1,True
FRA-esterilizador-a-vapor-para-microondas-av,Fravega,OTRAS,Bebés y Primera Infancia,Esterilizador a vapor para microondas AVENT SCF28102,https://www.fravega.com/p/esterilizador-a-vapor-para-microondas-avent-scf28102-680151/,89999.0,64999.0,1,True
FRA-sacaleche-manual-gadnic-brp00104-150ml-9,Fravega,OTRAS,Bebés y Primera Infancia,Sacaleche Manual Gadnic BRP00104 150ml,https://www.fravega.com/p/sacaleche-manual-gadnic-brp00104-150ml-990068128/,32304.0,24849.0,1,True
FRA-cochecito-de-bebe-bring-fores-5310-rojo-,Fravega,OTRAS,Bebés y Primera Infancia,Cochecito de Bebé Bring Fores 5310 Rojo,https://www.fravega.com/p/cochecito-de-bebe-bring-fores-5310-rojo-10006983/,1792000.0,1433599.0,1,True
FRA-cochecito-de-bebe-paraguitas-mini-cooper,Fravega,OTRAS,Bebés y Primera Infancia,Cochecito de Bebe Paragüitas Mini Cooper Buggy Blue,https://www.fravega.com/p/cochecito-de-bebe-paraguitas-mini-cooper-buggy-blue-10006858/,293000.0,234399.0,1,True
FRA-cochecito-de-bebe-paraguitas-mini-cooper,Fravega,OTRAS,Bebés y Primera Infancia,Cochecito de Bebe Paragüitas Mini Cooper Buggy Black Jack,https://www.fravega.com/p/cochecito-de-bebe-paraguitas-mini-cooper-buggy-black-jack-10006856/,293000.0,234399.0,1,True
FRA-cochecito-de-bebe-paraguitas-mini-cooper,Fravega,OTRAS,Bebés y Primera Infancia,Cochecito de Bebe Paragüitas Mini Cooper Buggy XL Black Jack,https://www.fravega.com/p/cochecito-de-bebe-paraguitas-mini-cooper-buggy-xl-black-jack-10008123/,320200.0,256099.0,1,True
FRA-cochecito-de-bebe-paraguitas-mini-cooper,Fravega,OTRAS,Bebés y Primera Infancia,Cochecito de Bebé Paragüitas Mini Cooper Buggy XL Blazing Red,https://www.fravega.com/p/cochecito-de-bebe-paraguitas-mini-cooper-buggy-xl-blazing-red-10008090/,320200.0,256099.0,1,True
FRA-cochecito-de-bebe-paraguitas-mini-cooper,Fravega,OTRAS,Bebés y Primera Infancia,Cochecito de Bebe Paragüitas Mini Cooper Buggy Blazing Red,https://www.fravega.com/p/cochecito-de-bebe-paraguitas-mini-cooper-buggy-blazing-red-10006860/,293000.0,234399.0,1,True
FRA-cochecito-de-paseo-3-ruedas-love-297-roj,Fravega,OTRAS,Bebés y Primera Infancia,Cochecito de Paseo 3 Ruedas Love 297 Rojo 07,https://www.fravega.com/p/cochecito-de-paseo-3-ruedas-love-297-rojo-07-50005386/,149300.0,119399.0,1,True
FRA-cochecito-de-paseo-bright-starts-baby-jo,Fravega,OTRAS,Bebés y Primera Infancia,Cochecito de Paseo Bright starts Baby Jogger City Versa,https://www.fravega.com/p/cochecito-de-paseo-bright-starts-baby-jogger-city-versa-50005421/,1801400.0,1441099.0,1,True
FRA-cochecito-de-paseo-baby-go-223-verde-500,Fravega,OTRAS,Bebés y Primera Infancia,Cochecito De Paseo Baby Go 223 Verde,https://www.fravega.com/p/cochecito-de-paseo-baby-go-223-verde-50005403/,1783700.0,1426899.0,1,True
FRA-cochecito-de-paseo-3-ruedas-love-297-lin,Fravega,OTRAS,Bebés y Primera Infancia,Cochecito de Paseo 3 Ruedas Love 297 Linen 07,https://www.fravega.com/p/cochecito-de-paseo-3-ruedas-love-297-linen-07-50005408/,149300.0,119399.0,1,True
FRA-cochecito-de-bebe-paraguitas-love-195-ne,Fravega,OTRAS,Bebés y Primera Infancia,Cochecito de Bebe Paragüitas Love 195 Negro,https://www.fravega.com/p/cochecito-de-bebe-paraguitas-love-195-negro-50007325/,141800.0,113399.0,1,True
FRA-cochecito-de-bebe-paraguitas-love-195-ro,Fravega,OTRAS,Bebés y Primera Infancia,Cochecito de Bebé Paragüitas Love 195 Rojo,https://www.fravega.com/p/cochecito-de-bebe-paraguitas-love-195-rojo-50007327/,141800.0,113399.0,1,True
FRA-cochecito-cuna-para-recien-nacido-manija,Fravega,OTRAS,Bebés y Primera Infancia,Cochecito Cuna para Recien Nacido Manija Rebatible y Cubre Pies Love 172 Aqua 03,https://www.fravega.com/p/cochecito-cuna-para-recien-nacido-manija-rebatible-y-cubre-pies-love-172-aqua-03-50008257/,218400.0,174699.0,1,True
FRA-coche-paraguita-bebesit-1058-neuf-negro-,Fravega,OTRAS,Bebés y Primera Infancia,Coche Paraguita Bebesit 1058 Neuf Negro Rojo,https://www.fravega.com/p/coche-paraguita-bebesit-1058-neuf-negro-rojo-50012677/,239896.0,156465.0,1,True
FRA-coche-paraguita-bebesit-1058-neuf-negro-,Fravega,OTRAS,Bebés y Primera Infancia,Coche Paraguita Bebesit 1058 Neuf Negro Bordo,https://www.fravega.com/p/coche-paraguita-bebesit-1058-neuf-negro-bordo-50012680/,239896.0,156465.0,1,True
FRA-butaca-sillita-para-auto-ninos-de-9-a-36,Fravega,OTRAS,Bebés y Primera Infancia,Butaca Sillita para Auto Ninos de 9 a 36 kg,https://www.fravega.com/p/butaca-sillita-para-auto-ninos-de-9-a-36-kg-680827/,139999.0,79999.0,1,True
FRA-cochecito-de-bebe-paraguita-mu-reforzado,Fravega,OTRAS,Bebés y Primera Infancia,Cochecito de Bebe Paraguita MU Reforzado Color Gris,https://www.fravega.com/p/cochecito-de-bebe-paraguita-mu-reforzado-color-gris-680669/,99999.0,59999.0,1,True
FRA-practicuna-love-beige-893-colchon-de-reg,Fravega,OTRAS,Bebés y Primera Infancia,Practicuna Love Beige 893 + Colchón de regalo,https://www.fravega.com/p/practicuna-love-beige-893-colchon-de-regalo-681170/,199999.0,129999.0,1,True
FRA-esterilizador-a-vapor-para-microondas-av,Fravega,OTRAS,Bebés y Primera Infancia,Esterilizador a vapor para microondas AVENT SCF28102,https://www.fravega.com/p/esterilizador-a-vapor-para-microondas-avent-scf28102-680151/,89999.0,64999.0,1,True
FRA-banadera-love-plegable-con-reductor-y-te,Fravega,OTRAS,Bebés y Primera Infancia,Bañadera Love Plegable con Reductor y Termómetro B324 Rosa,https://www.fravega.com/p/banadera-love-plegable-con-reductor-y-termometro-b324-rosa-680937/,49999.0,29999.0,1,True
FRA-caminador-con-musica-bebesit-1226-celest,Fravega,OTRAS,Bebés y Primera Infancia,Caminador con Música Bebesit 1226 Celeste,https://www.fravega.com/p/caminador-con-musica-bebesit-1226-celeste-680445/,69999.0,44999.0,1,True
FRA-baby-call-gadnic-con-camara-vision-noctu,Fravega,OTRAS,Bebés y Primera Infancia,"Baby Call Gadnic con Cámara Visión Nocturna a Color 3,2"" Temperatura Ambiente",https://www.fravega.com/p/baby-call-gadnic-con-camara-vision-nocturna-a-color-3-2-temperatura-ambiente-20056044/,148251.0,114039.0,1,True
FRA-coche-cuna-love-172-negro-680004,Fravega,OTRAS,Bebés y Primera Infancia,Coche Cuna Love 172 Negro,https://www.fravega.com/p/coche-cuna-love-172-negro-680004/,399999.0,179999.0,1,True
FRA-colchoneta-de-bebe-gadnic-gimnasio-music,Fravega,OTRAS,Bebés y Primera Infancia,Colchoneta de Bebe Gadnic Gimnasio Musical,https://www.fravega.com/p/colchoneta-de-bebe-gadnic-gimnasio-musical-990165631/,58824.0,45249.0,1,True
FRA-combo-banera-plegable-adaptador-termomet,Fravega,OTRAS,Bebés y Primera Infancia,Combo Bañera Plegable Adaptador Termometro Electronico Love B340 Gris,https://www.fravega.com/p/combo-banera-plegable-adaptador-termometro-electronico-love-b340-gris-21183849/,76400.0,61099.0,1,True
FRA-sacaleche-manual-gadnic-brp00104-150ml-9,Fravega,OTRAS,Bebés y Primera Infancia,Sacaleche Manual Gadnic BRP00104 150ml,https://www.fravega.com/p/sacaleche-manual-gadnic-brp00104-150ml-990068128/,32304.0,24849.0,1,True
FRA-practicuna-love-gris-833-colchon-de-rega,Fravega,OTRAS,Bebés y Primera Infancia,Practicuna Love Gris 833 + Colchón de regalo,https://www.fravega.com/p/practicuna-love-gris-833-colchon-de-regalo-680966/,199999.0,134999.0,1,True
FRA-cochecito-3-1-cloud-infanti-gris-oscuro-,Fravega,OTRAS,Bebés y Primera Infancia,Cochecito 3 en 1 Cloud Infanti Gris oscuro,https://www.fravega.com/p/cochecito-3-1-cloud-infanti-gris-oscuro-990275247/,999999.0,445999.0,1,True
FRA-cochecito-3-1-con-base-infanti-noa-negro,Fravega,OTRAS,Bebés y Primera Infancia,Cochecito 3 en 1 con Base Infanti Noa Negro-Rojo,https://www.fravega.com/p/cochecito-3-1-con-base-infanti-noa-negro-rojo-990275246/,999999.0,599990.0,1,True
FRA-cochecito-travel-system-infanti-padua-2g,Fravega,OTRAS,Bebés y Primera Infancia,Cochecito Travel System Infanti Padua 2G Negro,https://www.fravega.com/p/cochecito-travel-system-infanti-padua-2g-negro-990275243/,899999.0,445999.0,1,True
FRA-cochecito-jogger-breeze-3-ruedas-verde-i,Fravega,OTRAS,Bebés y Primera Infancia,Cochecito Jogger Breeze 3 ruedas verde Infanti,https://www.fravega.com/p/cochecito-jogger-breeze-3-ruedas-verde-infanti-990275242/,629999.0,396999.0,1,True
FRA-cochecito-3-1-con-base-infanti-noa-gris-,Fravega,OTRAS,Bebés y Primera Infancia,Cochecito 3 en 1 con Base Infanti Noa Gris,https://www.fravega.com/p/cochecito-3-1-con-base-infanti-noa-gris-990275240/,999999.0,599990.0,1,True
FRA-cochecito-con-asiento-gira-360-giro-infa,Fravega,OTRAS,Bebés y Primera Infancia,Cochecito con asiento gira 360º Giro Infanti gris,https://www.fravega.com/p/cochecito-con-asiento-gira-360-giro-infanti-gris-990275237/,999999.0,717999.0,1,True
FRA-cochecito-leona-2-twillic-graphite-99027,Fravega,OTRAS,Bebés y Primera Infancia,Cochecito Leona 2 Twillic Graphite,https://www.fravega.com/p/cochecito-leona-2-twillic-graphite-990275236/,1199999.0,1029999.0,1,True
FRA-cochecito-leona-2-twillic-truffle-990275,Fravega,OTRAS,Bebés y Primera Infancia,Cochecito Leona 2 Twillic Truffle,https://www.fravega.com/p/cochecito-leona-2-twillic-truffle-990275233/,1199999.0,1029999.0,1,True
FRA-cochecito-infanti-terrain-2g-ultralivian,Fravega,OTRAS,Bebés y Primera Infancia,Cochecito Infanti Terrain 2G ultraliviano Marengo Melange,https://www.fravega.com/p/cochecito-infanti-terrain-2g-ultraliviano-marengo-melange-990275228/,399999.0,265099.0,1,True
FRA-coche-paraguitas-adventure-infanti-azul-,Fravega,OTRAS,Bebés y Primera Infancia,Coche paragüitas Adventure Infanti azul,https://www.fravega.com/p/coche-paraguitas-adventure-infanti-azul-990275224/,254999.0,149999.0,1,True
FRA-coche-paraguitas-aike-ultraliviano-negro,Fravega,OTRAS,Bebés y Primera Infancia,Coche paragüitas Aike ultraliviano negro Infanti,https://www.fravega.com/p/coche-paraguitas-aike-ultraliviano-negro-infanti-990275222/,299999.0,141999.0,1,True
FRA-cochecito-fame-maxi-cosi-twillic-black-9,Fravega,OTRAS,Bebés y Primera Infancia,Cochecito Fame Maxi-Cosi Twillic Black,https://www.fravega.com/p/cochecito-fame-maxi-cosi-twillic-black-990275220/,2399999.0,2256999.0,1,True
FRA-cochecito-fame-maxi-cosi-twillic-graphit,Fravega,OTRAS,Bebés y Primera Infancia,Cochecito Fame Maxi-Cosi  Twillic Graphite,https://www.fravega.com/p/cochecito-fame-maxi-cosi-twillic-graphite-990275216/,2399999.0,2256999.0,1,True
FRA-cochecito-leona-2-twillic-green-99027521,Fravega,OTRAS,Bebés y Primera Infancia,Cochecito Leona 2 Twillic Green,https://www.fravega.com/p/cochecito-leona-2-twillic-green-990275212/,1199999.0,1029999.0,1,True
FRA-cochecito-terrain-2g-ultraliviano-gris-i,Fravega,OTRAS,Bebés y Primera Infancia,Cochecito Terrain 2G ultraliviano gris Infanti,https://www.fravega.com/p/cochecito-terrain-2g-ultraliviano-gris-infanti-990275211/,399999.0,265099.0,1,True
FRA-cochecito-de-bebe-paraguita-mu-reforzado,Fravega,OTRAS,Bebés y Primera Infancia,Cochecito de Bebe Paraguita MU Reforzado Color Gris,https://www.fravega.com/p/cochecito-de-bebe-paraguita-mu-reforzado-color-gris-680669/,99999.0,59999.0,1,True
FRA-butaca-sillita-para-auto-ninos-de-9-a-36,Fravega,OTRAS,Bebés y Primera Infancia,Butaca Sillita para Auto Ninos de 9 a 36 kg,https://www.fravega.com/p/butaca-sillita-para-auto-ninos-de-9-a-36-kg-680827/,139999.0,79999.0,1,True
FRA-practicuna-love-gris-833-colchon-de-rega,Fravega,OTRAS,Bebés y Primera Infancia,Practicuna Love Gris 833 + Colchón de regalo,https://www.fravega.com/p/practicuna-love-gris-833-colchon-de-regalo-680966/,199999.0,134999.0,1,True
FRA-practicuna-love-beige-893-colchon-de-reg,Fravega,OTRAS,Bebés y Primera Infancia,Practicuna Love Beige 893 + Colchón de regalo,https://www.fravega.com/p/practicuna-love-beige-893-colchon-de-regalo-681170/,199999.0,129999.0,1,True
FRA-coche-cuna-love-172-negro-680004,Fravega,OTRAS,Bebés y Primera Infancia,Coche Cuna Love 172 Negro,https://www.fravega.com/p/coche-cuna-love-172-negro-680004/,399999.0,179999.0,1,True
FRA-caminador-con-musica-bebesit-1226-celest,Fravega,OTRAS,Bebés y Primera Infancia,Caminador con Música Bebesit 1226 Celeste,https://www.fravega.com/p/caminador-con-musica-bebesit-1226-celeste-680445/,69999.0,44999.0,1,True
FRA-combo-banera-plegable-adaptador-termomet,Fravega,OTRAS,Bebés y Primera Infancia,Combo Bañera Plegable Adaptador Termometro Electronico Love B340 Gris,https://www.fravega.com/p/combo-banera-plegable-adaptador-termometro-electronico-love-b340-gris-21183849/,76400.0,61099.0,1,True
FRA-banadera-love-plegable-con-reductor-y-te,Fravega,OTRAS,Bebés y Primera Infancia,Bañadera Love Plegable con Reductor y Termómetro B324 Rosa,https://www.fravega.com/p/banadera-love-plegable-con-reductor-y-termometro-b324-rosa-680937/,49999.0,29999.0,1,True
FRA-baby-call-gadnic-con-camara-vision-noctu,Fravega,OTRAS,Bebés y Primera Infancia,"Baby Call Gadnic con Cámara Visión Nocturna a Color 3,2"" Temperatura Ambiente",https://www.fravega.com/p/baby-call-gadnic-con-camara-vision-nocturna-a-color-3-2-temperatura-ambiente-20056044/,148251.0,114039.0,1,True
FRA-colchoneta-de-bebe-gadnic-gimnasio-music,Fravega,OTRAS,Bebés y Primera Infancia,Colchoneta de Bebe Gadnic Gimnasio Musical,https://www.fravega.com/p/colchoneta-de-bebe-gadnic-gimnasio-musical-990165631/,58824.0,45249.0,1,True
FRA-esterilizador-a-vapor-para-microondas-av,Fravega,OTRAS,Bebés y Primera Infancia,Esterilizador a vapor para microondas AVENT SCF28102,https://www.fravega.com/p/esterilizador-a-vapor-para-microondas-avent-scf28102-680151/,89999.0,64999.0,1,True
FRA-sacaleche-manual-gadnic-brp00104-150ml-9,Fravega,OTRAS,Bebés y Primera Infancia,Sacaleche Manual Gadnic BRP00104 150ml,https://www.fravega.com/p/sacaleche-manual-gadnic-brp00104-150ml-990068128/,32304.0,24849.0,1,True
FRA-cochecito-de-paseo-bebesit-1390-aeris-gr,Fravega,OTRAS,Bebés y Primera Infancia,Cochecito de Paseo Bebesit 1390 Aeris Gris,https://www.fravega.com/p/cochecito-de-paseo-bebesit-1390-aeris-gris-680929/,299999.0,154999.0,1,True
FRA-coche-cuna-de-bebe-travel-system-disney-,Fravega,OTRAS,Bebés y Primera Infancia,Coche Cuna de Bebe Travel System Disney Celeste Mickey,https://www.fravega.com/p/coche-cuna-de-bebe-travel-system-disney-celeste-mickey-20293896/,337520.0,236030.0,1,True
FRA-coche-cuna-de-bebe-con-3-posiciones-fiat,Fravega,OTRAS,Bebés y Primera Infancia,Coche Cuna de Bebe con 3 Posiciones Fiat Gris,https://www.fravega.com/p/coche-cuna-de-bebe-con-3-posiciones-fiat-gris-20363804/,190410.0,146470.0,1,True
FRA-cochecito-de-paseo-eos-verde-oscuro-9900,Fravega,OTRAS,Bebés y Primera Infancia,Cochecito de Paseo EOS Verde Oscuro,https://www.fravega.com/p/cochecito-de-paseo-eos-verde-oscuro-990049444/,283592.0,189790.0,1,True
FRA-cochecito-travel-system-azul-con-manilla,Fravega,OTRAS,Bebés y Primera Infancia,Cochecito Travel System Azul con Manillar Rebatible,https://www.fravega.com/p/cochecito-travel-system-azul-con-manillar-rebatible-990049445/,767527.0,596761.0,1,True
FRA-coche-paraguitas-de-bebe-disney-3-posici,Fravega,OTRAS,Bebés y Primera Infancia,Coche Paraguitas de Bebe Disney 3 Posiciones Negro,https://www.fravega.com/p/coche-paraguitas-de-bebe-disney-3-posiciones-negro-20458410/,154280.0,100359.0,1,True
FRA-coche-paraguitas-de-bebe-disney-3-posici,Fravega,OTRAS,Bebés y Primera Infancia,Coche Paraguitas de Bebe Disney 3 Posiciones Negro Rojo,https://www.fravega.com/p/coche-paraguitas-de-bebe-disney-3-posiciones-negro-rojo-20458414/,154280.0,100359.0,1,True
FRA-coche-paraguitas-de-bebe-disney-3-posici,Fravega,OTRAS,Bebés y Primera Infancia,Coche Paraguitas de Bebe Disney 3 Posiciones Celeste,https://www.fravega.com/p/coche-paraguitas-de-bebe-disney-3-posiciones-celeste-20458415/,154280.0,100359.0,1,True
FRA-coche-paraguitas-de-bebe-fiat-3-posicion,Fravega,OTRAS,Bebés y Primera Infancia,Coche Paraguitas de Bebe Fiat 3 Posiciones Celeste,https://www.fravega.com/p/coche-paraguitas-de-bebe-fiat-3-posiciones-celeste-20458416/,154280.0,100359.0,1,True
FRA-coche-paraguitas-de-bebe-fiat-3-posicion,Fravega,OTRAS,Bebés y Primera Infancia,Coche Paraguitas de Bebe Fiat 3 Posiciones Negro,https://www.fravega.com/p/coche-paraguitas-de-bebe-fiat-3-posiciones-negro-20458417/,154280.0,100359.0,1,True
FRA-cochecito-de-paseo-plegable-reclinable-b,Fravega,OTRAS,Bebés y Primera Infancia,Cochecito De Paseo Plegable Reclinable Bebesit Eos 1337 Gris,https://www.fravega.com/p/cochecito-de-paseo-plegable-reclinable-bebesit-eos-1337-gris-20458681/,174137.47,161699.0,1,True
FRA-coche-de-paseo-love-smart-1008-gris-6806,Fravega,OTRAS,Bebés y Primera Infancia,Coche de Paseo Love Smart 1008 Gris,https://www.fravega.com/p/coche-de-paseo-love-smart-1008-gris-680686/,249999.0,189999.0,1,True
FRA-cochecito-de-paseo-bebesit-eos-c-bandeja,Fravega,OTRAS,Bebés y Primera Infancia,Cochecito de paseo Bebesit Eos C/bandeja Superior Gris 1337-L,https://www.fravega.com/p/cochecito-de-paseo-bebesit-eos-c-bandeja-superior-gris-1337-l-990052858/,169684.0,118779.0,1,True
FRA-cochecito-bebesit-1052-tours-paraguita-n,Fravega,OTRAS,Bebés y Primera Infancia,Cochecito Bebesit 1052 Tours Paraguita Negro Lima,https://www.fravega.com/p/cochecito-bebesit-1052-tours-paraguita-negro-lima-990054592/,175388.0,110370.0,1,True
FRA-cochecito-de-bebe-paraguitas-bebesit-neu,Fravega,OTRAS,Bebés y Primera Infancia,Cochecito De Bebe Paraguitas Bebesit Neuf 1058d Negro Rojo,https://www.fravega.com/p/cochecito-de-bebe-paraguitas-bebesit-neuf-1058d-negro-rojo-21182921/,164337.47,152599.0,1,True
FRA-butaca-sillita-para-auto-ninos-de-9-a-36,Fravega,OTRAS,Bebés y Primera Infancia,Butaca Sillita para Auto Ninos de 9 a 36 kg,https://www.fravega.com/p/butaca-sillita-para-auto-ninos-de-9-a-36-kg-680827/,139999.0,79999.0,1,True
FRA-cochecito-de-bebe-paraguita-mu-reforzado,Fravega,OTRAS,Bebés y Primera Infancia,Cochecito de Bebe Paraguita MU Reforzado Color Gris,https://www.fravega.com/p/cochecito-de-bebe-paraguita-mu-reforzado-color-gris-680669/,99999.0,59999.0,1,True
FRA-practicuna-love-beige-893-colchon-de-reg,Fravega,OTRAS,Bebés y Primera Infancia,Practicuna Love Beige 893 + Colchón de regalo,https://www.fravega.com/p/practicuna-love-beige-893-colchon-de-regalo-681170/,199999.0,129999.0,1,True
FRA-esterilizador-a-vapor-para-microondas-av,Fravega,OTRAS,Bebés y Primera Infancia,Esterilizador a vapor para microondas AVENT SCF28102,https://www.fravega.com/p/esterilizador-a-vapor-para-microondas-avent-scf28102-680151/,89999.0,64999.0,1,True
FRA-banadera-love-plegable-con-reductor-y-te,Fravega,OTRAS,Bebés y Primera Infancia,Bañadera Love Plegable con Reductor y Termómetro B324 Rosa,https://www.fravega.com/p/banadera-love-plegable-con-reductor-y-termometro-b324-rosa-680937/,49999.0,29999.0,1,True
FRA-caminador-con-musica-bebesit-1226-celest,Fravega,OTRAS,Bebés y Primera Infancia,Caminador con Música Bebesit 1226 Celeste,https://www.fravega.com/p/caminador-con-musica-bebesit-1226-celeste-680445/,69999.0,44999.0,1,True
FRA-baby-call-gadnic-con-camara-vision-noctu,Fravega,OTRAS,Bebés y Primera Infancia,"Baby Call Gadnic con Cámara Visión Nocturna a Color 3,2"" Temperatura Ambiente",https://www.fravega.com/p/baby-call-gadnic-con-camara-vision-nocturna-a-color-3-2-temperatura-ambiente-20056044/,148251.0,114039.0,1,True
FRA-coche-cuna-love-172-negro-680004,Fravega,OTRAS,Bebés y Primera Infancia,Coche Cuna Love 172 Negro,https://www.fravega.com/p/coche-cuna-love-172-negro-680004/,399999.0,179999.0,1,True
FRA-colchoneta-de-bebe-gadnic-gimnasio-music,Fravega,OTRAS,Bebés y Primera Infancia,Colchoneta de Bebe Gadnic Gimnasio Musical,https://www.fravega.com/p/colchoneta-de-bebe-gadnic-gimnasio-musical-990165631/,58824.0,45249.0,1,True
FRA-combo-banera-plegable-adaptador-termomet,Fravega,OTRAS,Bebés y Primera Infancia,Combo Bañera Plegable Adaptador Termometro Electronico Love B340 Gris,https://www.fravega.com/p/combo-banera-plegable-adaptador-termometro-electronico-love-b340-gris-21183849/,76400.0,61099.0,1,True
FRA-sacaleche-manual-gadnic-brp00104-150ml-9,Fravega,OTRAS,Bebés y Primera Infancia,Sacaleche Manual Gadnic BRP00104 150ml,https://www.fravega.com/p/sacaleche-manual-gadnic-brp00104-150ml-990068128/,32304.0,24849.0,1,True
FRA-practicuna-love-gris-833-colchon-de-rega,Fravega,OTRAS,Bebés y Primera Infancia,Practicuna Love Gris 833 + Colchón de regalo,https://www.fravega.com/p/practicuna-love-gris-833-colchon-de-regalo-680966/,199999.0,134999.0,1,True
FRA-alfombra-sensorial-inflable-con-agua-y-a,Fravega,OTRAS,Bebés y Primera Infancia,Alfombra Sensorial Inflable con Agua y Aire Love 4230 Peces,https://www.fravega.com/p/alfombra-sensorial-inflable-con-agua-y-aire-love-4230-peces-680591/,10999.0,6999.0,1,True
FRA-cuna-colecho-convertible-5-1-escritorio-,Fravega,OTRAS,Bebés y Primera Infancia,Cuna Colecho Convertible 5 En 1 Escritorio + Placard + Chifonier,https://www.fravega.com/p/cuna-colecho-convertible-5-1-escritorio-placard-chifonier-21255998/,710000.0,576400.0,1,True
FRA-corralito-gimnasio-para-bebe-love-hex-gr,Fravega,OTRAS,Bebés y Primera Infancia,Corralito Gimnasio Para Bebé Love Hex Gris 880,https://www.fravega.com/p/corralito-gimnasio-para-bebe-love-hex-gris-880-680908/,69999.0,49999.0,1,True
FRA-colchon-80x140x10-cuna-funcional--215002,Fravega,OTRAS,Bebés y Primera Infancia,Colchón 80x140x10 Cuna Funcional,https://www.fravega.com/p/colchon-80x140x10-cuna-funcional--21500217/,95013.21,66509.25,1,True
FRA-cuna-colecho-near-crib-cosco-gris-990291,Fravega,OTRAS,Bebés y Primera Infancia,Cuna Colecho Near Crib Cosco Gris,https://www.fravega.com/p/cuna-colecho-near-crib-cosco-gris-990291950/,499999.0,189999.0,1,True
FRA-corralito-plegable-bebe-hexagonal-mawe-b,Fravega,OTRAS,Bebés y Primera Infancia,Corralito Plegable Bebe Hexagonal Mawe by Gadnic Tela Oxford 210D,https://www.fravega.com/p/corralito-plegable-bebe-hexagonal-mawe-by-gadnic-tela-oxford-210d-990290154/,102374.0,78749.0,1,True
FRA-cuna-bebesit-colecho-gris-990268241,Fravega,OTRAS,Bebés y Primera Infancia,Cuna Bebesit Colecho Gris,https://www.fravega.com/p/cuna-bebesit-colecho-gris-990268241/,174999.99,139999.99,1,True
FRA-practicuna-colecho-bebesit-gris-con-mosq,Fravega,OTRAS,Bebés y Primera Infancia,Practicuna Colecho Bebesit Gris Con Mosquitero,https://www.fravega.com/p/practicuna-colecho-bebesit-gris-con-mosquitero-990173487/,196899.0,137828.99,1,True
FRA-colchon-para-practicuna-70x100x10-215002,Fravega,OTRAS,Bebés y Primera Infancia,Colchón Para Practicuna 70x100x10,https://www.fravega.com/p/colchon-para-practicuna-70x100x10-21500213/,63914.74,44740.32,1,True
FRA-colchon-de-cuna-60x120x10-21500208,Fravega,OTRAS,Bebés y Primera Infancia,Colchón De Cuna 60x120x10,https://www.fravega.com/p/colchon-de-cuna-60x120x10-21500208/,63393.56,44375.49,1,True
FRA-corralito-bebe-mawe-by-gadnic-plegable-t,Fravega,OTRAS,Bebés y Primera Infancia,Corralito Bebe Mawe by Gadnic Plegable Tela Oxford Aro Basquet Red Futbol,https://www.fravega.com/p/corralito-bebe-mawe-by-gadnic-plegable-tela-oxford-aro-basquet-red-futbol-990288860/,411644.0,316649.0,1,True
FRA-practicuna-colecho-para-bebe-bebesit-202,Fravega,OTRAS,Bebés y Primera Infancia,Practicuna Colecho Para Bebe Bebesit 2021c Celeste/gris,https://www.fravega.com/p/practicuna-colecho-para-bebe-bebesit-2021c-celeste-gris-990226809/,174999.99,139999.0,1,True
FRA-corralito-inflable-my-first-gym-intex-68,Fravega,OTRAS,Bebés y Primera Infancia,Corralito Inflable My First Gym Intex,https://www.fravega.com/p/corralito-inflable-my-first-gym-intex-680745/,59999.0,39999.0,1,True
FRA-practicuna-colecho-bebesit-gris-50039698,Fravega,OTRAS,Bebés y Primera Infancia,Practicuna Colecho Bebesit Gris,https://www.fravega.com/p/practicuna-colecho-bebesit-gris-50039698/,292954.0,202655.0,1,True
FRA-butaca-sillita-para-auto-ninos-de-9-a-36,Fravega,OTRAS,Bebés y Primera Infancia,Butaca Sillita para Auto Ninos de 9 a 36 kg,https://www.fravega.com/p/butaca-sillita-para-auto-ninos-de-9-a-36-kg-680827/,139999.0,79999.0,1,True
FRA-cochecito-de-bebe-paraguita-mu-reforzado,Fravega,OTRAS,Bebés y Primera Infancia,Cochecito de Bebe Paraguita MU Reforzado Color Gris,https://www.fravega.com/p/cochecito-de-bebe-paraguita-mu-reforzado-color-gris-680669/,99999.0,59999.0,1,True
FRA-practicuna-love-beige-893-colchon-de-reg,Fravega,OTRAS,Bebés y Primera Infancia,Practicuna Love Beige 893 + Colchón de regalo,https://www.fravega.com/p/practicuna-love-beige-893-colchon-de-regalo-681170/,199999.0,129999.0,1,True
FRA-esterilizador-a-vapor-para-microondas-av,Fravega,OTRAS,Bebés y Primera Infancia,Esterilizador a vapor para microondas AVENT SCF28102,https://www.fravega.com/p/esterilizador-a-vapor-para-microondas-avent-scf28102-680151/,89999.0,64999.0,1,True
FRA-banadera-love-plegable-con-reductor-y-te,Fravega,OTRAS,Bebés y Primera Infancia,Bañadera Love Plegable con Reductor y Termómetro B324 Rosa,https://www.fravega.com/p/banadera-love-plegable-con-reductor-y-termometro-b324-rosa-680937/,49999.0,29999.0,1,True
FRA-caminador-con-musica-bebesit-1226-celest,Fravega,OTRAS,Bebés y Primera Infancia,Caminador con Música Bebesit 1226 Celeste,https://www.fravega.com/p/caminador-con-musica-bebesit-1226-celeste-680445/,69999.0,44999.0,1,True
FRA-baby-call-gadnic-con-camara-vision-noctu,Fravega,OTRAS,Bebés y Primera Infancia,"Baby Call Gadnic con Cámara Visión Nocturna a Color 3,2"" Temperatura Ambiente",https://www.fravega.com/p/baby-call-gadnic-con-camara-vision-nocturna-a-color-3-2-temperatura-ambiente-20056044/,148251.0,114039.0,1,True
FRA-coche-cuna-love-172-negro-680004,Fravega,OTRAS,Bebés y Primera Infancia,Coche Cuna Love 172 Negro,https://www.fravega.com/p/coche-cuna-love-172-negro-680004/,399999.0,179999.0,1,True
FRA-colchoneta-de-bebe-gadnic-gimnasio-music,Fravega,OTRAS,Bebés y Primera Infancia,Colchoneta de Bebe Gadnic Gimnasio Musical,https://www.fravega.com/p/colchoneta-de-bebe-gadnic-gimnasio-musical-990165631/,58824.0,45249.0,1,True
FRA-combo-banera-plegable-adaptador-termomet,Fravega,OTRAS,Bebés y Primera Infancia,Combo Bañera Plegable Adaptador Termometro Electronico Love B340 Gris,https://www.fravega.com/p/combo-banera-plegable-adaptador-termometro-electronico-love-b340-gris-21183849/,76400.0,61099.0,1,True
FRA-sacaleche-manual-gadnic-brp00104-150ml-9,Fravega,OTRAS,Bebés y Primera Infancia,Sacaleche Manual Gadnic BRP00104 150ml,https://www.fravega.com/p/sacaleche-manual-gadnic-brp00104-150ml-990068128/,32304.0,24849.0,1,True
FRA-practicuna-love-gris-833-colchon-de-rega,Fravega,OTRAS,Bebés y Primera Infancia,Practicuna Love Gris 833 + Colchón de regalo,https://www.fravega.com/p/practicuna-love-gris-833-colchon-de-regalo-680966/,199999.0,134999.0,1,True
FRA-practicuna-colecho-bebesit-celeste-50039,Fravega,OTRAS,Bebés y Primera Infancia,Practicuna Colecho Bebesit Celeste,https://www.fravega.com/p/practicuna-colecho-bebesit-celeste-50039696/,292954.0,202655.0,1,True
FRA-mosquitero-para-cochecito-o-cuna-univers,Fravega,OTRAS,Bebés y Primera Infancia,Mosquitero para Cochecito o Cuna Universal Love 2730,https://www.fravega.com/p/mosquitero-para-cochecito-o-cuna-universal-love-2730-50005433/,15000.0,11999.0,1,True
FRA-pelotero-montessori-bebes-ninos-rigido-9,Fravega,OTRAS,Bebés y Primera Infancia,Pelotero Montessori Bebes Niños Rígido 90cm  Gris Corralito,https://www.fravega.com/p/pelotero-montessori-bebes-ninos-rigido-90cm-gris-corralito-22766203/,120000.0,79999.0,1,True
FRA-practicuna-funky-fresh-luna-funkyeco-par,Fravega,OTRAS,Bebés y Primera Infancia,Practicuna Funky Fresh Luna Funkyeco Para Bebés Color Rosa,https://www.fravega.com/p/practicuna-funky-fresh-luna-funkyeco-para-bebes-color-rosa-22467279/,178698.0,89349.0,1,True
FRA-practicuna-funky-fresh-luna-funkyeco-par,Fravega,OTRAS,Bebés y Primera Infancia,Practicuna Funky Fresh Luna Funkyeco Para Bebés Color Gris Oscuro,https://www.fravega.com/p/practicuna-funky-fresh-luna-funkyeco-para-bebes-color-gris-oscuro-22467269/,178698.0,89349.0,1,True
FRA-cuna-corralito-con-colchon-love-820-rosa,Fravega,OTRAS,Bebés y Primera Infancia,Cuna Corralito con Colchon Love 820 Rosa,https://www.fravega.com/p/cuna-corralito-con-colchon-love-820-rosa-22063172/,97700.0,78099.0,1,True
FRA-cuna-corralito-con-colchon-love-820-turq,Fravega,OTRAS,Bebés y Primera Infancia,Cuna Corralito con Colchon Love 820 Turquesa,https://www.fravega.com/p/cuna-corralito-con-colchon-love-820-turquesa-22063170/,97700.0,78099.0,1,True
FRA-cuna-corralito-con-colchon-love-820-negr,Fravega,OTRAS,Bebés y Primera Infancia,Cuna Corralito con Colchon Love 820 Negro,https://www.fravega.com/p/cuna-corralito-con-colchon-love-820-negro-22063169/,97700.0,78099.0,1,True
FRA-colchon-50x100x10-cuna--21500206,Fravega,OTRAS,Bebés y Primera Infancia,Colchón 50x100x10 Cuna,https://www.fravega.com/p/colchon-50x100x10-cuna--21500206/,48468.0,33927.6,1,True
FRA-corralito-desmontable-love-881-con-pelot,Fravega,OTRAS,Bebés y Primera Infancia,Corralito Desmontable Love 881 con Pelotitas y Aro Rosa,https://www.fravega.com/p/corralito-desmontable-love-881-con-pelotitas-y-aro-rosa-21202594/,111000.0,88799.0,1,True
FRA-corralito-desmontable-love-880-rosa-2120,Fravega,OTRAS,Bebés y Primera Infancia,Corralito Desmontable Love 880  Rosa,https://www.fravega.com/p/corralito-desmontable-love-880-rosa-21202587/,83700.0,66899.0,1,True
FRA-corralito-hexagonal-playard-cosco-grey-9,Fravega,OTRAS,Bebés y Primera Infancia,Corralito Hexagonal Playard Cosco Grey,https://www.fravega.com/p/corralito-hexagonal-playard-cosco-grey-990291963/,199999.0,64999.0,1,True
FRA-cuna-colecho-near-crib-cosco-rosa-990291,Fravega,OTRAS,Bebés y Primera Infancia,Cuna Colecho Near Crib Cosco Rosa,https://www.fravega.com/p/cuna-colecho-near-crib-cosco-rosa-990291952/,499999.0,189999.0,1,True
FRA-cuna-colecho-near-crib-cosco-marron-9902,Fravega,OTRAS,Bebés y Primera Infancia,Cuna Colecho Near Crib Cosco Marrón,https://www.fravega.com/p/cuna-colecho-near-crib-cosco-marron-990291951/,499999.0,189999.0,1,True
FRA-cuna-colecho-near-crib-cosco-verde-99029,Fravega,OTRAS,Bebés y Primera Infancia,Cuna Colecho Near Crib Cosco Verde,https://www.fravega.com/p/cuna-colecho-near-crib-cosco-verde-990291949/,499999.0,189999.0,1,True
