sku_original,competidor,marca,categoria,nombre_producto,url_producto,precio_regular,precio_oferta,cuotas,hay_stock
FRA-celular-samsung-galaxy-s25-ultra-512gb-t,Fravega,SAMSUNG,Smartphones,Celular Samsung Galaxy S25 Ultra 512GB Titanium Black,https://www.fravega.com/p/celular-samsung-galaxy-s25-ultra-512gb-titanium-black-783019/,3299999.0,2969999.0,1,True
FRA-celular-samsung-galaxy-a56-5g-256gb-ligh,Fravega,SAMSUNG,Smartphones,Celular Samsung Galaxy A56 5G 256GB Lightgray,https://www.fravega.com/p/celular-samsung-galaxy-a56-5g-256gb-lightgray-782962/,1199999.0,991734.71,1,True
FRA-celular-motorola-g06-4gb-128gb-verde-782,Fravega,MOTOROLA,Smartphones,Celular Motorola G06 4GB 128GB Verde,https://www.fravega.com/p/celular-motorola-g06-4gb-128gb-verde-782567/,259999.0,199999.0,1,True
FRA-celular-samsung-galaxy-a36-5g-256gb-blan,Fravega,SAMSUNG,Smartphones,Celular Samsung Galaxy A36 5G 256GB Blanco,https://www.fravega.com/p/celular-samsung-galaxy-a36-5g-256gb-blanco-783007/,999999.0,826445.45,1,True
FRA-celular-xiaomi-redmi-note-14-128gb-midni,Fravega,XIAOMI,Smartphones,Celular Xiaomi Redmi Note 14 128GB Midnight Black,https://www.fravega.com/p/celular-xiaomi-redmi-note-14-128gb-midnight-black-782554/,529999.0,379999.0,1,True
FRA-celular-samsung-galaxy-s25-ultra-256gb-t,Fravega,SAMSUNG,Smartphones,Celular Samsung Galaxy S25 Ultra 256GB Titanium Black,https://www.fravega.com/p/celular-samsung-galaxy-s25-ultra-256gb-titanium-black-782902/,2999999.0,2699999.0,1,True
FRA-celular-motorola-edge-60-fusion-8-gb-256,Fravega,MOTOROLA,Smartphones,Celular Motorola Edge 60 Fusion 8 GB 256 GB Pantone Amazonite Verde,https://www.fravega.com/p/celular-motorola-edge-60-fusion-8-gb-256-gb-pantone-amazonite-verde-782629/,799999.0,665999.0,1,True
FRA-celular-samsung-galaxy-s25-ultra-512gb-t,Fravega,SAMSUNG,Smartphones,Celular Samsung Galaxy S25 Ultra 512GB Titanium Black,https://www.fravega.com/p/celular-samsung-galaxy-s25-ultra-512gb-titanium-black-782704/,3299999.0,2454544.63,1,True
FRA-celular-samsung-galaxy-a16-5g-256gb-negr,Fravega,SAMSUNG,Smartphones,Celular Samsung Galaxy A16 5G 256GB Negro Azulado,https://www.fravega.com/p/celular-samsung-galaxy-a16-5g-256gb-negro-azulado-782714/,669999.0,553718.18,1,True
FRA-celular-motorola-g67-4gb-256gb-782593,Fravega,MOTOROLA,Smartphones,Celular Motorola G67 4GB 256GB,https://www.fravega.com/p/celular-motorola-g67-4gb-256gb-782593/,599999.0,549999.0,1,True
FRA-celular-samsung-galaxy-a07-64gb-lila-782,Fravega,SAMSUNG,Smartphones,Celular Samsung Galaxy A07 64GB Lila,https://www.fravega.com/p/celular-samsung-galaxy-a07-64gb-lila-782550/,299999.0,239999.0,1,True
FRA-celular-nubia-music-2-4gb-128gb-auricula,Fravega,OTRAS,Smartphones,Celular Nubia Music 2 4GB 128GB + Auriculares I66SE WHITE,https://www.fravega.com/p/celular-nubia-music-2-4gb-128gb-auriculares-i66se-white-782671/,289999.0,249999.0,1,True
FRA-celular-samsung-s26-ultra-12-gb-256gb-vi,Fravega,SAMSUNG,Smartphones,Celular Samsung S26 Ultra 12 GB 256GB Violeta,https://www.fravega.com/p/celular-samsung-s26-ultra-12-gb-256gb-violeta-782542/,3399999.0,2809916.53,1,True
FRA-celular-xiaomi-redmi-14c-4-128gb-midnigh,Fravega,XIAOMI,Smartphones,Celular Xiaomi Redmi 14C 4/128GB Midnight Black,https://www.fravega.com/p/celular-xiaomi-redmi-14c-4-128gb-midnight-black-782595/,369999.0,229999.0,1,True
FRA-celular-samsung-galaxy-a07-128gb-negro-7,Fravega,SAMSUNG,Smartphones,Celular Samsung Galaxy A07 128GB Negro,https://www.fravega.com/p/celular-samsung-galaxy-a07-128gb-negro-782739/,349999.0,279999.0,1,True
FRA-celular-motorola-g15-4-gb-256-gb-naranja,Fravega,MOTOROLA,Smartphones,Celular Motorola G15 4 GB 256 GB Naranja,https://www.fravega.com/p/celular-motorola-g15-4-gb-256-gb-naranja-782816/,349999.0,299999.0,1,True
FRA-celular-xiaomi-redmi-note-13-6gb-128gb-b,Fravega,XIAOMI,Smartphones,Celular Xiaomi Redmi Note 13 6GB 128GB Blue,https://www.fravega.com/p/celular-xiaomi-redmi-note-13-6gb-128gb-blue-782378/,429999.0,329999.0,1,True
FRA-celular-samsung-galaxy-s25-ultra-256gb-t,Fravega,SAMSUNG,Smartphones,Celular Samsung Galaxy S25 Ultra 256GB Titanium Silverblue,https://www.fravega.com/p/celular-samsung-galaxy-s25-ultra-256gb-titanium-silverblue-782974/,2999999.0,2231404.13,1,True
FRA-celular-xiaomi-redmi-14c-4-256gb-midnigh,Fravega,XIAOMI,Smartphones,Celular Xiaomi Redmi 14C 4/256GB Midnight Black,https://www.fravega.com/p/celular-xiaomi-redmi-14c-4-256gb-midnight-black-782596/,399999.0,299999.0,1,True
FRA-celular-motorola-g77-8gb-256gb-782719,Fravega,MOTOROLA,Smartphones,Celular Motorola G77 8GB 256GB,https://www.fravega.com/p/celular-motorola-g77-8gb-256gb-782719/,699999.0,599999.0,1,True
FRA-celular-samsung-galaxy-s25-ultra-512gb-t,Fravega,SAMSUNG,Smartphones,Celular Samsung Galaxy S25 Ultra 512GB Titanium Silverblue,https://www.fravega.com/p/celular-samsung-galaxy-s25-ultra-512gb-titanium-silverblue-782703/,3299999.0,2969999.0,1,True
FRA-celular-motorola-g56-8gb-256gb-gray-7826,Fravega,MOTOROLA,Smartphones,Celular Motorola G56 8GB 256GB Gray,https://www.fravega.com/p/celular-motorola-g56-8gb-256gb-gray-782680/,599999.0,449999.0,1,True
FRA-celular-samsung-galaxy-a17-128gb-negro-7,Fravega,SAMSUNG,Smartphones,Celular Samsung Galaxy A17 128GB Negro,https://www.fravega.com/p/celular-samsung-galaxy-a17-128gb-negro-782838/,469999.0,388428.93,1,True
FRA-celular-motorola-g15-4gb-128gb-gravity-g,Fravega,MOTOROLA,Smartphones,Celular Motorola G15 4GB 128GB Gravity Grey,https://www.fravega.com/p/celular-motorola-g15-4gb-128gb-gravity-grey-782752/,299999.0,269999.0,1,True
FRA-celular-samsung-galaxy-a56-5g-256gb-graf,Fravega,SAMSUNG,Smartphones,Celular Samsung Galaxy A56 5G 256GB Grafito,https://www.fravega.com/p/celular-samsung-galaxy-a56-5g-256gb-grafito-782730/,1199999.0,991734.71,1,True
FRA-celular-motorola-g15-4gb-256gb-gravity-g,Fravega,MOTOROLA,Smartphones,Celular Motorola G15 4GB 256GB Gravity Grey,https://www.fravega.com/p/celular-motorola-g15-4gb-256gb-gravity-grey-782814/,349999.0,299999.0,1,True
FRA-celular-motorola-g17-4gb-256gb-782883,Fravega,MOTOROLA,Smartphones,Celular Motorola G17 4GB 256GB,https://www.fravega.com/p/celular-motorola-g17-4gb-256gb-782883/,399999.0,349999.0,1,True
FRA-celular-xiaomi-redmi-note-14-pro-256gb-m,Fravega,XIAOMI,Smartphones,Celular Xiaomi Redmi Note 14 Pro 256GB Midnight Black,https://www.fravega.com/p/celular-xiaomi-redmi-note-14-pro-256gb-midnight-black-782667/,799999.0,699999.0,1,True
FRA-celular-motorola-edge-60-512gb-12gb-blue,Fravega,MOTOROLA,Smartphones,Celular Motorola Edge 60 512GB 12GB Blue,https://www.fravega.com/p/celular-motorola-edge-60-512gb-12gb-blue-782825/,999999.0,899999.0,1,True
FRA-celular-motorola-edge-60-fusion-8-gb-256,Fravega,MOTOROLA,Smartphones,Celular Motorola Edge 60 Fusion 8 GB 256 GB Pantone Zephyr Rosa,https://www.fravega.com/p/celular-motorola-edge-60-fusion-8-gb-256-gb-pantone-zephyr-rosa-782630/,799999.0,665999.0,1,True
FRA-celular-motorola-g17-4gb-256gb-782851,Fravega,MOTOROLA,Smartphones,Celular Motorola G17 4GB 256GB,https://www.fravega.com/p/celular-motorola-g17-4gb-256gb-782851/,399999.0,349999.0,1,True
FRA-celular-motorola-g06-4gb-128gb-azul-7825,Fravega,MOTOROLA,Smartphones,Celular Motorola G06 4GB 128GB Azul,https://www.fravega.com/p/celular-motorola-g06-4gb-128gb-azul-782565/,259999.0,199999.0,1,True
FRA-celular-samsung-galaxy-s25-ultra-512gb-t,Fravega,SAMSUNG,Smartphones,Celular Samsung Galaxy S25 Ultra 512GB Titanium Black,https://www.fravega.com/p/celular-samsung-galaxy-s25-ultra-512gb-titanium-black-783019/,3299999.0,2969999.0,1,True
FRA-celular-samsung-galaxy-a56-5g-256gb-ligh,Fravega,SAMSUNG,Smartphones,Celular Samsung Galaxy A56 5G 256GB Lightgray,https://www.fravega.com/p/celular-samsung-galaxy-a56-5g-256gb-lightgray-782962/,1199999.0,991734.71,1,True
FRA-celular-motorola-g06-4gb-128gb-verde-782,Fravega,MOTOROLA,Smartphones,Celular Motorola G06 4GB 128GB Verde,https://www.fravega.com/p/celular-motorola-g06-4gb-128gb-verde-782567/,259999.0,199999.0,1,True
FRA-celular-samsung-galaxy-a36-5g-256gb-blan,Fravega,SAMSUNG,Smartphones,Celular Samsung Galaxy A36 5G 256GB Blanco,https://www.fravega.com/p/celular-samsung-galaxy-a36-5g-256gb-blanco-783007/,999999.0,826445.45,1,True
FRA-celular-xiaomi-redmi-note-14-128gb-midni,Fravega,XIAOMI,Smartphones,Celular Xiaomi Redmi Note 14 128GB Midnight Black,https://www.fravega.com/p/celular-xiaomi-redmi-note-14-128gb-midnight-black-782554/,529999.0,379999.0,1,True
FRA-celular-samsung-galaxy-s25-ultra-256gb-t,Fravega,SAMSUNG,Smartphones,Celular Samsung Galaxy S25 Ultra 256GB Titanium Black,https://www.fravega.com/p/celular-samsung-galaxy-s25-ultra-256gb-titanium-black-782902/,2999999.0,2699999.0,1,True
FRA-celular-motorola-edge-60-fusion-8-gb-256,Fravega,MOTOROLA,Smartphones,Celular Motorola Edge 60 Fusion 8 GB 256 GB Pantone Amazonite Verde,https://www.fravega.com/p/celular-motorola-edge-60-fusion-8-gb-256-gb-pantone-amazonite-verde-782629/,799999.0,665999.0,1,True
FRA-celular-samsung-galaxy-s25-ultra-512gb-t,Fravega,SAMSUNG,Smartphones,Celular Samsung Galaxy S25 Ultra 512GB Titanium Black,https://www.fravega.com/p/celular-samsung-galaxy-s25-ultra-512gb-titanium-black-782704/,3299999.0,2454544.63,1,True
FRA-celular-samsung-galaxy-a16-5g-256gb-negr,Fravega,SAMSUNG,Smartphones,Celular Samsung Galaxy A16 5G 256GB Negro Azulado,https://www.fravega.com/p/celular-samsung-galaxy-a16-5g-256gb-negro-azulado-782714/,669999.0,553718.18,1,True
FRA-celular-motorola-g67-4gb-256gb-782593,Fravega,MOTOROLA,Smartphones,Celular Motorola G67 4GB 256GB,https://www.fravega.com/p/celular-motorola-g67-4gb-256gb-782593/,599999.0,549999.0,1,True
FRA-celular-samsung-galaxy-a07-64gb-lila-782,Fravega,SAMSUNG,Smartphones,Celular Samsung Galaxy A07 64GB Lila,https://www.fravega.com/p/celular-samsung-galaxy-a07-64gb-lila-782550/,299999.0,239999.0,1,True
FRA-celular-nubia-music-2-4gb-128gb-auricula,Fravega,OTRAS,Smartphones,Celular Nubia Music 2 4GB 128GB + Auriculares I66SE WHITE,https://www.fravega.com/p/celular-nubia-music-2-4gb-128gb-auriculares-i66se-white-782671/,289999.0,249999.0,1,True
FRA-celular-samsung-s26-ultra-12-gb-256gb-vi,Fravega,SAMSUNG,Smartphones,Celular Samsung S26 Ultra 12 GB 256GB Violeta,https://www.fravega.com/p/celular-samsung-s26-ultra-12-gb-256gb-violeta-782542/,3399999.0,2809916.53,1,True
FRA-celular-xiaomi-redmi-14c-4-128gb-midnigh,Fravega,XIAOMI,Smartphones,Celular Xiaomi Redmi 14C 4/128GB Midnight Black,https://www.fravega.com/p/celular-xiaomi-redmi-14c-4-128gb-midnight-black-782595/,369999.0,229999.0,1,True
FRA-celular-samsung-galaxy-a07-128gb-negro-7,Fravega,SAMSUNG,Smartphones,Celular Samsung Galaxy A07 128GB Negro,https://www.fravega.com/p/celular-samsung-galaxy-a07-128gb-negro-782739/,349999.0,279999.0,1,True
FRA-celular-motorola-g15-4-gb-256-gb-naranja,Fravega,MOTOROLA,Smartphones,Celular Motorola G15 4 GB 256 GB Naranja,https://www.fravega.com/p/celular-motorola-g15-4-gb-256-gb-naranja-782816/,349999.0,299999.0,1,True
FRA-celular-xiaomi-redmi-note-13-6gb-128gb-b,Fravega,XIAOMI,Smartphones,Celular Xiaomi Redmi Note 13 6GB 128GB Blue,https://www.fravega.com/p/celular-xiaomi-redmi-note-13-6gb-128gb-blue-782378/,429999.0,329999.0,1,True
FRA-celular-samsung-galaxy-s25-ultra-256gb-t,Fravega,SAMSUNG,Smartphones,Celular Samsung Galaxy S25 Ultra 256GB Titanium Silverblue,https://www.fravega.com/p/celular-samsung-galaxy-s25-ultra-256gb-titanium-silverblue-782974/,2999999.0,2231404.13,1,True
FRA-celular-xiaomi-redmi-14c-4-256gb-midnigh,Fravega,XIAOMI,Smartphones,Celular Xiaomi Redmi 14C 4/256GB Midnight Black,https://www.fravega.com/p/celular-xiaomi-redmi-14c-4-256gb-midnight-black-782596/,399999.0,299999.0,1,True
FRA-celular-motorola-g77-8gb-256gb-782719,Fravega,MOTOROLA,Smartphones,Celular Motorola G77 8GB 256GB,https://www.fravega.com/p/celular-motorola-g77-8gb-256gb-782719/,699999.0,599999.0,1,True
FRA-celular-motorola-g86-8gb-256gb-cereza-78,Fravega,MOTOROLA,Smartphones,Celular Motorola G86 8GB 256GB Cereza,https://www.fravega.com/p/celular-motorola-g86-8gb-256gb-cereza-782811/,699999.0,649999.0,1,True
FRA-celular-motorola-g15-4gb-128gb-iguana-gr,Fravega,MOTOROLA,Smartphones,Celular Motorola G15 4GB 128GB Iguana Green,https://www.fravega.com/p/celular-motorola-g15-4gb-128gb-iguana-green-782753/,299999.0,269999.0,1,True
FRA-celular-tcl-605-8gb-256gb-negro-782729,Fravega,TCL,Smartphones,Celular TCL 605 8GB 256GB Negro,https://www.fravega.com/p/celular-tcl-605-8gb-256gb-negro-782729/,319999.0,279999.0,1,True
FRA-celular-samsung-galaxy-a36-5g-256gb-negr,Fravega,SAMSUNG,Smartphones,Celular Samsung Galaxy A36 5G 256GB Negro,https://www.fravega.com/p/celular-samsung-galaxy-a36-5g-256gb-negro-782949/,999999.0,826445.45,1,True
FRA-celular-motorola-g15-4gb-128gb-sunrise-o,Fravega,MOTOROLA,Smartphones,Celular Motorola G15 4GB 128GB Sunrise Orange,https://www.fravega.com/p/celular-motorola-g15-4gb-128gb-sunrise-orange-782754/,299999.0,269999.0,1,True
FRA-celular-samsung-galaxy-a16-4gb-128gb-bla,Fravega,SAMSUNG,Smartphones,Celular Samsung Galaxy A16 4GB 128GB Black,https://www.fravega.com/p/celular-samsung-galaxy-a16-4gb-128gb-black-782585/,469999.0,349999.0,1,True
FRA-celular-xiaomi-redmi-note-14-pro-256gb-o,Fravega,XIAOMI,Smartphones,Celular Xiaomi Redmi Note 14 Pro 256GB Ocean Blue,https://www.fravega.com/p/celular-xiaomi-redmi-note-14-pro-256gb-ocean-blue-782632/,799999.0,699999.0,1,True
FRA-celular-motorola-g17-4gb-128gb-782866,Fravega,MOTOROLA,Smartphones,Celular Motorola G17 4GB 128GB,https://www.fravega.com/p/celular-motorola-g17-4gb-128gb-782866/,349999.0,299999.0,1,True
FRA-celular-tecno-pova-6-8-256gb-comet-green,Fravega,OTRAS,Smartphones,Celular Tecno Pova 6 8/256GB Comet Green,https://www.fravega.com/p/celular-tecno-pova-6-8-256gb-comet-green-782518/,399999.0,329999.0,1,True
FRA-celular-samsung-galaxy-s25-ultra-512gb-t,Fravega,SAMSUNG,Smartphones,Celular Samsung Galaxy S25 Ultra 512GB Titanium Black,https://www.fravega.com/p/celular-samsung-galaxy-s25-ultra-512gb-titanium-black-783019/,3299999.0,2969999.0,1,True
FRA-celular-samsung-galaxy-a56-5g-256gb-ligh,Fravega,SAMSUNG,Smartphones,Celular Samsung Galaxy A56 5G 256GB Lightgray,https://www.fravega.com/p/celular-samsung-galaxy-a56-5g-256gb-lightgray-782962/,1199999.0,991734.71,1,True
FRA-celular-motorola-g06-4gb-128gb-verde-782,Fravega,MOTOROLA,Smartphones,Celular Motorola G06 4GB 128GB Verde,https://www.fravega.com/p/celular-motorola-g06-4gb-128gb-verde-782567/,259999.0,199999.0,1,True
FRA-celular-samsung-galaxy-a36-5g-256gb-blan,Fravega,SAMSUNG,Smartphones,Celular Samsung Galaxy A36 5G 256GB Blanco,https://www.fravega.com/p/celular-samsung-galaxy-a36-5g-256gb-blanco-783007/,999999.0,826445.45,1,True
FRA-celular-xiaomi-redmi-note-14-128gb-midni,Fravega,XIAOMI,Smartphones,Celular Xiaomi Redmi Note 14 128GB Midnight Black,https://www.fravega.com/p/celular-xiaomi-redmi-note-14-128gb-midnight-black-782554/,529999.0,379999.0,1,True
FRA-celular-samsung-galaxy-s25-ultra-256gb-t,Fravega,SAMSUNG,Smartphones,Celular Samsung Galaxy S25 Ultra 256GB Titanium Black,https://www.fravega.com/p/celular-samsung-galaxy-s25-ultra-256gb-titanium-black-782902/,2999999.0,2699999.0,1,True
FRA-celular-motorola-edge-60-fusion-8-gb-256,Fravega,MOTOROLA,Smartphones,Celular Motorola Edge 60 Fusion 8 GB 256 GB Pantone Amazonite Verde,https://www.fravega.com/p/celular-motorola-edge-60-fusion-8-gb-256-gb-pantone-amazonite-verde-782629/,799999.0,665999.0,1,True
FRA-celular-samsung-galaxy-s25-ultra-512gb-t,Fravega,SAMSUNG,Smartphones,Celular Samsung Galaxy S25 Ultra 512GB Titanium Black,https://www.fravega.com/p/celular-samsung-galaxy-s25-ultra-512gb-titanium-black-782704/,3299999.0,2454544.63,1,True
FRA-celular-samsung-galaxy-a16-5g-256gb-negr,Fravega,SAMSUNG,Smartphones,Celular Samsung Galaxy A16 5G 256GB Negro Azulado,https://www.fravega.com/p/celular-samsung-galaxy-a16-5g-256gb-negro-azulado-782714/,669999.0,553718.18,1,True
FRA-celular-motorola-g67-4gb-256gb-782593,Fravega,MOTOROLA,Smartphones,Celular Motorola G67 4GB 256GB,https://www.fravega.com/p/celular-motorola-g67-4gb-256gb-782593/,599999.0,549999.0,1,True
FRA-celular-samsung-galaxy-a07-64gb-lila-782,Fravega,SAMSUNG,Smartphones,Celular Samsung Galaxy A07 64GB Lila,https://www.fravega.com/p/celular-samsung-galaxy-a07-64gb-lila-782550/,299999.0,239999.0,1,True
FRA-celular-nubia-music-2-4gb-128gb-auricula,Fravega,OTRAS,Smartphones,Celular Nubia Music 2 4GB 128GB + Auriculares I66SE WHITE,https://www.fravega.com/p/celular-nubia-music-2-4gb-128gb-auriculares-i66se-white-782671/,289999.0,249999.0,1,True
FRA-celular-samsung-s26-ultra-12-gb-256gb-vi,Fravega,SAMSUNG,Smartphones,Celular Samsung S26 Ultra 12 GB 256GB Violeta,https://www.fravega.com/p/celular-samsung-s26-ultra-12-gb-256gb-violeta-782542/,3399999.0,2809916.53,1,True
FRA-celular-xiaomi-redmi-14c-4-128gb-midnigh,Fravega,XIAOMI,Smartphones,Celular Xiaomi Redmi 14C 4/128GB Midnight Black,https://www.fravega.com/p/celular-xiaomi-redmi-14c-4-128gb-midnight-black-782595/,369999.0,229999.0,1,True
FRA-celular-samsung-galaxy-a07-128gb-negro-7,Fravega,SAMSUNG,Smartphones,Celular Samsung Galaxy A07 128GB Negro,https://www.fravega.com/p/celular-samsung-galaxy-a07-128gb-negro-782739/,349999.0,279999.0,1,True
FRA-celular-motorola-g15-4-gb-256-gb-naranja,Fravega,MOTOROLA,Smartphones,Celular Motorola G15 4 GB 256 GB Naranja,https://www.fravega.com/p/celular-motorola-g15-4-gb-256-gb-naranja-782816/,349999.0,299999.0,1,True
FRA-celular-xiaomi-redmi-note-13-6gb-128gb-b,Fravega,XIAOMI,Smartphones,Celular Xiaomi Redmi Note 13 6GB 128GB Blue,https://www.fravega.com/p/celular-xiaomi-redmi-note-13-6gb-128gb-blue-782378/,429999.0,329999.0,1,True
FRA-celular-samsung-galaxy-s25-ultra-256gb-t,Fravega,SAMSUNG,Smartphones,Celular Samsung Galaxy S25 Ultra 256GB Titanium Silverblue,https://www.fravega.com/p/celular-samsung-galaxy-s25-ultra-256gb-titanium-silverblue-782974/,2999999.0,2231404.13,1,True
FRA-celular-xiaomi-redmi-14c-4-256gb-midnigh,Fravega,XIAOMI,Smartphones,Celular Xiaomi Redmi 14C 4/256GB Midnight Black,https://www.fravega.com/p/celular-xiaomi-redmi-14c-4-256gb-midnight-black-782596/,399999.0,299999.0,1,True
FRA-celular-motorola-g77-8gb-256gb-782719,Fravega,MOTOROLA,Smartphones,Celular Motorola G77 8GB 256GB,https://www.fravega.com/p/celular-motorola-g77-8gb-256gb-782719/,699999.0,599999.0,1,True
FRA-celular-motorola-g06-4gb-64gb-azul-78255,Fravega,MOTOROLA,Smartphones,Celular Motorola G06 4GB 64GB Azul,https://www.fravega.com/p/celular-motorola-g06-4gb-64gb-azul-782557/,219999.0,179999.0,1,True
FRA-celular-samsung-galaxy-a36-5g-256gb-negr,Fravega,SAMSUNG,Smartphones,Celular Samsung Galaxy A36 5G 256GB Negro,https://www.fravega.com/p/celular-samsung-galaxy-a36-5g-256gb-negro-782949/,999999.0,826445.45,1,True
FRA-celular-samsung-galaxy-a16-4gb-128gb-gra,Fravega,SAMSUNG,Smartphones,Celular Samsung Galaxy A16 4GB 128GB Gray,https://www.fravega.com/p/celular-samsung-galaxy-a16-4gb-128gb-gray-782586/,469999.0,349999.0,1,True
FRA-celular-samsung-galaxy-a26-5g-8gb-256gb-,Fravega,SAMSUNG,Smartphones,Celular Samsung Galaxy A26 5G 8GB 256GB White,https://www.fravega.com/p/celular-samsung-galaxy-a26-5g-8gb-256gb-white-782343/,799999.0,661156.2,1,True
FRA-celular-samsung-galaxy-a26-5g-8gb-256gb-,Fravega,SAMSUNG,Smartphones,Celular Samsung Galaxy A26 5G 8GB 256GB Mint,https://www.fravega.com/p/celular-samsung-galaxy-a26-5g-8gb-256gb-mint-782415/,799999.0,661156.2,1,True
FRA-celular-motorola-g77-8gb-256gb-782745,Fravega,MOTOROLA,Smartphones,Celular Motorola G77 8GB 256GB,https://www.fravega.com/p/celular-motorola-g77-8gb-256gb-782745/,699999.0,599999.0,1,True
FRA-celular-samsung-galaxy-a26-5g-8gb-256gb-,Fravega,SAMSUNG,Smartphones,Celular Samsung Galaxy A26 5G 8GB 256GB Black,https://www.fravega.com/p/celular-samsung-galaxy-a26-5g-8gb-256gb-black-782448/,799999.0,661156.2,1,True
FRA-celular-motorola-razr-60-512gb-12gb-blue,Fravega,MOTOROLA,Smartphones,Celular Motorola Razr 60 512GB 12GB Blue,https://www.fravega.com/p/celular-motorola-razr-60-512gb-12gb-blue--782848/,1399999.0,999999.0,1,True
FRA-celular-samsung-galaxy-a06-64gb-verde-78,Fravega,SAMSUNG,Smartphones,Celular Samsung Galaxy A06 64GB Verde,https://www.fravega.com/p/celular-samsung-galaxy-a06-64gb-verde-782743/,269999.0,223139.67,1,True
FRA-iphone-17-256gb-negro-783324,Fravega,OTRAS,Smartphones,iPhone 17 256GB Negro,https://www.fravega.com/p/iphone-17-256gb-negro-783324/,2199999.0,1673003.04,1,True
FRA-celular-samsung-galaxy-a06-128gb-negro-7,Fravega,SAMSUNG,Smartphones,Celular Samsung Galaxy A06 128GB Negro,https://www.fravega.com/p/celular-samsung-galaxy-a06-128gb-negro-782628/,309999.0,256197.52,1,True
FRA-celular-motorola-e15-2gb-64gb-lavender-7,Fravega,MOTOROLA,Smartphones,Celular Motorola E15 2GB 64GB Lavender,https://www.fravega.com/p/celular-motorola-e15-2gb-64gb-lavender-782758/,199999.0,189999.0,1,True
FRA-celular-samsung-galaxy-s25-ultra-512gb-t,Fravega,SAMSUNG,Smartphones,Celular Samsung Galaxy S25 Ultra 512GB Titanium Black,https://www.fravega.com/p/celular-samsung-galaxy-s25-ultra-512gb-titanium-black-783019/,3299999.0,2969999.0,1,True
FRA-celular-samsung-galaxy-a56-5g-256gb-ligh,Fravega,SAMSUNG,Smartphones,Celular Samsung Galaxy A56 5G 256GB Lightgray,https://www.fravega.com/p/celular-samsung-galaxy-a56-5g-256gb-lightgray-782962/,1199999.0,991734.71,1,True
FRA-celular-motorola-g06-4gb-128gb-verde-782,Fravega,MOTOROLA,Smartphones,Celular Motorola G06 4GB 128GB Verde,https://www.fravega.com/p/celular-motorola-g06-4gb-128gb-verde-782567/,259999.0,199999.0,1,True
FRA-celular-samsung-galaxy-a36-5g-256gb-blan,Fravega,SAMSUNG,Smartphones,Celular Samsung Galaxy A36 5G 256GB Blanco,https://www.fravega.com/p/celular-samsung-galaxy-a36-5g-256gb-blanco-783007/,999999.0,826445.45,1,True
FRA-celular-xiaomi-redmi-note-14-128gb-midni,Fravega,XIAOMI,Smartphones,Celular Xiaomi Redmi Note 14 128GB Midnight Black,https://www.fravega.com/p/celular-xiaomi-redmi-note-14-128gb-midnight-black-782554/,529999.0,379999.0,1,True
FRA-celular-samsung-galaxy-s25-ultra-256gb-t,Fravega,SAMSUNG,Smartphones,Celular Samsung Galaxy S25 Ultra 256GB Titanium Black,https://www.fravega.com/p/celular-samsung-galaxy-s25-ultra-256gb-titanium-black-782902/,2999999.0,2699999.0,1,True
FRA-celular-motorola-edge-60-fusion-8-gb-256,Fravega,MOTOROLA,Smartphones,Celular Motorola Edge 60 Fusion 8 GB 256 GB Pantone Amazonite Verde,https://www.fravega.com/p/celular-motorola-edge-60-fusion-8-gb-256-gb-pantone-amazonite-verde-782629/,799999.0,665999.0,1,True
FRA-celular-samsung-galaxy-s25-ultra-512gb-t,Fravega,SAMSUNG,Smartphones,Celular Samsung Galaxy S25 Ultra 512GB Titanium Black,https://www.fravega.com/p/celular-samsung-galaxy-s25-ultra-512gb-titanium-black-782704/,3299999.0,2454544.63,1,True
FRA-celular-samsung-galaxy-a16-5g-256gb-negr,Fravega,SAMSUNG,Smartphones,Celular Samsung Galaxy A16 5G 256GB Negro Azulado,https://www.fravega.com/p/celular-samsung-galaxy-a16-5g-256gb-negro-azulado-782714/,669999.0,553718.18,1,True
FRA-celular-motorola-g67-4gb-256gb-782593,Fravega,MOTOROLA,Smartphones,Celular Motorola G67 4GB 256GB,https://www.fravega.com/p/celular-motorola-g67-4gb-256gb-782593/,599999.0,549999.0,1,True
FRA-celular-samsung-galaxy-a07-64gb-lila-782,Fravega,SAMSUNG,Smartphones,Celular Samsung Galaxy A07 64GB Lila,https://www.fravega.com/p/celular-samsung-galaxy-a07-64gb-lila-782550/,299999.0,239999.0,1,True
FRA-celular-nubia-music-2-4gb-128gb-auricula,Fravega,OTRAS,Smartphones,Celular Nubia Music 2 4GB 128GB + Auriculares I66SE WHITE,https://www.fravega.com/p/celular-nubia-music-2-4gb-128gb-auriculares-i66se-white-782671/,289999.0,249999.0,1,True
FRA-celular-samsung-s26-ultra-12-gb-256gb-vi,Fravega,SAMSUNG,Smartphones,Celular Samsung S26 Ultra 12 GB 256GB Violeta,https://www.fravega.com/p/celular-samsung-s26-ultra-12-gb-256gb-violeta-782542/,3399999.0,2809916.53,1,True
FRA-celular-xiaomi-redmi-14c-4-128gb-midnigh,Fravega,XIAOMI,Smartphones,Celular Xiaomi Redmi 14C 4/128GB Midnight Black,https://www.fravega.com/p/celular-xiaomi-redmi-14c-4-128gb-midnight-black-782595/,369999.0,229999.0,1,True
FRA-celular-samsung-galaxy-a07-128gb-negro-7,Fravega,SAMSUNG,Smartphones,Celular Samsung Galaxy A07 128GB Negro,https://www.fravega.com/p/celular-samsung-galaxy-a07-128gb-negro-782739/,349999.0,279999.0,1,True
FRA-celular-motorola-g15-4-gb-256-gb-naranja,Fravega,MOTOROLA,Smartphones,Celular Motorola G15 4 GB 256 GB Naranja,https://www.fravega.com/p/celular-motorola-g15-4-gb-256-gb-naranja-782816/,349999.0,299999.0,1,True
FRA-celular-xiaomi-redmi-note-13-6gb-128gb-b,Fravega,XIAOMI,Smartphones,Celular Xiaomi Redmi Note 13 6GB 128GB Blue,https://www.fravega.com/p/celular-xiaomi-redmi-note-13-6gb-128gb-blue-782378/,429999.0,329999.0,1,True
FRA-celular-samsung-galaxy-s25-ultra-256gb-t,Fravega,SAMSUNG,Smartphones,Celular Samsung Galaxy S25 Ultra 256GB Titanium Silverblue,https://www.fravega.com/p/celular-samsung-galaxy-s25-ultra-256gb-titanium-silverblue-782974/,2999999.0,2231404.13,1,True
FRA-celular-xiaomi-redmi-14c-4-256gb-midnigh,Fravega,XIAOMI,Smartphones,Celular Xiaomi Redmi 14C 4/256GB Midnight Black,https://www.fravega.com/p/celular-xiaomi-redmi-14c-4-256gb-midnight-black-782596/,399999.0,299999.0,1,True
FRA-celular-motorola-g77-8gb-256gb-782719,Fravega,MOTOROLA,Smartphones,Celular Motorola G77 8GB 256GB,https://www.fravega.com/p/celular-motorola-g77-8gb-256gb-782719/,699999.0,599999.0,1,True
FRA-celular-samsung-galaxy-a16-128gb-negro-s,Fravega,SAMSUNG,Smartphones,Celular Samsung Galaxy A16 128GB Negro SM-A165MZKAARO,https://www.fravega.com/p/celular-samsung-galaxy-a16-128gb-negro-sm-a165mzkaaro-990249338/,469999.0,328999.0,1,True
FRA-celular-motorola-e15-2gb-64gb-blue-78275,Fravega,MOTOROLA,Smartphones,Celular Motorola E15 2GB 64GB Blue,https://www.fravega.com/p/celular-motorola-e15-2gb-64gb-blue-782757/,199999.0,189999.0,1,True
FRA-celular-motorola-g06-4gb-64gb-naranja-78,Fravega,MOTOROLA,Smartphones,Celular Motorola G06 4GB 64GB Naranja,https://www.fravega.com/p/celular-motorola-g06-4gb-64gb-naranja-782559/,219999.0,179999.0,1,True
FRA-celular-samsung-galaxy-a36-5g-256gb-lava,Fravega,SAMSUNG,Smartphones,Celular Samsung Galaxy A36 5G 256GB Lavanda,https://www.fravega.com/p/celular-samsung-galaxy-a36-5g-256gb-lavanda-782679/,999999.0,826445.45,1,True
FRA-celular-samsung-galaxy-s25-ultra-512gb-t,Fravega,SAMSUNG,Smartphones,Celular Samsung Galaxy S25 Ultra 512GB Titanium Silverblue,https://www.fravega.com/p/celular-samsung-galaxy-s25-ultra-512gb-titanium-silverblue-782985/,3299999.0,2969999.0,1,True
FRA-celular-samsung-galaxy-a07-128gb-verde-7,Fravega,SAMSUNG,Smartphones,Celular Samsung Galaxy A07 128GB Verde,https://www.fravega.com/p/celular-samsung-galaxy-a07-128gb-verde-782682/,349999.0,279999.0,1,True
FRA-celular-tcl-50-pro-nxtpaper-5g-8gb-512gb,Fravega,TCL,Smartphones,Celular TCL 50 Pro NXTPAPER 5G 8GB 512GB Space Gray,https://www.fravega.com/p/celular-tcl-50-pro-nxtpaper-5g-8gb-512gb-space-gray-782594/,549999.0,469999.0,1,True
FRA-celular-samsung-galaxy-s25-ultra-512gb-t,Fravega,SAMSUNG,Smartphones,Celular Samsung Galaxy S25 Ultra 512GB Titanium Silverblue,https://www.fravega.com/p/celular-samsung-galaxy-s25-ultra-512gb-titanium-silverblue-782703/,3299999.0,2969999.0,1,True
FRA-celular-samsung-galaxy-a06-64gb-celeste-,Fravega,SAMSUNG,Smartphones,Celular Samsung Galaxy A06 64GB Celeste,https://www.fravega.com/p/celular-samsung-galaxy-a06-64gb-celeste-782852/,269999.0,223139.67,1,True
FRA-iphone-17-256gb-blanco-783325,Fravega,OTRAS,Smartphones,iPhone 17 256GB Blanco,https://www.fravega.com/p/iphone-17-256gb-blanco-783325/,2199999.0,1673003.04,1,True
FRA-celular-samsung-galaxy-a07-64gb-verde-78,Fravega,SAMSUNG,Smartphones,Celular Samsung Galaxy A07 64GB Verde,https://www.fravega.com/p/celular-samsung-galaxy-a07-64gb-verde-782634/,299999.0,239999.0,1,True
FRA-iphone-17-256gb-azul-783326,Fravega,OTRAS,Smartphones,iPhone 17 256GB Azul,https://www.fravega.com/p/iphone-17-256gb-azul-783326/,2199999.0,1673003.04,1,True
FRA-celular-tecno-pova-6-8-256gb-grey--78241,Fravega,OTRAS,Smartphones,Celular Tecno Pova 6 8/256GB Grey,https://www.fravega.com/p/celular-tecno-pova-6-8-256gb-grey--782414/,399999.0,329999.0,1,True
FRA-celular-samsung-galaxy-s25-ultra-512gb-t,Fravega,SAMSUNG,Smartphones,Celular Samsung Galaxy S25 Ultra 512GB Titanium Black,https://www.fravega.com/p/celular-samsung-galaxy-s25-ultra-512gb-titanium-black-783019/,3299999.0,2969999.0,1,True
FRA-celular-samsung-galaxy-a56-5g-256gb-ligh,Fravega,SAMSUNG,Smartphones,Celular Samsung Galaxy A56 5G 256GB Lightgray,https://www.fravega.com/p/celular-samsung-galaxy-a56-5g-256gb-lightgray-782962/,1199999.0,991734.71,1,True
FRA-celular-motorola-g06-4gb-128gb-verde-782,Fravega,MOTOROLA,Smartphones,Celular Motorola G06 4GB 128GB Verde,https://www.fravega.com/p/celular-motorola-g06-4gb-128gb-verde-782567/,259999.0,199999.0,1,True
FRA-celular-samsung-galaxy-a36-5g-256gb-blan,Fravega,SAMSUNG,Smartphones,Celular Samsung Galaxy A36 5G 256GB Blanco,https://www.fravega.com/p/celular-samsung-galaxy-a36-5g-256gb-blanco-783007/,999999.0,826445.45,1,True
FRA-celular-xiaomi-redmi-note-14-128gb-midni,Fravega,XIAOMI,Smartphones,Celular Xiaomi Redmi Note 14 128GB Midnight Black,https://www.fravega.com/p/celular-xiaomi-redmi-note-14-128gb-midnight-black-782554/,529999.0,379999.0,1,True
FRA-celular-samsung-galaxy-s25-ultra-256gb-t,Fravega,SAMSUNG,Smartphones,Celular Samsung Galaxy S25 Ultra 256GB Titanium Black,https://www.fravega.com/p/celular-samsung-galaxy-s25-ultra-256gb-titanium-black-782902/,2999999.0,2699999.0,1,True
FRA-celular-motorola-edge-60-fusion-8-gb-256,Fravega,MOTOROLA,Smartphones,Celular Motorola Edge 60 Fusion 8 GB 256 GB Pantone Amazonite Verde,https://www.fravega.com/p/celular-motorola-edge-60-fusion-8-gb-256-gb-pantone-amazonite-verde-782629/,799999.0,665999.0,1,True
FRA-celular-samsung-galaxy-s25-ultra-512gb-t,Fravega,SAMSUNG,Smartphones,Celular Samsung Galaxy S25 Ultra 512GB Titanium Black,https://www.fravega.com/p/celular-samsung-galaxy-s25-ultra-512gb-titanium-black-782704/,3299999.0,2454544.63,1,True
FRA-celular-samsung-galaxy-a16-5g-256gb-negr,Fravega,SAMSUNG,Smartphones,Celular Samsung Galaxy A16 5G 256GB Negro Azulado,https://www.fravega.com/p/celular-samsung-galaxy-a16-5g-256gb-negro-azulado-782714/,669999.0,553718.18,1,True
FRA-celular-motorola-g67-4gb-256gb-782593,Fravega,MOTOROLA,Smartphones,Celular Motorola G67 4GB 256GB,https://www.fravega.com/p/celular-motorola-g67-4gb-256gb-782593/,599999.0,549999.0,1,True
FRA-celular-samsung-galaxy-a07-64gb-lila-782,Fravega,SAMSUNG,Smartphones,Celular Samsung Galaxy A07 64GB Lila,https://www.fravega.com/p/celular-samsung-galaxy-a07-64gb-lila-782550/,299999.0,239999.0,1,True
FRA-celular-nubia-music-2-4gb-128gb-auricula,Fravega,OTRAS,Smartphones,Celular Nubia Music 2 4GB 128GB + Auriculares I66SE WHITE,https://www.fravega.com/p/celular-nubia-music-2-4gb-128gb-auriculares-i66se-white-782671/,289999.0,249999.0,1,True
FRA-celular-samsung-s26-ultra-12-gb-256gb-vi,Fravega,SAMSUNG,Smartphones,Celular Samsung S26 Ultra 12 GB 256GB Violeta,https://www.fravega.com/p/celular-samsung-s26-ultra-12-gb-256gb-violeta-782542/,3399999.0,2809916.53,1,True
FRA-celular-xiaomi-redmi-14c-4-128gb-midnigh,Fravega,XIAOMI,Smartphones,Celular Xiaomi Redmi 14C 4/128GB Midnight Black,https://www.fravega.com/p/celular-xiaomi-redmi-14c-4-128gb-midnight-black-782595/,369999.0,229999.0,1,True
FRA-celular-samsung-galaxy-a07-128gb-negro-7,Fravega,SAMSUNG,Smartphones,Celular Samsung Galaxy A07 128GB Negro,https://www.fravega.com/p/celular-samsung-galaxy-a07-128gb-negro-782739/,349999.0,279999.0,1,True
FRA-celular-motorola-g15-4-gb-256-gb-naranja,Fravega,MOTOROLA,Smartphones,Celular Motorola G15 4 GB 256 GB Naranja,https://www.fravega.com/p/celular-motorola-g15-4-gb-256-gb-naranja-782816/,349999.0,299999.0,1,True
FRA-celular-xiaomi-redmi-note-13-6gb-128gb-b,Fravega,XIAOMI,Smartphones,Celular Xiaomi Redmi Note 13 6GB 128GB Blue,https://www.fravega.com/p/celular-xiaomi-redmi-note-13-6gb-128gb-blue-782378/,429999.0,329999.0,1,True
FRA-celular-samsung-galaxy-s25-ultra-256gb-t,Fravega,SAMSUNG,Smartphones,Celular Samsung Galaxy S25 Ultra 256GB Titanium Silverblue,https://www.fravega.com/p/celular-samsung-galaxy-s25-ultra-256gb-titanium-silverblue-782974/,2999999.0,2231404.13,1,True
FRA-celular-xiaomi-redmi-14c-4-256gb-midnigh,Fravega,XIAOMI,Smartphones,Celular Xiaomi Redmi 14C 4/256GB Midnight Black,https://www.fravega.com/p/celular-xiaomi-redmi-14c-4-256gb-midnight-black-782596/,399999.0,299999.0,1,True
FRA-celular-motorola-g77-8gb-256gb-782719,Fravega,MOTOROLA,Smartphones,Celular Motorola G77 8GB 256GB,https://www.fravega.com/p/celular-motorola-g77-8gb-256gb-782719/,699999.0,599999.0,1,True
FRA-celular-motorola-edge-70-fusion-8gb-256g,Fravega,MOTOROLA,Smartphones,Celular Motorola Edge 70 Fusion 8GB 256GB,https://www.fravega.com/p/celular-motorola-edge-70-fusion-8gb-256gb-782913/,899999.0,743800.83,1,True
FRA-celular-realme-c61-8-8gb-256gb-green-782,Fravega,OTRAS,Smartphones,Celular Realme C61 8+8GB 256GB Green,https://www.fravega.com/p/celular-realme-c61-8-8gb-256gb-green-782780/,379999.0,339999.0,1,True
FRA-celular-motorola-edge-70-fusion-8gb-256g,Fravega,MOTOROLA,Smartphones,Celular Motorola Edge 70 Fusion 8GB 256GB,https://www.fravega.com/p/celular-motorola-edge-70-fusion-8gb-256gb-782900/,899999.0,743800.83,1,True
FRA-celular-nubia-neo-3-5g-256gb-gris-oscuro,Fravega,OTRAS,Smartphones,Celular Nubia Neo 3 5G 256GB Gris Oscuro,https://www.fravega.com/p/celular-nubia-neo-3-5g-256gb-gris-oscuro-782517/,519999.0,479999.0,1,True
FRA-celular-motorola-edge-70-12gb-512gb-7824,Fravega,MOTOROLA,Smartphones,Celular Motorola EDGE 70 12GB 512GB,https://www.fravega.com/p/celular-motorola-edge-70-12gb-512gb-782437/,1299999.0,1074379.34,1,True
FRA-celular-motorola-signature-16gb-1tb-7834,Fravega,MOTOROLA,Smartphones,Celular Motorola Signature 16GB 1TB,https://www.fravega.com/p/celular-motorola-signature-16gb-1tb-783414/,2499999.0,2066114.88,1,True
FRA-celular-samsung-galaxy-a16-5g-256gb-gris,Fravega,SAMSUNG,Smartphones,Celular Samsung Galaxy A16 5G 256GB Gris,https://www.fravega.com/p/celular-samsung-galaxy-a16-5g-256gb-gris-782863/,669999.0,553718.18,1,True
FRA-celular-tcl-60-nxtpaper-8gb-512gb-blanco,Fravega,TCL,Smartphones,Celular TCL 60 NXTPAPER 8GB 512GB Blanco,https://www.fravega.com/p/celular-tcl-60-nxtpaper-8gb-512gb-blanco-782626/,599999.0,549999.0,1,True
FRA-celular-xiaomi-redmi-14c-4-128gb-starry-,Fravega,XIAOMI,Smartphones,Celular Xiaomi Redmi 14C 4/128GB Starry Blue,https://www.fravega.com/p/celular-xiaomi-redmi-14c-4-128gb-starry-blue-782599/,369999.0,229999.0,1,True
FRA-celular-samsung-galaxy-a16-128-4gb-nfc-n,Fravega,SAMSUNG,Smartphones,Celular Samsung Galaxy A16 128/4GB NFC Negro,https://www.fravega.com/p/celular-samsung-galaxy-a16-128-4gb-nfc-negro-990285706/,499999.0,319999.0,1,True
FRA-celular-samsung-galaxy-a16-4gb-128gb-gre,Fravega,SAMSUNG,Smartphones,Celular Samsung Galaxy A16 4GB 128GB Green,https://www.fravega.com/p/celular-samsung-galaxy-a16-4gb-128gb-green-782587/,469999.0,349999.0,1,True
FRA-celular-samsung-galaxy-s25-fe-5g-256gb-i,Fravega,SAMSUNG,Smartphones,Celular Samsung Galaxy S25 FE 5G 256GB Ice Blue,https://www.fravega.com/p/celular-samsung-galaxy-s25-fe-5g-256gb-ice-blue-782738/,1799999.0,1487602.48,1,True
FRA-celular-xiaomi-redmi-14c-4-128gb-sage-gr,Fravega,XIAOMI,Smartphones,Celular Xiaomi Redmi 14C 4/128GB Sage Green,https://www.fravega.com/p/celular-xiaomi-redmi-14c-4-128gb-sage-green-782597/,369999.0,229999.0,1,True
FRA-smart-tv-samsung-qled-4k-uhd-65-qn65q6fa,Fravega,SAMSUNG,Televisores,Smart TV Samsung QLED 4K UHD 65” QN65Q6FAAG,https://www.fravega.com/p/smart-tv-samsung-qled-4k-uhd-65-qn65q6faag-503022/,1399999.0,1157023.97,1,True
FRA-smart-tv-tcl-65-qled-65p8k-b-503027,Fravega,TCL,Televisores,"Smart TV TCL 65"" QLED 65P8K-B",https://www.fravega.com/p/smart-tv-tcl-65-qled-65p8k-b-503027/,1399999.0,1199999.0,1,True
FRA-smart-tv-samsung-65-led-4k-crystal-uhd-u,Fravega,SAMSUNG,Televisores,"Smart TV Samsung 65"" LED 4K Crystal UHD U8000F",https://www.fravega.com/p/smart-tv-samsung-65-led-4k-crystal-uhd-u8000f-503076/,1249999.0,1033057.02,1,True
FRA-smart-tv-philips-65-led-4k-uhd-65pud8100,Fravega,PHILIPS,Televisores,"Smart TV Philips 65"" LED 4K UHD 65PUD8100/77 Ambilight Titan OS WiFi",https://www.fravega.com/p/smart-tv-philips-65-led-4k-uhd-65pud8100-77-ambilight-titan-os-wifi-503084/,1599999.0,1199999.0,1,True
FRA-smart-tv-samsung-oled-4k-77-tizen-os-s90,Fravega,SAMSUNG,Televisores,"Smart TV Samsung OLED 4K 77"" Tizen OS S90D",https://www.fravega.com/p/smart-tv-samsung-oled-4k-77-tizen-os-s90d-503110/,7899999.0,6528924.79,1,True
FRA-smart-tv-samsung-4k-uhd-98-un98du9000gx-,Fravega,SAMSUNG,Televisores,Smart TV Samsung 4K UHD 98” UN98DU9000GX,https://www.fravega.com/p/smart-tv-samsung-4k-uhd-98-un98du9000gx-503086/,6999999.0,5999999.0,1,True
FRA-smart-tv-noblex-4k-uhd-led-58-db58x7580-,Fravega,NOBLEX,Televisores,"Smart TV Noblex 4K UHD LED 58"" DB58X7580",https://www.fravega.com/p/smart-tv-noblex-4k-uhd-led-58-db58x7580-503149/,899999.0,679999.0,1,True
FRA-smart-tv-50-noblex-roku-tv-fhd-db50x3110,Fravega,NOBLEX,Televisores,Smart Tv 50 Noblex Roku Tv Fhd Db50x3110,https://www.fravega.com/p/smart-tv-50-noblex-roku-tv-fhd-db50x3110-990288853/,667699.0,459999.0,1,True
FRA-smart-tv-noblex-qled-98-4k-uhd-dl98x9500,Fravega,NOBLEX,Televisores,Smart TV Noblex QLED 98” 4K UHD DL98X9500,https://www.fravega.com/p/smart-tv-noblex-qled-98-4k-uhd-dl98x9500-503015/,4599999.0,4499999.0,1,True
FRA-smart-tv-samsung-75-led-crystal-uhd-4k-d,Fravega,SAMSUNG,Televisores,"Smart TV Samsung 75"" LED Crystal UHD 4K DU7000",https://www.fravega.com/p/smart-tv-samsung-75-led-crystal-uhd-4k-du7000-502953/,1599999.0,1322313.22,1,True
FRA-smart-tv-samsung-55-oled-4k-tizen-os-s90,Fravega,SAMSUNG,Televisores,Smart TV Samsung 55” OLED 4K Tizen OS S90D,https://www.fravega.com/p/smart-tv-samsung-55-oled-4k-tizen-os-s90d-502938/,3699999.0,3057850.41,1,True
FRA-smart-tv-tcl-55-4k-uhd-led-55v6c-google-,Fravega,TCL,Televisores,Smart TV TCL 55” 4K UHD LED 55V6C Google TV,https://www.fravega.com/p/smart-tv-tcl-55-4k-uhd-led-55v6c-google-tv-503060/,799999.0,669999.0,1,True
FRA-smart-tv-samsung-75-led-4k-crystal-uhd-u,Fravega,SAMSUNG,Televisores,"Smart TV Samsung 75"" LED 4K Crystal UHD U8000F",https://www.fravega.com/p/smart-tv-samsung-75-led-4k-crystal-uhd-u8000f-503091/,1799999.0,1487602.48,1,True
FRA-smart-tv-samsung-85-qled-4k-q7-tizen-os-,Fravega,SAMSUNG,Televisores,Smart TV Samsung 85” QLED 4K Q7 Tizen OS,https://www.fravega.com/p/smart-tv-samsung-85-qled-4k-q7-tizen-os-503003/,2999999.0,2479338.02,1,True
FRA-smart-tv-tcl-98-4k-uhd-mini-led-98c6k-f-,Fravega,TCL,Televisores,"Smart TV TCL 98"" 4K UHD Mini LED 98C6K-F",https://www.fravega.com/p/smart-tv-tcl-98-4k-uhd-mini-led-98c6k-f-503073/,4999999.0,4132230.58,1,True
FRA-smart-tv-samsung-qled-4k-uhd-75-qn75q7fa,Fravega,SAMSUNG,Televisores,Smart TV Samsung QLED 4k UHD 75” QN75Q7FAAG,https://www.fravega.com/p/smart-tv-samsung-qled-4k-uhd-75-qn75q7faag-502970/,2049999.0,1694214.05,1,True
FRA-smart-tv-led-65-rca-c65and-f-502640,Fravega,OTRAS,Televisores,"Smart TV Led 65"" RCA C65AND-F",https://www.fravega.com/p/smart-tv-led-65-rca-c65and-f-502640/,1149999.0,799999.0,1,True
FRA-smart-tv-samsung-75-4k-uhd-qn75qn70fagcz,Fravega,SAMSUNG,Televisores,"Smart TV Samsung 75"" 4K UHD QN75QN70FAGCZB Neo QLED",https://www.fravega.com/p/smart-tv-samsung-75-4k-uhd-qn75qn70fagczb-neo-qled-502910/,3499999.0,2999999.0,1,True
FRA-smart-tv-hisense-50-qled-4k-uhd-50q6qv-5,Fravega,HISENSE,Televisores,"Smart TV Hisense 50"" QLED 4K UHD 50Q6QV",https://www.fravega.com/p/smart-tv-hisense-50-qled-4k-uhd-50q6qv-502873/,649999.0,537189.26,1,True
FRA-smart-tv-hisense-55-qled-4k-uhd-55q6qv-5,Fravega,HISENSE,Televisores,"Smart TV Hisense 55"" QLED 4K UHD 55Q6QV",https://www.fravega.com/p/smart-tv-hisense-55-qled-4k-uhd-55q6qv-502894/,749999.0,619833.88,1,True
FRA-tv-led-philips-55-uhd-55pud7309-77-50279,Fravega,PHILIPS,Televisores,"TV LED Philips 55"" UHD 55PUD7309/77",https://www.fravega.com/p/tv-led-philips-55-uhd-55pud7309-77-502793/,979999.0,679999.0,1,True
FRA-smart-tv-tcl-85-qled-4k-uhd-p8k-google-t,Fravega,TCL,Televisores,Smart TV TCL 85” QLED 4K UHD P8K Google TV,https://www.fravega.com/p/smart-tv-tcl-85-qled-4k-uhd-p8k-google-tv-502876/,2999999.0,2479338.02,1,True
FRA-smart-tv-tcl-85-4k-mini-led-85c6k-google,Fravega,TCL,Televisores,Smart TV TCL 85” 4K Mini LED 85C6K Google TV-RV,https://www.fravega.com/p/smart-tv-tcl-85-4k-mini-led-85c6k-google-tv-rv-502900/,3299999.0,2727271.9,1,True
FRA-smart-tv-enova-32-led-hd-google-tv-te32h,Fravega,OTRAS,Televisores,"Smart TV enova 32"" LED HD Google TV TE32HG11",https://www.fravega.com/p/smart-tv-enova-32-led-hd-google-tv-te32hg11-22699349/,399998.67,249999.0,1,True
FRA-smart-tv-samsung-qled-4k-uhd-55-qn55q6fa,Fravega,SAMSUNG,Televisores,Smart TV Samsung QLED 4K UHD 55” QN55Q6FAAG,https://www.fravega.com/p/smart-tv-samsung-qled-4k-uhd-55-qn55q6faag-502993/,899999.0,743800.83,1,True
FRA-smart-tv-samsung-50-led-4k-crystal-uhd-u,Fravega,SAMSUNG,Televisores,"Smart TV Samsung 50"" LED 4K Crystal UHD U8000F",https://www.fravega.com/p/smart-tv-samsung-50-led-4k-crystal-uhd-u8000f-503041/,689999.0,629999.0,1,True
FRA-smart-tv-samsung-55-led-4k-crystal-uhd-u,Fravega,SAMSUNG,Televisores,"Smart TV Samsung 55"" LED 4K Crystal UHD U8000F",https://www.fravega.com/p/smart-tv-samsung-55-led-4k-crystal-uhd-u8000f-503065/,779999.0,759999.0,1,True
FRA-smart-tv-noblex-75-4k-uhd-dl75x8500f-qle,Fravega,NOBLEX,Televisores,Smart TV Noblex 75” 4K UHD DL75X8500F QLED,https://www.fravega.com/p/smart-tv-noblex-75-4k-uhd-dl75x8500f-qled-502956/,1599999.0,1322313.22,1,True
FRA-smart-tv-full-hd-aoc-43-43s5355-77i-5027,Fravega,OTRAS,Televisores,Smart TV Full HD AOC 43” 43S5355/77I,https://www.fravega.com/p/smart-tv-full-hd-aoc-43-43s5355-77i-502774/,519999.0,329999.0,1,True
FRA-smart-tv-tcl-55-qled-55c655-502785,Fravega,TCL,Televisores,Smart TV TCL 55” QLED 55C655,https://www.fravega.com/p/smart-tv-tcl-55-qled-55c655-502785/,899999.0,799999.0,1,True
FRA-smart-tv-tcl-65-4k-mini-led-65c6k-google,Fravega,TCL,Televisores,Smart TV TCL 65” 4K Mini LED 65C6K Google TV,https://www.fravega.com/p/smart-tv-tcl-65-4k-mini-led-65c6k-google-tv-502880/,1499999.0,1239668.6,1,True
FRA-smart-tv-hd-aoc-32-32s5355-77i-502775,Fravega,OTRAS,Televisores,Smart TV  HD AOC 32” 32S5355/77I,https://www.fravega.com/p/smart-tv-hd-aoc-32-32s5355-77i-502775/,339999.0,219999.0,1,True
FRA-smart-tv-tcl-43-qled-fhd-43s5k-google-tv,Fravega,TCL,Televisores,Smart TV TCL 43” QLED FHD 43S5K Google TV,https://www.fravega.com/p/smart-tv-tcl-43-qled-fhd-43s5k-google-tv-502831/,499999.0,449999.0,1,True
FRA-smart-tv-samsung-qled-4k-uhd-65-qn65q6fa,Fravega,SAMSUNG,Televisores,Smart TV Samsung QLED 4K UHD 65” QN65Q6FAAG,https://www.fravega.com/p/smart-tv-samsung-qled-4k-uhd-65-qn65q6faag-503022/,1399999.0,1157023.97,1,True
FRA-smart-tv-tcl-65-qled-65p8k-b-503027,Fravega,TCL,Televisores,"Smart TV TCL 65"" QLED 65P8K-B",https://www.fravega.com/p/smart-tv-tcl-65-qled-65p8k-b-503027/,1399999.0,1199999.0,1,True
FRA-smart-tv-samsung-65-led-4k-crystal-uhd-u,Fravega,SAMSUNG,Televisores,"Smart TV Samsung 65"" LED 4K Crystal UHD U8000F",https://www.fravega.com/p/smart-tv-samsung-65-led-4k-crystal-uhd-u8000f-503076/,1249999.0,1033057.02,1,True
FRA-smart-tv-philips-65-led-4k-uhd-65pud8100,Fravega,PHILIPS,Televisores,"Smart TV Philips 65"" LED 4K UHD 65PUD8100/77 Ambilight Titan OS WiFi",https://www.fravega.com/p/smart-tv-philips-65-led-4k-uhd-65pud8100-77-ambilight-titan-os-wifi-503084/,1599999.0,1199999.0,1,True
FRA-smart-tv-samsung-oled-4k-77-tizen-os-s90,Fravega,SAMSUNG,Televisores,"Smart TV Samsung OLED 4K 77"" Tizen OS S90D",https://www.fravega.com/p/smart-tv-samsung-oled-4k-77-tizen-os-s90d-503110/,7899999.0,6528924.79,1,True
FRA-smart-tv-samsung-4k-uhd-98-un98du9000gx-,Fravega,SAMSUNG,Televisores,Smart TV Samsung 4K UHD 98” UN98DU9000GX,https://www.fravega.com/p/smart-tv-samsung-4k-uhd-98-un98du9000gx-503086/,6999999.0,5999999.0,1,True
FRA-smart-tv-noblex-4k-uhd-led-58-db58x7580-,Fravega,NOBLEX,Televisores,"Smart TV Noblex 4K UHD LED 58"" DB58X7580",https://www.fravega.com/p/smart-tv-noblex-4k-uhd-led-58-db58x7580-503149/,899999.0,679999.0,1,True
FRA-smart-tv-50-noblex-roku-tv-fhd-db50x3110,Fravega,NOBLEX,Televisores,Smart Tv 50 Noblex Roku Tv Fhd Db50x3110,https://www.fravega.com/p/smart-tv-50-noblex-roku-tv-fhd-db50x3110-990288853/,667699.0,459999.0,1,True
FRA-smart-tv-noblex-qled-98-4k-uhd-dl98x9500,Fravega,NOBLEX,Televisores,Smart TV Noblex QLED 98” 4K UHD DL98X9500,https://www.fravega.com/p/smart-tv-noblex-qled-98-4k-uhd-dl98x9500-503015/,4599999.0,4499999.0,1,True
FRA-smart-tv-samsung-75-led-crystal-uhd-4k-d,Fravega,SAMSUNG,Televisores,"Smart TV Samsung 75"" LED Crystal UHD 4K DU7000",https://www.fravega.com/p/smart-tv-samsung-75-led-crystal-uhd-4k-du7000-502953/,1599999.0,1322313.22,1,True
FRA-smart-tv-samsung-55-oled-4k-tizen-os-s90,Fravega,SAMSUNG,Televisores,Smart TV Samsung 55” OLED 4K Tizen OS S90D,https://www.fravega.com/p/smart-tv-samsung-55-oled-4k-tizen-os-s90d-502938/,3699999.0,3057850.41,1,True
FRA-smart-tv-tcl-55-4k-uhd-led-55v6c-google-,Fravega,TCL,Televisores,Smart TV TCL 55” 4K UHD LED 55V6C Google TV,https://www.fravega.com/p/smart-tv-tcl-55-4k-uhd-led-55v6c-google-tv-503060/,799999.0,669999.0,1,True
FRA-smart-tv-samsung-75-led-4k-crystal-uhd-u,Fravega,SAMSUNG,Televisores,"Smart TV Samsung 75"" LED 4K Crystal UHD U8000F",https://www.fravega.com/p/smart-tv-samsung-75-led-4k-crystal-uhd-u8000f-503091/,1799999.0,1487602.48,1,True
FRA-smart-tv-samsung-85-qled-4k-q7-tizen-os-,Fravega,SAMSUNG,Televisores,Smart TV Samsung 85” QLED 4K Q7 Tizen OS,https://www.fravega.com/p/smart-tv-samsung-85-qled-4k-q7-tizen-os-503003/,2999999.0,2479338.02,1,True
FRA-smart-tv-tcl-98-4k-uhd-mini-led-98c6k-f-,Fravega,TCL,Televisores,"Smart TV TCL 98"" 4K UHD Mini LED 98C6K-F",https://www.fravega.com/p/smart-tv-tcl-98-4k-uhd-mini-led-98c6k-f-503073/,4999999.0,4132230.58,1,True
FRA-smart-tv-samsung-qled-4k-uhd-75-qn75q7fa,Fravega,SAMSUNG,Televisores,Smart TV Samsung QLED 4k UHD 75” QN75Q7FAAG,https://www.fravega.com/p/smart-tv-samsung-qled-4k-uhd-75-qn75q7faag-502970/,2049999.0,1694214.05,1,True
FRA-smart-tv-led-65-rca-c65and-f-502640,Fravega,OTRAS,Televisores,"Smart TV Led 65"" RCA C65AND-F",https://www.fravega.com/p/smart-tv-led-65-rca-c65and-f-502640/,1149999.0,799999.0,1,True
FRA-smart-tv-samsung-75-4k-uhd-qn75qn70fagcz,Fravega,SAMSUNG,Televisores,"Smart TV Samsung 75"" 4K UHD QN75QN70FAGCZB Neo QLED",https://www.fravega.com/p/smart-tv-samsung-75-4k-uhd-qn75qn70fagczb-neo-qled-502910/,3499999.0,2999999.0,1,True
FRA-smart-tv-hisense-50-qled-4k-uhd-50q6qv-5,Fravega,HISENSE,Televisores,"Smart TV Hisense 50"" QLED 4K UHD 50Q6QV",https://www.fravega.com/p/smart-tv-hisense-50-qled-4k-uhd-50q6qv-502873/,649999.0,537189.26,1,True
FRA-smart-tv-hisense-55-qled-4k-uhd-55q6qv-5,Fravega,HISENSE,Televisores,"Smart TV Hisense 55"" QLED 4K UHD 55Q6QV",https://www.fravega.com/p/smart-tv-hisense-55-qled-4k-uhd-55q6qv-502894/,749999.0,619833.88,1,True
FRA-tv-led-philips-55-uhd-55pud7309-77-50279,Fravega,PHILIPS,Televisores,"TV LED Philips 55"" UHD 55PUD7309/77",https://www.fravega.com/p/tv-led-philips-55-uhd-55pud7309-77-502793/,979999.0,679999.0,1,True
FRA-smart-tv-tcl-85-qled-4k-uhd-p8k-google-t,Fravega,TCL,Televisores,Smart TV TCL 85” QLED 4K UHD P8K Google TV,https://www.fravega.com/p/smart-tv-tcl-85-qled-4k-uhd-p8k-google-tv-502876/,2999999.0,2479338.02,1,True
FRA-smart-tv-tcl-85-4k-mini-led-85c6k-google,Fravega,TCL,Televisores,Smart TV TCL 85” 4K Mini LED 85C6K Google TV-RV,https://www.fravega.com/p/smart-tv-tcl-85-4k-mini-led-85c6k-google-tv-rv-502900/,3299999.0,2727271.9,1,True
FRA-smart-tv-enova-32-led-hd-google-tv-te32h,Fravega,OTRAS,Televisores,"Smart TV enova 32"" LED HD Google TV TE32HG11",https://www.fravega.com/p/smart-tv-enova-32-led-hd-google-tv-te32hg11-22699349/,399998.67,249999.0,1,True
FRA-smart-tv-noblex-65-4k-uhd-dl65x8500f-qle,Fravega,NOBLEX,Televisores,Smart TV Noblex 65” 4K UHD DL65X8500F QLED,https://www.fravega.com/p/smart-tv-noblex-65-4k-uhd-dl65x8500f-qled-502931/,999999.0,826445.45,1,True
FRA-smart-tv-philips-40-led-full-hd-40pfd692,Fravega,PHILIPS,Televisores,"Smart TV Philips 40"" LED Full HD 40PFD6920/77 Google TV WiFi",https://www.fravega.com/p/smart-tv-philips-40-led-full-hd-40pfd6920-77-google-tv-wifi-503082/,549999.0,399999.0,1,True
FRA-tv-noblex-32-led-hd-roku-db32x301-503009,Fravega,NOBLEX,Televisores,"TV Noblex 32"" Led HD Roku DB32X301",https://www.fravega.com/p/tv-noblex-32-led-hd-roku-db32x301-503009/,329999.0,269999.0,1,True
FRA-smart-tv-led-43-philips-43pfd6910-77-502,Fravega,PHILIPS,Televisores,"Smart TV LED 43"" Philips 43PFD6910/77",https://www.fravega.com/p/smart-tv-led-43-philips-43pfd6910-77-502789/,629999.0,419999.0,1,True
FRA-smart-tv-qled-50-admiral-ad50g4fn-502896,Fravega,OTRAS,Televisores,"Smart TV QLED 50"" Admiral AD50G4FN",https://www.fravega.com/p/smart-tv-qled-50-admiral-ad50g4fn-502896/,549999.0,519999.0,1,True
FRA-smart-tv-fhd-40-rca-c40gl100-502781,Fravega,OTRAS,Televisores,Smart TV FHD 40” RCA C40GL100,https://www.fravega.com/p/smart-tv-fhd-40-rca-c40gl100-502781/,409999.0,339999.0,1,True
FRA-smart-tv-philips-led-50-4k-uhd-titan-os-,Fravega,PHILIPS,Televisores,Smart TV Philips LED 50” 4K UHD Titan OS 50PUD7309/77,https://www.fravega.com/p/smart-tv-philips-led-50-4k-uhd-titan-os-50pud7309-77-502852/,819999.0,589999.0,1,True
FRA-smart-tv-philips-qled-4k-55-55pud8250-77,Fravega,PHILIPS,Televisores,Smart TV Philips QLED 4K 55” 55PUD8250/77,https://www.fravega.com/p/smart-tv-philips-qled-4k-55-55pud8250-77-502897/,1299999.0,859999.0,1,True
FRA-smart-tv-bgh-43-led-full-hd-android-tv-b,Fravega,BGH,Televisores,Smart TV BGH 43” LED Full HD Android TV B4322FS5A,https://www.fravega.com/p/smart-tv-bgh-43-led-full-hd-android-tv-b4322fs5a-502748/,499999.0,369999.0,1,True
FRA-smart-tv-tcl-4k-uhd-qled-50-50s5k-f-5027,Fravega,TCL,Televisores,Smart TV TCL 4K UHD QLED 50” 50S5K-F,https://www.fravega.com/p/smart-tv-tcl-4k-uhd-qled-50-50s5k-f-502700/,699999.0,599999.0,1,True
FRA-smart-tv-samsung-full-hd-43-un43f6000fgc,Fravega,SAMSUNG,Televisores,Smart TV Samsung Full HD 43” UN43F6000FGC,https://www.fravega.com/p/smart-tv-samsung-full-hd-43-un43f6000fgc-503008/,569999.0,479999.0,1,True
FRA-smart-tv-noblex-roku-tv-50-4k-uhd-db50x3,Fravega,NOBLEX,Televisores,Smart TV Noblex Roku TV 50” 4K UHD DB50X350,https://www.fravega.com/p/smart-tv-noblex-roku-tv-50-4k-uhd-db50x350-502909/,679999.0,449999.0,1,True
FRA-smart-tv-samsung-4k-uhd-55-un55u8000fgcz,Fravega,SAMSUNG,Televisores,Smart TV Samsung 4K UHD 55” UN55U8000FGCZB,https://www.fravega.com/p/smart-tv-samsung-4k-uhd-55-un55u8000fgczb-503126/,999999.0,759999.0,1,True
FRA-smart-tv-samsung-qled-4k-uhd-65-qn65q6fa,Fravega,SAMSUNG,Televisores,Smart TV Samsung QLED 4K UHD 65” QN65Q6FAAG,https://www.fravega.com/p/smart-tv-samsung-qled-4k-uhd-65-qn65q6faag-503022/,1399999.0,1157023.97,1,True
FRA-smart-tv-tcl-65-qled-65p8k-b-503027,Fravega,TCL,Televisores,"Smart TV TCL 65"" QLED 65P8K-B",https://www.fravega.com/p/smart-tv-tcl-65-qled-65p8k-b-503027/,1399999.0,1199999.0,1,True
FRA-smart-tv-samsung-65-led-4k-crystal-uhd-u,Fravega,SAMSUNG,Televisores,"Smart TV Samsung 65"" LED 4K Crystal UHD U8000F",https://www.fravega.com/p/smart-tv-samsung-65-led-4k-crystal-uhd-u8000f-503076/,1249999.0,1033057.02,1,True
FRA-smart-tv-philips-65-led-4k-uhd-65pud8100,Fravega,PHILIPS,Televisores,"Smart TV Philips 65"" LED 4K UHD 65PUD8100/77 Ambilight Titan OS WiFi",https://www.fravega.com/p/smart-tv-philips-65-led-4k-uhd-65pud8100-77-ambilight-titan-os-wifi-503084/,1599999.0,1199999.0,1,True
FRA-smart-tv-samsung-oled-4k-77-tizen-os-s90,Fravega,SAMSUNG,Televisores,"Smart TV Samsung OLED 4K 77"" Tizen OS S90D",https://www.fravega.com/p/smart-tv-samsung-oled-4k-77-tizen-os-s90d-503110/,7899999.0,6528924.79,1,True
FRA-smart-tv-samsung-4k-uhd-98-un98du9000gx-,Fravega,SAMSUNG,Televisores,Smart TV Samsung 4K UHD 98” UN98DU9000GX,https://www.fravega.com/p/smart-tv-samsung-4k-uhd-98-un98du9000gx-503086/,6999999.0,5999999.0,1,True
FRA-smart-tv-noblex-4k-uhd-led-58-db58x7580-,Fravega,NOBLEX,Televisores,"Smart TV Noblex 4K UHD LED 58"" DB58X7580",https://www.fravega.com/p/smart-tv-noblex-4k-uhd-led-58-db58x7580-503149/,899999.0,679999.0,1,True
FRA-smart-tv-50-noblex-roku-tv-fhd-db50x3110,Fravega,NOBLEX,Televisores,Smart Tv 50 Noblex Roku Tv Fhd Db50x3110,https://www.fravega.com/p/smart-tv-50-noblex-roku-tv-fhd-db50x3110-990288853/,667699.0,459999.0,1,True
FRA-smart-tv-noblex-qled-98-4k-uhd-dl98x9500,Fravega,NOBLEX,Televisores,Smart TV Noblex QLED 98” 4K UHD DL98X9500,https://www.fravega.com/p/smart-tv-noblex-qled-98-4k-uhd-dl98x9500-503015/,4599999.0,4499999.0,1,True
FRA-smart-tv-samsung-75-led-crystal-uhd-4k-d,Fravega,SAMSUNG,Televisores,"Smart TV Samsung 75"" LED Crystal UHD 4K DU7000",https://www.fravega.com/p/smart-tv-samsung-75-led-crystal-uhd-4k-du7000-502953/,1599999.0,1322313.22,1,True
FRA-smart-tv-samsung-55-oled-4k-tizen-os-s90,Fravega,SAMSUNG,Televisores,Smart TV Samsung 55” OLED 4K Tizen OS S90D,https://www.fravega.com/p/smart-tv-samsung-55-oled-4k-tizen-os-s90d-502938/,3699999.0,3057850.41,1,True
FRA-smart-tv-tcl-55-4k-uhd-led-55v6c-google-,Fravega,TCL,Televisores,Smart TV TCL 55” 4K UHD LED 55V6C Google TV,https://www.fravega.com/p/smart-tv-tcl-55-4k-uhd-led-55v6c-google-tv-503060/,799999.0,669999.0,1,True
FRA-smart-tv-samsung-75-led-4k-crystal-uhd-u,Fravega,SAMSUNG,Televisores,"Smart TV Samsung 75"" LED 4K Crystal UHD U8000F",https://www.fravega.com/p/smart-tv-samsung-75-led-4k-crystal-uhd-u8000f-503091/,1799999.0,1487602.48,1,True
FRA-smart-tv-samsung-85-qled-4k-q7-tizen-os-,Fravega,SAMSUNG,Televisores,Smart TV Samsung 85” QLED 4K Q7 Tizen OS,https://www.fravega.com/p/smart-tv-samsung-85-qled-4k-q7-tizen-os-503003/,2999999.0,2479338.02,1,True
FRA-smart-tv-tcl-98-4k-uhd-mini-led-98c6k-f-,Fravega,TCL,Televisores,"Smart TV TCL 98"" 4K UHD Mini LED 98C6K-F",https://www.fravega.com/p/smart-tv-tcl-98-4k-uhd-mini-led-98c6k-f-503073/,4999999.0,4132230.58,1,True
FRA-smart-tv-samsung-qled-4k-uhd-75-qn75q7fa,Fravega,SAMSUNG,Televisores,Smart TV Samsung QLED 4k UHD 75” QN75Q7FAAG,https://www.fravega.com/p/smart-tv-samsung-qled-4k-uhd-75-qn75q7faag-502970/,2049999.0,1694214.05,1,True
FRA-smart-tv-led-65-rca-c65and-f-502640,Fravega,OTRAS,Televisores,"Smart TV Led 65"" RCA C65AND-F",https://www.fravega.com/p/smart-tv-led-65-rca-c65and-f-502640/,1149999.0,799999.0,1,True
FRA-smart-tv-samsung-75-4k-uhd-qn75qn70fagcz,Fravega,SAMSUNG,Televisores,"Smart TV Samsung 75"" 4K UHD QN75QN70FAGCZB Neo QLED",https://www.fravega.com/p/smart-tv-samsung-75-4k-uhd-qn75qn70fagczb-neo-qled-502910/,3499999.0,2999999.0,1,True
FRA-smart-tv-hisense-50-qled-4k-uhd-50q6qv-5,Fravega,HISENSE,Televisores,"Smart TV Hisense 50"" QLED 4K UHD 50Q6QV",https://www.fravega.com/p/smart-tv-hisense-50-qled-4k-uhd-50q6qv-502873/,649999.0,537189.26,1,True
FRA-smart-tv-hisense-55-qled-4k-uhd-55q6qv-5,Fravega,HISENSE,Televisores,"Smart TV Hisense 55"" QLED 4K UHD 55Q6QV",https://www.fravega.com/p/smart-tv-hisense-55-qled-4k-uhd-55q6qv-502894/,749999.0,619833.88,1,True
FRA-tv-led-philips-55-uhd-55pud7309-77-50279,Fravega,PHILIPS,Televisores,"TV LED Philips 55"" UHD 55PUD7309/77",https://www.fravega.com/p/tv-led-philips-55-uhd-55pud7309-77-502793/,979999.0,679999.0,1,True
FRA-smart-tv-tcl-85-qled-4k-uhd-p8k-google-t,Fravega,TCL,Televisores,Smart TV TCL 85” QLED 4K UHD P8K Google TV,https://www.fravega.com/p/smart-tv-tcl-85-qled-4k-uhd-p8k-google-tv-502876/,2999999.0,2479338.02,1,True
FRA-smart-tv-tcl-85-4k-mini-led-85c6k-google,Fravega,TCL,Televisores,Smart TV TCL 85” 4K Mini LED 85C6K Google TV-RV,https://www.fravega.com/p/smart-tv-tcl-85-4k-mini-led-85c6k-google-tv-rv-502900/,3299999.0,2727271.9,1,True
FRA-smart-tv-enova-32-led-hd-google-tv-te32h,Fravega,OTRAS,Televisores,"Smart TV enova 32"" LED HD Google TV TE32HG11",https://www.fravega.com/p/smart-tv-enova-32-led-hd-google-tv-te32hg11-22699349/,399998.67,249999.0,1,True
FRA-tv-led-hd-noblex-roku-43-dr43x3100-50217,Fravega,NOBLEX,Televisores,TV Led HD Noblex Roku 43” DR43X3100,https://www.fravega.com/p/tv-led-hd-noblex-roku-43-dr43x3100-502173/,509999.0,379999.0,1,True
FRA-smart-tv-samsung-hd-32-un32h5000fgc-5030,Fravega,SAMSUNG,Televisores,Smart TV Samsung HD 32” UN32H5000FGC,https://www.fravega.com/p/smart-tv-samsung-hd-32-un32h5000fgc-503033/,409999.0,339999.0,1,True
FRA-smart-tv-philips-32-led-hd-32phd6929-77-,Fravega,PHILIPS,Televisores,Smart TV Philips 32” LED HD 32PHD6929/77,https://www.fravega.com/p/smart-tv-philips-32-led-hd-32phd6929-77-502721/,329999.0,259999.0,1,True
FRA-tv-hisense-58-4k-led-smart-9158a64n-5027,Fravega,HISENSE,Televisores,TV Hisense 58” 4K LED Smart 9158A64N,https://www.fravega.com/p/tv-hisense-58-4k-led-smart-9158a64n-502798/,799999.0,759999.0,1,True
FRA-smart-tv-tcl-75-qled-4k-uhd-p8k-google-t,Fravega,TCL,Televisores,Smart TV TCL 75” QLED 4K UHD P8K Google TV,https://www.fravega.com/p/smart-tv-tcl-75-qled-4k-uhd-p8k-google-tv-502860/,1999999.0,1652891.74,1,True
FRA-smart-tv-tcl-65-qled-65c655a-502692,Fravega,TCL,Televisores,"Smart TV TCL 65"" QLED 65C655A",https://www.fravega.com/p/smart-tv-tcl-65-qled-65c655a-502692/,1399999.0,1199999.0,1,True
FRA-smart-tv-tcl-32-qled-fhd-32s5k-google-tv,Fravega,TCL,Televisores,Smart TV TCL 32” QLED FHD 32S5K Google TV,https://www.fravega.com/p/smart-tv-tcl-32-qled-fhd-32s5k-google-tv-502800/,329999.0,272726.45,1,True
FRA-smart-tv-hd-32-rca-c32gl100--502779,Fravega,OTRAS,Televisores,Smart TV HD 32” RCA C32GL100,https://www.fravega.com/p/smart-tv-hd-32-rca-c32gl100--502779/,299999.0,229999.0,1,True
FRA-tv-noblex-75-uhd-4k-led-x8-series-dv75x8,Fravega,NOBLEX,Televisores,TV Noblex 75” UHD 4K LED X8 Series DV75X8580 Google TV,https://www.fravega.com/p/tv-noblex-75-uhd-4k-led-x8-series-dv75x8580-google-tv-502794/,1799999.0,1699999.0,1,True
FRA-smart-tv-led-admiral-hd-32-ad32e3e-50285,Fravega,OTRAS,Televisores,"Smart TV LED Admiral HD 32"" AD32E3E",https://www.fravega.com/p/smart-tv-led-admiral-hd-32-ad32e3e-502856/,249999.0,206610.74,1,True
FRA-smart-tv-samsung-qled-4k-uhd-65-qn65q6fa,Fravega,SAMSUNG,Televisores,Smart TV Samsung QLED 4K UHD 65” QN65Q6FAAG,https://www.fravega.com/p/smart-tv-samsung-qled-4k-uhd-65-qn65q6faag-503022/,1399999.0,1157023.97,1,True
FRA-smart-tv-tcl-65-qled-65p8k-b-503027,Fravega,TCL,Televisores,"Smart TV TCL 65"" QLED 65P8K-B",https://www.fravega.com/p/smart-tv-tcl-65-qled-65p8k-b-503027/,1399999.0,1199999.0,1,True
FRA-smart-tv-samsung-65-led-4k-crystal-uhd-u,Fravega,SAMSUNG,Televisores,"Smart TV Samsung 65"" LED 4K Crystal UHD U8000F",https://www.fravega.com/p/smart-tv-samsung-65-led-4k-crystal-uhd-u8000f-503076/,1249999.0,1033057.02,1,True
FRA-smart-tv-philips-65-led-4k-uhd-65pud8100,Fravega,PHILIPS,Televisores,"Smart TV Philips 65"" LED 4K UHD 65PUD8100/77 Ambilight Titan OS WiFi",https://www.fravega.com/p/smart-tv-philips-65-led-4k-uhd-65pud8100-77-ambilight-titan-os-wifi-503084/,1599999.0,1199999.0,1,True
FRA-smart-tv-samsung-oled-4k-77-tizen-os-s90,Fravega,SAMSUNG,Televisores,"Smart TV Samsung OLED 4K 77"" Tizen OS S90D",https://www.fravega.com/p/smart-tv-samsung-oled-4k-77-tizen-os-s90d-503110/,7899999.0,6528924.79,1,True
FRA-smart-tv-samsung-4k-uhd-98-un98du9000gx-,Fravega,SAMSUNG,Televisores,Smart TV Samsung 4K UHD 98” UN98DU9000GX,https://www.fravega.com/p/smart-tv-samsung-4k-uhd-98-un98du9000gx-503086/,6999999.0,5999999.0,1,True
FRA-smart-tv-noblex-4k-uhd-led-58-db58x7580-,Fravega,NOBLEX,Televisores,"Smart TV Noblex 4K UHD LED 58"" DB58X7580",https://www.fravega.com/p/smart-tv-noblex-4k-uhd-led-58-db58x7580-503149/,899999.0,679999.0,1,True
FRA-smart-tv-50-noblex-roku-tv-fhd-db50x3110,Fravega,NOBLEX,Televisores,Smart Tv 50 Noblex Roku Tv Fhd Db50x3110,https://www.fravega.com/p/smart-tv-50-noblex-roku-tv-fhd-db50x3110-990288853/,667699.0,459999.0,1,True
FRA-smart-tv-noblex-qled-98-4k-uhd-dl98x9500,Fravega,NOBLEX,Televisores,Smart TV Noblex QLED 98” 4K UHD DL98X9500,https://www.fravega.com/p/smart-tv-noblex-qled-98-4k-uhd-dl98x9500-503015/,4599999.0,4499999.0,1,True
FRA-smart-tv-samsung-75-led-crystal-uhd-4k-d,Fravega,SAMSUNG,Televisores,"Smart TV Samsung 75"" LED Crystal UHD 4K DU7000",https://www.fravega.com/p/smart-tv-samsung-75-led-crystal-uhd-4k-du7000-502953/,1599999.0,1322313.22,1,True
FRA-smart-tv-samsung-55-oled-4k-tizen-os-s90,Fravega,SAMSUNG,Televisores,Smart TV Samsung 55” OLED 4K Tizen OS S90D,https://www.fravega.com/p/smart-tv-samsung-55-oled-4k-tizen-os-s90d-502938/,3699999.0,3057850.41,1,True
FRA-smart-tv-tcl-55-4k-uhd-led-55v6c-google-,Fravega,TCL,Televisores,Smart TV TCL 55” 4K UHD LED 55V6C Google TV,https://www.fravega.com/p/smart-tv-tcl-55-4k-uhd-led-55v6c-google-tv-503060/,799999.0,669999.0,1,True
FRA-smart-tv-samsung-75-led-4k-crystal-uhd-u,Fravega,SAMSUNG,Televisores,"Smart TV Samsung 75"" LED 4K Crystal UHD U8000F",https://www.fravega.com/p/smart-tv-samsung-75-led-4k-crystal-uhd-u8000f-503091/,1799999.0,1487602.48,1,True
FRA-smart-tv-samsung-85-qled-4k-q7-tizen-os-,Fravega,SAMSUNG,Televisores,Smart TV Samsung 85” QLED 4K Q7 Tizen OS,https://www.fravega.com/p/smart-tv-samsung-85-qled-4k-q7-tizen-os-503003/,2999999.0,2479338.02,1,True
FRA-smart-tv-tcl-98-4k-uhd-mini-led-98c6k-f-,Fravega,TCL,Televisores,"Smart TV TCL 98"" 4K UHD Mini LED 98C6K-F",https://www.fravega.com/p/smart-tv-tcl-98-4k-uhd-mini-led-98c6k-f-503073/,4999999.0,4132230.58,1,True
FRA-smart-tv-samsung-qled-4k-uhd-75-qn75q7fa,Fravega,SAMSUNG,Televisores,Smart TV Samsung QLED 4k UHD 75” QN75Q7FAAG,https://www.fravega.com/p/smart-tv-samsung-qled-4k-uhd-75-qn75q7faag-502970/,2049999.0,1694214.05,1,True
FRA-smart-tv-led-65-rca-c65and-f-502640,Fravega,OTRAS,Televisores,"Smart TV Led 65"" RCA C65AND-F",https://www.fravega.com/p/smart-tv-led-65-rca-c65and-f-502640/,1149999.0,799999.0,1,True
FRA-smart-tv-samsung-75-4k-uhd-qn75qn70fagcz,Fravega,SAMSUNG,Televisores,"Smart TV Samsung 75"" 4K UHD QN75QN70FAGCZB Neo QLED",https://www.fravega.com/p/smart-tv-samsung-75-4k-uhd-qn75qn70fagczb-neo-qled-502910/,3499999.0,2999999.0,1,True
FRA-smart-tv-hisense-50-qled-4k-uhd-50q6qv-5,Fravega,HISENSE,Televisores,"Smart TV Hisense 50"" QLED 4K UHD 50Q6QV",https://www.fravega.com/p/smart-tv-hisense-50-qled-4k-uhd-50q6qv-502873/,649999.0,537189.26,1,True
FRA-smart-tv-hisense-55-qled-4k-uhd-55q6qv-5,Fravega,HISENSE,Televisores,"Smart TV Hisense 55"" QLED 4K UHD 55Q6QV",https://www.fravega.com/p/smart-tv-hisense-55-qled-4k-uhd-55q6qv-502894/,749999.0,619833.88,1,True
FRA-tv-led-philips-55-uhd-55pud7309-77-50279,Fravega,PHILIPS,Televisores,"TV LED Philips 55"" UHD 55PUD7309/77",https://www.fravega.com/p/tv-led-philips-55-uhd-55pud7309-77-502793/,979999.0,679999.0,1,True
FRA-smart-tv-tcl-85-qled-4k-uhd-p8k-google-t,Fravega,TCL,Televisores,Smart TV TCL 85” QLED 4K UHD P8K Google TV,https://www.fravega.com/p/smart-tv-tcl-85-qled-4k-uhd-p8k-google-tv-502876/,2999999.0,2479338.02,1,True
FRA-smart-tv-tcl-85-4k-mini-led-85c6k-google,Fravega,TCL,Televisores,Smart TV TCL 85” 4K Mini LED 85C6K Google TV-RV,https://www.fravega.com/p/smart-tv-tcl-85-4k-mini-led-85c6k-google-tv-rv-502900/,3299999.0,2727271.9,1,True
FRA-smart-tv-enova-32-led-hd-google-tv-te32h,Fravega,OTRAS,Televisores,"Smart TV enova 32"" LED HD Google TV TE32HG11",https://www.fravega.com/p/smart-tv-enova-32-led-hd-google-tv-te32hg11-22699349/,399998.67,249999.0,1,True
FRA-smart-tv-philips-50-qled-4k-50pud8250-77,Fravega,PHILIPS,Televisores,"Smart TV Philips 50"" QLED 4K 50PUD8250/77",https://www.fravega.com/p/smart-tv-philips-50-qled-4k-50pud8250-77-502885/,999999.0,699999.0,1,True
FRA-roku-tv-noblex-fhd-40-db40x3110-503133,Fravega,NOBLEX,Televisores,Roku TV Noblex FHD 40” DB40X3110,https://www.fravega.com/p/roku-tv-noblex-fhd-40-db40x3110-503133/,439999.0,379999.0,1,True
FRA-smart-tv-bgh-50-4k-uhd-google-tv-b5026us,Fravega,BGH,Televisores,Smart TV BGH 50” 4K UHD Google TV B5026US6G,https://www.fravega.com/p/smart-tv-bgh-50-4k-uhd-google-tv-b5026us6g-502820/,679999.0,539999.0,1,True
FRA-smart-tv-samsung-50-qled-4k-q7-tizen-os-,Fravega,SAMSUNG,Televisores,Smart TV Samsung 50” QLED 4K Q7 Tizen OS,https://www.fravega.com/p/smart-tv-samsung-50-qled-4k-q7-tizen-os-502959/,849999.0,702478.51,1,True
FRA-smart-tv-led-32-philips-32phd6910-77-502,Fravega,PHILIPS,Televisores,"Smart TV Led 32"" Philips 32PHD6910/77",https://www.fravega.com/p/smart-tv-led-32-philips-32phd6910-77-502788/,399999.0,279999.0,1,True
FRA-roku-tv-noblex-fhd-43-db43x3110-502908,Fravega,NOBLEX,Televisores,Roku TV Noblex FHD 43” DB43X3110,https://www.fravega.com/p/roku-tv-noblex-fhd-43-db43x3110-502908/,509999.0,429999.0,1,True
FRA-smart-tv-philips-led-65-mini-led-65pml91,Fravega,PHILIPS,Televisores,Smart TV Philips LED 65” Mini LED 65PML9118/77,https://www.fravega.com/p/smart-tv-philips-led-65-mini-led-65pml9118-77-502575/,1459999.0,1399999.0,1,True
FRA-smart-tv-40-fhd-android-tv-rca-r40and-50,Fravega,OTRAS,Televisores,Smart TV 40” FHD Android TV RCA R40AND,https://www.fravega.com/p/smart-tv-40-fhd-android-tv-rca-r40and-502392/,409999.0,339999.0,1,True
FRA-smart-tv-aoc-55-4k-uhd-55u7345-77i-50312,Fravega,OTRAS,Televisores,Smart TV AOC 55” 4K UHD 55U7345/77I,https://www.fravega.com/p/smart-tv-aoc-55-4k-uhd-55u7345-77i-503129/,819999.0,559999.0,1,True
FRA-smart-tv-hisense-43-fhd-43a42k-503064,Fravega,HISENSE,Televisores,Smart TV Hisense 43” FHD 43A42K,https://www.fravega.com/p/smart-tv-hisense-43-fhd-43a42k-503064/,479999.0,399999.0,1,True
FRA-smart-tv-samsung-qled-4k-uhd-65-qn65q6fa,Fravega,SAMSUNG,Televisores,Smart TV Samsung QLED 4K UHD 65” QN65Q6FAAG,https://www.fravega.com/p/smart-tv-samsung-qled-4k-uhd-65-qn65q6faag-503022/,1399999.0,1157023.97,1,True
FRA-smart-tv-tcl-65-qled-65p8k-b-503027,Fravega,TCL,Televisores,"Smart TV TCL 65"" QLED 65P8K-B",https://www.fravega.com/p/smart-tv-tcl-65-qled-65p8k-b-503027/,1399999.0,1199999.0,1,True
FRA-smart-tv-samsung-65-led-4k-crystal-uhd-u,Fravega,SAMSUNG,Televisores,"Smart TV Samsung 65"" LED 4K Crystal UHD U8000F",https://www.fravega.com/p/smart-tv-samsung-65-led-4k-crystal-uhd-u8000f-503076/,1249999.0,1033057.02,1,True
FRA-smart-tv-philips-65-led-4k-uhd-65pud8100,Fravega,PHILIPS,Televisores,"Smart TV Philips 65"" LED 4K UHD 65PUD8100/77 Ambilight Titan OS WiFi",https://www.fravega.com/p/smart-tv-philips-65-led-4k-uhd-65pud8100-77-ambilight-titan-os-wifi-503084/,1599999.0,1199999.0,1,True
FRA-smart-tv-samsung-oled-4k-77-tizen-os-s90,Fravega,SAMSUNG,Televisores,"Smart TV Samsung OLED 4K 77"" Tizen OS S90D",https://www.fravega.com/p/smart-tv-samsung-oled-4k-77-tizen-os-s90d-503110/,7899999.0,6528924.79,1,True
FRA-smart-tv-samsung-4k-uhd-98-un98du9000gx-,Fravega,SAMSUNG,Televisores,Smart TV Samsung 4K UHD 98” UN98DU9000GX,https://www.fravega.com/p/smart-tv-samsung-4k-uhd-98-un98du9000gx-503086/,6999999.0,5999999.0,1,True
FRA-smart-tv-noblex-4k-uhd-led-58-db58x7580-,Fravega,NOBLEX,Televisores,"Smart TV Noblex 4K UHD LED 58"" DB58X7580",https://www.fravega.com/p/smart-tv-noblex-4k-uhd-led-58-db58x7580-503149/,899999.0,679999.0,1,True
FRA-smart-tv-50-noblex-roku-tv-fhd-db50x3110,Fravega,NOBLEX,Televisores,Smart Tv 50 Noblex Roku Tv Fhd Db50x3110,https://www.fravega.com/p/smart-tv-50-noblex-roku-tv-fhd-db50x3110-990288853/,667699.0,459999.0,1,True
FRA-smart-tv-noblex-qled-98-4k-uhd-dl98x9500,Fravega,NOBLEX,Televisores,Smart TV Noblex QLED 98” 4K UHD DL98X9500,https://www.fravega.com/p/smart-tv-noblex-qled-98-4k-uhd-dl98x9500-503015/,4599999.0,4499999.0,1,True
FRA-smart-tv-samsung-75-led-crystal-uhd-4k-d,Fravega,SAMSUNG,Televisores,"Smart TV Samsung 75"" LED Crystal UHD 4K DU7000",https://www.fravega.com/p/smart-tv-samsung-75-led-crystal-uhd-4k-du7000-502953/,1599999.0,1322313.22,1,True
FRA-smart-tv-samsung-55-oled-4k-tizen-os-s90,Fravega,SAMSUNG,Televisores,Smart TV Samsung 55” OLED 4K Tizen OS S90D,https://www.fravega.com/p/smart-tv-samsung-55-oled-4k-tizen-os-s90d-502938/,3699999.0,3057850.41,1,True
FRA-smart-tv-tcl-55-4k-uhd-led-55v6c-google-,Fravega,TCL,Televisores,Smart TV TCL 55” 4K UHD LED 55V6C Google TV,https://www.fravega.com/p/smart-tv-tcl-55-4k-uhd-led-55v6c-google-tv-503060/,799999.0,669999.0,1,True
FRA-smart-tv-samsung-75-led-4k-crystal-uhd-u,Fravega,SAMSUNG,Televisores,"Smart TV Samsung 75"" LED 4K Crystal UHD U8000F",https://www.fravega.com/p/smart-tv-samsung-75-led-4k-crystal-uhd-u8000f-503091/,1799999.0,1487602.48,1,True
FRA-smart-tv-samsung-85-qled-4k-q7-tizen-os-,Fravega,SAMSUNG,Televisores,Smart TV Samsung 85” QLED 4K Q7 Tizen OS,https://www.fravega.com/p/smart-tv-samsung-85-qled-4k-q7-tizen-os-503003/,2999999.0,2479338.02,1,True
FRA-smart-tv-tcl-98-4k-uhd-mini-led-98c6k-f-,Fravega,TCL,Televisores,"Smart TV TCL 98"" 4K UHD Mini LED 98C6K-F",https://www.fravega.com/p/smart-tv-tcl-98-4k-uhd-mini-led-98c6k-f-503073/,4999999.0,4132230.58,1,True
FRA-smart-tv-samsung-qled-4k-uhd-75-qn75q7fa,Fravega,SAMSUNG,Televisores,Smart TV Samsung QLED 4k UHD 75” QN75Q7FAAG,https://www.fravega.com/p/smart-tv-samsung-qled-4k-uhd-75-qn75q7faag-502970/,2049999.0,1694214.05,1,True
FRA-smart-tv-led-65-rca-c65and-f-502640,Fravega,OTRAS,Televisores,"Smart TV Led 65"" RCA C65AND-F",https://www.fravega.com/p/smart-tv-led-65-rca-c65and-f-502640/,1149999.0,799999.0,1,True
FRA-smart-tv-samsung-75-4k-uhd-qn75qn70fagcz,Fravega,SAMSUNG,Televisores,"Smart TV Samsung 75"" 4K UHD QN75QN70FAGCZB Neo QLED",https://www.fravega.com/p/smart-tv-samsung-75-4k-uhd-qn75qn70fagczb-neo-qled-502910/,3499999.0,2999999.0,1,True
FRA-smart-tv-hisense-50-qled-4k-uhd-50q6qv-5,Fravega,HISENSE,Televisores,"Smart TV Hisense 50"" QLED 4K UHD 50Q6QV",https://www.fravega.com/p/smart-tv-hisense-50-qled-4k-uhd-50q6qv-502873/,649999.0,537189.26,1,True
FRA-smart-tv-hisense-55-qled-4k-uhd-55q6qv-5,Fravega,HISENSE,Televisores,"Smart TV Hisense 55"" QLED 4K UHD 55Q6QV",https://www.fravega.com/p/smart-tv-hisense-55-qled-4k-uhd-55q6qv-502894/,749999.0,619833.88,1,True
FRA-tv-led-philips-55-uhd-55pud7309-77-50279,Fravega,PHILIPS,Televisores,"TV LED Philips 55"" UHD 55PUD7309/77",https://www.fravega.com/p/tv-led-philips-55-uhd-55pud7309-77-502793/,979999.0,679999.0,1,True
FRA-smart-tv-tcl-85-qled-4k-uhd-p8k-google-t,Fravega,TCL,Televisores,Smart TV TCL 85” QLED 4K UHD P8K Google TV,https://www.fravega.com/p/smart-tv-tcl-85-qled-4k-uhd-p8k-google-tv-502876/,2999999.0,2479338.02,1,True
FRA-smart-tv-tcl-85-4k-mini-led-85c6k-google,Fravega,TCL,Televisores,Smart TV TCL 85” 4K Mini LED 85C6K Google TV-RV,https://www.fravega.com/p/smart-tv-tcl-85-4k-mini-led-85c6k-google-tv-rv-502900/,3299999.0,2727271.9,1,True
FRA-smart-tv-enova-32-led-hd-google-tv-te32h,Fravega,OTRAS,Televisores,"Smart TV enova 32"" LED HD Google TV TE32HG11",https://www.fravega.com/p/smart-tv-enova-32-led-hd-google-tv-te32hg11-22699349/,399998.67,249999.0,1,True
FRA-tv-led-32-noblex-vidaa-mickey1dv32v-hd--,Fravega,NOBLEX,Televisores,"TV LED 32"" Noblex Vidaa MICKEY1DV32V HD",https://www.fravega.com/p/tv-led-32-noblex-vidaa-mickey1dv32v-hd--503147/,319999.0,239999.0,1,True
FRA-smart-tv-samsung-55-4k-neo-qled-qn70f-50,Fravega,SAMSUNG,Televisores,"Smart TV Samsung 55"" 4K Neo QLED QN70F",https://www.fravega.com/p/smart-tv-samsung-55-4k-neo-qled-qn70f-503018/,2099999.0,1735536.36,1,True
FRA-smart-tv-noblex-4k-50-dv50x6500f--502907,Fravega,NOBLEX,Televisores,"Smart TV Noblex 4K 50"" DV50X6500F",https://www.fravega.com/p/smart-tv-noblex-4k-50-dv50x6500f--502907/,579999.0,499999.0,1,True
FRA-tv-led-24-hd-noblex-db24x4000-502300,Fravega,NOBLEX,Televisores,"TV LED 24"" HD Noblex DB24X4000",https://www.fravega.com/p/tv-led-24-hd-noblex-db24x4000-502300/,199999.0,139999.0,1,True
FRA-smart-tv-philips-75-led-4k-uhd-75pud8100,Fravega,PHILIPS,Televisores,"Smart TV Philips 75"" LED 4K UHD 75PUD8100/77 Ambilight Titan OS WiFi",https://www.fravega.com/p/smart-tv-philips-75-led-4k-uhd-75pud8100-77-ambilight-titan-os-wifi-503085/,2399999.0,1699999.0,1,True
FRA-tv-led-50-noblex-vidaa-marvel1dv50v-uhd-,Fravega,NOBLEX,Televisores,"TV LED 50"" Noblex Vidaa MARVEL1DV50V UHD",https://www.fravega.com/p/tv-led-50-noblex-vidaa-marvel1dv50v-uhd-503146/,659999.0,529999.0,1,True
FRA-smart-tv-rca-4k-uhd-55-g55p7uhd-502939,Fravega,OTRAS,Televisores,Smart TV RCA 4K UHD 55” G55P7UHD,https://www.fravega.com/p/smart-tv-rca-4k-uhd-55-g55p7uhd-502939/,739999.0,579999.0,1,True
FRA-smart-tv-hisense-43-fhd-led-9143a42k-502,Fravega,HISENSE,Televisores,Smart TV Hisense 43” FHD LED 9143A42K,https://www.fravega.com/p/smart-tv-hisense-43-fhd-led-9143a42k-502736/,459999.0,399999.0,1,True
FRA-tv-philips-24-led-hd-24phd5565-77-502091,Fravega,PHILIPS,Televisores,"TV Philips 24"" LED HD 24PHD5565/77",https://www.fravega.com/p/tv-philips-24-led-hd-24phd5565-77-502091/,329999.0,199999.0,1,True
FRA-smart-tv-philips-qled-4k-65-65pud8250-77,Fravega,PHILIPS,Televisores,Smart TV Philips QLED 4K 65” 65PUD8250/77,https://www.fravega.com/p/smart-tv-philips-qled-4k-65-65pud8250-77-502912/,1799999.0,1299999.0,1,True
FRA-smart-tv-lg-43-pulgadas-lr6750psa-ai-ful,Fravega,LG,Televisores,Smart Tv LG 43 Pulgadas LR6750PSA AI Full HD,https://www.fravega.com/p/smart-tv-lg-43-pulgadas-lr6750psa-ai-full-hd-990274748/,626999.0,469999.0,1,True
FRA-tv-led-noblex-hd-40-dv40x5100f-502877,Fravega,NOBLEX,Televisores,TV Led Noblex HD 40” DV40X5100F,https://www.fravega.com/p/tv-led-noblex-hd-40-dv40x5100f-502877/,399999.0,329999.0,1,True
FRA-smart-tv-qled-65-admiral-ad65g4fn-502963,Fravega,OTRAS,Televisores,"Smart TV QLED 65"" Admiral AD65G4FN",https://www.fravega.com/p/smart-tv-qled-65-admiral-ad65g4fn-502963/,999999.0,826445.45,1,True
FRA-notebook-hp-full-hd-15-6-amd-ryzen-3-8gb,Fravega,HP,Notebooks,"Notebook HP Full HD 15,6” AMD Ryzen 3 8GB 512GB 15-fc0237la + Mochila",https://www.fravega.com/p/notebook-hp-full-hd-15-6-amd-ryzen-3-8gb-512gb-15-fc0237la-mochila-364754/,1899999.0,949999.0,1,True
FRA-notebook-hp-14-intel-core-5-8gb-512gb-om,Fravega,HP,Notebooks,"Notebook HP 14"" Intel Core 5 8GB 512GB OmniBook 3 14-HU0050LA",https://www.fravega.com/p/notebook-hp-14-intel-core-5-8gb-512gb-omnibook-3-14-hu0050la-364858/,2999999.0,1299999.0,1,True
FRA-notebook-exo-15-6-amd-ryzen-3-8gb-256gb-,Fravega,OTRAS,Notebooks,"Notebook Exo 15,6"" AMD Ryzen 3 8GB 256GB SSD Windows 11",https://www.fravega.com/p/notebook-exo-15-6-amd-ryzen-3-8gb-256gb-ssd-windows-11-363469/,999999.0,749999.0,1,True
FRA-notebook-hp-15-6-amd-ryzen-3-8gb-512gb-1,Fravega,HP,Notebooks,"Notebook HP 15,6” AMD Ryzen 3 8GB 512GB 15-fc0235la",https://www.fravega.com/p/notebook-hp-15-6-amd-ryzen-3-8gb-512gb-15-fc0235la-364753/,1899999.0,849999.0,1,True
FRA-notebook-acer-aspire-go-15-intel-core-i5,Fravega,ACER,Notebooks,Notebook Acer Aspire Go 15 Intel Core i5 8GB 512GB AG15-71P-5226,https://www.fravega.com/p/notebook-acer-aspire-go-15-intel-core-i5-8gb-512gb-ag15-71p-5226-364755/,1699999.0,1399999.0,1,True
FRA-notebook-hp-255-g10-amd-ryzen-5-7520u-16,Fravega,HP,Notebooks,"Notebook Hp 255 G10 Amd Ryzen 5 7520u 16 Gb 512 Gb 15,6'' Fhd",https://www.fravega.com/p/notebook-hp-255-g10-amd-ryzen-5-7520u-16-gb-512-gb-15-6-fhd-22646474/,1799999.0,1399999.0,1,True
FRA-notebook-hp-15-6-amd-ryzen-5-8gb-512gb-1,Fravega,HP,Notebooks,"Notebook HP 15,6"" AMD Ryzen 5 8GB 512GB 15-FC0251LA + Mochila",https://www.fravega.com/p/notebook-hp-15-6-amd-ryzen-5-8gb-512gb-15-fc0251la-mochila-364837/,1899999.0,1099999.0,1,True
FRA-notebook-acer-aspire-lite-amd-ryzen-7-8g,Fravega,ACER,Notebooks,Notebook Acer Aspire Lite AMD Ryzen 7 8GB 512GB AL15-43P-R8B6,https://www.fravega.com/p/notebook-acer-aspire-lite-amd-ryzen-7-8gb-512gb-al15-43p-r8b6-364844/,2499999.0,1249999.0,1,True
FRA-notebook-hp-15-6-amd-ryzen-7-8gb-512gb-1,Fravega,HP,Notebooks,"Notebook HP 15,6"" AMD Ryzen 7 8GB 512GB 15-FC0287LA",https://www.fravega.com/p/notebook-hp-15-6-amd-ryzen-7-8gb-512gb-15-fc0287la-364855/,2999999.0,1599999.0,1,True
FRA-notebook-lenovo-ideapad-slim-3-15-6-amd-,Fravega,LENOVO,Notebooks,"Notebook Lenovo Ideapad Slim 3 15,6” AMD Ryzen 5 8GB 512GB SSD 82XQ00YAAR",https://www.fravega.com/p/notebook-lenovo-ideapad-slim-3-15-6-amd-ryzen-5-8gb-512gb-ssd-82xq00yaar-364950/,2499999.0,1099999.0,1,True
FRA-notebook-exo-r34-intel-n4020-14-1-4gb-ss,Fravega,OTRAS,Notebooks,"Notebook Exo R34 Intel N4020 14,1 4GB SSD 128GB Windows 11",https://www.fravega.com/p/notebook-exo-r34-intel-n4020-14-1-4gb-ssd-128gb-windows-11-20458266/,569999.0,419999.0,1,True
FRA-notebook-lenovo-yoga-slim-7i-aura-editio,Fravega,LENOVO,Notebooks,"Notebook Lenovo Yoga Slim 7i Aura Edition 15,3” Intel Core Ultra 7 32GB 1TB SSD Luna Grey",https://www.fravega.com/p/notebook-lenovo-yoga-slim-7i-aura-edition-15-3-intel-core-ultra-7-32gb-1tb-ssd-luna-grey-364615/,4499999.0,3299999.0,1,True
FRA-notebook-lenovo-15-6-geforce-rtx-3050-am,Fravega,LENOVO,Notebooks,"Notebook Lenovo 15,6"" GeForce RTX 3050 AMD Ryzen 5 16GB 1TB SSD LOQ",https://www.fravega.com/p/notebook-lenovo-15-6-geforce-rtx-3050-amd-ryzen-5-16gb-1tb-ssd-loq-364951/,3999999.0,1999999.0,1,True
FRA-macbook-apple-pro-13-3-m2-8gb-256-ssd-mn,Fravega,APPLE,Notebooks,"MacBook Apple Pro 13,3” M2 8GB 256 SSD MNEJ3LE/A Space Gray",https://www.fravega.com/p/macbook-apple-pro-13-3-m2-8gb-256-ssd-mnej3le-a-space-gray-364677/,3999999.0,3399999.0,1,True
FRA-notebook-lenovo-15-6-intel-core-i5-8gb-5,Fravega,LENOVO,Notebooks,"Notebook Lenovo 15,6"" Intel Core i5 8GB 512GB SSD LOQ 83LK007Q",https://www.fravega.com/p/notebook-lenovo-15-6-intel-core-i5-8gb-512gb-ssd-loq-83lk007q-364725/,2499999.0,1549999.0,1,True
FRA-notebook-exo-14-intel-n4020-4gb-128gb-ss,Fravega,OTRAS,Notebooks,"Notebook Exo 14"" Intel N4020 4GB 128GB SSD Smart XR2 Windows 11",https://www.fravega.com/p/notebook-exo-14-intel-n4020-4gb-128gb-ssd-smart-xr2-windows-11-364583/,499999.0,299999.0,1,True
FRA-notebook-hp-255r-g10-ryzen-7-7735u-16gb-,Fravega,HP,Notebooks,"Notebook Hp 255r G10 Ryzen 7 7735u 16gb Ram 512gb Ssd Pantalla 15,6'' Full Hd Gris",https://www.fravega.com/p/notebook-hp-255r-g10-ryzen-7-7735u-16gb-ram-512gb-ssd-pantalla-15-6-full-hd-gris-22696856/,1749999.0,1399999.0,1,True
FRA-notebook-acer-aspire-lite-intel-core-3-8,Fravega,ACER,Notebooks,Notebook Acer Aspire Lite Intel Core 3 8GB 512GB AL15-33P-316C,https://www.fravega.com/p/notebook-acer-aspire-lite-intel-core-3-8gb-512gb-al15-33p-316c-364735/,1399999.0,849999.0,1,True
FRA-notebook-lenovo-ideapad-1-ryzen-5-7520u-,Fravega,LENOVO,Notebooks,"Notebook Lenovo Ideapad 1 Ryzen 5 7520U 8GB 256GB SSD 15.6"" Full HD Windows 11",https://www.fravega.com/p/notebook-lenovo-ideapad-1-ryzen-5-7520u-8gb-256gb-ssd-15-6-full-hd-windows-11-22740283/,1124999.0,899999.0,1,True
FRA-notebook-lenovo-v15-g4-ryzen-7-16gb-256g,Fravega,LENOVO,Notebooks,Notebook Lenovo V15 G4 Ryzen 7 16gb 256gb Ssd Fhd Negro Negro,https://www.fravega.com/p/notebook-lenovo-v15-g4-ryzen-7-16gb-256gb-ssd-fhd-negro-negro-22773346/,1562999.0,1249999.0,1,True
FRA-notebook-hp-full-hd-15-6-amd-ryzen-3-8gb,Fravega,HP,Notebooks,"Notebook HP Full HD 15,6” AMD Ryzen 3 8GB 512GB 15-fc0237la + Mochila",https://www.fravega.com/p/notebook-hp-full-hd-15-6-amd-ryzen-3-8gb-512gb-15-fc0237la-mochila-364754/,1899999.0,949999.0,1,True
FRA-notebook-hp-14-intel-core-5-8gb-512gb-om,Fravega,HP,Notebooks,"Notebook HP 14"" Intel Core 5 8GB 512GB OmniBook 3 14-HU0050LA",https://www.fravega.com/p/notebook-hp-14-intel-core-5-8gb-512gb-omnibook-3-14-hu0050la-364858/,2999999.0,1299999.0,1,True
FRA-notebook-exo-15-6-amd-ryzen-3-8gb-256gb-,Fravega,OTRAS,Notebooks,"Notebook Exo 15,6"" AMD Ryzen 3 8GB 256GB SSD Windows 11",https://www.fravega.com/p/notebook-exo-15-6-amd-ryzen-3-8gb-256gb-ssd-windows-11-363469/,999999.0,749999.0,1,True
FRA-notebook-hp-15-6-amd-ryzen-3-8gb-512gb-1,Fravega,HP,Notebooks,"Notebook HP 15,6” AMD Ryzen 3 8GB 512GB 15-fc0235la",https://www.fravega.com/p/notebook-hp-15-6-amd-ryzen-3-8gb-512gb-15-fc0235la-364753/,1899999.0,849999.0,1,True
FRA-notebook-acer-aspire-go-15-intel-core-i5,Fravega,ACER,Notebooks,Notebook Acer Aspire Go 15 Intel Core i5 8GB 512GB AG15-71P-5226,https://www.fravega.com/p/notebook-acer-aspire-go-15-intel-core-i5-8gb-512gb-ag15-71p-5226-364755/,1699999.0,1399999.0,1,True
FRA-notebook-hp-255-g10-amd-ryzen-5-7520u-16,Fravega,HP,Notebooks,"Notebook Hp 255 G10 Amd Ryzen 5 7520u 16 Gb 512 Gb 15,6'' Fhd",https://www.fravega.com/p/notebook-hp-255-g10-amd-ryzen-5-7520u-16-gb-512-gb-15-6-fhd-22646474/,1799999.0,1399999.0,1,True
FRA-notebook-hp-15-6-amd-ryzen-5-8gb-512gb-1,Fravega,HP,Notebooks,"Notebook HP 15,6"" AMD Ryzen 5 8GB 512GB 15-FC0251LA + Mochila",https://www.fravega.com/p/notebook-hp-15-6-amd-ryzen-5-8gb-512gb-15-fc0251la-mochila-364837/,1899999.0,1099999.0,1,True
FRA-notebook-acer-aspire-lite-amd-ryzen-7-8g,Fravega,ACER,Notebooks,Notebook Acer Aspire Lite AMD Ryzen 7 8GB 512GB AL15-43P-R8B6,https://www.fravega.com/p/notebook-acer-aspire-lite-amd-ryzen-7-8gb-512gb-al15-43p-r8b6-364844/,2499999.0,1249999.0,1,True
FRA-notebook-hp-15-6-amd-ryzen-7-8gb-512gb-1,Fravega,HP,Notebooks,"Notebook HP 15,6"" AMD Ryzen 7 8GB 512GB 15-FC0287LA",https://www.fravega.com/p/notebook-hp-15-6-amd-ryzen-7-8gb-512gb-15-fc0287la-364855/,2999999.0,1599999.0,1,True
FRA-notebook-lenovo-ideapad-slim-3-15-6-amd-,Fravega,LENOVO,Notebooks,"Notebook Lenovo Ideapad Slim 3 15,6” AMD Ryzen 5 8GB 512GB SSD 82XQ00YAAR",https://www.fravega.com/p/notebook-lenovo-ideapad-slim-3-15-6-amd-ryzen-5-8gb-512gb-ssd-82xq00yaar-364950/,2499999.0,1099999.0,1,True
FRA-notebook-exo-r34-intel-n4020-14-1-4gb-ss,Fravega,OTRAS,Notebooks,"Notebook Exo R34 Intel N4020 14,1 4GB SSD 128GB Windows 11",https://www.fravega.com/p/notebook-exo-r34-intel-n4020-14-1-4gb-ssd-128gb-windows-11-20458266/,569999.0,419999.0,1,True
FRA-notebook-lenovo-yoga-slim-7i-aura-editio,Fravega,LENOVO,Notebooks,"Notebook Lenovo Yoga Slim 7i Aura Edition 15,3” Intel Core Ultra 7 32GB 1TB SSD Luna Grey",https://www.fravega.com/p/notebook-lenovo-yoga-slim-7i-aura-edition-15-3-intel-core-ultra-7-32gb-1tb-ssd-luna-grey-364615/,4499999.0,3299999.0,1,True
FRA-notebook-lenovo-15-6-geforce-rtx-3050-am,Fravega,LENOVO,Notebooks,"Notebook Lenovo 15,6"" GeForce RTX 3050 AMD Ryzen 5 16GB 1TB SSD LOQ",https://www.fravega.com/p/notebook-lenovo-15-6-geforce-rtx-3050-amd-ryzen-5-16gb-1tb-ssd-loq-364951/,3999999.0,1999999.0,1,True
FRA-macbook-apple-pro-13-3-m2-8gb-256-ssd-mn,Fravega,APPLE,Notebooks,"MacBook Apple Pro 13,3” M2 8GB 256 SSD MNEJ3LE/A Space Gray",https://www.fravega.com/p/macbook-apple-pro-13-3-m2-8gb-256-ssd-mnej3le-a-space-gray-364677/,3999999.0,3399999.0,1,True
FRA-notebook-lenovo-15-6-intel-core-i5-8gb-5,Fravega,LENOVO,Notebooks,"Notebook Lenovo 15,6"" Intel Core i5 8GB 512GB SSD LOQ 83LK007Q",https://www.fravega.com/p/notebook-lenovo-15-6-intel-core-i5-8gb-512gb-ssd-loq-83lk007q-364725/,2499999.0,1549999.0,1,True
FRA-notebook-asus-vivobook-e1504-intel-n100-,Fravega,LG,Notebooks,Notebook ASUS VIVOBOOK E1504 Intel N100 15.6 Pulg 4GB 256GB Win 11 Pro,https://www.fravega.com/p/notebook-asus-vivobook-e1504-intel-n100-15-6-pulg-4gb-256gb-win-11-pro-990259315/,820899.0,533584.0,1,True
FRA-notebook-asus-vivobook-intel-i3-1315u-8g,Fravega,ASUS,Notebooks,"Notebook Asus Vivobook Intel I3-1315u 8gb Ram 128gb Ssd Pantalla 14"" Fhd Windows 11  Color Quiet Blue",https://www.fravega.com/p/notebook-asus-vivobook-intel-i3-1315u-8gb-ram-128gb-ssd-pantalla-14-fhd-windows-11-color-quiet-blue-22771659/,874999.0,699999.0,1,True
FRA-notebook-hp-gamer-victus-gaming-intel-co,Fravega,HP,Notebooks,Notebook HP Gamer Victus Gaming Intel Core i5 8GB 512GB 15-fa2020la,https://www.fravega.com/p/notebook-hp-gamer-victus-gaming-intel-core-i5-8gb-512gb-15-fa2020la-364723/,2499999.0,1899999.0,1,True
FRA-notebook-enova-14-celeron-n4020-ram-4gb-,Fravega,OTRAS,Notebooks,"Notebook Enova 14"" Celeron N4020 + RAM 4GB + SSD 128GB + Win 11 Home",https://www.fravega.com/p/notebook-enova-14-celeron-n4020-ram-4gb-ssd-128gb-win-11-home-20302029/,477776.67,429999.0,1,True
FRA-notebook-lenovo-legion-slim-16-geforce-r,Fravega,LENOVO,Notebooks,Notebook Lenovo Legion Slim 16” GeForce RTX 4060 AMD Ryzen 7 16GB 512GB SSD 83EX001NAR,https://www.fravega.com/p/notebook-lenovo-legion-slim-16-geforce-rtx-4060-amd-ryzen-7-16gb-512gb-ssd-83ex001nar-364376/,3999999.0,3199999.0,1,True
FRA-notebook-samsung-book4-core-7-150u-512gb,Fravega,SAMSUNG,Notebooks,Notebook Samsung Book4 Core 7 150u 512gb 16gb 15.6 Silver Color Plateado,https://www.fravega.com/p/notebook-samsung-book4-core-7-150u-512gb-16gb-15-6-silver-color-plateado-22696793/,1999999.0,1599999.0,1,True
FRA-apple-macbook-air-13-m2-24gb-512gb-midni,Fravega,APPLE,Notebooks,"Apple Macbook Air 13"" M2 24GB 512GB Midnight",https://www.fravega.com/p/apple-macbook-air-13-m2-24gb-512gb-midnight-22652387/,2964241.05,2816029.0,1,True
FRA-notebook-lenovo-14-intel-core-ultra-5-16,Fravega,LENOVO,Notebooks,Notebook Lenovo 14” Intel Core Ultra 5 16GB 512GB SSD Yoga Slim 7,https://www.fravega.com/p/notebook-lenovo-14-intel-core-ultra-5-16gb-512gb-ssd-yoga-slim-7-364550/,2599999.0,1899999.0,1,True
FRA-notebook-gamer-acer-nitro-v-15-amd-ryzen,Fravega,ACER,Notebooks,Notebook Gamer Acer Nitro V 15 AMD Ryzen 5 8GB 512GB ANV15-41-R6NM,https://www.fravega.com/p/notebook-gamer-acer-nitro-v-15-amd-ryzen-5-8gb-512gb-anv15-41-r6nm-364779/,2499999.0,1899999.0,1,True
FRA-notebook-gadnic-14-pulgadas-intel-celero,Fravega,LG,Notebooks,Notebook Gadnic 14 Pulgadas Intel Celeron N4500 RAM 4GB SSD 128GB Cámara Frontal Con Soporte,https://www.fravega.com/p/notebook-gadnic-14-pulgadas-intel-celeron-n4500-ram-4gb-ssd-128gb-camara-frontal-con-soporte-990284559/,510574.0,392749.0,1,True
FRA-notebook-hp-14-em0002-4gb-ram-128gb-ssd-,Fravega,HP,Notebooks,"Notebook Hp 14-em0002 4gb Ram 128gb Ssd Athlon 7120u 14"" Hd Moonlight Blue",https://www.fravega.com/p/notebook-hp-14-em0002-4gb-ram-128gb-ssd-athlon-7120u-14-hd-moonlight-blue-22819531/,599999.0,449999.0,1,True
FRA-notebook-asus-vivobook-14-ultra-5-120u-1,Fravega,ASUS,Notebooks,Notebook Asus Vivobook 14 Ultra 5 120U 16 GB 1 TB,https://www.fravega.com/p/notebook-asus-vivobook-14-ultra-5-120u-16-gb-1-tb-22719668/,2632933.0,2211664.0,1,True
FRA-notebook-hp-full-hd-15-6-amd-ryzen-3-8gb,Fravega,HP,Notebooks,"Notebook HP Full HD 15,6” AMD Ryzen 3 8GB 512GB 15-fc0237la + Mochila",https://www.fravega.com/p/notebook-hp-full-hd-15-6-amd-ryzen-3-8gb-512gb-15-fc0237la-mochila-364754/,1899999.0,949999.0,1,True
FRA-notebook-hp-14-intel-core-5-8gb-512gb-om,Fravega,HP,Notebooks,"Notebook HP 14"" Intel Core 5 8GB 512GB OmniBook 3 14-HU0050LA",https://www.fravega.com/p/notebook-hp-14-intel-core-5-8gb-512gb-omnibook-3-14-hu0050la-364858/,2999999.0,1299999.0,1,True
FRA-notebook-exo-15-6-amd-ryzen-3-8gb-256gb-,Fravega,OTRAS,Notebooks,"Notebook Exo 15,6"" AMD Ryzen 3 8GB 256GB SSD Windows 11",https://www.fravega.com/p/notebook-exo-15-6-amd-ryzen-3-8gb-256gb-ssd-windows-11-363469/,999999.0,749999.0,1,True
FRA-notebook-hp-15-6-amd-ryzen-3-8gb-512gb-1,Fravega,HP,Notebooks,"Notebook HP 15,6” AMD Ryzen 3 8GB 512GB 15-fc0235la",https://www.fravega.com/p/notebook-hp-15-6-amd-ryzen-3-8gb-512gb-15-fc0235la-364753/,1899999.0,849999.0,1,True
FRA-notebook-acer-aspire-go-15-intel-core-i5,Fravega,ACER,Notebooks,Notebook Acer Aspire Go 15 Intel Core i5 8GB 512GB AG15-71P-5226,https://www.fravega.com/p/notebook-acer-aspire-go-15-intel-core-i5-8gb-512gb-ag15-71p-5226-364755/,1699999.0,1399999.0,1,True
FRA-notebook-hp-255-g10-amd-ryzen-5-7520u-16,Fravega,HP,Notebooks,"Notebook Hp 255 G10 Amd Ryzen 5 7520u 16 Gb 512 Gb 15,6'' Fhd",https://www.fravega.com/p/notebook-hp-255-g10-amd-ryzen-5-7520u-16-gb-512-gb-15-6-fhd-22646474/,1799999.0,1399999.0,1,True
FRA-notebook-hp-15-6-amd-ryzen-5-8gb-512gb-1,Fravega,HP,Notebooks,"Notebook HP 15,6"" AMD Ryzen 5 8GB 512GB 15-FC0251LA + Mochila",https://www.fravega.com/p/notebook-hp-15-6-amd-ryzen-5-8gb-512gb-15-fc0251la-mochila-364837/,1899999.0,1099999.0,1,True
FRA-notebook-acer-aspire-lite-amd-ryzen-7-8g,Fravega,ACER,Notebooks,Notebook Acer Aspire Lite AMD Ryzen 7 8GB 512GB AL15-43P-R8B6,https://www.fravega.com/p/notebook-acer-aspire-lite-amd-ryzen-7-8gb-512gb-al15-43p-r8b6-364844/,2499999.0,1249999.0,1,True
FRA-notebook-hp-15-6-amd-ryzen-7-8gb-512gb-1,Fravega,HP,Notebooks,"Notebook HP 15,6"" AMD Ryzen 7 8GB 512GB 15-FC0287LA",https://www.fravega.com/p/notebook-hp-15-6-amd-ryzen-7-8gb-512gb-15-fc0287la-364855/,2999999.0,1599999.0,1,True
FRA-notebook-lenovo-ideapad-slim-3-15-6-amd-,Fravega,LENOVO,Notebooks,"Notebook Lenovo Ideapad Slim 3 15,6” AMD Ryzen 5 8GB 512GB SSD 82XQ00YAAR",https://www.fravega.com/p/notebook-lenovo-ideapad-slim-3-15-6-amd-ryzen-5-8gb-512gb-ssd-82xq00yaar-364950/,2499999.0,1099999.0,1,True
FRA-notebook-exo-r34-intel-n4020-14-1-4gb-ss,Fravega,OTRAS,Notebooks,"Notebook Exo R34 Intel N4020 14,1 4GB SSD 128GB Windows 11",https://www.fravega.com/p/notebook-exo-r34-intel-n4020-14-1-4gb-ssd-128gb-windows-11-20458266/,569999.0,419999.0,1,True
FRA-notebook-lenovo-yoga-slim-7i-aura-editio,Fravega,LENOVO,Notebooks,"Notebook Lenovo Yoga Slim 7i Aura Edition 15,3” Intel Core Ultra 7 32GB 1TB SSD Luna Grey",https://www.fravega.com/p/notebook-lenovo-yoga-slim-7i-aura-edition-15-3-intel-core-ultra-7-32gb-1tb-ssd-luna-grey-364615/,4499999.0,3299999.0,1,True
FRA-notebook-lenovo-15-6-geforce-rtx-3050-am,Fravega,LENOVO,Notebooks,"Notebook Lenovo 15,6"" GeForce RTX 3050 AMD Ryzen 5 16GB 1TB SSD LOQ",https://www.fravega.com/p/notebook-lenovo-15-6-geforce-rtx-3050-amd-ryzen-5-16gb-1tb-ssd-loq-364951/,3999999.0,1999999.0,1,True
FRA-macbook-apple-pro-13-3-m2-8gb-256-ssd-mn,Fravega,APPLE,Notebooks,"MacBook Apple Pro 13,3” M2 8GB 256 SSD MNEJ3LE/A Space Gray",https://www.fravega.com/p/macbook-apple-pro-13-3-m2-8gb-256-ssd-mnej3le-a-space-gray-364677/,3999999.0,3399999.0,1,True
FRA-notebook-lenovo-15-6-intel-core-i5-8gb-5,Fravega,LENOVO,Notebooks,"Notebook Lenovo 15,6"" Intel Core i5 8GB 512GB SSD LOQ 83LK007Q",https://www.fravega.com/p/notebook-lenovo-15-6-intel-core-i5-8gb-512gb-ssd-loq-83lk007q-364725/,2499999.0,1549999.0,1,True
FRA-notebook-exo-rm84-14-intel-n4020-4gb-ssd,Fravega,OTRAS,Notebooks,Notebook Exo RM84 14 Intel N4020 4GB SSD 128GB W11,https://www.fravega.com/p/notebook-exo-rm84-14-intel-n4020-4gb-ssd-128gb-w11-21194747/,551999.0,439999.0,1,True
FRA-notebook-exo-14-intel-n4020-4gb-128ssd-r,Fravega,OTRAS,Notebooks,Notebook Exo 14´ Intel N4020 4GB 128SSD RX38 Windows 11,https://www.fravega.com/p/notebook-exo-14-intel-n4020-4gb-128ssd-rx38-windows-11-22612161/,459999.0,299999.0,1,True
FRA-notebook-asus-vivobook-x1404va-i3-1315u-,Fravega,ASUS,Notebooks,Notebook Asus Vivobook X1404VA i3-1315U 16 GB 512 GB,https://www.fravega.com/p/notebook-asus-vivobook-x1404va-i3-1315u-16-gb-512-gb-22647107/,1302224.0,1093868.0,1,True
FRA-notebook-lenovo-ideapad-1-15amn7-amd-ryz,Fravega,LENOVO,Notebooks,"Notebook Lenovo Ideapad 1 15AMN7 AMD Ryzen 5 7520U 256GB SSD 8GB 15.6"" ABYSS BLUE",https://www.fravega.com/p/notebook-lenovo-ideapad-1-15amn7-amd-ryzen-5-7520u-256gb-ssd-8gb-15-6-abyss-blue-22745057/,1309999.0,1214999.0,1,True
FRA-notebook-hp-omen-16-ap0000la-amd-ryzen-a,Fravega,HP,Notebooks,Notebook HP OMEN 16-AP0000LA AMD Ryzen AI 5 340 4.8 GHz 16GB 1TB SSD NVIDIA GEFORCE RTX  5050 8GB GDDR7,https://www.fravega.com/p/notebook-hp-omen-16-ap0000la-amd-ryzen-ai-5-340-4-8-ghz-16gb-1tb-ssd-nvidia-geforce-rtx-5050-8gb-gddr7-364695/,4299999.0,3499999.0,1,True
FRA-notebook-lenovo-v15-g4-abp-15-6-fhd-ryze,Fravega,LENOVO,Notebooks,Notebook Lenovo V15 G4 Abp 15.6 Fhd Ryzen 7 7730u 8Gb Ddr4 256Gb Ssd Nvme Windows 11,https://www.fravega.com/p/notebook-lenovo-v15-g4-abp-15-6-fhd-ryzen-7-7730u-8gb-ddr4-256gb-ssd-nvme-windows-11-22737555/,1337999.0,1069999.0,1,True
FRA-notebook-ideapad-slim-3i-10ma-gen-intel-,Fravega,OTRAS,Notebooks,"Notebook Ideapad Slim 3i 10ma Gen Intel Core i5 - 16""",https://www.fravega.com/p/notebook-ideapad-slim-3i-10ma-gen-intel-core-i5-16--22345510/,2349999.0,1469999.0,1,True
FRA-notebook-ideapad-slim-3-15-8va-gen-amd-r,Fravega,OTRAS,Notebooks,"Notebook Ideapad Slim 3 15"" 8va Gen AMD Ryzen 5",https://www.fravega.com/p/notebook-ideapad-slim-3-15-8va-gen-amd-ryzen-5-22492347/,1699999.0,1079999.0,1,True
FRA-notebook-asus-vivobook-x1404va-i3-1315u-,Fravega,ASUS,Notebooks,Notebook Asus Vivobook X1404VA i3-1315U 12 GB 256 GB,https://www.fravega.com/p/notebook-asus-vivobook-x1404va-i3-1315u-12-gb-256-gb-22647102/,1162041.0,976114.0,1,True
FRA-notebook-ideapad-5-2en1-g10-amd-ryzen-ai,Fravega,OTRAS,Notebooks,Notebook IdeaPad 5 2en1 G10 AMD Ryzen AI 7 16GB 512GB+ Lápiz,https://www.fravega.com/p/notebook-ideapad-5-2en1-g10-amd-ryzen-ai-7-16gb-512gb-lapiz-22831970/,2899999.0,1659999.0,1,True
FRA-notebook-enova-14-intel-core-i3-8gb-240-,Fravega,OTRAS,Notebooks,"Notebook ENova 14"" Intel Core i3 8GB 240 GB C141EK3-I3STX",https://www.fravega.com/p/notebook-enova-14-intel-core-i3-8gb-240-gb-c141ek3-i3stx-365039/,1099999.0,749999.0,1,True
FRA-notebook-enova-15-6-amd-ryzen-5-8gb-240-,Fravega,OTRAS,Notebooks,"Notebook ENova 15,6"" AMD Ryzen 5 8GB 240 GB NE15R510-08240W",https://www.fravega.com/p/notebook-enova-15-6-amd-ryzen-5-8gb-240-gb-ne15r510-08240w-365041/,1099999.0,999999.0,1,True
FRA-notebook-hp-x360-14-8gb-512gb-14-ek1011l,Fravega,HP,Notebooks,"Notebook HP X360 14"" 8GB 512GB 14-EK1011LA",https://www.fravega.com/p/notebook-hp-x360-14-8gb-512gb-14-ek1011la-364673/,2049999.0,1599999.0,1,True
FRA-notebook-lenovo-slim-3-tactil-ryzen-7-58,Fravega,LENOVO,Notebooks,"Notebook Lenovo Slim 3 TACTIL Ryzen 7 5825U 16GB 512GB SSD 15.6"" Artic Grey",https://www.fravega.com/p/notebook-lenovo-slim-3-tactil-ryzen-7-5825u-16gb-512gb-ssd-15-6-artic-grey-22745054/,1999999.0,1789999.0,1,True
FRA-notebook-hp-full-hd-15-6-amd-ryzen-3-8gb,Fravega,HP,Notebooks,"Notebook HP Full HD 15,6” AMD Ryzen 3 8GB 512GB 15-fc0237la + Mochila",https://www.fravega.com/p/notebook-hp-full-hd-15-6-amd-ryzen-3-8gb-512gb-15-fc0237la-mochila-364754/,1899999.0,949999.0,1,True
FRA-notebook-hp-14-intel-core-5-8gb-512gb-om,Fravega,HP,Notebooks,"Notebook HP 14"" Intel Core 5 8GB 512GB OmniBook 3 14-HU0050LA",https://www.fravega.com/p/notebook-hp-14-intel-core-5-8gb-512gb-omnibook-3-14-hu0050la-364858/,2999999.0,1299999.0,1,True
FRA-notebook-exo-15-6-amd-ryzen-3-8gb-256gb-,Fravega,OTRAS,Notebooks,"Notebook Exo 15,6"" AMD Ryzen 3 8GB 256GB SSD Windows 11",https://www.fravega.com/p/notebook-exo-15-6-amd-ryzen-3-8gb-256gb-ssd-windows-11-363469/,999999.0,749999.0,1,True
FRA-notebook-hp-15-6-amd-ryzen-3-8gb-512gb-1,Fravega,HP,Notebooks,"Notebook HP 15,6” AMD Ryzen 3 8GB 512GB 15-fc0235la",https://www.fravega.com/p/notebook-hp-15-6-amd-ryzen-3-8gb-512gb-15-fc0235la-364753/,1899999.0,849999.0,1,True
FRA-notebook-acer-aspire-go-15-intel-core-i5,Fravega,ACER,Notebooks,Notebook Acer Aspire Go 15 Intel Core i5 8GB 512GB AG15-71P-5226,https://www.fravega.com/p/notebook-acer-aspire-go-15-intel-core-i5-8gb-512gb-ag15-71p-5226-364755/,1699999.0,1399999.0,1,True
FRA-notebook-hp-255-g10-amd-ryzen-5-7520u-16,Fravega,HP,Notebooks,"Notebook Hp 255 G10 Amd Ryzen 5 7520u 16 Gb 512 Gb 15,6'' Fhd",https://www.fravega.com/p/notebook-hp-255-g10-amd-ryzen-5-7520u-16-gb-512-gb-15-6-fhd-22646474/,1799999.0,1399999.0,1,True
FRA-notebook-hp-15-6-amd-ryzen-5-8gb-512gb-1,Fravega,HP,Notebooks,"Notebook HP 15,6"" AMD Ryzen 5 8GB 512GB 15-FC0251LA + Mochila",https://www.fravega.com/p/notebook-hp-15-6-amd-ryzen-5-8gb-512gb-15-fc0251la-mochila-364837/,1899999.0,1099999.0,1,True
FRA-notebook-acer-aspire-lite-amd-ryzen-7-8g,Fravega,ACER,Notebooks,Notebook Acer Aspire Lite AMD Ryzen 7 8GB 512GB AL15-43P-R8B6,https://www.fravega.com/p/notebook-acer-aspire-lite-amd-ryzen-7-8gb-512gb-al15-43p-r8b6-364844/,2499999.0,1249999.0,1,True
FRA-notebook-hp-15-6-amd-ryzen-7-8gb-512gb-1,Fravega,HP,Notebooks,"Notebook HP 15,6"" AMD Ryzen 7 8GB 512GB 15-FC0287LA",https://www.fravega.com/p/notebook-hp-15-6-amd-ryzen-7-8gb-512gb-15-fc0287la-364855/,2999999.0,1599999.0,1,True
FRA-notebook-lenovo-ideapad-slim-3-15-6-amd-,Fravega,LENOVO,Notebooks,"Notebook Lenovo Ideapad Slim 3 15,6” AMD Ryzen 5 8GB 512GB SSD 82XQ00YAAR",https://www.fravega.com/p/notebook-lenovo-ideapad-slim-3-15-6-amd-ryzen-5-8gb-512gb-ssd-82xq00yaar-364950/,2499999.0,1099999.0,1,True
FRA-notebook-exo-r34-intel-n4020-14-1-4gb-ss,Fravega,OTRAS,Notebooks,"Notebook Exo R34 Intel N4020 14,1 4GB SSD 128GB Windows 11",https://www.fravega.com/p/notebook-exo-r34-intel-n4020-14-1-4gb-ssd-128gb-windows-11-20458266/,569999.0,419999.0,1,True
FRA-notebook-lenovo-yoga-slim-7i-aura-editio,Fravega,LENOVO,Notebooks,"Notebook Lenovo Yoga Slim 7i Aura Edition 15,3” Intel Core Ultra 7 32GB 1TB SSD Luna Grey",https://www.fravega.com/p/notebook-lenovo-yoga-slim-7i-aura-edition-15-3-intel-core-ultra-7-32gb-1tb-ssd-luna-grey-364615/,4499999.0,3299999.0,1,True
FRA-notebook-lenovo-15-6-geforce-rtx-3050-am,Fravega,LENOVO,Notebooks,"Notebook Lenovo 15,6"" GeForce RTX 3050 AMD Ryzen 5 16GB 1TB SSD LOQ",https://www.fravega.com/p/notebook-lenovo-15-6-geforce-rtx-3050-amd-ryzen-5-16gb-1tb-ssd-loq-364951/,3999999.0,1999999.0,1,True
FRA-macbook-apple-pro-13-3-m2-8gb-256-ssd-mn,Fravega,APPLE,Notebooks,"MacBook Apple Pro 13,3” M2 8GB 256 SSD MNEJ3LE/A Space Gray",https://www.fravega.com/p/macbook-apple-pro-13-3-m2-8gb-256-ssd-mnej3le-a-space-gray-364677/,3999999.0,3399999.0,1,True
FRA-notebook-lenovo-15-6-intel-core-i5-8gb-5,Fravega,LENOVO,Notebooks,"Notebook Lenovo 15,6"" Intel Core i5 8GB 512GB SSD LOQ 83LK007Q",https://www.fravega.com/p/notebook-lenovo-15-6-intel-core-i5-8gb-512gb-ssd-loq-83lk007q-364725/,2499999.0,1549999.0,1,True
FRA-notebook-lenovo-ideapad-1-ryzen-5-7520u-,Fravega,LENOVO,Notebooks,Notebook Lenovo Ideapad 1 Ryzen 5 7520u 8gb 256gb Azul 15.6,https://www.fravega.com/p/notebook-lenovo-ideapad-1-ryzen-5-7520u-8gb-256gb-azul-15-6-22809985/,1125000.0,990000.0,1,True
FRA-notebook-hp-core-i5-1334u-16gb-ram-512gb,Fravega,HP,Notebooks,"Notebook HP Core i5 1334U 16GB RAM 512GB SSD Touchscreen 15.6"" Windows 11",https://www.fravega.com/p/notebook-hp-core-i5-1334u-16gb-ram-512gb-ssd-touchscreen-15-6-windows-11-22845532/,2500000.0,1999999.0,1,True
FRA-notebook-enova-14-intel-core-i3-8gb-240-,Fravega,OTRAS,Notebooks,"Notebook ENova 14"" Intel Core i3 8GB 240 GB C141EK3-I3STX",https://www.fravega.com/p/notebook-enova-14-intel-core-i3-8gb-240-gb-c141ek3-i3stx-365039/,1099999.0,749999.0,1,True
FRA-notebook-lenovo-yoga-7-14-amd-ryzen-5-8g,Fravega,LENOVO,Notebooks,Notebook Lenovo Yoga 7 14” AMD Ryzen 5 8GB 512GB SSD 83DK006HAR,https://www.fravega.com/p/notebook-lenovo-yoga-7-14-amd-ryzen-5-8gb-512gb-ssd-83dk006har-364564/,2399999.0,1999999.0,1,True
FRA-notebook-exo-r38-amd-ryzen-3-8gb-ram-480,Fravega,OTRAS,Notebooks,"Notebook Exo R38 Amd Ryzen 3 8gb Ram 480gb Ssd 15,6"" Windows 11 Color Gris",https://www.fravega.com/p/notebook-exo-r38-amd-ryzen-3-8gb-ram-480gb-ssd-15-6-windows-11-color-gris-22492530/,1509999.0,1259999.0,1,True
FRA-notebook-hp-victus-ryzen-7-7445hs-rtx-40,Fravega,HP,Notebooks,Notebook HP Victus Ryzen 7 7445hs RTX 4050 16GB DDR5 512gb SSD,https://www.fravega.com/p/notebook-hp-victus-ryzen-7-7445hs-rtx-4050-16gb-ddr5-512gb-ssd-22606878/,2877438.0,2417048.0,1,True
FRA-notebook-asus-vivobook-x1404va-i3-1315u-,Fravega,ASUS,Notebooks,Notebook Asus Vivobook X1404VA i3-1315U 16 GB 512 GB,https://www.fravega.com/p/notebook-asus-vivobook-x1404va-i3-1315u-16-gb-512-gb-22649716/,1565898.0,1299999.0,1,True
FRA-notebook-asus-vivobook-x1404va-i3-1315u-,Fravega,ASUS,Notebooks,Notebook Asus Vivobook X1404VA i3-1315U 12 GB 512 GB,https://www.fravega.com/p/notebook-asus-vivobook-x1404va-i3-1315u-12-gb-512-gb-22652418/,1494922.0,1255734.0,1,True
FRA-notebook-asus-vivobook-14-ultra-5-120u-1,Fravega,ASUS,Notebooks,Notebook Asus Vivobook 14 Ultra 5 120U 16 GB 512 GB,https://www.fravega.com/p/notebook-asus-vivobook-14-ultra-5-120u-16-gb-512-gb-22719680/,2384445.0,2002934.0,1,True
FRA-lenovo-ideapad-slim-3-15-6-ryzen-5-7520u,Fravega,LENOVO,Notebooks,"LENOVO IDEAPAD SLIM 3 15,6"" RYZEN 5 7520U 8GB 256GB SSD - ARCTIC GREY",https://www.fravega.com/p/lenovo-ideapad-slim-3-15-6-ryzen-5-7520u-8gb-256gb-ssd-arctic-grey-22743435/,1100000.0,990000.0,1,True
FRA-notebook-acer-nitro-v15-15-6-geforce-rtx,Fravega,ACER,Notebooks,"Notebook Acer Nitro V15 15,6” GeForce RTX 3050 Intel Core i5 8 Núcleos 8GB 512GB SSD",https://www.fravega.com/p/notebook-acer-nitro-v15-15-6-geforce-rtx-3050-intel-core-i5-8-nucleos-8gb-512gb-ssd-364617/,2699999.0,2599999.0,1,True
FRA-notebook-asus-vivobook-16-i7-1355u-16-gb,Fravega,ASUS,Notebooks,Notebook Asus Vivobook 16 i7-1355U 16 GB 1 TB,https://www.fravega.com/p/notebook-asus-vivobook-16-i7-1355u-16-gb-1-tb-22719637/,2247352.0,1887776.0,1,True
FRA-notebook-lenovo-slim-3-tactil-ryzen-7-58,Fravega,LENOVO,Notebooks,"Notebook Lenovo Slim 3 TACTIL Ryzen 7 5825U 16GB 512GB SSD 15.6"" Artic Grey",https://www.fravega.com/p/notebook-lenovo-slim-3-tactil-ryzen-7-5825u-16gb-512gb-ssd-15-6-artic-grey-22745043/,1999999.0,1589999.0,1,True
FRA-notebook-lenovo-slim-3-tactil-ryzen-7-58,Fravega,LENOVO,Notebooks,"Notebook Lenovo Slim 3 TACTIL Ryzen 7 5825U 16GB 512GB SSD 15.6"" Artic Grey",https://www.fravega.com/p/notebook-lenovo-slim-3-tactil-ryzen-7-5825u-16gb-512gb-ssd-15-6-artic-grey-22745051/,1999999.0,1669999.0,1,True
FRA-notebook-dell-15-dc15250-i5-1334u-16-gb-,Fravega,DELL,Notebooks,Notebook Dell 15 DC15250 i5-1334U 16 GB 512 GB TÁCTIL,https://www.fravega.com/p/notebook-dell-15-dc15250-i5-1334u-16-gb-512-gb-tactil-22802550/,1810572.0,1520880.0,1,True
FRA-notebook-hp-full-hd-15-6-amd-ryzen-3-8gb,Fravega,HP,Notebooks,"Notebook HP Full HD 15,6” AMD Ryzen 3 8GB 512GB 15-fc0237la + Mochila",https://www.fravega.com/p/notebook-hp-full-hd-15-6-amd-ryzen-3-8gb-512gb-15-fc0237la-mochila-364754/,1899999.0,949999.0,1,True
FRA-notebook-hp-14-intel-core-5-8gb-512gb-om,Fravega,HP,Notebooks,"Notebook HP 14"" Intel Core 5 8GB 512GB OmniBook 3 14-HU0050LA",https://www.fravega.com/p/notebook-hp-14-intel-core-5-8gb-512gb-omnibook-3-14-hu0050la-364858/,2999999.0,1299999.0,1,True
FRA-notebook-exo-15-6-amd-ryzen-3-8gb-256gb-,Fravega,OTRAS,Notebooks,"Notebook Exo 15,6"" AMD Ryzen 3 8GB 256GB SSD Windows 11",https://www.fravega.com/p/notebook-exo-15-6-amd-ryzen-3-8gb-256gb-ssd-windows-11-363469/,999999.0,749999.0,1,True
FRA-notebook-hp-15-6-amd-ryzen-3-8gb-512gb-1,Fravega,HP,Notebooks,"Notebook HP 15,6” AMD Ryzen 3 8GB 512GB 15-fc0235la",https://www.fravega.com/p/notebook-hp-15-6-amd-ryzen-3-8gb-512gb-15-fc0235la-364753/,1899999.0,849999.0,1,True
FRA-notebook-acer-aspire-go-15-intel-core-i5,Fravega,ACER,Notebooks,Notebook Acer Aspire Go 15 Intel Core i5 8GB 512GB AG15-71P-5226,https://www.fravega.com/p/notebook-acer-aspire-go-15-intel-core-i5-8gb-512gb-ag15-71p-5226-364755/,1699999.0,1399999.0,1,True
FRA-notebook-hp-255-g10-amd-ryzen-5-7520u-16,Fravega,HP,Notebooks,"Notebook Hp 255 G10 Amd Ryzen 5 7520u 16 Gb 512 Gb 15,6'' Fhd",https://www.fravega.com/p/notebook-hp-255-g10-amd-ryzen-5-7520u-16-gb-512-gb-15-6-fhd-22646474/,1799999.0,1399999.0,1,True
FRA-notebook-hp-15-6-amd-ryzen-5-8gb-512gb-1,Fravega,HP,Notebooks,"Notebook HP 15,6"" AMD Ryzen 5 8GB 512GB 15-FC0251LA + Mochila",https://www.fravega.com/p/notebook-hp-15-6-amd-ryzen-5-8gb-512gb-15-fc0251la-mochila-364837/,1899999.0,1099999.0,1,True
FRA-notebook-acer-aspire-lite-amd-ryzen-7-8g,Fravega,ACER,Notebooks,Notebook Acer Aspire Lite AMD Ryzen 7 8GB 512GB AL15-43P-R8B6,https://www.fravega.com/p/notebook-acer-aspire-lite-amd-ryzen-7-8gb-512gb-al15-43p-r8b6-364844/,2499999.0,1249999.0,1,True
FRA-notebook-hp-15-6-amd-ryzen-7-8gb-512gb-1,Fravega,HP,Notebooks,"Notebook HP 15,6"" AMD Ryzen 7 8GB 512GB 15-FC0287LA",https://www.fravega.com/p/notebook-hp-15-6-amd-ryzen-7-8gb-512gb-15-fc0287la-364855/,2999999.0,1599999.0,1,True
FRA-notebook-lenovo-ideapad-slim-3-15-6-amd-,Fravega,LENOVO,Notebooks,"Notebook Lenovo Ideapad Slim 3 15,6” AMD Ryzen 5 8GB 512GB SSD 82XQ00YAAR",https://www.fravega.com/p/notebook-lenovo-ideapad-slim-3-15-6-amd-ryzen-5-8gb-512gb-ssd-82xq00yaar-364950/,2499999.0,1099999.0,1,True
FRA-notebook-exo-r34-intel-n4020-14-1-4gb-ss,Fravega,OTRAS,Notebooks,"Notebook Exo R34 Intel N4020 14,1 4GB SSD 128GB Windows 11",https://www.fravega.com/p/notebook-exo-r34-intel-n4020-14-1-4gb-ssd-128gb-windows-11-20458266/,569999.0,419999.0,1,True
FRA-notebook-lenovo-yoga-slim-7i-aura-editio,Fravega,LENOVO,Notebooks,"Notebook Lenovo Yoga Slim 7i Aura Edition 15,3” Intel Core Ultra 7 32GB 1TB SSD Luna Grey",https://www.fravega.com/p/notebook-lenovo-yoga-slim-7i-aura-edition-15-3-intel-core-ultra-7-32gb-1tb-ssd-luna-grey-364615/,4499999.0,3299999.0,1,True
FRA-notebook-lenovo-15-6-geforce-rtx-3050-am,Fravega,LENOVO,Notebooks,"Notebook Lenovo 15,6"" GeForce RTX 3050 AMD Ryzen 5 16GB 1TB SSD LOQ",https://www.fravega.com/p/notebook-lenovo-15-6-geforce-rtx-3050-amd-ryzen-5-16gb-1tb-ssd-loq-364951/,3999999.0,1999999.0,1,True
FRA-macbook-apple-pro-13-3-m2-8gb-256-ssd-mn,Fravega,APPLE,Notebooks,"MacBook Apple Pro 13,3” M2 8GB 256 SSD MNEJ3LE/A Space Gray",https://www.fravega.com/p/macbook-apple-pro-13-3-m2-8gb-256-ssd-mnej3le-a-space-gray-364677/,3999999.0,3399999.0,1,True
FRA-notebook-lenovo-15-6-intel-core-i5-8gb-5,Fravega,LENOVO,Notebooks,"Notebook Lenovo 15,6"" Intel Core i5 8GB 512GB SSD LOQ 83LK007Q",https://www.fravega.com/p/notebook-lenovo-15-6-intel-core-i5-8gb-512gb-ssd-loq-83lk007q-364725/,2499999.0,1549999.0,1,True
FRA-notebook-laptop-hp-omnibook-5-16-2k-amd-,Fravega,HP,Notebooks,Notebook Laptop Hp Omnibook 5 16 2k Amd Ryzen Ai 7 350 16gb Ram 512gb Ssd - Glacier Silver -  HP-16-AG1070WM,https://www.fravega.com/p/notebook-laptop-hp-omnibook-5-16-2k-amd-ryzen-ai-7-350-16gb-ram-512gb-ssd-glacier-silver-hp-16-ag1070wm--22810190/,1899999.0,1666999.0,1,True
FRA-notebook-acer-aspire-go-15-ryzen-7-7730u,Fravega,ACER,Notebooks,Notebook Acer Aspire Go 15 Ryzen 7 7730U 16GB 512GB 15.6? FHD Silver Windows 11,https://www.fravega.com/p/notebook-acer-aspire-go-15-ryzen-7-7730u-16gb-512gb-15-6-fhd-silver-windows-11-22828083/,1687999.0,1349999.0,1,True
FRA-hp-omnibook-5-16-ag1070-ryzen-ai-7-350-5,Fravega,HP,Notebooks,"HP OmniBook 5 16-AG1070 Ryzen AI 7 350 512GB SSD 16GB 16"" WIN11 IR GLACIER SILVER",https://www.fravega.com/p/hp-omnibook-5-16-ag1070-ryzen-ai-7-350-512gb-ssd-16gb-16-win11-ir-glacier-silver-22829488/,2949999.0,2099999.0,1,True
FRA-macbook-apple-air-13-3-m1-8gb-256-ssd-mg,Fravega,APPLE,Notebooks,"MacBook Apple Air 13,3” M1 8GB 256 SSD MGN63LE/A Space Gray",https://www.fravega.com/p/macbook-apple-air-13-3-m1-8gb-256-ssd-mgn63le-a-space-gray-364691/,3199999.0,2599999.0,1,True
FRA-notebook-ideapad-slim-5i-16-10ma-gen-int,Fravega,OTRAS,Notebooks,"Notebook Ideapad Slim 5i 16"" 10ma Gen Intel Core i7 16GB 1TB",https://www.fravega.com/p/notebook-ideapad-slim-5i-16-10ma-gen-intel-core-i7-16gb-1tb-22479064/,3289999.0,1939999.0,1,True
FRA-notebook-philco-14-amd-ryzen-3-3200u-4gb,Fravega,PHILCO,Notebooks,"Notebook Philco 14"" AMD Ryzen 3-3200U 4GB 128GB SSD Windows 11 Home N14PR3200",https://www.fravega.com/p/notebook-philco-14-amd-ryzen-3-3200u-4gb-128gb-ssd-windows-11-home-n14pr3200-990228710/,976799.0,556999.0,1,True
FRA-dell-vostro-3530-15-6-i7-1355u-16gb-512g,Fravega,DELL,Notebooks,"DELL VOSTRO 3530 15,6"" I7 1355U 16GB 512GB – BLACK - 35301316512",https://www.fravega.com/p/dell-vostro-3530-15-6-i7-1355u-16gb-512gb--black-35301316512-22578566/,1799999.0,1569575.7,1,True
FRA-hp-gamer-core-i5-1334u-16gb-ram-512gb-ss,Fravega,HP,Notebooks,"HP Gamer Core i5 1334U 16GB RAM 512GB SSD 15,6 FHD Silver Notebook con Windows 11",https://www.fravega.com/p/hp-gamer-core-i5-1334u-16gb-ram-512gb-ssd-15-6-fhd-silver-notebook-con-windows-11-990249849/,2197800.0,1486667.0,1,True
FRA-notebook-asus-vivobook-go-15-6-fhd-n100-,Fravega,ASUS,Notebooks,"Notebook Asus Vivobook Go 15.6"" FHD N100 4GB 128GB UFS 2.1 Windows 11 E1504GA-BQ346W",https://www.fravega.com/p/notebook-asus-vivobook-go-15-6-fhd-n100-4gb-128gb-ufs-2-1-windows-11-e1504ga-bq346w-990250705/,1233099.0,699999.0,1,True
FRA-notebook-zenit-pro-ny-1025-8256-intel-co,Fravega,OTRAS,Notebooks,Notebook Zenit Pro NY-1025-8256 | Intel Core i3 | 8GB RAM | 256GB SSD |,https://www.fravega.com/p/notebook-zenit-pro-ny-1025-8256-intel-core-i3-8gb-ram-256gb-ssd--22620478/,749999.0,619833.88,1,True
FRA-notebook-lenovo-thinkpad-l16-ryzen-7-pro,Fravega,LENOVO,Notebooks,"Notebook Lenovo ThinkPad L16 Ryzen 7 PRO 16GB RAM 512GB SSD 16"" G2 Sin Windows",https://www.fravega.com/p/notebook-lenovo-thinkpad-l16-ryzen-7-pro-16gb-ram-512gb-ssd-16-g2-sin-windows-990257337/,3119995.13,2495996.1,1,True
FRA-notebook-samsung-galaxy-book-4-i38gb-ram,Fravega,SAMSUNG,Notebooks,Notebook Samsung Galaxy Book 4 I38GB RAM 256GB SSD,https://www.fravega.com/p/notebook-samsung-galaxy-book-4-i38gb-ram-256gb-ssd-990264071/,1952079.0,1501598.99,1,True
FRA-notebook-hp-victus-15-fb3093dx-r7-7445hs,Fravega,HP,Notebooks,Notebook Hp Victus 15-FB3093DX R7 7445HS 16 GB 1 TB,https://www.fravega.com/p/notebook-hp-victus-15-fb3093dx-r7-7445hs-16-gb-1-tb-22653068/,3103206.0,2606693.0,1,True
FRA-notebook-lenovo-yoga-7-2en1-g10-core-ult,Fravega,LENOVO,Notebooks,Notebook Lenovo Yoga 7 2en1 G10 Core Ultra 7 32GB 1TB + AI,https://www.fravega.com/p/notebook-lenovo-yoga-7-2en1-g10-core-ultra-7-32gb-1tb-ai-22657020/,4499999.0,3599999.0,1,True
FRA-notebook-lenovo-15-6-r5-7520u-16gb-ssd51,Fravega,LENOVO,Notebooks,Notebook Lenovo 15.6 R5-7520U 16GB SSD512GB IDEA PAD S3 Win11Home,https://www.fravega.com/p/notebook-lenovo-15-6-r5-7520u-16gb-ssd512gb-idea-pad-s3-win11home-22701149/,2703999.0,1703599.0,1,True
FRA-playstation-5-ps5-digital-bundle-2-astro,Fravega,OTRAS,Gaming y Videojuegos,Playstation 5 Ps5 Digital Bundle 2 Astro+GT7,https://www.fravega.com/p/playstation-5-ps5-digital-bundle-2-astro-gt7-342823/,1399999.0,1157023.97,1,True
FRA-nintendo-switch-2-mario-kart-world-bundl,Fravega,OTRAS,Gaming y Videojuegos,Nintendo Switch 2 + Mario Kart World Bundle,https://www.fravega.com/p/nintendo-switch-2-mario-kart-world-bundle-342650/,1499999.0,1349999.0,1,True
FRA-playstation-5-ps5-sony-consola-con-astro,Fravega,SONY,Gaming y Videojuegos,PlayStation 5 Ps5 Sony Consola con ASTRO BOT y Gran Turismo 7 Standar Bundle 2,https://www.fravega.com/p/playstation-5-ps5-sony-consola-con-astro-bot-y-gran-turismo-7-standar-bundle-2-342559/,1499999.0,1239668.6,1,True
FRA-lectora-disco-consola-sony-playstation-5,Fravega,SONY,Gaming y Videojuegos,Lectora Disco Consola Sony Playstation 5 Ps5 Digital,https://www.fravega.com/p/lectora-disco-consola-sony-playstation-5-ps5-digital-22659520/,297250.0,222938.0,1,True
FRA-auriculares-gamer-jbl-quantum-250-negro-,Fravega,OTRAS,Gaming y Videojuegos,Auriculares Gamer JBL Quantum 250 Negro,https://www.fravega.com/p/auriculares-gamer-jbl-quantum-250-negro-342544/,139999.0,114999.0,1,True
FRA-sega-hdmi-688-juegos-2-joysticks-inalamb,Fravega,OTRAS,Gaming y Videojuegos,Sega Hdmi 688 Juegos 2 Joysticks Inalambricos,https://www.fravega.com/p/sega-hdmi-688-juegos-2-joysticks-inalambricos-21313129/,64999.0,39999.0,1,True
FRA-nintendo-switch-oled-super-mario-bros-wo,Fravega,OTRAS,Gaming y Videojuegos,Nintendo Switch OLED + Super Mario Bros. Wonder + 3mo NSO,https://www.fravega.com/p/nintendo-switch-oled-super-mario-bros-wonder-3mo-nso-342672/,999999.0,799999.0,1,True
FRA-auriculares-jbl-quantum-100m2-violet-342,Fravega,OTRAS,Gaming y Videojuegos,Auriculares JBL Quantum 100M2 Violet,https://www.fravega.com/p/auriculares-jbl-quantum-100m2-violet-342579/,89999.0,79999.0,1,True
FRA-consola-family-pocket-mini-usb-rca-joyst,Fravega,OTRAS,Gaming y Videojuegos,Consola Family Pocket Mini Usb Rca Joysticks Inalambricos,https://www.fravega.com/p/consola-family-pocket-mini-usb-rca-joysticks-inalambricos-21313063/,49999.0,26999.0,1,True
FRA-auriculares-jbl-quantum-100m2-blanco-342,Fravega,OTRAS,Gaming y Videojuegos,Auriculares JBL Quantum 100M2 Blanco,https://www.fravega.com/p/auriculares-jbl-quantum-100m2-blanco-342552/,89999.0,79999.0,1,True
FRA-joystick-blanco-compatible-con-control-p,Fravega,OTRAS,Gaming y Videojuegos,Joystick Blanco Compatible con Control PC P3 Inalambrico Dehuka,https://www.fravega.com/p/joystick-blanco-compatible-con-control-pc-p3-inalambrico-dehuka-22084744/,48658.42,39291.66,1,True
FRA-consola-de-juegos-retro-portatil-sup-gam,Fravega,OTRAS,Gaming y Videojuegos,Consola de Juegos retro portátil sup game 400 en 1,https://www.fravega.com/p/consola-de-juegos-retro-portatil-sup-game-400-1--21195321/,45999.0,33999.0,1,True
FRA-auriculares-jbl-quantum-100m2-negro-3425,Fravega,OTRAS,Gaming y Videojuegos,Auriculares JBL Quantum 100M2 Negro,https://www.fravega.com/p/auriculares-jbl-quantum-100m2-negro-342520/,89999.0,79999.0,1,True
FRA-control-inalambrico-ps5-dualsense-white-,Fravega,OTRAS,Gaming y Videojuegos,Control Inalámbrico PS5 Dualsense White,https://www.fravega.com/p/control-inalambrico-ps5-dualsense-white-342582/,174999.0,149999.0,1,True
FRA-consola-game-tv-stick-35-000-juegos-conv,Fravega,OTRAS,Gaming y Videojuegos,Consola Game Tv Stick +35.000 juegos +Converti en Smart  LA TV +2 Joystick  Android Tv Full 5G 8K 1año garantia,https://www.fravega.com/p/consola-game-tv-stick-35-000-juegos-converti-smart-la-tv-2-joystick-android-tv-full-5g-8k-1ano-garantia-22059842/,199999.0,139999.0,1,True
FRA-pc-gamer-ryzen-7-5700g-32gb-ram-480gb-ss,Fravega,OTRAS,Gaming y Videojuegos,PC GAMER RYZEN 7 5700G + 32GB RAM + 480GB SSD – GRAPHICS VEGA + PLACA WIFI,https://www.fravega.com/p/pc-gamer-ryzen-7-5700g-32gb-ram-480gb-ssd--graphics-vega-placa-wifi-21195293/,1851176.0,1464050.0,1,True
FRA-ps5-portatil--342101,Fravega,OTRAS,Gaming y Videojuegos,Ps5 Portátil,https://www.fravega.com/p/ps5-portatil--342101/,630999.0,521486.78,1,True
FRA-joystick-ps5-sony-dualsense-midnight-bla,Fravega,SONY,Gaming y Videojuegos,Joystick Ps5 Sony DualSense Midnight Black,https://www.fravega.com/p/joystick-ps5-sony-dualsense-midnight-black-342526/,174999.0,149999.0,1,True
FRA-joystick-para-ps4-negro-inalambrico-negr,Fravega,OTRAS,Gaming y Videojuegos,Joystick Para Ps4 Negro Inalambrico Negro,https://www.fravega.com/p/joystick-para-ps4-negro-inalambrico-negro-22714834/,54999.0,34999.0,1,True
FRA-lona-2-x-3-metros-cobertor-impermeable-c,Fravega,OTRAS,Gaming y Videojuegos,Lona 2 X 3 Metros Cobertor Impermeable Con Ojales Aluminio Azul,https://www.fravega.com/p/lona-2-x-3-metros-cobertor-impermeable-con-ojales-aluminio-azul-22724632/,20302.8,16389.0,1,True
FRA-joystick-ps5-inalambrico-sony-playstatio,Fravega,SONY,Gaming y Videojuegos,Joystick PS5 Inalámbrico Sony PlayStation 5 DualSense Blanco,https://www.fravega.com/p/joystick-ps5-inalambrico-sony-playstation-5-dualsense-blanco-990005985/,189999.0,149999.01,1,True
FRA-tv-box-stick-8k-smart-tv-con-2-joystick-,Fravega,OTRAS,Gaming y Videojuegos,TV Box Stick 8K Smart tv con 2 Joystick + MIles de Juegos,https://www.fravega.com/p/tv-box-stick-8k-smart-tv-con-2-joystick-miles-de-juegos-21923185/,119999.0,76999.0,1,True
FRA-juego-ps4-fc26-ea-sports--342736,Fravega,OTRAS,Gaming y Videojuegos,Juego PS4 FC26 EA Sports,https://www.fravega.com/p/juego-ps4-fc26-ea-sports--342736/,169999.0,140495.04,1,True
FRA-joystick-ps5-inalambrico-sony-playstatio,Fravega,SONY,Gaming y Videojuegos,Joystick Ps5 Inalámbrico Sony Playstation 5 Dualsense Cosmic Red,https://www.fravega.com/p/joystick-ps5-inalambrico-sony-playstation-5-dualsense-cosmic-red-990006102/,219999.0,149999.01,1,True
FRA-playstation-5-ps5-digital-bundle-2-astro,Fravega,OTRAS,Gaming y Videojuegos,Playstation 5 Ps5 Digital Bundle 2 Astro+GT7,https://www.fravega.com/p/playstation-5-ps5-digital-bundle-2-astro-gt7-342823/,1399999.0,1157023.97,1,True
FRA-nintendo-switch-2-mario-kart-world-bundl,Fravega,OTRAS,Gaming y Videojuegos,Nintendo Switch 2 + Mario Kart World Bundle,https://www.fravega.com/p/nintendo-switch-2-mario-kart-world-bundle-342650/,1499999.0,1349999.0,1,True
FRA-playstation-5-ps5-sony-consola-con-astro,Fravega,SONY,Gaming y Videojuegos,PlayStation 5 Ps5 Sony Consola con ASTRO BOT y Gran Turismo 7 Standar Bundle 2,https://www.fravega.com/p/playstation-5-ps5-sony-consola-con-astro-bot-y-gran-turismo-7-standar-bundle-2-342559/,1499999.0,1239668.6,1,True
FRA-lectora-disco-consola-sony-playstation-5,Fravega,SONY,Gaming y Videojuegos,Lectora Disco Consola Sony Playstation 5 Ps5 Digital,https://www.fravega.com/p/lectora-disco-consola-sony-playstation-5-ps5-digital-22659520/,297250.0,222938.0,1,True
FRA-auriculares-gamer-jbl-quantum-250-negro-,Fravega,OTRAS,Gaming y Videojuegos,Auriculares Gamer JBL Quantum 250 Negro,https://www.fravega.com/p/auriculares-gamer-jbl-quantum-250-negro-342544/,139999.0,114999.0,1,True
FRA-sega-hdmi-688-juegos-2-joysticks-inalamb,Fravega,OTRAS,Gaming y Videojuegos,Sega Hdmi 688 Juegos 2 Joysticks Inalambricos,https://www.fravega.com/p/sega-hdmi-688-juegos-2-joysticks-inalambricos-21313129/,64999.0,39999.0,1,True
FRA-nintendo-switch-oled-super-mario-bros-wo,Fravega,OTRAS,Gaming y Videojuegos,Nintendo Switch OLED + Super Mario Bros. Wonder + 3mo NSO,https://www.fravega.com/p/nintendo-switch-oled-super-mario-bros-wonder-3mo-nso-342672/,999999.0,799999.0,1,True
FRA-auriculares-jbl-quantum-100m2-violet-342,Fravega,OTRAS,Gaming y Videojuegos,Auriculares JBL Quantum 100M2 Violet,https://www.fravega.com/p/auriculares-jbl-quantum-100m2-violet-342579/,89999.0,79999.0,1,True
FRA-consola-family-pocket-mini-usb-rca-joyst,Fravega,OTRAS,Gaming y Videojuegos,Consola Family Pocket Mini Usb Rca Joysticks Inalambricos,https://www.fravega.com/p/consola-family-pocket-mini-usb-rca-joysticks-inalambricos-21313063/,49999.0,26999.0,1,True
FRA-auriculares-jbl-quantum-100m2-blanco-342,Fravega,OTRAS,Gaming y Videojuegos,Auriculares JBL Quantum 100M2 Blanco,https://www.fravega.com/p/auriculares-jbl-quantum-100m2-blanco-342552/,89999.0,79999.0,1,True
FRA-joystick-blanco-compatible-con-control-p,Fravega,OTRAS,Gaming y Videojuegos,Joystick Blanco Compatible con Control PC P3 Inalambrico Dehuka,https://www.fravega.com/p/joystick-blanco-compatible-con-control-pc-p3-inalambrico-dehuka-22084744/,48658.42,39291.66,1,True
FRA-consola-de-juegos-retro-portatil-sup-gam,Fravega,OTRAS,Gaming y Videojuegos,Consola de Juegos retro portátil sup game 400 en 1,https://www.fravega.com/p/consola-de-juegos-retro-portatil-sup-game-400-1--21195321/,45999.0,33999.0,1,True
FRA-auriculares-jbl-quantum-100m2-negro-3425,Fravega,OTRAS,Gaming y Videojuegos,Auriculares JBL Quantum 100M2 Negro,https://www.fravega.com/p/auriculares-jbl-quantum-100m2-negro-342520/,89999.0,79999.0,1,True
FRA-control-inalambrico-ps5-dualsense-white-,Fravega,OTRAS,Gaming y Videojuegos,Control Inalámbrico PS5 Dualsense White,https://www.fravega.com/p/control-inalambrico-ps5-dualsense-white-342582/,174999.0,149999.0,1,True
FRA-consola-game-tv-stick-35-000-juegos-conv,Fravega,OTRAS,Gaming y Videojuegos,Consola Game Tv Stick +35.000 juegos +Converti en Smart  LA TV +2 Joystick  Android Tv Full 5G 8K 1año garantia,https://www.fravega.com/p/consola-game-tv-stick-35-000-juegos-converti-smart-la-tv-2-joystick-android-tv-full-5g-8k-1ano-garantia-22059842/,199999.0,139999.0,1,True
FRA-pc-gamer-ryzen-7-5700g-32gb-ram-480gb-ss,Fravega,OTRAS,Gaming y Videojuegos,PC GAMER RYZEN 7 5700G + 32GB RAM + 480GB SSD – GRAPHICS VEGA + PLACA WIFI,https://www.fravega.com/p/pc-gamer-ryzen-7-5700g-32gb-ram-480gb-ssd--graphics-vega-placa-wifi-21195293/,1851176.0,1464050.0,1,True
FRA-consola-game-stick-4k-con-2-joysticks-in,Fravega,OTRAS,Gaming y Videojuegos,Consola Game Stick 4k con 2 Joysticks Inalámbricos,https://www.fravega.com/p/consola-game-stick-4k-con-2-joysticks-inalambricos-21225419/,86200.0,47999.0,1,True
FRA-juego-ea-fifa-25-ps5-342569,Fravega,OTRAS,Gaming y Videojuegos,Juego EA FIFA 25 PS5,https://www.fravega.com/p/juego-ea-fifa-25-ps5-342569/,99999.0,82644.0,1,True
FRA-consola-retro-nes-level-up-conexion-av-5,Fravega,OTRAS,Gaming y Videojuegos,Consola Retro Nes Level Up Conexión Av 500 Juegos Retro Nes Av,https://www.fravega.com/p/consola-retro-nes-level-up-conexion-av-500-juegos-retro-nes-av-990182106/,50770.0,35539.0,1,True
FRA-consola-playstation-5-slim-digital-ps5-j,Fravega,OTRAS,Gaming y Videojuegos,Consola Playstation 5 Slim Digital PS5 Juegos Astro Bot Gt7,https://www.fravega.com/p/consola-playstation-5-slim-digital-ps5-juegos-astro-bot-gt7-990268436/,1499999.0,1399999.0,1,True
FRA-sony-playstation-5-slim-1tb-standard-bun,Fravega,SONY,Gaming y Videojuegos,Sony PlayStation 5 SLIM 1TB  Standard Bundle Ratchet & Clank + Returnal,https://www.fravega.com/p/sony-playstation-5-slim-1tb-standard-bundle-ratchet--clank-returnal-990176787/,1649998.0,1499999.01,1,True
FRA-unidad-lectora-disco-consola-sony-playst,Fravega,SONY,Gaming y Videojuegos,Unidad Lectora Disco Consola Sony Playstation 5 Ps5 Digital,https://www.fravega.com/p/unidad-lectora-disco-consola-sony-playstation-5-ps5-digital-990180735/,399999.0,299998.0,1,True
FRA-sega-hdmi-688-juegos-2-joysticks-inalamb,Fravega,OTRAS,Gaming y Videojuegos,Sega Hdmi 688 Juegos 2 Joysticks Inalambricos,https://www.fravega.com/p/sega-hdmi-688-juegos-2-joysticks-inalambricos-21915789/,69999.0,46499.0,1,True
FRA-consola-retro-rs5-hdmi-47-000-juegos-ps1,Fravega,OTRAS,Gaming y Videojuegos,"Consola Retro RS5 HDMI | +47.000 Juegos PS1, N64, PSP | 2 Joysticks Inalámbricos",https://www.fravega.com/p/consola-retro-rs5-hdmi-47-000-juegos-ps1-n64-psp-2-joysticks-inalambricos-22515253/,300999.0,173999.0,1,True
FRA-lona-cobertor-impermeable-3-x-3-metros-c,Fravega,OTRAS,Gaming y Videojuegos,Lona Cobertor Impermeable 3 X 3 Metros Cuadrada Con Ojales Azul,https://www.fravega.com/p/lona-cobertor-impermeable-3-x-3-metros-cuadrada-con-ojales-azul-22724633/,31160.39,21569.0,1,True
FRA-nintendo-switch-2-pro-controller-342670,Fravega,OTRAS,Gaming y Videojuegos,Nintendo Switch 2 Pro Controller,https://www.fravega.com/p/nintendo-switch-2-pro-controller-342670/,239999.0,219999.0,1,True
FRA-consola-android-tv-level-up-retroplay-bo,Fravega,OTRAS,Gaming y Videojuegos,Consola + Android TV Level Up RetroPlay Box 2,https://www.fravega.com/p/consola-android-tv-level-up-retroplay-box-2-342249/,139999.0,109999.0,1,True
FRA-consola-game-stick-4k-con-2-joysticks-in,Fravega,OTRAS,Gaming y Videojuegos,Consola Game Stick 4k con 2 Joysticks Inalámbricos 10 mil Juegos Retro,https://www.fravega.com/p/consola-game-stick-4k-con-2-joysticks-inalambricos-10-mil-juegos-retro-21294954/,115000.0,68999.0,1,True
FRA-consola-alien-sega-16-bits-videojuegos-2,Fravega,OTRAS,Gaming y Videojuegos,Consola Alien Sega 16 Bits Videojuegos,https://www.fravega.com/p/consola-alien-sega-16-bits-videojuegos-21312763/,54999.0,37999.0,1,True
FRA-playstation-5-ps5-digital-bundle-2-astro,Fravega,OTRAS,Gaming y Videojuegos,Playstation 5 Ps5 Digital Bundle 2 Astro+GT7,https://www.fravega.com/p/playstation-5-ps5-digital-bundle-2-astro-gt7-342823/,1399999.0,1157023.97,1,True
FRA-nintendo-switch-2-mario-kart-world-bundl,Fravega,OTRAS,Gaming y Videojuegos,Nintendo Switch 2 + Mario Kart World Bundle,https://www.fravega.com/p/nintendo-switch-2-mario-kart-world-bundle-342650/,1499999.0,1349999.0,1,True
FRA-playstation-5-ps5-sony-consola-con-astro,Fravega,SONY,Gaming y Videojuegos,PlayStation 5 Ps5 Sony Consola con ASTRO BOT y Gran Turismo 7 Standar Bundle 2,https://www.fravega.com/p/playstation-5-ps5-sony-consola-con-astro-bot-y-gran-turismo-7-standar-bundle-2-342559/,1499999.0,1239668.6,1,True
FRA-lectora-disco-consola-sony-playstation-5,Fravega,SONY,Gaming y Videojuegos,Lectora Disco Consola Sony Playstation 5 Ps5 Digital,https://www.fravega.com/p/lectora-disco-consola-sony-playstation-5-ps5-digital-22659520/,297250.0,222938.0,1,True
FRA-auriculares-gamer-jbl-quantum-250-negro-,Fravega,OTRAS,Gaming y Videojuegos,Auriculares Gamer JBL Quantum 250 Negro,https://www.fravega.com/p/auriculares-gamer-jbl-quantum-250-negro-342544/,139999.0,114999.0,1,True
FRA-sega-hdmi-688-juegos-2-joysticks-inalamb,Fravega,OTRAS,Gaming y Videojuegos,Sega Hdmi 688 Juegos 2 Joysticks Inalambricos,https://www.fravega.com/p/sega-hdmi-688-juegos-2-joysticks-inalambricos-21313129/,64999.0,39999.0,1,True
FRA-nintendo-switch-oled-super-mario-bros-wo,Fravega,OTRAS,Gaming y Videojuegos,Nintendo Switch OLED + Super Mario Bros. Wonder + 3mo NSO,https://www.fravega.com/p/nintendo-switch-oled-super-mario-bros-wonder-3mo-nso-342672/,999999.0,799999.0,1,True
FRA-auriculares-jbl-quantum-100m2-violet-342,Fravega,OTRAS,Gaming y Videojuegos,Auriculares JBL Quantum 100M2 Violet,https://www.fravega.com/p/auriculares-jbl-quantum-100m2-violet-342579/,89999.0,79999.0,1,True
FRA-consola-family-pocket-mini-usb-rca-joyst,Fravega,OTRAS,Gaming y Videojuegos,Consola Family Pocket Mini Usb Rca Joysticks Inalambricos,https://www.fravega.com/p/consola-family-pocket-mini-usb-rca-joysticks-inalambricos-21313063/,49999.0,26999.0,1,True
FRA-auriculares-jbl-quantum-100m2-blanco-342,Fravega,OTRAS,Gaming y Videojuegos,Auriculares JBL Quantum 100M2 Blanco,https://www.fravega.com/p/auriculares-jbl-quantum-100m2-blanco-342552/,89999.0,79999.0,1,True
FRA-joystick-blanco-compatible-con-control-p,Fravega,OTRAS,Gaming y Videojuegos,Joystick Blanco Compatible con Control PC P3 Inalambrico Dehuka,https://www.fravega.com/p/joystick-blanco-compatible-con-control-pc-p3-inalambrico-dehuka-22084744/,48658.42,39291.66,1,True
FRA-consola-de-juegos-retro-portatil-sup-gam,Fravega,OTRAS,Gaming y Videojuegos,Consola de Juegos retro portátil sup game 400 en 1,https://www.fravega.com/p/consola-de-juegos-retro-portatil-sup-game-400-1--21195321/,45999.0,33999.0,1,True
FRA-auriculares-jbl-quantum-100m2-negro-3425,Fravega,OTRAS,Gaming y Videojuegos,Auriculares JBL Quantum 100M2 Negro,https://www.fravega.com/p/auriculares-jbl-quantum-100m2-negro-342520/,89999.0,79999.0,1,True
FRA-control-inalambrico-ps5-dualsense-white-,Fravega,OTRAS,Gaming y Videojuegos,Control Inalámbrico PS5 Dualsense White,https://www.fravega.com/p/control-inalambrico-ps5-dualsense-white-342582/,174999.0,149999.0,1,True
FRA-consola-game-tv-stick-35-000-juegos-conv,Fravega,OTRAS,Gaming y Videojuegos,Consola Game Tv Stick +35.000 juegos +Converti en Smart  LA TV +2 Joystick  Android Tv Full 5G 8K 1año garantia,https://www.fravega.com/p/consola-game-tv-stick-35-000-juegos-converti-smart-la-tv-2-joystick-android-tv-full-5g-8k-1ano-garantia-22059842/,199999.0,139999.0,1,True
FRA-pc-gamer-ryzen-7-5700g-32gb-ram-480gb-ss,Fravega,OTRAS,Gaming y Videojuegos,PC GAMER RYZEN 7 5700G + 32GB RAM + 480GB SSD – GRAPHICS VEGA + PLACA WIFI,https://www.fravega.com/p/pc-gamer-ryzen-7-5700g-32gb-ram-480gb-ssd--graphics-vega-placa-wifi-21195293/,1851176.0,1464050.0,1,True
FRA-consola-portatil-sega-16-bits-con-juegos,Fravega,OTRAS,Gaming y Videojuegos,Consola Portatil Sega 16 Bits Con Juegos + Cartuchos Regalo Conexion A Tv Verde,https://www.fravega.com/p/consola-portatil-sega-16-bits-con-juegos-cartuchos-regalo-conexion-a-tv-verde-21313204/,54999.0,37999.0,1,True
FRA-consola-inalambrica-game-stick-lite-8k-2,Fravega,OTRAS,Gaming y Videojuegos,Consola Inalámbrica Game Stick Lite 8K 2 Joysticks,https://www.fravega.com/p/consola-inalambrica-game-stick-lite-8k-2-joysticks-21954632/,89999.0,55999.0,1,True
FRA-juego-fisico-grand-theft-auto-v-ps5-play,Fravega,OTRAS,Gaming y Videojuegos,Juego Fisico Grand Theft Auto V Ps5 Playstation 5 Original,https://www.fravega.com/p/juego-fisico-grand-theft-auto-v-ps5-playstation-5-original-990202221/,69999.0,51699.0,1,True
FRA-playstation-5-slim-digital-edition-1tb-2,Fravega,OTRAS,Gaming y Videojuegos,PlayStation 5 Slim Digital Edition 1TB,https://www.fravega.com/p/playstation-5-slim-digital-edition-1tb-22101955/,1999999.0,1499999.0,1,True
FRA-game-stick-k8-la-mejor-consola-retro-40-,Fravega,OTRAS,Gaming y Videojuegos,Game Stick K8  La mejor Consola RETRO 40.000 juegos K8 La mas completa FULL Dos joystick Inalámbricos,https://www.fravega.com/p/game-stick-k8-la-mejor-consola-retro-40-000-juegos-k8-la-mas-completa-full-dos-joystick-inalambricos--22470655/,179999.0,108999.0,1,True
FRA-joystick-gamer-vsg-tarvos-multiplataform,Fravega,OTRAS,Gaming y Videojuegos,Joystick Gamer VSG Tarvos Multiplataforma,https://www.fravega.com/p/joystick-gamer-vsg-tarvos-multiplataforma-342539/,69999.0,59999.0,1,True
FRA-control-inalambrico-ps5-dualsense-fortni,Fravega,OTRAS,Gaming y Videojuegos,Control Inalámbrico PS5 Dualsense Fortnite Limited Edition,https://www.fravega.com/p/control-inalambrico-ps5-dualsense-fortnite-limited-edition-342694/,199999.0,165288.43,1,True
FRA-cable-stereo-mini-plug-3-5-a-plug-6-5-3m,Fravega,OTRAS,Gaming y Videojuegos,Cable Stereo Mini Plug 3.5 A Plug 6.5 3m Ross,https://www.fravega.com/p/cable-stereo-mini-plug-3-5-a-plug-6-5-3m-ross-22710114/,13050.14,10878.0,1,True
FRA-visor-realidad-virtual-meta-quest-3s-128,Fravega,OTRAS,Gaming y Videojuegos,Visor Realidad Virtual Meta Quest 3s 128 Gb Blanco Wifi,https://www.fravega.com/p/visor-realidad-virtual-meta-quest-3s-128-gb-blanco-wifi-22712692/,1423557.14,785856.0,1,True
FRA-playseat-challenge-x-sim-racing-cockpit-,Fravega,OTRAS,Gaming y Videojuegos,Playseat Challenge X Sim Racing Cockpit Logitech G Edition Challenge X,https://www.fravega.com/p/playseat-challenge-x-sim-racing-cockpit-logitech-g-edition-challenge-x-990284296/,1299999.0,884999.0,1,True
FRA-consola-multi-emuladora-retro-play2-jueg,Fravega,OTRAS,Gaming y Videojuegos,Consola Multi Emuladora Retro Play2 Juegos Convertidor Smart LevelUp Retroplay,https://www.fravega.com/p/consola-multi-emuladora-retro-play2-juegos-convertidor-smart-levelup-retroplay-50006657/,164999.0,127399.0,1,True
FRA-consola-de-videojuegos-portatil-juegos-c,Fravega,OTRAS,Gaming y Videojuegos,"Consola de videojuegos portátil juegos clásicos 16 bits, 150 +, PXP 3",https://www.fravega.com/p/consola-de-videojuegos-portatil-juegos-clasicos-16-bits-150-pxp-3-21288993/,85000.0,65000.0,1,True
FRA-consola-sega-16-bits-alien-classic-title,Fravega,OTRAS,Gaming y Videojuegos,Consola Sega 16 Bits Alien Classic Titles,https://www.fravega.com/p/consola-sega-16-bits-alien-classic-titles-21312759/,54999.0,37999.0,1,True
FRA-consola-portatil-sega-16-bits-con-juegos,Fravega,OTRAS,Gaming y Videojuegos,Consola Portatil Sega 16 Bits Con Juegos + Cartuchos Regalo Conexion A Tv Negro,https://www.fravega.com/p/consola-portatil-sega-16-bits-con-juegos-cartuchos-regalo-conexion-a-tv-negro-21313202/,54999.0,37999.0,1,True
FRA-consola-portatil-level-up-anbernic-rg35x,Fravega,OTRAS,Gaming y Videojuegos,Consola Portátil Level Up Anbernic Rg35xx,https://www.fravega.com/p/consola-portatil-level-up-anbernic-rg35xx-990173547/,251313.0,175919.0,1,True
FRA-playstation-5-ps5-digital-bundle-2-astro,Fravega,OTRAS,Gaming y Videojuegos,Playstation 5 Ps5 Digital Bundle 2 Astro+GT7,https://www.fravega.com/p/playstation-5-ps5-digital-bundle-2-astro-gt7-342823/,1399999.0,1157023.97,1,True
FRA-nintendo-switch-2-mario-kart-world-bundl,Fravega,OTRAS,Gaming y Videojuegos,Nintendo Switch 2 + Mario Kart World Bundle,https://www.fravega.com/p/nintendo-switch-2-mario-kart-world-bundle-342650/,1499999.0,1349999.0,1,True
FRA-playstation-5-ps5-sony-consola-con-astro,Fravega,SONY,Gaming y Videojuegos,PlayStation 5 Ps5 Sony Consola con ASTRO BOT y Gran Turismo 7 Standar Bundle 2,https://www.fravega.com/p/playstation-5-ps5-sony-consola-con-astro-bot-y-gran-turismo-7-standar-bundle-2-342559/,1499999.0,1239668.6,1,True
FRA-lectora-disco-consola-sony-playstation-5,Fravega,SONY,Gaming y Videojuegos,Lectora Disco Consola Sony Playstation 5 Ps5 Digital,https://www.fravega.com/p/lectora-disco-consola-sony-playstation-5-ps5-digital-22659520/,297250.0,222938.0,1,True
FRA-auriculares-gamer-jbl-quantum-250-negro-,Fravega,OTRAS,Gaming y Videojuegos,Auriculares Gamer JBL Quantum 250 Negro,https://www.fravega.com/p/auriculares-gamer-jbl-quantum-250-negro-342544/,139999.0,114999.0,1,True
FRA-sega-hdmi-688-juegos-2-joysticks-inalamb,Fravega,OTRAS,Gaming y Videojuegos,Sega Hdmi 688 Juegos 2 Joysticks Inalambricos,https://www.fravega.com/p/sega-hdmi-688-juegos-2-joysticks-inalambricos-21313129/,64999.0,39999.0,1,True
FRA-nintendo-switch-oled-super-mario-bros-wo,Fravega,OTRAS,Gaming y Videojuegos,Nintendo Switch OLED + Super Mario Bros. Wonder + 3mo NSO,https://www.fravega.com/p/nintendo-switch-oled-super-mario-bros-wonder-3mo-nso-342672/,999999.0,799999.0,1,True
FRA-auriculares-jbl-quantum-100m2-violet-342,Fravega,OTRAS,Gaming y Videojuegos,Auriculares JBL Quantum 100M2 Violet,https://www.fravega.com/p/auriculares-jbl-quantum-100m2-violet-342579/,89999.0,79999.0,1,True
FRA-consola-family-pocket-mini-usb-rca-joyst,Fravega,OTRAS,Gaming y Videojuegos,Consola Family Pocket Mini Usb Rca Joysticks Inalambricos,https://www.fravega.com/p/consola-family-pocket-mini-usb-rca-joysticks-inalambricos-21313063/,49999.0,26999.0,1,True
FRA-auriculares-jbl-quantum-100m2-blanco-342,Fravega,OTRAS,Gaming y Videojuegos,Auriculares JBL Quantum 100M2 Blanco,https://www.fravega.com/p/auriculares-jbl-quantum-100m2-blanco-342552/,89999.0,79999.0,1,True
FRA-joystick-blanco-compatible-con-control-p,Fravega,OTRAS,Gaming y Videojuegos,Joystick Blanco Compatible con Control PC P3 Inalambrico Dehuka,https://www.fravega.com/p/joystick-blanco-compatible-con-control-pc-p3-inalambrico-dehuka-22084744/,48658.42,39291.66,1,True
FRA-consola-de-juegos-retro-portatil-sup-gam,Fravega,OTRAS,Gaming y Videojuegos,Consola de Juegos retro portátil sup game 400 en 1,https://www.fravega.com/p/consola-de-juegos-retro-portatil-sup-game-400-1--21195321/,45999.0,33999.0,1,True
FRA-auriculares-jbl-quantum-100m2-negro-3425,Fravega,OTRAS,Gaming y Videojuegos,Auriculares JBL Quantum 100M2 Negro,https://www.fravega.com/p/auriculares-jbl-quantum-100m2-negro-342520/,89999.0,79999.0,1,True
FRA-control-inalambrico-ps5-dualsense-white-,Fravega,OTRAS,Gaming y Videojuegos,Control Inalámbrico PS5 Dualsense White,https://www.fravega.com/p/control-inalambrico-ps5-dualsense-white-342582/,174999.0,149999.0,1,True
FRA-consola-game-tv-stick-35-000-juegos-conv,Fravega,OTRAS,Gaming y Videojuegos,Consola Game Tv Stick +35.000 juegos +Converti en Smart  LA TV +2 Joystick  Android Tv Full 5G 8K 1año garantia,https://www.fravega.com/p/consola-game-tv-stick-35-000-juegos-converti-smart-la-tv-2-joystick-android-tv-full-5g-8k-1ano-garantia-22059842/,199999.0,139999.0,1,True
FRA-pc-gamer-ryzen-7-5700g-32gb-ram-480gb-ss,Fravega,OTRAS,Gaming y Videojuegos,PC GAMER RYZEN 7 5700G + 32GB RAM + 480GB SSD – GRAPHICS VEGA + PLACA WIFI,https://www.fravega.com/p/pc-gamer-ryzen-7-5700g-32gb-ram-480gb-ssd--graphics-vega-placa-wifi-21195293/,1851176.0,1464050.0,1,True
FRA-juego-ea-fifa-25-ps4-342553,Fravega,OTRAS,Gaming y Videojuegos,Juego EA FIFA 25 PS4,https://www.fravega.com/p/juego-ea-fifa-25-ps4-342553/,99999.0,82644.0,1,True
FRA-consola-retro-game-stick-x2-plus-64gb-4k,Fravega,OTRAS,Gaming y Videojuegos,Consola Retro Game Stick x2 Plus 64GB 4K HDMI 35.000 Juegos,https://www.fravega.com/p/consola-retro-game-stick-x2-plus-64gb-4k-hdmi-35-000-juegos-21457950/,107688.15,71792.1,1,True
FRA-consola-retro-game-box-s9-520-juegos-cla,Fravega,OTRAS,Gaming y Videojuegos,Consola Retro Game box S9 520 juegos clasicos 8bits,https://www.fravega.com/p/consola-retro-game-box-s9-520-juegos-clasicos-8bits-21521281/,37798.65,25199.1,1,True
FRA-consola-de-juegos-portatil-powkiddy-arca,Fravega,LG,Gaming y Videojuegos,Consola de Juegos Portátil Powkiddy Arcade Pantalla 3.5 pulgadas Codigo Abierto,https://www.fravega.com/p/consola-de-juegos-portatil-powkiddy-arcade-pantalla-3-5-pulgadas-codigo-abierto-990184362/,181869.0,139899.0,1,True
FRA-consola-retro-game-stick-x2-64gb-4k-hdmi,Fravega,OTRAS,Gaming y Videojuegos,Consola Retro Game Stick X2  64gb 4k Hdmi + de 32.000 Juegos,https://www.fravega.com/p/consola-retro-game-stick-x2-64gb-4k-hdmi-de-32-000-juegos-21918880/,159999.0,89555.0,1,True
FRA-consola-retro-game-stick-x2-4k-64gb-mas-,Fravega,OTRAS,Gaming y Videojuegos,Consola Retro Game Stick X2 4k 64gb Mas De 33.000 Juegos  3D Plus,https://www.fravega.com/p/consola-retro-game-stick-x2-4k-64gb-mas-de-33-000-juegos-3d-plus-21923304/,169999.0,103999.0,1,True
FRA-consola-family-gaming-8-bits-noga--21991,Fravega,OTRAS,Gaming y Videojuegos,Consola Family Gaming 8 bits NOGA,https://www.fravega.com/p/consola-family-gaming-8-bits-noga--21991286/,64999.0,39999.0,1,True
FRA-consola-game-tv-stick-35-000-juegos-conv,Fravega,OTRAS,Gaming y Videojuegos,Consola Game Tv Stick +35.000 juegos +Convertido en Smart +2 Joystick,https://www.fravega.com/p/consola-game-tv-stick-35-000-juegos-convertido-smart-2-joystick-22030081/,201999.0,125999.0,1,True
FRA-proyector-inteligente-gamer-x2-android-1,Fravega,OTRAS,Gaming y Videojuegos,Proyector Inteligente Gamer x2 +Android 11 Full HD +2Joystick +Disfruta De La Mejor Calidad De Imagen HY320,https://www.fravega.com/p/proyector-inteligente-gamer-x2-android-11-full-hd-2joystick-disfruta-de-la-mejor-calidad-de-imagen-hy320-22059564/,331999.0,178999.0,1,True
FRA-consola-retro-8-bits-con-joysticks-inala,Fravega,OTRAS,Gaming y Videojuegos,Consola Retro 8 bits con Joysticks inalámbricos 620 juegos U-BOX Conexión Av.,https://www.fravega.com/p/consola-retro-8-bits-con-joysticks-inalambricos-620-juegos-u-box-conexion-av--22068144/,37798.65,25199.1,1,True
FRA-dehuka-hs-xo300bk-negro-joystick-para-xb,Fravega,OTRAS,Gaming y Videojuegos,Dehuka HS-XO300BK Negro Joystick Para Xbox One Gamer Carcasa desmontable Led RGB Control PC Dehuka,https://www.fravega.com/p/dehuka-hs-xo300bk-negro-joystick-para-xbox-one-gamer-carcasa-desmontable-led-rgb-control-pc-dehuka-22082436/,65069.96,58562.96,1,True
FRA-consola-de-videojuegos-inteligente-x8-pr,Fravega,OTRAS,Gaming y Videojuegos,"Consola de videojuegos inteligente X8 Pro, mando inalámbrico, emulador, 64 GB, 30000 juegos, Emuelec HD, 4K, 3D Juegos Retro FICHINES",https://www.fravega.com/p/consola-de-videojuegos-inteligente-x8-pro-mando-inalambrico-emulador-64-gb-30000-juegos-emuelec-hd-4k-3d-juegos-retro-fichines-22089191/,159999.0,109000.0,1,True
FRA-funda-para-p5-impermeable-antipolvo-para,Fravega,OTRAS,Gaming y Videojuegos,Funda Para P5 Impermeable Antipolvo Para P5 Incluye Abrojo Velcro Dehuka,https://www.fravega.com/p/funda-para-p5-impermeable-antipolvo-para-p5-incluye-abrojo-velcro-dehuka-22481573/,17777.09,15199.4,1,True
FRA-game-stick-tv-box-x3-plus-netflix-flow-y,Fravega,OTRAS,Gaming y Videojuegos,Game Stick + TV Box X3 Plus Netflix Flow Youtube  TODAS las apps  y 36 mil juegos Clasicos - 2 JOYSTICK  -2 en.1 PREMIUM,https://www.fravega.com/p/game-stick-tv-box-x3-plus-netflix-flow-youtube-todas-las-apps-y-36-mil-juegos-clasicos-2-joystick-2-1-premium-22482469/,199999.0,129999.0,1,True
FRA-playstation-5-ps5-digital-bundle-2-astro,Fravega,OTRAS,Gaming y Videojuegos,Playstation 5 Ps5 Digital Bundle 2 Astro+GT7,https://www.fravega.com/p/playstation-5-ps5-digital-bundle-2-astro-gt7-342823/,1399999.0,1157023.97,1,True
FRA-nintendo-switch-2-mario-kart-world-bundl,Fravega,OTRAS,Gaming y Videojuegos,Nintendo Switch 2 + Mario Kart World Bundle,https://www.fravega.com/p/nintendo-switch-2-mario-kart-world-bundle-342650/,1499999.0,1349999.0,1,True
FRA-playstation-5-ps5-sony-consola-con-astro,Fravega,SONY,Gaming y Videojuegos,PlayStation 5 Ps5 Sony Consola con ASTRO BOT y Gran Turismo 7 Standar Bundle 2,https://www.fravega.com/p/playstation-5-ps5-sony-consola-con-astro-bot-y-gran-turismo-7-standar-bundle-2-342559/,1499999.0,1239668.6,1,True
FRA-lectora-disco-consola-sony-playstation-5,Fravega,SONY,Gaming y Videojuegos,Lectora Disco Consola Sony Playstation 5 Ps5 Digital,https://www.fravega.com/p/lectora-disco-consola-sony-playstation-5-ps5-digital-22659520/,297250.0,222938.0,1,True
FRA-auriculares-gamer-jbl-quantum-250-negro-,Fravega,OTRAS,Gaming y Videojuegos,Auriculares Gamer JBL Quantum 250 Negro,https://www.fravega.com/p/auriculares-gamer-jbl-quantum-250-negro-342544/,139999.0,114999.0,1,True
FRA-sega-hdmi-688-juegos-2-joysticks-inalamb,Fravega,OTRAS,Gaming y Videojuegos,Sega Hdmi 688 Juegos 2 Joysticks Inalambricos,https://www.fravega.com/p/sega-hdmi-688-juegos-2-joysticks-inalambricos-21313129/,64999.0,39999.0,1,True
FRA-nintendo-switch-oled-super-mario-bros-wo,Fravega,OTRAS,Gaming y Videojuegos,Nintendo Switch OLED + Super Mario Bros. Wonder + 3mo NSO,https://www.fravega.com/p/nintendo-switch-oled-super-mario-bros-wonder-3mo-nso-342672/,999999.0,799999.0,1,True
FRA-auriculares-jbl-quantum-100m2-violet-342,Fravega,OTRAS,Gaming y Videojuegos,Auriculares JBL Quantum 100M2 Violet,https://www.fravega.com/p/auriculares-jbl-quantum-100m2-violet-342579/,89999.0,79999.0,1,True
FRA-consola-family-pocket-mini-usb-rca-joyst,Fravega,OTRAS,Gaming y Videojuegos,Consola Family Pocket Mini Usb Rca Joysticks Inalambricos,https://www.fravega.com/p/consola-family-pocket-mini-usb-rca-joysticks-inalambricos-21313063/,49999.0,26999.0,1,True
FRA-auriculares-jbl-quantum-100m2-blanco-342,Fravega,OTRAS,Gaming y Videojuegos,Auriculares JBL Quantum 100M2 Blanco,https://www.fravega.com/p/auriculares-jbl-quantum-100m2-blanco-342552/,89999.0,79999.0,1,True
FRA-joystick-blanco-compatible-con-control-p,Fravega,OTRAS,Gaming y Videojuegos,Joystick Blanco Compatible con Control PC P3 Inalambrico Dehuka,https://www.fravega.com/p/joystick-blanco-compatible-con-control-pc-p3-inalambrico-dehuka-22084744/,48658.42,39291.66,1,True
FRA-consola-de-juegos-retro-portatil-sup-gam,Fravega,OTRAS,Gaming y Videojuegos,Consola de Juegos retro portátil sup game 400 en 1,https://www.fravega.com/p/consola-de-juegos-retro-portatil-sup-game-400-1--21195321/,45999.0,33999.0,1,True
FRA-auriculares-jbl-quantum-100m2-negro-3425,Fravega,OTRAS,Gaming y Videojuegos,Auriculares JBL Quantum 100M2 Negro,https://www.fravega.com/p/auriculares-jbl-quantum-100m2-negro-342520/,89999.0,79999.0,1,True
FRA-control-inalambrico-ps5-dualsense-white-,Fravega,OTRAS,Gaming y Videojuegos,Control Inalámbrico PS5 Dualsense White,https://www.fravega.com/p/control-inalambrico-ps5-dualsense-white-342582/,174999.0,149999.0,1,True
FRA-consola-game-tv-stick-35-000-juegos-conv,Fravega,OTRAS,Gaming y Videojuegos,Consola Game Tv Stick +35.000 juegos +Converti en Smart  LA TV +2 Joystick  Android Tv Full 5G 8K 1año garantia,https://www.fravega.com/p/consola-game-tv-stick-35-000-juegos-converti-smart-la-tv-2-joystick-android-tv-full-5g-8k-1ano-garantia-22059842/,199999.0,139999.0,1,True
FRA-pc-gamer-ryzen-7-5700g-32gb-ram-480gb-ss,Fravega,OTRAS,Gaming y Videojuegos,PC GAMER RYZEN 7 5700G + 32GB RAM + 480GB SSD – GRAPHICS VEGA + PLACA WIFI,https://www.fravega.com/p/pc-gamer-ryzen-7-5700g-32gb-ram-480gb-ssd--graphics-vega-placa-wifi-21195293/,1851176.0,1464050.0,1,True
FRA-base-doble-carga-dobe-p-joystick-ps5-c-i,Fravega,OTRAS,Gaming y Videojuegos,Base Doble Carga Dobe P/ Joystick Ps5 C/ Indicador De Carga,https://www.fravega.com/p/base-doble-carga-dobe-p-joystick-ps5-c-indicador-de-carga-22497065/,55619.0,40795.0,1,True
FRA-consola-sup-plus-400-1-22508844,Fravega,OTRAS,Gaming y Videojuegos,CONSOLA SUP PLUS 400 EN 1,https://www.fravega.com/p/consola-sup-plus-400-1-22508844/,54634.0,29990.0,1,True
FRA-control-original-xbox-wireless-series-x-,Fravega,OTRAS,Gaming y Videojuegos,Control Original Xbox Wireless Series X|S,https://www.fravega.com/p/control-original-xbox-wireless-series-x-s-22514749/,162599.99,134380.16,1,True
FRA--retro-rs5-47-000-juegos-ps1-nintendo-64,Fravega,OTRAS,Gaming y Videojuegos,"Retro RS5 +47.000 Juegos PS1, Nintendo 64, GBA HDMI + Joysticks Sin Cable",https://www.fravega.com/p/-retro-rs5-47-000-juegos-ps1-nintendo-64-gba-hdmi-joysticks-sin-cable-22515265/,332000.0,159300.0,1,True
FRA-tv-game-stick-2-joystick-smarttv-juegos-,Fravega,OTRAS,Gaming y Videojuegos,Tv Game Stick 2 Joystick + SmartTV + Juegos,https://www.fravega.com/p/tv-game-stick-2-joystick-smarttv-juegos--22536027/,155899.0,99799.0,1,True
FRA-sony-playstation-5-1tb-slim-standard-bla,Fravega,SONY,Gaming y Videojuegos,Sony Playstation 5 1tb Slim Standard Blanco Y Negro,https://www.fravega.com/p/sony-playstation-5-1tb-slim-standard-blanco-y-negro-22536697/,1999999.0,1699999.0,1,True
FRA-playstation5pro-2tb-22543591,Fravega,OTRAS,Gaming y Videojuegos,PlayStation 5 Pro 2 TB,https://www.fravega.com/p/playstation5pro-2tb-22543591/,2799999.0,2599000.0,1,True
FRA-consola-sony-playstation-5-standard-825g,Fravega,SONY,Gaming y Videojuegos,Consola Sony Playstation 5 Standard 825Gb Lectora con Joystick,https://www.fravega.com/p/consola-sony-playstation-5-standard-825gb-lectora-con-joystick-22545682/,2249999.0,1599000.0,1,True
FRA-game-stick-tv-box-x3-plus-netflix-flow-y,Fravega,OTRAS,Gaming y Videojuegos,Game Stick + TV Box X3 Plus Netflix Flow Youtube  TODAS las apps  y 36 mil juegos Clasicos - 2 JOYSTICK  -2 en.1 PREMIUM,https://www.fravega.com/p/game-stick-tv-box-x3-plus-netflix-flow-youtube-todas-las-apps-y-36-mil-juegos-clasicos-2-joystick-2-1-premium--22553704/,186999.0,129999.0,1,True
FRA-consola-portatil-de-juegos-retro-pocky-r,Fravega,OTRAS,Gaming y Videojuegos,CONSOLA PORTÁTIL DE JUEGOS RETRO POCKY R8,https://www.fravega.com/p/consola-portatil-de-juegos-retro-pocky-r8-22604489/,44900.0,39000.0,1,True
FRA-consola-de-8-bits-portatil-pocky-r5-2260,Fravega,OTRAS,Gaming y Videojuegos,CONSOLA DE 8 BITS PORTÁTIL POCKY R5,https://www.fravega.com/p/consola-de-8-bits-portatil-pocky-r5-22604500/,48000.0,32999.0,1,True
FRA-soporte-auricular-cougar-bunker-s-rgb-22,Fravega,OTRAS,Gaming y Videojuegos,Soporte Auricular Cougar Bunker S Rgb,https://www.fravega.com/p/soporte-auricular-cougar-bunker-s-rgb-22608779/,34492.18,26892.4,1,True
FRA-consola-retro-game-r36s-22-000-juegos-ps,Fravega,OTRAS,Gaming y Videojuegos,"Consola Retro Game R36S | +22.000 Juegos PS1, MAME, GBA y más",https://www.fravega.com/p/consola-retro-game-r36s-22-000-juegos-ps1-mame-gba-y-mas-22613268/,239799.0,139699.0,1,True
FRA-r36s-consola-retro-portatil-22-000-juego,Fravega,OTRAS,Gaming y Videojuegos,"R36S Consola Retro Portátil | 22.000+ Juegos PS1, MAME, Arcade, GBA",https://www.fravega.com/p/r36s-consola-retro-portatil-22-000-juegos-ps1-mame-arcade-gba-22613280/,258000.0,139999.0,1,True
FRA-consola-de-videojuegos-portatil-mini-2-4,Fravega,OTRAS,Gaming y Videojuegos,"Consola De Videojuegos Portatil Mini 2,4"" Con 400 Juegos",https://www.fravega.com/p/consola-de-videojuegos-portatil-mini-2-4-con-400-juegos-22619821/,25999.0,22999.0,1,True
FRA-heladera-philco-no-frost-side-by-side-ph,Fravega,PHILCO,Heladeras,Heladera Philco No Frost Side by Side PHSB470XD2 385 Lts,https://www.fravega.com/p/heladera-philco-no-frost-side-by-side-phsb470xd2-385-lts-161203/,1739999.0,1399999.0,1,True
FRA-heladera-philco-phct225b-ciclica-199-l-1,Fravega,PHILCO,Heladeras,Heladera Philco PHCT225B Cíclica 199 L,https://www.fravega.com/p/heladera-philco-phct225b-ciclica-199-l-161148/,799999.0,499999.0,1,True
FRA-heladera-no-frost-hisense-466l-inverter-,Fravega,HISENSE,Heladeras,Heladera No Frost Hisense 466L Inverter Dispenser Inox RT3N461NMC,https://www.fravega.com/p/heladera-no-frost-hisense-466l-inverter-dispenser-inox-rt3n461nmc-990223657/,1773199.0,989999.0,1,True
FRA-heladera-whirlpool-no-frost-340-lts-wrm4,Fravega,WHIRLPOOL,Heladeras,Heladera Whirlpool No Frost 340 Lts WRM40MK,https://www.fravega.com/p/heladera-whirlpool-no-frost-340-lts-wrm40mk-161336/,959999.0,799999.0,1,True
FRA-heladera-drean-ciclica-hdr320f50e-314lts,Fravega,DREAN,Heladeras,Heladera Drean Cíclica HDR320F50E 314Lts Gris,https://www.fravega.com/p/heladera-drean-ciclica-hdr320f50e-314lts-gris-161270/,854899.0,699999.0,1,True
FRA-heladera-electrolux-no-frost-inverter-mu,Fravega,OTRAS,Heladeras,Heladera Electrolux No Frost Inverter Multidoor IM7S 480Lts Gris,https://www.fravega.com/p/heladera-electrolux-no-frost-inverter-multidoor-im7s-480lts-gris-161283/,1789599.0,1599999.0,1,True
FRA-heladera-con-freezer-ciclica-314-lts-bla,Fravega,DREAN,Heladeras,Heladera con freezer Cíclica 314 Lts Black Steel Drean HDR320F50N,https://www.fravega.com/p/heladera-con-freezer-ciclica-314-lts-black-steel-drean-hdr320f50n-990190147/,1151539.0,814999.0,1,True
FRA-heladera-drean-hdr280f50b-ciclica-277-l-,Fravega,DREAN,Heladeras,Heladera Drean HDR280F50B Cíclica 277 L Blanca,https://www.fravega.com/p/heladera-drean-hdr280f50b-ciclica-277-l-blanca-161046/,720999.0,649999.0,1,True
FRA-heladera-whirlpool-inverter-no-frost-bot,Fravega,WHIRLPOOL,Heladeras,Heladera Whirlpool Inverter No Frost Bottom Freezer Inox  397 Litros WRE45MK,https://www.fravega.com/p/heladera-whirlpool-inverter-no-frost-bottom-freezer-inox-397-litros-wre45mk-161487/,1869999.0,1499999.0,1,True
FRA-heladera-gafa-no-frost-356l-inverter-pla,Fravega,GAFA,Heladeras,Heladera Gafa No Frost 356L Inverter Plata HGNF333P,https://www.fravega.com/p/heladera-gafa-no-frost-356l-inverter-plata-hgnf333p-990224074/,1047665.0,819999.0,1,True
FRA-heladera-philco-phsb555xt-gris-496-lts-1,Fravega,PHILCO,Heladeras,Heladera Philco PHSB555XT Gris 496 Lts,https://www.fravega.com/p/heladera-philco-phsb555xt-gris-496-lts-160828/,2299999.0,1399999.0,1,True
FRA-heladera-gafa-no-frost-262l-inverter-pla,Fravega,GAFA,Heladeras,Heladera Gafa No Frost 262L Inverter Plata HGNF251P,https://www.fravega.com/p/heladera-gafa-no-frost-262l-inverter-plata-hgnf251p-990224075/,955665.0,729999.0,1,True
FRA-freezer-horizontal-hisense-280l-blanco-c,Fravega,HISENSE,Heladeras,Freezer Horizontal Hisense 280L Blanco CF3N297NEW,https://www.fravega.com/p/freezer-horizontal-hisense-280l-blanco-cf3n297new-990218335/,1002099.0,409999.0,1,True
FRA-heladera-multi-door-no-frost-admiral-inv,Fravega,OTRAS,Heladeras,Heladera Multi Door No Frost Admiral Inverter AD-HL480 I 404 Lts Grafito,https://www.fravega.com/p/heladera-multi-door-no-frost-admiral-inverter-ad-hl480-i-404-lts-grafito-161143/,1499999.0,999999.0,1,True
FRA-freezer-vertical-siam-fsi-cv180b-166-lts,Fravega,OTRAS,Heladeras,Freezer Vertical Siam FSI-CV180B 166 Lts,https://www.fravega.com/p/freezer-vertical-siam-fsi-cv180b-166-lts-160944/,699999.0,649999.0,1,True
FRA-heladera-gafa-219l-top-freezer-con-dispe,Fravega,GAFA,Heladeras,Heladera Gafa 219L Top Freezer con Dispenser de Agua Plata HGW311P,https://www.fravega.com/p/heladera-gafa-219l-top-freezer-con-dispenser-de-agua-plata-hgw311p-990268013/,931443.0,735999.0,1,True
FRA-heladera-electrolux-inverter-no-frost-if,Fravega,OTRAS,Heladeras,Heladera Electrolux Inverter No Frost IF43S 390L​ts,https://www.fravega.com/p/heladera-electrolux-inverter-no-frost-if43s-390lts-160984/,1439999.0,999999.0,1,True
FRA-heladera-gafa-no-frost-inverter-hgnf251b,Fravega,GAFA,Heladeras,Heladera Gafa No Frost Inverter HGNF251B 262Lts Blanco,https://www.fravega.com/p/heladera-gafa-no-frost-inverter-hgnf251b-262lts-blanco-161218/,999999.0,699999.0,1,True
FRA-freezer-horizontal-philco-143-lts-invert,Fravega,PHILCO,Heladeras,Freezer Horizontal Philco 143 Lts Inverter Blanco PHCH145BI,https://www.fravega.com/p/freezer-horizontal-philco-143-lts-inverter-blanco-phch145bi-990288854/,764499.0,443999.0,1,True
FRA-freezer-philco-phch410bm-410-litros-1605,Fravega,PHILCO,Heladeras,Freezer Philco PHCH410BM 410 Litros,https://www.fravega.com/p/freezer-philco-phch410bm-410-litros-160587/,1199999.0,799999.0,1,True
FRA-heladera-inverter-midea-combi-no-frost-3,Fravega,MIDEA,Heladeras,Heladera Inverter Midea Combi No Frost 300 L Gris Oscuro,https://www.fravega.com/p/heladera-inverter-midea-combi-no-frost-300-l-gris-oscuro-990289048/,1299999.0,1029999.0,1,True
FRA-heladera-samsung-rt38cg6720s9b3-no-frost,Fravega,SAMSUNG,Heladeras,Heladera Samsung RT38CG6720S9B3 No Frost Inverter 384 L,https://www.fravega.com/p/heladera-samsung-rt38cg6720s9b3-no-frost-inverter-384-l--161202/,1464999.0,1239999.0,1,True
FRA-heladera-hisense-side-by-side-468l-94rs3,Fravega,HISENSE,Heladeras,Heladera Hisense Side by Side 468L 94RS3N428NAD,https://www.fravega.com/p/heladera-hisense-side-by-side-468l-94rs3n428nad-161076/,1459999.0,1099999.0,1,True
FRA-heladera-drean-no-frost-rda250fvrt-250lt,Fravega,DREAN,Heladeras,Heladera Drean No Frost RDA250FVRT 250Lts Grafito,https://www.fravega.com/p/heladera-drean-no-frost-rda250fvrt-250lts-grafito-161387/,789999.0,759999.0,1,True
FRA-heladera-whirlpool-inverter-no-frost-wrm,Fravega,WHIRLPOOL,Heladeras,Heladera Whirlpool Inverter No Frost WRM42HK Top Mount Inox 386 lts,https://www.fravega.com/p/heladera-whirlpool-inverter-no-frost-wrm42hk-top-mount-inox-386-lts-161091/,1379999.0,999999.0,1,True
FRA-heladera-electrolux-inverter-top-freezer,Fravega,OTRAS,Heladeras,Heladera Electrolux Inverter Top Freezer No Frost AutoSense IW46S 424Lts Plata,https://www.fravega.com/p/heladera-electrolux-inverter-top-freezer-no-frost-autosense-iw46s-424lts-plata-160930/,1679999.0,1099999.0,1,True
FRA-heladera-philco-no-frost-side-by-side-ph,Fravega,PHILCO,Heladeras,Heladera Philco No Frost Side by Side PHSB470XD2 385 Lts,https://www.fravega.com/p/heladera-philco-no-frost-side-by-side-phsb470xd2-385-lts-161203/,1739999.0,1399999.0,1,True
FRA-heladera-philco-phct225b-ciclica-199-l-1,Fravega,PHILCO,Heladeras,Heladera Philco PHCT225B Cíclica 199 L,https://www.fravega.com/p/heladera-philco-phct225b-ciclica-199-l-161148/,799999.0,499999.0,1,True
FRA-heladera-no-frost-hisense-466l-inverter-,Fravega,HISENSE,Heladeras,Heladera No Frost Hisense 466L Inverter Dispenser Inox RT3N461NMC,https://www.fravega.com/p/heladera-no-frost-hisense-466l-inverter-dispenser-inox-rt3n461nmc-990223657/,1773199.0,989999.0,1,True
FRA-heladera-whirlpool-no-frost-340-lts-wrm4,Fravega,WHIRLPOOL,Heladeras,Heladera Whirlpool No Frost 340 Lts WRM40MK,https://www.fravega.com/p/heladera-whirlpool-no-frost-340-lts-wrm40mk-161336/,959999.0,799999.0,1,True
FRA-heladera-drean-ciclica-hdr320f50e-314lts,Fravega,DREAN,Heladeras,Heladera Drean Cíclica HDR320F50E 314Lts Gris,https://www.fravega.com/p/heladera-drean-ciclica-hdr320f50e-314lts-gris-161270/,854899.0,699999.0,1,True
FRA-heladera-electrolux-no-frost-inverter-mu,Fravega,OTRAS,Heladeras,Heladera Electrolux No Frost Inverter Multidoor IM7S 480Lts Gris,https://www.fravega.com/p/heladera-electrolux-no-frost-inverter-multidoor-im7s-480lts-gris-161283/,1789599.0,1599999.0,1,True
FRA-heladera-con-freezer-ciclica-314-lts-bla,Fravega,DREAN,Heladeras,Heladera con freezer Cíclica 314 Lts Black Steel Drean HDR320F50N,https://www.fravega.com/p/heladera-con-freezer-ciclica-314-lts-black-steel-drean-hdr320f50n-990190147/,1151539.0,814999.0,1,True
FRA-heladera-drean-hdr280f50b-ciclica-277-l-,Fravega,DREAN,Heladeras,Heladera Drean HDR280F50B Cíclica 277 L Blanca,https://www.fravega.com/p/heladera-drean-hdr280f50b-ciclica-277-l-blanca-161046/,720999.0,649999.0,1,True
FRA-heladera-whirlpool-inverter-no-frost-bot,Fravega,WHIRLPOOL,Heladeras,Heladera Whirlpool Inverter No Frost Bottom Freezer Inox  397 Litros WRE45MK,https://www.fravega.com/p/heladera-whirlpool-inverter-no-frost-bottom-freezer-inox-397-litros-wre45mk-161487/,1869999.0,1499999.0,1,True
FRA-heladera-gafa-no-frost-356l-inverter-pla,Fravega,GAFA,Heladeras,Heladera Gafa No Frost 356L Inverter Plata HGNF333P,https://www.fravega.com/p/heladera-gafa-no-frost-356l-inverter-plata-hgnf333p-990224074/,1047665.0,819999.0,1,True
FRA-heladera-philco-phsb555xt-gris-496-lts-1,Fravega,PHILCO,Heladeras,Heladera Philco PHSB555XT Gris 496 Lts,https://www.fravega.com/p/heladera-philco-phsb555xt-gris-496-lts-160828/,2299999.0,1399999.0,1,True
FRA-heladera-gafa-no-frost-262l-inverter-pla,Fravega,GAFA,Heladeras,Heladera Gafa No Frost 262L Inverter Plata HGNF251P,https://www.fravega.com/p/heladera-gafa-no-frost-262l-inverter-plata-hgnf251p-990224075/,955665.0,729999.0,1,True
FRA-freezer-horizontal-hisense-280l-blanco-c,Fravega,HISENSE,Heladeras,Freezer Horizontal Hisense 280L Blanco CF3N297NEW,https://www.fravega.com/p/freezer-horizontal-hisense-280l-blanco-cf3n297new-990218335/,1002099.0,409999.0,1,True
FRA-heladera-multi-door-no-frost-admiral-inv,Fravega,OTRAS,Heladeras,Heladera Multi Door No Frost Admiral Inverter AD-HL480 I 404 Lts Grafito,https://www.fravega.com/p/heladera-multi-door-no-frost-admiral-inverter-ad-hl480-i-404-lts-grafito-161143/,1499999.0,999999.0,1,True
FRA-freezer-vertical-siam-fsi-cv180b-166-lts,Fravega,OTRAS,Heladeras,Freezer Vertical Siam FSI-CV180B 166 Lts,https://www.fravega.com/p/freezer-vertical-siam-fsi-cv180b-166-lts-160944/,699999.0,649999.0,1,True
FRA-heladera-gafa-219l-top-freezer-con-dispe,Fravega,GAFA,Heladeras,Heladera Gafa 219L Top Freezer con Dispenser de Agua Plata HGW311P,https://www.fravega.com/p/heladera-gafa-219l-top-freezer-con-dispenser-de-agua-plata-hgw311p-990268013/,931443.0,735999.0,1,True
FRA-heladera-electrolux-inverter-no-frost-if,Fravega,OTRAS,Heladeras,Heladera Electrolux Inverter No Frost IF43S 390L​ts,https://www.fravega.com/p/heladera-electrolux-inverter-no-frost-if43s-390lts-160984/,1439999.0,999999.0,1,True
FRA-heladera-gafa-no-frost-inverter-hgnf251b,Fravega,GAFA,Heladeras,Heladera Gafa No Frost Inverter HGNF251B 262Lts Blanco,https://www.fravega.com/p/heladera-gafa-no-frost-inverter-hgnf251b-262lts-blanco-161218/,999999.0,699999.0,1,True
FRA-freezer-horizontal-philco-143-lts-invert,Fravega,PHILCO,Heladeras,Freezer Horizontal Philco 143 Lts Inverter Blanco PHCH145BI,https://www.fravega.com/p/freezer-horizontal-philco-143-lts-inverter-blanco-phch145bi-990288854/,764499.0,443999.0,1,True
FRA-freezer-philco-phch410bm-410-litros-1605,Fravega,PHILCO,Heladeras,Freezer Philco PHCH410BM 410 Litros,https://www.fravega.com/p/freezer-philco-phch410bm-410-litros-160587/,1199999.0,799999.0,1,True
FRA-heladera-inverter-midea-combi-no-frost-3,Fravega,MIDEA,Heladeras,Heladera Inverter Midea Combi No Frost 300 L Gris Oscuro,https://www.fravega.com/p/heladera-inverter-midea-combi-no-frost-300-l-gris-oscuro-990289048/,1299999.0,1029999.0,1,True
FRA-heladera-drean-ciclica-con-dispenser-hdr,Fravega,DREAN,Heladeras,Heladera Drean Cíclica con Dispenser HDR400F41E 396Lts Gris,https://www.fravega.com/p/heladera-drean-ciclica-con-dispenser-hdr400f41e-396lts-gris-161271/,1028969.0,929999.0,1,True
FRA-heladera-gafa-no-frost-inverter-water-di,Fravega,GAFA,Heladeras,Heladera Gafa No Frost Inverter Water Dispenser HGNW251P 262Lts Plata,https://www.fravega.com/p/heladera-gafa-no-frost-inverter-water-dispenser-hgnw251p-262lts-plata-161221/,926999.0,849999.0,1,True
FRA-heladera-ciclica-midea-mdrt33-240-litros,Fravega,MIDEA,Heladeras,Heladera Cíclica Midea MDRT33 240 Litros,https://www.fravega.com/p/heladera-ciclica-midea-mdrt33-240-litros-161314/,745499.0,549999.0,1,True
FRA-heladera-samsung-no-frost-inverter-rt29k,Fravega,SAMSUNG,Heladeras,Heladera Samsung No Frost Inverter RT29K577JS8 308Lts,https://www.fravega.com/p/heladera-samsung-no-frost-inverter-rt29k577js8-308lts-160752/,1124999.0,1069999.0,1,True
FRA-freezer-vertical-whirlpool-evox-231-lts-,Fravega,WHIRLPOOL,Heladeras,Freezer Vertical Whirlpool Evox 231 Lts,https://www.fravega.com/p/freezer-vertical-whirlpool-evox-231-lts-161382/,1799999.0,1099999.0,1,True
FRA-heladera-samsung-rt38cg6720s9b3-no-frost,Fravega,SAMSUNG,Heladeras,Heladera Samsung RT38CG6720S9B3 No Frost Inverter 384 L,https://www.fravega.com/p/heladera-samsung-rt38cg6720s9b3-no-frost-inverter-384-l--161202/,1464999.0,1239999.0,1,True
FRA-heladera-side-by-side-inverter-no-frost-,Fravega,GAFA,Heladeras,Heladera Side by Side Inverter No Frost Gafa 451 Lts HGSBS457X,https://www.fravega.com/p/heladera-side-by-side-inverter-no-frost-gafa-451-lts-hgsbs457x-161423/,1399999.0,1299999.0,1,True
FRA-heladera-gafa-257l-top-freezer-puerta-re,Fravega,GAFA,Heladeras,Heladera Gafa 257L Top Freezer Puerta Reversible Blanca HGF252B,https://www.fravega.com/p/heladera-gafa-257l-top-freezer-puerta-reversible-blanca-hgf252b-161145/,673499.0,649999.0,1,True
FRA-heladera-philco-side-by-side-inverter-pr,Fravega,PHILCO,Heladeras,Heladera Philco Side by Side Inverter PRESF480XD 453 Lts,https://www.fravega.com/p/heladera-philco-side-by-side-inverter-presf480xd-453-lts-161214/,2699999.0,1799999.0,1,True
FRA-heladera-con-freezer-gafa-hgf388afb-blan,Fravega,GAFA,Heladeras,Heladera con freezer Gafa HGF388AFB Blanca 374lts,https://www.fravega.com/p/heladera-con-freezer-gafa-hgf388afb-blanca-374lts-990014869/,1002887.0,857469.0,1,True
FRA-freezer-koh-i-noor-no-frost-307-litros-2,Fravega,OTRAS,Heladeras,Freezer Koh-I-Noor No Frost 307 Litros,https://www.fravega.com/p/freezer-koh-i-noor-no-frost-307-litros-22494361/,1659900.0,1449900.0,1,True
FRA-heladera-philco-no-frost-side-by-side-ph,Fravega,PHILCO,Heladeras,Heladera Philco No Frost Side by Side PHSB470XD2 385 Lts,https://www.fravega.com/p/heladera-philco-no-frost-side-by-side-phsb470xd2-385-lts-161203/,1739999.0,1399999.0,1,True
FRA-heladera-philco-phct225b-ciclica-199-l-1,Fravega,PHILCO,Heladeras,Heladera Philco PHCT225B Cíclica 199 L,https://www.fravega.com/p/heladera-philco-phct225b-ciclica-199-l-161148/,799999.0,499999.0,1,True
FRA-heladera-no-frost-hisense-466l-inverter-,Fravega,HISENSE,Heladeras,Heladera No Frost Hisense 466L Inverter Dispenser Inox RT3N461NMC,https://www.fravega.com/p/heladera-no-frost-hisense-466l-inverter-dispenser-inox-rt3n461nmc-990223657/,1773199.0,989999.0,1,True
FRA-heladera-whirlpool-no-frost-340-lts-wrm4,Fravega,WHIRLPOOL,Heladeras,Heladera Whirlpool No Frost 340 Lts WRM40MK,https://www.fravega.com/p/heladera-whirlpool-no-frost-340-lts-wrm40mk-161336/,959999.0,799999.0,1,True
FRA-heladera-drean-ciclica-hdr320f50e-314lts,Fravega,DREAN,Heladeras,Heladera Drean Cíclica HDR320F50E 314Lts Gris,https://www.fravega.com/p/heladera-drean-ciclica-hdr320f50e-314lts-gris-161270/,854899.0,699999.0,1,True
FRA-heladera-electrolux-no-frost-inverter-mu,Fravega,OTRAS,Heladeras,Heladera Electrolux No Frost Inverter Multidoor IM7S 480Lts Gris,https://www.fravega.com/p/heladera-electrolux-no-frost-inverter-multidoor-im7s-480lts-gris-161283/,1789599.0,1599999.0,1,True
FRA-heladera-con-freezer-ciclica-314-lts-bla,Fravega,DREAN,Heladeras,Heladera con freezer Cíclica 314 Lts Black Steel Drean HDR320F50N,https://www.fravega.com/p/heladera-con-freezer-ciclica-314-lts-black-steel-drean-hdr320f50n-990190147/,1151539.0,814999.0,1,True
FRA-heladera-drean-hdr280f50b-ciclica-277-l-,Fravega,DREAN,Heladeras,Heladera Drean HDR280F50B Cíclica 277 L Blanca,https://www.fravega.com/p/heladera-drean-hdr280f50b-ciclica-277-l-blanca-161046/,720999.0,649999.0,1,True
FRA-heladera-whirlpool-inverter-no-frost-bot,Fravega,WHIRLPOOL,Heladeras,Heladera Whirlpool Inverter No Frost Bottom Freezer Inox  397 Litros WRE45MK,https://www.fravega.com/p/heladera-whirlpool-inverter-no-frost-bottom-freezer-inox-397-litros-wre45mk-161487/,1869999.0,1499999.0,1,True
FRA-heladera-gafa-no-frost-356l-inverter-pla,Fravega,GAFA,Heladeras,Heladera Gafa No Frost 356L Inverter Plata HGNF333P,https://www.fravega.com/p/heladera-gafa-no-frost-356l-inverter-plata-hgnf333p-990224074/,1047665.0,819999.0,1,True
FRA-heladera-philco-phsb555xt-gris-496-lts-1,Fravega,PHILCO,Heladeras,Heladera Philco PHSB555XT Gris 496 Lts,https://www.fravega.com/p/heladera-philco-phsb555xt-gris-496-lts-160828/,2299999.0,1399999.0,1,True
FRA-heladera-gafa-no-frost-262l-inverter-pla,Fravega,GAFA,Heladeras,Heladera Gafa No Frost 262L Inverter Plata HGNF251P,https://www.fravega.com/p/heladera-gafa-no-frost-262l-inverter-plata-hgnf251p-990224075/,955665.0,729999.0,1,True
FRA-freezer-horizontal-hisense-280l-blanco-c,Fravega,HISENSE,Heladeras,Freezer Horizontal Hisense 280L Blanco CF3N297NEW,https://www.fravega.com/p/freezer-horizontal-hisense-280l-blanco-cf3n297new-990218335/,1002099.0,409999.0,1,True
FRA-heladera-multi-door-no-frost-admiral-inv,Fravega,OTRAS,Heladeras,Heladera Multi Door No Frost Admiral Inverter AD-HL480 I 404 Lts Grafito,https://www.fravega.com/p/heladera-multi-door-no-frost-admiral-inverter-ad-hl480-i-404-lts-grafito-161143/,1499999.0,999999.0,1,True
FRA-freezer-vertical-siam-fsi-cv180b-166-lts,Fravega,OTRAS,Heladeras,Freezer Vertical Siam FSI-CV180B 166 Lts,https://www.fravega.com/p/freezer-vertical-siam-fsi-cv180b-166-lts-160944/,699999.0,649999.0,1,True
FRA-heladera-gafa-219l-top-freezer-con-dispe,Fravega,GAFA,Heladeras,Heladera Gafa 219L Top Freezer con Dispenser de Agua Plata HGW311P,https://www.fravega.com/p/heladera-gafa-219l-top-freezer-con-dispenser-de-agua-plata-hgw311p-990268013/,931443.0,735999.0,1,True
FRA-heladera-electrolux-inverter-no-frost-if,Fravega,OTRAS,Heladeras,Heladera Electrolux Inverter No Frost IF43S 390L​ts,https://www.fravega.com/p/heladera-electrolux-inverter-no-frost-if43s-390lts-160984/,1439999.0,999999.0,1,True
FRA-heladera-gafa-no-frost-inverter-hgnf251b,Fravega,GAFA,Heladeras,Heladera Gafa No Frost Inverter HGNF251B 262Lts Blanco,https://www.fravega.com/p/heladera-gafa-no-frost-inverter-hgnf251b-262lts-blanco-161218/,999999.0,699999.0,1,True
FRA-freezer-horizontal-philco-143-lts-invert,Fravega,PHILCO,Heladeras,Freezer Horizontal Philco 143 Lts Inverter Blanco PHCH145BI,https://www.fravega.com/p/freezer-horizontal-philco-143-lts-inverter-blanco-phch145bi-990288854/,764499.0,443999.0,1,True
FRA-freezer-philco-phch410bm-410-litros-1605,Fravega,PHILCO,Heladeras,Freezer Philco PHCH410BM 410 Litros,https://www.fravega.com/p/freezer-philco-phch410bm-410-litros-160587/,1199999.0,799999.0,1,True
FRA-heladera-inverter-midea-combi-no-frost-3,Fravega,MIDEA,Heladeras,Heladera Inverter Midea Combi No Frost 300 L Gris Oscuro,https://www.fravega.com/p/heladera-inverter-midea-combi-no-frost-300-l-gris-oscuro-990289048/,1299999.0,1029999.0,1,True
FRA-heladera-no-frost-midea-mdrt489mte46adw-,Fravega,MIDEA,Heladeras,Heladera No Frost Midea MDRT489MTE46ADW 340 Litros,https://www.fravega.com/p/heladera-no-frost-midea-mdrt489mte46adw-340-litros-161122/,1019999.0,799999.0,1,True
FRA-heladera-ciclica-gafa-257-lts-hgf252p-16,Fravega,GAFA,Heladeras,Heladera Cíclica  GAFA 257 Lts HGF252P,https://www.fravega.com/p/heladera-ciclica-gafa-257-lts-hgf252p-161157/,719299.0,629999.0,1,True
FRA-heladera-samsung-inverter-rb31fsrndsa-no,Fravega,SAMSUNG,Heladeras,Heladera Samsung Inverter RB31FSRNDSA No Frost Bottom 328 L,https://www.fravega.com/p/heladera-samsung-inverter-rb31fsrndsa-no-frost-bottom-328-l-160856/,1784999.0,1599999.0,1,True
FRA-heladera-bajo-mesada-philco-phbm093b2-83,Fravega,PHILCO,Heladeras,Heladera Bajo mesada Philco PHBM093B2 83 Litros,https://www.fravega.com/p/heladera-bajo-mesada-philco-phbm093b2-83-litros-161370/,469999.0,329999.0,1,True
FRA-heladera-samsung-inverter-no-frost-299l-,Fravega,SAMSUNG,Heladeras,Heladera Samsung Inverter No Frost 299L RT29K507JS8,https://www.fravega.com/p/heladera-samsung-inverter-no-frost-299l-rt29k507js8-160955/,1029999.0,999999.0,1,True
FRA-heladera-inverter-no-frost-drean-rzn320p,Fravega,DREAN,Heladeras,Heladera Inverter No Frost Drean RZN320PCARX0 342 Litros,https://www.fravega.com/p/heladera-inverter-no-frost-drean-rzn320pcarx0-342-litros-161287/,1039999.0,899999.0,1,True
FRA-cava-de-vinos-vondom-para-12-botellas-es,Fravega,OTRAS,Heladeras,Cava de Vinos Vondom para 12 Botellas Estantes de Madera,https://www.fravega.com/p/cava-de-vinos-vondom-para-12-botellas-estantes-de-madera-161130/,279999.0,205999.0,1,True
FRA-heladera-drean-ciclica-rzd215pvarx0-215l,Fravega,DREAN,Heladeras,Heladera Drean Cíclica RZD215PVARX0 215Lts Inox,https://www.fravega.com/p/heladera-drean-ciclica-rzd215pvarx0-215lts-inox-161398/,645999.0,599999.0,1,True
FRA-freezer-inverter-horizontal-midea-mdrc28,Fravega,MIDEA,Heladeras,Freezer Inverter Horizontal Midea MDRC284FZE01 194 Litros,https://www.fravega.com/p/freezer-inverter-horizontal-midea-mdrc284fze01-194-litros-161392/,692999.0,499999.0,1,True
FRA-heladera-electrolux-inverter-top-freezer,Fravega,OTRAS,Heladeras,Heladera Electrolux Inverter Top Freezer No Frost 508L Plata IT70S,https://www.fravega.com/p/heladera-electrolux-inverter-top-freezer-no-frost-508l-plata-it70s-161267/,2399999.0,1399999.0,1,True
FRA-freezer-horizontal-gafa-blanco-inverter-,Fravega,GAFA,Heladeras,Freezer Horizontal Gafa Blanco Inverter 402lts FGHI400B-XL,https://www.fravega.com/p/freezer-horizontal-gafa-blanco-inverter-402lts-fghi400b-xl-990012078/,1050998.0,822935.0,1,True
FRA-heladera-whirlpool-no-frost-wrm39cb-top-,Fravega,WHIRLPOOL,Heladeras,Heladera Whirlpool No Frost WRM39CB Top Mount 340 lts,https://www.fravega.com/p/heladera-whirlpool-no-frost-wrm39cb-top-mount-340-lts-161048/,969999.0,749999.0,1,True
FRA-heladera-no-frost-midea-mdrt385mtf46ad-2,Fravega,MIDEA,Heladeras,Heladera No Frost Midea MDRT385MTF46AD 266 Litros,https://www.fravega.com/p/heladera-no-frost-midea-mdrt385mtf46ad-266-litros-161142/,899999.0,749999.0,1,True
FRA-heladera-multi-door-no-frost-whirlpool-i,Fravega,WHIRLPOOL,Heladeras,Heladera Multi Door No Frost Whirlpool Inverter WRO85MK 555 Lts,https://www.fravega.com/p/heladera-multi-door-no-frost-whirlpool-inverter-wro85mk-555-lts-161434/,3079999.0,2399999.0,1,True
FRA-heladera-philco-no-frost-side-by-side-ph,Fravega,PHILCO,Heladeras,Heladera Philco No Frost Side by Side PHSB470XD2 385 Lts,https://www.fravega.com/p/heladera-philco-no-frost-side-by-side-phsb470xd2-385-lts-161203/,1739999.0,1399999.0,1,True
FRA-heladera-philco-phct225b-ciclica-199-l-1,Fravega,PHILCO,Heladeras,Heladera Philco PHCT225B Cíclica 199 L,https://www.fravega.com/p/heladera-philco-phct225b-ciclica-199-l-161148/,799999.0,499999.0,1,True
FRA-heladera-no-frost-hisense-466l-inverter-,Fravega,HISENSE,Heladeras,Heladera No Frost Hisense 466L Inverter Dispenser Inox RT3N461NMC,https://www.fravega.com/p/heladera-no-frost-hisense-466l-inverter-dispenser-inox-rt3n461nmc-990223657/,1773199.0,989999.0,1,True
FRA-heladera-whirlpool-no-frost-340-lts-wrm4,Fravega,WHIRLPOOL,Heladeras,Heladera Whirlpool No Frost 340 Lts WRM40MK,https://www.fravega.com/p/heladera-whirlpool-no-frost-340-lts-wrm40mk-161336/,959999.0,799999.0,1,True
FRA-heladera-drean-ciclica-hdr320f50e-314lts,Fravega,DREAN,Heladeras,Heladera Drean Cíclica HDR320F50E 314Lts Gris,https://www.fravega.com/p/heladera-drean-ciclica-hdr320f50e-314lts-gris-161270/,854899.0,699999.0,1,True
FRA-heladera-electrolux-no-frost-inverter-mu,Fravega,OTRAS,Heladeras,Heladera Electrolux No Frost Inverter Multidoor IM7S 480Lts Gris,https://www.fravega.com/p/heladera-electrolux-no-frost-inverter-multidoor-im7s-480lts-gris-161283/,1789599.0,1599999.0,1,True
FRA-heladera-con-freezer-ciclica-314-lts-bla,Fravega,DREAN,Heladeras,Heladera con freezer Cíclica 314 Lts Black Steel Drean HDR320F50N,https://www.fravega.com/p/heladera-con-freezer-ciclica-314-lts-black-steel-drean-hdr320f50n-990190147/,1151539.0,814999.0,1,True
FRA-heladera-drean-hdr280f50b-ciclica-277-l-,Fravega,DREAN,Heladeras,Heladera Drean HDR280F50B Cíclica 277 L Blanca,https://www.fravega.com/p/heladera-drean-hdr280f50b-ciclica-277-l-blanca-161046/,720999.0,649999.0,1,True
FRA-heladera-whirlpool-inverter-no-frost-bot,Fravega,WHIRLPOOL,Heladeras,Heladera Whirlpool Inverter No Frost Bottom Freezer Inox  397 Litros WRE45MK,https://www.fravega.com/p/heladera-whirlpool-inverter-no-frost-bottom-freezer-inox-397-litros-wre45mk-161487/,1869999.0,1499999.0,1,True
FRA-heladera-gafa-no-frost-356l-inverter-pla,Fravega,GAFA,Heladeras,Heladera Gafa No Frost 356L Inverter Plata HGNF333P,https://www.fravega.com/p/heladera-gafa-no-frost-356l-inverter-plata-hgnf333p-990224074/,1047665.0,819999.0,1,True
FRA-heladera-philco-phsb555xt-gris-496-lts-1,Fravega,PHILCO,Heladeras,Heladera Philco PHSB555XT Gris 496 Lts,https://www.fravega.com/p/heladera-philco-phsb555xt-gris-496-lts-160828/,2299999.0,1399999.0,1,True
FRA-heladera-gafa-no-frost-262l-inverter-pla,Fravega,GAFA,Heladeras,Heladera Gafa No Frost 262L Inverter Plata HGNF251P,https://www.fravega.com/p/heladera-gafa-no-frost-262l-inverter-plata-hgnf251p-990224075/,955665.0,729999.0,1,True
FRA-freezer-horizontal-hisense-280l-blanco-c,Fravega,HISENSE,Heladeras,Freezer Horizontal Hisense 280L Blanco CF3N297NEW,https://www.fravega.com/p/freezer-horizontal-hisense-280l-blanco-cf3n297new-990218335/,1002099.0,409999.0,1,True
FRA-heladera-multi-door-no-frost-admiral-inv,Fravega,OTRAS,Heladeras,Heladera Multi Door No Frost Admiral Inverter AD-HL480 I 404 Lts Grafito,https://www.fravega.com/p/heladera-multi-door-no-frost-admiral-inverter-ad-hl480-i-404-lts-grafito-161143/,1499999.0,999999.0,1,True
FRA-freezer-vertical-siam-fsi-cv180b-166-lts,Fravega,OTRAS,Heladeras,Freezer Vertical Siam FSI-CV180B 166 Lts,https://www.fravega.com/p/freezer-vertical-siam-fsi-cv180b-166-lts-160944/,699999.0,649999.0,1,True
FRA-heladera-gafa-219l-top-freezer-con-dispe,Fravega,GAFA,Heladeras,Heladera Gafa 219L Top Freezer con Dispenser de Agua Plata HGW311P,https://www.fravega.com/p/heladera-gafa-219l-top-freezer-con-dispenser-de-agua-plata-hgw311p-990268013/,931443.0,735999.0,1,True
FRA-heladera-electrolux-inverter-no-frost-if,Fravega,OTRAS,Heladeras,Heladera Electrolux Inverter No Frost IF43S 390L​ts,https://www.fravega.com/p/heladera-electrolux-inverter-no-frost-if43s-390lts-160984/,1439999.0,999999.0,1,True
FRA-heladera-gafa-no-frost-inverter-hgnf251b,Fravega,GAFA,Heladeras,Heladera Gafa No Frost Inverter HGNF251B 262Lts Blanco,https://www.fravega.com/p/heladera-gafa-no-frost-inverter-hgnf251b-262lts-blanco-161218/,999999.0,699999.0,1,True
FRA-freezer-horizontal-philco-143-lts-invert,Fravega,PHILCO,Heladeras,Freezer Horizontal Philco 143 Lts Inverter Blanco PHCH145BI,https://www.fravega.com/p/freezer-horizontal-philco-143-lts-inverter-blanco-phch145bi-990288854/,764499.0,443999.0,1,True
FRA-freezer-philco-phch410bm-410-litros-1605,Fravega,PHILCO,Heladeras,Freezer Philco PHCH410BM 410 Litros,https://www.fravega.com/p/freezer-philco-phch410bm-410-litros-160587/,1199999.0,799999.0,1,True
FRA-heladera-inverter-midea-combi-no-frost-3,Fravega,MIDEA,Heladeras,Heladera Inverter Midea Combi No Frost 300 L Gris Oscuro,https://www.fravega.com/p/heladera-inverter-midea-combi-no-frost-300-l-gris-oscuro-990289048/,1299999.0,1029999.0,1,True
FRA-heladera-hisense-side-by-side-468l-94rs3,Fravega,HISENSE,Heladeras,Heladera Hisense Side by Side 468L 94RS3N428NAD,https://www.fravega.com/p/heladera-hisense-side-by-side-468l-94rs3n428nad-161076/,1459999.0,1099999.0,1,True
FRA-heladera-ciclica-gafa-319-lts-puerta-rev,Fravega,GAFA,Heladeras,Heladera Cíclica Gafa 319 Lts Puerta Reversible HGW311P,https://www.fravega.com/p/heladera-ciclica-gafa-319-lts-puerta-reversible-hgw311p-161165/,838299.0,779999.0,1,True
FRA-heladera-whirlpool-wrm42mb-inverter-no-f,Fravega,WHIRLPOOL,Heladeras,Heladera Whirlpool WRM42MB Inverter No Frost Top Freezer - 407 / 386 Litros,https://www.fravega.com/p/heladera-whirlpool-wrm42mb-inverter-no-frost-top-freezer-407-386-litros-161748/,1179999.0,899999.0,1,True
FRA-heladera-gafa-no-frost-262l-inverter-bla,Fravega,GAFA,Heladeras,Heladera Gafa No Frost 262L Inverter Blanca HGNF251B,https://www.fravega.com/p/heladera-gafa-no-frost-262l-inverter-blanca-hgnf251b-990224076/,908110.0,702879.0,1,True
FRA-heladera-ciclica-telefunken-tfk-hd220b-2,Fravega,OTRAS,Heladeras,Heladera Cíclica Telefunken TFK-HD220B 220 Lts,https://www.fravega.com/p/heladera-ciclica-telefunken-tfk-hd220b-220-lts-161197/,489900.0,479999.0,1,True
FRA-heladera-ciclica-gafa-hgf358afb-282lts-b,Fravega,GAFA,Heladeras,Heladera Cíclica GAFA HGF358AFB 282Lts Blanca,https://www.fravega.com/p/heladera-ciclica-gafa-hgf358afb-282lts-blanca-160826/,819999.0,699999.0,1,True
FRA-heladera-gafa-no-frost-inverter-water-di,Fravega,GAFA,Heladeras,Heladera Gafa No Frost Inverter Water Dispenser HGNW333P 354Lts Plata,https://www.fravega.com/p/heladera-gafa-no-frost-inverter-water-dispenser-hgnw333p-354lts-plata-161223/,1037199.0,849999.0,1,True
FRA-heladera-exhibidora-vertical-briket-3030,Fravega,OTRAS,Heladeras,Heladera Exhibidora Vertical Briket 3030 293 Lts,https://www.fravega.com/p/heladera-exhibidora-vertical-briket-3030-293-lts-161106/,1199999.0,899999.0,1,True
FRA-heladera-electrolux-top-freezer-no-frost,Fravega,OTRAS,Heladeras,Heladera Electrolux Top Freezer No Frost Inverter Plata 408L IF43S,https://www.fravega.com/p/heladera-electrolux-top-freezer-no-frost-inverter-plata-408l-if43s-990186198/,1342554.0,999999.0,1,True
FRA-heladera-whirlpool-inverter-no-frost-bot,Fravega,WHIRLPOOL,Heladeras,Heladera Whirlpool Inverter No Frost Bottom Freezer Inox - 428 / 397 Litros,https://www.fravega.com/p/heladera-whirlpool-inverter-no-frost-bottom-freezer-inox-428-397-litros-990280189/,1869999.0,1249999.0,1,True
FRA-heladera-combi-bgh-312l-inox-brc310i1a-1,Fravega,BGH,Heladeras,Heladera Combi BGH 312L Inox BRC310I1A,https://www.fravega.com/p/heladera-combi-bgh-312l-inox-brc310i1a-161529/,1133099.0,999999.0,1,True
FRA--freezer-midea-fc-mj6war1-160-lt-160516,Fravega,MIDEA,Heladeras,Freezer Midea FC-MJ6WAR1 160 Lt,https://www.fravega.com/p/-freezer-midea-fc-mj6war1-160-lt-160516/,809999.0,569999.0,1,True
FRA-heladera-gafa-hgf388afb-374l-blanca-1608,Fravega,GAFA,Heladeras,Heladera Gafa HGF388AFB 374L Blanca,https://www.fravega.com/p/heladera-gafa-hgf388afb-374l-blanca-160895/,1019999.0,749999.0,1,True
FRA-heladera-electrolux-inverter-no-frost-in,Fravega,OTRAS,Heladeras,Heladera Electrolux Inverter No Frost Inverter Bottom Freezer IB6S 429Lts,https://www.fravega.com/p/heladera-electrolux-inverter-no-frost-inverter-bottom-freezer-ib6s-429lts-161282/,1419699.0,1299999.0,1,True
FRA-heladera-philco-no-frost-side-by-side-ph,Fravega,PHILCO,Heladeras,Heladera Philco No Frost Side by Side PHSB470XD2 385 Lts,https://www.fravega.com/p/heladera-philco-no-frost-side-by-side-phsb470xd2-385-lts-161203/,1739999.0,1399999.0,1,True
FRA-heladera-philco-phct225b-ciclica-199-l-1,Fravega,PHILCO,Heladeras,Heladera Philco PHCT225B Cíclica 199 L,https://www.fravega.com/p/heladera-philco-phct225b-ciclica-199-l-161148/,799999.0,499999.0,1,True
FRA-heladera-no-frost-hisense-466l-inverter-,Fravega,HISENSE,Heladeras,Heladera No Frost Hisense 466L Inverter Dispenser Inox RT3N461NMC,https://www.fravega.com/p/heladera-no-frost-hisense-466l-inverter-dispenser-inox-rt3n461nmc-990223657/,1773199.0,989999.0,1,True
FRA-heladera-whirlpool-no-frost-340-lts-wrm4,Fravega,WHIRLPOOL,Heladeras,Heladera Whirlpool No Frost 340 Lts WRM40MK,https://www.fravega.com/p/heladera-whirlpool-no-frost-340-lts-wrm40mk-161336/,959999.0,799999.0,1,True
FRA-heladera-drean-ciclica-hdr320f50e-314lts,Fravega,DREAN,Heladeras,Heladera Drean Cíclica HDR320F50E 314Lts Gris,https://www.fravega.com/p/heladera-drean-ciclica-hdr320f50e-314lts-gris-161270/,854899.0,699999.0,1,True
FRA-heladera-electrolux-no-frost-inverter-mu,Fravega,OTRAS,Heladeras,Heladera Electrolux No Frost Inverter Multidoor IM7S 480Lts Gris,https://www.fravega.com/p/heladera-electrolux-no-frost-inverter-multidoor-im7s-480lts-gris-161283/,1789599.0,1599999.0,1,True
FRA-heladera-con-freezer-ciclica-314-lts-bla,Fravega,DREAN,Heladeras,Heladera con freezer Cíclica 314 Lts Black Steel Drean HDR320F50N,https://www.fravega.com/p/heladera-con-freezer-ciclica-314-lts-black-steel-drean-hdr320f50n-990190147/,1151539.0,814999.0,1,True
FRA-heladera-drean-hdr280f50b-ciclica-277-l-,Fravega,DREAN,Heladeras,Heladera Drean HDR280F50B Cíclica 277 L Blanca,https://www.fravega.com/p/heladera-drean-hdr280f50b-ciclica-277-l-blanca-161046/,720999.0,649999.0,1,True
FRA-heladera-whirlpool-inverter-no-frost-bot,Fravega,WHIRLPOOL,Heladeras,Heladera Whirlpool Inverter No Frost Bottom Freezer Inox  397 Litros WRE45MK,https://www.fravega.com/p/heladera-whirlpool-inverter-no-frost-bottom-freezer-inox-397-litros-wre45mk-161487/,1869999.0,1499999.0,1,True
FRA-heladera-gafa-no-frost-356l-inverter-pla,Fravega,GAFA,Heladeras,Heladera Gafa No Frost 356L Inverter Plata HGNF333P,https://www.fravega.com/p/heladera-gafa-no-frost-356l-inverter-plata-hgnf333p-990224074/,1047665.0,819999.0,1,True
FRA-heladera-philco-phsb555xt-gris-496-lts-1,Fravega,PHILCO,Heladeras,Heladera Philco PHSB555XT Gris 496 Lts,https://www.fravega.com/p/heladera-philco-phsb555xt-gris-496-lts-160828/,2299999.0,1399999.0,1,True
FRA-heladera-gafa-no-frost-262l-inverter-pla,Fravega,GAFA,Heladeras,Heladera Gafa No Frost 262L Inverter Plata HGNF251P,https://www.fravega.com/p/heladera-gafa-no-frost-262l-inverter-plata-hgnf251p-990224075/,955665.0,729999.0,1,True
FRA-freezer-horizontal-hisense-280l-blanco-c,Fravega,HISENSE,Heladeras,Freezer Horizontal Hisense 280L Blanco CF3N297NEW,https://www.fravega.com/p/freezer-horizontal-hisense-280l-blanco-cf3n297new-990218335/,1002099.0,409999.0,1,True
FRA-heladera-multi-door-no-frost-admiral-inv,Fravega,OTRAS,Heladeras,Heladera Multi Door No Frost Admiral Inverter AD-HL480 I 404 Lts Grafito,https://www.fravega.com/p/heladera-multi-door-no-frost-admiral-inverter-ad-hl480-i-404-lts-grafito-161143/,1499999.0,999999.0,1,True
FRA-freezer-vertical-siam-fsi-cv180b-166-lts,Fravega,OTRAS,Heladeras,Freezer Vertical Siam FSI-CV180B 166 Lts,https://www.fravega.com/p/freezer-vertical-siam-fsi-cv180b-166-lts-160944/,699999.0,649999.0,1,True
FRA-heladera-gafa-219l-top-freezer-con-dispe,Fravega,GAFA,Heladeras,Heladera Gafa 219L Top Freezer con Dispenser de Agua Plata HGW311P,https://www.fravega.com/p/heladera-gafa-219l-top-freezer-con-dispenser-de-agua-plata-hgw311p-990268013/,931443.0,735999.0,1,True
FRA-heladera-electrolux-inverter-no-frost-if,Fravega,OTRAS,Heladeras,Heladera Electrolux Inverter No Frost IF43S 390L​ts,https://www.fravega.com/p/heladera-electrolux-inverter-no-frost-if43s-390lts-160984/,1439999.0,999999.0,1,True
FRA-heladera-gafa-no-frost-inverter-hgnf251b,Fravega,GAFA,Heladeras,Heladera Gafa No Frost Inverter HGNF251B 262Lts Blanco,https://www.fravega.com/p/heladera-gafa-no-frost-inverter-hgnf251b-262lts-blanco-161218/,999999.0,699999.0,1,True
FRA-freezer-horizontal-philco-143-lts-invert,Fravega,PHILCO,Heladeras,Freezer Horizontal Philco 143 Lts Inverter Blanco PHCH145BI,https://www.fravega.com/p/freezer-horizontal-philco-143-lts-inverter-blanco-phch145bi-990288854/,764499.0,443999.0,1,True
FRA-freezer-philco-phch410bm-410-litros-1605,Fravega,PHILCO,Heladeras,Freezer Philco PHCH410BM 410 Litros,https://www.fravega.com/p/freezer-philco-phch410bm-410-litros-160587/,1199999.0,799999.0,1,True
FRA-heladera-inverter-midea-combi-no-frost-3,Fravega,MIDEA,Heladeras,Heladera Inverter Midea Combi No Frost 300 L Gris Oscuro,https://www.fravega.com/p/heladera-inverter-midea-combi-no-frost-300-l-gris-oscuro-990289048/,1299999.0,1029999.0,1,True
FRA-heladera-samsung-no-frost-inverter-rt32k,Fravega,SAMSUNG,Heladeras,Heladera Samsung No Frost Inverter RT32K5070S8 320Lts,https://www.fravega.com/p/heladera-samsung-no-frost-inverter-rt32k5070s8-320lts-160564/,1259999.0,1041321.49,1,True
FRA-heladera-single-door-177l-negra-hisense-,Fravega,HISENSE,Heladeras,Heladera Single Door 177L Negra Hisense RL230WB4AU,https://www.fravega.com/p/heladera-single-door-177l-negra-hisense-rl230wb4au-990182014/,733699.0,384999.0,1,True
FRA-heladera-electrolux-no-frost-inverter-40,Fravega,OTRAS,Heladeras,Heladera Electrolux No Frost Inverter 400L Efficient Rapid Freeze Plata IB6S,https://www.fravega.com/p/heladera-electrolux-no-frost-inverter-400l-efficient-rapid-freeze-plata-ib6s-990266301/,1577443.0,1192549.0,1,True
FRA-freezer-inelro-fih-350a-280lts-160923,Fravega,OTRAS,Heladeras,Freezer Inelro FIH 350A++ 280Lts,https://www.fravega.com/p/freezer-inelro-fih-350a-280lts-160923/,899999.0,799999.0,1,True
FRA-heladera-no-frost-inverter-samsung-rt32k,Fravega,SAMSUNG,Heladeras,Heladera No Frost Inverter Samsung RT32K5930 330Lt,https://www.fravega.com/p/heladera-no-frost-inverter-samsung-rt32k5930-330lt-160401/,1374999.0,1136362.81,1,True
FRA-heladera-philco-ciclica-con-congelador-p,Fravega,PHILCO,Heladeras,Heladera Philco Cíclica con Congelador PHCT242X 231Lts Inox,https://www.fravega.com/p/heladera-philco-ciclica-con-congelador-phct242x-231lts-inox-161107/,849999.0,549999.0,1,True
FRA-freezer-horizontal-gafa-plata-inverter-2,Fravega,GAFA,Heladeras,Freezer Horizontal Gafa Plata Inverter 280lts FGHI300P-L,https://www.fravega.com/p/freezer-horizontal-gafa-plata-inverter-280lts-fghi300p-l-990012076/,902443.0,690369.0,1,True
FRA-exhibidora-vertical-m5000-tm-ls-hc-501-l,Fravega,OTRAS,Heladeras,Exhibidora Vertical M5000 TM LS HC 501 Lt,https://www.fravega.com/p/exhibidora-vertical-m5000-tm-ls-hc-501-lt-160929/,1499999.0,1399999.0,1,True
FRA-heladera-bgh-brs400i1a-side-by-side-no-f,Fravega,BGH,Heladeras,Heladera BGH BRS400I1A Side by Side No Frost Inverter 379 L,https://www.fravega.com/p/heladera-bgh-brs400i1a-side-by-side-no-frost-inverter-379-l--161183/,1599999.0,1399999.0,1,True
FRA-heladera-no-frost-smartlife-inverter-260,Fravega,OTRAS,Heladeras,Heladera No Frost Smartlife Inverter 260 litros SL-RNF270SD,https://www.fravega.com/p/heladera-no-frost-smartlife-inverter-260-litros-sl-rnf270sd-161257/,889999.0,849999.0,1,True
FRA-freezer-horizontal-inverter-philco-phch0,Fravega,PHILCO,Heladeras,Freezer Horizontal Inverter Philco PHCH099BI 99 Litros,https://www.fravega.com/p/freezer-horizontal-inverter-philco-phch099bi-99-litros-161312/,679999.0,439999.0,1,True
FRA-freezer-gafa-inverter-fghi300b-l-280l-bl,Fravega,GAFA,Heladeras,Freezer Gafa Inverter FGHI300B-L 280L Blanco,https://www.fravega.com/p/freezer-gafa-inverter-fghi300b-l-280l-blanco-160950/,845999.0,729999.0,1,True
FRA-freezer-inelro-inverter-fih-550a-470lts-,Fravega,OTRAS,Heladeras,Freezer Inelro Inverter FIH 550A++ 470Lts,https://www.fravega.com/p/freezer-inelro-inverter-fih-550a-470lts-161109/,1399999.0,1199999.0,1,True
FRA-heladera-lg-side-by-side-instaview-door-,Fravega,LG,Heladeras,Heladera LG Side by Side Instaview Door in Door Inverter Craft Ice Negro,https://www.fravega.com/p/heladera-lg-side-by-side-instaview-door-door-inverter-craft-ice-negro-161193/,4199999.0,3999999.0,1,True
FRA-exhibidora-inelro-mt17ng-r290-460lts-160,Fravega,OTRAS,Heladeras,Exhibidora Inelro MT17NG R290 460Lts,https://www.fravega.com/p/exhibidora-inelro-mt17ng-r290-460lts-160938/,2256999.0,1199999.0,1,True
FRA-lavasecarropas-philco-inverter-phls128-2,Fravega,PHILCO,Lavado,Lavasecarropas Philco Inverter PHLS128-2GSN 12Kg 8Kg,https://www.fravega.com/p/lavasecarropas-philco-inverter-phls128-2gsn-12kg-8kg-170577/,999999.0,904976.47,1,True
FRA-lavarropas-automatico-carga-frontal-inve,Fravega,PHILCO,Lavado,Lavarropas Automático Carga Frontal Inverter Philco 11 Kg 1400 RPM PHLF111GN2,https://www.fravega.com/p/lavarropas-automatico-carga-frontal-inverter-philco-11-kg-1400-rpm-phlf111gn2--170705/,1199999.0,799999.0,1,True
FRA-lavarropas-candy-ro1696dwh7-1-12-carga-f,Fravega,OTRAS,Lavado,Lavarropas Candy RO1696DWH7/1-12 Carga Frontal Inverter 9kg,https://www.fravega.com/p/lavarropas-candy-ro1696dwh7-1-12-carga-frontal-inverter-9kg-170420/,1499999.0,799999.0,1,True
FRA-lavarropas-automatico-philco-7kg-carga-s,Fravega,PHILCO,Lavado,Lavarropas Automatico Philco 7kg Carga Superior PHCS10B,https://www.fravega.com/p/lavarropas-automatico-philco-7kg-carga-superior-phcs10b-990250875/,1084599.0,499999.0,1,True
FRA-lavasecarropas-automatico-carga-frontal-,Fravega,MIDEA,Lavado,Lavasecarropas Automático Carga Frontal Inverter Midea 8Kg 6Kg 1400 RPM MF200D80WB/T,https://www.fravega.com/p/lavasecarropas-automatico-carga-frontal-inverter-midea-8kg-6kg-1400-rpm-mf200d80wb-t-170712/,1199999.0,799999.0,1,True
FRA-lavarropas-midea-carga-frontal-inverter-,Fravega,MIDEA,Lavado,Lavarropas Midea Carga Frontal Inverter Wi-Fi 8kg 1400rpm MF200 Titanium,https://www.fravega.com/p/lavarropas-midea-carga-frontal-inverter-wi-fi-8kg-1400rpm-mf200-titanium-170549/,939999.0,649999.0,1,True
FRA-lavasecarropas-philco-11-6-kg-carga-fron,Fravega,PHILCO,Lavado,Lavasecarropas Philco 11/6 Kg Carga Frontal Inverter Gris PHLS116-7GN,https://www.fravega.com/p/lavasecarropas-philco-11-6-kg-carga-frontal-inverter-gris-phls116-7gn-990286682/,1319999.0,949999.0,1,True
FRA-lavarropas-carga-frontal-electrolux-inve,Fravega,OTRAS,Lavado,Lavarropas Carga Frontal Electrolux Inverter ELAF210B 10 Kg,https://www.fravega.com/p/lavarropas-carga-frontal-electrolux-inverter-elaf210b-10-kg-170410/,1142999.0,944627.27,1,True
FRA-lavarropas-carga-superior-gafa-fuzzyfit-,Fravega,GAFA,Lavado,Lavarropas Carga Superior Gafa FuzzyFit 7kg Blanco,https://www.fravega.com/p/lavarropas-carga-superior-gafa-fuzzyfit-7kg-blanco-50029870/,686665.0,537659.0,1,True
FRA-lavarropas-whirlpool-carga-frontal-7kg-i,Fravega,WHIRLPOOL,Lavado,Lavarropas Whirlpool Carga Frontal 7kg Inverter Blanco,https://www.fravega.com/p/lavarropas-whirlpool-carga-frontal-7kg-inverter-blanco-170823/,826730.0,749999.0,1,True
FRA-secarropas-candy-c9tbe-12-smartpro-9kg-2,Fravega,OTRAS,Lavado,Secarropas Candy C9TBE-12 SmartPro 9kg,https://www.fravega.com/p/secarropas-candy-c9tbe-12-smartpro-9kg-280116/,1159999.0,699999.0,1,True
FRA-lavarropas-philco-11-kg-carga-frontal-in,Fravega,PHILCO,Lavado,Lavarropas Philco 11 Kg Carga Frontal Inverter Grey PHLF117GN,https://www.fravega.com/p/lavarropas-philco-11-kg-carga-frontal-inverter-grey-phlf117gn-990284913/,1319999.0,879999.0,1,True
FRA-lavarropas-drean-concept-neo-fuzzy-6-5-k,Fravega,DREAN,Lavado,"Lavarropas Drean Concept Neo Fuzzy 6,5 Kg Blanco",https://www.fravega.com/p/lavarropas-drean-concept-neo-fuzzy-6-5-kg-blanco-170702/,588999.0,549999.0,1,True
FRA-lavavajilla-13-cubiertos-philco-phlj13n-,Fravega,PHILCO,Lavado,Lavavajilla 13 Cubiertos Philco PHLJ13N,https://www.fravega.com/p/lavavajilla-13-cubiertos-philco-phlj13n-990267614/,1031799.0,549999.0,1,True
FRA-lavarropas-electrolux-elac014s-carga-sup,Fravega,OTRAS,Lavado,"Lavarropas Electrolux ELAC014S Carga Superior Premiun Care 7,5 Kg Silver",https://www.fravega.com/p/lavarropas-electrolux-elac014s-carga-superior-premiun-care-7-5-kg-silver-170765/,799999.0,629999.0,1,True
FRA-lavavajillas-candy-6c4f1ps-12-inverter-1,Fravega,OTRAS,Lavado,Lavavajillas Candy 6C4F1PS-12 Inverter 16 Cubiertos Silver,https://www.fravega.com/p/lavavajillas-candy-6c4f1ps-12-inverter-16-cubiertos-silver-170571/,1899999.0,999999.0,1,True
FRA-secarropas-whirlpool-por-calor-7-kg-1000,Fravega,WHIRLPOOL,Lavado,Secarropas Whirlpool Por Calor 7 KG,https://www.fravega.com/p/secarropas-whirlpool-por-calor-7-kg-10009364/,1019999.0,699999.0,1,True
FRA-lavarropas-philco-predicta-inverter-phlf,Fravega,PHILCO,Lavado,Lavarropas Philco Predicta Inverter PHLF8014PI2 8 Kg 1400 RPM,https://www.fravega.com/p/lavarropas-philco-predicta-inverter-phlf8014pi2-8-kg-1400-rpm-170584/,849999.0,749999.0,1,True
FRA-lavarropas-automatico-carga-superior-phi,Fravega,PHILCO,Lavado,Lavarropas Automático Carga Superior Philco 5 Kg 700 RPM PHLS67GN,https://www.fravega.com/p/lavarropas-automatico-carga-superior-philco-5-kg-700-rpm-phls67gn--170703/,499999.0,399999.0,1,True
FRA-lavarropas-carga-superior-gafa-digifit-6,Fravega,GAFA,Lavado,"Lavarropas Carga Superior Gafa DigiFit 6,5kg Blanco",https://www.fravega.com/p/lavarropas-carga-superior-gafa-digifit-6-5kg-blanco-50029845/,646110.0,511719.0,1,True
FRA-lavavajillas-admiral-ad-lvd1305se-13-cub,Fravega,OTRAS,Lavado,Lavavajillas Admiral AD-LVD1305SE 13 Cubiertos Inox,https://www.fravega.com/p/lavavajillas-admiral-ad-lvd1305se-13-cubiertos-inox-170467/,699999.0,499999.0,1,True
FRA-lavarropas-carga-frontal-9-5kg-1400-rpm-,Fravega,SAMSUNG,Lavado,Lavarropas Carga Frontal 9.5Kg 1400 RPM Samsung WW95AA046BXU,https://www.fravega.com/p/lavarropas-carga-frontal-9-5kg-1400-rpm-samsung-ww95aa046bxu-170422/,1349999.0,1149999.0,1,True
FRA-lavarropas-automatico-electrolux-8-5-kg-,Fravega,OTRAS,Lavado,"Lavarropas Automático Electrolux 8,5 Kg ELAF208S",https://www.fravega.com/p/lavarropas-automatico-electrolux-8-5-kg-elaf208s-170562/,899999.0,749999.0,1,True
FRA-lavasecarropas-philco-12kg-8kg-phls128-2,Fravega,PHILCO,Lavado,Lavasecarropas Philco 12Kg 8KG PHLS128-2TN,https://www.fravega.com/p/lavasecarropas-philco-12kg-8kg-phls128-2tn-170570/,1049999.0,949999.0,1,True
FRA-lavarropas-smartlife-automatico-inverter,Fravega,OTRAS,Lavado,Lavarropas Smartlife Automático Inverter 8kg SL-WMI081400G Gris,https://www.fravega.com/p/lavarropas-smartlife-automatico-inverter-8kg-sl-wmi081400g-gris-170681/,779999.0,599999.0,1,True
FRA-lavarropas-smartlife-6k-sl-wmi061000w--1,Fravega,OTRAS,Lavado,Lavarropas Smartlife 6K SL-WMI061000W,https://www.fravega.com/p/lavarropas-smartlife-6k-sl-wmi061000w--170429/,639999.0,519999.0,1,True
FRA-lavarropas-automatico-carga-frontal-drea,Fravega,DREAN,Lavado,Lavarropas Automático Carga Frontal Drean 8Kg 1400RPM LCFDR0814SB0,https://www.fravega.com/p/lavarropas-automatico-carga-frontal-drean-8kg-1400rpm-lcfdr0814sb0-170678/,914999.0,799999.0,1,True
FRA-lavasecarropas-drean-lscdr1106i-11-kg-17,Fravega,DREAN,Lavado,Lavasecarropas Drean LSCDR1106I 11 kg,https://www.fravega.com/p/lavasecarropas-drean-lscdr1106i-11-kg-170382/,1349999.0,1299999.0,1,True
FRA-lavarropas-drean-concept-neo-fuzzy-6-5-k,Fravega,DREAN,Lavado,"Lavarropas Drean Concept Neo Fuzzy 6,5 Kg Gris",https://www.fravega.com/p/lavarropas-drean-concept-neo-fuzzy-6-5-kg-gris-170718/,605999.0,589999.0,1,True
FRA-lavarropas-automatico-carga-frontal-inve,Fravega,PHILCO,Lavado,Lavarropas Automático Carga Frontal Inverter Philco 11 Kg 1400 RPM PHLF111GSN,https://www.fravega.com/p/lavarropas-automatico-carga-frontal-inverter-philco-11-kg-1400-rpm-phlf111gsn--170886/,1199999.0,699999.0,1,True
FRA-lavarropas-philco-94phlf6510p2-6-5-kg-10,Fravega,PHILCO,Lavado,"Lavarropas Philco 94PHLF6510P2 6,5 Kg 1000 RPM",https://www.fravega.com/p/lavarropas-philco-94phlf6510p2-6-5-kg-1000-rpm-170563/,719999.0,599999.0,1,True
FRA-lavarropas-carga-superior-gafa-fuzzyfit-,Fravega,GAFA,Lavado,Lavarropas Carga Superior Gafa FuzzyFit 7kg Plata,https://www.fravega.com/p/lavarropas-carga-superior-gafa-fuzzyfit-7kg-plata-50029891/,709554.0,561969.0,1,True
FRA-lavasecarropas-philco-inverter-phls128-2,Fravega,PHILCO,Lavado,Lavasecarropas Philco Inverter PHLS128-2GSN 12Kg 8Kg,https://www.fravega.com/p/lavasecarropas-philco-inverter-phls128-2gsn-12kg-8kg-170577/,999999.0,904976.47,1,True
FRA-lavarropas-automatico-carga-frontal-inve,Fravega,PHILCO,Lavado,Lavarropas Automático Carga Frontal Inverter Philco 11 Kg 1400 RPM PHLF111GN2,https://www.fravega.com/p/lavarropas-automatico-carga-frontal-inverter-philco-11-kg-1400-rpm-phlf111gn2--170705/,1199999.0,799999.0,1,True
FRA-lavarropas-candy-ro1696dwh7-1-12-carga-f,Fravega,OTRAS,Lavado,Lavarropas Candy RO1696DWH7/1-12 Carga Frontal Inverter 9kg,https://www.fravega.com/p/lavarropas-candy-ro1696dwh7-1-12-carga-frontal-inverter-9kg-170420/,1499999.0,799999.0,1,True
FRA-lavarropas-automatico-philco-7kg-carga-s,Fravega,PHILCO,Lavado,Lavarropas Automatico Philco 7kg Carga Superior PHCS10B,https://www.fravega.com/p/lavarropas-automatico-philco-7kg-carga-superior-phcs10b-990250875/,1084599.0,499999.0,1,True
FRA-lavasecarropas-automatico-carga-frontal-,Fravega,MIDEA,Lavado,Lavasecarropas Automático Carga Frontal Inverter Midea 8Kg 6Kg 1400 RPM MF200D80WB/T,https://www.fravega.com/p/lavasecarropas-automatico-carga-frontal-inverter-midea-8kg-6kg-1400-rpm-mf200d80wb-t-170712/,1199999.0,799999.0,1,True
FRA-lavarropas-midea-carga-frontal-inverter-,Fravega,MIDEA,Lavado,Lavarropas Midea Carga Frontal Inverter Wi-Fi 8kg 1400rpm MF200 Titanium,https://www.fravega.com/p/lavarropas-midea-carga-frontal-inverter-wi-fi-8kg-1400rpm-mf200-titanium-170549/,939999.0,649999.0,1,True
FRA-lavasecarropas-philco-11-6-kg-carga-fron,Fravega,PHILCO,Lavado,Lavasecarropas Philco 11/6 Kg Carga Frontal Inverter Gris PHLS116-7GN,https://www.fravega.com/p/lavasecarropas-philco-11-6-kg-carga-frontal-inverter-gris-phls116-7gn-990286682/,1319999.0,949999.0,1,True
FRA-lavarropas-carga-frontal-electrolux-inve,Fravega,OTRAS,Lavado,Lavarropas Carga Frontal Electrolux Inverter ELAF210B 10 Kg,https://www.fravega.com/p/lavarropas-carga-frontal-electrolux-inverter-elaf210b-10-kg-170410/,1142999.0,944627.27,1,True
FRA-lavarropas-carga-superior-gafa-fuzzyfit-,Fravega,GAFA,Lavado,Lavarropas Carga Superior Gafa FuzzyFit 7kg Blanco,https://www.fravega.com/p/lavarropas-carga-superior-gafa-fuzzyfit-7kg-blanco-50029870/,686665.0,537659.0,1,True
FRA-lavarropas-whirlpool-carga-frontal-7kg-i,Fravega,WHIRLPOOL,Lavado,Lavarropas Whirlpool Carga Frontal 7kg Inverter Blanco,https://www.fravega.com/p/lavarropas-whirlpool-carga-frontal-7kg-inverter-blanco-170823/,826730.0,749999.0,1,True
FRA-secarropas-candy-c9tbe-12-smartpro-9kg-2,Fravega,OTRAS,Lavado,Secarropas Candy C9TBE-12 SmartPro 9kg,https://www.fravega.com/p/secarropas-candy-c9tbe-12-smartpro-9kg-280116/,1159999.0,699999.0,1,True
FRA-lavarropas-philco-11-kg-carga-frontal-in,Fravega,PHILCO,Lavado,Lavarropas Philco 11 Kg Carga Frontal Inverter Grey PHLF117GN,https://www.fravega.com/p/lavarropas-philco-11-kg-carga-frontal-inverter-grey-phlf117gn-990284913/,1319999.0,879999.0,1,True
FRA-lavarropas-drean-concept-neo-fuzzy-6-5-k,Fravega,DREAN,Lavado,"Lavarropas Drean Concept Neo Fuzzy 6,5 Kg Blanco",https://www.fravega.com/p/lavarropas-drean-concept-neo-fuzzy-6-5-kg-blanco-170702/,588999.0,549999.0,1,True
FRA-lavavajilla-13-cubiertos-philco-phlj13n-,Fravega,PHILCO,Lavado,Lavavajilla 13 Cubiertos Philco PHLJ13N,https://www.fravega.com/p/lavavajilla-13-cubiertos-philco-phlj13n-990267614/,1031799.0,549999.0,1,True
FRA-lavarropas-electrolux-elac014s-carga-sup,Fravega,OTRAS,Lavado,"Lavarropas Electrolux ELAC014S Carga Superior Premiun Care 7,5 Kg Silver",https://www.fravega.com/p/lavarropas-electrolux-elac014s-carga-superior-premiun-care-7-5-kg-silver-170765/,799999.0,629999.0,1,True
FRA-lavavajillas-candy-6c4f1ps-12-inverter-1,Fravega,OTRAS,Lavado,Lavavajillas Candy 6C4F1PS-12 Inverter 16 Cubiertos Silver,https://www.fravega.com/p/lavavajillas-candy-6c4f1ps-12-inverter-16-cubiertos-silver-170571/,1899999.0,999999.0,1,True
FRA-secarropas-whirlpool-por-calor-7-kg-1000,Fravega,WHIRLPOOL,Lavado,Secarropas Whirlpool Por Calor 7 KG,https://www.fravega.com/p/secarropas-whirlpool-por-calor-7-kg-10009364/,1019999.0,699999.0,1,True
FRA-lavarropas-philco-predicta-inverter-phlf,Fravega,PHILCO,Lavado,Lavarropas Philco Predicta Inverter PHLF8014PI2 8 Kg 1400 RPM,https://www.fravega.com/p/lavarropas-philco-predicta-inverter-phlf8014pi2-8-kg-1400-rpm-170584/,849999.0,749999.0,1,True
FRA-lavarropas-automatico-carga-superior-phi,Fravega,PHILCO,Lavado,Lavarropas Automático Carga Superior Philco 5 Kg 700 RPM PHLS67GN,https://www.fravega.com/p/lavarropas-automatico-carga-superior-philco-5-kg-700-rpm-phls67gn--170703/,499999.0,399999.0,1,True
FRA-lavarropas-carga-superior-gafa-digifit-6,Fravega,GAFA,Lavado,"Lavarropas Carga Superior Gafa DigiFit 6,5kg Blanco",https://www.fravega.com/p/lavarropas-carga-superior-gafa-digifit-6-5kg-blanco-50029845/,646110.0,511719.0,1,True
FRA-lavavajillas-admiral-ad-lvd1305se-13-cub,Fravega,OTRAS,Lavado,Lavavajillas Admiral AD-LVD1305SE 13 Cubiertos Inox,https://www.fravega.com/p/lavavajillas-admiral-ad-lvd1305se-13-cubiertos-inox-170467/,699999.0,499999.0,1,True
FRA-lavarropas-automatico-inverter-drean-10-,Fravega,DREAN,Lavado,Lavarropas Automático Inverter Drean 10 Kg 1200 RPM LCFDR1012SB0,https://www.fravega.com/p/lavarropas-automatico-inverter-drean-10-kg-1200-rpm-lcfdr1012sb0-170650/,1071199.0,999999.0,1,True
FRA-secarropas-centrifugo-koh-i-noor-c-755-2,Fravega,OTRAS,Lavado,Secarropas Centrifugo KOH-I-NOOR C-755/2 5.5Kg,https://www.fravega.com/p/secarropas-centrifugo-koh-i-noor-c-755-2-5-5kg-280017/,269999.0,229999.0,1,True
FRA-lavarropas-automatico-inverter-drean-7-k,Fravega,DREAN,Lavado,Lavarropas Automático Inverter Drean 7 Kg 1400 RPM LTDRI0714PG0,https://www.fravega.com/p/lavarropas-automatico-inverter-drean-7-kg-1400-rpm-ltdri0714pg0-170747/,1199999.0,999999.0,1,True
FRA-lavarropas-lg-wm65gwvfs6-carga-frontal-i,Fravega,LG,Lavado,Lavarropas LG WM65GWVFS6 Carga Frontal Inverter 6.5kg  White,https://www.fravega.com/p/lavarropas-lg-wm65gwvfs6-carga-frontal-inverter-6-5kg-white-170672/,899999.0,679999.0,1,True
FRA-lavavajillas-philco-predicta-15-cubierto,Fravega,PHILCO,Lavado,Lavavajillas Philco Predicta 15 Cubiertos Inverter Dark Inox,https://www.fravega.com/p/lavavajillas-philco-predicta-15-cubiertos-inverter-dark-inox-990265110/,1228699.0,699998.99,1,True
FRA-lavarropas-automatico-electrolux-8-5-kg-,Fravega,OTRAS,Lavado,"Lavarropas Automático Electrolux 8,5 Kg ELAF208S",https://www.fravega.com/p/lavarropas-automatico-electrolux-8-5-kg-elaf208s-170562/,899999.0,749999.0,1,True
FRA-lavarropas-carga-frontal-9-5kg-1400-rpm-,Fravega,SAMSUNG,Lavado,Lavarropas Carga Frontal 9.5Kg 1400 RPM Samsung WW95AA046BXU,https://www.fravega.com/p/lavarropas-carga-frontal-9-5kg-1400-rpm-samsung-ww95aa046bxu-170422/,1349999.0,1149999.0,1,True
FRA-secarropas-centrifugo-drean-qv-6-5kg-281,Fravega,DREAN,Lavado,Secarropas Centrifugo Drean QV 6.5Kg,https://www.fravega.com/p/secarropas-centrifugo-drean-qv-6-5kg-281852/,243599.0,199999.0,1,True
FRA-lavarropas-automatico-inverter-drean-6kg,Fravega,DREAN,Lavado,Lavarropas Automático Inverter Drean 6Kg 800 RPM LCFDR0608LB0,https://www.fravega.com/p/lavarropas-automatico-inverter-drean-6kg-800-rpm-lcfdr0608lb0-170538/,685999.0,629999.0,1,True
FRA-lavarropas-automatico-carga-superior-dre,Fravega,LG,Lavado,Lavarropas Automático Carga Superior Drean 8Kg 660 RPM LPDR0865ILG0,https://www.fravega.com/p/lavarropas-automatico-carga-superior-drean-8kg-660-rpm-lpdr0865ilg0-170706/,809999.0,729999.0,1,True
FRA-lavarropas-midea-carga-frontal-inverter-,Fravega,MIDEA,Lavado,Lavarropas Midea Carga Frontal Inverter Wi-Fi 8kg 1400rpm MF200 Blanco,https://www.fravega.com/p/lavarropas-midea-carga-frontal-inverter-wi-fi-8kg-1400rpm-mf200-blanco-170548/,894999.0,649999.0,1,True
FRA-lavasecarropas-philco-inverter-phls128-2,Fravega,PHILCO,Lavado,Lavasecarropas Philco Inverter PHLS128-2GSN 12Kg 8Kg,https://www.fravega.com/p/lavasecarropas-philco-inverter-phls128-2gsn-12kg-8kg-170577/,999999.0,904976.47,1,True
FRA-lavarropas-automatico-carga-frontal-inve,Fravega,PHILCO,Lavado,Lavarropas Automático Carga Frontal Inverter Philco 11 Kg 1400 RPM PHLF111GN2,https://www.fravega.com/p/lavarropas-automatico-carga-frontal-inverter-philco-11-kg-1400-rpm-phlf111gn2--170705/,1199999.0,799999.0,1,True
FRA-lavarropas-candy-ro1696dwh7-1-12-carga-f,Fravega,OTRAS,Lavado,Lavarropas Candy RO1696DWH7/1-12 Carga Frontal Inverter 9kg,https://www.fravega.com/p/lavarropas-candy-ro1696dwh7-1-12-carga-frontal-inverter-9kg-170420/,1499999.0,799999.0,1,True
FRA-lavarropas-automatico-philco-7kg-carga-s,Fravega,PHILCO,Lavado,Lavarropas Automatico Philco 7kg Carga Superior PHCS10B,https://www.fravega.com/p/lavarropas-automatico-philco-7kg-carga-superior-phcs10b-990250875/,1084599.0,499999.0,1,True
FRA-lavasecarropas-automatico-carga-frontal-,Fravega,MIDEA,Lavado,Lavasecarropas Automático Carga Frontal Inverter Midea 8Kg 6Kg 1400 RPM MF200D80WB/T,https://www.fravega.com/p/lavasecarropas-automatico-carga-frontal-inverter-midea-8kg-6kg-1400-rpm-mf200d80wb-t-170712/,1199999.0,799999.0,1,True
FRA-lavarropas-midea-carga-frontal-inverter-,Fravega,MIDEA,Lavado,Lavarropas Midea Carga Frontal Inverter Wi-Fi 8kg 1400rpm MF200 Titanium,https://www.fravega.com/p/lavarropas-midea-carga-frontal-inverter-wi-fi-8kg-1400rpm-mf200-titanium-170549/,939999.0,649999.0,1,True
FRA-lavasecarropas-philco-11-6-kg-carga-fron,Fravega,PHILCO,Lavado,Lavasecarropas Philco 11/6 Kg Carga Frontal Inverter Gris PHLS116-7GN,https://www.fravega.com/p/lavasecarropas-philco-11-6-kg-carga-frontal-inverter-gris-phls116-7gn-990286682/,1319999.0,949999.0,1,True
FRA-lavarropas-carga-frontal-electrolux-inve,Fravega,OTRAS,Lavado,Lavarropas Carga Frontal Electrolux Inverter ELAF210B 10 Kg,https://www.fravega.com/p/lavarropas-carga-frontal-electrolux-inverter-elaf210b-10-kg-170410/,1142999.0,944627.27,1,True
FRA-lavarropas-carga-superior-gafa-fuzzyfit-,Fravega,GAFA,Lavado,Lavarropas Carga Superior Gafa FuzzyFit 7kg Blanco,https://www.fravega.com/p/lavarropas-carga-superior-gafa-fuzzyfit-7kg-blanco-50029870/,686665.0,537659.0,1,True
FRA-lavarropas-whirlpool-carga-frontal-7kg-i,Fravega,WHIRLPOOL,Lavado,Lavarropas Whirlpool Carga Frontal 7kg Inverter Blanco,https://www.fravega.com/p/lavarropas-whirlpool-carga-frontal-7kg-inverter-blanco-170823/,826730.0,749999.0,1,True
FRA-secarropas-candy-c9tbe-12-smartpro-9kg-2,Fravega,OTRAS,Lavado,Secarropas Candy C9TBE-12 SmartPro 9kg,https://www.fravega.com/p/secarropas-candy-c9tbe-12-smartpro-9kg-280116/,1159999.0,699999.0,1,True
FRA-lavarropas-philco-11-kg-carga-frontal-in,Fravega,PHILCO,Lavado,Lavarropas Philco 11 Kg Carga Frontal Inverter Grey PHLF117GN,https://www.fravega.com/p/lavarropas-philco-11-kg-carga-frontal-inverter-grey-phlf117gn-990284913/,1319999.0,879999.0,1,True
FRA-lavarropas-drean-concept-neo-fuzzy-6-5-k,Fravega,DREAN,Lavado,"Lavarropas Drean Concept Neo Fuzzy 6,5 Kg Blanco",https://www.fravega.com/p/lavarropas-drean-concept-neo-fuzzy-6-5-kg-blanco-170702/,588999.0,549999.0,1,True
FRA-lavavajilla-13-cubiertos-philco-phlj13n-,Fravega,PHILCO,Lavado,Lavavajilla 13 Cubiertos Philco PHLJ13N,https://www.fravega.com/p/lavavajilla-13-cubiertos-philco-phlj13n-990267614/,1031799.0,549999.0,1,True
FRA-lavarropas-electrolux-elac014s-carga-sup,Fravega,OTRAS,Lavado,"Lavarropas Electrolux ELAC014S Carga Superior Premiun Care 7,5 Kg Silver",https://www.fravega.com/p/lavarropas-electrolux-elac014s-carga-superior-premiun-care-7-5-kg-silver-170765/,799999.0,629999.0,1,True
FRA-lavavajillas-candy-6c4f1ps-12-inverter-1,Fravega,OTRAS,Lavado,Lavavajillas Candy 6C4F1PS-12 Inverter 16 Cubiertos Silver,https://www.fravega.com/p/lavavajillas-candy-6c4f1ps-12-inverter-16-cubiertos-silver-170571/,1899999.0,999999.0,1,True
FRA-secarropas-whirlpool-por-calor-7-kg-1000,Fravega,WHIRLPOOL,Lavado,Secarropas Whirlpool Por Calor 7 KG,https://www.fravega.com/p/secarropas-whirlpool-por-calor-7-kg-10009364/,1019999.0,699999.0,1,True
FRA-lavarropas-philco-predicta-inverter-phlf,Fravega,PHILCO,Lavado,Lavarropas Philco Predicta Inverter PHLF8014PI2 8 Kg 1400 RPM,https://www.fravega.com/p/lavarropas-philco-predicta-inverter-phlf8014pi2-8-kg-1400-rpm-170584/,849999.0,749999.0,1,True
FRA-lavarropas-automatico-carga-superior-phi,Fravega,PHILCO,Lavado,Lavarropas Automático Carga Superior Philco 5 Kg 700 RPM PHLS67GN,https://www.fravega.com/p/lavarropas-automatico-carga-superior-philco-5-kg-700-rpm-phls67gn--170703/,499999.0,399999.0,1,True
FRA-lavarropas-carga-superior-gafa-digifit-6,Fravega,GAFA,Lavado,"Lavarropas Carga Superior Gafa DigiFit 6,5kg Blanco",https://www.fravega.com/p/lavarropas-carga-superior-gafa-digifit-6-5kg-blanco-50029845/,646110.0,511719.0,1,True
FRA-lavavajillas-admiral-ad-lvd1305se-13-cub,Fravega,OTRAS,Lavado,Lavavajillas Admiral AD-LVD1305SE 13 Cubiertos Inox,https://www.fravega.com/p/lavavajillas-admiral-ad-lvd1305se-13-cubiertos-inox-170467/,699999.0,499999.0,1,True
FRA-lavarropas-semiautomatico-carga-superior,Fravega,DREAN,Lavado,Lavarropas Semiautomático Carga Superior Drean LTDR87SB0 8Kg,https://www.fravega.com/p/lavarropas-semiautomatico-carga-superior-drean-ltdr87sb0-8kg-170787/,318999.0,291999.0,1,True
FRA-secarropas-centrifugo-drean-qv-5-5kg-281,Fravega,DREAN,Lavado,Secarropas Centrifugo Drean QV 5.5Kg,https://www.fravega.com/p/secarropas-centrifugo-drean-qv-5-5kg-281791/,231549.0,189999.0,1,True
FRA-lavarropas-smartlife-6k-sl-wmu061000w-17,Fravega,OTRAS,Lavado,Lavarropas Smartlife 6K SL-WMU061000W,https://www.fravega.com/p/lavarropas-smartlife-6k-sl-wmu061000w-170465/,599999.0,399999.0,1,True
FRA-lavarropas-carga-frontal-6-5kg-800-rpm-p,Fravega,PHILCO,Lavado,"Lavarropas Carga Frontal 6,5Kg 800 RPM Philco PHLF6510B2",https://www.fravega.com/p/lavarropas-carga-frontal-6-5kg-800-rpm-philco-phlf6510b2-170614/,719999.0,529999.0,1,True
FRA-lavarropas-whirlpool-carga-frontal-7kg-i,Fravega,WHIRLPOOL,Lavado,Lavarropas Whirlpool Carga Frontal 7kg Inverter Titanium,https://www.fravega.com/p/lavarropas-whirlpool-carga-frontal-7kg-inverter-titanium-170822/,866930.0,729999.0,1,True
FRA-lavarropas-lg-wm65mvfs6-carga-frontal-in,Fravega,LG,Lavado,Lavarropas LG WM65MVFS6 Carga Frontal Inverter 6.5kg Black,https://www.fravega.com/p/lavarropas-lg-wm65mvfs6-carga-frontal-inverter-6-5kg-black-170673/,979999.0,739999.0,1,True
FRA-lavasecarropas-samsung-inverter-9-5kg-wd,Fravega,SAMSUNG,Lavado,"Lavasecarropas Samsung Inverter 9,5kg WD95A4453BX",https://www.fravega.com/p/lavasecarropas-samsung-inverter-9-5kg-wd95a4453bx-170459/,1849999.0,1569999.0,1,True
FRA-lavarropas-bgh-bwfi08s24ar-carga-frontal,Fravega,BGH,Lavado,Lavarropas BGH BWFI08S24AR Carga Frontal Inverter 8kg Silver,https://www.fravega.com/p/lavarropas-bgh-bwfi08s24ar-carga-frontal-inverter-8kg-silver-170825/,849999.0,629999.0,1,True
FRA-lavarropas-automatico-inverter-drean-6kg,Fravega,DREAN,Lavado,Lavarropas Automático Inverter Drean 6Kg 1000 RPM LCFDR0610LB0,https://www.fravega.com/p/lavarropas-automatico-inverter-drean-6kg-1000-rpm-lcfdr0610lb0-170579/,706999.0,584296.69,1,True
FRA-lavarropas-carga-superior-gafa-digifit-6,Fravega,GAFA,Lavado,"Lavarropas Carga Superior Gafa DigiFit 6,5kg Plata",https://www.fravega.com/p/lavarropas-carga-superior-gafa-digifit-6-5kg-plata-50029862/,666110.0,499999.0,1,True
FRA-lavarropas-midea-carga-frontal-6kg-1000r,Fravega,MIDEA,Lavado,Lavarropas Midea Carga Frontal 6kg 1000rpm MF100 Titanium,https://www.fravega.com/p/lavarropas-midea-carga-frontal-6kg-1000rpm-mf100-titanium-170550/,819999.0,549999.0,1,True
FRA-lavasecarropas-philco-inverter-phls128-2,Fravega,PHILCO,Lavado,Lavasecarropas Philco Inverter PHLS128-2GSN 12Kg 8Kg,https://www.fravega.com/p/lavasecarropas-philco-inverter-phls128-2gsn-12kg-8kg-170577/,999999.0,904976.47,1,True
FRA-lavarropas-automatico-carga-frontal-inve,Fravega,PHILCO,Lavado,Lavarropas Automático Carga Frontal Inverter Philco 11 Kg 1400 RPM PHLF111GN2,https://www.fravega.com/p/lavarropas-automatico-carga-frontal-inverter-philco-11-kg-1400-rpm-phlf111gn2--170705/,1199999.0,799999.0,1,True
FRA-lavarropas-candy-ro1696dwh7-1-12-carga-f,Fravega,OTRAS,Lavado,Lavarropas Candy RO1696DWH7/1-12 Carga Frontal Inverter 9kg,https://www.fravega.com/p/lavarropas-candy-ro1696dwh7-1-12-carga-frontal-inverter-9kg-170420/,1499999.0,799999.0,1,True
FRA-lavarropas-automatico-philco-7kg-carga-s,Fravega,PHILCO,Lavado,Lavarropas Automatico Philco 7kg Carga Superior PHCS10B,https://www.fravega.com/p/lavarropas-automatico-philco-7kg-carga-superior-phcs10b-990250875/,1084599.0,499999.0,1,True
FRA-lavasecarropas-automatico-carga-frontal-,Fravega,MIDEA,Lavado,Lavasecarropas Automático Carga Frontal Inverter Midea 8Kg 6Kg 1400 RPM MF200D80WB/T,https://www.fravega.com/p/lavasecarropas-automatico-carga-frontal-inverter-midea-8kg-6kg-1400-rpm-mf200d80wb-t-170712/,1199999.0,799999.0,1,True
FRA-lavarropas-midea-carga-frontal-inverter-,Fravega,MIDEA,Lavado,Lavarropas Midea Carga Frontal Inverter Wi-Fi 8kg 1400rpm MF200 Titanium,https://www.fravega.com/p/lavarropas-midea-carga-frontal-inverter-wi-fi-8kg-1400rpm-mf200-titanium-170549/,939999.0,649999.0,1,True
FRA-lavasecarropas-philco-11-6-kg-carga-fron,Fravega,PHILCO,Lavado,Lavasecarropas Philco 11/6 Kg Carga Frontal Inverter Gris PHLS116-7GN,https://www.fravega.com/p/lavasecarropas-philco-11-6-kg-carga-frontal-inverter-gris-phls116-7gn-990286682/,1319999.0,949999.0,1,True
FRA-lavarropas-carga-frontal-electrolux-inve,Fravega,OTRAS,Lavado,Lavarropas Carga Frontal Electrolux Inverter ELAF210B 10 Kg,https://www.fravega.com/p/lavarropas-carga-frontal-electrolux-inverter-elaf210b-10-kg-170410/,1142999.0,944627.27,1,True
FRA-lavarropas-carga-superior-gafa-fuzzyfit-,Fravega,GAFA,Lavado,Lavarropas Carga Superior Gafa FuzzyFit 7kg Blanco,https://www.fravega.com/p/lavarropas-carga-superior-gafa-fuzzyfit-7kg-blanco-50029870/,686665.0,537659.0,1,True
FRA-lavarropas-whirlpool-carga-frontal-7kg-i,Fravega,WHIRLPOOL,Lavado,Lavarropas Whirlpool Carga Frontal 7kg Inverter Blanco,https://www.fravega.com/p/lavarropas-whirlpool-carga-frontal-7kg-inverter-blanco-170823/,826730.0,749999.0,1,True
FRA-secarropas-candy-c9tbe-12-smartpro-9kg-2,Fravega,OTRAS,Lavado,Secarropas Candy C9TBE-12 SmartPro 9kg,https://www.fravega.com/p/secarropas-candy-c9tbe-12-smartpro-9kg-280116/,1159999.0,699999.0,1,True
FRA-lavarropas-philco-11-kg-carga-frontal-in,Fravega,PHILCO,Lavado,Lavarropas Philco 11 Kg Carga Frontal Inverter Grey PHLF117GN,https://www.fravega.com/p/lavarropas-philco-11-kg-carga-frontal-inverter-grey-phlf117gn-990284913/,1319999.0,879999.0,1,True
FRA-lavarropas-drean-concept-neo-fuzzy-6-5-k,Fravega,DREAN,Lavado,"Lavarropas Drean Concept Neo Fuzzy 6,5 Kg Blanco",https://www.fravega.com/p/lavarropas-drean-concept-neo-fuzzy-6-5-kg-blanco-170702/,588999.0,549999.0,1,True
FRA-lavavajilla-13-cubiertos-philco-phlj13n-,Fravega,PHILCO,Lavado,Lavavajilla 13 Cubiertos Philco PHLJ13N,https://www.fravega.com/p/lavavajilla-13-cubiertos-philco-phlj13n-990267614/,1031799.0,549999.0,1,True
FRA-lavarropas-electrolux-elac014s-carga-sup,Fravega,OTRAS,Lavado,"Lavarropas Electrolux ELAC014S Carga Superior Premiun Care 7,5 Kg Silver",https://www.fravega.com/p/lavarropas-electrolux-elac014s-carga-superior-premiun-care-7-5-kg-silver-170765/,799999.0,629999.0,1,True
FRA-lavavajillas-candy-6c4f1ps-12-inverter-1,Fravega,OTRAS,Lavado,Lavavajillas Candy 6C4F1PS-12 Inverter 16 Cubiertos Silver,https://www.fravega.com/p/lavavajillas-candy-6c4f1ps-12-inverter-16-cubiertos-silver-170571/,1899999.0,999999.0,1,True
FRA-secarropas-whirlpool-por-calor-7-kg-1000,Fravega,WHIRLPOOL,Lavado,Secarropas Whirlpool Por Calor 7 KG,https://www.fravega.com/p/secarropas-whirlpool-por-calor-7-kg-10009364/,1019999.0,699999.0,1,True
FRA-lavarropas-philco-predicta-inverter-phlf,Fravega,PHILCO,Lavado,Lavarropas Philco Predicta Inverter PHLF8014PI2 8 Kg 1400 RPM,https://www.fravega.com/p/lavarropas-philco-predicta-inverter-phlf8014pi2-8-kg-1400-rpm-170584/,849999.0,749999.0,1,True
FRA-lavarropas-automatico-carga-superior-phi,Fravega,PHILCO,Lavado,Lavarropas Automático Carga Superior Philco 5 Kg 700 RPM PHLS67GN,https://www.fravega.com/p/lavarropas-automatico-carga-superior-philco-5-kg-700-rpm-phls67gn--170703/,499999.0,399999.0,1,True
FRA-lavarropas-carga-superior-gafa-digifit-6,Fravega,GAFA,Lavado,"Lavarropas Carga Superior Gafa DigiFit 6,5kg Blanco",https://www.fravega.com/p/lavarropas-carga-superior-gafa-digifit-6-5kg-blanco-50029845/,646110.0,511719.0,1,True
FRA-lavavajillas-admiral-ad-lvd1305se-13-cub,Fravega,OTRAS,Lavado,Lavavajillas Admiral AD-LVD1305SE 13 Cubiertos Inox,https://www.fravega.com/p/lavavajillas-admiral-ad-lvd1305se-13-cubiertos-inox-170467/,699999.0,499999.0,1,True
FRA-secarropas-centrifugo-koh-i-noor-a-665-2,Fravega,OTRAS,Lavado,"Secarropas Centrifugo KOH-I-NOOR A-665/2 6,5 Kg",https://www.fravega.com/p/secarropas-centrifugo-koh-i-noor-a-665-2-6-5-kg-280026/,371999.0,319999.0,1,True
FRA-lavarropas-lg-wt11mvtb-carga-superior-in,Fravega,LG,Lavado,Lavarropas LG WT11MVTB Carga Superior Inverter 10.5kg Black,https://www.fravega.com/p/lavarropas-lg-wt11mvtb-carga-superior-inverter-10-5kg-black-170674/,1199999.0,799999.0,1,True
FRA-lavarropa-samsung-carga-frontal-6-5-kg-s,Fravega,SAMSUNG,Lavado,"Lavarropa Samsung Carga Frontal 6,5 Kg Silver WW65A4000SU",https://www.fravega.com/p/lavarropa-samsung-carga-frontal-6-5-kg-silver-ww65a4000su-170419/,944999.0,754999.0,1,True
FRA-secarropas-centrifugo-koh-i-noor-b-665-2,Fravega,OTRAS,Lavado,"Secarropas Centrifugo KOH-I-NOOR B-665/2 6,5 Kg",https://www.fravega.com/p/secarropas-centrifugo-koh-i-noor-b-665-2-6-5-kg-280029/,335999.0,245999.0,1,True
FRA-lavarropas-midea-carga-frontal-6kg-1000r,Fravega,MIDEA,Lavado,Lavarropas Midea Carga Frontal 6kg 1000rpm MF100 White,https://www.fravega.com/p/lavarropas-midea-carga-frontal-6kg-1000rpm-mf100-white-170551/,779999.0,529999.0,1,True
FRA-lavasecarropas-kanji-xpb55-655sp-semi-au,Fravega,OTRAS,Lavado,Lavasecarropas Kanji XPB55-655SP Semi Automático 5/4.5kg,https://www.fravega.com/p/lavasecarropas-kanji-xpb55-655sp-semi-automatico-5-4-5kg-170690/,399999.0,239999.0,1,True
FRA-secarropas-candy-9kg-roe-c9tcerx-12-2801,Fravega,OTRAS,Lavado,Secarropas Candy 9KG Roe C9TCERX-12,https://www.fravega.com/p/secarropas-candy-9kg-roe-c9tcerx-12-280127/,1259999.0,849999.0,1,True
FRA-lavarropas-automatico-carga-frontal-inve,Fravega,PHILCO,Lavado,Lavarropas Automático Carga Frontal Inverter Philco 6 Kg 1000 RPM PHLF61GN,https://www.fravega.com/p/lavarropas-automatico-carga-frontal-inverter-philco-6-kg-1000-rpm-phlf61gn-170701/,749999.0,549999.0,1,True
FRA-lavarropas-kanji-kjh-wmcvsl6k-carga-supe,Fravega,OTRAS,Lavado,Lavarropas Kanji KJH-WMCVSL6K Carga Superior 4kg,https://www.fravega.com/p/lavarropas-kanji-kjh-wmcvsl6k-carga-superior-4kg-170433/,659999.0,299999.0,1,True
FRA-lavarropas-hisense-wf3s1043bw-10-5-kg-17,Fravega,HISENSE,Lavado,"Lavarropas Hisense WF3S1043BW 10,5 Kg",https://www.fravega.com/p/lavarropas-hisense-wf3s1043bw-10-5-kg-170808/,889999.0,699999.0,1,True
FRA-lavarropas-automatico-inverter-drean-11-,Fravega,LG,Lavado,Lavarropas Automático Inverter Drean 11 Kg 700 RPM LPDR1165LG,https://www.fravega.com/p/lavarropas-automatico-inverter-drean-11-kg-700-rpm-lpdr1165lg-170475/,1049999.0,949999.0,1,True
FRA-lavarropas-inverter-carga-frontal-6kg-te,Fravega,OTRAS,Lavado,Lavarropas Inverter Carga Frontal 6Kg Telefunken TFK-WMCFWT,https://www.fravega.com/p/lavarropas-inverter-carga-frontal-6kg-telefunken-tfk-wmcfwt-170810/,699999.0,449999.0,1,True
FRA-lavarropas-candy-tca273d2-12-carga-super,Fravega,OTRAS,Lavado,Lavarropas Candy TCA273D2-12 Carga Superior Prowash 300 7 Kg 1200 RPM,https://www.fravega.com/p/lavarropas-candy-tca273d2-12-carga-superior-prowash-300-7-kg-1200-rpm-170795/,839999.0,799999.0,1,True
FRA-lavasecarropas-philco-inverter-phls128-2,Fravega,PHILCO,Lavado,Lavasecarropas Philco Inverter PHLS128-2GSN 12Kg 8Kg,https://www.fravega.com/p/lavasecarropas-philco-inverter-phls128-2gsn-12kg-8kg-170577/,999999.0,904976.47,1,True
FRA-lavarropas-automatico-carga-frontal-inve,Fravega,PHILCO,Lavado,Lavarropas Automático Carga Frontal Inverter Philco 11 Kg 1400 RPM PHLF111GN2,https://www.fravega.com/p/lavarropas-automatico-carga-frontal-inverter-philco-11-kg-1400-rpm-phlf111gn2--170705/,1199999.0,799999.0,1,True
FRA-lavarropas-candy-ro1696dwh7-1-12-carga-f,Fravega,OTRAS,Lavado,Lavarropas Candy RO1696DWH7/1-12 Carga Frontal Inverter 9kg,https://www.fravega.com/p/lavarropas-candy-ro1696dwh7-1-12-carga-frontal-inverter-9kg-170420/,1499999.0,799999.0,1,True
FRA-lavarropas-automatico-philco-7kg-carga-s,Fravega,PHILCO,Lavado,Lavarropas Automatico Philco 7kg Carga Superior PHCS10B,https://www.fravega.com/p/lavarropas-automatico-philco-7kg-carga-superior-phcs10b-990250875/,1084599.0,499999.0,1,True
FRA-lavasecarropas-automatico-carga-frontal-,Fravega,MIDEA,Lavado,Lavasecarropas Automático Carga Frontal Inverter Midea 8Kg 6Kg 1400 RPM MF200D80WB/T,https://www.fravega.com/p/lavasecarropas-automatico-carga-frontal-inverter-midea-8kg-6kg-1400-rpm-mf200d80wb-t-170712/,1199999.0,799999.0,1,True
FRA-lavarropas-midea-carga-frontal-inverter-,Fravega,MIDEA,Lavado,Lavarropas Midea Carga Frontal Inverter Wi-Fi 8kg 1400rpm MF200 Titanium,https://www.fravega.com/p/lavarropas-midea-carga-frontal-inverter-wi-fi-8kg-1400rpm-mf200-titanium-170549/,939999.0,649999.0,1,True
FRA-lavasecarropas-philco-11-6-kg-carga-fron,Fravega,PHILCO,Lavado,Lavasecarropas Philco 11/6 Kg Carga Frontal Inverter Gris PHLS116-7GN,https://www.fravega.com/p/lavasecarropas-philco-11-6-kg-carga-frontal-inverter-gris-phls116-7gn-990286682/,1319999.0,949999.0,1,True
FRA-lavarropas-carga-frontal-electrolux-inve,Fravega,OTRAS,Lavado,Lavarropas Carga Frontal Electrolux Inverter ELAF210B 10 Kg,https://www.fravega.com/p/lavarropas-carga-frontal-electrolux-inverter-elaf210b-10-kg-170410/,1142999.0,944627.27,1,True
FRA-lavarropas-carga-superior-gafa-fuzzyfit-,Fravega,GAFA,Lavado,Lavarropas Carga Superior Gafa FuzzyFit 7kg Blanco,https://www.fravega.com/p/lavarropas-carga-superior-gafa-fuzzyfit-7kg-blanco-50029870/,686665.0,537659.0,1,True
FRA-lavarropas-whirlpool-carga-frontal-7kg-i,Fravega,WHIRLPOOL,Lavado,Lavarropas Whirlpool Carga Frontal 7kg Inverter Blanco,https://www.fravega.com/p/lavarropas-whirlpool-carga-frontal-7kg-inverter-blanco-170823/,826730.0,749999.0,1,True
FRA-secarropas-candy-c9tbe-12-smartpro-9kg-2,Fravega,OTRAS,Lavado,Secarropas Candy C9TBE-12 SmartPro 9kg,https://www.fravega.com/p/secarropas-candy-c9tbe-12-smartpro-9kg-280116/,1159999.0,699999.0,1,True
FRA-lavarropas-philco-11-kg-carga-frontal-in,Fravega,PHILCO,Lavado,Lavarropas Philco 11 Kg Carga Frontal Inverter Grey PHLF117GN,https://www.fravega.com/p/lavarropas-philco-11-kg-carga-frontal-inverter-grey-phlf117gn-990284913/,1319999.0,879999.0,1,True
FRA-lavarropas-drean-concept-neo-fuzzy-6-5-k,Fravega,DREAN,Lavado,"Lavarropas Drean Concept Neo Fuzzy 6,5 Kg Blanco",https://www.fravega.com/p/lavarropas-drean-concept-neo-fuzzy-6-5-kg-blanco-170702/,588999.0,549999.0,1,True
FRA-lavavajilla-13-cubiertos-philco-phlj13n-,Fravega,PHILCO,Lavado,Lavavajilla 13 Cubiertos Philco PHLJ13N,https://www.fravega.com/p/lavavajilla-13-cubiertos-philco-phlj13n-990267614/,1031799.0,549999.0,1,True
FRA-lavarropas-electrolux-elac014s-carga-sup,Fravega,OTRAS,Lavado,"Lavarropas Electrolux ELAC014S Carga Superior Premiun Care 7,5 Kg Silver",https://www.fravega.com/p/lavarropas-electrolux-elac014s-carga-superior-premiun-care-7-5-kg-silver-170765/,799999.0,629999.0,1,True
FRA-lavavajillas-candy-6c4f1ps-12-inverter-1,Fravega,OTRAS,Lavado,Lavavajillas Candy 6C4F1PS-12 Inverter 16 Cubiertos Silver,https://www.fravega.com/p/lavavajillas-candy-6c4f1ps-12-inverter-16-cubiertos-silver-170571/,1899999.0,999999.0,1,True
FRA-secarropas-whirlpool-por-calor-7-kg-1000,Fravega,WHIRLPOOL,Lavado,Secarropas Whirlpool Por Calor 7 KG,https://www.fravega.com/p/secarropas-whirlpool-por-calor-7-kg-10009364/,1019999.0,699999.0,1,True
FRA-lavarropas-philco-predicta-inverter-phlf,Fravega,PHILCO,Lavado,Lavarropas Philco Predicta Inverter PHLF8014PI2 8 Kg 1400 RPM,https://www.fravega.com/p/lavarropas-philco-predicta-inverter-phlf8014pi2-8-kg-1400-rpm-170584/,849999.0,749999.0,1,True
FRA-lavarropas-automatico-carga-superior-phi,Fravega,PHILCO,Lavado,Lavarropas Automático Carga Superior Philco 5 Kg 700 RPM PHLS67GN,https://www.fravega.com/p/lavarropas-automatico-carga-superior-philco-5-kg-700-rpm-phls67gn--170703/,499999.0,399999.0,1,True
FRA-lavarropas-carga-superior-gafa-digifit-6,Fravega,GAFA,Lavado,"Lavarropas Carga Superior Gafa DigiFit 6,5kg Blanco",https://www.fravega.com/p/lavarropas-carga-superior-gafa-digifit-6-5kg-blanco-50029845/,646110.0,511719.0,1,True
FRA-lavavajillas-admiral-ad-lvd1305se-13-cub,Fravega,OTRAS,Lavado,Lavavajillas Admiral AD-LVD1305SE 13 Cubiertos Inox,https://www.fravega.com/p/lavavajillas-admiral-ad-lvd1305se-13-cubiertos-inox-170467/,699999.0,499999.0,1,True
FRA-lavarropas-candy-tca273d2-12-carga-super,Fravega,OTRAS,Lavado,Lavarropas Candy TCA273D2-12 Carga Superior Prowash 300 7 Kg 1200 RPM,https://www.fravega.com/p/lavarropas-candy-tca273d2-12-carga-superior-prowash-300-7-kg-1200-rpm-170795/,839999.0,799999.0,1,True
FRA-lavarropas-automatico-electrolux-7-kg-12,Fravega,OTRAS,Lavado,Lavarropas Automático Electrolux 7 Kg 1200 RPM ELAF207W,https://www.fravega.com/p/lavarropas-automatico-electrolux-7-kg-1200-rpm-elaf207w-170560/,749999.0,649999.0,1,True
FRA-lavavajillas-midea-de-312sar1-12c-170374,Fravega,MIDEA,Lavado,Lavavajillas Midea DE-312SAR1 12C,https://www.fravega.com/p/lavavajillas-midea-de-312sar1-12c-170374/,1099999.0,649999.0,1,True
FRA-lavarropas-hisense-wf3s8043bw-8-kg-bco-1,Fravega,HISENSE,Lavado,Lavarropas Hisense WF3S8043BW 8 Kg BCO,https://www.fravega.com/p/lavarropas-hisense-wf3s8043bw-8-kg-bco-170809/,759999.0,549999.0,1,True
FRA-lavarropas-bgh-inverter-carga-frontal-9k,Fravega,BGH,Lavado,Lavarropas BGH Inverter Carga Frontal 9kg 1400 RPM Blanco BWFS09S25AR,https://www.fravega.com/p/lavarropas-bgh-inverter-carga-frontal-9kg-1400-rpm-blanco-bwfs09s25ar-170827/,949999.0,699999.0,1,True
FRA-lavarropas-semiautomatico-codini-4051-10,Fravega,OTRAS,Lavado,Lavarropas Semiautomatico Codini 4051 10KG,https://www.fravega.com/p/lavarropas-semiautomatico-codini-4051-10kg-170055/,229999.0,199999.0,1,True
FRA-secarropas-centrifugo-codini-advance-ad6,Fravega,OTRAS,Lavado,Secarropas Centrífugo Codini Advance AD65 Blanco 2800 RPM,https://www.fravega.com/p/secarropas-centrifugo-codini-advance-ad65-blanco-2800-rpm-289175/,236999.0,182999.0,1,True
FRA-secarropas-por-calor-vitta-4kg-panel-dig,Fravega,OTRAS,Lavado,Secarropas Por Calor Vitta 4kg Panel Digital 4 Programas,https://www.fravega.com/p/secarropas-por-calor-vitta-4kg-panel-digital-4-programas-990234569/,394999.06,284299.0,1,True
FRA-lavarropas-enova-carga-superior-6-kg-bla,Fravega,OTRAS,Lavado,Lavarropas Enova carga superior 6 kg Blanco,https://www.fravega.com/p/lavarropas-enova-carga-superior-6-kg-blanco-22610125/,588234.12,399999.0,1,True
FRA-lavarropas-automatico-carga-frontal-inve,Fravega,MIDEA,Lavado,"Lavarropas Automático Carga Frontal Inverter Midea 10,5 Kg 1400 RPM MF200W105WB/T-A1",https://www.fravega.com/p/lavarropas-automatico-carga-frontal-inverter-midea-10-5-kg-1400-rpm-mf200w105wb-t-a1-170633/,1089999.0,799999.0,1,True
FRA-lavarropas-admiral-ad-lv61000uw-carga-fr,Fravega,OTRAS,Lavado,Lavarropas Admiral AD-LV61000UW Carga Frontal Inverter 6kg,https://www.fravega.com/p/lavarropas-admiral-ad-lv61000uw-carga-frontal-inverter-6kg-170502/,639999.0,459999.0,1,True
FRA-lavarropa-hisense-6-kg-carga-superior-wt,Fravega,HISENSE,Lavado,Lavarropa Hisense 6 Kg Carga Superior Wtja802t Gris,https://www.fravega.com/p/lavarropa-hisense-6-kg-carga-superior-wtja802t-gris-170805/,599999.0,499999.0,1,True
FRA-secarropas-por-calor-columbia-scp-6000-2,Fravega,OTRAS,Lavado,Secarropas por Calor Columbia SCP 6000,https://www.fravega.com/p/secarropas-por-calor-columbia-scp-6000-280008/,211319.0,179999.0,1,True
FRA-lavarropas-semiautomatico-columbia-10kg-,Fravega,OTRAS,Lavado,"Lavarropas Semiautomático Columbia 10kg con Bomba de Desagote, Carga Manual de Agua LSC 10001",https://www.fravega.com/p/lavarropas-semiautomatico-columbia-10kg-con-bomba-de-desagote-carga-manual-de-agua-lsc-10001-50021782/,319900.0,218999.0,1,True
FRA-secarropa-codini-innova-verde-6-5kg-2231,Fravega,OTRAS,Lavado,Secarropa Codini Innova Verde 6.5kg,https://www.fravega.com/p/secarropa-codini-innova-verde-6-5kg-22318375/,269999.0,204999.0,1,True
FRA-aire-acondicionado-split-frio-calor-phil,Fravega,PHILCO,Aires Acondicionados,Aire Acondicionado Split Frío/Calor Philco 4400F 5200W  PHS50HA4CN,https://www.fravega.com/p/aire-acondicionado-split-frio-calor-philco-4400f-5200w-phs50ha4cn-20631/,1299999.0,979999.0,1,True
FRA-aire-acondicionado-noblex-nxs32ha4cn-290,Fravega,NOBLEX,Aires Acondicionados,Aire Acondicionado Noblex NXS32HA4CN 2900F 3400W,https://www.fravega.com/p/aire-acondicionado-noblex-nxs32ha4cn-2900f-3400w-21160/,699999.0,549999.0,1,True
FRA-aire-acondicionado-split-inverter-frio-c,Fravega,OTRAS,Aires Acondicionados,Aire Acondicionado Split Inverter Frío/Calor Hitachi 3200W 2700F HSPE3200FCINV,https://www.fravega.com/p/aire-acondicionado-split-inverter-frio-calor-hitachi-3200w-2700f-hspe3200fcinv-20997/,1029999.0,699999.0,1,True
FRA-aire-acondicionado-siam-sms32ha4cn-2900f,Fravega,OTRAS,Aires Acondicionados,Aire Acondicionado Siam SMS32HA4CN 2900F 3400W,https://www.fravega.com/p/aire-acondicionado-siam-sms32ha4cn-2900f-3400w-21100/,699999.0,499999.0,1,True
FRA-aire-acondicionado-philco-inverter-3200f,Fravega,PHILCO,Aires Acondicionados,Aire Acondicionado Philco Inverter 3200F 3750W PHIN37HA2AN,https://www.fravega.com/p/aire-acondicionado-philco-inverter-3200f-3750w-phin37ha2an-20933/,799999.0,699999.0,1,True
FRA-aire-acondicionado-split-frio-calor-liko,Fravega,OTRAS,Aires Acondicionados,Aire Acondicionado Split Frío/Calor Likon 2700F LKS35WCEW,https://www.fravega.com/p/aire-acondicionado-split-frio-calor-likon-2700f-lks35wcew-990247260/,999999.0,559999.0,1,True
FRA-caloventor-liliana-cfh420-2000w-130894,Fravega,LILIANA,Aires Acondicionados,Caloventor Liliana CFH420 2000W,https://www.fravega.com/p/caloventor-liliana-cfh420-2000w-130894/,51999.0,35999.0,1,True
FRA-aire-acondicionado-split-frio-calor-bgh-,Fravega,BGH,Aires Acondicionados,Aire Acondicionado Split Frío/Calor BGH Inverter 4730F BSI55WCNX,https://www.fravega.com/p/aire-acondicionado-split-frio-calor-bgh-inverter-4730f-bsi55wcnx-990249355/,2495999.0,1077998.99,1,True
FRA-aire-acondicionado-split-tcl-taca-3400w-,Fravega,TCL,Aires Acondicionados,Aire Acondicionado Split TCL TACA-3400W ELITE 2900F 3400W,https://www.fravega.com/p/aire-acondicionado-split-tcl-taca-3400w-elite-2900f-3400w-20946/,799999.0,659999.0,1,True
FRA-calefactor-orbis-sin-salida-4024gon-2700,Fravega,OTRAS,Aires Acondicionados,Calefactor Orbis sin salida 4024GON 2700 kcal/h,https://www.fravega.com/p/calefactor-orbis-sin-salida-4024gon-2700-kcal-h-22743532/,277725.0,151086.65,1,True
FRA-aire-acondicionado-split-frio-calor-phil,Fravega,PHILCO,Aires Acondicionados,Aire Acondicionado Split Frío/Calor Philco 5400F 6300W  PHS60HA4CN,https://www.fravega.com/p/aire-acondicionado-split-frio-calor-philco-5400f-6300w-phs60ha4cn-20644/,1399999.0,1199999.0,1,True
FRA-convector-whitenblack-cnwb06-2000w-negro,Fravega,OTRAS,Aires Acondicionados,Convector Whitenblack CNWB06 2000W Negro,https://www.fravega.com/p/convector-whitenblack-cnwb06-2000w-negro-130981/,73374.0,62999.0,1,True
FRA-split-comfee-inverter-r-32-3096-kcal-h-f,Fravega,OTRAS,Aires Acondicionados,Split Comfee Inverter R-32 3096 kCal/h Frío Calor,https://www.fravega.com/p/split-comfee-inverter-r-32-3096-kcal-h-frio-calor-990175069/,1143999.0,555999.01,1,True
FRA-aire-acondicionado-portatil-frio-calor-s,Fravega,OTRAS,Aires Acondicionados,Aire Acondicionado Portátil Frío Calor Sansei SAP26HC9AN,https://www.fravega.com/p/aire-acondicionado-portatil-frio-calor-sansei-sap26hc9an-21122/,699999.0,499999.0,1,True
FRA-aire-acondicionado-philco-inverter-4700f,Fravega,PHILCO,Aires Acondicionados,Aire Acondicionado Philco Inverter 4700F 5500W PHIN55HA2AN,https://www.fravega.com/p/aire-acondicionado-philco-inverter-4700f-5500w-phin55ha2an-20942/,1499999.0,1199999.0,1,True
FRA-convector-de-mica-atma-camk1524p-130506,Fravega,ATMA,Aires Acondicionados,Convector de Mica ATMA CAMK1524P,https://www.fravega.com/p/convector-de-mica-atma-camk1524p-130506/,149999.0,109999.0,1,True
FRA-calefactor-infrarrojo-de-pared-philco-pb,Fravega,PHILCO,Aires Acondicionados,Calefactor Infrarrojo de Pared Philco Pbsv2022p 2000w,https://www.fravega.com/p/calefactor-infrarrojo-de-pared-philco-pbsv2022p-2000w-990050053/,184799.0,62999.0,1,True
FRA-calefactor-tiro-balanceado-longvie-eba2s,Fravega,OTRAS,Aires Acondicionados,Calefactor Tiro Balanceado Longvie EBA2S 2000 kcal/h,https://www.fravega.com/p/calefactor-tiro-balanceado-longvie-eba2s-2000-kcal-h-132785/,399999.0,279999.0,1,True
FRA-caloventor-whitenblack-tipo-split-cpwb07,Fravega,OTRAS,Aires Acondicionados,Caloventor Whitenblack Tipo Split CPWB07 2000W Blanco,https://www.fravega.com/p/caloventor-whitenblack-tipo-split-cpwb07-2000w-blanco-130982/,141134.0,119999.0,1,True
FRA-aire-acondicionado-hisense-frio-calor-fr,Fravega,HISENSE,Aires Acondicionados,Aire Acondicionado Hisense Frio Calor Fresh Master AS12UW5RXJQJ00PI,https://www.fravega.com/p/aire-acondicionado-hisense-frio-calor-fresh-master-as12uw5rxjqj00pi-990207253/,1759999.0,1499999.01,1,True
FRA-aire-acondicionado-portatil-sansei-frio-,Fravega,OTRAS,Aires Acondicionados,Aire Acondicionado Portátil Sansei Frío/calor 2279 Frigorías 2650w SAP26HC9AN,https://www.fravega.com/p/aire-acondicionado-portatil-sansei-frio-calor-2279-frigorias-2650w-sap26hc9an-990263810/,659999.0,599999.0,1,True
FRA-aire-acondicionado-frio-calor-bgh-split-,Fravega,BGH,Aires Acondicionados,Aire Acondicionado Frío/Calor BGH Split Inverter 3139F BSI37WCNX,https://www.fravega.com/p/aire-acondicionado-frio-calor-bgh-split-inverter-3139f-bsi37wcnx-990249086/,1599999.0,749998.99,1,True
FRA-aire-acondicionado-carrier-split-frio-ca,Fravega,OTRAS,Aires Acondicionados,Aire Acondicionado Carrier Split Frío/Calor 53HFN18GN81F 5350W 4600F,https://www.fravega.com/p/aire-acondicionado-carrier-split-frio-calor-53hfn18gn81f-5350w-4600f-21017/,1099999.0,999999.0,1,True
FRA-aire-acondicionado-split-frio-calor-bgh-,Fravega,BGH,Aires Acondicionados,Aire Acondicionado Split Frío Calor BGH 2400F 2800W BS26WCDW,https://www.fravega.com/p/aire-acondicionado-split-frio-calor-bgh-2400f-2800w-bs26wcdw-21123/,799999.0,599999.0,1,True
FRA-aire-acondicionado-frio-calor-philco-phs,Fravega,PHILCO,Aires Acondicionados,Aire Acondicionado Frío Calor Philco PHS80HC4BN 6800F 8000W,https://www.fravega.com/p/aire-acondicionado-frio-calor-philco-phs80hc4bn-6800f-8000w-21119/,1899999.0,1499999.0,1,True
FRA-aire-acondicionado-split-frio-calor-sams,Fravega,SAMSUNG,Aires Acondicionados,Aire Acondicionado Split Frío/Calor Samsung Inverter 2580F AR40F12,https://www.fravega.com/p/aire-acondicionado-split-frio-calor-samsung-inverter-2580f-ar40f12-990257267/,1119999.0,799998.99,1,True
FRA-aire-acondicionado-split-frio-calor-phil,Fravega,PHILCO,Aires Acondicionados,Aire Acondicionado Split Frío/Calor Philco 4400F 5200W  PHS50HA4CN,https://www.fravega.com/p/aire-acondicionado-split-frio-calor-philco-4400f-5200w-phs50ha4cn-20631/,1299999.0,979999.0,1,True
FRA-aire-acondicionado-noblex-nxs32ha4cn-290,Fravega,NOBLEX,Aires Acondicionados,Aire Acondicionado Noblex NXS32HA4CN 2900F 3400W,https://www.fravega.com/p/aire-acondicionado-noblex-nxs32ha4cn-2900f-3400w-21160/,699999.0,549999.0,1,True
FRA-aire-acondicionado-split-inverter-frio-c,Fravega,OTRAS,Aires Acondicionados,Aire Acondicionado Split Inverter Frío/Calor Hitachi 3200W 2700F HSPE3200FCINV,https://www.fravega.com/p/aire-acondicionado-split-inverter-frio-calor-hitachi-3200w-2700f-hspe3200fcinv-20997/,1029999.0,699999.0,1,True
FRA-aire-acondicionado-siam-sms32ha4cn-2900f,Fravega,OTRAS,Aires Acondicionados,Aire Acondicionado Siam SMS32HA4CN 2900F 3400W,https://www.fravega.com/p/aire-acondicionado-siam-sms32ha4cn-2900f-3400w-21100/,699999.0,499999.0,1,True
FRA-aire-acondicionado-philco-inverter-3200f,Fravega,PHILCO,Aires Acondicionados,Aire Acondicionado Philco Inverter 3200F 3750W PHIN37HA2AN,https://www.fravega.com/p/aire-acondicionado-philco-inverter-3200f-3750w-phin37ha2an-20933/,799999.0,699999.0,1,True
FRA-aire-acondicionado-split-frio-calor-liko,Fravega,OTRAS,Aires Acondicionados,Aire Acondicionado Split Frío/Calor Likon 2700F LKS35WCEW,https://www.fravega.com/p/aire-acondicionado-split-frio-calor-likon-2700f-lks35wcew-990247260/,999999.0,559999.0,1,True
FRA-caloventor-liliana-cfh420-2000w-130894,Fravega,LILIANA,Aires Acondicionados,Caloventor Liliana CFH420 2000W,https://www.fravega.com/p/caloventor-liliana-cfh420-2000w-130894/,51999.0,35999.0,1,True
FRA-aire-acondicionado-split-frio-calor-bgh-,Fravega,BGH,Aires Acondicionados,Aire Acondicionado Split Frío/Calor BGH Inverter 4730F BSI55WCNX,https://www.fravega.com/p/aire-acondicionado-split-frio-calor-bgh-inverter-4730f-bsi55wcnx-990249355/,2495999.0,1077998.99,1,True
FRA-aire-acondicionado-split-tcl-taca-3400w-,Fravega,TCL,Aires Acondicionados,Aire Acondicionado Split TCL TACA-3400W ELITE 2900F 3400W,https://www.fravega.com/p/aire-acondicionado-split-tcl-taca-3400w-elite-2900f-3400w-20946/,799999.0,659999.0,1,True
FRA-calefactor-orbis-sin-salida-4024gon-2700,Fravega,OTRAS,Aires Acondicionados,Calefactor Orbis sin salida 4024GON 2700 kcal/h,https://www.fravega.com/p/calefactor-orbis-sin-salida-4024gon-2700-kcal-h-22743532/,277725.0,151086.65,1,True
FRA-aire-acondicionado-split-frio-calor-phil,Fravega,PHILCO,Aires Acondicionados,Aire Acondicionado Split Frío/Calor Philco 5400F 6300W  PHS60HA4CN,https://www.fravega.com/p/aire-acondicionado-split-frio-calor-philco-5400f-6300w-phs60ha4cn-20644/,1399999.0,1199999.0,1,True
FRA-convector-whitenblack-cnwb06-2000w-negro,Fravega,OTRAS,Aires Acondicionados,Convector Whitenblack CNWB06 2000W Negro,https://www.fravega.com/p/convector-whitenblack-cnwb06-2000w-negro-130981/,73374.0,62999.0,1,True
FRA-split-comfee-inverter-r-32-3096-kcal-h-f,Fravega,OTRAS,Aires Acondicionados,Split Comfee Inverter R-32 3096 kCal/h Frío Calor,https://www.fravega.com/p/split-comfee-inverter-r-32-3096-kcal-h-frio-calor-990175069/,1143999.0,555999.01,1,True
FRA-aire-acondicionado-portatil-frio-calor-s,Fravega,OTRAS,Aires Acondicionados,Aire Acondicionado Portátil Frío Calor Sansei SAP26HC9AN,https://www.fravega.com/p/aire-acondicionado-portatil-frio-calor-sansei-sap26hc9an-21122/,699999.0,499999.0,1,True
FRA-aire-acondicionado-philco-inverter-4700f,Fravega,PHILCO,Aires Acondicionados,Aire Acondicionado Philco Inverter 4700F 5500W PHIN55HA2AN,https://www.fravega.com/p/aire-acondicionado-philco-inverter-4700f-5500w-phin55ha2an-20942/,1499999.0,1199999.0,1,True
FRA-convector-de-mica-atma-camk1524p-130506,Fravega,ATMA,Aires Acondicionados,Convector de Mica ATMA CAMK1524P,https://www.fravega.com/p/convector-de-mica-atma-camk1524p-130506/,149999.0,109999.0,1,True
FRA-calefactor-infrarrojo-de-pared-philco-pb,Fravega,PHILCO,Aires Acondicionados,Calefactor Infrarrojo de Pared Philco Pbsv2022p 2000w,https://www.fravega.com/p/calefactor-infrarrojo-de-pared-philco-pbsv2022p-2000w-990050053/,184799.0,62999.0,1,True
FRA-calefactor-tiro-balanceado-longvie-eba2s,Fravega,OTRAS,Aires Acondicionados,Calefactor Tiro Balanceado Longvie EBA2S 2000 kcal/h,https://www.fravega.com/p/calefactor-tiro-balanceado-longvie-eba2s-2000-kcal-h-132785/,399999.0,279999.0,1,True
FRA-caloventor-whitenblack-tipo-split-cpwb07,Fravega,OTRAS,Aires Acondicionados,Caloventor Whitenblack Tipo Split CPWB07 2000W Blanco,https://www.fravega.com/p/caloventor-whitenblack-tipo-split-cpwb07-2000w-blanco-130982/,141134.0,119999.0,1,True
FRA-aire-acondicionado-frio-calor-inverter-s,Fravega,OTRAS,Aires Acondicionados,Aire Acondicionado Frío Calor Inverter Siam SMIN90HC3AWFPI 7500F 8750W,https://www.fravega.com/p/aire-acondicionado-frio-calor-inverter-siam-smin90hc3awfpi-7500f-8750w-21118/,2399999.0,1999999.0,1,True
FRA-aire-acondicionado-lg-inverter-lg-dualco,Fravega,LG,Aires Acondicionados,Aire Acondicionado LG Inverter LG DUALCOOL WiFi Frío Calor 4500 Frigorías S4-W18KL31A,https://www.fravega.com/p/aire-acondicionado-lg-inverter-lg-dualcool-wifi-frio-calor-4500-frigorias-s4-w18kl31a-990247383/,1539999.0,1399999.0,1,True
FRA-aire-acondicionado-split-inverter-frio-c,Fravega,OTRAS,Aires Acondicionados,Aire Acondicionado Split Inverter Frío/Calor Hitachi 5400W 4600F HSPE5400FCINV,https://www.fravega.com/p/aire-acondicionado-split-inverter-frio-calor-hitachi-5400w-4600f-hspe5400fcinv-21013/,1599999.0,1199999.0,1,True
FRA-aire-acondicionado-split-frio-calor-carr,Fravega,OTRAS,Aires Acondicionados,Aire Acondicionado Split Frio/Calor Carrier 2967F 53HFG1201E,https://www.fravega.com/p/aire-acondicionado-split-frio-calor-carrier-2967f-53hfg1201e-20913/,799999.0,661156.2,1,True
FRA-aire-acondicionado-split-frio-calor-lg-d,Fravega,LG,Aires Acondicionados,Aire Acondicionado Split Frío/Calor LG DualCool Wi-Fi S4-W18KL31A 4500F 5200W,https://www.fravega.com/p/aire-acondicionado-split-frio-calor-lg-dualcool-wi-fi-s4-w18kl31a-4500f-5200w-20645/,1949999.0,1599999.0,1,True
FRA-aire-acondicionado-split-inverter-frio-c,Fravega,LG,Aires Acondicionados,Aire Acondicionado Split Inverter Frio Calor LG Art Cool 4400F 5200W S4-W18KLRPA,https://www.fravega.com/p/aire-acondicionado-split-inverter-frio-calor-lg-art-cool-4400f-5200w-s4-w18klrpa-20902/,2499999.0,1999999.0,1,True
FRA-aire-acondicionado-lg-inverter-dualcool-,Fravega,LG,Aires Acondicionados,Aire Acondicionado LG Inverter DUALCOOL WiFi Frío Calor 3000 Frigorías S4-W12JA31A,https://www.fravega.com/p/aire-acondicionado-lg-inverter-dualcool-wifi-frio-calor-3000-frigorias-s4-w12ja31a-990247380/,1534499.0,1199999.0,1,True
FRA-aire-acondicionado-split-frio-calor-bgh-,Fravega,BGH,Aires Acondicionados,Aire Acondicionado Split Frío/Calor BGH 4644F BS54WCDW,https://www.fravega.com/p/aire-acondicionado-split-frio-calor-bgh-4644f-bs54wcdw-990257512/,2139999.0,959999.0,1,True
FRA-aire-acondicionado-samsung-split-inverte,Fravega,SAMSUNG,Aires Acondicionados,Aire Acondicionado Samsung Split Inverter AR40F18C0AM2BG,https://www.fravega.com/p/aire-acondicionado-samsung-split-inverter-ar40f18c0am2bg-21052/,1699999.0,1599999.0,1,True
FRA-aire-acondicionado-philco-split-frio-cal,Fravega,PHILCO,Aires Acondicionados,Aire Acondicionado Philco Split Frio/calor 4472 Frigorías Blanco 220v Phs50ha4cn,https://www.fravega.com/p/aire-acondicionado-philco-split-frio-calor-4472-frigorias-blanco-220v-phs50ha4cn-20051996/,1499999.0,899000.0,1,True
FRA-split-comfee-inverter-r-32-5590-kcal-h-f,Fravega,OTRAS,Aires Acondicionados,Split Comfee Inverter R-32 5590 kCal/h Frío Calor,https://www.fravega.com/p/split-comfee-inverter-r-32-5590-kcal-h-frio-calor-990175578/,2131999.0,1299999.0,1,True
FRA-nuevo-aire-acondicionado-r32-philco-inve,Fravega,PHILCO,Aires Acondicionados,Nuevo Aire Acondicionado R32 PHILCO Inverter 3750W,https://www.fravega.com/p/nuevo-aire-acondicionado-r32-philco-inverter-3750w-22715978/,1099000.0,859000.0,1,True
FRA-aire-acondicionado-lg-inverter-dualcool-,Fravega,LG,Aires Acondicionados,Aire Acondicionado LG Inverter DUALCOOL WiFi Frío/Calor 6000 Frigorías S4-W24K231E,https://www.fravega.com/p/aire-acondicionado-lg-inverter-dualcool-wifi-frio-calor-6000-frigorias-s4-w24k231e-990247379/,2254999.0,2049999.0,1,True
FRA-aire-acondicionado-split-frio-calor-phil,Fravega,PHILCO,Aires Acondicionados,Aire Acondicionado Split Frío/Calor Philco 4400F 5200W  PHS50HA4CN,https://www.fravega.com/p/aire-acondicionado-split-frio-calor-philco-4400f-5200w-phs50ha4cn-20631/,1299999.0,979999.0,1,True
FRA-aire-acondicionado-noblex-nxs32ha4cn-290,Fravega,NOBLEX,Aires Acondicionados,Aire Acondicionado Noblex NXS32HA4CN 2900F 3400W,https://www.fravega.com/p/aire-acondicionado-noblex-nxs32ha4cn-2900f-3400w-21160/,699999.0,549999.0,1,True
FRA-aire-acondicionado-split-inverter-frio-c,Fravega,OTRAS,Aires Acondicionados,Aire Acondicionado Split Inverter Frío/Calor Hitachi 3200W 2700F HSPE3200FCINV,https://www.fravega.com/p/aire-acondicionado-split-inverter-frio-calor-hitachi-3200w-2700f-hspe3200fcinv-20997/,1029999.0,699999.0,1,True
FRA-aire-acondicionado-siam-sms32ha4cn-2900f,Fravega,OTRAS,Aires Acondicionados,Aire Acondicionado Siam SMS32HA4CN 2900F 3400W,https://www.fravega.com/p/aire-acondicionado-siam-sms32ha4cn-2900f-3400w-21100/,699999.0,499999.0,1,True
FRA-aire-acondicionado-philco-inverter-3200f,Fravega,PHILCO,Aires Acondicionados,Aire Acondicionado Philco Inverter 3200F 3750W PHIN37HA2AN,https://www.fravega.com/p/aire-acondicionado-philco-inverter-3200f-3750w-phin37ha2an-20933/,799999.0,699999.0,1,True
FRA-aire-acondicionado-split-frio-calor-liko,Fravega,OTRAS,Aires Acondicionados,Aire Acondicionado Split Frío/Calor Likon 2700F LKS35WCEW,https://www.fravega.com/p/aire-acondicionado-split-frio-calor-likon-2700f-lks35wcew-990247260/,999999.0,559999.0,1,True
FRA-caloventor-liliana-cfh420-2000w-130894,Fravega,LILIANA,Aires Acondicionados,Caloventor Liliana CFH420 2000W,https://www.fravega.com/p/caloventor-liliana-cfh420-2000w-130894/,51999.0,35999.0,1,True
FRA-aire-acondicionado-split-frio-calor-bgh-,Fravega,BGH,Aires Acondicionados,Aire Acondicionado Split Frío/Calor BGH Inverter 4730F BSI55WCNX,https://www.fravega.com/p/aire-acondicionado-split-frio-calor-bgh-inverter-4730f-bsi55wcnx-990249355/,2495999.0,1077998.99,1,True
FRA-aire-acondicionado-split-tcl-taca-3400w-,Fravega,TCL,Aires Acondicionados,Aire Acondicionado Split TCL TACA-3400W ELITE 2900F 3400W,https://www.fravega.com/p/aire-acondicionado-split-tcl-taca-3400w-elite-2900f-3400w-20946/,799999.0,659999.0,1,True
FRA-calefactor-orbis-sin-salida-4024gon-2700,Fravega,OTRAS,Aires Acondicionados,Calefactor Orbis sin salida 4024GON 2700 kcal/h,https://www.fravega.com/p/calefactor-orbis-sin-salida-4024gon-2700-kcal-h-22743532/,277725.0,151086.65,1,True
FRA-aire-acondicionado-split-frio-calor-phil,Fravega,PHILCO,Aires Acondicionados,Aire Acondicionado Split Frío/Calor Philco 5400F 6300W  PHS60HA4CN,https://www.fravega.com/p/aire-acondicionado-split-frio-calor-philco-5400f-6300w-phs60ha4cn-20644/,1399999.0,1199999.0,1,True
FRA-convector-whitenblack-cnwb06-2000w-negro,Fravega,OTRAS,Aires Acondicionados,Convector Whitenblack CNWB06 2000W Negro,https://www.fravega.com/p/convector-whitenblack-cnwb06-2000w-negro-130981/,73374.0,62999.0,1,True
FRA-split-comfee-inverter-r-32-3096-kcal-h-f,Fravega,OTRAS,Aires Acondicionados,Split Comfee Inverter R-32 3096 kCal/h Frío Calor,https://www.fravega.com/p/split-comfee-inverter-r-32-3096-kcal-h-frio-calor-990175069/,1143999.0,555999.01,1,True
FRA-aire-acondicionado-portatil-frio-calor-s,Fravega,OTRAS,Aires Acondicionados,Aire Acondicionado Portátil Frío Calor Sansei SAP26HC9AN,https://www.fravega.com/p/aire-acondicionado-portatil-frio-calor-sansei-sap26hc9an-21122/,699999.0,499999.0,1,True
FRA-aire-acondicionado-philco-inverter-4700f,Fravega,PHILCO,Aires Acondicionados,Aire Acondicionado Philco Inverter 4700F 5500W PHIN55HA2AN,https://www.fravega.com/p/aire-acondicionado-philco-inverter-4700f-5500w-phin55ha2an-20942/,1499999.0,1199999.0,1,True
FRA-convector-de-mica-atma-camk1524p-130506,Fravega,ATMA,Aires Acondicionados,Convector de Mica ATMA CAMK1524P,https://www.fravega.com/p/convector-de-mica-atma-camk1524p-130506/,149999.0,109999.0,1,True
FRA-calefactor-infrarrojo-de-pared-philco-pb,Fravega,PHILCO,Aires Acondicionados,Calefactor Infrarrojo de Pared Philco Pbsv2022p 2000w,https://www.fravega.com/p/calefactor-infrarrojo-de-pared-philco-pbsv2022p-2000w-990050053/,184799.0,62999.0,1,True
FRA-calefactor-tiro-balanceado-longvie-eba2s,Fravega,OTRAS,Aires Acondicionados,Calefactor Tiro Balanceado Longvie EBA2S 2000 kcal/h,https://www.fravega.com/p/calefactor-tiro-balanceado-longvie-eba2s-2000-kcal-h-132785/,399999.0,279999.0,1,True
FRA-caloventor-whitenblack-tipo-split-cpwb07,Fravega,OTRAS,Aires Acondicionados,Caloventor Whitenblack Tipo Split CPWB07 2000W Blanco,https://www.fravega.com/p/caloventor-whitenblack-tipo-split-cpwb07-2000w-blanco-130982/,141134.0,119999.0,1,True
FRA-aire-acondicionado-split-frio-calor-sams,Fravega,SAMSUNG,Aires Acondicionados,Aire Acondicionado Split Frío/Calor Samsung Inverter 4500F AR40F18,https://www.fravega.com/p/aire-acondicionado-split-frio-calor-samsung-inverter-4500f-ar40f18-990257268/,1899999.0,1134999.0,1,True
FRA-aire-acondicionado-hyundai-wifi-inverter,Fravega,OTRAS,Aires Acondicionados,Aire Acondicionado HYUNDAI WIFI INVERTER 3200 W F/C Efic A++,https://www.fravega.com/p/aire-acondicionado-hyundai-wifi-inverter-3200-w-f-c-efic-a--22638865/,1299000.0,999000.0,1,True
FRA-aire-acondicionado-ventana-frio-solo-phi,Fravega,PHILCO,Aires Acondicionados,Aire Acondicionado Ventana Frío Solo Philco PHW32CA3AN 2838F 3300W,https://www.fravega.com/p/aire-acondicionado-ventana-frio-solo-philco-phw32ca3an-2838f-3300w-20483/,939999.0,699999.0,1,True
FRA-aire-acondicionado-split-frio-calor-hise,Fravega,HISENSE,Aires Acondicionados,Aire Acondicionado Split Frío/Calor Hisense 3400W 2900F AS12HR4SVRKG03PX4,https://www.fravega.com/p/aire-acondicionado-split-frio-calor-hisense-3400w-2900f-as12hr4svrkg03px4-20683/,749999.0,619833.88,1,True
FRA-aire-acondicionado-split-frio-calor-lg-d,Fravega,LG,Aires Acondicionados,Aire Acondicionado Split Frío/Calor LG DualCool Wi-Fi S4-W24K231E 5500F 6400W,https://www.fravega.com/p/aire-acondicionado-split-frio-calor-lg-dualcool-wi-fi-s4-w24k231e-5500f-6400w-20724/,2249999.0,2199999.0,1,True
FRA-nuevo-aire-acondicionado-philco-8000w-r3,Fravega,PHILCO,Aires Acondicionados,NUEVO Aire Acondicionado PHILCO 8000W R32 F/C,https://www.fravega.com/p/nuevo-aire-acondicionado-philco-8000w-r32-f-c--22708058/,1999000.0,1599999.0,1,True
FRA-aire-acondicionado-split-inverter-surrey,Fravega,SURREY,Aires Acondicionados,Aire Acondicionado Split Inverter Surrey 5590fg Frío Calor 6500W,https://www.fravega.com/p/aire-acondicionado-split-inverter-surrey-5590fg-frio-calor-6500w-22790481/,1999999.0,1799999.0,1,True
FRA-aire-acondicionado-surrey-split-frio-cal,Fravega,SURREY,Aires Acondicionados,Aire Acondicionado Surrey Split Frío/calor 3105 Frigorías 553nfq12gn81f Blanco,https://www.fravega.com/p/aire-acondicionado-surrey-split-frio-calor-3105-frigorias-553nfq12gn81f-blanco-22701710/,1318558.8,1098799.0,1,True
FRA-aire-acondicionado-split-frio-calor-bgh-,Fravega,BGH,Aires Acondicionados,Aire Acondicionado Split Frío/calor Bgh 4400F Bs52wchu,https://www.fravega.com/p/aire-acondicionado-split-frio-calor-bgh-4400f-bs52wchu-990226416/,2139999.0,959999.0,1,True
FRA-aire-acondicionado-lg-inverter-artcool-f,Fravega,LG,Aires Acondicionados,Aire Acondicionado LG Inverter ARTCOOL Frío/Calor 3000 Frigorías,https://www.fravega.com/p/aire-acondicionado-lg-inverter-artcool-frio-calor-3000-frigorias-990247381/,1649999.0,1499999.01,1,True
FRA-aire-acondicionado-ventana-frio-solo-phi,Fravega,PHILCO,Aires Acondicionados,Aire Acondicionado Ventana Frío Solo Philco PHW25CA3AN 2150F 2500W,https://www.fravega.com/p/aire-acondicionado-ventana-frio-solo-philco-phw25ca3an-2150f-2500w-20575/,889999.0,649999.0,1,True
FRA-aire-acondicionado-split-carrier-53hfg18,Fravega,OTRAS,Aires Acondicionados,Aire Acondicionado Split Carrier 53HFG1801E,https://www.fravega.com/p/aire-acondicionado-split-carrier-53hfg1801e-20706/,1299999.0,1074379.34,1,True
FRA-aire-acondicionado-philco-split-frio-cal,Fravega,PHILCO,Aires Acondicionados,Aire Acondicionado Philco Split Frío/calor 5418 Frigorías Blanco 220v Phs60ha4cn,https://www.fravega.com/p/aire-acondicionado-philco-split-frio-calor-5418-frigorias-blanco-220v-phs60ha4cn-20059707/,1599000.0,1059000.0,1,True
FRA-aire-acondicionado-inverter-lg-art-cool-,Fravega,LG,Aires Acondicionados,Aire acondicionado inverter LG Art Cool  3600W S4-W12JARPA,https://www.fravega.com/p/aire-acondicionado-inverter-lg-art-cool-3600w-s4-w12jarpa-990052653/,2399213.0,1679449.0,1,True
FRA-aire-acondicionado-portatil-smart-midea-,Fravega,MIDEA,Aires Acondicionados,Aire Acondicionado Portátil Smart Midea Blanco Frío/calor Blanco,https://www.fravega.com/p/aire-acondicionado-portatil-smart-midea-blanco-frio-calor-blanco-990288931/,967999.0,519999.0,1,True
FRA-aire-acondicionado-split-frio-calor-phil,Fravega,PHILCO,Aires Acondicionados,Aire Acondicionado Split Frío/Calor Philco 4400F 5200W  PHS50HA4CN,https://www.fravega.com/p/aire-acondicionado-split-frio-calor-philco-4400f-5200w-phs50ha4cn-20631/,1299999.0,979999.0,1,True
FRA-aire-acondicionado-noblex-nxs32ha4cn-290,Fravega,NOBLEX,Aires Acondicionados,Aire Acondicionado Noblex NXS32HA4CN 2900F 3400W,https://www.fravega.com/p/aire-acondicionado-noblex-nxs32ha4cn-2900f-3400w-21160/,699999.0,549999.0,1,True
FRA-aire-acondicionado-split-inverter-frio-c,Fravega,OTRAS,Aires Acondicionados,Aire Acondicionado Split Inverter Frío/Calor Hitachi 3200W 2700F HSPE3200FCINV,https://www.fravega.com/p/aire-acondicionado-split-inverter-frio-calor-hitachi-3200w-2700f-hspe3200fcinv-20997/,1029999.0,699999.0,1,True
FRA-aire-acondicionado-siam-sms32ha4cn-2900f,Fravega,OTRAS,Aires Acondicionados,Aire Acondicionado Siam SMS32HA4CN 2900F 3400W,https://www.fravega.com/p/aire-acondicionado-siam-sms32ha4cn-2900f-3400w-21100/,699999.0,499999.0,1,True
FRA-aire-acondicionado-philco-inverter-3200f,Fravega,PHILCO,Aires Acondicionados,Aire Acondicionado Philco Inverter 3200F 3750W PHIN37HA2AN,https://www.fravega.com/p/aire-acondicionado-philco-inverter-3200f-3750w-phin37ha2an-20933/,799999.0,699999.0,1,True
FRA-aire-acondicionado-split-frio-calor-liko,Fravega,OTRAS,Aires Acondicionados,Aire Acondicionado Split Frío/Calor Likon 2700F LKS35WCEW,https://www.fravega.com/p/aire-acondicionado-split-frio-calor-likon-2700f-lks35wcew-990247260/,999999.0,559999.0,1,True
FRA-caloventor-liliana-cfh420-2000w-130894,Fravega,LILIANA,Aires Acondicionados,Caloventor Liliana CFH420 2000W,https://www.fravega.com/p/caloventor-liliana-cfh420-2000w-130894/,51999.0,35999.0,1,True
FRA-aire-acondicionado-split-frio-calor-bgh-,Fravega,BGH,Aires Acondicionados,Aire Acondicionado Split Frío/Calor BGH Inverter 4730F BSI55WCNX,https://www.fravega.com/p/aire-acondicionado-split-frio-calor-bgh-inverter-4730f-bsi55wcnx-990249355/,2495999.0,1077998.99,1,True
FRA-aire-acondicionado-split-tcl-taca-3400w-,Fravega,TCL,Aires Acondicionados,Aire Acondicionado Split TCL TACA-3400W ELITE 2900F 3400W,https://www.fravega.com/p/aire-acondicionado-split-tcl-taca-3400w-elite-2900f-3400w-20946/,799999.0,659999.0,1,True
FRA-calefactor-orbis-sin-salida-4024gon-2700,Fravega,OTRAS,Aires Acondicionados,Calefactor Orbis sin salida 4024GON 2700 kcal/h,https://www.fravega.com/p/calefactor-orbis-sin-salida-4024gon-2700-kcal-h-22743532/,277725.0,151086.65,1,True
FRA-aire-acondicionado-split-frio-calor-phil,Fravega,PHILCO,Aires Acondicionados,Aire Acondicionado Split Frío/Calor Philco 5400F 6300W  PHS60HA4CN,https://www.fravega.com/p/aire-acondicionado-split-frio-calor-philco-5400f-6300w-phs60ha4cn-20644/,1399999.0,1199999.0,1,True
FRA-convector-whitenblack-cnwb06-2000w-negro,Fravega,OTRAS,Aires Acondicionados,Convector Whitenblack CNWB06 2000W Negro,https://www.fravega.com/p/convector-whitenblack-cnwb06-2000w-negro-130981/,73374.0,62999.0,1,True
FRA-split-comfee-inverter-r-32-3096-kcal-h-f,Fravega,OTRAS,Aires Acondicionados,Split Comfee Inverter R-32 3096 kCal/h Frío Calor,https://www.fravega.com/p/split-comfee-inverter-r-32-3096-kcal-h-frio-calor-990175069/,1143999.0,555999.01,1,True
FRA-aire-acondicionado-portatil-frio-calor-s,Fravega,OTRAS,Aires Acondicionados,Aire Acondicionado Portátil Frío Calor Sansei SAP26HC9AN,https://www.fravega.com/p/aire-acondicionado-portatil-frio-calor-sansei-sap26hc9an-21122/,699999.0,499999.0,1,True
FRA-aire-acondicionado-philco-inverter-4700f,Fravega,PHILCO,Aires Acondicionados,Aire Acondicionado Philco Inverter 4700F 5500W PHIN55HA2AN,https://www.fravega.com/p/aire-acondicionado-philco-inverter-4700f-5500w-phin55ha2an-20942/,1499999.0,1199999.0,1,True
FRA-convector-de-mica-atma-camk1524p-130506,Fravega,ATMA,Aires Acondicionados,Convector de Mica ATMA CAMK1524P,https://www.fravega.com/p/convector-de-mica-atma-camk1524p-130506/,149999.0,109999.0,1,True
FRA-calefactor-infrarrojo-de-pared-philco-pb,Fravega,PHILCO,Aires Acondicionados,Calefactor Infrarrojo de Pared Philco Pbsv2022p 2000w,https://www.fravega.com/p/calefactor-infrarrojo-de-pared-philco-pbsv2022p-2000w-990050053/,184799.0,62999.0,1,True
FRA-calefactor-tiro-balanceado-longvie-eba2s,Fravega,OTRAS,Aires Acondicionados,Calefactor Tiro Balanceado Longvie EBA2S 2000 kcal/h,https://www.fravega.com/p/calefactor-tiro-balanceado-longvie-eba2s-2000-kcal-h-132785/,399999.0,279999.0,1,True
FRA-caloventor-whitenblack-tipo-split-cpwb07,Fravega,OTRAS,Aires Acondicionados,Caloventor Whitenblack Tipo Split CPWB07 2000W Blanco,https://www.fravega.com/p/caloventor-whitenblack-tipo-split-cpwb07-2000w-blanco-130982/,141134.0,119999.0,1,True
FRA-aire-acondicionado-lg-inverter-artcool-f,Fravega,LG,Aires Acondicionados,Aire Acondicionado LG Inverter Artcool Frío Calor 6000fg,https://www.fravega.com/p/aire-acondicionado-lg-inverter-artcool-frio-calor-6000fg-990006064/,2999999.0,2699999.09,1,True
FRA-aire-acondicionado-philco-split-frio-cal,Fravega,PHILCO,Aires Acondicionados,Aire Acondicionado Philco Split Frío/calor 2881 Frigorías Blanco 220v - 240v Phs32ha3an,https://www.fravega.com/p/aire-acondicionado-philco-split-frio-calor-2881-frigorias-blanco-220v-240v-phs32ha3an-20085749/,899000.0,659000.0,1,True
FRA-aa-bgh-silent-air-3300w-f-c--21957288,Fravega,BGH,Aires Acondicionados,AA BGH Silent Air 3300W F/C,https://www.fravega.com/p/aa-bgh-silent-air-3300w-f-c--21957288/,949000.0,799000.0,1,True
FRA-aire-acondicionado-split-carrier-invert-,Fravega,OTRAS,Aires Acondicionados,Aire Acondicionado Split Carrier Invert 3096F 3600W 53HVN12KN81F F/C,https://www.fravega.com/p/aire-acondicionado-split-carrier-invert-3096f-3600w-53hvn12kn81f-f-c-22059925/,2020678.8,1683899.0,1,True
FRA-aire-acondicionado-split-inverter-surrey,Fravega,SURREY,Aires Acondicionados,Aire Acondicionado Split Inverter Surrey 553NIQ12KN81F FC 3096 kcal/h Frio Calor,https://www.fravega.com/p/aire-acondicionado-split-inverter-surrey-553niq12kn81f-fc-3096-kcal-h-frio-calor-22477736/,1596478.8,1330399.0,1,True
FRA-aire-acondicionado-portatil-frio-calor-b,Fravega,BGH,Aires Acondicionados,Aire Acondicionado Portátil Frío/Calor BGH 3000F BP35WCEW,https://www.fravega.com/p/aire-acondicionado-portatil-frio-calor-bgh-3000f-bp35wcew-990244433/,1069999.0,799998.99,1,True
FRA-aire-acondicionado-portatil-bgh-3500w-fr,Fravega,BGH,Aires Acondicionados,Aire Acondicionado Portátil BGH 3500W Frío/Calor BP35WCEW,https://www.fravega.com/p/aire-acondicionado-portatil-bgh-3500w-frio-calor-bp35wcew-21177/,949999.0,785123.14,1,True
FRA-aire-acondicionado-piso-techo-inverter-f,Fravega,OTRAS,Aires Acondicionados,Aire Acondicionado Piso Techo Inverter Frío Calor Siam SMPTINH6TRHC8API,https://www.fravega.com/p/aire-acondicionado-piso-techo-inverter-frio-calor-siam-smptinh6trhc8api-21049/,4499999.0,3999999.0,1,True
FRA-aire-acondicionado-ventana-frio-solo-phi,Fravega,PHILCO,Aires Acondicionados,Aire Acondicionado Ventana Frío Solo Philco PHW50CA3AN 4386F 5100W,https://www.fravega.com/p/aire-acondicionado-ventana-frio-solo-philco-phw50ca3an-4386f-5100w-20505/,1399999.0,1099999.0,1,True
FRA-aire-acondicionado-split-inverter-frio-c,Fravega,TCL,Aires Acondicionados,Aire Acondicionado Split Inverter Frío/Calor TCL Breeze IN 3100W 2600F TACA-3100FCSA/TPRO2 INV-F,https://www.fravega.com/p/aire-acondicionado-split-inverter-frio-calor-tcl-breeze-3100w-2600f-taca-3100fcsa-tpro2-inv-f-20881/,1199999.0,729999.0,1,True
FRA-split-comfee-inverter-r-32-4601-kcal-h-f,Fravega,OTRAS,Aires Acondicionados,Split Comfee Inverter R-32 4601 kCal/h Frío Calor,https://www.fravega.com/p/split-comfee-inverter-r-32-4601-kcal-h-frio-calor-990175070/,1799999.0,1099999.0,1,True
FRA-aire-acondicionado-hyundai-inverter-con-,Fravega,OTRAS,Aires Acondicionados,Aire Acondicionado Hyundai Inverter con Wi-Fi 3200W F/C,https://www.fravega.com/p/aire-acondicionado-hyundai-inverter-con-wi-fi-3200w-f-c-990195325/,1266666.0,1139999.0,1,True
FRA-aire-acondicionado-hyundai-inverter-con-,Fravega,OTRAS,Aires Acondicionados,Aire Acondicionado Hyundai Inverter con Wi-Fi 5000W F/C,https://www.fravega.com/p/aire-acondicionado-hyundai-inverter-con-wi-fi-5000w-f-c-990195323/,1944443.0,1749999.01,1,True
FRA-aire-acondicionado-split-inverter-carrie,Fravega,OTRAS,Aires Acondicionados,Aire Acondicionado Split Inverter Carrier Hvn22gn81f F/c 5590 Kcal/h,https://www.fravega.com/p/aire-acondicionado-split-inverter-carrier-hvn22gn81f-f-c-5590-kcal-h-22477742/,3856798.8,3213999.0,1,True
FRA-aire-acondicionado-hisense-split-3400w-f,Fravega,HISENSE,Aires Acondicionados,Aire Acondicionado Hisense Split 3400W Frio Calor AS12HR4SVRKG03PX4,https://www.fravega.com/p/aire-acondicionado-hisense-split-3400w-frio-calor-as12hr4svrkg03px4-990245179/,879999.0,688999.0,1,True
FRA-aire-acondicionado-split-frio-calor-phil,Fravega,PHILCO,Aires Acondicionados,Aire Acondicionado Split Frío/Calor Philco 4400F 5200W  PHS50HA4CN,https://www.fravega.com/p/aire-acondicionado-split-frio-calor-philco-4400f-5200w-phs50ha4cn-20631/,1299999.0,979999.0,1,True
FRA-aire-acondicionado-noblex-nxs32ha4cn-290,Fravega,NOBLEX,Aires Acondicionados,Aire Acondicionado Noblex NXS32HA4CN 2900F 3400W,https://www.fravega.com/p/aire-acondicionado-noblex-nxs32ha4cn-2900f-3400w-21160/,699999.0,549999.0,1,True
FRA-aire-acondicionado-split-inverter-frio-c,Fravega,OTRAS,Aires Acondicionados,Aire Acondicionado Split Inverter Frío/Calor Hitachi 3200W 2700F HSPE3200FCINV,https://www.fravega.com/p/aire-acondicionado-split-inverter-frio-calor-hitachi-3200w-2700f-hspe3200fcinv-20997/,1029999.0,699999.0,1,True
FRA-aire-acondicionado-siam-sms32ha4cn-2900f,Fravega,OTRAS,Aires Acondicionados,Aire Acondicionado Siam SMS32HA4CN 2900F 3400W,https://www.fravega.com/p/aire-acondicionado-siam-sms32ha4cn-2900f-3400w-21100/,699999.0,499999.0,1,True
FRA-aire-acondicionado-philco-inverter-3200f,Fravega,PHILCO,Aires Acondicionados,Aire Acondicionado Philco Inverter 3200F 3750W PHIN37HA2AN,https://www.fravega.com/p/aire-acondicionado-philco-inverter-3200f-3750w-phin37ha2an-20933/,799999.0,699999.0,1,True
FRA-aire-acondicionado-split-frio-calor-liko,Fravega,OTRAS,Aires Acondicionados,Aire Acondicionado Split Frío/Calor Likon 2700F LKS35WCEW,https://www.fravega.com/p/aire-acondicionado-split-frio-calor-likon-2700f-lks35wcew-990247260/,999999.0,559999.0,1,True
FRA-caloventor-liliana-cfh420-2000w-130894,Fravega,LILIANA,Aires Acondicionados,Caloventor Liliana CFH420 2000W,https://www.fravega.com/p/caloventor-liliana-cfh420-2000w-130894/,51999.0,35999.0,1,True
FRA-aire-acondicionado-split-frio-calor-bgh-,Fravega,BGH,Aires Acondicionados,Aire Acondicionado Split Frío/Calor BGH Inverter 4730F BSI55WCNX,https://www.fravega.com/p/aire-acondicionado-split-frio-calor-bgh-inverter-4730f-bsi55wcnx-990249355/,2495999.0,1077998.99,1,True
FRA-aire-acondicionado-split-tcl-taca-3400w-,Fravega,TCL,Aires Acondicionados,Aire Acondicionado Split TCL TACA-3400W ELITE 2900F 3400W,https://www.fravega.com/p/aire-acondicionado-split-tcl-taca-3400w-elite-2900f-3400w-20946/,799999.0,659999.0,1,True
FRA-calefactor-orbis-sin-salida-4024gon-2700,Fravega,OTRAS,Aires Acondicionados,Calefactor Orbis sin salida 4024GON 2700 kcal/h,https://www.fravega.com/p/calefactor-orbis-sin-salida-4024gon-2700-kcal-h-22743532/,277725.0,151086.65,1,True
FRA-aire-acondicionado-split-frio-calor-phil,Fravega,PHILCO,Aires Acondicionados,Aire Acondicionado Split Frío/Calor Philco 5400F 6300W  PHS60HA4CN,https://www.fravega.com/p/aire-acondicionado-split-frio-calor-philco-5400f-6300w-phs60ha4cn-20644/,1399999.0,1199999.0,1,True
FRA-convector-whitenblack-cnwb06-2000w-negro,Fravega,OTRAS,Aires Acondicionados,Convector Whitenblack CNWB06 2000W Negro,https://www.fravega.com/p/convector-whitenblack-cnwb06-2000w-negro-130981/,73374.0,62999.0,1,True
FRA-split-comfee-inverter-r-32-3096-kcal-h-f,Fravega,OTRAS,Aires Acondicionados,Split Comfee Inverter R-32 3096 kCal/h Frío Calor,https://www.fravega.com/p/split-comfee-inverter-r-32-3096-kcal-h-frio-calor-990175069/,1143999.0,555999.01,1,True
FRA-aire-acondicionado-portatil-frio-calor-s,Fravega,OTRAS,Aires Acondicionados,Aire Acondicionado Portátil Frío Calor Sansei SAP26HC9AN,https://www.fravega.com/p/aire-acondicionado-portatil-frio-calor-sansei-sap26hc9an-21122/,699999.0,499999.0,1,True
FRA-aire-acondicionado-philco-inverter-4700f,Fravega,PHILCO,Aires Acondicionados,Aire Acondicionado Philco Inverter 4700F 5500W PHIN55HA2AN,https://www.fravega.com/p/aire-acondicionado-philco-inverter-4700f-5500w-phin55ha2an-20942/,1499999.0,1199999.0,1,True
FRA-convector-de-mica-atma-camk1524p-130506,Fravega,ATMA,Aires Acondicionados,Convector de Mica ATMA CAMK1524P,https://www.fravega.com/p/convector-de-mica-atma-camk1524p-130506/,149999.0,109999.0,1,True
FRA-calefactor-infrarrojo-de-pared-philco-pb,Fravega,PHILCO,Aires Acondicionados,Calefactor Infrarrojo de Pared Philco Pbsv2022p 2000w,https://www.fravega.com/p/calefactor-infrarrojo-de-pared-philco-pbsv2022p-2000w-990050053/,184799.0,62999.0,1,True
FRA-calefactor-tiro-balanceado-longvie-eba2s,Fravega,OTRAS,Aires Acondicionados,Calefactor Tiro Balanceado Longvie EBA2S 2000 kcal/h,https://www.fravega.com/p/calefactor-tiro-balanceado-longvie-eba2s-2000-kcal-h-132785/,399999.0,279999.0,1,True
FRA-caloventor-whitenblack-tipo-split-cpwb07,Fravega,OTRAS,Aires Acondicionados,Caloventor Whitenblack Tipo Split CPWB07 2000W Blanco,https://www.fravega.com/p/caloventor-whitenblack-tipo-split-cpwb07-2000w-blanco-130982/,141134.0,119999.0,1,True
FRA-aire-acondicionado-split-hisense-frio-ca,Fravega,HISENSE,Aires Acondicionados,Aire Acondicionado Split Hisense Frío/Calor 5418 Fg 6300W AS22HR4SXTKG00N,https://www.fravega.com/p/aire-acondicionado-split-hisense-frio-calor-5418-fg-6300w-as22hr4sxtkg00n-990263570/,1536699.0,1092999.0,1,True
FRA-aire-acondicionado-hyundai-inverter-wifi,Fravega,OTRAS,Aires Acondicionados,Aire Acondicionado HYUNDAI INVERTER WIFI 6400 W F/C EficA++,https://www.fravega.com/p/aire-acondicionado-hyundai-inverter-wifi-6400-w-f-c-efica--22638871/,1999000.0,1649000.0,1,True
FRA-aire-acondicionado-bgh-split-inverter-fr,Fravega,BGH,Aires Acondicionados,Aire Acondicionado Bgh Split Inverter Frio/calor 3010f Blanc Blanco,https://www.fravega.com/p/aire-acondicionado-bgh-split-inverter-frio-calor-3010f-blanc-blanco-990285901/,933659.0,840293.1,1,True
FRA-aire-acondicionado-ventana-frio-bgh-bc26,Fravega,BGH,Aires Acondicionados,Aire Acondicionado Ventana Frio BGH BC26WFQ 2300F 2600W,https://www.fravega.com/p/aire-acondicionado-ventana-frio-bgh-bc26wfq-2300f-2600w-20284/,884999.0,849999.0,1,True
FRA-aire-acondicionado-split-bgh-frio-calor-,Fravega,BGH,Aires Acondicionados,Aire Acondicionado Split BGH Frío/Calor 5000W BSH52WCU,https://www.fravega.com/p/aire-acondicionado-split-bgh-frio-calor-5000w-bsh52wcu-20782/,1399999.0,1199999.0,1,True
FRA-aire-acondicionado-ventana-frio-philco-2,Fravega,PHILCO,Aires Acondicionados,Aire Acondicionado Ventana Frío Philco 2838F 220V PHW32CA3AN,https://www.fravega.com/p/aire-acondicionado-ventana-frio-philco-2838f-220v-phw32ca3an-20046271/,999999.0,699000.0,1,True
FRA-aire-acondicionado-philco-piso-techo-180,Fravega,PHILCO,Aires Acondicionados,Aire Acondicionado Philco Piso Techo 18000w Trifasico,https://www.fravega.com/p/aire-acondicionado-philco-piso-techo-18000w-trifasico-20051361/,3999000.0,2899000.0,1,True
FRA-aire-acondicionado-split-surrey-frio-cal,Fravega,SURREY,Aires Acondicionados,Aire Acondicionado Split Surrey Frío Calor 2950F 3430W 553GFQ1201F,https://www.fravega.com/p/aire-acondicionado-split-surrey-frio-calor-2950f-3430w-553gfq1201f-20773/,999999.0,899999.0,1,True
FRA-aire-acondicionado-electra-trend-inverte,Fravega,OTRAS,Aires Acondicionados,Aire Acondicionado Electra Trend Inverter 3010 Frigorías,https://www.fravega.com/p/aire-acondicionado-electra-trend-inverter-3010-frigorias-990075831/,1285919.0,964439.25,1,True
FRA-aire-acondicionado-piso-techo-siam-on-of,Fravega,OTRAS,Aires Acondicionados,Aire Acondicionado Piso Techo SIAM On Off 6 Tn 18000 frig F/C,https://www.fravega.com/p/aire-acondicionado-piso-techo-siam-on-off-6-tn-18000-frig-f-c-21499537/,3999000.0,2999000.0,1,True
FRA-aire-acondicionado-split-carrier-invert-,Fravega,OTRAS,Aires Acondicionados,Aire Acondicionado Split Carrier Invert 4601f 5350w Hvn18gn81f,https://www.fravega.com/p/aire-acondicionado-split-carrier-invert-4601f-5350w-hvn18gn81f-22059926/,3058438.8,2548699.0,1,True
FRA-aire-acondicionado-split-inverter-surrey,Fravega,SURREY,Aires Acondicionados,Aire Acondicionado Split Inverter Surrey 553NIQ18GN81F F/C 4600 kcal/h,https://www.fravega.com/p/aire-acondicionado-split-inverter-surrey-553niq18gn81f-f-c-4600-kcal-h-22060391/,3048598.8,2540499.0,1,True
FRA-aire-acondicionado-hisense-inverter-5500,Fravega,HISENSE,Aires Acondicionados,Aire Acondicionado HISENSE Inverter 5500 W NEGRO F/C,https://www.fravega.com/p/aire-acondicionado-hisense-inverter-5500-w-negro-f-c-22352337/,1799000.0,1399999.0,1,True
FRA-aire-acondicionado-hisense-inverter-5500,Fravega,HISENSE,Aires Acondicionados,Aire Acondicionado HISENSE INVERTER 5500W Blanco,https://www.fravega.com/p/aire-acondicionado-hisense-inverter-5500w-blanco--22523032/,1599000.0,1299000.0,1,True
FRA-control-remoto-universal-aire-acondicion,Fravega,OTRAS,Aires Acondicionados,Control Remoto Universal Aire Acondicionado Etheos,https://www.fravega.com/p/control-remoto-universal-aire-acondicionado-etheos-990243589/,25000.0,19999.0,1,True
FRA-secador-de-pelo-philips-thermoshield-adv,Fravega,PHILIPS,Pequeños Electrodomésticos,Secador de Pelo Philips ThermoShield Advanced Serie 8000 BHD837,https://www.fravega.com/p/secador-de-pelo-philips-thermoshield-advanced-serie-8000-bhd837-14470/,395999.0,329999.0,1,True
FRA-secador-remington-d3015-power-volumen-20,Fravega,REMINGTON,Pequeños Electrodomésticos,Secador Remington D3015 Power Volumen 2000,https://www.fravega.com/p/secador-remington-d3015-power-volumen-2000-12426/,59999.0,39999.0,1,True
FRA-freidora-de-aire-atma-con-visor-fr246abp,Fravega,ATMA,Pequeños Electrodomésticos,Freidora de Aire ATMA con Visor FR246ABP 6Lts Negro,https://www.fravega.com/p/freidora-de-aire-atma-con-visor-fr246abp-6lts-negro-13898/,189999.0,69999.0,1,True
FRA-pava-electrica-kanji-home-con-corte-mate,Fravega,OTRAS,Pequeños Electrodomésticos,Pava Eléctrica Kanji Home con Corte Mate KJH-PE15002M,https://www.fravega.com/p/pava-electrica-kanji-home-con-corte-mate-kjh-pe15002m--13629/,29999.0,14999.0,1,True
FRA-freidora-de-aire-y-hornito-atma-hfr582dp,Fravega,ATMA,Pequeños Electrodomésticos,"Freidora de Aire y Hornito Atma HFR582DP 11,6 Litros",https://www.fravega.com/p/freidora-de-aire-y-hornito-atma-hfr582dp-11-6-litros-14039/,294999.0,159999.0,1,True
FRA-microondas-atma-94watds20ucp-20-lts-silv,Fravega,ATMA,Pequeños Electrodomésticos,Microondas ATMA 94WATDS20UCP 20 Lts Silver,https://www.fravega.com/p/microondas-atma-94watds20ucp-20-lts-silver-110371/,241999.0,145999.0,1,True
FRA-freidora-de-aire-atma-con-visor-fr248abp,Fravega,ATMA,Pequeños Electrodomésticos,Freidora de Aire ATMA con Visor FR248ABP 8Lts Negro,https://www.fravega.com/p/freidora-de-aire-atma-con-visor-fr248abp-8lts-negro-14103/,204999.0,119999.0,1,True
FRA-cafetera-espresso-suono-20-bar-espumador,Fravega,OTRAS,Pequeños Electrodomésticos,Cafetera Espresso Suono 20 Bar Espumador HOG0389ACE,https://www.fravega.com/p/cafetera-espresso-suono-20-bar-espumador-hog0389ace-13969/,179999.0,89999.0,1,True
FRA-aspiradora-vertical-inalambrica-electrol,Fravega,OTRAS,Pequeños Electrodomésticos,Aspiradora Vertical Inalámbrica Electrolux Stick 2 en 1 ERG019,https://www.fravega.com/p/aspiradora-vertical-inalambrica-electrolux-stick-2-1-erg019-60832/,269999.0,139999.0,1,True
FRA-freidora-de-aire-peabody-pe-afd720n-7-2l,Fravega,OTRAS,Pequeños Electrodomésticos,"Freidora De Aire Peabody PE-AFD720N 7,2L",https://www.fravega.com/p/freidora-de-aire-peabody-pe-afd720n-7-2l-13837/,139999.0,83999.0,1,True
FRA-aspiradora-philco-stick-vertical-2-1-hvc,Fravega,PHILCO,Pequeños Electrodomésticos,Aspiradora Philco Stick Vertical 2 en 1 HVCPH177PI,https://www.fravega.com/p/aspiradora-philco-stick-vertical-2-1-hvcph177pi--60288/,129999.0,39999.0,1,True
FRA-microondas-whirlpool-wms20bs-20l-negro-1,Fravega,WHIRLPOOL,Pequeños Electrodomésticos,Microondas Whirlpool WMS20BS 20L Negro,https://www.fravega.com/p/microondas-whirlpool-wms20bs-20l-negro-110214/,279999.0,179999.0,1,True
FRA-pava-electrica-electrolux-efficient-2lts,Fravega,OTRAS,Pequeños Electrodomésticos,Pava Eléctrica Electrolux Efficient 2Lts EEK50,https://www.fravega.com/p/pava-electrica-electrolux-efficient-2lts-eek50-14568/,89999.0,70999.0,1,True
FRA-cafetera-dolce-gusto-genio-s-blanca-pv24,Fravega,OTRAS,Pequeños Electrodomésticos,Cafetera Dolce Gusto Genio S Blanca PV240158,https://www.fravega.com/p/cafetera-dolce-gusto-genio-s-blanca-pv240158-13935/,312690.0,187499.0,1,True
FRA-pava-electrica-philco-peph1182ip-inoxida,Fravega,PHILCO,Pequeños Electrodomésticos,Pava Eléctrica Philco PEPH1182IP Inoxidable,https://www.fravega.com/p/pava-electrica-philco-peph1182ip-inoxidable-14055/,41999.0,25999.0,1,True
FRA-freidora-de-aire-digital-atma-fr246gap-6,Fravega,ATMA,Pequeños Electrodomésticos,Freidora de Aire Digital ATMA FR246GAP 6Lt,https://www.fravega.com/p/freidora-de-aire-digital-atma-fr246gap-6lt-13988/,189999.0,64999.0,1,True
FRA-pava-electrica-atma-essential-peat1351bp,Fravega,ATMA,Pequeños Electrodomésticos,"Pava Eléctrica Atma Essential PEAT1351BP 1,8Lts Negro",https://www.fravega.com/p/pava-electrica-atma-essential-peat1351bp-1-8lts-negro-14356/,39999.0,29999.0,1,True
FRA-pava-electrica-atma-essential-peat1351bp,Fravega,ATMA,Pequeños Electrodomésticos,"Pava Eléctrica Atma Essential PEAT1351BP 1,8Lts Negro",https://www.fravega.com/p/pava-electrica-atma-essential-peat1351bp-1-8lts-negro-14356/,39999.0,29999.0,1,True
FRA-tostadora-admiral-ad-to1318-14169,Fravega,OTRAS,Pequeños Electrodomésticos,Tostadora Admiral AD-TO1318,https://www.fravega.com/p/tostadora-admiral-ad-to1318-14169/,49999.0,28999.0,1,True
FRA-cafetera-nespresso-inissia-black-13916,Fravega,OTRAS,Pequeños Electrodomésticos,Cafetera Nespresso Inissia Black,https://www.fravega.com/p/cafetera-nespresso-inissia-black-13916/,343300.0,137320.0,1,True
FRA-aspiradora-electrolux-stk12-2en1-60206,Fravega,OTRAS,Pequeños Electrodomésticos,Aspiradora Electrolux STK12 2EN1,https://www.fravega.com/p/aspiradora-electrolux-stk12-2en1-60206/,89999.0,69999.0,1,True
FRA-depiladora-ipl-philips-lumea-prestige-br,Fravega,PHILIPS,Pequeños Electrodomésticos,Depiladora IPL Philips Lumea Prestige BRI947/30,https://www.fravega.com/p/depiladora-ipl-philips-lumea-prestige-bri947-30-13275/,959999.0,599999.0,1,True
FRA-afeitadora-philips-s1881-00-serie-1000-u,Fravega,PHILIPS,Pequeños Electrodomésticos,Afeitadora Philips S1881/00 Serie 1000 uso en Húmedo y Seco,https://www.fravega.com/p/afeitadora-philips-s1881-00-serie-1000-uso-humedo-y-seco-30625/,81999.0,41999.0,1,True
FRA-freidora-admiral-ad-af5007m-6l-14680,Fravega,OTRAS,Pequeños Electrodomésticos,Freidora Admiral AD-AF5007M 6L,https://www.fravega.com/p/freidora-admiral-ad-af5007m-6l-14680/,129999.0,49999.0,1,True
FRA-tostadora-philco-to20bpp-negro-14091,Fravega,PHILCO,Pequeños Electrodomésticos,Tostadora Philco TO20BPP Negro,https://www.fravega.com/p/tostadora-philco-to20bpp-negro-14091/,37999.0,28999.0,1,True
FRA-secador-de-pelo-ga-ma-diamond-ceramic-12,Fravega,OTRAS,Pequeños Electrodomésticos,Secador de Pelo GA.MA Diamond Ceramic,https://www.fravega.com/p/secador-de-pelo-ga-ma-diamond-ceramic-12982/,89999.0,57999.0,1,True
FRA-licuadora-philco-lv24b0php-450w-1-25lts-,Fravega,HP,Pequeños Electrodomésticos,"Licuadora Philco LV24B0PHP 450W 1,25Lts Negro",https://www.fravega.com/p/licuadora-philco-lv24b0php-450w-1-25lts-negro-180462/,61999.0,34999.0,1,True
FRA-freidora-de-aire-atma-fr60mabp-negro-6-5,Fravega,ATMA,Pequeños Electrodomésticos,"Freidora de Aire ATMA FR60MABP Negro 6,5Lts",https://www.fravega.com/p/freidora-de-aire-atma-fr60mabp-negro-6-5lts-14282/,149999.0,69999.0,1,True
FRA-minipimer-miniprocesardora-mixer-450w-3-,Fravega,OTRAS,Pequeños Electrodomésticos,Minipimer Miniprocesardora Mixer 450w 3 en 1 Kenta Blanco,https://www.fravega.com/p/minipimer-miniprocesardora-mixer-450w-3-1-kenta-blanco-22718921/,80455.0,55999.0,1,True
FRA-freidora-de-aire-admiral-ad-af505-6-3-li,Fravega,OTRAS,Pequeños Electrodomésticos,"Freidora de Aire Admiral AD-AF505 6,3 Litros",https://www.fravega.com/p/freidora-de-aire-admiral-ad-af505-6-3-litros-13978/,149999.0,49999.0,1,True
FRA-microondas-atma-matrb20ubn-20l-negro-110,Fravega,ATMA,Pequeños Electrodomésticos,Microondas ATMA MATRB20UBN 20L Negro,https://www.fravega.com/p/microondas-atma-matrb20ubn-20l-negro-110350/,199999.0,129999.0,1,True
FRA-yogurtera-ultracomb-yg-2707-13859,Fravega,OTRAS,Pequeños Electrodomésticos,Yogurtera Ultracomb YG-2707,https://www.fravega.com/p/yogurtera-ultracomb-yg-2707-13859/,75099.0,32999.0,1,True
FRA-maquina-de-coser-mc202-mini-recta-con-lu,Fravega,OTRAS,Pequeños Electrodomésticos,Máquina de Coser MC202 Mini Recta con Luz Portátil,https://www.fravega.com/p/maquina-de-coser-mc202-mini-recta-con-luz-portatil-200047/,55999.0,16999.0,1,True
FRA-cafetera-express-gadnic-cm3000-3-1-20-ba,Fravega,ACER,Pequeños Electrodomésticos,Cafetera Express Gadnic Cm3000 3 en 1 20 Bares Panel Táctil Vaporizador Depósito 15L Acero Inoxidable,https://www.fravega.com/p/cafetera-express-gadnic-cm3000-3-1-20-bares-panel-tactil-vaporizador-deposito-15l-acero-inoxidable-990257324/,254474.0,195749.0,1,True
FRA-planchita-de-pelo-ga-ma-elegance-bella-t,Fravega,OTRAS,Pequeños Electrodomésticos,Planchita de Pelo GA.MA Elegance Bella Tourmaline ION 230°C,https://www.fravega.com/p/planchita-de-pelo-ga-ma-elegance-bella-tourmaline-ion-230-c-13040/,69999.0,42999.0,1,True
FRA-repuesto-cuchillas-x2-para-cortabarba-ph,Fravega,PHILIPS,Pequeños Electrodomésticos,Repuesto Cuchillas x2 para Cortabarba Philips OneBlade,https://www.fravega.com/p/repuesto-cuchillas-x2-para-cortabarba-philips-oneblade-30460/,31499.0,27499.0,1,True
FRA-freidora-de-aire-peabody-pe-afw520n-5-2l,Fravega,OTRAS,Pequeños Electrodomésticos,"Freidora de Aire Peabody PE-AFW520N 5,2Lts",https://www.fravega.com/p/freidora-de-aire-peabody-pe-afw520n-5-2lts-14090/,109999.0,69999.0,1,True
FRA-maquina-gasificadora-sodastream-terra-bl,Fravega,OTRAS,Pequeños Electrodomésticos,Maquina Gasificadora Sodastream Terra Black,https://www.fravega.com/p/maquina-gasificadora-sodastream-terra-black-13724/,126999.0,88899.0,1,True
FRA-plancha-a-vapor-atma-pav1217pi-1800w-250,Fravega,ATMA,Pequeños Electrodomésticos,Plancha a Vapor ATMA PAV1217PI 1800W,https://www.fravega.com/p/plancha-a-vapor-atma-pav1217pi-1800w-250064/,62999.0,54999.0,1,True
FRA-cafetera-espresso-digital-suono-semiauto,Fravega,OTRAS,Pequeños Electrodomésticos,Cafetera Espresso Digital Suono SemiAutomática 20 Bar HOG0390NEG,https://www.fravega.com/p/cafetera-espresso-digital-suono-semiautomatica-20-bar-hog0390neg-13961/,299999.0,219999.0,1,True
FRA-freidora-de-aire-digital-8lts-kenta-2271,Fravega,OTRAS,Pequeños Electrodomésticos,Freidora de aire digital 8Lts Kenta,https://www.fravega.com/p/freidora-de-aire-digital-8lts-kenta-22712583/,178500.0,69999.0,1,True
FRA-pava-electrica-philips-digital-hd9396-90,Fravega,PHILIPS,Pequeños Electrodomésticos,"Pava Eléctrica Philips Digital HD9396/90 1,7 Lts",https://www.fravega.com/p/pava-electrica-philips-digital-hd9396-90-1-7-lts-14287/,109999.0,87999.0,1,True
FRA-microondas-whirlpool-wms25bs-25l-negro-g,Fravega,WHIRLPOOL,Pequeños Electrodomésticos,Microondas Whirlpool WMS25BS 25L Negro Grill,https://www.fravega.com/p/microondas-whirlpool-wms25bs-25l-negro-grill-110228/,309999.0,239999.0,1,True
FRA-freidora-de-aire-y-hornito-peabody-pe-af,Fravega,OTRAS,Pequeños Electrodomésticos,Freidora de Aire y Hornito Peabody PE-AFO120N 12 Litros,https://www.fravega.com/p/freidora-de-aire-y-hornito-peabody-pe-afo120n-12-litros-13863/,289999.0,159999.0,1,True
FRA-secador-remington-d3015-power-volumen-20,Fravega,REMINGTON,Pequeños Electrodomésticos,Secador Remington D3015 Power Volumen 2000,https://www.fravega.com/p/secador-remington-d3015-power-volumen-2000-12426/,59999.0,39999.0,1,True
FRA-multigroom-all-one-philips-mg3911-15-inc,Fravega,PHILIPS,Pequeños Electrodomésticos,Multigroom All-in-One Philips MG3911/15 incluye 7 accesorios,https://www.fravega.com/p/multigroom-all-one-philips-mg3911-15-incluye-7-accesorios-30397/,51799.0,35999.0,1,True
FRA-tostadora-peabody-pe-td800n-digital-1431,Fravega,OTRAS,Pequeños Electrodomésticos,Tostadora Peabody PE-TD800N Digital,https://www.fravega.com/p/tostadora-peabody-pe-td800n-digital-14311/,89999.0,49999.0,1,True
FRA-yogurtera-suono-hog0251cel-7-vasos-13971,Fravega,OTRAS,Pequeños Electrodomésticos,Yogurtera Suono HOG0251CEL 7 Vasos,https://www.fravega.com/p/yogurtera-suono-hog0251cel-7-vasos-13971/,39999.0,26999.0,1,True
FRA-secador-de-pelo-profesional-remington-si,Fravega,REMINGTON,Pequeños Electrodomésticos,Secador de Pelo Profesional Remington Silk AC9096 2400W,https://www.fravega.com/p/secador-de-pelo-profesional-remington-silk-ac9096-2400w-11933/,104999.0,73999.0,1,True
FRA-plancha-a-vapor-electrolux-esi50-250148,Fravega,OTRAS,Pequeños Electrodomésticos,Plancha a Vapor Electrolux ESI50,https://www.fravega.com/p/plancha-a-vapor-electrolux-esi50-250148/,109999.0,89999.0,1,True
FRA-maquina-para-hacer-donas-suono-donut-mak,Fravega,ACER,Pequeños Electrodomésticos,Maquina para Hacer Donas Suono Donut Maker 1200w,https://www.fravega.com/p/maquina-para-hacer-donas-suono-donut-maker-1200w-990218601/,60567.0,31099.0,1,True
FRA-sandwichera-oster-deep-plates-ckstsm400-,Fravega,OSTER,Pequeños Electrodomésticos,Sandwichera Oster Deep Plates CKSTSM400,https://www.fravega.com/p/sandwichera-oster-deep-plates-ckstsm400--13836/,41999.0,37499.0,1,True
FRA-freidora-de-aire-atma-con-visor-fr248awp,Fravega,ATMA,Pequeños Electrodomésticos,Freidora de Aire ATMA con Visor FR248AWP 8Lts Blanco,https://www.fravega.com/p/freidora-de-aire-atma-con-visor-fr248awp-8lts-blanco-14104/,204999.0,119999.0,1,True
FRA-secador-de-pelo-revlon-rvdr773la2av1-140,Fravega,OTRAS,Pequeños Electrodomésticos,Secador de Pelo Revlon RVDR773LA2AV1,https://www.fravega.com/p/secador-de-pelo-revlon-rvdr773la2av1-14060/,59999.0,34999.0,1,True
FRA-planchita-de-pelo-ga-ma-3d-titanium-blue,Fravega,OTRAS,Pequeños Electrodomésticos,Planchita de Pelo GA.MA 3D Titanium Blue,https://www.fravega.com/p/planchita-de-pelo-ga-ma-3d-titanium-blue-13257/,109999.0,81999.0,1,True
FRA-pava-electrica-atma-1-7lts-pe1821nap-neg,Fravega,ATMA,Pequeños Electrodomésticos,"Pava Eléctrica Atma 1,7Lts PE1821NAP Negra",https://www.fravega.com/p/pava-electrica-atma-1-7lts-pe1821nap-negra-13458/,52999.0,39999.0,1,True
FRA-planchita-de-pelo-admiral-ad-pl001-ceram,Fravega,OTRAS,Pequeños Electrodomésticos,Planchita de Pelo Admiral AD-PL001 Ceramic 230,https://www.fravega.com/p/planchita-de-pelo-admiral-ad-pl001-ceramic-230-14214/,39999.0,14999.0,1,True
FRA-plancha-a-vapor-pl-4180-ultracomb-2250w-,Fravega,OTRAS,Pequeños Electrodomésticos,Plancha A Vapor PL-4180 Ultracomb 2250W Negra Y Violeta,https://www.fravega.com/p/plancha-a-vapor-pl-4180-ultracomb-2250w-negra-y-violeta-20076047/,83809.83,39134.24,1,True
FRA-microondas-electrolux-emdm30g-30lts-plat,Fravega,OTRAS,Pequeños Electrodomésticos,Microondas Electrolux EMDM30G 30Lts Plata,https://www.fravega.com/p/microondas-electrolux-emdm30g-30lts-plata-110405/,319999.0,251999.0,1,True
FRA-mixer-moulinex-turbomix-inox-plus-600w-1,Fravega,OTRAS,Pequeños Electrodomésticos,Mixer Moulinex Turbomix Inox Plus 600W,https://www.fravega.com/p/mixer-moulinex-turbomix-inox-plus-600w-180651/,105999.0,69999.0,1,True
FRA-multigroom-all-one-trimmer-philips-mg793,Fravega,PHILIPS,Pequeños Electrodomésticos,Multigroom All-in-One Trimmer Philips MG7935/15,https://www.fravega.com/p/multigroom-all-one-trimmer-philips-mg7935-15-30474/,108999.0,81749.0,1,True
FRA-cafetera-de-filtro-atma-ca2180p-13640,Fravega,ATMA,Pequeños Electrodomésticos,Cafetera de FIltro ATMA CA2180P,https://www.fravega.com/p/cafetera-de-filtro-atma-ca2180p-13640/,32999.0,23999.0,1,True
FRA-aspiradora-robot-philco-rvcf25pi-con-tra,Fravega,PHILCO,Pequeños Electrodomésticos,Aspiradora Robot Philco RVCF25PI con Trapeadora,https://www.fravega.com/p/aspiradora-robot-philco-rvcf25pi-con-trapeadora-60287/,299999.0,129999.0,1,True
FRA-limpiadora-a-vapor-midow-1500w-domestica,Fravega,OTRAS,Pequeños Electrodomésticos,"Limpiadora A Vapor Midow 1500w Doméstica Portátil Depósito 1200ml 1,5 Bar Calienta En 15s Temperatura 105°c",https://www.fravega.com/p/limpiadora-a-vapor-midow-1500w-domestica-portatil-deposito-1200ml-1-5-bar-calienta-15s-temperatura-105c-990277263/,119999.0,68990.0,1,True
FRA-hornito-electrico-bgh-bhe55m25-55-lts-24,Fravega,BGH,Pequeños Electrodomésticos,Hornito Eléctrico BGH BHE55M25 55 Lts,https://www.fravega.com/p/hornito-electrico-bgh-bhe55m25-55-lts-240809/,213999.0,154999.0,1,True
FRA-plancha-a-vapor-winco-w2021-con-rociador,Fravega,OTRAS,Pequeños Electrodomésticos,Plancha a Vapor Winco W2021 con Rociador,https://www.fravega.com/p/plancha-a-vapor-winco-w2021-con-rociador-250440/,39999.0,23999.0,1,True
FRA-mixer-smartlife-800w-sl-sm5010fpn-180325,Fravega,OTRAS,Pequeños Electrodomésticos,Mixer Smartlife 800W SL-SM5010FPN,https://www.fravega.com/p/mixer-smartlife-800w-sl-sm5010fpn-180325/,109999.0,94999.0,1,True
FRA-plancha-a-vapor-pl-4170-ultracomb-antiad,Fravega,OTRAS,Pequeños Electrodomésticos,Plancha a Vapor Pl-4170 Ultracomb Antiadherente 1400w,https://www.fravega.com/p/plancha-a-vapor-pl-4170-ultracomb-antiadherente-1400w-21207656/,51849.83,24235.09,1,True
FRA-aspiradora-robot-gadnic-3-modos-automati,Fravega,OTRAS,Pequeños Electrodomésticos,Aspiradora Robot Gadnic 3 Modos Automática Control Remoto App Mopa,https://www.fravega.com/p/aspiradora-robot-gadnic-3-modos-automatica-control-remoto-app-mopa--990180424/,250378.99,192599.0,1,True
FRA-freidora-de-aire-midea-11lts-doble-zona-,Fravega,MIDEA,Pequeños Electrodomésticos,Freidora de Aire Midea 11Lts Doble Zona SMART AF-D211BAR1,https://www.fravega.com/p/freidora-de-aire-midea-11lts-doble-zona-smart-af-d211bar1-14216/,499999.0,199999.0,1,True
FRA-tostadora-philips-essentials-hd2510-90-g,Fravega,PHILIPS,Pequeños Electrodomésticos,Tostadora Philips Essentials HD2510/90 Gris,https://www.fravega.com/p/tostadora-philips-essentials-hd2510-90-gris-14273/,59999.0,45999.0,1,True
FRA-licuadora-mondial-pratic-power-550w-1-6l,Fravega,OTRAS,Pequeños Electrodomésticos,"Licuadora Mondial Pratic Power 550W 1,6Lts L-98-B Negro",https://www.fravega.com/p/licuadora-mondial-pratic-power-550w-1-6lts-l-98-b-negro-180525/,59999.0,39999.0,1,True
FRA-cafetera-electrica-de-filtro-sansei-casa,Fravega,OTRAS,Pequeños Electrodomésticos,Cafetera Eléctrica de Filtro Sansei Casa9118bp 0.75l,https://www.fravega.com/p/cafetera-electrica-de-filtro-sansei-casa9118bp-0-75l-990060368/,40699.0,19998.99,1,True
FRA-hornito-electrico-admiral-ad-hedn45d-45-,Fravega,OTRAS,Pequeños Electrodomésticos,Hornito Eléctrico Admiral AD-HEDN45D 45 Lts,https://www.fravega.com/p/hornito-electrico-admiral-ad-hedn45d-45-lts-240384/,189999.0,139999.0,1,True
FRA-cafetera-expreso-cuk-by-gadnic-cm5600-se,Fravega,OTRAS,Pequeños Electrodomésticos,Cafetera Expreso Cuk By Gadnic CM5600 Semi Automática 20 Bar Con Espumador De Leche,https://www.fravega.com/p/cafetera-expreso-cuk-by-gadnic-cm5600-semi-automatica-20-bar-con-espumador-de-leche-990250912/,256424.0,197249.0,1,True
FRA-freidora-de-aire-atma-con-visor-fr246awp,Fravega,ATMA,Pequeños Electrodomésticos,Freidora de Aire ATMA con Visor FR246AWP 6Lts Blanco,https://www.fravega.com/p/freidora-de-aire-atma-con-visor-fr246awp-6lts-blanco-14102/,189999.0,69999.0,1,True
FRA-mixer-atma-lmat8528bp-5en1-180522,Fravega,ATMA,Pequeños Electrodomésticos,Mixer Atma LMAT8528BP 5EN1,https://www.fravega.com/p/mixer-atma-lmat8528bp-5en1-180522/,95999.0,79999.0,1,True
FRA-placard-2-puertas-platinum-moderno-1-20-,Fravega,OTRAS,Muebles,Placard 2 Puertas Platinum Moderno 1.20 x 2.20 mts Blanco,https://www.fravega.com/p/placard-2-puertas-platinum-moderno-1-20-x-2-20-mts-blanco-601048/,599999.0,279999.0,1,True
FRA-juego-de-mesa-eames-90x90-4-sillas-tulip,Fravega,OTRAS,Muebles,Juego de Mesa Eames 90x90 + 4 Sillas Tulip Baires4,https://www.fravega.com/p/juego-de-mesa-eames-90x90-4-sillas-tulip-baires4-22745299/,422787.43,328236.43,1,True
FRA-combo-cocina-bajo-mesada-alacena-madesa-,Fravega,OTRAS,Muebles,Combo Cocina Bajo Mesada + Alacena Madesa Emilly,https://www.fravega.com/p/combo-cocina-bajo-mesada-alacena-madesa-emilly-22737729/,329998.0,139919.0,1,True
FRA-mesa-de-arrime-circular-negra-2-capas-60,Fravega,OTRAS,Muebles,Mesa de Arrime Circular Negra 2 Capas,https://www.fravega.com/p/mesa-de-arrime-circular-negra-2-capas-601581/,49999.0,19999.0,1,True
FRA-rack-modular-de-tv-madesa-dubai-hasta-65,Fravega,LG,Muebles,Rack Modular De Tv Madesa Dubai Hasta 65 Pulgadas Blanco,https://www.fravega.com/p/rack-modular-de-tv-madesa-dubai-hasta-65-pulgadas-blanco-22627331/,249972.0,114919.0,1,True
FRA-mueble-despensero-escobero-multifuncion-,Fravega,OTRAS,Muebles,Mueble Despensero Escobero Multifuncion Organizador (Blanco),https://www.fravega.com/p/mueble-despensero-escobero-multifuncion-organizador-blanco--22699626/,162058.89,145999.0,1,True
FRA-set-x4-sillas-de-diseno-tulip-blanca-liv,Fravega,OTRAS,Muebles,Set x4 Sillas de Diseño Tulip Blanca Living Comedor Cocina,https://www.fravega.com/p/set-x4-sillas-de-diseno-tulip-blanca-living-comedor-cocina-601630/,199999.0,149999.0,1,True
FRA-placard-4-puertas-2-cajones-mod-pack-cho,Fravega,OTRAS,Muebles,Placard 4 Puertas 2 Cajones Mod. Pack Chocolate,https://www.fravega.com/p/placard-4-puertas-2-cajones-mod-pack-chocolate-990156091/,292420.0,179900.0,1,True
FRA-biblioteca-centro-estant-l9bl-blanca-600,Fravega,OTRAS,Muebles,Biblioteca Centro Estant L9BL Blanca,https://www.fravega.com/p/biblioteca-centro-estant-l9bl-blanca-600837/,89999.0,59999.0,1,True
FRA-silla-oficina-ultimate-ut-j03-601491,Fravega,OTRAS,Muebles,Silla Oficina Ultimate UT-J03,https://www.fravega.com/p/silla-oficina-ultimate-ut-j03-601491/,199999.0,89999.0,1,True
FRA-mesa-tv-centro-estant-mt4002bl-blanco-60,Fravega,OTRAS,Muebles,Mesa TV Centro Estant MT4002BL Blanco,https://www.fravega.com/p/mesa-tv-centro-estant-mt4002bl-blanco-601417/,159999.0,115999.0,1,True
FRA-silla-de-oficina-premium-ultimate-ut-c34,Fravega,OTRAS,Muebles,Silla de Oficina Premium Ultimate UT-C340W Blanco,https://www.fravega.com/p/silla-de-oficina-premium-ultimate-ut-c340w-blanco-601654/,199999.0,74999.0,1,True
FRA-combo-cocina-bajo-mesada-aparador-alacen,Fravega,OTRAS,Muebles,Combo Cocina Bajo Mesada/aparador + Alacenas Reims 190 Cm,https://www.fravega.com/p/combo-cocina-bajo-mesada-aparador-alacenas-reims-190-cm-22741110/,849998.0,439919.0,1,True
FRA-comoda-infantil-cajonera-6-cajones-para-,Fravega,OTRAS,Muebles,Cómoda Infantil Cajonera 6 Cajones Para Dormitorio Madesa,https://www.fravega.com/p/comoda-infantil-cajonera-6-cajones-para-dormitorio-madesa-22742348/,629998.0,299919.0,1,True
FRA-placard-ricchezze-tana-eco-moccha-4-puer,Fravega,OTRAS,Muebles,Placard Ricchezze Tana Eco Moccha 4 Puertas 182 x 113 cm,https://www.fravega.com/p/placard-ricchezze-tana-eco-moccha-4-puertas-182-x-113-cm-601657/,229999.0,149999.0,1,True
FRA-organizador-de-zapatos-y-ropa-con-8-ganc,Fravega,OTRAS,Muebles,Organizador De Zapatos Y Ropa Con 8 Ganchos Y 5 Niveles 80x172x26cm Marca HomeCo. Color Negro,https://www.fravega.com/p/organizador-de-zapatos-y-ropa-con-8-ganchos-y-5-niveles-80x172x26cm-marca-homeco-color-negro-22635122/,49659.61,19288.0,1,True
FRA-cama-box-160-2-plazas-queen-con-zapatero,Fravega,OTRAS,Muebles,"Cama Box 160 2 Plazas Queen con Zapateros, Bauleras y Cajones Blanco Centro Estant",https://www.fravega.com/p/cama-box-160-2-plazas-queen-con-zapateros-bauleras-y-cajones-blanco-centro-estant-22715855/,700200.0,371100.0,1,True
FRA-silla-de-oficina-ergonomica-ultimate-ut-,Fravega,OTRAS,Muebles,Silla de Oficina Ergonómica Ultimate UT-C329-1,https://www.fravega.com/p/silla-de-oficina-ergonomica-ultimate-ut-c329-1-601728/,199999.0,89999.0,1,True
FRA-silla-oficina-ultimate-ut-c201-601763,Fravega,OTRAS,Muebles,Silla Oficina Ultimate UT-C201,https://www.fravega.com/p/silla-oficina-ultimate-ut-c201-601763/,99999.0,49999.0,1,True
FRA-zapatero-mueble-botinero-organizador-cua,Fravega,OTRAS,Muebles,Zapatero Mueble Botinero Organizador Cuatro Pisos Waggs Negro,https://www.fravega.com/p/zapatero-mueble-botinero-organizador-cuatro-pisos-waggs-negro-22633951/,20985.99,8279.0,1,True
FRA-organizador-zapatero-botinero-waggs-negr,Fravega,OTRAS,Muebles,Organizador Zapatero Botinero Waggs Negro 9 Niveles 28 Pares,https://www.fravega.com/p/organizador-zapatero-botinero-waggs-negro-9-niveles-28-pares-22551562/,55986.0,25739.0,1,True
FRA-sillon-de-3-cuerpos-esquinero-convertibl,Fravega,OTRAS,Muebles,Sillón de 3 Cuerpos Esquinero Convertible American Wood Chenille Gris,https://www.fravega.com/p/sillon-de-3-cuerpos-esquinero-convertible-american-wood-chenille-gris-50000857/,2129863.0,779999.0,1,True
FRA-placard-perfileria-de-aluminio-carpinter,Fravega,OTRAS,Muebles,Placard Perfileria de Aluminio Carpinteria Rivadavia Linea Delta,https://www.fravega.com/p/placard-perfileria-de-aluminio-carpinteria-rivadavia-linea-delta-20007885/,408575.0,375889.0,1,True
FRA-placard-ropero-con-baulera-alzada-puerta,Fravega,OTRAS,Muebles,Placard Ropero con Baulera Alzada Puertas Corredizas 240x235,https://www.fravega.com/p/placard-ropero-con-baulera-alzada-puertas-corredizas-240x235-21230021/,668950.0,615434.0,1,True
FRA-comoda-mallorca-blanco-paraiso-50001494,Fravega,OTRAS,Muebles,Comoda Mallorca blanco paraiso,https://www.fravega.com/p/comoda-mallorca-blanco-paraiso-50001494/,300454.0,230000.0,1,True
FRA-rack-tv-flotante-moderno-con-led--panel-,Fravega,OTRAS,Muebles,Rack TV Flotante Moderno con LED – Panel para TV Illusion 219 cm Carpinteria Rivadavia,https://www.fravega.com/p/rack-tv-flotante-moderno-con-led--panel-para-tv-illusion-219-cm-carpinteria-rivadavia-22619454/,398999.0,360484.0,1,True
FRA-rack-de-tv-panel-varillado-colgante-160-,Fravega,LG,Muebles,RACK DE TV PANEL VARILLADO COLGANTE 160 PARA TV 55 PULGADAS,https://www.fravega.com/p/rack-de-tv-panel-varillado-colgante-160-para-tv-55-pulgadas-22701358/,199999.0,167495.0,1,True
FRA-rack-panel-solus-tv-70-off-white-cinamom,Fravega,OTRAS,Muebles,RACK PANEL SOLUS TV 70'' OFF WHITE CINAMOMO CARPINTERIA RIVADAVIA,https://www.fravega.com/p/rack-panel-solus-tv-70-off-white-cinamomo-carpinteria-rivadavia-22701360/,235000.0,195632.0,1,True
FRA-placard-2-puertas-platinum-moderno-1-20-,Fravega,OTRAS,Muebles,Placard 2 Puertas Platinum Moderno 1.20 x 2.20 mts Blanco,https://www.fravega.com/p/placard-2-puertas-platinum-moderno-1-20-x-2-20-mts-blanco-601048/,599999.0,279999.0,1,True
FRA-juego-de-mesa-eames-90x90-4-sillas-tulip,Fravega,OTRAS,Muebles,Juego de Mesa Eames 90x90 + 4 Sillas Tulip Baires4,https://www.fravega.com/p/juego-de-mesa-eames-90x90-4-sillas-tulip-baires4-22745299/,422787.43,328236.43,1,True
FRA-combo-cocina-bajo-mesada-alacena-madesa-,Fravega,OTRAS,Muebles,Combo Cocina Bajo Mesada + Alacena Madesa Emilly,https://www.fravega.com/p/combo-cocina-bajo-mesada-alacena-madesa-emilly-22737729/,329998.0,139919.0,1,True
FRA-mesa-de-arrime-circular-negra-2-capas-60,Fravega,OTRAS,Muebles,Mesa de Arrime Circular Negra 2 Capas,https://www.fravega.com/p/mesa-de-arrime-circular-negra-2-capas-601581/,49999.0,19999.0,1,True
FRA-rack-modular-de-tv-madesa-dubai-hasta-65,Fravega,LG,Muebles,Rack Modular De Tv Madesa Dubai Hasta 65 Pulgadas Blanco,https://www.fravega.com/p/rack-modular-de-tv-madesa-dubai-hasta-65-pulgadas-blanco-22627331/,249972.0,114919.0,1,True
FRA-mueble-despensero-escobero-multifuncion-,Fravega,OTRAS,Muebles,Mueble Despensero Escobero Multifuncion Organizador (Blanco),https://www.fravega.com/p/mueble-despensero-escobero-multifuncion-organizador-blanco--22699626/,162058.89,145999.0,1,True
FRA-set-x4-sillas-de-diseno-tulip-blanca-liv,Fravega,OTRAS,Muebles,Set x4 Sillas de Diseño Tulip Blanca Living Comedor Cocina,https://www.fravega.com/p/set-x4-sillas-de-diseno-tulip-blanca-living-comedor-cocina-601630/,199999.0,149999.0,1,True
FRA-placard-4-puertas-2-cajones-mod-pack-cho,Fravega,OTRAS,Muebles,Placard 4 Puertas 2 Cajones Mod. Pack Chocolate,https://www.fravega.com/p/placard-4-puertas-2-cajones-mod-pack-chocolate-990156091/,292420.0,179900.0,1,True
FRA-biblioteca-centro-estant-l9bl-blanca-600,Fravega,OTRAS,Muebles,Biblioteca Centro Estant L9BL Blanca,https://www.fravega.com/p/biblioteca-centro-estant-l9bl-blanca-600837/,89999.0,59999.0,1,True
FRA-silla-oficina-ultimate-ut-j03-601491,Fravega,OTRAS,Muebles,Silla Oficina Ultimate UT-J03,https://www.fravega.com/p/silla-oficina-ultimate-ut-j03-601491/,199999.0,89999.0,1,True
FRA-mesa-tv-centro-estant-mt4002bl-blanco-60,Fravega,OTRAS,Muebles,Mesa TV Centro Estant MT4002BL Blanco,https://www.fravega.com/p/mesa-tv-centro-estant-mt4002bl-blanco-601417/,159999.0,115999.0,1,True
FRA-silla-de-oficina-premium-ultimate-ut-c34,Fravega,OTRAS,Muebles,Silla de Oficina Premium Ultimate UT-C340W Blanco,https://www.fravega.com/p/silla-de-oficina-premium-ultimate-ut-c340w-blanco-601654/,199999.0,74999.0,1,True
FRA-placard-ropero-puertas-corredizas-150-x-,Fravega,OTRAS,Muebles,Placard Ropero Puertas Corredizas 150 x 180 x 0.55,https://www.fravega.com/p/placard-ropero-puertas-corredizas-150-x-180-x-0-55-21230023/,289661.0,266488.0,1,True
FRA--placard-vestidor-240x180-cm-cubos-disen,Fravega,OTRAS,Muebles,Placard Vestidor 240x180 cm cubos Diseños Modernos Blanco,https://www.fravega.com/p/-placard-vestidor-240x180-cm-cubos-disenos-modernos-blanco-21295823/,571248.75,408999.0,1,True
FRA-juego-de-comedor-madesa-allegro-con-6-si,Fravega,OTRAS,Muebles,Juego De Comedor Madesa Allegro Con 6 Sillas Imperial,https://www.fravega.com/p/juego-de-comedor-madesa-allegro-con-6-sillas-imperial-22619283/,899964.0,479919.0,1,True
FRA-silla-escritorio-mesh-respaldo-alto-ofic,Fravega,OTRAS,Muebles,Silla Escritorio Mesh Respaldo Alto Oficina Sillon Calidad Premium,https://www.fravega.com/p/silla-escritorio-mesh-respaldo-alto-oficina-sillon-calidad-premium-21479740/,130174.0,92500.0,1,True
FRA-mesa-recibidora-de-arrime-auxiliar-con-c,Fravega,OTRAS,Muebles,Mesa Recibidora De Arrime Auxiliar Con Cajón - Patas En Mdf! Blanco,https://www.fravega.com/p/mesa-recibidora-de-arrime-auxiliar-con-cajon-patas-mdf-blanco-22716015/,165000.0,76000.0,1,True
FRA-placard-180x180-cm-cubos-disenos-moderno,Fravega,OTRAS,Muebles,Placard 180x180 cm cubos Diseños Modernos Blanco,https://www.fravega.com/p/placard-180x180-cm-cubos-disenos-modernos-blanco-21454363/,589998.75,539999.0,1,True
FRA-escritorio-centro-estant-sc80bl-blanco-6,Fravega,OTRAS,Muebles,Escritorio Centro Estant SC80BL Blanco,https://www.fravega.com/p/escritorio-centro-estant-sc80bl-blanco-600944/,110999.0,69999.0,1,True
FRA-set-x4-sillas-de-diseno-allegra-negra-li,Fravega,OTRAS,Muebles,Set x4 Sillas de Diseño Allegra Negra Living Comedor Cocina,https://www.fravega.com/p/set-x4-sillas-de-diseno-allegra-negra-living-comedor-cocina-601611/,179999.0,139999.0,1,True
FRA-placard-240-perfileria-de-aluminio-carpi,Fravega,OTRAS,Muebles,Placard 240 Perfileria de Aluminio Carpinteria Rivadavia Linea Delta,https://www.fravega.com/p/placard-240-perfileria-de-aluminio-carpinteria-rivadavia-linea-delta-20017411/,498769.0,458867.0,1,True
FRA-placard-ropero-con-baulera-200x233-cm-di,Fravega,OTRAS,Muebles,Placard Ropero con Baulera 200x233 cm Diseños Modernos Blanco  Placard Ropero con Baulera 200x233 cm Diseños Modernos Blanco,https://www.fravega.com/p/placard-ropero-con-baulera-200x233-cm-disenos-modernos-blanco-placard-ropero-con-baulera-200x233-cm-disenos-modernos-blanco-21454547/,892498.75,759999.0,1,True
FRA-perchero-movil-metalico-barral-exhibidor,Fravega,OTRAS,Muebles,Perchero Movil Metalico Barral Exhibidor Waggs,https://www.fravega.com/p/perchero-movil-metalico-barral-exhibidor-waggs-22081908/,41986.0,23399.0,1,True
FRA-rack-mesa-madesa-dubai-para-tv-de-hasta-,Fravega,LG,Muebles,Rack Mesa Madesa Dubai Para Tv De Hasta 65 Pulgadas,https://www.fravega.com/p/rack-mesa-madesa-dubai-para-tv-de-hasta-65-pulgadas-22627337/,349972.0,119919.0,1,True
FRA-silla-de-oficina-mesh-nay-negro-22712842,Fravega,OTRAS,Muebles,Silla De Oficina Mesh Nay Negro,https://www.fravega.com/p/silla-de-oficina-mesh-nay-negro-22712842/,80000.0,59200.0,1,True
FRA-zapatero-organizador-de-calzado-con-9-ni,Fravega,OTRAS,Muebles,Zapatero Organizador de Calzado con 9 niveles 60x30x160cm Marca HomeCo. Color Negro,https://www.fravega.com/p/zapatero-organizador-de-calzado-con-9-niveles-60x30x160cm-marca-homeco-color-negro-22635124/,58941.44,20199.0,1,True
FRA-placard-2-puertas-platinum-moderno-1-20-,Fravega,OTRAS,Muebles,Placard 2 Puertas Platinum Moderno 1.20 x 2.20 mts Blanco,https://www.fravega.com/p/placard-2-puertas-platinum-moderno-1-20-x-2-20-mts-blanco-601048/,599999.0,279999.0,1,True
FRA-juego-de-mesa-eames-90x90-4-sillas-tulip,Fravega,OTRAS,Muebles,Juego de Mesa Eames 90x90 + 4 Sillas Tulip Baires4,https://www.fravega.com/p/juego-de-mesa-eames-90x90-4-sillas-tulip-baires4-22745299/,422787.43,328236.43,1,True
FRA-combo-cocina-bajo-mesada-alacena-madesa-,Fravega,OTRAS,Muebles,Combo Cocina Bajo Mesada + Alacena Madesa Emilly,https://www.fravega.com/p/combo-cocina-bajo-mesada-alacena-madesa-emilly-22737729/,329998.0,139919.0,1,True
FRA-mesa-de-arrime-circular-negra-2-capas-60,Fravega,OTRAS,Muebles,Mesa de Arrime Circular Negra 2 Capas,https://www.fravega.com/p/mesa-de-arrime-circular-negra-2-capas-601581/,49999.0,19999.0,1,True
FRA-rack-modular-de-tv-madesa-dubai-hasta-65,Fravega,LG,Muebles,Rack Modular De Tv Madesa Dubai Hasta 65 Pulgadas Blanco,https://www.fravega.com/p/rack-modular-de-tv-madesa-dubai-hasta-65-pulgadas-blanco-22627331/,249972.0,114919.0,1,True
FRA-mueble-despensero-escobero-multifuncion-,Fravega,OTRAS,Muebles,Mueble Despensero Escobero Multifuncion Organizador (Blanco),https://www.fravega.com/p/mueble-despensero-escobero-multifuncion-organizador-blanco--22699626/,162058.89,145999.0,1,True
FRA-set-x4-sillas-de-diseno-tulip-blanca-liv,Fravega,OTRAS,Muebles,Set x4 Sillas de Diseño Tulip Blanca Living Comedor Cocina,https://www.fravega.com/p/set-x4-sillas-de-diseno-tulip-blanca-living-comedor-cocina-601630/,199999.0,149999.0,1,True
FRA-placard-4-puertas-2-cajones-mod-pack-cho,Fravega,OTRAS,Muebles,Placard 4 Puertas 2 Cajones Mod. Pack Chocolate,https://www.fravega.com/p/placard-4-puertas-2-cajones-mod-pack-chocolate-990156091/,292420.0,179900.0,1,True
FRA-biblioteca-centro-estant-l9bl-blanca-600,Fravega,OTRAS,Muebles,Biblioteca Centro Estant L9BL Blanca,https://www.fravega.com/p/biblioteca-centro-estant-l9bl-blanca-600837/,89999.0,59999.0,1,True
FRA-silla-oficina-ultimate-ut-j03-601491,Fravega,OTRAS,Muebles,Silla Oficina Ultimate UT-J03,https://www.fravega.com/p/silla-oficina-ultimate-ut-j03-601491/,199999.0,89999.0,1,True
FRA-mesa-tv-centro-estant-mt4002bl-blanco-60,Fravega,OTRAS,Muebles,Mesa TV Centro Estant MT4002BL Blanco,https://www.fravega.com/p/mesa-tv-centro-estant-mt4002bl-blanco-601417/,159999.0,115999.0,1,True
FRA-silla-de-oficina-premium-ultimate-ut-c34,Fravega,OTRAS,Muebles,Silla de Oficina Premium Ultimate UT-C340W Blanco,https://www.fravega.com/p/silla-de-oficina-premium-ultimate-ut-c340w-blanco-601654/,199999.0,74999.0,1,True
FRA-placard-200x180-cm-cubos-disenos-moderno,Fravega,OTRAS,Muebles,Placard 200x180 cm cubos Diseños Modernos Blanco,https://www.fravega.com/p/placard-200x180-cm-cubos-disenos-modernos-blanco-21454370/,677498.75,569999.0,1,True
FRA-ropero-madesa-nobre-placard-con-3-puerta,Fravega,OTRAS,Muebles,Ropero Madesa Nobre Placard Con 3 Puertas Corredizas 1 Espejo 170x205x51,https://www.fravega.com/p/ropero-madesa-nobre-placard-con-3-puertas-corredizas-1-espejo-170x205x51-22619866/,899912.0,459919.0,1,True
FRA-placard-180x180-cm-cubos-disenos-moderno,Fravega,OTRAS,Muebles,Placard 180x180 cm cubos Diseños Modernos Blanco,https://www.fravega.com/p/placard-180x180-cm-cubos-disenos-modernos-blanco-22617892/,589998.75,538999.0,1,True
FRA-comoda-mallorca-negro-paraiso-20242083,Fravega,OTRAS,Muebles,Comoda Mallorca negro paraiso,https://www.fravega.com/p/comoda-mallorca-negro-paraiso-20242083/,241780.0,169600.0,1,True
FRA-juego-de-comedor-cocina-madesa-havana-co,Fravega,OTRAS,Muebles,Juego De Comedor Cocina Madesa Havana Conjunto Mesa con 4 Sillas,https://www.fravega.com/p/juego-de-comedor-cocina-madesa-havana-conjunto-mesa-con-4-sillas-22627150/,589972.0,269919.0,1,True
FRA-zapatero-organizador-de-zapatos-3-nivele,Fravega,OTRAS,Muebles,Zapatero Organizador De Zapatos 3 Niveles Hogar Actual,https://www.fravega.com/p/zapatero-organizador-de-zapatos-3-niveles-hogar-actual-990274937/,18499.0,13499.0,1,True
FRA-armario-gabinete-keter-jolly-multipurpos,Fravega,OTRAS,Muebles,Armario Gabinete Keter Jolly Multipurpose Cabinet,https://www.fravega.com/p/armario-gabinete-keter-jolly-multipurpose-cabinet-510493/,499999.0,199999.0,1,True
FRA-perchero-organizador-suono-zapatero-4-ni,Fravega,LG,Muebles,Perchero Organizador Suono Zapatero 4 Niveles Colgador Ropa,https://www.fravega.com/p/perchero-organizador-suono-zapatero-4-niveles-colgador-ropa-990249422/,30359.0,21399.0,1,True
FRA-organizador-zapatero-botinero-waggs-marr,Fravega,OTRAS,Muebles,Organizador Zapatero Botinero Waggs Marrón 9 Niveles 28 Pares,https://www.fravega.com/p/organizador-zapatero-botinero-waggs-marron-9-niveles-28-pares-22551560/,46186.0,25739.0,1,True
FRA-placard-vestidor-1-80-x-1-80-carpinteria,Fravega,OTRAS,Muebles,Placard Vestidor 1.80 x 1.80 Carpinteria Rivadavia Linea Delta,https://www.fravega.com/p/placard-vestidor-1-80-x-1-80-carpinteria-rivadavia-linea-delta-20012662/,301488.0,277369.0,1,True
FRA-placard-puertas-corredizas-120-x-180-x-0,Fravega,OTRAS,Muebles,Placard Puertas Corredizas 120 x 180 x 0.55 Linea Económica,https://www.fravega.com/p/placard-puertas-corredizas-120-x-180-x-0-55-linea-economica-21230022/,254906.0,234514.0,1,True
FRA-carro-de-mano-de-cocina-de-3-niveles-f11,Fravega,OTRAS,Muebles,Carro de Mano de Cocina de 3 Niveles F11196,https://www.fravega.com/p/carro-de-mano-de-cocina-de-3-niveles-f11196-601599/,59999.0,33999.0,1,True
FRA-placard-240x180-cm-cubos-disenos-moderno,Fravega,OTRAS,Muebles,Placard 240x180 cm Cubos Diseños Modernos Blanco,https://www.fravega.com/p/placard-240x180-cm-cubos-disenos-modernos-blanco--21295693/,599998.75,553999.0,1,True
FRA-escritorio-gamer-moderno-mesa-para-pc-y-,Fravega,OTRAS,Muebles,Escritorio Gamer Moderno mesa Para Pc Y Consola 136Cm Negro Y Rojo,https://www.fravega.com/p/escritorio-gamer-moderno-mesa-para-pc-y-consola-136cm-negro-y-rojo-22707714/,249967.0,129919.0,1,True
FRA-placard-2-puertas-platinum-moderno-1-20-,Fravega,OTRAS,Muebles,Placard 2 Puertas Platinum Moderno 1.20 x 2.20 mts Blanco,https://www.fravega.com/p/placard-2-puertas-platinum-moderno-1-20-x-2-20-mts-blanco-601048/,599999.0,279999.0,1,True
FRA-juego-de-mesa-eames-90x90-4-sillas-tulip,Fravega,OTRAS,Muebles,Juego de Mesa Eames 90x90 + 4 Sillas Tulip Baires4,https://www.fravega.com/p/juego-de-mesa-eames-90x90-4-sillas-tulip-baires4-22745299/,422787.43,328236.43,1,True
FRA-combo-cocina-bajo-mesada-alacena-madesa-,Fravega,OTRAS,Muebles,Combo Cocina Bajo Mesada + Alacena Madesa Emilly,https://www.fravega.com/p/combo-cocina-bajo-mesada-alacena-madesa-emilly-22737729/,329998.0,139919.0,1,True
FRA-mesa-de-arrime-circular-negra-2-capas-60,Fravega,OTRAS,Muebles,Mesa de Arrime Circular Negra 2 Capas,https://www.fravega.com/p/mesa-de-arrime-circular-negra-2-capas-601581/,49999.0,19999.0,1,True
FRA-rack-modular-de-tv-madesa-dubai-hasta-65,Fravega,LG,Muebles,Rack Modular De Tv Madesa Dubai Hasta 65 Pulgadas Blanco,https://www.fravega.com/p/rack-modular-de-tv-madesa-dubai-hasta-65-pulgadas-blanco-22627331/,249972.0,114919.0,1,True
FRA-mueble-despensero-escobero-multifuncion-,Fravega,OTRAS,Muebles,Mueble Despensero Escobero Multifuncion Organizador (Blanco),https://www.fravega.com/p/mueble-despensero-escobero-multifuncion-organizador-blanco--22699626/,162058.89,145999.0,1,True
FRA-set-x4-sillas-de-diseno-tulip-blanca-liv,Fravega,OTRAS,Muebles,Set x4 Sillas de Diseño Tulip Blanca Living Comedor Cocina,https://www.fravega.com/p/set-x4-sillas-de-diseno-tulip-blanca-living-comedor-cocina-601630/,199999.0,149999.0,1,True
FRA-placard-4-puertas-2-cajones-mod-pack-cho,Fravega,OTRAS,Muebles,Placard 4 Puertas 2 Cajones Mod. Pack Chocolate,https://www.fravega.com/p/placard-4-puertas-2-cajones-mod-pack-chocolate-990156091/,292420.0,179900.0,1,True
FRA-biblioteca-centro-estant-l9bl-blanca-600,Fravega,OTRAS,Muebles,Biblioteca Centro Estant L9BL Blanca,https://www.fravega.com/p/biblioteca-centro-estant-l9bl-blanca-600837/,89999.0,59999.0,1,True
FRA-silla-oficina-ultimate-ut-j03-601491,Fravega,OTRAS,Muebles,Silla Oficina Ultimate UT-J03,https://www.fravega.com/p/silla-oficina-ultimate-ut-j03-601491/,199999.0,89999.0,1,True
FRA-mesa-tv-centro-estant-mt4002bl-blanco-60,Fravega,OTRAS,Muebles,Mesa TV Centro Estant MT4002BL Blanco,https://www.fravega.com/p/mesa-tv-centro-estant-mt4002bl-blanco-601417/,159999.0,115999.0,1,True
FRA-silla-de-oficina-premium-ultimate-ut-c34,Fravega,OTRAS,Muebles,Silla de Oficina Premium Ultimate UT-C340W Blanco,https://www.fravega.com/p/silla-de-oficina-premium-ultimate-ut-c340w-blanco-601654/,199999.0,74999.0,1,True
FRA-escritorio-gamer-moderno-mesa-para-pc-y-,Fravega,OTRAS,Muebles,Escritorio Gamer Moderno mesa Para Pc Y Consola 136Cm Negro Y Rojo,https://www.fravega.com/p/escritorio-gamer-moderno-mesa-para-pc-y-consola-136cm-negro-y-rojo-22707714/,249967.0,129919.0,1,True
FRA-mesa-de-luz-venecia-601215,Fravega,OTRAS,Muebles,Mesa de Luz Venecia,https://www.fravega.com/p/mesa-de-luz-venecia-601215/,69999.0,44999.0,1,True
FRA-placard-ropero-con-baulera-200x233-cm-di,Fravega,OTRAS,Muebles,Placard Ropero con Baulera 200x233 cm Diseños Modernos Blanco,https://www.fravega.com/p/placard-ropero-con-baulera-200x233-cm-disenos-modernos-blanco-21295732/,687498.75,649999.0,1,True
FRA-bajo-mesada-orlandi-bahia-120cm-blanco-6,Fravega,OTRAS,Muebles,Bajo Mesada Orlandi Bahía 120cm Blanco,https://www.fravega.com/p/bajo-mesada-orlandi-bahia-120cm-blanco-601766/,159999.0,129999.0,1,True
FRA-sillon-de-3-cuerpos-esquinero-convertibl,Fravega,OTRAS,Muebles,Sillón de 3 Cuerpos Esquinero Convertible American Wood Chenille Gris Claro,https://www.fravega.com/p/sillon-de-3-cuerpos-esquinero-convertible-american-wood-chenille-gris-claro-50000854/,2129863.0,799999.0,1,True
FRA-placard-corredizas-con-espejo-y-baulera-,Fravega,OTRAS,Muebles,Placard Corredizas Con Espejo Y Baulera 2.00 x 2.40 - Carpinteria Rivadavia,https://www.fravega.com/p/placard-corredizas-con-espejo-y-baulera-2-00-x-2-40-carpinteria-rivadavia-21704063/,676021.0,608419.0,1,True
FRA-baul-juguetero-montessori-biblioteca-inf,Fravega,OTRAS,Muebles,"Baúl Juguetero Montessori, Biblioteca Infantil, Organizador - Blanco - Juguetero Montessori",https://www.fravega.com/p/baul-juguetero-montessori-biblioteca-infantil-organizador-blanco-juguetero-montessori-22646748/,118800.0,56430.0,1,True
FRA-respaldo-de-cama-centro-estant-dali-140-,Fravega,OTRAS,Muebles,Respaldo de Cama Centro Estant Dali 140-160 Blanco Paraiso,https://www.fravega.com/p/respaldo-de-cama-centro-estant-dali-140-160-blanco-paraiso-50022494/,196658.0,121900.0,1,True
FRA-rack-tv-con-puertas-corredizas-moderno-1,Fravega,OTRAS,Muebles,Rack TV con Puertas Corredizas Moderno 180 cm Negro – Mueble para Televisor 65” con Ruedas y Estantes,https://www.fravega.com/p/rack-tv-con-puertas-corredizas-moderno-180-cm-negro--mueble-para-televisor-65-con-ruedas-y-estantes-22589591/,250000.0,209337.0,1,True
FRA-placard-ropero-con-baulera-180x233-cm-di,Fravega,OTRAS,Muebles,Placard Ropero con Baulera 180x233 cm Diseños Modernos Blanco,https://www.fravega.com/p/placard-ropero-con-baulera-180x233-cm-disenos-modernos-blanco-21454546/,986248.75,739999.0,1,True
FRA-despensero-organizador-multifuncion-180-,Fravega,OTRAS,Muebles,Despensero Organizador Multifuncion 180 X 60 Moderno Blanco,https://www.fravega.com/p/despensero-organizador-multifuncion-180-x-60-moderno-blanco-22708524/,134995.0,110605.0,1,True
FRA-placard-ropero-140x180-cm-disenos-modern,Fravega,OTRAS,Muebles,Placard Ropero 140x180 cm Diseños Modernos Blanco,https://www.fravega.com/p/placard-ropero-140x180-cm-disenos-modernos-blanco-21454356/,444998.75,399999.0,1,True
FRA-mesa-de-luz-orlandi-abedul-601344,Fravega,OTRAS,Muebles,Mesa de Luz Orlandi Abedul,https://www.fravega.com/p/mesa-de-luz-orlandi-abedul-601344/,69999.0,44999.0,1,True
FRA-placard-6-puertas-2-cajones-pack-tissa-v,Fravega,OTRAS,Muebles,Placard 6 Puertas 2 Cajones Pack Tissa (Venezia),https://www.fravega.com/p/placard-6-puertas-2-cajones-pack-tissa-venezia--990235192/,446790.0,291500.0,1,True
FRA-carrito-organizador-de-plastico-multiuso,Fravega,OTRAS,Muebles,Carrito Organizador De Plástico Multiuso Con Estantes Ruedas Color Blanco Marca Homeco.,https://www.fravega.com/p/carrito-organizador-de-plastico-multiuso-con-estantes-ruedas-color-blanco-marca-homeco--22650318/,25591.18,19000.0,1,True
FRA-conjunto-sommier-y-colchon-piero-parma-2,Fravega,OTRAS,Colchones y Sommiers,Conjunto Sommier Y Colchón Piero Parma 2.0 Espuma Premium 140x190 - 2 Plazas,https://www.fravega.com/p/conjunto-sommier-y-colchon-piero-parma-2-0-espuma-premium-140x190-2-plazas-610767/,799999.0,439999.0,1,True
FRA-sommier-y-colchon-de-espuma-king-koil-br,Fravega,OTRAS,Colchones y Sommiers,Sommier y Colchón de Espuma King Koil Bradford 160x200,https://www.fravega.com/p/sommier-y-colchon-de-espuma-king-koil-bradford-160x200-20027551/,2064998.0,1179999.0,1,True
FRA-sommier-y-colchon-de-espuma-2-plazas-sua,Fravega,OTRAS,Colchones y Sommiers,Sommier y Colchón de Espuma 2 Plazas Suavestar Sport 190x140cm,https://www.fravega.com/p/sommier-y-colchon-de-espuma-2-plazas-suavestar-sport-190x140cm-610670/,999999.0,549999.0,1,True
FRA-sommier-y-colchon-resortes-springwall-mc,Fravega,OTRAS,Colchones y Sommiers,Sommier y Colchón Resortes Springwall MCB 115 140x190 cm,https://www.fravega.com/p/sommier-y-colchon-resortes-springwall-mcb-115-140x190-cm-10010027/,2096082.0,599999.0,1,True
FRA-colchon-de-resortes-king-koil-lexington-,Fravega,OTRAS,Colchones y Sommiers,Colchón de resortes King Koil Lexington Queen Size 160x200 cm con SOMMIER DE REGALO,https://www.fravega.com/p/colchon-de-resortes-king-koil-lexington-queen-size-160x200-cm-con-sommier-de-regalo-50003050/,3756665.0,2253999.0,1,True
FRA-conjunto-sommier-de-espuma-elite-lanin-2,Fravega,OTRAS,Colchones y Sommiers,Conjunto Sommier de Espuma Elite Lanin 2 plazas 140 x 190 cm + 2 Almohadas de Regalo,https://www.fravega.com/p/conjunto-sommier-de-espuma-elite-lanin-2-plazas-140-x-190-cm-2-almohadas-de-regalo-610725/,799999.0,399999.0,1,True
FRA-colchon-y-sommier-arcoiris-rio-2-plazas-,Fravega,OTRAS,Colchones y Sommiers,Colchón y Sommier Arcoiris Rio 2 Plazas 140x190 Resortes,https://www.fravega.com/p/colchon-y-sommier-arcoiris-rio-2-plazas-140x190-resortes-20007026/,1337880.0,509900.0,1,True
FRA-sommier-y-colchon-2-plazas-piero-genova-,Fravega,OTRAS,Colchones y Sommiers,Sommier y Colchón 2 Plazas Piero Genova 2.0 Premium Resortes 140x190,https://www.fravega.com/p/sommier-y-colchon-2-plazas-piero-genova-2-0-premium-resortes-140x190-610770/,899999.0,549999.0,1,True
FRA-sommier-y-colchon-de-resortes-queen-size,Fravega,OTRAS,Colchones y Sommiers,Sommier y Colchón de Resortes Queen Size King Koil XL Advanced 160x200,https://www.fravega.com/p/sommier-y-colchon-de-resortes-queen-size-king-koil-xl-advanced-160x200-21234077/,2158332.0,1239999.0,1,True
FRA-colchon-de-espuma-y-sommier-room-loft-y-,Fravega,OTRAS,Colchones y Sommiers,Colchón de Espuma y Sommier Room Loft y Almohada 100X190,https://www.fravega.com/p/colchon-de-espuma-y-sommier-room-loft-y-almohada-100x190-610750/,534999.0,449999.0,1,True
FRA-combo-sommier-colchon-respaldo-y-2-almoh,Fravega,OTRAS,Colchones y Sommiers,Combo Sommier + Colchón + Respaldo y 2 almohadas de regalo 2230 SYRMA 140x190 Espuma Alta Densidad,https://www.fravega.com/p/combo-sommier-colchon-respaldo-y-2-almohadas-de-regalo-2230-syrma-140x190-espuma-alta-densidad-22652849/,2649076.0,679000.0,1,True
FRA-conjunto-sommier-y-colchon-de-resortes-k,Fravega,OTRAS,Colchones y Sommiers,Conjunto Sommier y Colchón de resortes King Koil XL Ext. Life de 2 plazas 140x190 cm,https://www.fravega.com/p/conjunto-sommier-y-colchon-de-resortes-king-koil-xl-ext-life-de-2-plazas-140x190-cm-21234026/,1524998.0,879999.0,1,True
FRA-colchon-de-espuma-sonador-mood-140-x-190,Fravega,OTRAS,Colchones y Sommiers,Colchón de Espuma Soñador Mood 140 x 190 cm,https://www.fravega.com/p/colchon-de-espuma-sonador-mood-140-x-190-cm-610717/,499999.0,239999.0,1,True
FRA-sommier-y-colchon-2230-syrma-140x190-esp,Fravega,OTRAS,Colchones y Sommiers,Sommier y Colchón 2230 SYRMA 140x190 Espuma Alta Densidad con 2 almohadas de regalo,https://www.fravega.com/p/sommier-y-colchon-2230-syrma-140x190-espuma-alta-densidad-con-2-almohadas-de-regalo-22499893/,1186132.0,479000.0,1,True
FRA-colchon-de-espuma-y-sommier-spring-air-2,Fravega,OTRAS,Colchones y Sommiers,Colchón de Espuma y Sommier Spring Air 2 Plazas 140x190cm + Almohadas,https://www.fravega.com/p/colchon-de-espuma-y-sommier-spring-air-2-plazas-140x190cm-almohadas-610609/,699999.0,439999.0,1,True
FRA-sommier-y-colchon-super-king-alta-densid,Fravega,OTRAS,Colchones y Sommiers,Sommier y Colchón Súper King Alta Densidad Denver Plus 200x200 Sueño Dorado,https://www.fravega.com/p/sommier-y-colchon-super-king-alta-densidad-denver-plus-200x200-sueno-dorado-610781/,1799999.0,1110999.0,1,True
FRA-sommier-y-colchon-suavestar-centuria-200,Fravega,OTRAS,Colchones y Sommiers,Sommier Y Colchón Suavestar Centuria 200X160X25 Queen,https://www.fravega.com/p/sommier-y-colchon-suavestar-centuria-200x160x25-queen-20030397/,2057916.0,946641.0,1,True
FRA-colchon-de-espuma-cannon-1-plaza-tropica,Fravega,OTRAS,Colchones y Sommiers,Colchón de Espuma Cannon 1 Plaza Tropical 80x190cm,https://www.fravega.com/p/colchon-de-espuma-cannon-1-plaza-tropical-80x190cm-610638/,179999.0,89999.0,1,True
FRA-conjunto-colchon-y-sommier-espuma-elite-,Fravega,OTRAS,Colchones y Sommiers,Conjunto Colchón y Sommier Espuma Elite Lanin - 1 Plaza y Media 100x190cm + 1 almohada de regalo,https://www.fravega.com/p/conjunto-colchon-y-sommier-espuma-elite-lanin-1-plaza-y-media-100x190cm-1-almohada-de-regalo-610794/,499999.0,279999.0,1,True
FRA-conjunto-colchon-y-sommier-franklin-140-,Fravega,OTRAS,Colchones y Sommiers,Conjunto Colchón y Sommier Franklin 140 x 190 cm,https://www.fravega.com/p/conjunto-colchon-y-sommier-franklin-140-x-190-cm-610868/,499999.0,349999.0,1,True
FRA-colchon-piero-parma-2-0-190-x-80-610726,Fravega,OTRAS,Colchones y Sommiers,Colchón Piero Parma 2.0 190 x 80,https://www.fravega.com/p/colchon-piero-parma-2-0-190-x-80-610726/,299999.0,119999.0,1,True
FRA-colchon-de-espuma-estelar-140x190cm-somm,Fravega,OTRAS,Colchones y Sommiers,Colchón de Espuma Estelar 140x190cm + Sommier 2 Plazas con Almohadas,https://www.fravega.com/p/colchon-de-espuma-estelar-140x190cm-sommier-2-plazas-con-almohadas-22589242/,799900.0,348900.0,1,True
FRA-colchon-de-espuma-1-plaza-suavestar-delu,Fravega,OTRAS,Colchones y Sommiers,Colchón de Espuma 1 Plaza Suavestar Deluxe 190x80cm,https://www.fravega.com/p/colchon-de-espuma-1-plaza-suavestar-deluxe-190x80cm-610495/,299999.0,179999.0,1,True
FRA-sommier-atlas-1-plaza-y-almohada-de-rega,Fravega,OTRAS,Colchones y Sommiers,Sommier Atlas 1 plaza y Almohada de regalo,https://www.fravega.com/p/sommier-atlas-1-plaza-y-almohada-de-regalo-22720726/,419900.0,229900.0,1,True
FRA-colchon-caja-sueno-dorado-box-rolo-2-pla,Fravega,OTRAS,Colchones y Sommiers,Colchón en Caja Sueño Dorado Box ROLO 2 Plazas 140x190 Espuma Alta Densidad,https://www.fravega.com/p/colchon-caja-sueno-dorado-box-rolo-2-plazas-140x190-espuma-alta-densidad-610783/,599999.0,359999.0,1,True
FRA-conjunto-colchon-y-sommier-piero-parma-2,Fravega,OTRAS,Colchones y Sommiers,Conjunto Colchón y Sommier Piero Parma 2.0 190 x 80,https://www.fravega.com/p/conjunto-colchon-y-sommier-piero-parma-2-0-190-x-80-610766/,499999.0,249999.0,1,True
FRA-conjunto-sommier-y-colchon-piero-parma-2,Fravega,OTRAS,Colchones y Sommiers,Conjunto Sommier Y Colchón Piero Parma 2.0 Espuma Premium 140x190 - 2 Plazas,https://www.fravega.com/p/conjunto-sommier-y-colchon-piero-parma-2-0-espuma-premium-140x190-2-plazas-610767/,799999.0,439999.0,1,True
FRA-sommier-y-colchon-de-espuma-king-koil-br,Fravega,OTRAS,Colchones y Sommiers,Sommier y Colchón de Espuma King Koil Bradford 160x200,https://www.fravega.com/p/sommier-y-colchon-de-espuma-king-koil-bradford-160x200-20027551/,2064998.0,1179999.0,1,True
FRA-sommier-y-colchon-de-espuma-2-plazas-sua,Fravega,OTRAS,Colchones y Sommiers,Sommier y Colchón de Espuma 2 Plazas Suavestar Sport 190x140cm,https://www.fravega.com/p/sommier-y-colchon-de-espuma-2-plazas-suavestar-sport-190x140cm-610670/,999999.0,549999.0,1,True
FRA-sommier-y-colchon-resortes-springwall-mc,Fravega,OTRAS,Colchones y Sommiers,Sommier y Colchón Resortes Springwall MCB 115 140x190 cm,https://www.fravega.com/p/sommier-y-colchon-resortes-springwall-mcb-115-140x190-cm-10010027/,2096082.0,599999.0,1,True
FRA-colchon-de-resortes-king-koil-lexington-,Fravega,OTRAS,Colchones y Sommiers,Colchón de resortes King Koil Lexington Queen Size 160x200 cm con SOMMIER DE REGALO,https://www.fravega.com/p/colchon-de-resortes-king-koil-lexington-queen-size-160x200-cm-con-sommier-de-regalo-50003050/,3756665.0,2253999.0,1,True
FRA-conjunto-sommier-de-espuma-elite-lanin-2,Fravega,OTRAS,Colchones y Sommiers,Conjunto Sommier de Espuma Elite Lanin 2 plazas 140 x 190 cm + 2 Almohadas de Regalo,https://www.fravega.com/p/conjunto-sommier-de-espuma-elite-lanin-2-plazas-140-x-190-cm-2-almohadas-de-regalo-610725/,799999.0,399999.0,1,True
FRA-colchon-y-sommier-arcoiris-rio-2-plazas-,Fravega,OTRAS,Colchones y Sommiers,Colchón y Sommier Arcoiris Rio 2 Plazas 140x190 Resortes,https://www.fravega.com/p/colchon-y-sommier-arcoiris-rio-2-plazas-140x190-resortes-20007026/,1337880.0,509900.0,1,True
FRA-sommier-y-colchon-2-plazas-piero-genova-,Fravega,OTRAS,Colchones y Sommiers,Sommier y Colchón 2 Plazas Piero Genova 2.0 Premium Resortes 140x190,https://www.fravega.com/p/sommier-y-colchon-2-plazas-piero-genova-2-0-premium-resortes-140x190-610770/,899999.0,549999.0,1,True
FRA-sommier-y-colchon-de-resortes-queen-size,Fravega,OTRAS,Colchones y Sommiers,Sommier y Colchón de Resortes Queen Size King Koil XL Advanced 160x200,https://www.fravega.com/p/sommier-y-colchon-de-resortes-queen-size-king-koil-xl-advanced-160x200-21234077/,2158332.0,1239999.0,1,True
FRA-colchon-de-espuma-y-sommier-room-loft-y-,Fravega,OTRAS,Colchones y Sommiers,Colchón de Espuma y Sommier Room Loft y Almohada 100X190,https://www.fravega.com/p/colchon-de-espuma-y-sommier-room-loft-y-almohada-100x190-610750/,534999.0,449999.0,1,True
FRA-combo-sommier-colchon-respaldo-y-2-almoh,Fravega,OTRAS,Colchones y Sommiers,Combo Sommier + Colchón + Respaldo y 2 almohadas de regalo 2230 SYRMA 140x190 Espuma Alta Densidad,https://www.fravega.com/p/combo-sommier-colchon-respaldo-y-2-almohadas-de-regalo-2230-syrma-140x190-espuma-alta-densidad-22652849/,2649076.0,679000.0,1,True
FRA-conjunto-sommier-y-colchon-de-resortes-k,Fravega,OTRAS,Colchones y Sommiers,Conjunto Sommier y Colchón de resortes King Koil XL Ext. Life de 2 plazas 140x190 cm,https://www.fravega.com/p/conjunto-sommier-y-colchon-de-resortes-king-koil-xl-ext-life-de-2-plazas-140x190-cm-21234026/,1524998.0,879999.0,1,True
FRA-colchon-de-espuma-sonador-mood-140-x-190,Fravega,OTRAS,Colchones y Sommiers,Colchón de Espuma Soñador Mood 140 x 190 cm,https://www.fravega.com/p/colchon-de-espuma-sonador-mood-140-x-190-cm-610717/,499999.0,239999.0,1,True
FRA-sommier-y-colchon-2230-syrma-140x190-esp,Fravega,OTRAS,Colchones y Sommiers,Sommier y Colchón 2230 SYRMA 140x190 Espuma Alta Densidad con 2 almohadas de regalo,https://www.fravega.com/p/sommier-y-colchon-2230-syrma-140x190-espuma-alta-densidad-con-2-almohadas-de-regalo-22499893/,1186132.0,479000.0,1,True
FRA-colchon-de-espuma-y-sommier-spring-air-2,Fravega,OTRAS,Colchones y Sommiers,Colchón de Espuma y Sommier Spring Air 2 Plazas 140x190cm + Almohadas,https://www.fravega.com/p/colchon-de-espuma-y-sommier-spring-air-2-plazas-140x190cm-almohadas-610609/,699999.0,439999.0,1,True
FRA-sommier-y-colchon-super-king-alta-densid,Fravega,OTRAS,Colchones y Sommiers,Sommier y Colchón Súper King Alta Densidad Denver Plus 200x200 Sueño Dorado,https://www.fravega.com/p/sommier-y-colchon-super-king-alta-densidad-denver-plus-200x200-sueno-dorado-610781/,1799999.0,1110999.0,1,True
FRA-sommier-y-colchon-suavestar-centuria-200,Fravega,OTRAS,Colchones y Sommiers,Sommier Y Colchón Suavestar Centuria 200X160X25 Queen,https://www.fravega.com/p/sommier-y-colchon-suavestar-centuria-200x160x25-queen-20030397/,2057916.0,946641.0,1,True
FRA-colchon-de-espuma-cannon-1-plaza-tropica,Fravega,OTRAS,Colchones y Sommiers,Colchón de Espuma Cannon 1 Plaza Tropical 80x190cm,https://www.fravega.com/p/colchon-de-espuma-cannon-1-plaza-tropical-80x190cm-610638/,179999.0,89999.0,1,True
FRA-conjunto-colchon-y-sommier-espuma-elite-,Fravega,OTRAS,Colchones y Sommiers,Conjunto Colchón y Sommier Espuma Elite Lanin - 1 Plaza y Media 100x190cm + 1 almohada de regalo,https://www.fravega.com/p/conjunto-colchon-y-sommier-espuma-elite-lanin-1-plaza-y-media-100x190cm-1-almohada-de-regalo-610794/,499999.0,279999.0,1,True
FRA-conjunto-colchon-y-sommier-franklin-140-,Fravega,OTRAS,Colchones y Sommiers,Conjunto Colchón y Sommier Franklin 140 x 190 cm,https://www.fravega.com/p/conjunto-colchon-y-sommier-franklin-140-x-190-cm-610868/,499999.0,349999.0,1,True
FRA-colchon-piero-parma-2-0-190-x-80-610726,Fravega,OTRAS,Colchones y Sommiers,Colchón Piero Parma 2.0 190 x 80,https://www.fravega.com/p/colchon-piero-parma-2-0-190-x-80-610726/,299999.0,119999.0,1,True
FRA-colchon-de-espuma-estelar-140x190cm-somm,Fravega,OTRAS,Colchones y Sommiers,Colchón de Espuma Estelar 140x190cm + Sommier 2 Plazas con Almohadas,https://www.fravega.com/p/colchon-de-espuma-estelar-140x190cm-sommier-2-plazas-con-almohadas-22589242/,799900.0,348900.0,1,True
FRA-colchon-de-espuma-1-plaza-suavestar-delu,Fravega,OTRAS,Colchones y Sommiers,Colchón de Espuma 1 Plaza Suavestar Deluxe 190x80cm,https://www.fravega.com/p/colchon-de-espuma-1-plaza-suavestar-deluxe-190x80cm-610495/,299999.0,179999.0,1,True
FRA-sommier-atlas-1-plaza-y-almohada-de-rega,Fravega,OTRAS,Colchones y Sommiers,Sommier Atlas 1 plaza y Almohada de regalo,https://www.fravega.com/p/sommier-atlas-1-plaza-y-almohada-de-regalo-22720726/,419900.0,229900.0,1,True
FRA-colchon-caja-sueno-dorado-box-rolo-2-pla,Fravega,OTRAS,Colchones y Sommiers,Colchón en Caja Sueño Dorado Box ROLO 2 Plazas 140x190 Espuma Alta Densidad,https://www.fravega.com/p/colchon-caja-sueno-dorado-box-rolo-2-plazas-140x190-espuma-alta-densidad-610783/,599999.0,359999.0,1,True
FRA-conjunto-colchon-y-sommier-piero-parma-2,Fravega,OTRAS,Colchones y Sommiers,Conjunto Colchón y Sommier Piero Parma 2.0 190 x 80,https://www.fravega.com/p/conjunto-colchon-y-sommier-piero-parma-2-0-190-x-80-610766/,499999.0,249999.0,1,True
FRA-conjunto-sommier-y-colchon-piero-parma-2,Fravega,OTRAS,Colchones y Sommiers,Conjunto Sommier Y Colchón Piero Parma 2.0 Espuma Premium 140x190 - 2 Plazas,https://www.fravega.com/p/conjunto-sommier-y-colchon-piero-parma-2-0-espuma-premium-140x190-2-plazas-610767/,799999.0,439999.0,1,True
FRA-sommier-y-colchon-de-espuma-king-koil-br,Fravega,OTRAS,Colchones y Sommiers,Sommier y Colchón de Espuma King Koil Bradford 160x200,https://www.fravega.com/p/sommier-y-colchon-de-espuma-king-koil-bradford-160x200-20027551/,2064998.0,1179999.0,1,True
FRA-sommier-y-colchon-de-espuma-2-plazas-sua,Fravega,OTRAS,Colchones y Sommiers,Sommier y Colchón de Espuma 2 Plazas Suavestar Sport 190x140cm,https://www.fravega.com/p/sommier-y-colchon-de-espuma-2-plazas-suavestar-sport-190x140cm-610670/,999999.0,549999.0,1,True
FRA-sommier-y-colchon-resortes-springwall-mc,Fravega,OTRAS,Colchones y Sommiers,Sommier y Colchón Resortes Springwall MCB 115 140x190 cm,https://www.fravega.com/p/sommier-y-colchon-resortes-springwall-mcb-115-140x190-cm-10010027/,2096082.0,599999.0,1,True
FRA-colchon-de-resortes-king-koil-lexington-,Fravega,OTRAS,Colchones y Sommiers,Colchón de resortes King Koil Lexington Queen Size 160x200 cm con SOMMIER DE REGALO,https://www.fravega.com/p/colchon-de-resortes-king-koil-lexington-queen-size-160x200-cm-con-sommier-de-regalo-50003050/,3756665.0,2253999.0,1,True
FRA-conjunto-sommier-de-espuma-elite-lanin-2,Fravega,OTRAS,Colchones y Sommiers,Conjunto Sommier de Espuma Elite Lanin 2 plazas 140 x 190 cm + 2 Almohadas de Regalo,https://www.fravega.com/p/conjunto-sommier-de-espuma-elite-lanin-2-plazas-140-x-190-cm-2-almohadas-de-regalo-610725/,799999.0,399999.0,1,True
FRA-colchon-y-sommier-arcoiris-rio-2-plazas-,Fravega,OTRAS,Colchones y Sommiers,Colchón y Sommier Arcoiris Rio 2 Plazas 140x190 Resortes,https://www.fravega.com/p/colchon-y-sommier-arcoiris-rio-2-plazas-140x190-resortes-20007026/,1337880.0,509900.0,1,True
FRA-sommier-y-colchon-2-plazas-piero-genova-,Fravega,OTRAS,Colchones y Sommiers,Sommier y Colchón 2 Plazas Piero Genova 2.0 Premium Resortes 140x190,https://www.fravega.com/p/sommier-y-colchon-2-plazas-piero-genova-2-0-premium-resortes-140x190-610770/,899999.0,549999.0,1,True
FRA-sommier-y-colchon-de-resortes-queen-size,Fravega,OTRAS,Colchones y Sommiers,Sommier y Colchón de Resortes Queen Size King Koil XL Advanced 160x200,https://www.fravega.com/p/sommier-y-colchon-de-resortes-queen-size-king-koil-xl-advanced-160x200-21234077/,2158332.0,1239999.0,1,True
FRA-colchon-de-espuma-y-sommier-room-loft-y-,Fravega,OTRAS,Colchones y Sommiers,Colchón de Espuma y Sommier Room Loft y Almohada 100X190,https://www.fravega.com/p/colchon-de-espuma-y-sommier-room-loft-y-almohada-100x190-610750/,534999.0,449999.0,1,True
FRA-combo-sommier-colchon-respaldo-y-2-almoh,Fravega,OTRAS,Colchones y Sommiers,Combo Sommier + Colchón + Respaldo y 2 almohadas de regalo 2230 SYRMA 140x190 Espuma Alta Densidad,https://www.fravega.com/p/combo-sommier-colchon-respaldo-y-2-almohadas-de-regalo-2230-syrma-140x190-espuma-alta-densidad-22652849/,2649076.0,679000.0,1,True
FRA-conjunto-sommier-y-colchon-de-resortes-k,Fravega,OTRAS,Colchones y Sommiers,Conjunto Sommier y Colchón de resortes King Koil XL Ext. Life de 2 plazas 140x190 cm,https://www.fravega.com/p/conjunto-sommier-y-colchon-de-resortes-king-koil-xl-ext-life-de-2-plazas-140x190-cm-21234026/,1524998.0,879999.0,1,True
FRA-colchon-de-espuma-sonador-mood-140-x-190,Fravega,OTRAS,Colchones y Sommiers,Colchón de Espuma Soñador Mood 140 x 190 cm,https://www.fravega.com/p/colchon-de-espuma-sonador-mood-140-x-190-cm-610717/,499999.0,239999.0,1,True
FRA-sommier-y-colchon-2230-syrma-140x190-esp,Fravega,OTRAS,Colchones y Sommiers,Sommier y Colchón 2230 SYRMA 140x190 Espuma Alta Densidad con 2 almohadas de regalo,https://www.fravega.com/p/sommier-y-colchon-2230-syrma-140x190-espuma-alta-densidad-con-2-almohadas-de-regalo-22499893/,1186132.0,479000.0,1,True
FRA-colchon-de-espuma-y-sommier-spring-air-2,Fravega,OTRAS,Colchones y Sommiers,Colchón de Espuma y Sommier Spring Air 2 Plazas 140x190cm + Almohadas,https://www.fravega.com/p/colchon-de-espuma-y-sommier-spring-air-2-plazas-140x190cm-almohadas-610609/,699999.0,439999.0,1,True
FRA-sommier-y-colchon-super-king-alta-densid,Fravega,OTRAS,Colchones y Sommiers,Sommier y Colchón Súper King Alta Densidad Denver Plus 200x200 Sueño Dorado,https://www.fravega.com/p/sommier-y-colchon-super-king-alta-densidad-denver-plus-200x200-sueno-dorado-610781/,1799999.0,1110999.0,1,True
FRA-sommier-y-colchon-suavestar-centuria-200,Fravega,OTRAS,Colchones y Sommiers,Sommier Y Colchón Suavestar Centuria 200X160X25 Queen,https://www.fravega.com/p/sommier-y-colchon-suavestar-centuria-200x160x25-queen-20030397/,2057916.0,946641.0,1,True
FRA-colchon-de-espuma-cannon-1-plaza-tropica,Fravega,OTRAS,Colchones y Sommiers,Colchón de Espuma Cannon 1 Plaza Tropical 80x190cm,https://www.fravega.com/p/colchon-de-espuma-cannon-1-plaza-tropical-80x190cm-610638/,179999.0,89999.0,1,True
FRA-conjunto-colchon-y-sommier-espuma-elite-,Fravega,OTRAS,Colchones y Sommiers,Conjunto Colchón y Sommier Espuma Elite Lanin - 1 Plaza y Media 100x190cm + 1 almohada de regalo,https://www.fravega.com/p/conjunto-colchon-y-sommier-espuma-elite-lanin-1-plaza-y-media-100x190cm-1-almohada-de-regalo-610794/,499999.0,279999.0,1,True
FRA-conjunto-colchon-y-sommier-franklin-140-,Fravega,OTRAS,Colchones y Sommiers,Conjunto Colchón y Sommier Franklin 140 x 190 cm,https://www.fravega.com/p/conjunto-colchon-y-sommier-franklin-140-x-190-cm-610868/,499999.0,349999.0,1,True
FRA-colchon-piero-parma-2-0-190-x-80-610726,Fravega,OTRAS,Colchones y Sommiers,Colchón Piero Parma 2.0 190 x 80,https://www.fravega.com/p/colchon-piero-parma-2-0-190-x-80-610726/,299999.0,119999.0,1,True
FRA-colchon-de-espuma-estelar-140x190cm-somm,Fravega,OTRAS,Colchones y Sommiers,Colchón de Espuma Estelar 140x190cm + Sommier 2 Plazas con Almohadas,https://www.fravega.com/p/colchon-de-espuma-estelar-140x190cm-sommier-2-plazas-con-almohadas-22589242/,799900.0,348900.0,1,True
FRA-colchon-de-espuma-1-plaza-suavestar-delu,Fravega,OTRAS,Colchones y Sommiers,Colchón de Espuma 1 Plaza Suavestar Deluxe 190x80cm,https://www.fravega.com/p/colchon-de-espuma-1-plaza-suavestar-deluxe-190x80cm-610495/,299999.0,179999.0,1,True
FRA-sommier-atlas-1-plaza-y-almohada-de-rega,Fravega,OTRAS,Colchones y Sommiers,Sommier Atlas 1 plaza y Almohada de regalo,https://www.fravega.com/p/sommier-atlas-1-plaza-y-almohada-de-regalo-22720726/,419900.0,229900.0,1,True
FRA-colchon-caja-sueno-dorado-box-rolo-2-pla,Fravega,OTRAS,Colchones y Sommiers,Colchón en Caja Sueño Dorado Box ROLO 2 Plazas 140x190 Espuma Alta Densidad,https://www.fravega.com/p/colchon-caja-sueno-dorado-box-rolo-2-plazas-140x190-espuma-alta-densidad-610783/,599999.0,359999.0,1,True
FRA-conjunto-colchon-y-sommier-piero-parma-2,Fravega,OTRAS,Colchones y Sommiers,Conjunto Colchón y Sommier Piero Parma 2.0 190 x 80,https://www.fravega.com/p/conjunto-colchon-y-sommier-piero-parma-2-0-190-x-80-610766/,499999.0,249999.0,1,True
FRA-conjunto-sommier-y-colchon-piero-parma-2,Fravega,OTRAS,Colchones y Sommiers,Conjunto Sommier Y Colchón Piero Parma 2.0 Espuma Premium 140x190 - 2 Plazas,https://www.fravega.com/p/conjunto-sommier-y-colchon-piero-parma-2-0-espuma-premium-140x190-2-plazas-610767/,799999.0,439999.0,1,True
FRA-sommier-y-colchon-de-espuma-king-koil-br,Fravega,OTRAS,Colchones y Sommiers,Sommier y Colchón de Espuma King Koil Bradford 160x200,https://www.fravega.com/p/sommier-y-colchon-de-espuma-king-koil-bradford-160x200-20027551/,2064998.0,1179999.0,1,True
FRA-sommier-y-colchon-de-espuma-2-plazas-sua,Fravega,OTRAS,Colchones y Sommiers,Sommier y Colchón de Espuma 2 Plazas Suavestar Sport 190x140cm,https://www.fravega.com/p/sommier-y-colchon-de-espuma-2-plazas-suavestar-sport-190x140cm-610670/,999999.0,549999.0,1,True
FRA-sommier-y-colchon-resortes-springwall-mc,Fravega,OTRAS,Colchones y Sommiers,Sommier y Colchón Resortes Springwall MCB 115 140x190 cm,https://www.fravega.com/p/sommier-y-colchon-resortes-springwall-mcb-115-140x190-cm-10010027/,2096082.0,599999.0,1,True
FRA-colchon-de-resortes-king-koil-lexington-,Fravega,OTRAS,Colchones y Sommiers,Colchón de resortes King Koil Lexington Queen Size 160x200 cm con SOMMIER DE REGALO,https://www.fravega.com/p/colchon-de-resortes-king-koil-lexington-queen-size-160x200-cm-con-sommier-de-regalo-50003050/,3756665.0,2253999.0,1,True
FRA-conjunto-sommier-de-espuma-elite-lanin-2,Fravega,OTRAS,Colchones y Sommiers,Conjunto Sommier de Espuma Elite Lanin 2 plazas 140 x 190 cm + 2 Almohadas de Regalo,https://www.fravega.com/p/conjunto-sommier-de-espuma-elite-lanin-2-plazas-140-x-190-cm-2-almohadas-de-regalo-610725/,799999.0,399999.0,1,True
FRA-colchon-y-sommier-arcoiris-rio-2-plazas-,Fravega,OTRAS,Colchones y Sommiers,Colchón y Sommier Arcoiris Rio 2 Plazas 140x190 Resortes,https://www.fravega.com/p/colchon-y-sommier-arcoiris-rio-2-plazas-140x190-resortes-20007026/,1337880.0,509900.0,1,True
FRA-sommier-y-colchon-2-plazas-piero-genova-,Fravega,OTRAS,Colchones y Sommiers,Sommier y Colchón 2 Plazas Piero Genova 2.0 Premium Resortes 140x190,https://www.fravega.com/p/sommier-y-colchon-2-plazas-piero-genova-2-0-premium-resortes-140x190-610770/,899999.0,549999.0,1,True
FRA-sommier-y-colchon-de-resortes-queen-size,Fravega,OTRAS,Colchones y Sommiers,Sommier y Colchón de Resortes Queen Size King Koil XL Advanced 160x200,https://www.fravega.com/p/sommier-y-colchon-de-resortes-queen-size-king-koil-xl-advanced-160x200-21234077/,2158332.0,1239999.0,1,True
FRA-colchon-de-espuma-y-sommier-room-loft-y-,Fravega,OTRAS,Colchones y Sommiers,Colchón de Espuma y Sommier Room Loft y Almohada 100X190,https://www.fravega.com/p/colchon-de-espuma-y-sommier-room-loft-y-almohada-100x190-610750/,534999.0,449999.0,1,True
FRA-combo-sommier-colchon-respaldo-y-2-almoh,Fravega,OTRAS,Colchones y Sommiers,Combo Sommier + Colchón + Respaldo y 2 almohadas de regalo 2230 SYRMA 140x190 Espuma Alta Densidad,https://www.fravega.com/p/combo-sommier-colchon-respaldo-y-2-almohadas-de-regalo-2230-syrma-140x190-espuma-alta-densidad-22652849/,2649076.0,679000.0,1,True
FRA-conjunto-sommier-y-colchon-de-resortes-k,Fravega,OTRAS,Colchones y Sommiers,Conjunto Sommier y Colchón de resortes King Koil XL Ext. Life de 2 plazas 140x190 cm,https://www.fravega.com/p/conjunto-sommier-y-colchon-de-resortes-king-koil-xl-ext-life-de-2-plazas-140x190-cm-21234026/,1524998.0,879999.0,1,True
FRA-colchon-de-espuma-sonador-mood-140-x-190,Fravega,OTRAS,Colchones y Sommiers,Colchón de Espuma Soñador Mood 140 x 190 cm,https://www.fravega.com/p/colchon-de-espuma-sonador-mood-140-x-190-cm-610717/,499999.0,239999.0,1,True
FRA-sommier-y-colchon-2230-syrma-140x190-esp,Fravega,OTRAS,Colchones y Sommiers,Sommier y Colchón 2230 SYRMA 140x190 Espuma Alta Densidad con 2 almohadas de regalo,https://www.fravega.com/p/sommier-y-colchon-2230-syrma-140x190-espuma-alta-densidad-con-2-almohadas-de-regalo-22499893/,1186132.0,479000.0,1,True
FRA-colchon-de-espuma-y-sommier-spring-air-2,Fravega,OTRAS,Colchones y Sommiers,Colchón de Espuma y Sommier Spring Air 2 Plazas 140x190cm + Almohadas,https://www.fravega.com/p/colchon-de-espuma-y-sommier-spring-air-2-plazas-140x190cm-almohadas-610609/,699999.0,439999.0,1,True
FRA-sommier-y-colchon-super-king-alta-densid,Fravega,OTRAS,Colchones y Sommiers,Sommier y Colchón Súper King Alta Densidad Denver Plus 200x200 Sueño Dorado,https://www.fravega.com/p/sommier-y-colchon-super-king-alta-densidad-denver-plus-200x200-sueno-dorado-610781/,1799999.0,1110999.0,1,True
FRA-sommier-y-colchon-suavestar-centuria-200,Fravega,OTRAS,Colchones y Sommiers,Sommier Y Colchón Suavestar Centuria 200X160X25 Queen,https://www.fravega.com/p/sommier-y-colchon-suavestar-centuria-200x160x25-queen-20030397/,2057916.0,946641.0,1,True
FRA-colchon-de-espuma-cannon-1-plaza-tropica,Fravega,OTRAS,Colchones y Sommiers,Colchón de Espuma Cannon 1 Plaza Tropical 80x190cm,https://www.fravega.com/p/colchon-de-espuma-cannon-1-plaza-tropical-80x190cm-610638/,179999.0,89999.0,1,True
FRA-conjunto-colchon-y-sommier-espuma-elite-,Fravega,OTRAS,Colchones y Sommiers,Conjunto Colchón y Sommier Espuma Elite Lanin - 1 Plaza y Media 100x190cm + 1 almohada de regalo,https://www.fravega.com/p/conjunto-colchon-y-sommier-espuma-elite-lanin-1-plaza-y-media-100x190cm-1-almohada-de-regalo-610794/,499999.0,279999.0,1,True
FRA-conjunto-colchon-y-sommier-franklin-140-,Fravega,OTRAS,Colchones y Sommiers,Conjunto Colchón y Sommier Franklin 140 x 190 cm,https://www.fravega.com/p/conjunto-colchon-y-sommier-franklin-140-x-190-cm-610868/,499999.0,349999.0,1,True
FRA-colchon-piero-parma-2-0-190-x-80-610726,Fravega,OTRAS,Colchones y Sommiers,Colchón Piero Parma 2.0 190 x 80,https://www.fravega.com/p/colchon-piero-parma-2-0-190-x-80-610726/,299999.0,119999.0,1,True
FRA-colchon-de-espuma-estelar-140x190cm-somm,Fravega,OTRAS,Colchones y Sommiers,Colchón de Espuma Estelar 140x190cm + Sommier 2 Plazas con Almohadas,https://www.fravega.com/p/colchon-de-espuma-estelar-140x190cm-sommier-2-plazas-con-almohadas-22589242/,799900.0,348900.0,1,True
FRA-colchon-de-espuma-1-plaza-suavestar-delu,Fravega,OTRAS,Colchones y Sommiers,Colchón de Espuma 1 Plaza Suavestar Deluxe 190x80cm,https://www.fravega.com/p/colchon-de-espuma-1-plaza-suavestar-deluxe-190x80cm-610495/,299999.0,179999.0,1,True
FRA-sommier-atlas-1-plaza-y-almohada-de-rega,Fravega,OTRAS,Colchones y Sommiers,Sommier Atlas 1 plaza y Almohada de regalo,https://www.fravega.com/p/sommier-atlas-1-plaza-y-almohada-de-regalo-22720726/,419900.0,229900.0,1,True
FRA-colchon-caja-sueno-dorado-box-rolo-2-pla,Fravega,OTRAS,Colchones y Sommiers,Colchón en Caja Sueño Dorado Box ROLO 2 Plazas 140x190 Espuma Alta Densidad,https://www.fravega.com/p/colchon-caja-sueno-dorado-box-rolo-2-plazas-140x190-espuma-alta-densidad-610783/,599999.0,359999.0,1,True
FRA-conjunto-colchon-y-sommier-piero-parma-2,Fravega,OTRAS,Colchones y Sommiers,Conjunto Colchón y Sommier Piero Parma 2.0 190 x 80,https://www.fravega.com/p/conjunto-colchon-y-sommier-piero-parma-2-0-190-x-80-610766/,499999.0,249999.0,1,True
FRA-conjunto-sommier-y-colchon-piero-parma-2,Fravega,OTRAS,Colchones y Sommiers,Conjunto Sommier Y Colchón Piero Parma 2.0 Espuma Premium 140x190 - 2 Plazas,https://www.fravega.com/p/conjunto-sommier-y-colchon-piero-parma-2-0-espuma-premium-140x190-2-plazas-610767/,799999.0,439999.0,1,True
FRA-sommier-y-colchon-de-espuma-king-koil-br,Fravega,OTRAS,Colchones y Sommiers,Sommier y Colchón de Espuma King Koil Bradford 160x200,https://www.fravega.com/p/sommier-y-colchon-de-espuma-king-koil-bradford-160x200-20027551/,2064998.0,1179999.0,1,True
FRA-sommier-y-colchon-de-espuma-2-plazas-sua,Fravega,OTRAS,Colchones y Sommiers,Sommier y Colchón de Espuma 2 Plazas Suavestar Sport 190x140cm,https://www.fravega.com/p/sommier-y-colchon-de-espuma-2-plazas-suavestar-sport-190x140cm-610670/,999999.0,549999.0,1,True
FRA-sommier-y-colchon-resortes-springwall-mc,Fravega,OTRAS,Colchones y Sommiers,Sommier y Colchón Resortes Springwall MCB 115 140x190 cm,https://www.fravega.com/p/sommier-y-colchon-resortes-springwall-mcb-115-140x190-cm-10010027/,2096082.0,599999.0,1,True
FRA-colchon-de-resortes-king-koil-lexington-,Fravega,OTRAS,Colchones y Sommiers,Colchón de resortes King Koil Lexington Queen Size 160x200 cm con SOMMIER DE REGALO,https://www.fravega.com/p/colchon-de-resortes-king-koil-lexington-queen-size-160x200-cm-con-sommier-de-regalo-50003050/,3756665.0,2253999.0,1,True
FRA-conjunto-sommier-de-espuma-elite-lanin-2,Fravega,OTRAS,Colchones y Sommiers,Conjunto Sommier de Espuma Elite Lanin 2 plazas 140 x 190 cm + 2 Almohadas de Regalo,https://www.fravega.com/p/conjunto-sommier-de-espuma-elite-lanin-2-plazas-140-x-190-cm-2-almohadas-de-regalo-610725/,799999.0,399999.0,1,True
FRA-colchon-y-sommier-arcoiris-rio-2-plazas-,Fravega,OTRAS,Colchones y Sommiers,Colchón y Sommier Arcoiris Rio 2 Plazas 140x190 Resortes,https://www.fravega.com/p/colchon-y-sommier-arcoiris-rio-2-plazas-140x190-resortes-20007026/,1337880.0,509900.0,1,True
FRA-sommier-y-colchon-2-plazas-piero-genova-,Fravega,OTRAS,Colchones y Sommiers,Sommier y Colchón 2 Plazas Piero Genova 2.0 Premium Resortes 140x190,https://www.fravega.com/p/sommier-y-colchon-2-plazas-piero-genova-2-0-premium-resortes-140x190-610770/,899999.0,549999.0,1,True
FRA-sommier-y-colchon-de-resortes-queen-size,Fravega,OTRAS,Colchones y Sommiers,Sommier y Colchón de Resortes Queen Size King Koil XL Advanced 160x200,https://www.fravega.com/p/sommier-y-colchon-de-resortes-queen-size-king-koil-xl-advanced-160x200-21234077/,2158332.0,1239999.0,1,True
FRA-colchon-de-espuma-y-sommier-room-loft-y-,Fravega,OTRAS,Colchones y Sommiers,Colchón de Espuma y Sommier Room Loft y Almohada 100X190,https://www.fravega.com/p/colchon-de-espuma-y-sommier-room-loft-y-almohada-100x190-610750/,534999.0,449999.0,1,True
FRA-combo-sommier-colchon-respaldo-y-2-almoh,Fravega,OTRAS,Colchones y Sommiers,Combo Sommier + Colchón + Respaldo y 2 almohadas de regalo 2230 SYRMA 140x190 Espuma Alta Densidad,https://www.fravega.com/p/combo-sommier-colchon-respaldo-y-2-almohadas-de-regalo-2230-syrma-140x190-espuma-alta-densidad-22652849/,2649076.0,679000.0,1,True
FRA-conjunto-sommier-y-colchon-de-resortes-k,Fravega,OTRAS,Colchones y Sommiers,Conjunto Sommier y Colchón de resortes King Koil XL Ext. Life de 2 plazas 140x190 cm,https://www.fravega.com/p/conjunto-sommier-y-colchon-de-resortes-king-koil-xl-ext-life-de-2-plazas-140x190-cm-21234026/,1524998.0,879999.0,1,True
FRA-colchon-de-espuma-sonador-mood-140-x-190,Fravega,OTRAS,Colchones y Sommiers,Colchón de Espuma Soñador Mood 140 x 190 cm,https://www.fravega.com/p/colchon-de-espuma-sonador-mood-140-x-190-cm-610717/,499999.0,239999.0,1,True
FRA-sommier-y-colchon-2230-syrma-140x190-esp,Fravega,OTRAS,Colchones y Sommiers,Sommier y Colchón 2230 SYRMA 140x190 Espuma Alta Densidad con 2 almohadas de regalo,https://www.fravega.com/p/sommier-y-colchon-2230-syrma-140x190-espuma-alta-densidad-con-2-almohadas-de-regalo-22499893/,1186132.0,479000.0,1,True
FRA-colchon-de-espuma-y-sommier-spring-air-2,Fravega,OTRAS,Colchones y Sommiers,Colchón de Espuma y Sommier Spring Air 2 Plazas 140x190cm + Almohadas,https://www.fravega.com/p/colchon-de-espuma-y-sommier-spring-air-2-plazas-140x190cm-almohadas-610609/,699999.0,439999.0,1,True
FRA-sommier-y-colchon-super-king-alta-densid,Fravega,OTRAS,Colchones y Sommiers,Sommier y Colchón Súper King Alta Densidad Denver Plus 200x200 Sueño Dorado,https://www.fravega.com/p/sommier-y-colchon-super-king-alta-densidad-denver-plus-200x200-sueno-dorado-610781/,1799999.0,1110999.0,1,True
FRA-sommier-y-colchon-suavestar-centuria-200,Fravega,OTRAS,Colchones y Sommiers,Sommier Y Colchón Suavestar Centuria 200X160X25 Queen,https://www.fravega.com/p/sommier-y-colchon-suavestar-centuria-200x160x25-queen-20030397/,2057916.0,946641.0,1,True
FRA-colchon-de-espuma-cannon-1-plaza-tropica,Fravega,OTRAS,Colchones y Sommiers,Colchón de Espuma Cannon 1 Plaza Tropical 80x190cm,https://www.fravega.com/p/colchon-de-espuma-cannon-1-plaza-tropical-80x190cm-610638/,179999.0,89999.0,1,True
FRA-conjunto-colchon-y-sommier-espuma-elite-,Fravega,OTRAS,Colchones y Sommiers,Conjunto Colchón y Sommier Espuma Elite Lanin - 1 Plaza y Media 100x190cm + 1 almohada de regalo,https://www.fravega.com/p/conjunto-colchon-y-sommier-espuma-elite-lanin-1-plaza-y-media-100x190cm-1-almohada-de-regalo-610794/,499999.0,279999.0,1,True
FRA-conjunto-colchon-y-sommier-franklin-140-,Fravega,OTRAS,Colchones y Sommiers,Conjunto Colchón y Sommier Franklin 140 x 190 cm,https://www.fravega.com/p/conjunto-colchon-y-sommier-franklin-140-x-190-cm-610868/,499999.0,349999.0,1,True
FRA-colchon-piero-parma-2-0-190-x-80-610726,Fravega,OTRAS,Colchones y Sommiers,Colchón Piero Parma 2.0 190 x 80,https://www.fravega.com/p/colchon-piero-parma-2-0-190-x-80-610726/,299999.0,119999.0,1,True
FRA-colchon-de-espuma-estelar-140x190cm-somm,Fravega,OTRAS,Colchones y Sommiers,Colchón de Espuma Estelar 140x190cm + Sommier 2 Plazas con Almohadas,https://www.fravega.com/p/colchon-de-espuma-estelar-140x190cm-sommier-2-plazas-con-almohadas-22589242/,799900.0,348900.0,1,True
FRA-colchon-de-espuma-1-plaza-suavestar-delu,Fravega,OTRAS,Colchones y Sommiers,Colchón de Espuma 1 Plaza Suavestar Deluxe 190x80cm,https://www.fravega.com/p/colchon-de-espuma-1-plaza-suavestar-deluxe-190x80cm-610495/,299999.0,179999.0,1,True
FRA-sommier-atlas-1-plaza-y-almohada-de-rega,Fravega,OTRAS,Colchones y Sommiers,Sommier Atlas 1 plaza y Almohada de regalo,https://www.fravega.com/p/sommier-atlas-1-plaza-y-almohada-de-regalo-22720726/,419900.0,229900.0,1,True
FRA-colchon-caja-sueno-dorado-box-rolo-2-pla,Fravega,OTRAS,Colchones y Sommiers,Colchón en Caja Sueño Dorado Box ROLO 2 Plazas 140x190 Espuma Alta Densidad,https://www.fravega.com/p/colchon-caja-sueno-dorado-box-rolo-2-plazas-140x190-espuma-alta-densidad-610783/,599999.0,359999.0,1,True
FRA-conjunto-colchon-y-sommier-piero-parma-2,Fravega,OTRAS,Colchones y Sommiers,Conjunto Colchón y Sommier Piero Parma 2.0 190 x 80,https://www.fravega.com/p/conjunto-colchon-y-sommier-piero-parma-2-0-190-x-80-610766/,499999.0,249999.0,1,True
FRA-pelota-de-futbol-reebok-vortex-nro-5-ggs,Fravega,OTRAS,Deportes y Fitness,Pelota de Futbol Reebok Vortex Nro.5 GGSS,https://www.fravega.com/p/pelota-de-futbol-reebok-vortex-nro-5-ggss--562730/,19999.0,13999.0,1,True
FRA-cinta-motorizada-randers-arg-308-10-km-h,Fravega,OTRAS,Deportes y Fitness,Cinta Motorizada Randers ARG-308 10 km/h,https://www.fravega.com/p/cinta-motorizada-randers-arg-308-10-km-h-990178860/,911928.0,451749.0,1,True
FRA-bicicleta-spinning-randers-arg-820sp-6-k,Fravega,OTRAS,Deportes y Fitness,Bicicleta Spinning Randers ARG-820SP 6 Kg,https://www.fravega.com/p/bicicleta-spinning-randers-arg-820sp-6-kg-990054591/,494006.0,215406.0,1,True
FRA-cinta-de-correr-caminadora-admiral-ad-fc,Fravega,OTRAS,Deportes y Fitness,Cinta de correr caminadora Admiral AD-FCC12 16 km/h,https://www.fravega.com/p/cinta-de-correr-caminadora-admiral-ad-fcc12-16-km-h-562289/,1199999.0,749999.0,1,True
FRA-bicicleta-fija-de-entrenamiento-philco-8,Fravega,PHILCO,Deportes y Fitness,Bicicleta Fija de Entrenamiento Philco 8 Niveles de Resistencia Disco 2kg,https://www.fravega.com/p/bicicleta-fija-de-entrenamiento-philco-8-niveles-de-resistencia-disco-2kg-990186086/,350899.0,202998.99,1,True
FRA-multigimnasio-admiral-ad-fmg45-45-kg-mul,Fravega,OTRAS,Deportes y Fitness,Multigimnasio Admiral AD-FMG45 45 kg multigym,https://www.fravega.com/p/multigimnasio-admiral-ad-fmg45-45-kg-multigym-562252/,729999.0,399999.0,1,True
FRA-gym-rack-randers-arg-154-multifuncion-99,Fravega,OTRAS,Deportes y Fitness,Gym Rack Randers ARG-154 Multifunción,https://www.fravega.com/p/gym-rack-randers-arg-154-multifuncion-990229225/,689505.0,327663.0,1,True
FRA-guantes-profesionales-para-mma-gfitness-,Fravega,OTRAS,Deportes y Fitness,Guantes Profesionales para MMA Gfitness,https://www.fravega.com/p/guantes-profesionales-para-mma-gfitness-22516793/,84264.0,55999.0,1,True
FRA-bicicleta-fija-energy-fit-shock-rider-sp,Fravega,OTRAS,Deportes y Fitness,Bicicleta Fija Energy Fit Shock Rider Spinning Con App Bluetooth,https://www.fravega.com/p/bicicleta-fija-energy-fit-shock-rider-spinning-con-app-bluetooth-22128586/,650000.0,450000.0,1,True
FRA-bicicleta-magnetica-vertical-te2455hp-se,Fravega,HP,Deportes y Fitness,Bicicleta Magnetica Vertical TE2455HP Semikon,https://www.fravega.com/p/bicicleta-magnetica-vertical-te2455hp-semikon-20111010/,584933.0,463267.0,1,True
FRA-creatina-monohidratada-star-nutrition-30,Fravega,OTRAS,Deportes y Fitness,Creatina Monohidratada Star Nutrition 300 Gr - Doypack,https://www.fravega.com/p/creatina-monohidratada-star-nutrition-300-gr-doypack-22631157/,39363.0,31490.0,1,True
FRA-barra-de-dominadas-trexa-tx-fd1-de-pared,Fravega,OTRAS,Deportes y Fitness,Barra de Dominadas Trexa TX-FD1 de pared,https://www.fravega.com/p/barra-de-dominadas-trexa-tx-fd1-de-pared-562059/,79999.0,44999.0,1,True
FRA-yoga-mat-trexa-tx-fym10g-10mm-gris-56210,Fravega,OTRAS,Deportes y Fitness,Yoga Mat Trexa TX-FYM10G 10mm Gris,https://www.fravega.com/p/yoga-mat-trexa-tx-fym10g-10mm-gris-562108/,29999.0,13999.0,1,True
FRA-bicicleta-spinning-fija-admiral-ad-fbs4-,Fravega,OTRAS,Deportes y Fitness,Bicicleta Spinning Fija Admiral AD-FBS4 4 kg,https://www.fravega.com/p/bicicleta-spinning-fija-admiral-ad-fbs4-4-kg-562179/,249999.0,179999.0,1,True
FRA-pedalera-de-ejercicios-trexa-tx-fpd1-562,Fravega,OTRAS,Deportes y Fitness,Pedalera de Ejercicios Trexa TX-FPD1,https://www.fravega.com/p/pedalera-de-ejercicios-trexa-tx-fpd1-562229/,129999.0,59999.0,1,True
FRA-multigimnasio-admiral-ad-fmg100-100-kg-m,Fravega,OTRAS,Deportes y Fitness,Multigimnasio Admiral AD-FMG100 100 kg multigym,https://www.fravega.com/p/multigimnasio-admiral-ad-fmg100-100-kg-multigym-562264/,1199999.0,799999.0,1,True
FRA-cinta-de-correr-caminadora-admiral-ad-fc,Fravega,OTRAS,Deportes y Fitness,Cinta de correr caminadora Admiral AD-FCC22 16 km/h plegable digital,https://www.fravega.com/p/cinta-de-correr-caminadora-admiral-ad-fcc22-16-km-h-plegable-digital-562414/,1699999.0,799999.0,1,True
FRA-cinta-de-correr-caminadora-admiral-ad-fc,Fravega,OTRAS,Deportes y Fitness,Cinta de correr caminadora Admiral AD-FCC12 12 km/h plana con barral,https://www.fravega.com/p/cinta-de-correr-caminadora-admiral-ad-fcc12-12-km-h-plana-con-barral-562486/,449999.0,299999.0,1,True
FRA-bicicleta-fija-admiral-ad-fbm1-mecanica-,Fravega,OTRAS,Deportes y Fitness,Bicicleta Fija Admiral AD-FBM1 mecánica,https://www.fravega.com/p/bicicleta-fija-admiral-ad-fbm1-mecanica-561939/,199999.0,99999.0,1,True
FRA-bicicleta-nordic-x1-0-mountain-bike-roda,Fravega,OTRAS,Deportes y Fitness,Bicicleta Nordic x1.0 Mountain Bike Rodado 29 Talle 20 Negro Blanco Gris Shimano,https://www.fravega.com/p/bicicleta-nordic-x1-0-mountain-bike-rodado-29-talle-20-negro-blanco-gris-shimano-562851/,499999.0,199999.0,1,True
FRA-bicicleta-spinning-fija-admiral-ad-fbs6-,Fravega,OTRAS,Deportes y Fitness,Bicicleta Spinning Fija Admiral AD-FBS6 6 kg,https://www.fravega.com/p/bicicleta-spinning-fija-admiral-ad-fbs6-6-kg-562558/,459999.0,249999.0,1,True
FRA-kit-mancuernas-barra-y-pesas-trexa-tx-fb,Fravega,OTRAS,Deportes y Fitness,"Kit Mancuernas, Barra y Pesas Trexa TX-FBM30 30 kg",https://www.fravega.com/p/kit-mancuernas-barra-y-pesas-trexa-tx-fbm30-30-kg-562617/,79999.0,49999.0,1,True
FRA-bicicleta-nordic-x1-0-mountain-bike-roda,Fravega,OTRAS,Deportes y Fitness,Bicicleta Nordic x1.0 Mountain Bike Rodado 29 Talle 20 Negro Blanco Rojo Shimano,https://www.fravega.com/p/bicicleta-nordic-x1-0-mountain-bike-rodado-29-talle-20-negro-blanco-rojo-shimano-562870/,499999.0,214999.0,1,True
FRA-cinta-de-correr-caminadora-admiral-ad-fc,Fravega,OTRAS,Deportes y Fitness,Cinta de correr caminadora Admiral AD-FCC11 12 km/h plegable digital,https://www.fravega.com/p/cinta-de-correr-caminadora-admiral-ad-fcc11-12-km-h-plegable-digital-562277/,899999.0,519999.0,1,True
FRA-bicicleta-mountain-bike-slp-10-pro-rodad,Fravega,OTRAS,Deportes y Fitness,Bicicleta Mountain Bike SLP 10 Pro Rodado 29” T18 17192-NG7BA7RJ10T18,https://www.fravega.com/p/bicicleta-mountain-bike-slp-10-pro-rodado-29-t18-17192-ng7ba7rj10t18-562433/,599999.0,359999.0,1,True
FRA-bicicleta-mtb-overtech-q5-r29-21v-freno-,Fravega,OTRAS,Deportes y Fitness,"Bicicleta Mtb Overtech Q5 R29, 21V Freno a Disco, Suspensión, Negro/Rojo/Blanco L",https://www.fravega.com/p/bicicleta-mtb-overtech-q5-r29-21v-freno-a-disco-suspension-negro-rojo-blanco-l--21202518/,499999.0,246999.0,1,True
FRA-bicicleta-mountain-bike-slp-10-pro-rodad,Fravega,OTRAS,Deportes y Fitness,Bicicleta Mountain Bike SLP 10 Pro Rodado 29” T20 17192-NG7BA7RJ10T20,https://www.fravega.com/p/bicicleta-mountain-bike-slp-10-pro-rodado-29-t20-17192-ng7ba7rj10t20-562517/,549999.0,339999.0,1,True
FRA-pelota-de-futbol-reebok-vortex-nro-5-ggs,Fravega,OTRAS,Deportes y Fitness,Pelota de Futbol Reebok Vortex Nro.5 GGSS,https://www.fravega.com/p/pelota-de-futbol-reebok-vortex-nro-5-ggss--562730/,19999.0,13999.0,1,True
FRA-cinta-motorizada-randers-arg-308-10-km-h,Fravega,OTRAS,Deportes y Fitness,Cinta Motorizada Randers ARG-308 10 km/h,https://www.fravega.com/p/cinta-motorizada-randers-arg-308-10-km-h-990178860/,911928.0,451749.0,1,True
FRA-bicicleta-spinning-randers-arg-820sp-6-k,Fravega,OTRAS,Deportes y Fitness,Bicicleta Spinning Randers ARG-820SP 6 Kg,https://www.fravega.com/p/bicicleta-spinning-randers-arg-820sp-6-kg-990054591/,494006.0,215406.0,1,True
FRA-cinta-de-correr-caminadora-admiral-ad-fc,Fravega,OTRAS,Deportes y Fitness,Cinta de correr caminadora Admiral AD-FCC12 16 km/h,https://www.fravega.com/p/cinta-de-correr-caminadora-admiral-ad-fcc12-16-km-h-562289/,1199999.0,749999.0,1,True
FRA-bicicleta-fija-de-entrenamiento-philco-8,Fravega,PHILCO,Deportes y Fitness,Bicicleta Fija de Entrenamiento Philco 8 Niveles de Resistencia Disco 2kg,https://www.fravega.com/p/bicicleta-fija-de-entrenamiento-philco-8-niveles-de-resistencia-disco-2kg-990186086/,350899.0,202998.99,1,True
FRA-multigimnasio-admiral-ad-fmg45-45-kg-mul,Fravega,OTRAS,Deportes y Fitness,Multigimnasio Admiral AD-FMG45 45 kg multigym,https://www.fravega.com/p/multigimnasio-admiral-ad-fmg45-45-kg-multigym-562252/,729999.0,399999.0,1,True
FRA-gym-rack-randers-arg-154-multifuncion-99,Fravega,OTRAS,Deportes y Fitness,Gym Rack Randers ARG-154 Multifunción,https://www.fravega.com/p/gym-rack-randers-arg-154-multifuncion-990229225/,689505.0,327663.0,1,True
FRA-guantes-profesionales-para-mma-gfitness-,Fravega,OTRAS,Deportes y Fitness,Guantes Profesionales para MMA Gfitness,https://www.fravega.com/p/guantes-profesionales-para-mma-gfitness-22516793/,84264.0,55999.0,1,True
FRA-bicicleta-fija-energy-fit-shock-rider-sp,Fravega,OTRAS,Deportes y Fitness,Bicicleta Fija Energy Fit Shock Rider Spinning Con App Bluetooth,https://www.fravega.com/p/bicicleta-fija-energy-fit-shock-rider-spinning-con-app-bluetooth-22128586/,650000.0,450000.0,1,True
FRA-bicicleta-magnetica-vertical-te2455hp-se,Fravega,HP,Deportes y Fitness,Bicicleta Magnetica Vertical TE2455HP Semikon,https://www.fravega.com/p/bicicleta-magnetica-vertical-te2455hp-semikon-20111010/,584933.0,463267.0,1,True
FRA-creatina-monohidratada-star-nutrition-30,Fravega,OTRAS,Deportes y Fitness,Creatina Monohidratada Star Nutrition 300 Gr - Doypack,https://www.fravega.com/p/creatina-monohidratada-star-nutrition-300-gr-doypack-22631157/,39363.0,31490.0,1,True
FRA-barra-de-dominadas-trexa-tx-fd1-de-pared,Fravega,OTRAS,Deportes y Fitness,Barra de Dominadas Trexa TX-FD1 de pared,https://www.fravega.com/p/barra-de-dominadas-trexa-tx-fd1-de-pared-562059/,79999.0,44999.0,1,True
FRA-yoga-mat-trexa-tx-fym10g-10mm-gris-56210,Fravega,OTRAS,Deportes y Fitness,Yoga Mat Trexa TX-FYM10G 10mm Gris,https://www.fravega.com/p/yoga-mat-trexa-tx-fym10g-10mm-gris-562108/,29999.0,13999.0,1,True
FRA-bicicleta-spinning-fija-admiral-ad-fbs4-,Fravega,OTRAS,Deportes y Fitness,Bicicleta Spinning Fija Admiral AD-FBS4 4 kg,https://www.fravega.com/p/bicicleta-spinning-fija-admiral-ad-fbs4-4-kg-562179/,249999.0,179999.0,1,True
FRA-pedalera-de-ejercicios-trexa-tx-fpd1-562,Fravega,OTRAS,Deportes y Fitness,Pedalera de Ejercicios Trexa TX-FPD1,https://www.fravega.com/p/pedalera-de-ejercicios-trexa-tx-fpd1-562229/,129999.0,59999.0,1,True
FRA-cinta-de-correr-caminadora-admiral-ad-fc,Fravega,OTRAS,Deportes y Fitness,Cinta de correr caminadora Admiral AD-FCC22 16 km/h plegable digital,https://www.fravega.com/p/cinta-de-correr-caminadora-admiral-ad-fcc22-16-km-h-plegable-digital-562414/,1699999.0,799999.0,1,True
FRA-bicicleta-nordic-x1-0-mountain-bike-roda,Fravega,OTRAS,Deportes y Fitness,Bicicleta Nordic x1.0 Mountain Bike Rodado 29 Talle 18 Negro Blanco Gris Shimano,https://www.fravega.com/p/bicicleta-nordic-x1-0-mountain-bike-rodado-29-talle-18-negro-blanco-gris-shimano-562866/,499999.0,199999.0,1,True
FRA-bicicleta-nordic-x1-0-mountain-bike-roda,Fravega,OTRAS,Deportes y Fitness,Bicicleta Nordic x1.0 Mountain Bike Rodado 29 Talle 18 Negro Dorado Rojo Shimano,https://www.fravega.com/p/bicicleta-nordic-x1-0-mountain-bike-rodado-29-talle-18-negro-dorado-rojo-shimano-562865/,499999.0,199999.0,1,True
FRA-banco-de-pesas-y-abdominales-admiral-ad-,Fravega,OTRAS,Deportes y Fitness,Banco de pesas y abdominales Admiral AD-FBP1 curvo,https://www.fravega.com/p/banco-de-pesas-y-abdominales-admiral-ad-fbp1-curvo-562744/,149999.0,79999.0,1,True
FRA-bicicleta-mountain-bike-slp-10-pro-rodad,Fravega,OTRAS,Deportes y Fitness,Bicicleta Mountain Bike SLP 10 Pro Rodado 29” T18 17192-NG7BA7AA3T18,https://www.fravega.com/p/bicicleta-mountain-bike-slp-10-pro-rodado-29-t18-17192-ng7ba7aa3t18-562418/,599999.0,339999.0,1,True
FRA-bicicleta-mountain-bike-slp-25-pro-lady-,Fravega,OTRAS,Deportes y Fitness,Bicicleta Mountain Bike SLP 25 PRO Lady Rodado 29 T18,https://www.fravega.com/p/bicicleta-mountain-bike-slp-25-pro-lady-rodado-29-t18-562634/,699999.0,399999.0,1,True
FRA-bicicleta-mountain-bike-slp-5-pro-rodado,Fravega,OTRAS,Deportes y Fitness,Bicicleta Mountain Bike SLP 5 Pro Rodado 29” T20 NG7VR4VR5,https://www.fravega.com/p/bicicleta-mountain-bike-slp-5-pro-rodado-29-t20-ng7vr4vr5-562390/,499999.0,299999.0,1,True
FRA-bicicleta-mountain-bike-slp-10-pro-r29-t,Fravega,OTRAS,Deportes y Fitness,Bicicleta Mountain Bike SLP 10 PRO R29 T18 VR19BA8NG11,https://www.fravega.com/p/bicicleta-mountain-bike-slp-10-pro-r29-t18-vr19ba8ng11-562696/,599999.0,339999.0,1,True
FRA-trampolin-de-entrenamiento-trexa-tx-ft1-,Fravega,OTRAS,Deportes y Fitness,Trampolín de entrenamiento Trexa TX-FT1 cama elástica,https://www.fravega.com/p/trampolin-de-entrenamiento-trexa-tx-ft1-cama-elastica-562763/,139999.0,74999.0,1,True
FRA-bicicleta-mountain-bike-slp-5-pro-rodado,Fravega,OTRAS,Deportes y Fitness,Bicicleta Mountain Bike SLP 5 Pro Rodado 29” T20 NG8GI9BA6,https://www.fravega.com/p/bicicleta-mountain-bike-slp-5-pro-rodado-29-t20-ng8gi9ba6-562406/,499999.0,299999.0,1,True
FRA-inflador-portatil-digital-compresor-aire,Fravega,OTRAS,Deportes y Fitness,Inflador Portátil Digital Compresor Aire 2600mAh Auto Moto Bici LED USB,https://www.fravega.com/p/inflador-portatil-digital-compresor-aire-2600mah-auto-moto-bici-led-usb-563001/,69999.0,44999.0,1,True
FRA-banco-de-pesas-admiral-reclinable-ejerci,Fravega,OTRAS,Deportes y Fitness,Banco de Pesas Admiral Reclinable Ejercicio Fitness Gym,https://www.fravega.com/p/banco-de-pesas-admiral-reclinable-ejercicio-fitness-gym-563728/,199999.0,149999.0,1,True
FRA-combo-4-de-2-5-kg-discos-para-mancuernas,Fravega,OTRAS,Deportes y Fitness,"Combo 4 de 2,5 Kg Discos para Mancuernas",https://www.fravega.com/p/combo-4-de-2-5-kg-discos-para-mancuernas-21182260/,24003.98,11999.0,1,True
FRA-bandas-elasticas-isometricas-de-resisten,Fravega,OTRAS,Deportes y Fitness,Bandas Elasticas Isometricas de Resistencia Waggs Set x 5,https://www.fravega.com/p/bandas-elasticas-isometricas-de-resistencia-waggs-set-x-5-21182263/,17997.98,8999.0,1,True
FRA-pelota-de-futbol-reebok-vortex-nro-5-ggs,Fravega,OTRAS,Deportes y Fitness,Pelota de Futbol Reebok Vortex Nro.5 GGSS,https://www.fravega.com/p/pelota-de-futbol-reebok-vortex-nro-5-ggss--562730/,19999.0,13999.0,1,True
FRA-cinta-motorizada-randers-arg-308-10-km-h,Fravega,OTRAS,Deportes y Fitness,Cinta Motorizada Randers ARG-308 10 km/h,https://www.fravega.com/p/cinta-motorizada-randers-arg-308-10-km-h-990178860/,911928.0,451749.0,1,True
FRA-bicicleta-spinning-randers-arg-820sp-6-k,Fravega,OTRAS,Deportes y Fitness,Bicicleta Spinning Randers ARG-820SP 6 Kg,https://www.fravega.com/p/bicicleta-spinning-randers-arg-820sp-6-kg-990054591/,494006.0,215406.0,1,True
FRA-cinta-de-correr-caminadora-admiral-ad-fc,Fravega,OTRAS,Deportes y Fitness,Cinta de correr caminadora Admiral AD-FCC12 16 km/h,https://www.fravega.com/p/cinta-de-correr-caminadora-admiral-ad-fcc12-16-km-h-562289/,1199999.0,749999.0,1,True
FRA-bicicleta-fija-de-entrenamiento-philco-8,Fravega,PHILCO,Deportes y Fitness,Bicicleta Fija de Entrenamiento Philco 8 Niveles de Resistencia Disco 2kg,https://www.fravega.com/p/bicicleta-fija-de-entrenamiento-philco-8-niveles-de-resistencia-disco-2kg-990186086/,350899.0,202998.99,1,True
FRA-multigimnasio-admiral-ad-fmg45-45-kg-mul,Fravega,OTRAS,Deportes y Fitness,Multigimnasio Admiral AD-FMG45 45 kg multigym,https://www.fravega.com/p/multigimnasio-admiral-ad-fmg45-45-kg-multigym-562252/,729999.0,399999.0,1,True
FRA-gym-rack-randers-arg-154-multifuncion-99,Fravega,OTRAS,Deportes y Fitness,Gym Rack Randers ARG-154 Multifunción,https://www.fravega.com/p/gym-rack-randers-arg-154-multifuncion-990229225/,689505.0,327663.0,1,True
FRA-guantes-profesionales-para-mma-gfitness-,Fravega,OTRAS,Deportes y Fitness,Guantes Profesionales para MMA Gfitness,https://www.fravega.com/p/guantes-profesionales-para-mma-gfitness-22516793/,84264.0,55999.0,1,True
FRA-bicicleta-fija-energy-fit-shock-rider-sp,Fravega,OTRAS,Deportes y Fitness,Bicicleta Fija Energy Fit Shock Rider Spinning Con App Bluetooth,https://www.fravega.com/p/bicicleta-fija-energy-fit-shock-rider-spinning-con-app-bluetooth-22128586/,650000.0,450000.0,1,True
FRA-bicicleta-magnetica-vertical-te2455hp-se,Fravega,HP,Deportes y Fitness,Bicicleta Magnetica Vertical TE2455HP Semikon,https://www.fravega.com/p/bicicleta-magnetica-vertical-te2455hp-semikon-20111010/,584933.0,463267.0,1,True
FRA-creatina-monohidratada-star-nutrition-30,Fravega,OTRAS,Deportes y Fitness,Creatina Monohidratada Star Nutrition 300 Gr - Doypack,https://www.fravega.com/p/creatina-monohidratada-star-nutrition-300-gr-doypack-22631157/,39363.0,31490.0,1,True
FRA-barra-de-dominadas-trexa-tx-fd1-de-pared,Fravega,OTRAS,Deportes y Fitness,Barra de Dominadas Trexa TX-FD1 de pared,https://www.fravega.com/p/barra-de-dominadas-trexa-tx-fd1-de-pared-562059/,79999.0,44999.0,1,True
FRA-yoga-mat-trexa-tx-fym10g-10mm-gris-56210,Fravega,OTRAS,Deportes y Fitness,Yoga Mat Trexa TX-FYM10G 10mm Gris,https://www.fravega.com/p/yoga-mat-trexa-tx-fym10g-10mm-gris-562108/,29999.0,13999.0,1,True
FRA-bicicleta-spinning-fija-admiral-ad-fbs4-,Fravega,OTRAS,Deportes y Fitness,Bicicleta Spinning Fija Admiral AD-FBS4 4 kg,https://www.fravega.com/p/bicicleta-spinning-fija-admiral-ad-fbs4-4-kg-562179/,249999.0,179999.0,1,True
FRA-pedalera-de-ejercicios-trexa-tx-fpd1-562,Fravega,OTRAS,Deportes y Fitness,Pedalera de Ejercicios Trexa TX-FPD1,https://www.fravega.com/p/pedalera-de-ejercicios-trexa-tx-fpd1-562229/,129999.0,59999.0,1,True
FRA-bicicleta-mountain-bike-mtb-overtech-r29,Fravega,OTRAS,Deportes y Fitness,Bicicleta Mountain Bike Mtb Overtech R29 Q5 21v Freno A Disco Negro/Rojo/Blanco Talle M,https://www.fravega.com/p/bicicleta-mountain-bike-mtb-overtech-r29-q5-21v-freno-a-disco-negro-rojo-blanco-talle-m-21203782/,499999.0,246999.0,1,True
FRA-bicicleta-mountain-bike-slp-10-pro-rodad,Fravega,OTRAS,Deportes y Fitness,Bicicleta Mountain Bike SLP 10 Pro Rodado 29” T18 17192-NG11BA8RJ11T18,https://www.fravega.com/p/bicicleta-mountain-bike-slp-10-pro-rodado-29-t18-17192-ng11ba8rj11t18-562402/,599999.0,299999.0,1,True
FRA-bicicleta-spinning-fija-admiral-ad-fbs10,Fravega,OTRAS,Deportes y Fitness,Bicicleta Spinning Fija Admiral AD-FBS10 10 kg,https://www.fravega.com/p/bicicleta-spinning-fija-admiral-ad-fbs10-10-kg-562691/,599999.0,349999.0,1,True
FRA-maquina-de-remo-admiral-ad-fmr1-simulado,Fravega,OTRAS,Deportes y Fitness,Máquina de remo Admiral AD-FMR1 simulador,https://www.fravega.com/p/maquina-de-remo-admiral-ad-fmr1-simulador-562798/,599999.0,349999.0,1,True
FRA-pelota-de-futbol-nro-5-bolsa-deportiva-d,Fravega,OTRAS,Deportes y Fitness,Pelota de Fútbol Nro. 5 + Bolsa Deportiva de Regalo,https://www.fravega.com/p/pelota-de-futbol-nro-5-bolsa-deportiva-de-regalo-562128/,29999.0,9999.0,1,True
FRA-bicicleta-gross-mtb-rodado-29-mountain-b,Fravega,OTRAS,Deportes y Fitness,Bicicleta Gross MTB Rodado 29 Mountain Bike Aluminio 21v Cambios Shimano Gris Negro,https://www.fravega.com/p/bicicleta-gross-mtb-rodado-29-mountain-bike-aluminio-21v-cambios-shimano-gris-negro-562847/,599999.0,279999.0,1,True
FRA-bicicleta-mountain-bike-slp-5-pro-rodado,Fravega,OTRAS,Deportes y Fitness,Bicicleta Mountain Bike SLP 5 Pro Rodado 29” T18 VR7NG11VR8,https://www.fravega.com/p/bicicleta-mountain-bike-slp-5-pro-rodado-29-t18-vr7ng11vr8-562361/,499999.0,299999.0,1,True
FRA-banda-elastica-8-fitness-con-agarres-pro,Fravega,OTRAS,Deportes y Fitness,Banda Elastica 8 Fitness Con Agarres Proline GP-BANDA8FIT1-P,https://www.fravega.com/p/banda-elastica-8-fitness-con-agarres-proline-gp-banda8fit1-p-990243324/,17599.0,4998.97,1,True
FRA-inflador-compresor-portatil-inalambrico-,Fravega,PHILCO,Deportes y Fitness,Inflador Compresor Portatil Inalámbrico USB Philco Batería 150 PSI I151P,https://www.fravega.com/p/inflador-compresor-portatil-inalambrico-usb-philco-bateria-150-psi-i151p-990151014/,61599.0,44999.0,1,True
FRA-bicicleta-mountain-bike-slp-5-pro-rodado,Fravega,OTRAS,Deportes y Fitness,Bicicleta Mountain Bike SLP 5 Pro Rodado 29” T20 VR7NG11VR8,https://www.fravega.com/p/bicicleta-mountain-bike-slp-5-pro-rodado-29-t20-vr7ng11vr8-562447/,499999.0,299999.0,1,True
FRA-bicicleta-topmega-mtb-tigris-aluminio-r2,Fravega,OTRAS,Deportes y Fitness,Bicicleta TopMega MTB Tigris Aluminio R29 21VEL Gris Celeste Talle M 1011854,https://www.fravega.com/p/bicicleta-topmega-mtb-tigris-aluminio-r29-21vel-gris-celeste-talle-m-1011854-22613827/,592460.0,338776.0,1,True
FRA-bicicleta-mountain-bike-slp-5-pro-rodado,Fravega,OTRAS,Deportes y Fitness,Bicicleta Mountain Bike SLP 5 Pro Rodado 29” T18 NG8GI9BA6,https://www.fravega.com/p/bicicleta-mountain-bike-slp-5-pro-rodado-29-t18-ng8gi9ba6-562312/,499999.0,299999.0,1,True
FRA-bicicleta-mountain-bike-slp-10-pro-rodad,Fravega,OTRAS,Deportes y Fitness,Bicicleta Mountain Bike SLP 10 Pro Rodado 29” T20 17192-NG7BA7AA3T20,https://www.fravega.com/p/bicicleta-mountain-bike-slp-10-pro-rodado-29-t20-17192-ng7ba7aa3t20-562502/,599999.0,299999.0,1,True
FRA-pelota-de-futbol-reebok-vortex-nro-5-ggs,Fravega,OTRAS,Deportes y Fitness,Pelota de Futbol Reebok Vortex Nro.5 GGSS,https://www.fravega.com/p/pelota-de-futbol-reebok-vortex-nro-5-ggss--562730/,19999.0,13999.0,1,True
FRA-cinta-motorizada-randers-arg-308-10-km-h,Fravega,OTRAS,Deportes y Fitness,Cinta Motorizada Randers ARG-308 10 km/h,https://www.fravega.com/p/cinta-motorizada-randers-arg-308-10-km-h-990178860/,911928.0,451749.0,1,True
FRA-bicicleta-spinning-randers-arg-820sp-6-k,Fravega,OTRAS,Deportes y Fitness,Bicicleta Spinning Randers ARG-820SP 6 Kg,https://www.fravega.com/p/bicicleta-spinning-randers-arg-820sp-6-kg-990054591/,494006.0,215406.0,1,True
FRA-cinta-de-correr-caminadora-admiral-ad-fc,Fravega,OTRAS,Deportes y Fitness,Cinta de correr caminadora Admiral AD-FCC12 16 km/h,https://www.fravega.com/p/cinta-de-correr-caminadora-admiral-ad-fcc12-16-km-h-562289/,1199999.0,749999.0,1,True
FRA-bicicleta-fija-de-entrenamiento-philco-8,Fravega,PHILCO,Deportes y Fitness,Bicicleta Fija de Entrenamiento Philco 8 Niveles de Resistencia Disco 2kg,https://www.fravega.com/p/bicicleta-fija-de-entrenamiento-philco-8-niveles-de-resistencia-disco-2kg-990186086/,350899.0,202998.99,1,True
FRA-multigimnasio-admiral-ad-fmg45-45-kg-mul,Fravega,OTRAS,Deportes y Fitness,Multigimnasio Admiral AD-FMG45 45 kg multigym,https://www.fravega.com/p/multigimnasio-admiral-ad-fmg45-45-kg-multigym-562252/,729999.0,399999.0,1,True
FRA-gym-rack-randers-arg-154-multifuncion-99,Fravega,OTRAS,Deportes y Fitness,Gym Rack Randers ARG-154 Multifunción,https://www.fravega.com/p/gym-rack-randers-arg-154-multifuncion-990229225/,689505.0,327663.0,1,True
FRA-guantes-profesionales-para-mma-gfitness-,Fravega,OTRAS,Deportes y Fitness,Guantes Profesionales para MMA Gfitness,https://www.fravega.com/p/guantes-profesionales-para-mma-gfitness-22516793/,84264.0,55999.0,1,True
FRA-bicicleta-fija-energy-fit-shock-rider-sp,Fravega,OTRAS,Deportes y Fitness,Bicicleta Fija Energy Fit Shock Rider Spinning Con App Bluetooth,https://www.fravega.com/p/bicicleta-fija-energy-fit-shock-rider-spinning-con-app-bluetooth-22128586/,650000.0,450000.0,1,True
FRA-bicicleta-magnetica-vertical-te2455hp-se,Fravega,HP,Deportes y Fitness,Bicicleta Magnetica Vertical TE2455HP Semikon,https://www.fravega.com/p/bicicleta-magnetica-vertical-te2455hp-semikon-20111010/,584933.0,463267.0,1,True
FRA-creatina-monohidratada-star-nutrition-30,Fravega,OTRAS,Deportes y Fitness,Creatina Monohidratada Star Nutrition 300 Gr - Doypack,https://www.fravega.com/p/creatina-monohidratada-star-nutrition-300-gr-doypack-22631157/,39363.0,31490.0,1,True
FRA-barra-de-dominadas-trexa-tx-fd1-de-pared,Fravega,OTRAS,Deportes y Fitness,Barra de Dominadas Trexa TX-FD1 de pared,https://www.fravega.com/p/barra-de-dominadas-trexa-tx-fd1-de-pared-562059/,79999.0,44999.0,1,True
FRA-yoga-mat-trexa-tx-fym10g-10mm-gris-56210,Fravega,OTRAS,Deportes y Fitness,Yoga Mat Trexa TX-FYM10G 10mm Gris,https://www.fravega.com/p/yoga-mat-trexa-tx-fym10g-10mm-gris-562108/,29999.0,13999.0,1,True
FRA-bicicleta-spinning-fija-admiral-ad-fbs4-,Fravega,OTRAS,Deportes y Fitness,Bicicleta Spinning Fija Admiral AD-FBS4 4 kg,https://www.fravega.com/p/bicicleta-spinning-fija-admiral-ad-fbs4-4-kg-562179/,249999.0,179999.0,1,True
FRA-pedalera-de-ejercicios-trexa-tx-fpd1-562,Fravega,OTRAS,Deportes y Fitness,Pedalera de Ejercicios Trexa TX-FPD1,https://www.fravega.com/p/pedalera-de-ejercicios-trexa-tx-fpd1-562229/,129999.0,59999.0,1,True
FRA-monopatin-electrico-therbuss-250w-25km-h,Fravega,OTRAS,Deportes y Fitness,Monopatin Eléctrico Therbuss 250w 25km/h Scooter R32,https://www.fravega.com/p/monopatin-electrico-therbuss-250w-25km-h-scooter-r32-562469/,999999.0,599999.0,1,True
FRA-bicicleta-mtb-overtech-r29-q3-con-suspen,Fravega,OTRAS,Deportes y Fitness,Bicicleta Mtb Overtech R29 Q3 Con Suspensión Tamaño Del Cuadro M Negro/azul/blanco,https://www.fravega.com/p/bicicleta-mtb-overtech-r29-q3-con-suspension-tamano-del-cuadro-m-negro-azul-blanco-22104459/,449999.0,225999.0,1,True
FRA-bicicleta-nordic-x1-0-mountain-bike-roda,Fravega,OTRAS,Deportes y Fitness,Bicicleta Nordic x1.0 Mountain Bike Rodado 29 Talle 18 Blanco Rojo Negro Shimano,https://www.fravega.com/p/bicicleta-nordic-x1-0-mountain-bike-rodado-29-talle-18-blanco-rojo-negro-shimano-562849/,499999.0,249999.0,1,True
FRA-bicicleta-nordic-x1-0-mountain-bike-roda,Fravega,OTRAS,Deportes y Fitness,Bicicleta Nordic x1.0 Mountain Bike Rodado 29 Talle 20 Celeste Blanco Azul Shimano,https://www.fravega.com/p/bicicleta-nordic-x1-0-mountain-bike-rodado-29-talle-20-celeste-blanco-azul-shimano-562854/,499999.0,199999.0,1,True
FRA-bicicleta-mountain-bike-slp-25-pro-lady-,Fravega,OTRAS,Deportes y Fitness,Bicicleta Mountain Bike SLP 25 PRO Lady Rodado 29 T18,https://www.fravega.com/p/bicicleta-mountain-bike-slp-25-pro-lady-rodado-29-t18-562633/,699999.0,399999.0,1,True
FRA-set-x3-de-bandas-elasticas-de-latex-gp-b,Fravega,OTRAS,Deportes y Fitness,Set x3 De Bandas Elasticas De Latex GP-BANDASETX3-2-P,https://www.fravega.com/p/set-x3-de-bandas-elasticas-de-latex-gp-bandasetx3-2-p-990243319/,20899.0,7999.0,1,True
FRA-bicicleta-nordic-x1-0-mountain-bike-roda,Fravega,OTRAS,Deportes y Fitness,Bicicleta Nordic x1.0 Mountain Bike Rodado 29 Talle 20 Celeste Gris Amarillo Shimano,https://www.fravega.com/p/bicicleta-nordic-x1-0-mountain-bike-rodado-29-talle-20-celeste-gris-amarillo-shimano-562852/,499999.0,199999.0,1,True
FRA-rollers-profesionales-negros-gadnic-rl01,Fravega,OTRAS,Deportes y Fitness,Rollers Profesionales Negros Gadnic RL01 Plus Aluminio Extensible Ruedas PU - Talle L,https://www.fravega.com/p/rollers-profesionales-negros-gadnic-rl01-plus-aluminio-extensible-ruedas-pu-talle-l-20105486/,106599.0,81999.0,1,True
FRA-bicicleta-mountain-bike-nordic-x2-0-roda,Fravega,OTRAS,Deportes y Fitness,Bicicleta Mountain Bike Nordic X2.0 Rodado 29 T18,https://www.fravega.com/p/bicicleta-mountain-bike-nordic-x2-0-rodado-29-t18-562980/,599999.0,269999.0,1,True
FRA-bicicleta-mountain-bike-slp-5-pro-rodado,Fravega,OTRAS,Deportes y Fitness,Bicicleta Mountain Bike SLP 5 Pro Rodado 29” T18 NG7VR4VR5,https://www.fravega.com/p/bicicleta-mountain-bike-slp-5-pro-rodado-29-t18-ng7vr4vr5-562287/,499999.0,339999.0,1,True
FRA-bicicleta-mtb-overtech-r29-q3-con-suspen,Fravega,OTRAS,Deportes y Fitness,Bicicleta Mtb Overtech R29 Q3 Con Suspensión Tamaño Del Cuadro L Negro/naranja/blanco,https://www.fravega.com/p/bicicleta-mtb-overtech-r29-q3-con-suspension-tamano-del-cuadro-l-negro-naranja-blanco-22104540/,449999.0,225999.0,1,True
FRA-kit-mancuernas-cromadas-a-rosca-20-kg-4-,Fravega,OTRAS,Deportes y Fitness,Kit Mancuernas Cromadas A Rosca + 20 Kg En 4 Discos De 2.5 Kg Y 8 Discos De 1.25 Kg,https://www.fravega.com/p/kit-mancuernas-cromadas-a-rosca-20-kg-4-discos-de-2-5-kg-y-8-discos-de-1-25-kg-22624933/,80000.0,65000.0,1,True
FRA-bicicleta-nordic-x1-0-mountain-bike-roda,Fravega,OTRAS,Deportes y Fitness,Bicicleta Nordic x1.0 Mountain Bike Rodado 29 Talle 20 Negro Dorado Rojo Shimano,https://www.fravega.com/p/bicicleta-nordic-x1-0-mountain-bike-rodado-29-talle-20-negro-dorado-rojo-shimano-562868/,499999.0,249999.0,1,True
FRA-set-de-entrenamiento-trexa-tx-fse1-flexi,Fravega,OTRAS,Deportes y Fitness,"Set de entrenamiento Trexa TX-FSE1 Flexiones, Banda y Soga",https://www.fravega.com/p/set-de-entrenamiento-trexa-tx-fse1-flexiones-banda-y-soga-562231/,39999.0,19999.0,1,True
FRA-pelota-de-futbol-reebok-vortex-nro-5-ggs,Fravega,OTRAS,Deportes y Fitness,Pelota de Futbol Reebok Vortex Nro.5 GGSS,https://www.fravega.com/p/pelota-de-futbol-reebok-vortex-nro-5-ggss--562730/,19999.0,13999.0,1,True
FRA-cinta-motorizada-randers-arg-308-10-km-h,Fravega,OTRAS,Deportes y Fitness,Cinta Motorizada Randers ARG-308 10 km/h,https://www.fravega.com/p/cinta-motorizada-randers-arg-308-10-km-h-990178860/,911928.0,451749.0,1,True
FRA-bicicleta-spinning-randers-arg-820sp-6-k,Fravega,OTRAS,Deportes y Fitness,Bicicleta Spinning Randers ARG-820SP 6 Kg,https://www.fravega.com/p/bicicleta-spinning-randers-arg-820sp-6-kg-990054591/,494006.0,215406.0,1,True
FRA-cinta-de-correr-caminadora-admiral-ad-fc,Fravega,OTRAS,Deportes y Fitness,Cinta de correr caminadora Admiral AD-FCC12 16 km/h,https://www.fravega.com/p/cinta-de-correr-caminadora-admiral-ad-fcc12-16-km-h-562289/,1199999.0,749999.0,1,True
FRA-bicicleta-fija-de-entrenamiento-philco-8,Fravega,PHILCO,Deportes y Fitness,Bicicleta Fija de Entrenamiento Philco 8 Niveles de Resistencia Disco 2kg,https://www.fravega.com/p/bicicleta-fija-de-entrenamiento-philco-8-niveles-de-resistencia-disco-2kg-990186086/,350899.0,202998.99,1,True
FRA-multigimnasio-admiral-ad-fmg45-45-kg-mul,Fravega,OTRAS,Deportes y Fitness,Multigimnasio Admiral AD-FMG45 45 kg multigym,https://www.fravega.com/p/multigimnasio-admiral-ad-fmg45-45-kg-multigym-562252/,729999.0,399999.0,1,True
FRA-gym-rack-randers-arg-154-multifuncion-99,Fravega,OTRAS,Deportes y Fitness,Gym Rack Randers ARG-154 Multifunción,https://www.fravega.com/p/gym-rack-randers-arg-154-multifuncion-990229225/,689505.0,327663.0,1,True
FRA-guantes-profesionales-para-mma-gfitness-,Fravega,OTRAS,Deportes y Fitness,Guantes Profesionales para MMA Gfitness,https://www.fravega.com/p/guantes-profesionales-para-mma-gfitness-22516793/,84264.0,55999.0,1,True
FRA-bicicleta-fija-energy-fit-shock-rider-sp,Fravega,OTRAS,Deportes y Fitness,Bicicleta Fija Energy Fit Shock Rider Spinning Con App Bluetooth,https://www.fravega.com/p/bicicleta-fija-energy-fit-shock-rider-spinning-con-app-bluetooth-22128586/,650000.0,450000.0,1,True
FRA-bicicleta-magnetica-vertical-te2455hp-se,Fravega,HP,Deportes y Fitness,Bicicleta Magnetica Vertical TE2455HP Semikon,https://www.fravega.com/p/bicicleta-magnetica-vertical-te2455hp-semikon-20111010/,584933.0,463267.0,1,True
FRA-creatina-monohidratada-star-nutrition-30,Fravega,OTRAS,Deportes y Fitness,Creatina Monohidratada Star Nutrition 300 Gr - Doypack,https://www.fravega.com/p/creatina-monohidratada-star-nutrition-300-gr-doypack-22631157/,39363.0,31490.0,1,True
FRA-barra-de-dominadas-trexa-tx-fd1-de-pared,Fravega,OTRAS,Deportes y Fitness,Barra de Dominadas Trexa TX-FD1 de pared,https://www.fravega.com/p/barra-de-dominadas-trexa-tx-fd1-de-pared-562059/,79999.0,44999.0,1,True
FRA-yoga-mat-trexa-tx-fym10g-10mm-gris-56210,Fravega,OTRAS,Deportes y Fitness,Yoga Mat Trexa TX-FYM10G 10mm Gris,https://www.fravega.com/p/yoga-mat-trexa-tx-fym10g-10mm-gris-562108/,29999.0,13999.0,1,True
FRA-bicicleta-spinning-fija-admiral-ad-fbs4-,Fravega,OTRAS,Deportes y Fitness,Bicicleta Spinning Fija Admiral AD-FBS4 4 kg,https://www.fravega.com/p/bicicleta-spinning-fija-admiral-ad-fbs4-4-kg-562179/,249999.0,179999.0,1,True
FRA-pedalera-de-ejercicios-trexa-tx-fpd1-562,Fravega,OTRAS,Deportes y Fitness,Pedalera de Ejercicios Trexa TX-FPD1,https://www.fravega.com/p/pedalera-de-ejercicios-trexa-tx-fpd1-562229/,129999.0,59999.0,1,True
FRA-soga-de-salto-pro-fitness-proline-gp-sog,Fravega,OTRAS,Deportes y Fitness,Soga De Salto PRO Fitness Proline GP-SOGALAUM1-P,https://www.fravega.com/p/soga-de-salto-pro-fitness-proline-gp-sogalaum1-p-990243308/,24199.0,11999.0,1,True
FRA-multigimnasio-65kg-randers-arg-63150-990,Fravega,OTRAS,Deportes y Fitness,Multigimnasio 65Kg Randers ARG-63150,https://www.fravega.com/p/multigimnasio-65kg-randers-arg-63150-990276833/,1592147.0,765320.0,1,True
FRA-bicicleta-mountain-bike-nordic-x2-0-roda,Fravega,OTRAS,Deportes y Fitness,Bicicleta Mountain Bike Nordic X2.0 Rodado 29 T18,https://www.fravega.com/p/bicicleta-mountain-bike-nordic-x2-0-rodado-29-t18-562983/,599999.0,249999.0,1,True
FRA-bicicleta-mountain-bike-slp-10-pro-rodad,Fravega,OTRAS,Deportes y Fitness,Bicicleta Mountain Bike SLP 10 Pro Rodado 29” T21 17192-NG7BA7AA3T21,https://www.fravega.com/p/bicicleta-mountain-bike-slp-10-pro-rodado-29-t21-17192-ng7ba7aa3t21-562571/,499999.0,299999.0,1,True
FRA-pelota-de-voley-n5-proline-gb-xlvb-5v-99,Fravega,OTRAS,Deportes y Fitness,Pelota De Voley N°5 Proline GB-XLVB-5V,https://www.fravega.com/p/pelota-de-voley-n5-proline-gb-xlvb-5v-990244437/,19799.0,10999.0,1,True
FRA-bicicleta-mountain-bike-slp-5-pro-r29-t2,Fravega,OTRAS,Deportes y Fitness,Bicicleta Mountain Bike SLP 5 PRO R29 T20 CELESTE NEGRO,https://www.fravega.com/p/bicicleta-mountain-bike-slp-5-pro-r29-t20-celeste-negro--562535/,499999.0,299999.0,1,True
FRA-bicicleta-mountain-bike-slp-5-pro-rodado,Fravega,OTRAS,Deportes y Fitness,Bicicleta Mountain Bike SLP 5 Pro Rodado 29” T20 BA5NG7RJ8,https://www.fravega.com/p/bicicleta-mountain-bike-slp-5-pro-rodado-29-t20-ba5ng7rj8-562375/,499999.0,279999.0,1,True
FRA-bicicleta-fija-minibike-arg-115-randers-,Fravega,OTRAS,Deportes y Fitness,Bicicleta Fija Minibike ARG-115 Randers Consola Digital,https://www.fravega.com/p/bicicleta-fija-minibike-arg-115-randers-consola-digital-990178854/,106316.0,60751.0,1,True
FRA-cinta-para-correr-14-km-h-3-0-hpp-con-in,Fravega,HP,Deportes y Fitness,Cinta para correr 14 km/h (3.0 hpp) con inclinación GC-266 CARDIO PLUS,https://www.fravega.com/p/cinta-para-correr-14-km-h-3-0-hpp-con-inclinacion-gc-266-cardio-plus-22626893/,1327834.0,735900.0,1,True
FRA-colchoneta-mat-yoga-ranbak-732-gris-nbr-,Fravega,OTRAS,Deportes y Fitness,Colchoneta Mat Yoga Ranbak 732 Gris NBR 1800x600x10mm con Bolso,https://www.fravega.com/p/colchoneta-mat-yoga-ranbak-732-gris-nbr-1800x600x10mm-con-bolso-20001818/,68700.0,36000.0,1,True
FRA-bicicleta-mtb-totem-by-topmega-r29-21v-s,Fravega,OTRAS,Deportes y Fitness,Bicicleta Mtb Totem By Topmega R29 21v Shimano Negro/Blanco Talle M 1007664,https://www.fravega.com/p/bicicleta-mtb-totem-by-topmega-r29-21v-shimano-negro-blanco-talle-m-1007664-20354931/,507825.0,362975.0,1,True
FRA-bicicleta-topmega-mtb-regal-r29-21-v-shi,Fravega,OTRAS,Deportes y Fitness,Bicicleta Topmega MTB Regal R29 21 v Shimano Negro/Fucsia/Naranja Talle M 1007978,https://www.fravega.com/p/bicicleta-topmega-mtb-regal-r29-21-v-shimano-negro-fucsia-naranja-talle-m-1007978-20470505/,701280.0,467834.0,1,True
FRA-soga-crossfit-funcional-gadnic-pro-alumi,Fravega,ACER,Deportes y Fitness,Soga Crossfit Funcional Gadnic Pro Aluminio Rulemanes Cable Acero 3mts,https://www.fravega.com/p/soga-crossfit-funcional-gadnic-pro-aluminio-rulemanes-cable-acero-3mts-990072305/,45954.0,35349.0,1,True
FRA-guantes-tacticos-gadnic-touchscreen-cicl,Fravega,OTRAS,Deportes y Fitness,Guantes Tácticos Gadnic Touchscreen Ciclismo Moto - Talle L,https://www.fravega.com/p/guantes-tacticos-gadnic-touchscreen-ciclismo-moto-talle-l-990164390/,16964.0,13049.0,1,True
FRA-guantes-tacticos-gadnic-touchscreen-cicl,Fravega,OTRAS,Deportes y Fitness,Guantes Tacticos Gadnic Touchscreen Ciclismo Moto - Talle M,https://www.fravega.com/p/guantes-tacticos-gadnic-touchscreen-ciclismo-moto-talle-m-990164428/,16964.0,13049.0,1,True
FRA-secador-de-pelo-remington-cabello-cerami,Fravega,REMINGTON,Belleza y Cuidado Personal,Secador de Pelo Remington Cabello Ceramica Linea Profesional,https://www.fravega.com/p/secador-de-pelo-remington-cabello-ceramica-linea-profesional-990020915/,58789.0,39989.99,1,True
FRA-planchita-de-pelo-ga-ma-elegance-bella-t,Fravega,OTRAS,Belleza y Cuidado Personal,Planchita de Pelo GA.MA Elegance Bella Tourmaline ION 230°C,https://www.fravega.com/p/planchita-de-pelo-ga-ma-elegance-bella-tourmaline-ion-230-c-13040/,69999.0,42999.0,1,True
FRA-depiladora-ipl-philips-lumea-prestige-br,Fravega,PHILIPS,Belleza y Cuidado Personal,Depiladora IPL Philips Lumea Prestige BRI947/30,https://www.fravega.com/p/depiladora-ipl-philips-lumea-prestige-bri947-30-13275/,959999.0,599999.0,1,True
FRA-secador-remington-d3015-power-volumen-20,Fravega,REMINGTON,Belleza y Cuidado Personal,Secador Remington D3015 Power Volumen 2000,https://www.fravega.com/p/secador-remington-d3015-power-volumen-2000-12426/,59999.0,39999.0,1,True
FRA-planchita-de-pelo-ga-ma-3d-titanium-blue,Fravega,OTRAS,Belleza y Cuidado Personal,Planchita de Pelo GA.MA 3D Titanium Blue,https://www.fravega.com/p/planchita-de-pelo-ga-ma-3d-titanium-blue-13257/,109999.0,81999.0,1,True
FRA-depiladora-electrica-philips-bre227-00-1,Fravega,PHILIPS,Belleza y Cuidado Personal,Depiladora Eléctrica Philips BRE227/00,https://www.fravega.com/p/depiladora-electrica-philips-bre227-00-14404/,72999.0,53999.0,1,True
FRA-depiladora-facial-3-1-multifuncional-rec,Fravega,OTRAS,Belleza y Cuidado Personal,Depiladora Facial 3 en 1 Multifuncional Recargable Usb Ceja Nariz Rostro,https://www.fravega.com/p/depiladora-facial-3-1-multifuncional-recargable-usb-ceja-nariz-rostro-22490115/,19999.0,14999.0,1,True
FRA-secador-de-pelo-ga-ma-diamond-ceramic-12,Fravega,OTRAS,Belleza y Cuidado Personal,Secador de Pelo GA.MA Diamond Ceramic,https://www.fravega.com/p/secador-de-pelo-ga-ma-diamond-ceramic-12982/,89999.0,57999.0,1,True
FRA-planchita-de-pelo-admiral-ad-pl001-ceram,Fravega,OTRAS,Belleza y Cuidado Personal,Planchita de Pelo Admiral AD-PL001 Ceramic 230,https://www.fravega.com/p/planchita-de-pelo-admiral-ad-pl001-ceramic-230-14214/,39999.0,14999.0,1,True
FRA-depiladora-philips-bre712-00-13213,Fravega,PHILIPS,Belleza y Cuidado Personal,Depiladora Philips BRE712-00,https://www.fravega.com/p/depiladora-philips-bre712-00-13213/,153999.0,114999.0,1,True
FRA-secador-de-pelo-profesional-remington-si,Fravega,REMINGTON,Belleza y Cuidado Personal,Secador de Pelo Profesional Remington Silk AC9096 2400W,https://www.fravega.com/p/secador-de-pelo-profesional-remington-silk-ac9096-2400w-11933/,104999.0,73999.0,1,True
FRA-planchita-de-pelo-atma-tourmaline-pl8832,Fravega,ATMA,Belleza y Cuidado Personal,Planchita de Pelo Atma Tourmaline PL8832N,https://www.fravega.com/p/planchita-de-pelo-atma-tourmaline-pl8832n-13409/,49999.0,21999.0,1,True
FRA-depiladora-philips-bre700-00-13245,Fravega,PHILIPS,Belleza y Cuidado Personal,Depiladora Philips BRE700-00,https://www.fravega.com/p/depiladora-philips-bre700-00-13245/,147999.0,99999.0,1,True
FRA-secador-de-pelo-revlon-rvdr773la2av1-140,Fravega,OTRAS,Belleza y Cuidado Personal,Secador de Pelo Revlon RVDR773LA2AV1,https://www.fravega.com/p/secador-de-pelo-revlon-rvdr773la2av1-14060/,59999.0,34999.0,1,True
FRA-plancha-alisadora-remington-s27a-wet2str,Fravega,REMINGTON,Belleza y Cuidado Personal,Plancha Alisadora Remington S27a Wet2straight Humedo Seco,https://www.fravega.com/p/plancha-alisadora-remington-s27a-wet2straight-humedo-seco-990042841/,73489.0,56990.0,1,True
FRA-depiladora-trimmer-nariz-oidos-y-cejas-e,Fravega,OTRAS,Belleza y Cuidado Personal,Depiladora Trimmer Nariz Oidos Y Cejas Enchen En006 10000Rpm,https://www.fravega.com/p/depiladora-trimmer-nariz-oidos-y-cejas-enchen-en006-10000rpm-990274952/,10999.0,6390.01,1,True
FRA-secador-de-pelo-gama-breeze-2100w-negro-,Fravega,GAMA,Belleza y Cuidado Personal,Secador de Pelo GAMA Breeze 2100W Negro,https://www.fravega.com/p/secador-de-pelo-gama-breeze-2100w-negro-14626/,69999.0,49999.0,1,True
FRA-planchita-de-pelo-remington-wet2straight,Fravega,REMINGTON,Belleza y Cuidado Personal,Planchita de Pelo Remington Wet2Straight S27A,https://www.fravega.com/p/planchita-de-pelo-remington-wet2straight-s27a-14242/,79999.0,59999.0,1,True
FRA-afeitadora-philips-s1881-00-serie-1000-u,Fravega,PHILIPS,Belleza y Cuidado Personal,Afeitadora Philips S1881/00 Serie 1000 uso en Húmedo y Seco,https://www.fravega.com/p/afeitadora-philips-s1881-00-serie-1000-uso-humedo-y-seco-30625/,81999.0,41999.0,1,True
FRA-repuesto-cuchillas-x2-para-cortabarba-ph,Fravega,PHILIPS,Belleza y Cuidado Personal,Repuesto Cuchillas x2 para Cortabarba Philips OneBlade,https://www.fravega.com/p/repuesto-cuchillas-x2-para-cortabarba-philips-oneblade-30460/,31499.0,27499.0,1,True
FRA-afeitadora-electrica-inalambrica-philco-,Fravega,PHILCO,Belleza y Cuidado Personal,Afeitadora Eléctrica Inalámbrica Philco AE5105,https://www.fravega.com/p/afeitadora-electrica-inalambrica-philco-ae5105-30464/,54999.0,30999.0,1,True
FRA-afeitadora-blade-x--22155845,Fravega,OTRAS,Belleza y Cuidado Personal,AFEITADORA BLADE X,https://www.fravega.com/p/afeitadora-blade-x--22155845/,50995.0,30999.0,1,True
FRA-afeitadora-philips-serie-5000-x5012-05-3,Fravega,PHILIPS,Belleza y Cuidado Personal,Afeitadora Philips Serie 5000 X5012/05,https://www.fravega.com/p/afeitadora-philips-serie-5000-x5012-05-30374/,139999.0,105999.0,1,True
FRA-afeitadora-philco-ae5205pp-lithium-plus-,Fravega,PHILCO,Belleza y Cuidado Personal,Afeitadora Philco Ae5205pp Lithium Plus Wet & Dry 360°,https://www.fravega.com/p/afeitadora-philco-ae5205pp-lithium-plus-wet--dry-360-20291686/,65999.0,59999.0,1,True
FRA-razor-body-pro-bacan-by-mantra-afeitador,Fravega,OTRAS,Belleza y Cuidado Personal,Razor Body Pro Bacan By Mantra Afeitadora Zonas Intimas Men,https://www.fravega.com/p/razor-body-pro-bacan-by-mantra-afeitadora-zonas-intimas-men-22301719/,152990.0,102503.0,1,True
FRA-recortadora-afeitar-cejas-barba-vk-4803-,Fravega,OTRAS,Belleza y Cuidado Personal,Recortadora Afeitar Cejas Barba Vk-4803 Ultracomb  3 en 1,https://www.fravega.com/p/recortadora-afeitar-cejas-barba-vk-4803-ultracomb-3-1-990275803/,19379.83,8739.26,1,True
FRA-afeitadora-corporal-bacan-by-mantra-razo,Fravega,OTRAS,Belleza y Cuidado Personal,Afeitadora Corporal Bacan by Mantra Razor Body Black,https://www.fravega.com/p/afeitadora-corporal-bacan-by-mantra-razor-body-black-20076122/,109990.0,73693.0,1,True
FRA-maquina-de-corte-digital-usb-vintage-t-9,Fravega,OTRAS,Belleza y Cuidado Personal,Maquina de corte Digital Usb Vintage T 9 Inalámbrica,https://www.fravega.com/p/maquina-de-corte-digital-usb-vintage-t-9-inalambrica--21193184/,40000.0,20900.0,1,True
FRA-afeitadora-philco-turbo-ae5305-30319,Fravega,PHILCO,Belleza y Cuidado Personal,Afeitadora Philco Turbo AE5305,https://www.fravega.com/p/afeitadora-philco-turbo-ae5305-30319/,74999.0,49999.0,1,True
FRA-afeitadora-y-recortadora-ultracomb-led-6,Fravega,OTRAS,Belleza y Cuidado Personal,Afeitadora Y Recortadora Ultracomb Led 6 Cabezales Bk4918,https://www.fravega.com/p/afeitadora-y-recortadora-ultracomb-led-6-cabezales-bk4918-990275801/,58309.83,27615.38,1,True
FRA-afeitadora-kemei-km-1102-negra-22508218,Fravega,OTRAS,Belleza y Cuidado Personal,Afeitadora Kemei Km-1102 Negra,https://www.fravega.com/p/afeitadora-kemei-km-1102-negra-22508218/,35999.0,31999.0,1,True
FRA-afeitadora-y-cortadora-de-pelo-5-1-gadni,Fravega,OTRAS,Belleza y Cuidado Personal,Afeitadora y Cortadora de Pelo 5 en 1 Gadnic,https://www.fravega.com/p/afeitadora-y-cortadora-de-pelo-5-1-gadnic-990072104/,63439.0,48799.0,1,True
FRA-afeitadora-gama-g-blade-usb-wetdry-21232,Fravega,GAMA,Belleza y Cuidado Personal,Afeitadora Gama G-blade Usb Wet&dry,https://www.fravega.com/p/afeitadora-gama-g-blade-usb-wetdry-21232992/,43679.0,33000.0,1,True
FRA-afeitadora-gama-italy-se2301-silver-6-1-,Fravega,GAMA,Belleza y Cuidado Personal,Afeitadora Gama Italy Se2301 Silver 6 En 1 Trimmer Multiuso Cortadora De Cabello Y Nariz,https://www.fravega.com/p/afeitadora-gama-italy-se2301-silver-6-1-trimmer-multiuso-cortadora-de-cabello-y-nariz-21961111/,48899.0,39099.0,1,True
FRA-philips-norelco-recortadora-de-nariz-300,Fravega,PHILIPS,Belleza y Cuidado Personal,"Philips Norelco Recortadora de nariz 3000, para",https://www.fravega.com/p/philips-norelco-recortadora-de-nariz-3000-para-22671043/,63800.0,54230.0,1,True
FRA-trimmer-nariz-oido-remington-ne3200-seco,Fravega,REMINGTON,Belleza y Cuidado Personal,Trimmer Nariz Oido Remington Ne3200 En Seco O Humedo A Pila,https://www.fravega.com/p/trimmer-nariz-oido-remington-ne3200-seco-o-humedo-a-pila-990017664/,23489.0,16589.99,1,True
FRA-rasuradora-inalambrica-cabeza-y-rostro-m,Fravega,OTRAS,Belleza y Cuidado Personal,Rasuradora inalámbrica cabeza y rostro Maxilisse Head Shaver,https://www.fravega.com/p/rasuradora-inalambrica-cabeza-y-rostro-maxilisse-head-shaver-990276181/,164900.0,119900.0,1,True
FRA-perfume-liquid-brun-french-avenue-100ml-,Fravega,OTRAS,Belleza y Cuidado Personal,Perfume Liquid Brun French Avenue 100ml Edp Arabe,https://www.fravega.com/p/perfume-liquid-brun-french-avenue-100ml-edp-arabe-22599035/,137999.0,103499.0,1,True
FRA-minoxidil-espuma-kirkland-signature-2-11,Fravega,OTRAS,Belleza y Cuidado Personal,"Minoxidil en espuma Kirkland Signature, 2.11",https://www.fravega.com/p/minoxidil-espuma-kirkland-signature-2-11-22707430/,192850.0,154280.0,1,True
FRA-montale-arabians-tonka-eau-de-parfum-3-4,Fravega,OTRAS,Belleza y Cuidado Personal,Montale Arabians Tonka Eau De Parfum 3.4 Onzas,https://www.fravega.com/p/montale-arabians-tonka-eau-de-parfum-3-4-onzas-22597445/,648150.0,421298.0,1,True
FRA-la-puissance-royal-elixir-kit-completo-c,Fravega,OTRAS,Belleza y Cuidado Personal,La Puissance Royal Elixir Kit Completo Cabellos Rubios,https://www.fravega.com/p/la-puissance-royal-elixir-kit-completo-cabellos-rubios-21216783/,111200.0,50600.0,1,True
FRA-tom-ford-perdida-cereza-eau-de-parfum-sp,Fravega,OTRAS,Belleza y Cuidado Personal,Tom Ford Perdida Cereza Eau De Parfum Spray 1.7 Oz,https://www.fravega.com/p/tom-ford-perdida-cereza-eau-de-parfum-spray-1-7-oz-22571462/,991800.0,843030.0,1,True
FRA-perfume-lattafa-asad-bourbon-eau-de-parf,Fravega,OTRAS,Belleza y Cuidado Personal,"Perfume Lattafa Asad Bourbon Eau de Parfum para unisex, 100 ml",https://www.fravega.com/p/perfume-lattafa-asad-bourbon-eau-de-parfum-para-unisex-100-ml-22708628/,88899.0,78231.12,1,True
FRA-champu-kerastase-specifique-bain-divalen,Fravega,OTRAS,Belleza y Cuidado Personal,Champú Kerastase Specifique Bain Divalent 1000 ml unisex,https://www.fravega.com/p/champu-kerastase-specifique-bain-divalent-1000-ml-unisex-22772693/,247967.0,208292.28,1,True
FRA-perfume-lattafa-asad-eau-de-parfum-100-m,Fravega,OTRAS,Belleza y Cuidado Personal,Perfume Lattafa Asad Eau de Parfum 100 ml Unisex,https://www.fravega.com/p/perfume-lattafa-asad-eau-de-parfum-100-ml-unisex-22079850/,87874.0,77329.12,1,True
FRA-texture-dust-polvo-texturizador-mate-dus,Fravega,OTRAS,Belleza y Cuidado Personal,Texture Dust Polvo Texturizador Mate Dust It Volumen 10 Gr,https://www.fravega.com/p/texture-dust-polvo-texturizador-mate-dust-it-volumen-10-gr-22127191/,12999.0,10999.0,1,True
FRA-perfume-viktorrolf-spicebomb-extreme-90-,Fravega,OTRAS,Belleza y Cuidado Personal,"Perfume Viktor&Rolf Spicebomb Extreme, 90 ml",https://www.fravega.com/p/perfume-viktorrolf-spicebomb-extreme-90-ml-22495618/,253053.0,222686.64,1,True
FRA-la-puissance-extra-cell-plex-paso-1-2-3-,Fravega,OTRAS,Belleza y Cuidado Personal,La Puissance Extra Cell Plex Paso 1 2 3 Pelo Dañado,https://www.fravega.com/p/la-puissance-extra-cell-plex-paso-1-2-3-pelo-danado--21216781/,101790.0,86760.0,1,True
FRA-perfume-dolce--gabbana-intenso-eau-de-pa,Fravega,OTRAS,Belleza y Cuidado Personal,Perfume Dolce & Gabbana Intenso Eau De Parfum 200 ml para hombre,https://www.fravega.com/p/perfume-dolce--gabbana-intenso-eau-de-parfum-200-ml-para-hombre-22656391/,229206.0,189426.45,1,True
FRA-mascarilla-capilar-k18-leave-molecular-r,Fravega,OTRAS,Belleza y Cuidado Personal,Mascarilla capilar K18 Leave-In Molecular Repair 50 ml,https://www.fravega.com/p/mascarilla-capilar-k18-leave-molecular-repair-50-ml-22826775/,150329.0,126276.36,1,True
FRA-perfume-issey-miyake-nuit-d-issey-eau-de,Fravega,OTRAS,Belleza y Cuidado Personal,Perfume Issey Miyake Nuit d'Issey Eau de Toilette 125 ml para,https://www.fravega.com/p/perfume-issey-miyake-nuit-d-issey-eau-de-toilette-125-ml-para-22656175/,173214.0,152428.32,1,True
FRA-lola-morte-subita-spray-reparacion-total,Fravega,OTRAS,Belleza y Cuidado Personal,Lola Morte Súbita Spray Reparación Total Cabello Dañado 250,https://www.fravega.com/p/lola-morte-subita-spray-reparacion-total-cabello-danado-250-21248173/,20540.0,19190.0,1,True
FRA-perfume-montale-arabians-tonka-eau-de-pa,Fravega,OTRAS,Belleza y Cuidado Personal,Perfume MONTALE Arabians Tonka Eau De Parfum 100 ml para hom,https://www.fravega.com/p/perfume-montale-arabians-tonka-eau-de-parfum-100-ml-para-hom-22826641/,293952.0,258677.76,1,True
FRA-loreal-profesional-shampoo-absolut-repai,Fravega,OTRAS,Belleza y Cuidado Personal,Loreal Profesional Shampoo Absolut Repair Lipidium 300 Chico,https://www.fravega.com/p/loreal-profesional-shampoo-absolut-repair-lipidium-300-chico-21229470/,59990.0,49190.0,1,True
FRA-perfume-ralph-lauren-polo-verde-intenso-,Fravega,OTRAS,Belleza y Cuidado Personal,Perfume Ralph Lauren Polo Verde Intenso Agua de Colonia 240 ml,https://www.fravega.com/p/perfume-ralph-lauren-polo-verde-intenso-agua-de-colonia-240-ml-22656399/,222991.0,196232.08,1,True
FRA-champu-kerastase-genesis-homme-bain-de-m,Fravega,OTRAS,Belleza y Cuidado Personal,Champú KERASTASE Genesis Homme Bain De Masse 250 ml para hom,https://www.fravega.com/p/champu-kerastase-genesis-homme-bain-de-masse-250-ml-para-hom-22772791/,170546.0,143258.64,1,True
FRA-secador-de-pelo-remington-cabello-cerami,Fravega,REMINGTON,Belleza y Cuidado Personal,Secador de Pelo Remington Cabello Ceramica Linea Profesional,https://www.fravega.com/p/secador-de-pelo-remington-cabello-ceramica-linea-profesional-990020915/,58789.0,39989.99,1,True
FRA-planchita-de-pelo-ga-ma-elegance-bella-t,Fravega,OTRAS,Belleza y Cuidado Personal,Planchita de Pelo GA.MA Elegance Bella Tourmaline ION 230°C,https://www.fravega.com/p/planchita-de-pelo-ga-ma-elegance-bella-tourmaline-ion-230-c-13040/,69999.0,42999.0,1,True
FRA-depiladora-ipl-philips-lumea-prestige-br,Fravega,PHILIPS,Belleza y Cuidado Personal,Depiladora IPL Philips Lumea Prestige BRI947/30,https://www.fravega.com/p/depiladora-ipl-philips-lumea-prestige-bri947-30-13275/,959999.0,599999.0,1,True
FRA-secador-remington-d3015-power-volumen-20,Fravega,REMINGTON,Belleza y Cuidado Personal,Secador Remington D3015 Power Volumen 2000,https://www.fravega.com/p/secador-remington-d3015-power-volumen-2000-12426/,59999.0,39999.0,1,True
FRA-planchita-de-pelo-ga-ma-3d-titanium-blue,Fravega,OTRAS,Belleza y Cuidado Personal,Planchita de Pelo GA.MA 3D Titanium Blue,https://www.fravega.com/p/planchita-de-pelo-ga-ma-3d-titanium-blue-13257/,109999.0,81999.0,1,True
FRA-depiladora-electrica-philips-bre227-00-1,Fravega,PHILIPS,Belleza y Cuidado Personal,Depiladora Eléctrica Philips BRE227/00,https://www.fravega.com/p/depiladora-electrica-philips-bre227-00-14404/,72999.0,53999.0,1,True
FRA-depiladora-facial-3-1-multifuncional-rec,Fravega,OTRAS,Belleza y Cuidado Personal,Depiladora Facial 3 en 1 Multifuncional Recargable Usb Ceja Nariz Rostro,https://www.fravega.com/p/depiladora-facial-3-1-multifuncional-recargable-usb-ceja-nariz-rostro-22490115/,19999.0,14999.0,1,True
FRA-secador-de-pelo-ga-ma-diamond-ceramic-12,Fravega,OTRAS,Belleza y Cuidado Personal,Secador de Pelo GA.MA Diamond Ceramic,https://www.fravega.com/p/secador-de-pelo-ga-ma-diamond-ceramic-12982/,89999.0,57999.0,1,True
FRA-planchita-de-pelo-admiral-ad-pl001-ceram,Fravega,OTRAS,Belleza y Cuidado Personal,Planchita de Pelo Admiral AD-PL001 Ceramic 230,https://www.fravega.com/p/planchita-de-pelo-admiral-ad-pl001-ceramic-230-14214/,39999.0,14999.0,1,True
FRA-depiladora-philips-bre712-00-13213,Fravega,PHILIPS,Belleza y Cuidado Personal,Depiladora Philips BRE712-00,https://www.fravega.com/p/depiladora-philips-bre712-00-13213/,153999.0,114999.0,1,True
FRA-secador-de-pelo-profesional-remington-si,Fravega,REMINGTON,Belleza y Cuidado Personal,Secador de Pelo Profesional Remington Silk AC9096 2400W,https://www.fravega.com/p/secador-de-pelo-profesional-remington-silk-ac9096-2400w-11933/,104999.0,73999.0,1,True
FRA-planchita-de-pelo-atma-tourmaline-pl8832,Fravega,ATMA,Belleza y Cuidado Personal,Planchita de Pelo Atma Tourmaline PL8832N,https://www.fravega.com/p/planchita-de-pelo-atma-tourmaline-pl8832n-13409/,49999.0,21999.0,1,True
FRA-depiladora-philips-bre700-00-13245,Fravega,PHILIPS,Belleza y Cuidado Personal,Depiladora Philips BRE700-00,https://www.fravega.com/p/depiladora-philips-bre700-00-13245/,147999.0,99999.0,1,True
FRA-secador-de-pelo-revlon-rvdr773la2av1-140,Fravega,OTRAS,Belleza y Cuidado Personal,Secador de Pelo Revlon RVDR773LA2AV1,https://www.fravega.com/p/secador-de-pelo-revlon-rvdr773la2av1-14060/,59999.0,34999.0,1,True
FRA-plancha-alisadora-remington-s27a-wet2str,Fravega,REMINGTON,Belleza y Cuidado Personal,Plancha Alisadora Remington S27a Wet2straight Humedo Seco,https://www.fravega.com/p/plancha-alisadora-remington-s27a-wet2straight-humedo-seco-990042841/,73489.0,56990.0,1,True
FRA-depiladora-trimmer-nariz-oidos-y-cejas-e,Fravega,OTRAS,Belleza y Cuidado Personal,Depiladora Trimmer Nariz Oidos Y Cejas Enchen En006 10000Rpm,https://www.fravega.com/p/depiladora-trimmer-nariz-oidos-y-cejas-enchen-en006-10000rpm-990274952/,10999.0,6390.01,1,True
FRA-secador-de-pelo-gama-breeze-2100w-negro-,Fravega,GAMA,Belleza y Cuidado Personal,Secador de Pelo GAMA Breeze 2100W Negro,https://www.fravega.com/p/secador-de-pelo-gama-breeze-2100w-negro-14626/,69999.0,49999.0,1,True
FRA-planchita-de-pelo-remington-wet2straight,Fravega,REMINGTON,Belleza y Cuidado Personal,Planchita de Pelo Remington Wet2Straight S27A,https://www.fravega.com/p/planchita-de-pelo-remington-wet2straight-s27a-14242/,79999.0,59999.0,1,True
FRA-afeitadora-philips-s1881-00-serie-1000-u,Fravega,PHILIPS,Belleza y Cuidado Personal,Afeitadora Philips S1881/00 Serie 1000 uso en Húmedo y Seco,https://www.fravega.com/p/afeitadora-philips-s1881-00-serie-1000-uso-humedo-y-seco-30625/,81999.0,41999.0,1,True
FRA-repuesto-cuchillas-x2-para-cortabarba-ph,Fravega,PHILIPS,Belleza y Cuidado Personal,Repuesto Cuchillas x2 para Cortabarba Philips OneBlade,https://www.fravega.com/p/repuesto-cuchillas-x2-para-cortabarba-philips-oneblade-30460/,31499.0,27499.0,1,True
FRA-afeitadora-electrica-inalambrica-philco-,Fravega,PHILCO,Belleza y Cuidado Personal,Afeitadora Eléctrica Inalámbrica Philco AE5105,https://www.fravega.com/p/afeitadora-electrica-inalambrica-philco-ae5105-30464/,54999.0,30999.0,1,True
FRA-afeitadora-blade-x--22155845,Fravega,OTRAS,Belleza y Cuidado Personal,AFEITADORA BLADE X,https://www.fravega.com/p/afeitadora-blade-x--22155845/,50995.0,30999.0,1,True
FRA-afeitadora-philips-serie-5000-x5012-05-3,Fravega,PHILIPS,Belleza y Cuidado Personal,Afeitadora Philips Serie 5000 X5012/05,https://www.fravega.com/p/afeitadora-philips-serie-5000-x5012-05-30374/,139999.0,105999.0,1,True
FRA-afeitadora-philco-ae5205pp-lithium-plus-,Fravega,PHILCO,Belleza y Cuidado Personal,Afeitadora Philco Ae5205pp Lithium Plus Wet & Dry 360°,https://www.fravega.com/p/afeitadora-philco-ae5205pp-lithium-plus-wet--dry-360-20291686/,65999.0,59999.0,1,True
FRA-razor-body-pro-bacan-by-mantra-afeitador,Fravega,OTRAS,Belleza y Cuidado Personal,Razor Body Pro Bacan By Mantra Afeitadora Zonas Intimas Men,https://www.fravega.com/p/razor-body-pro-bacan-by-mantra-afeitadora-zonas-intimas-men-22301719/,152990.0,102503.0,1,True
FRA-recortadora-afeitar-cejas-barba-vk-4803-,Fravega,OTRAS,Belleza y Cuidado Personal,Recortadora Afeitar Cejas Barba Vk-4803 Ultracomb  3 en 1,https://www.fravega.com/p/recortadora-afeitar-cejas-barba-vk-4803-ultracomb-3-1-990275803/,19379.83,8739.26,1,True
FRA-afeitadora-corporal-bacan-by-mantra-razo,Fravega,OTRAS,Belleza y Cuidado Personal,Afeitadora Corporal Bacan by Mantra Razor Body Black,https://www.fravega.com/p/afeitadora-corporal-bacan-by-mantra-razor-body-black-20076122/,109990.0,73693.0,1,True
FRA-maquina-de-corte-digital-usb-vintage-t-9,Fravega,OTRAS,Belleza y Cuidado Personal,Maquina de corte Digital Usb Vintage T 9 Inalámbrica,https://www.fravega.com/p/maquina-de-corte-digital-usb-vintage-t-9-inalambrica--21193184/,40000.0,20900.0,1,True
FRA-afeitadora-philco-turbo-ae5305-30319,Fravega,PHILCO,Belleza y Cuidado Personal,Afeitadora Philco Turbo AE5305,https://www.fravega.com/p/afeitadora-philco-turbo-ae5305-30319/,74999.0,49999.0,1,True
FRA-afeitadora-y-recortadora-ultracomb-led-6,Fravega,OTRAS,Belleza y Cuidado Personal,Afeitadora Y Recortadora Ultracomb Led 6 Cabezales Bk4918,https://www.fravega.com/p/afeitadora-y-recortadora-ultracomb-led-6-cabezales-bk4918-990275801/,58309.83,27615.38,1,True
FRA-afeitadora-kemei-km-1102-negra-22508218,Fravega,OTRAS,Belleza y Cuidado Personal,Afeitadora Kemei Km-1102 Negra,https://www.fravega.com/p/afeitadora-kemei-km-1102-negra-22508218/,35999.0,31999.0,1,True
FRA-afeitadora-y-cortadora-de-pelo-5-1-gadni,Fravega,OTRAS,Belleza y Cuidado Personal,Afeitadora y Cortadora de Pelo 5 en 1 Gadnic,https://www.fravega.com/p/afeitadora-y-cortadora-de-pelo-5-1-gadnic-990072104/,63439.0,48799.0,1,True
FRA-afeitadora-gama-g-blade-usb-wetdry-21232,Fravega,GAMA,Belleza y Cuidado Personal,Afeitadora Gama G-blade Usb Wet&dry,https://www.fravega.com/p/afeitadora-gama-g-blade-usb-wetdry-21232992/,43679.0,33000.0,1,True
FRA-afeitadora-gama-italy-se2301-silver-6-1-,Fravega,GAMA,Belleza y Cuidado Personal,Afeitadora Gama Italy Se2301 Silver 6 En 1 Trimmer Multiuso Cortadora De Cabello Y Nariz,https://www.fravega.com/p/afeitadora-gama-italy-se2301-silver-6-1-trimmer-multiuso-cortadora-de-cabello-y-nariz-21961111/,48899.0,39099.0,1,True
FRA-philips-norelco-recortadora-de-nariz-300,Fravega,PHILIPS,Belleza y Cuidado Personal,"Philips Norelco Recortadora de nariz 3000, para",https://www.fravega.com/p/philips-norelco-recortadora-de-nariz-3000-para-22671043/,63800.0,54230.0,1,True
FRA-trimmer-nariz-oido-remington-ne3200-seco,Fravega,REMINGTON,Belleza y Cuidado Personal,Trimmer Nariz Oido Remington Ne3200 En Seco O Humedo A Pila,https://www.fravega.com/p/trimmer-nariz-oido-remington-ne3200-seco-o-humedo-a-pila-990017664/,23489.0,16589.99,1,True
FRA-rasuradora-inalambrica-cabeza-y-rostro-m,Fravega,OTRAS,Belleza y Cuidado Personal,Rasuradora inalámbrica cabeza y rostro Maxilisse Head Shaver,https://www.fravega.com/p/rasuradora-inalambrica-cabeza-y-rostro-maxilisse-head-shaver-990276181/,164900.0,119900.0,1,True
FRA-perfume-liquid-brun-french-avenue-100ml-,Fravega,OTRAS,Belleza y Cuidado Personal,Perfume Liquid Brun French Avenue 100ml Edp Arabe,https://www.fravega.com/p/perfume-liquid-brun-french-avenue-100ml-edp-arabe-22599035/,137999.0,103499.0,1,True
FRA-minoxidil-espuma-kirkland-signature-2-11,Fravega,OTRAS,Belleza y Cuidado Personal,"Minoxidil en espuma Kirkland Signature, 2.11",https://www.fravega.com/p/minoxidil-espuma-kirkland-signature-2-11-22707430/,192850.0,154280.0,1,True
FRA-montale-arabians-tonka-eau-de-parfum-3-4,Fravega,OTRAS,Belleza y Cuidado Personal,Montale Arabians Tonka Eau De Parfum 3.4 Onzas,https://www.fravega.com/p/montale-arabians-tonka-eau-de-parfum-3-4-onzas-22597445/,648150.0,421298.0,1,True
FRA-la-puissance-royal-elixir-kit-completo-c,Fravega,OTRAS,Belleza y Cuidado Personal,La Puissance Royal Elixir Kit Completo Cabellos Rubios,https://www.fravega.com/p/la-puissance-royal-elixir-kit-completo-cabellos-rubios-21216783/,111200.0,50600.0,1,True
FRA-tom-ford-perdida-cereza-eau-de-parfum-sp,Fravega,OTRAS,Belleza y Cuidado Personal,Tom Ford Perdida Cereza Eau De Parfum Spray 1.7 Oz,https://www.fravega.com/p/tom-ford-perdida-cereza-eau-de-parfum-spray-1-7-oz-22571462/,991800.0,843030.0,1,True
FRA-perfume-lattafa-asad-bourbon-eau-de-parf,Fravega,OTRAS,Belleza y Cuidado Personal,"Perfume Lattafa Asad Bourbon Eau de Parfum para unisex, 100 ml",https://www.fravega.com/p/perfume-lattafa-asad-bourbon-eau-de-parfum-para-unisex-100-ml-22708628/,88899.0,78231.12,1,True
FRA-champu-kerastase-specifique-bain-divalen,Fravega,OTRAS,Belleza y Cuidado Personal,Champú Kerastase Specifique Bain Divalent 1000 ml unisex,https://www.fravega.com/p/champu-kerastase-specifique-bain-divalent-1000-ml-unisex-22772693/,247967.0,208292.28,1,True
FRA-perfume-lattafa-asad-eau-de-parfum-100-m,Fravega,OTRAS,Belleza y Cuidado Personal,Perfume Lattafa Asad Eau de Parfum 100 ml Unisex,https://www.fravega.com/p/perfume-lattafa-asad-eau-de-parfum-100-ml-unisex-22079850/,87874.0,77329.12,1,True
FRA-texture-dust-polvo-texturizador-mate-dus,Fravega,OTRAS,Belleza y Cuidado Personal,Texture Dust Polvo Texturizador Mate Dust It Volumen 10 Gr,https://www.fravega.com/p/texture-dust-polvo-texturizador-mate-dust-it-volumen-10-gr-22127191/,12999.0,10999.0,1,True
FRA-perfume-viktorrolf-spicebomb-extreme-90-,Fravega,OTRAS,Belleza y Cuidado Personal,"Perfume Viktor&Rolf Spicebomb Extreme, 90 ml",https://www.fravega.com/p/perfume-viktorrolf-spicebomb-extreme-90-ml-22495618/,253053.0,222686.64,1,True
FRA-la-puissance-extra-cell-plex-paso-1-2-3-,Fravega,OTRAS,Belleza y Cuidado Personal,La Puissance Extra Cell Plex Paso 1 2 3 Pelo Dañado,https://www.fravega.com/p/la-puissance-extra-cell-plex-paso-1-2-3-pelo-danado--21216781/,101790.0,86760.0,1,True
FRA-perfume-dolce--gabbana-intenso-eau-de-pa,Fravega,OTRAS,Belleza y Cuidado Personal,Perfume Dolce & Gabbana Intenso Eau De Parfum 200 ml para hombre,https://www.fravega.com/p/perfume-dolce--gabbana-intenso-eau-de-parfum-200-ml-para-hombre-22656391/,229206.0,189426.45,1,True
FRA-mascarilla-capilar-k18-leave-molecular-r,Fravega,OTRAS,Belleza y Cuidado Personal,Mascarilla capilar K18 Leave-In Molecular Repair 50 ml,https://www.fravega.com/p/mascarilla-capilar-k18-leave-molecular-repair-50-ml-22826775/,150329.0,126276.36,1,True
FRA-perfume-issey-miyake-nuit-d-issey-eau-de,Fravega,OTRAS,Belleza y Cuidado Personal,Perfume Issey Miyake Nuit d'Issey Eau de Toilette 125 ml para,https://www.fravega.com/p/perfume-issey-miyake-nuit-d-issey-eau-de-toilette-125-ml-para-22656175/,173214.0,152428.32,1,True
FRA-lola-morte-subita-spray-reparacion-total,Fravega,OTRAS,Belleza y Cuidado Personal,Lola Morte Súbita Spray Reparación Total Cabello Dañado 250,https://www.fravega.com/p/lola-morte-subita-spray-reparacion-total-cabello-danado-250-21248173/,20540.0,19190.0,1,True
FRA-perfume-montale-arabians-tonka-eau-de-pa,Fravega,OTRAS,Belleza y Cuidado Personal,Perfume MONTALE Arabians Tonka Eau De Parfum 100 ml para hom,https://www.fravega.com/p/perfume-montale-arabians-tonka-eau-de-parfum-100-ml-para-hom-22826641/,293952.0,258677.76,1,True
FRA-loreal-profesional-shampoo-absolut-repai,Fravega,OTRAS,Belleza y Cuidado Personal,Loreal Profesional Shampoo Absolut Repair Lipidium 300 Chico,https://www.fravega.com/p/loreal-profesional-shampoo-absolut-repair-lipidium-300-chico-21229470/,59990.0,49190.0,1,True
FRA-perfume-ralph-lauren-polo-verde-intenso-,Fravega,OTRAS,Belleza y Cuidado Personal,Perfume Ralph Lauren Polo Verde Intenso Agua de Colonia 240 ml,https://www.fravega.com/p/perfume-ralph-lauren-polo-verde-intenso-agua-de-colonia-240-ml-22656399/,222991.0,196232.08,1,True
FRA-champu-kerastase-genesis-homme-bain-de-m,Fravega,OTRAS,Belleza y Cuidado Personal,Champú KERASTASE Genesis Homme Bain De Masse 250 ml para hom,https://www.fravega.com/p/champu-kerastase-genesis-homme-bain-de-masse-250-ml-para-hom-22772791/,170546.0,143258.64,1,True
FRA-secador-de-pelo-remington-cabello-cerami,Fravega,REMINGTON,Belleza y Cuidado Personal,Secador de Pelo Remington Cabello Ceramica Linea Profesional,https://www.fravega.com/p/secador-de-pelo-remington-cabello-ceramica-linea-profesional-990020915/,58789.0,39989.99,1,True
FRA-planchita-de-pelo-ga-ma-elegance-bella-t,Fravega,OTRAS,Belleza y Cuidado Personal,Planchita de Pelo GA.MA Elegance Bella Tourmaline ION 230°C,https://www.fravega.com/p/planchita-de-pelo-ga-ma-elegance-bella-tourmaline-ion-230-c-13040/,69999.0,42999.0,1,True
FRA-depiladora-ipl-philips-lumea-prestige-br,Fravega,PHILIPS,Belleza y Cuidado Personal,Depiladora IPL Philips Lumea Prestige BRI947/30,https://www.fravega.com/p/depiladora-ipl-philips-lumea-prestige-bri947-30-13275/,959999.0,599999.0,1,True
FRA-secador-remington-d3015-power-volumen-20,Fravega,REMINGTON,Belleza y Cuidado Personal,Secador Remington D3015 Power Volumen 2000,https://www.fravega.com/p/secador-remington-d3015-power-volumen-2000-12426/,59999.0,39999.0,1,True
FRA-planchita-de-pelo-ga-ma-3d-titanium-blue,Fravega,OTRAS,Belleza y Cuidado Personal,Planchita de Pelo GA.MA 3D Titanium Blue,https://www.fravega.com/p/planchita-de-pelo-ga-ma-3d-titanium-blue-13257/,109999.0,81999.0,1,True
FRA-depiladora-electrica-philips-bre227-00-1,Fravega,PHILIPS,Belleza y Cuidado Personal,Depiladora Eléctrica Philips BRE227/00,https://www.fravega.com/p/depiladora-electrica-philips-bre227-00-14404/,72999.0,53999.0,1,True
FRA-depiladora-facial-3-1-multifuncional-rec,Fravega,OTRAS,Belleza y Cuidado Personal,Depiladora Facial 3 en 1 Multifuncional Recargable Usb Ceja Nariz Rostro,https://www.fravega.com/p/depiladora-facial-3-1-multifuncional-recargable-usb-ceja-nariz-rostro-22490115/,19999.0,14999.0,1,True
FRA-secador-de-pelo-ga-ma-diamond-ceramic-12,Fravega,OTRAS,Belleza y Cuidado Personal,Secador de Pelo GA.MA Diamond Ceramic,https://www.fravega.com/p/secador-de-pelo-ga-ma-diamond-ceramic-12982/,89999.0,57999.0,1,True
FRA-planchita-de-pelo-admiral-ad-pl001-ceram,Fravega,OTRAS,Belleza y Cuidado Personal,Planchita de Pelo Admiral AD-PL001 Ceramic 230,https://www.fravega.com/p/planchita-de-pelo-admiral-ad-pl001-ceramic-230-14214/,39999.0,14999.0,1,True
FRA-depiladora-philips-bre712-00-13213,Fravega,PHILIPS,Belleza y Cuidado Personal,Depiladora Philips BRE712-00,https://www.fravega.com/p/depiladora-philips-bre712-00-13213/,153999.0,114999.0,1,True
FRA-secador-de-pelo-profesional-remington-si,Fravega,REMINGTON,Belleza y Cuidado Personal,Secador de Pelo Profesional Remington Silk AC9096 2400W,https://www.fravega.com/p/secador-de-pelo-profesional-remington-silk-ac9096-2400w-11933/,104999.0,73999.0,1,True
FRA-planchita-de-pelo-atma-tourmaline-pl8832,Fravega,ATMA,Belleza y Cuidado Personal,Planchita de Pelo Atma Tourmaline PL8832N,https://www.fravega.com/p/planchita-de-pelo-atma-tourmaline-pl8832n-13409/,49999.0,21999.0,1,True
FRA-depiladora-philips-bre700-00-13245,Fravega,PHILIPS,Belleza y Cuidado Personal,Depiladora Philips BRE700-00,https://www.fravega.com/p/depiladora-philips-bre700-00-13245/,147999.0,99999.0,1,True
FRA-secador-de-pelo-revlon-rvdr773la2av1-140,Fravega,OTRAS,Belleza y Cuidado Personal,Secador de Pelo Revlon RVDR773LA2AV1,https://www.fravega.com/p/secador-de-pelo-revlon-rvdr773la2av1-14060/,59999.0,34999.0,1,True
FRA-plancha-alisadora-remington-s27a-wet2str,Fravega,REMINGTON,Belleza y Cuidado Personal,Plancha Alisadora Remington S27a Wet2straight Humedo Seco,https://www.fravega.com/p/plancha-alisadora-remington-s27a-wet2straight-humedo-seco-990042841/,73489.0,56990.0,1,True
FRA-depiladora-trimmer-nariz-oidos-y-cejas-e,Fravega,OTRAS,Belleza y Cuidado Personal,Depiladora Trimmer Nariz Oidos Y Cejas Enchen En006 10000Rpm,https://www.fravega.com/p/depiladora-trimmer-nariz-oidos-y-cejas-enchen-en006-10000rpm-990274952/,10999.0,6390.01,1,True
FRA-secador-de-pelo-gama-breeze-2100w-negro-,Fravega,GAMA,Belleza y Cuidado Personal,Secador de Pelo GAMA Breeze 2100W Negro,https://www.fravega.com/p/secador-de-pelo-gama-breeze-2100w-negro-14626/,69999.0,49999.0,1,True
FRA-planchita-de-pelo-remington-wet2straight,Fravega,REMINGTON,Belleza y Cuidado Personal,Planchita de Pelo Remington Wet2Straight S27A,https://www.fravega.com/p/planchita-de-pelo-remington-wet2straight-s27a-14242/,79999.0,59999.0,1,True
FRA-afeitadora-philips-s1881-00-serie-1000-u,Fravega,PHILIPS,Belleza y Cuidado Personal,Afeitadora Philips S1881/00 Serie 1000 uso en Húmedo y Seco,https://www.fravega.com/p/afeitadora-philips-s1881-00-serie-1000-uso-humedo-y-seco-30625/,81999.0,41999.0,1,True
FRA-repuesto-cuchillas-x2-para-cortabarba-ph,Fravega,PHILIPS,Belleza y Cuidado Personal,Repuesto Cuchillas x2 para Cortabarba Philips OneBlade,https://www.fravega.com/p/repuesto-cuchillas-x2-para-cortabarba-philips-oneblade-30460/,31499.0,27499.0,1,True
FRA-afeitadora-electrica-inalambrica-philco-,Fravega,PHILCO,Belleza y Cuidado Personal,Afeitadora Eléctrica Inalámbrica Philco AE5105,https://www.fravega.com/p/afeitadora-electrica-inalambrica-philco-ae5105-30464/,54999.0,30999.0,1,True
FRA-afeitadora-blade-x--22155845,Fravega,OTRAS,Belleza y Cuidado Personal,AFEITADORA BLADE X,https://www.fravega.com/p/afeitadora-blade-x--22155845/,50995.0,30999.0,1,True
FRA-afeitadora-philips-serie-5000-x5012-05-3,Fravega,PHILIPS,Belleza y Cuidado Personal,Afeitadora Philips Serie 5000 X5012/05,https://www.fravega.com/p/afeitadora-philips-serie-5000-x5012-05-30374/,139999.0,105999.0,1,True
FRA-afeitadora-philco-ae5205pp-lithium-plus-,Fravega,PHILCO,Belleza y Cuidado Personal,Afeitadora Philco Ae5205pp Lithium Plus Wet & Dry 360°,https://www.fravega.com/p/afeitadora-philco-ae5205pp-lithium-plus-wet--dry-360-20291686/,65999.0,59999.0,1,True
FRA-razor-body-pro-bacan-by-mantra-afeitador,Fravega,OTRAS,Belleza y Cuidado Personal,Razor Body Pro Bacan By Mantra Afeitadora Zonas Intimas Men,https://www.fravega.com/p/razor-body-pro-bacan-by-mantra-afeitadora-zonas-intimas-men-22301719/,152990.0,102503.0,1,True
FRA-recortadora-afeitar-cejas-barba-vk-4803-,Fravega,OTRAS,Belleza y Cuidado Personal,Recortadora Afeitar Cejas Barba Vk-4803 Ultracomb  3 en 1,https://www.fravega.com/p/recortadora-afeitar-cejas-barba-vk-4803-ultracomb-3-1-990275803/,19379.83,8739.26,1,True
FRA-afeitadora-corporal-bacan-by-mantra-razo,Fravega,OTRAS,Belleza y Cuidado Personal,Afeitadora Corporal Bacan by Mantra Razor Body Black,https://www.fravega.com/p/afeitadora-corporal-bacan-by-mantra-razor-body-black-20076122/,109990.0,73693.0,1,True
FRA-maquina-de-corte-digital-usb-vintage-t-9,Fravega,OTRAS,Belleza y Cuidado Personal,Maquina de corte Digital Usb Vintage T 9 Inalámbrica,https://www.fravega.com/p/maquina-de-corte-digital-usb-vintage-t-9-inalambrica--21193184/,40000.0,20900.0,1,True
FRA-afeitadora-philco-turbo-ae5305-30319,Fravega,PHILCO,Belleza y Cuidado Personal,Afeitadora Philco Turbo AE5305,https://www.fravega.com/p/afeitadora-philco-turbo-ae5305-30319/,74999.0,49999.0,1,True
FRA-afeitadora-y-recortadora-ultracomb-led-6,Fravega,OTRAS,Belleza y Cuidado Personal,Afeitadora Y Recortadora Ultracomb Led 6 Cabezales Bk4918,https://www.fravega.com/p/afeitadora-y-recortadora-ultracomb-led-6-cabezales-bk4918-990275801/,58309.83,27615.38,1,True
FRA-afeitadora-kemei-km-1102-negra-22508218,Fravega,OTRAS,Belleza y Cuidado Personal,Afeitadora Kemei Km-1102 Negra,https://www.fravega.com/p/afeitadora-kemei-km-1102-negra-22508218/,35999.0,31999.0,1,True
FRA-afeitadora-y-cortadora-de-pelo-5-1-gadni,Fravega,OTRAS,Belleza y Cuidado Personal,Afeitadora y Cortadora de Pelo 5 en 1 Gadnic,https://www.fravega.com/p/afeitadora-y-cortadora-de-pelo-5-1-gadnic-990072104/,63439.0,48799.0,1,True
FRA-afeitadora-gama-g-blade-usb-wetdry-21232,Fravega,GAMA,Belleza y Cuidado Personal,Afeitadora Gama G-blade Usb Wet&dry,https://www.fravega.com/p/afeitadora-gama-g-blade-usb-wetdry-21232992/,43679.0,33000.0,1,True
FRA-afeitadora-gama-italy-se2301-silver-6-1-,Fravega,GAMA,Belleza y Cuidado Personal,Afeitadora Gama Italy Se2301 Silver 6 En 1 Trimmer Multiuso Cortadora De Cabello Y Nariz,https://www.fravega.com/p/afeitadora-gama-italy-se2301-silver-6-1-trimmer-multiuso-cortadora-de-cabello-y-nariz-21961111/,48899.0,39099.0,1,True
FRA-philips-norelco-recortadora-de-nariz-300,Fravega,PHILIPS,Belleza y Cuidado Personal,"Philips Norelco Recortadora de nariz 3000, para",https://www.fravega.com/p/philips-norelco-recortadora-de-nariz-3000-para-22671043/,63800.0,54230.0,1,True
FRA-trimmer-nariz-oido-remington-ne3200-seco,Fravega,REMINGTON,Belleza y Cuidado Personal,Trimmer Nariz Oido Remington Ne3200 En Seco O Humedo A Pila,https://www.fravega.com/p/trimmer-nariz-oido-remington-ne3200-seco-o-humedo-a-pila-990017664/,23489.0,16589.99,1,True
FRA-rasuradora-inalambrica-cabeza-y-rostro-m,Fravega,OTRAS,Belleza y Cuidado Personal,Rasuradora inalámbrica cabeza y rostro Maxilisse Head Shaver,https://www.fravega.com/p/rasuradora-inalambrica-cabeza-y-rostro-maxilisse-head-shaver-990276181/,164900.0,119900.0,1,True
FRA-perfume-liquid-brun-french-avenue-100ml-,Fravega,OTRAS,Belleza y Cuidado Personal,Perfume Liquid Brun French Avenue 100ml Edp Arabe,https://www.fravega.com/p/perfume-liquid-brun-french-avenue-100ml-edp-arabe-22599035/,137999.0,103499.0,1,True
FRA-minoxidil-espuma-kirkland-signature-2-11,Fravega,OTRAS,Belleza y Cuidado Personal,"Minoxidil en espuma Kirkland Signature, 2.11",https://www.fravega.com/p/minoxidil-espuma-kirkland-signature-2-11-22707430/,192850.0,154280.0,1,True
FRA-montale-arabians-tonka-eau-de-parfum-3-4,Fravega,OTRAS,Belleza y Cuidado Personal,Montale Arabians Tonka Eau De Parfum 3.4 Onzas,https://www.fravega.com/p/montale-arabians-tonka-eau-de-parfum-3-4-onzas-22597445/,648150.0,421298.0,1,True
FRA-la-puissance-royal-elixir-kit-completo-c,Fravega,OTRAS,Belleza y Cuidado Personal,La Puissance Royal Elixir Kit Completo Cabellos Rubios,https://www.fravega.com/p/la-puissance-royal-elixir-kit-completo-cabellos-rubios-21216783/,111200.0,50600.0,1,True
FRA-tom-ford-perdida-cereza-eau-de-parfum-sp,Fravega,OTRAS,Belleza y Cuidado Personal,Tom Ford Perdida Cereza Eau De Parfum Spray 1.7 Oz,https://www.fravega.com/p/tom-ford-perdida-cereza-eau-de-parfum-spray-1-7-oz-22571462/,991800.0,843030.0,1,True
FRA-perfume-lattafa-asad-bourbon-eau-de-parf,Fravega,OTRAS,Belleza y Cuidado Personal,"Perfume Lattafa Asad Bourbon Eau de Parfum para unisex, 100 ml",https://www.fravega.com/p/perfume-lattafa-asad-bourbon-eau-de-parfum-para-unisex-100-ml-22708628/,88899.0,78231.12,1,True
FRA-champu-kerastase-specifique-bain-divalen,Fravega,OTRAS,Belleza y Cuidado Personal,Champú Kerastase Specifique Bain Divalent 1000 ml unisex,https://www.fravega.com/p/champu-kerastase-specifique-bain-divalent-1000-ml-unisex-22772693/,247967.0,208292.28,1,True
FRA-perfume-lattafa-asad-eau-de-parfum-100-m,Fravega,OTRAS,Belleza y Cuidado Personal,Perfume Lattafa Asad Eau de Parfum 100 ml Unisex,https://www.fravega.com/p/perfume-lattafa-asad-eau-de-parfum-100-ml-unisex-22079850/,87874.0,77329.12,1,True
FRA-texture-dust-polvo-texturizador-mate-dus,Fravega,OTRAS,Belleza y Cuidado Personal,Texture Dust Polvo Texturizador Mate Dust It Volumen 10 Gr,https://www.fravega.com/p/texture-dust-polvo-texturizador-mate-dust-it-volumen-10-gr-22127191/,12999.0,10999.0,1,True
FRA-perfume-viktorrolf-spicebomb-extreme-90-,Fravega,OTRAS,Belleza y Cuidado Personal,"Perfume Viktor&Rolf Spicebomb Extreme, 90 ml",https://www.fravega.com/p/perfume-viktorrolf-spicebomb-extreme-90-ml-22495618/,253053.0,222686.64,1,True
FRA-la-puissance-extra-cell-plex-paso-1-2-3-,Fravega,OTRAS,Belleza y Cuidado Personal,La Puissance Extra Cell Plex Paso 1 2 3 Pelo Dañado,https://www.fravega.com/p/la-puissance-extra-cell-plex-paso-1-2-3-pelo-danado--21216781/,101790.0,86760.0,1,True
FRA-perfume-dolce--gabbana-intenso-eau-de-pa,Fravega,OTRAS,Belleza y Cuidado Personal,Perfume Dolce & Gabbana Intenso Eau De Parfum 200 ml para hombre,https://www.fravega.com/p/perfume-dolce--gabbana-intenso-eau-de-parfum-200-ml-para-hombre-22656391/,229206.0,189426.45,1,True
FRA-mascarilla-capilar-k18-leave-molecular-r,Fravega,OTRAS,Belleza y Cuidado Personal,Mascarilla capilar K18 Leave-In Molecular Repair 50 ml,https://www.fravega.com/p/mascarilla-capilar-k18-leave-molecular-repair-50-ml-22826775/,150329.0,126276.36,1,True
FRA-perfume-issey-miyake-nuit-d-issey-eau-de,Fravega,OTRAS,Belleza y Cuidado Personal,Perfume Issey Miyake Nuit d'Issey Eau de Toilette 125 ml para,https://www.fravega.com/p/perfume-issey-miyake-nuit-d-issey-eau-de-toilette-125-ml-para-22656175/,173214.0,152428.32,1,True
FRA-lola-morte-subita-spray-reparacion-total,Fravega,OTRAS,Belleza y Cuidado Personal,Lola Morte Súbita Spray Reparación Total Cabello Dañado 250,https://www.fravega.com/p/lola-morte-subita-spray-reparacion-total-cabello-danado-250-21248173/,20540.0,19190.0,1,True
FRA-perfume-montale-arabians-tonka-eau-de-pa,Fravega,OTRAS,Belleza y Cuidado Personal,Perfume MONTALE Arabians Tonka Eau De Parfum 100 ml para hom,https://www.fravega.com/p/perfume-montale-arabians-tonka-eau-de-parfum-100-ml-para-hom-22826641/,293952.0,258677.76,1,True
FRA-loreal-profesional-shampoo-absolut-repai,Fravega,OTRAS,Belleza y Cuidado Personal,Loreal Profesional Shampoo Absolut Repair Lipidium 300 Chico,https://www.fravega.com/p/loreal-profesional-shampoo-absolut-repair-lipidium-300-chico-21229470/,59990.0,49190.0,1,True
FRA-perfume-ralph-lauren-polo-verde-intenso-,Fravega,OTRAS,Belleza y Cuidado Personal,Perfume Ralph Lauren Polo Verde Intenso Agua de Colonia 240 ml,https://www.fravega.com/p/perfume-ralph-lauren-polo-verde-intenso-agua-de-colonia-240-ml-22656399/,222991.0,196232.08,1,True
FRA-champu-kerastase-genesis-homme-bain-de-m,Fravega,OTRAS,Belleza y Cuidado Personal,Champú KERASTASE Genesis Homme Bain De Masse 250 ml para hom,https://www.fravega.com/p/champu-kerastase-genesis-homme-bain-de-masse-250-ml-para-hom-22772791/,170546.0,143258.64,1,True
FRA-secador-de-pelo-remington-cabello-cerami,Fravega,REMINGTON,Belleza y Cuidado Personal,Secador de Pelo Remington Cabello Ceramica Linea Profesional,https://www.fravega.com/p/secador-de-pelo-remington-cabello-ceramica-linea-profesional-990020915/,58789.0,39989.99,1,True
FRA-planchita-de-pelo-ga-ma-elegance-bella-t,Fravega,OTRAS,Belleza y Cuidado Personal,Planchita de Pelo GA.MA Elegance Bella Tourmaline ION 230°C,https://www.fravega.com/p/planchita-de-pelo-ga-ma-elegance-bella-tourmaline-ion-230-c-13040/,69999.0,42999.0,1,True
FRA-depiladora-ipl-philips-lumea-prestige-br,Fravega,PHILIPS,Belleza y Cuidado Personal,Depiladora IPL Philips Lumea Prestige BRI947/30,https://www.fravega.com/p/depiladora-ipl-philips-lumea-prestige-bri947-30-13275/,959999.0,599999.0,1,True
FRA-secador-remington-d3015-power-volumen-20,Fravega,REMINGTON,Belleza y Cuidado Personal,Secador Remington D3015 Power Volumen 2000,https://www.fravega.com/p/secador-remington-d3015-power-volumen-2000-12426/,59999.0,39999.0,1,True
FRA-planchita-de-pelo-ga-ma-3d-titanium-blue,Fravega,OTRAS,Belleza y Cuidado Personal,Planchita de Pelo GA.MA 3D Titanium Blue,https://www.fravega.com/p/planchita-de-pelo-ga-ma-3d-titanium-blue-13257/,109999.0,81999.0,1,True
FRA-depiladora-electrica-philips-bre227-00-1,Fravega,PHILIPS,Belleza y Cuidado Personal,Depiladora Eléctrica Philips BRE227/00,https://www.fravega.com/p/depiladora-electrica-philips-bre227-00-14404/,72999.0,53999.0,1,True
FRA-depiladora-facial-3-1-multifuncional-rec,Fravega,OTRAS,Belleza y Cuidado Personal,Depiladora Facial 3 en 1 Multifuncional Recargable Usb Ceja Nariz Rostro,https://www.fravega.com/p/depiladora-facial-3-1-multifuncional-recargable-usb-ceja-nariz-rostro-22490115/,19999.0,14999.0,1,True
FRA-secador-de-pelo-ga-ma-diamond-ceramic-12,Fravega,OTRAS,Belleza y Cuidado Personal,Secador de Pelo GA.MA Diamond Ceramic,https://www.fravega.com/p/secador-de-pelo-ga-ma-diamond-ceramic-12982/,89999.0,57999.0,1,True
FRA-planchita-de-pelo-admiral-ad-pl001-ceram,Fravega,OTRAS,Belleza y Cuidado Personal,Planchita de Pelo Admiral AD-PL001 Ceramic 230,https://www.fravega.com/p/planchita-de-pelo-admiral-ad-pl001-ceramic-230-14214/,39999.0,14999.0,1,True
FRA-depiladora-philips-bre712-00-13213,Fravega,PHILIPS,Belleza y Cuidado Personal,Depiladora Philips BRE712-00,https://www.fravega.com/p/depiladora-philips-bre712-00-13213/,153999.0,114999.0,1,True
FRA-secador-de-pelo-profesional-remington-si,Fravega,REMINGTON,Belleza y Cuidado Personal,Secador de Pelo Profesional Remington Silk AC9096 2400W,https://www.fravega.com/p/secador-de-pelo-profesional-remington-silk-ac9096-2400w-11933/,104999.0,73999.0,1,True
FRA-planchita-de-pelo-atma-tourmaline-pl8832,Fravega,ATMA,Belleza y Cuidado Personal,Planchita de Pelo Atma Tourmaline PL8832N,https://www.fravega.com/p/planchita-de-pelo-atma-tourmaline-pl8832n-13409/,49999.0,21999.0,1,True
FRA-depiladora-philips-bre700-00-13245,Fravega,PHILIPS,Belleza y Cuidado Personal,Depiladora Philips BRE700-00,https://www.fravega.com/p/depiladora-philips-bre700-00-13245/,147999.0,99999.0,1,True
FRA-secador-de-pelo-revlon-rvdr773la2av1-140,Fravega,OTRAS,Belleza y Cuidado Personal,Secador de Pelo Revlon RVDR773LA2AV1,https://www.fravega.com/p/secador-de-pelo-revlon-rvdr773la2av1-14060/,59999.0,34999.0,1,True
FRA-plancha-alisadora-remington-s27a-wet2str,Fravega,REMINGTON,Belleza y Cuidado Personal,Plancha Alisadora Remington S27a Wet2straight Humedo Seco,https://www.fravega.com/p/plancha-alisadora-remington-s27a-wet2straight-humedo-seco-990042841/,73489.0,56990.0,1,True
FRA-depiladora-trimmer-nariz-oidos-y-cejas-e,Fravega,OTRAS,Belleza y Cuidado Personal,Depiladora Trimmer Nariz Oidos Y Cejas Enchen En006 10000Rpm,https://www.fravega.com/p/depiladora-trimmer-nariz-oidos-y-cejas-enchen-en006-10000rpm-990274952/,10999.0,6390.01,1,True
FRA-secador-de-pelo-gama-breeze-2100w-negro-,Fravega,GAMA,Belleza y Cuidado Personal,Secador de Pelo GAMA Breeze 2100W Negro,https://www.fravega.com/p/secador-de-pelo-gama-breeze-2100w-negro-14626/,69999.0,49999.0,1,True
FRA-planchita-de-pelo-remington-wet2straight,Fravega,REMINGTON,Belleza y Cuidado Personal,Planchita de Pelo Remington Wet2Straight S27A,https://www.fravega.com/p/planchita-de-pelo-remington-wet2straight-s27a-14242/,79999.0,59999.0,1,True
FRA-afeitadora-philips-s1881-00-serie-1000-u,Fravega,PHILIPS,Belleza y Cuidado Personal,Afeitadora Philips S1881/00 Serie 1000 uso en Húmedo y Seco,https://www.fravega.com/p/afeitadora-philips-s1881-00-serie-1000-uso-humedo-y-seco-30625/,81999.0,41999.0,1,True
FRA-repuesto-cuchillas-x2-para-cortabarba-ph,Fravega,PHILIPS,Belleza y Cuidado Personal,Repuesto Cuchillas x2 para Cortabarba Philips OneBlade,https://www.fravega.com/p/repuesto-cuchillas-x2-para-cortabarba-philips-oneblade-30460/,31499.0,27499.0,1,True
FRA-afeitadora-electrica-inalambrica-philco-,Fravega,PHILCO,Belleza y Cuidado Personal,Afeitadora Eléctrica Inalámbrica Philco AE5105,https://www.fravega.com/p/afeitadora-electrica-inalambrica-philco-ae5105-30464/,54999.0,30999.0,1,True
FRA-afeitadora-blade-x--22155845,Fravega,OTRAS,Belleza y Cuidado Personal,AFEITADORA BLADE X,https://www.fravega.com/p/afeitadora-blade-x--22155845/,50995.0,30999.0,1,True
FRA-afeitadora-philips-serie-5000-x5012-05-3,Fravega,PHILIPS,Belleza y Cuidado Personal,Afeitadora Philips Serie 5000 X5012/05,https://www.fravega.com/p/afeitadora-philips-serie-5000-x5012-05-30374/,139999.0,105999.0,1,True
FRA-afeitadora-philco-ae5205pp-lithium-plus-,Fravega,PHILCO,Belleza y Cuidado Personal,Afeitadora Philco Ae5205pp Lithium Plus Wet & Dry 360°,https://www.fravega.com/p/afeitadora-philco-ae5205pp-lithium-plus-wet--dry-360-20291686/,65999.0,59999.0,1,True
FRA-razor-body-pro-bacan-by-mantra-afeitador,Fravega,OTRAS,Belleza y Cuidado Personal,Razor Body Pro Bacan By Mantra Afeitadora Zonas Intimas Men,https://www.fravega.com/p/razor-body-pro-bacan-by-mantra-afeitadora-zonas-intimas-men-22301719/,152990.0,102503.0,1,True
FRA-recortadora-afeitar-cejas-barba-vk-4803-,Fravega,OTRAS,Belleza y Cuidado Personal,Recortadora Afeitar Cejas Barba Vk-4803 Ultracomb  3 en 1,https://www.fravega.com/p/recortadora-afeitar-cejas-barba-vk-4803-ultracomb-3-1-990275803/,19379.83,8739.26,1,True
FRA-afeitadora-corporal-bacan-by-mantra-razo,Fravega,OTRAS,Belleza y Cuidado Personal,Afeitadora Corporal Bacan by Mantra Razor Body Black,https://www.fravega.com/p/afeitadora-corporal-bacan-by-mantra-razor-body-black-20076122/,109990.0,73693.0,1,True
FRA-maquina-de-corte-digital-usb-vintage-t-9,Fravega,OTRAS,Belleza y Cuidado Personal,Maquina de corte Digital Usb Vintage T 9 Inalámbrica,https://www.fravega.com/p/maquina-de-corte-digital-usb-vintage-t-9-inalambrica--21193184/,40000.0,20900.0,1,True
FRA-afeitadora-philco-turbo-ae5305-30319,Fravega,PHILCO,Belleza y Cuidado Personal,Afeitadora Philco Turbo AE5305,https://www.fravega.com/p/afeitadora-philco-turbo-ae5305-30319/,74999.0,49999.0,1,True
FRA-afeitadora-y-recortadora-ultracomb-led-6,Fravega,OTRAS,Belleza y Cuidado Personal,Afeitadora Y Recortadora Ultracomb Led 6 Cabezales Bk4918,https://www.fravega.com/p/afeitadora-y-recortadora-ultracomb-led-6-cabezales-bk4918-990275801/,58309.83,27615.38,1,True
FRA-afeitadora-kemei-km-1102-negra-22508218,Fravega,OTRAS,Belleza y Cuidado Personal,Afeitadora Kemei Km-1102 Negra,https://www.fravega.com/p/afeitadora-kemei-km-1102-negra-22508218/,35999.0,31999.0,1,True
FRA-afeitadora-y-cortadora-de-pelo-5-1-gadni,Fravega,OTRAS,Belleza y Cuidado Personal,Afeitadora y Cortadora de Pelo 5 en 1 Gadnic,https://www.fravega.com/p/afeitadora-y-cortadora-de-pelo-5-1-gadnic-990072104/,63439.0,48799.0,1,True
FRA-afeitadora-gama-g-blade-usb-wetdry-21232,Fravega,GAMA,Belleza y Cuidado Personal,Afeitadora Gama G-blade Usb Wet&dry,https://www.fravega.com/p/afeitadora-gama-g-blade-usb-wetdry-21232992/,43679.0,33000.0,1,True
FRA-afeitadora-gama-italy-se2301-silver-6-1-,Fravega,GAMA,Belleza y Cuidado Personal,Afeitadora Gama Italy Se2301 Silver 6 En 1 Trimmer Multiuso Cortadora De Cabello Y Nariz,https://www.fravega.com/p/afeitadora-gama-italy-se2301-silver-6-1-trimmer-multiuso-cortadora-de-cabello-y-nariz-21961111/,48899.0,39099.0,1,True
FRA-philips-norelco-recortadora-de-nariz-300,Fravega,PHILIPS,Belleza y Cuidado Personal,"Philips Norelco Recortadora de nariz 3000, para",https://www.fravega.com/p/philips-norelco-recortadora-de-nariz-3000-para-22671043/,63800.0,54230.0,1,True
FRA-trimmer-nariz-oido-remington-ne3200-seco,Fravega,REMINGTON,Belleza y Cuidado Personal,Trimmer Nariz Oido Remington Ne3200 En Seco O Humedo A Pila,https://www.fravega.com/p/trimmer-nariz-oido-remington-ne3200-seco-o-humedo-a-pila-990017664/,23489.0,16589.99,1,True
FRA-rasuradora-inalambrica-cabeza-y-rostro-m,Fravega,OTRAS,Belleza y Cuidado Personal,Rasuradora inalámbrica cabeza y rostro Maxilisse Head Shaver,https://www.fravega.com/p/rasuradora-inalambrica-cabeza-y-rostro-maxilisse-head-shaver-990276181/,164900.0,119900.0,1,True
FRA-perfume-liquid-brun-french-avenue-100ml-,Fravega,OTRAS,Belleza y Cuidado Personal,Perfume Liquid Brun French Avenue 100ml Edp Arabe,https://www.fravega.com/p/perfume-liquid-brun-french-avenue-100ml-edp-arabe-22599035/,137999.0,103499.0,1,True
FRA-minoxidil-espuma-kirkland-signature-2-11,Fravega,OTRAS,Belleza y Cuidado Personal,"Minoxidil en espuma Kirkland Signature, 2.11",https://www.fravega.com/p/minoxidil-espuma-kirkland-signature-2-11-22707430/,192850.0,154280.0,1,True
FRA-montale-arabians-tonka-eau-de-parfum-3-4,Fravega,OTRAS,Belleza y Cuidado Personal,Montale Arabians Tonka Eau De Parfum 3.4 Onzas,https://www.fravega.com/p/montale-arabians-tonka-eau-de-parfum-3-4-onzas-22597445/,648150.0,421298.0,1,True
FRA-la-puissance-royal-elixir-kit-completo-c,Fravega,OTRAS,Belleza y Cuidado Personal,La Puissance Royal Elixir Kit Completo Cabellos Rubios,https://www.fravega.com/p/la-puissance-royal-elixir-kit-completo-cabellos-rubios-21216783/,111200.0,50600.0,1,True
FRA-tom-ford-perdida-cereza-eau-de-parfum-sp,Fravega,OTRAS,Belleza y Cuidado Personal,Tom Ford Perdida Cereza Eau De Parfum Spray 1.7 Oz,https://www.fravega.com/p/tom-ford-perdida-cereza-eau-de-parfum-spray-1-7-oz-22571462/,991800.0,843030.0,1,True
FRA-perfume-lattafa-asad-bourbon-eau-de-parf,Fravega,OTRAS,Belleza y Cuidado Personal,"Perfume Lattafa Asad Bourbon Eau de Parfum para unisex, 100 ml",https://www.fravega.com/p/perfume-lattafa-asad-bourbon-eau-de-parfum-para-unisex-100-ml-22708628/,88899.0,78231.12,1,True
FRA-champu-kerastase-specifique-bain-divalen,Fravega,OTRAS,Belleza y Cuidado Personal,Champú Kerastase Specifique Bain Divalent 1000 ml unisex,https://www.fravega.com/p/champu-kerastase-specifique-bain-divalent-1000-ml-unisex-22772693/,247967.0,208292.28,1,True
FRA-perfume-lattafa-asad-eau-de-parfum-100-m,Fravega,OTRAS,Belleza y Cuidado Personal,Perfume Lattafa Asad Eau de Parfum 100 ml Unisex,https://www.fravega.com/p/perfume-lattafa-asad-eau-de-parfum-100-ml-unisex-22079850/,87874.0,77329.12,1,True
FRA-texture-dust-polvo-texturizador-mate-dus,Fravega,OTRAS,Belleza y Cuidado Personal,Texture Dust Polvo Texturizador Mate Dust It Volumen 10 Gr,https://www.fravega.com/p/texture-dust-polvo-texturizador-mate-dust-it-volumen-10-gr-22127191/,12999.0,10999.0,1,True
FRA-perfume-viktorrolf-spicebomb-extreme-90-,Fravega,OTRAS,Belleza y Cuidado Personal,"Perfume Viktor&Rolf Spicebomb Extreme, 90 ml",https://www.fravega.com/p/perfume-viktorrolf-spicebomb-extreme-90-ml-22495618/,253053.0,222686.64,1,True
FRA-la-puissance-extra-cell-plex-paso-1-2-3-,Fravega,OTRAS,Belleza y Cuidado Personal,La Puissance Extra Cell Plex Paso 1 2 3 Pelo Dañado,https://www.fravega.com/p/la-puissance-extra-cell-plex-paso-1-2-3-pelo-danado--21216781/,101790.0,86760.0,1,True
FRA-perfume-dolce--gabbana-intenso-eau-de-pa,Fravega,OTRAS,Belleza y Cuidado Personal,Perfume Dolce & Gabbana Intenso Eau De Parfum 200 ml para hombre,https://www.fravega.com/p/perfume-dolce--gabbana-intenso-eau-de-parfum-200-ml-para-hombre-22656391/,229206.0,189426.45,1,True
FRA-mascarilla-capilar-k18-leave-molecular-r,Fravega,OTRAS,Belleza y Cuidado Personal,Mascarilla capilar K18 Leave-In Molecular Repair 50 ml,https://www.fravega.com/p/mascarilla-capilar-k18-leave-molecular-repair-50-ml-22826775/,150329.0,126276.36,1,True
FRA-perfume-issey-miyake-nuit-d-issey-eau-de,Fravega,OTRAS,Belleza y Cuidado Personal,Perfume Issey Miyake Nuit d'Issey Eau de Toilette 125 ml para,https://www.fravega.com/p/perfume-issey-miyake-nuit-d-issey-eau-de-toilette-125-ml-para-22656175/,173214.0,152428.32,1,True
FRA-lola-morte-subita-spray-reparacion-total,Fravega,OTRAS,Belleza y Cuidado Personal,Lola Morte Súbita Spray Reparación Total Cabello Dañado 250,https://www.fravega.com/p/lola-morte-subita-spray-reparacion-total-cabello-danado-250-21248173/,20540.0,19190.0,1,True
FRA-perfume-montale-arabians-tonka-eau-de-pa,Fravega,OTRAS,Belleza y Cuidado Personal,Perfume MONTALE Arabians Tonka Eau De Parfum 100 ml para hom,https://www.fravega.com/p/perfume-montale-arabians-tonka-eau-de-parfum-100-ml-para-hom-22826641/,293952.0,258677.76,1,True
FRA-loreal-profesional-shampoo-absolut-repai,Fravega,OTRAS,Belleza y Cuidado Personal,Loreal Profesional Shampoo Absolut Repair Lipidium 300 Chico,https://www.fravega.com/p/loreal-profesional-shampoo-absolut-repair-lipidium-300-chico-21229470/,59990.0,49190.0,1,True
FRA-perfume-ralph-lauren-polo-verde-intenso-,Fravega,OTRAS,Belleza y Cuidado Personal,Perfume Ralph Lauren Polo Verde Intenso Agua de Colonia 240 ml,https://www.fravega.com/p/perfume-ralph-lauren-polo-verde-intenso-agua-de-colonia-240-ml-22656399/,222991.0,196232.08,1,True
FRA-champu-kerastase-genesis-homme-bain-de-m,Fravega,OTRAS,Belleza y Cuidado Personal,Champú KERASTASE Genesis Homme Bain De Masse 250 ml para hom,https://www.fravega.com/p/champu-kerastase-genesis-homme-bain-de-masse-250-ml-para-hom-22772791/,170546.0,143258.64,1,True
FRA-secador-de-pelo-remington-cabello-cerami,Fravega,REMINGTON,Belleza y Cuidado Personal,Secador de Pelo Remington Cabello Ceramica Linea Profesional,https://www.fravega.com/p/secador-de-pelo-remington-cabello-ceramica-linea-profesional-990020915/,58789.0,39989.99,1,True
FRA-planchita-de-pelo-ga-ma-elegance-bella-t,Fravega,OTRAS,Belleza y Cuidado Personal,Planchita de Pelo GA.MA Elegance Bella Tourmaline ION 230°C,https://www.fravega.com/p/planchita-de-pelo-ga-ma-elegance-bella-tourmaline-ion-230-c-13040/,69999.0,42999.0,1,True
FRA-depiladora-ipl-philips-lumea-prestige-br,Fravega,PHILIPS,Belleza y Cuidado Personal,Depiladora IPL Philips Lumea Prestige BRI947/30,https://www.fravega.com/p/depiladora-ipl-philips-lumea-prestige-bri947-30-13275/,959999.0,599999.0,1,True
FRA-secador-remington-d3015-power-volumen-20,Fravega,REMINGTON,Belleza y Cuidado Personal,Secador Remington D3015 Power Volumen 2000,https://www.fravega.com/p/secador-remington-d3015-power-volumen-2000-12426/,59999.0,39999.0,1,True
FRA-planchita-de-pelo-ga-ma-3d-titanium-blue,Fravega,OTRAS,Belleza y Cuidado Personal,Planchita de Pelo GA.MA 3D Titanium Blue,https://www.fravega.com/p/planchita-de-pelo-ga-ma-3d-titanium-blue-13257/,109999.0,81999.0,1,True
FRA-depiladora-electrica-philips-bre227-00-1,Fravega,PHILIPS,Belleza y Cuidado Personal,Depiladora Eléctrica Philips BRE227/00,https://www.fravega.com/p/depiladora-electrica-philips-bre227-00-14404/,72999.0,53999.0,1,True
FRA-depiladora-facial-3-1-multifuncional-rec,Fravega,OTRAS,Belleza y Cuidado Personal,Depiladora Facial 3 en 1 Multifuncional Recargable Usb Ceja Nariz Rostro,https://www.fravega.com/p/depiladora-facial-3-1-multifuncional-recargable-usb-ceja-nariz-rostro-22490115/,19999.0,14999.0,1,True
FRA-secador-de-pelo-ga-ma-diamond-ceramic-12,Fravega,OTRAS,Belleza y Cuidado Personal,Secador de Pelo GA.MA Diamond Ceramic,https://www.fravega.com/p/secador-de-pelo-ga-ma-diamond-ceramic-12982/,89999.0,57999.0,1,True
FRA-planchita-de-pelo-admiral-ad-pl001-ceram,Fravega,OTRAS,Belleza y Cuidado Personal,Planchita de Pelo Admiral AD-PL001 Ceramic 230,https://www.fravega.com/p/planchita-de-pelo-admiral-ad-pl001-ceramic-230-14214/,39999.0,14999.0,1,True
FRA-depiladora-philips-bre712-00-13213,Fravega,PHILIPS,Belleza y Cuidado Personal,Depiladora Philips BRE712-00,https://www.fravega.com/p/depiladora-philips-bre712-00-13213/,153999.0,114999.0,1,True
FRA-secador-de-pelo-profesional-remington-si,Fravega,REMINGTON,Belleza y Cuidado Personal,Secador de Pelo Profesional Remington Silk AC9096 2400W,https://www.fravega.com/p/secador-de-pelo-profesional-remington-silk-ac9096-2400w-11933/,104999.0,73999.0,1,True
FRA-planchita-de-pelo-atma-tourmaline-pl8832,Fravega,ATMA,Belleza y Cuidado Personal,Planchita de Pelo Atma Tourmaline PL8832N,https://www.fravega.com/p/planchita-de-pelo-atma-tourmaline-pl8832n-13409/,49999.0,21999.0,1,True
FRA-depiladora-philips-bre700-00-13245,Fravega,PHILIPS,Belleza y Cuidado Personal,Depiladora Philips BRE700-00,https://www.fravega.com/p/depiladora-philips-bre700-00-13245/,147999.0,99999.0,1,True
FRA-secador-de-pelo-revlon-rvdr773la2av1-140,Fravega,OTRAS,Belleza y Cuidado Personal,Secador de Pelo Revlon RVDR773LA2AV1,https://www.fravega.com/p/secador-de-pelo-revlon-rvdr773la2av1-14060/,59999.0,34999.0,1,True
FRA-plancha-alisadora-remington-s27a-wet2str,Fravega,REMINGTON,Belleza y Cuidado Personal,Plancha Alisadora Remington S27a Wet2straight Humedo Seco,https://www.fravega.com/p/plancha-alisadora-remington-s27a-wet2straight-humedo-seco-990042841/,73489.0,56990.0,1,True
FRA-depiladora-trimmer-nariz-oidos-y-cejas-e,Fravega,OTRAS,Belleza y Cuidado Personal,Depiladora Trimmer Nariz Oidos Y Cejas Enchen En006 10000Rpm,https://www.fravega.com/p/depiladora-trimmer-nariz-oidos-y-cejas-enchen-en006-10000rpm-990274952/,10999.0,6390.01,1,True
FRA-secador-de-pelo-gama-breeze-2100w-negro-,Fravega,GAMA,Belleza y Cuidado Personal,Secador de Pelo GAMA Breeze 2100W Negro,https://www.fravega.com/p/secador-de-pelo-gama-breeze-2100w-negro-14626/,69999.0,49999.0,1,True
FRA-planchita-de-pelo-remington-wet2straight,Fravega,REMINGTON,Belleza y Cuidado Personal,Planchita de Pelo Remington Wet2Straight S27A,https://www.fravega.com/p/planchita-de-pelo-remington-wet2straight-s27a-14242/,79999.0,59999.0,1,True
FRA-afeitadora-philips-s1881-00-serie-1000-u,Fravega,PHILIPS,Belleza y Cuidado Personal,Afeitadora Philips S1881/00 Serie 1000 uso en Húmedo y Seco,https://www.fravega.com/p/afeitadora-philips-s1881-00-serie-1000-uso-humedo-y-seco-30625/,81999.0,41999.0,1,True
FRA-repuesto-cuchillas-x2-para-cortabarba-ph,Fravega,PHILIPS,Belleza y Cuidado Personal,Repuesto Cuchillas x2 para Cortabarba Philips OneBlade,https://www.fravega.com/p/repuesto-cuchillas-x2-para-cortabarba-philips-oneblade-30460/,31499.0,27499.0,1,True
FRA-afeitadora-electrica-inalambrica-philco-,Fravega,PHILCO,Belleza y Cuidado Personal,Afeitadora Eléctrica Inalámbrica Philco AE5105,https://www.fravega.com/p/afeitadora-electrica-inalambrica-philco-ae5105-30464/,54999.0,30999.0,1,True
FRA-afeitadora-blade-x--22155845,Fravega,OTRAS,Belleza y Cuidado Personal,AFEITADORA BLADE X,https://www.fravega.com/p/afeitadora-blade-x--22155845/,50995.0,30999.0,1,True
FRA-afeitadora-philips-serie-5000-x5012-05-3,Fravega,PHILIPS,Belleza y Cuidado Personal,Afeitadora Philips Serie 5000 X5012/05,https://www.fravega.com/p/afeitadora-philips-serie-5000-x5012-05-30374/,139999.0,105999.0,1,True
FRA-afeitadora-philco-ae5205pp-lithium-plus-,Fravega,PHILCO,Belleza y Cuidado Personal,Afeitadora Philco Ae5205pp Lithium Plus Wet & Dry 360°,https://www.fravega.com/p/afeitadora-philco-ae5205pp-lithium-plus-wet--dry-360-20291686/,65999.0,59999.0,1,True
FRA-razor-body-pro-bacan-by-mantra-afeitador,Fravega,OTRAS,Belleza y Cuidado Personal,Razor Body Pro Bacan By Mantra Afeitadora Zonas Intimas Men,https://www.fravega.com/p/razor-body-pro-bacan-by-mantra-afeitadora-zonas-intimas-men-22301719/,152990.0,102503.0,1,True
FRA-recortadora-afeitar-cejas-barba-vk-4803-,Fravega,OTRAS,Belleza y Cuidado Personal,Recortadora Afeitar Cejas Barba Vk-4803 Ultracomb  3 en 1,https://www.fravega.com/p/recortadora-afeitar-cejas-barba-vk-4803-ultracomb-3-1-990275803/,19379.83,8739.26,1,True
FRA-afeitadora-corporal-bacan-by-mantra-razo,Fravega,OTRAS,Belleza y Cuidado Personal,Afeitadora Corporal Bacan by Mantra Razor Body Black,https://www.fravega.com/p/afeitadora-corporal-bacan-by-mantra-razor-body-black-20076122/,109990.0,73693.0,1,True
FRA-maquina-de-corte-digital-usb-vintage-t-9,Fravega,OTRAS,Belleza y Cuidado Personal,Maquina de corte Digital Usb Vintage T 9 Inalámbrica,https://www.fravega.com/p/maquina-de-corte-digital-usb-vintage-t-9-inalambrica--21193184/,40000.0,20900.0,1,True
FRA-afeitadora-philco-turbo-ae5305-30319,Fravega,PHILCO,Belleza y Cuidado Personal,Afeitadora Philco Turbo AE5305,https://www.fravega.com/p/afeitadora-philco-turbo-ae5305-30319/,74999.0,49999.0,1,True
FRA-afeitadora-y-recortadora-ultracomb-led-6,Fravega,OTRAS,Belleza y Cuidado Personal,Afeitadora Y Recortadora Ultracomb Led 6 Cabezales Bk4918,https://www.fravega.com/p/afeitadora-y-recortadora-ultracomb-led-6-cabezales-bk4918-990275801/,58309.83,27615.38,1,True
FRA-afeitadora-kemei-km-1102-negra-22508218,Fravega,OTRAS,Belleza y Cuidado Personal,Afeitadora Kemei Km-1102 Negra,https://www.fravega.com/p/afeitadora-kemei-km-1102-negra-22508218/,35999.0,31999.0,1,True
FRA-afeitadora-y-cortadora-de-pelo-5-1-gadni,Fravega,OTRAS,Belleza y Cuidado Personal,Afeitadora y Cortadora de Pelo 5 en 1 Gadnic,https://www.fravega.com/p/afeitadora-y-cortadora-de-pelo-5-1-gadnic-990072104/,63439.0,48799.0,1,True
FRA-afeitadora-gama-g-blade-usb-wetdry-21232,Fravega,GAMA,Belleza y Cuidado Personal,Afeitadora Gama G-blade Usb Wet&dry,https://www.fravega.com/p/afeitadora-gama-g-blade-usb-wetdry-21232992/,43679.0,33000.0,1,True
FRA-afeitadora-gama-italy-se2301-silver-6-1-,Fravega,GAMA,Belleza y Cuidado Personal,Afeitadora Gama Italy Se2301 Silver 6 En 1 Trimmer Multiuso Cortadora De Cabello Y Nariz,https://www.fravega.com/p/afeitadora-gama-italy-se2301-silver-6-1-trimmer-multiuso-cortadora-de-cabello-y-nariz-21961111/,48899.0,39099.0,1,True
FRA-philips-norelco-recortadora-de-nariz-300,Fravega,PHILIPS,Belleza y Cuidado Personal,"Philips Norelco Recortadora de nariz 3000, para",https://www.fravega.com/p/philips-norelco-recortadora-de-nariz-3000-para-22671043/,63800.0,54230.0,1,True
FRA-trimmer-nariz-oido-remington-ne3200-seco,Fravega,REMINGTON,Belleza y Cuidado Personal,Trimmer Nariz Oido Remington Ne3200 En Seco O Humedo A Pila,https://www.fravega.com/p/trimmer-nariz-oido-remington-ne3200-seco-o-humedo-a-pila-990017664/,23489.0,16589.99,1,True
FRA-rasuradora-inalambrica-cabeza-y-rostro-m,Fravega,OTRAS,Belleza y Cuidado Personal,Rasuradora inalámbrica cabeza y rostro Maxilisse Head Shaver,https://www.fravega.com/p/rasuradora-inalambrica-cabeza-y-rostro-maxilisse-head-shaver-990276181/,164900.0,119900.0,1,True
FRA-perfume-liquid-brun-french-avenue-100ml-,Fravega,OTRAS,Belleza y Cuidado Personal,Perfume Liquid Brun French Avenue 100ml Edp Arabe,https://www.fravega.com/p/perfume-liquid-brun-french-avenue-100ml-edp-arabe-22599035/,137999.0,103499.0,1,True
FRA-minoxidil-espuma-kirkland-signature-2-11,Fravega,OTRAS,Belleza y Cuidado Personal,"Minoxidil en espuma Kirkland Signature, 2.11",https://www.fravega.com/p/minoxidil-espuma-kirkland-signature-2-11-22707430/,192850.0,154280.0,1,True
FRA-montale-arabians-tonka-eau-de-parfum-3-4,Fravega,OTRAS,Belleza y Cuidado Personal,Montale Arabians Tonka Eau De Parfum 3.4 Onzas,https://www.fravega.com/p/montale-arabians-tonka-eau-de-parfum-3-4-onzas-22597445/,648150.0,421298.0,1,True
FRA-la-puissance-royal-elixir-kit-completo-c,Fravega,OTRAS,Belleza y Cuidado Personal,La Puissance Royal Elixir Kit Completo Cabellos Rubios,https://www.fravega.com/p/la-puissance-royal-elixir-kit-completo-cabellos-rubios-21216783/,111200.0,50600.0,1,True
FRA-tom-ford-perdida-cereza-eau-de-parfum-sp,Fravega,OTRAS,Belleza y Cuidado Personal,Tom Ford Perdida Cereza Eau De Parfum Spray 1.7 Oz,https://www.fravega.com/p/tom-ford-perdida-cereza-eau-de-parfum-spray-1-7-oz-22571462/,991800.0,843030.0,1,True
FRA-perfume-lattafa-asad-bourbon-eau-de-parf,Fravega,OTRAS,Belleza y Cuidado Personal,"Perfume Lattafa Asad Bourbon Eau de Parfum para unisex, 100 ml",https://www.fravega.com/p/perfume-lattafa-asad-bourbon-eau-de-parfum-para-unisex-100-ml-22708628/,88899.0,78231.12,1,True
FRA-champu-kerastase-specifique-bain-divalen,Fravega,OTRAS,Belleza y Cuidado Personal,Champú Kerastase Specifique Bain Divalent 1000 ml unisex,https://www.fravega.com/p/champu-kerastase-specifique-bain-divalent-1000-ml-unisex-22772693/,247967.0,208292.28,1,True
FRA-perfume-lattafa-asad-eau-de-parfum-100-m,Fravega,OTRAS,Belleza y Cuidado Personal,Perfume Lattafa Asad Eau de Parfum 100 ml Unisex,https://www.fravega.com/p/perfume-lattafa-asad-eau-de-parfum-100-ml-unisex-22079850/,87874.0,77329.12,1,True
FRA-texture-dust-polvo-texturizador-mate-dus,Fravega,OTRAS,Belleza y Cuidado Personal,Texture Dust Polvo Texturizador Mate Dust It Volumen 10 Gr,https://www.fravega.com/p/texture-dust-polvo-texturizador-mate-dust-it-volumen-10-gr-22127191/,12999.0,10999.0,1,True
FRA-perfume-viktorrolf-spicebomb-extreme-90-,Fravega,OTRAS,Belleza y Cuidado Personal,"Perfume Viktor&Rolf Spicebomb Extreme, 90 ml",https://www.fravega.com/p/perfume-viktorrolf-spicebomb-extreme-90-ml-22495618/,253053.0,222686.64,1,True
FRA-la-puissance-extra-cell-plex-paso-1-2-3-,Fravega,OTRAS,Belleza y Cuidado Personal,La Puissance Extra Cell Plex Paso 1 2 3 Pelo Dañado,https://www.fravega.com/p/la-puissance-extra-cell-plex-paso-1-2-3-pelo-danado--21216781/,101790.0,86760.0,1,True
FRA-perfume-dolce--gabbana-intenso-eau-de-pa,Fravega,OTRAS,Belleza y Cuidado Personal,Perfume Dolce & Gabbana Intenso Eau De Parfum 200 ml para hombre,https://www.fravega.com/p/perfume-dolce--gabbana-intenso-eau-de-parfum-200-ml-para-hombre-22656391/,229206.0,189426.45,1,True
FRA-mascarilla-capilar-k18-leave-molecular-r,Fravega,OTRAS,Belleza y Cuidado Personal,Mascarilla capilar K18 Leave-In Molecular Repair 50 ml,https://www.fravega.com/p/mascarilla-capilar-k18-leave-molecular-repair-50-ml-22826775/,150329.0,126276.36,1,True
FRA-perfume-issey-miyake-nuit-d-issey-eau-de,Fravega,OTRAS,Belleza y Cuidado Personal,Perfume Issey Miyake Nuit d'Issey Eau de Toilette 125 ml para,https://www.fravega.com/p/perfume-issey-miyake-nuit-d-issey-eau-de-toilette-125-ml-para-22656175/,173214.0,152428.32,1,True
FRA-lola-morte-subita-spray-reparacion-total,Fravega,OTRAS,Belleza y Cuidado Personal,Lola Morte Súbita Spray Reparación Total Cabello Dañado 250,https://www.fravega.com/p/lola-morte-subita-spray-reparacion-total-cabello-danado-250-21248173/,20540.0,19190.0,1,True
FRA-perfume-montale-arabians-tonka-eau-de-pa,Fravega,OTRAS,Belleza y Cuidado Personal,Perfume MONTALE Arabians Tonka Eau De Parfum 100 ml para hom,https://www.fravega.com/p/perfume-montale-arabians-tonka-eau-de-parfum-100-ml-para-hom-22826641/,293952.0,258677.76,1,True
FRA-loreal-profesional-shampoo-absolut-repai,Fravega,OTRAS,Belleza y Cuidado Personal,Loreal Profesional Shampoo Absolut Repair Lipidium 300 Chico,https://www.fravega.com/p/loreal-profesional-shampoo-absolut-repair-lipidium-300-chico-21229470/,59990.0,49190.0,1,True
FRA-perfume-ralph-lauren-polo-verde-intenso-,Fravega,OTRAS,Belleza y Cuidado Personal,Perfume Ralph Lauren Polo Verde Intenso Agua de Colonia 240 ml,https://www.fravega.com/p/perfume-ralph-lauren-polo-verde-intenso-agua-de-colonia-240-ml-22656399/,222991.0,196232.08,1,True
FRA-champu-kerastase-genesis-homme-bain-de-m,Fravega,OTRAS,Belleza y Cuidado Personal,Champú KERASTASE Genesis Homme Bain De Masse 250 ml para hom,https://www.fravega.com/p/champu-kerastase-genesis-homme-bain-de-masse-250-ml-para-hom-22772791/,170546.0,143258.64,1,True
FRA-escalera-de-aluminio-4x4-articulada-16-e,Fravega,OTRAS,Herramientas,Escalera de Aluminio 4x4 Articulada 16 Escalones Gross Multipropósito,https://www.fravega.com/p/escalera-de-aluminio-4x4-articulada-16-escalones-gross-multiproposito-311316/,199999.0,169999.0,1,True
FRA-revestimiento-de-pared-exterior-acanalad,Fravega,OTRAS,Herramientas,"Revestimiento de Pared Exterior Acanalado - WPC - 2,9 MTS x 22 CM",https://www.fravega.com/p/revestimiento-de-pared-exterior-acanalado-wpc-2-9-mts-x-22-cm--22635257/,99999.0,79499.0,1,True
FRA-kit-de-herramientas-daewoo-set-96-pzs-da,Fravega,OTRAS,Herramientas,Kit de Herramientas Daewoo Set 96 Pzs DAHTS96 Tubos c/ Maletín,https://www.fravega.com/p/kit-de-herramientas-daewoo-set-96-pzs-dahts96-tubos-c-maletin-311011/,129999.0,89999.0,1,True
FRA-griferia-eurogrif-monocomando-cocina-roc,Fravega,OTRAS,Herramientas,Griferia Eurogrif Monocomando Cocina Rociador Flexible Gourmet,https://www.fravega.com/p/griferia-eurogrif-monocomando-cocina-rociador-flexible-gourmet-311354/,59999.0,39999.0,1,True
FRA-membrana-caucho-goma-impermeabilizante-t,Fravega,OTRAS,Herramientas,Membrana Caucho Goma Impermeabilizante Topline Blanco 20 Kg,https://www.fravega.com/p/membrana-caucho-goma-impermeabilizante-topline-blanco-20-kg-990267058/,120149.0,102127.0,1,True
FRA-kit-de-herramientas-daewoo-set-108-pzs-d,Fravega,OTRAS,Herramientas,Kit de Herramientas Daewoo Set 108 Pzs DWS108B Llaves Tubo Criquet,https://www.fravega.com/p/kit-de-herramientas-daewoo-set-108-pzs-dws108b-llaves-tubo-criquet-311001/,124999.0,99999.0,1,True
FRA-membrana-pasta-recuplast-tradicional-bla,Fravega,OTRAS,Herramientas,Membrana Pasta Recuplast Tradicional Blanco 4kg Sinteplast,https://www.fravega.com/p/membrana-pasta-recuplast-tradicional-blanco-4kg-sinteplast-990235883/,55006.0,41255.0,1,True
FRA-loxon-piscinas-pintura-para-piletas-azul,Fravega,OTRAS,Herramientas,Loxon Piscinas Pintura Para Piletas Azul 10lts - Rex,https://www.fravega.com/p/loxon-piscinas-pintura-para-piletas-azul-10lts-rex-990182337/,252646.0,197064.0,1,True
FRA-bomba-de-agua-presurizadoras-daewoo-daep,Fravega,OTRAS,Herramientas,Bomba de Agua Presurizadoras Daewoo DAEPRES100,https://www.fravega.com/p/bomba-de-agua-presurizadoras-daewoo-daepres100-311061/,99999.0,64999.0,1,True
FRA-casablanca-pro-latex-interior-exterior-2,Fravega,OTRAS,Herramientas,Casablanca Pro Latex Interior/exterior 20 Lt - Rex,https://www.fravega.com/p/casablanca-pro-latex-interior-exterior-20-lt-rex-990181658/,147630.0,110723.0,1,True
FRA-rotomartillo-stanley-sthr1232k-ar-311124,Fravega,OTRAS,Herramientas,Rotomartillo Stanley STHR1232K-AR,https://www.fravega.com/p/rotomartillo-stanley-sthr1232k-ar-311124/,399999.0,299999.0,1,True
FRA-pistola-de-pintura-daewoo-hvlp-600ml-dw9,Fravega,OTRAS,Herramientas,Pistola de Pintura Daewoo HVLP 600ml DW9U,https://www.fravega.com/p/pistola-de-pintura-daewoo-hvlp-600ml-dw9u-310771/,69999.0,39999.0,1,True
FRA-membrana-liquida-techos-rojo-teja-recupl,Fravega,OTRAS,Herramientas,Membrana Liquida Techos Rojo Teja Recuplast 5kg Sinteplast,https://www.fravega.com/p/membrana-liquida-techos-rojo-teja-recuplast-5kg-sinteplast-990238981/,63323.0,47493.0,1,True
FRA-juego-set-de-herramientas-kroner-300-pie,Fravega,OTRAS,Herramientas,Juego Set De Herramientas Kroner 300 Piezas H124 Profesional Maletin c/ Ruedas,https://www.fravega.com/p/juego-set-de-herramientas-kroner-300-piezas-h124-profesional-maletin-c-ruedas--311331/,299999.0,199999.0,1,True
FRA-bomba-agua-presurizadora-2-banos-marca-g,Fravega,OTRAS,Herramientas,Bomba Agua Presurizadora 2 Banos Marca Garden Plus De Lusqtoff Gps15-8.5 H. Max 8.5 Metros Mejor Presion Calefon Potencia 100w De,https://www.fravega.com/p/bomba-agua-presurizadora-2-banos-marca-garden-plus-de-lusqtoff-gps15-8-5-h-max-8-5-metros-mejor-presion-calefon-potencia-100w-de-22620517/,88275.6,48869.0,1,True
FRA-pistola-de-pintura-hvlp-daewoo-1000ml-dw,Fravega,OTRAS,Herramientas,Pistola de Pintura HVLP Daewoo 1000ml DW8A,https://www.fravega.com/p/pistola-de-pintura-hvlp-daewoo-1000ml-dw8a-310744/,69999.0,39999.0,1,True
FRA-revestimiento-marble-medio-gris-urbano-r,Fravega,OTRAS,Herramientas,Revestimiento Marble Medio Gris Urbano Revear 25 Kg -,https://www.fravega.com/p/revestimiento-marble-medio-gris-urbano-revear-25-kg--990224875/,160719.0,120539.99,1,True
FRA-mini-motosierra-inalambrica-a-bateria-mi,Fravega,OTRAS,Herramientas,Mini Motosierra Inalambrica A Bateria Midow 4200 Rpm,https://www.fravega.com/p/mini-motosierra-inalambrica-a-bateria-midow-4200-rpm-990289257/,73066.0,57299.0,1,True
FRA-carro-porta-herramientas-4-1-admiral-con,Fravega,OTRAS,Herramientas,Carro Porta Herramientas 4 en 1 Admiral con Ganchos Metálicos,https://www.fravega.com/p/carro-porta-herramientas-4-1-admiral-con-ganchos-metalicos-311315/,149999.0,99999.0,1,True
FRA-hidrolavadora-daewoo-1400w-90-bar-con-au,Fravega,OTRAS,Herramientas,Hidrolavadora Daewoo 1400w 90 Bar con Autostop + Accesorios,https://www.fravega.com/p/hidrolavadora-daewoo-1400w-90-bar-con-autostop-accesorios-311494/,144999.0,69999.0,1,True
FRA-amoladora-angular-black--decker-g720n-ar,Fravega,OTRAS,Herramientas,Amoladora Angular Black & Decker G720N-AR,https://www.fravega.com/p/amoladora-angular-black--decker-g720n-ar-310339/,74999.0,49999.0,1,True
FRA-taladro-percutor-inalambrico-goodyear-21,Fravega,OTRAS,Herramientas,Taladro Percutor Inalambrico Goodyear 21v 10mm Fs Azul 50hz,https://www.fravega.com/p/taladro-percutor-inalambrico-goodyear-21v-10mm-fs-azul-50hz-22626889/,73373.67,49160.37,1,True
FRA-hidrolavadora-gamma-1700w-pro-wash-2000-,Fravega,OTRAS,Herramientas,Hidrolavadora Gamma 1700w Pro Wash 2000 140bar G2517AR,https://www.fravega.com/p/hidrolavadora-gamma-1700w-pro-wash-2000-140bar-g2517ar-310629/,164999.0,99999.0,1,True
FRA-amoladora-angular-taladro-percutor-daewo,Fravega,OTRAS,Herramientas,Amoladora Angular + Taladro Percutor Daewoo 750w Combo Pack,https://www.fravega.com/p/amoladora-angular-taladro-percutor-daewoo-750w-combo-pack-311188/,114999.0,69999.0,1,True
FRA-rotomartillo-taladro-percutor-lusqtoff-8,Fravega,OTRAS,Herramientas,Rotomartillo Taladro Percutor Lusqtoff 850W SDS Plus RML850-7,https://www.fravega.com/p/rotomartillo-taladro-percutor-lusqtoff-850w-sds-plus-rml850-7-22631705/,150740.79,81859.0,1,True
FRA-bordeadora-tramontina-ap1500t-1500w-220v,Fravega,OTRAS,Herramientas,Bordeadora Tramontina AP1500T 1500w 220v Negro y Naranja,https://www.fravega.com/p/bordeadora-tramontina-ap1500t-1500w-220v-negro-y-naranja-311140/,129999.0,89999.0,1,True
FRA-set-herramientas-manuales-black--decker-,Fravega,OTRAS,Herramientas,Set Herramientas Manuales Black & Decker 152 Pzs BMT152C-AR,https://www.fravega.com/p/set-herramientas-manuales-black--decker-152-pzs-bmt152c-ar-310584/,99999.0,59999.0,1,True
FRA-soldadora-inverter-lusqtoff-megairon100-,Fravega,OTRAS,Herramientas,Soldadora Inverter Lusqtoff Megairon100-8 Mascara Escuadras Magneticas Naranja/negro 220v 50hz,https://www.fravega.com/p/soldadora-inverter-lusqtoff-megairon100-8-mascara-escuadras-magneticas-naranja-negro-220v-50hz-22721052/,336000.0,167669.0,1,True
FRA-bordeadora-electrica-severbon-bp1000-100,Fravega,OTRAS,Herramientas,Bordeadora Eléctrica Severbon BP1000 1000w,https://www.fravega.com/p/bordeadora-electrica-severbon-bp1000-1000w-310876/,99999.0,59999.0,1,True
FRA-cortadora-de-cesped-electrica-1600w-blac,Fravega,OTRAS,Herramientas,Cortadora de Césped Eléctrica 1600W Black & Decker GR3850-AR,https://www.fravega.com/p/cortadora-de-cesped-electrica-1600w-black--decker-gr3850-ar-310385/,599999.0,349999.0,1,True
FRA-taladro-atornillador-inalambrico-18v-dac,Fravega,OTRAS,Herramientas,Taladro Atornillador Inalámbrico 18v DACD1800V2 + 54 Accesorios Con Maletín,https://www.fravega.com/p/taladro-atornillador-inalambrico-18v-dacd1800v2-54-accesorios-con-maletin-310420/,174999.0,129999.0,1,True
FRA-amoladora-bosch-gws-700-professional-115,Fravega,BOSCH,Herramientas,Amoladora Bosch GWS 700 Professional 115mm 12000 RPM 220v,https://www.fravega.com/p/amoladora-bosch-gws-700-professional-115mm-12000-rpm-220v-310453/,124999.0,79999.0,1,True
FRA-maletin-completo-de-245-herramientas-pie,Fravega,OTRAS,Herramientas,Maletin Completo De 245 Herramientas Piezas Pinzas Llaves Naranja,https://www.fravega.com/p/maletin-completo-de-245-herramientas-piezas-pinzas-llaves-naranja-22633907/,303483.59,158439.0,1,True
FRA-escalera-de-aluminio-4x4-articulada-16-e,Fravega,OTRAS,Herramientas,Escalera de Aluminio 4x4 Articulada 16 Escalones Gross Multipropósito,https://www.fravega.com/p/escalera-de-aluminio-4x4-articulada-16-escalones-gross-multiproposito-311316/,199999.0,169999.0,1,True
FRA-revestimiento-de-pared-exterior-acanalad,Fravega,OTRAS,Herramientas,"Revestimiento de Pared Exterior Acanalado - WPC - 2,9 MTS x 22 CM",https://www.fravega.com/p/revestimiento-de-pared-exterior-acanalado-wpc-2-9-mts-x-22-cm--22635257/,99999.0,79499.0,1,True
FRA-kit-de-herramientas-daewoo-set-96-pzs-da,Fravega,OTRAS,Herramientas,Kit de Herramientas Daewoo Set 96 Pzs DAHTS96 Tubos c/ Maletín,https://www.fravega.com/p/kit-de-herramientas-daewoo-set-96-pzs-dahts96-tubos-c-maletin-311011/,129999.0,89999.0,1,True
FRA-griferia-eurogrif-monocomando-cocina-roc,Fravega,OTRAS,Herramientas,Griferia Eurogrif Monocomando Cocina Rociador Flexible Gourmet,https://www.fravega.com/p/griferia-eurogrif-monocomando-cocina-rociador-flexible-gourmet-311354/,59999.0,39999.0,1,True
FRA-membrana-caucho-goma-impermeabilizante-t,Fravega,OTRAS,Herramientas,Membrana Caucho Goma Impermeabilizante Topline Blanco 20 Kg,https://www.fravega.com/p/membrana-caucho-goma-impermeabilizante-topline-blanco-20-kg-990267058/,120149.0,102127.0,1,True
FRA-kit-de-herramientas-daewoo-set-108-pzs-d,Fravega,OTRAS,Herramientas,Kit de Herramientas Daewoo Set 108 Pzs DWS108B Llaves Tubo Criquet,https://www.fravega.com/p/kit-de-herramientas-daewoo-set-108-pzs-dws108b-llaves-tubo-criquet-311001/,124999.0,99999.0,1,True
FRA-membrana-pasta-recuplast-tradicional-bla,Fravega,OTRAS,Herramientas,Membrana Pasta Recuplast Tradicional Blanco 4kg Sinteplast,https://www.fravega.com/p/membrana-pasta-recuplast-tradicional-blanco-4kg-sinteplast-990235883/,55006.0,41255.0,1,True
FRA-loxon-piscinas-pintura-para-piletas-azul,Fravega,OTRAS,Herramientas,Loxon Piscinas Pintura Para Piletas Azul 10lts - Rex,https://www.fravega.com/p/loxon-piscinas-pintura-para-piletas-azul-10lts-rex-990182337/,252646.0,197064.0,1,True
FRA-bomba-de-agua-presurizadoras-daewoo-daep,Fravega,OTRAS,Herramientas,Bomba de Agua Presurizadoras Daewoo DAEPRES100,https://www.fravega.com/p/bomba-de-agua-presurizadoras-daewoo-daepres100-311061/,99999.0,64999.0,1,True
FRA-casablanca-pro-latex-interior-exterior-2,Fravega,OTRAS,Herramientas,Casablanca Pro Latex Interior/exterior 20 Lt - Rex,https://www.fravega.com/p/casablanca-pro-latex-interior-exterior-20-lt-rex-990181658/,147630.0,110723.0,1,True
FRA-rotomartillo-stanley-sthr1232k-ar-311124,Fravega,OTRAS,Herramientas,Rotomartillo Stanley STHR1232K-AR,https://www.fravega.com/p/rotomartillo-stanley-sthr1232k-ar-311124/,399999.0,299999.0,1,True
FRA-pistola-de-pintura-daewoo-hvlp-600ml-dw9,Fravega,OTRAS,Herramientas,Pistola de Pintura Daewoo HVLP 600ml DW9U,https://www.fravega.com/p/pistola-de-pintura-daewoo-hvlp-600ml-dw9u-310771/,69999.0,39999.0,1,True
FRA-membrana-liquida-techos-rojo-teja-recupl,Fravega,OTRAS,Herramientas,Membrana Liquida Techos Rojo Teja Recuplast 5kg Sinteplast,https://www.fravega.com/p/membrana-liquida-techos-rojo-teja-recuplast-5kg-sinteplast-990238981/,63323.0,47493.0,1,True
FRA-juego-set-de-herramientas-kroner-300-pie,Fravega,OTRAS,Herramientas,Juego Set De Herramientas Kroner 300 Piezas H124 Profesional Maletin c/ Ruedas,https://www.fravega.com/p/juego-set-de-herramientas-kroner-300-piezas-h124-profesional-maletin-c-ruedas--311331/,299999.0,199999.0,1,True
FRA-bomba-agua-presurizadora-2-banos-marca-g,Fravega,OTRAS,Herramientas,Bomba Agua Presurizadora 2 Banos Marca Garden Plus De Lusqtoff Gps15-8.5 H. Max 8.5 Metros Mejor Presion Calefon Potencia 100w De,https://www.fravega.com/p/bomba-agua-presurizadora-2-banos-marca-garden-plus-de-lusqtoff-gps15-8-5-h-max-8-5-metros-mejor-presion-calefon-potencia-100w-de-22620517/,88275.6,48869.0,1,True
FRA-pistola-de-pintura-hvlp-daewoo-1000ml-dw,Fravega,OTRAS,Herramientas,Pistola de Pintura HVLP Daewoo 1000ml DW8A,https://www.fravega.com/p/pistola-de-pintura-hvlp-daewoo-1000ml-dw8a-310744/,69999.0,39999.0,1,True
FRA-revestimiento-marble-medio-gris-urbano-r,Fravega,OTRAS,Herramientas,Revestimiento Marble Medio Gris Urbano Revear 25 Kg -,https://www.fravega.com/p/revestimiento-marble-medio-gris-urbano-revear-25-kg--990224875/,160719.0,120539.99,1,True
FRA-mini-motosierra-inalambrica-a-bateria-mi,Fravega,OTRAS,Herramientas,Mini Motosierra Inalambrica A Bateria Midow 4200 Rpm,https://www.fravega.com/p/mini-motosierra-inalambrica-a-bateria-midow-4200-rpm-990289257/,73066.0,57299.0,1,True
FRA-carro-porta-herramientas-4-1-admiral-con,Fravega,OTRAS,Herramientas,Carro Porta Herramientas 4 en 1 Admiral con Ganchos Metálicos,https://www.fravega.com/p/carro-porta-herramientas-4-1-admiral-con-ganchos-metalicos-311315/,149999.0,99999.0,1,True
FRA-hidrolavadora-daewoo-1400w-90-bar-con-au,Fravega,OTRAS,Herramientas,Hidrolavadora Daewoo 1400w 90 Bar con Autostop + Accesorios,https://www.fravega.com/p/hidrolavadora-daewoo-1400w-90-bar-con-autostop-accesorios-311494/,144999.0,69999.0,1,True
FRA-amoladora-angular-black--decker-g720n-ar,Fravega,OTRAS,Herramientas,Amoladora Angular Black & Decker G720N-AR,https://www.fravega.com/p/amoladora-angular-black--decker-g720n-ar-310339/,74999.0,49999.0,1,True
FRA-taladro-percutor-inalambrico-goodyear-21,Fravega,OTRAS,Herramientas,Taladro Percutor Inalambrico Goodyear 21v 10mm Fs Azul 50hz,https://www.fravega.com/p/taladro-percutor-inalambrico-goodyear-21v-10mm-fs-azul-50hz-22626889/,73373.67,49160.37,1,True
FRA-hidrolavadora-gamma-1700w-pro-wash-2000-,Fravega,OTRAS,Herramientas,Hidrolavadora Gamma 1700w Pro Wash 2000 140bar G2517AR,https://www.fravega.com/p/hidrolavadora-gamma-1700w-pro-wash-2000-140bar-g2517ar-310629/,164999.0,99999.0,1,True
FRA-amoladora-angular-taladro-percutor-daewo,Fravega,OTRAS,Herramientas,Amoladora Angular + Taladro Percutor Daewoo 750w Combo Pack,https://www.fravega.com/p/amoladora-angular-taladro-percutor-daewoo-750w-combo-pack-311188/,114999.0,69999.0,1,True
FRA-rotomartillo-taladro-percutor-lusqtoff-8,Fravega,OTRAS,Herramientas,Rotomartillo Taladro Percutor Lusqtoff 850W SDS Plus RML850-7,https://www.fravega.com/p/rotomartillo-taladro-percutor-lusqtoff-850w-sds-plus-rml850-7-22631705/,150740.79,81859.0,1,True
FRA-bordeadora-tramontina-ap1500t-1500w-220v,Fravega,OTRAS,Herramientas,Bordeadora Tramontina AP1500T 1500w 220v Negro y Naranja,https://www.fravega.com/p/bordeadora-tramontina-ap1500t-1500w-220v-negro-y-naranja-311140/,129999.0,89999.0,1,True
FRA-set-herramientas-manuales-black--decker-,Fravega,OTRAS,Herramientas,Set Herramientas Manuales Black & Decker 152 Pzs BMT152C-AR,https://www.fravega.com/p/set-herramientas-manuales-black--decker-152-pzs-bmt152c-ar-310584/,99999.0,59999.0,1,True
FRA-soldadora-inverter-lusqtoff-megairon100-,Fravega,OTRAS,Herramientas,Soldadora Inverter Lusqtoff Megairon100-8 Mascara Escuadras Magneticas Naranja/negro 220v 50hz,https://www.fravega.com/p/soldadora-inverter-lusqtoff-megairon100-8-mascara-escuadras-magneticas-naranja-negro-220v-50hz-22721052/,336000.0,167669.0,1,True
FRA-bordeadora-electrica-severbon-bp1000-100,Fravega,OTRAS,Herramientas,Bordeadora Eléctrica Severbon BP1000 1000w,https://www.fravega.com/p/bordeadora-electrica-severbon-bp1000-1000w-310876/,99999.0,59999.0,1,True
FRA-cortadora-de-cesped-electrica-1600w-blac,Fravega,OTRAS,Herramientas,Cortadora de Césped Eléctrica 1600W Black & Decker GR3850-AR,https://www.fravega.com/p/cortadora-de-cesped-electrica-1600w-black--decker-gr3850-ar-310385/,599999.0,349999.0,1,True
FRA-taladro-atornillador-inalambrico-18v-dac,Fravega,OTRAS,Herramientas,Taladro Atornillador Inalámbrico 18v DACD1800V2 + 54 Accesorios Con Maletín,https://www.fravega.com/p/taladro-atornillador-inalambrico-18v-dacd1800v2-54-accesorios-con-maletin-310420/,174999.0,129999.0,1,True
FRA-amoladora-bosch-gws-700-professional-115,Fravega,BOSCH,Herramientas,Amoladora Bosch GWS 700 Professional 115mm 12000 RPM 220v,https://www.fravega.com/p/amoladora-bosch-gws-700-professional-115mm-12000-rpm-220v-310453/,124999.0,79999.0,1,True
FRA-maletin-completo-de-245-herramientas-pie,Fravega,OTRAS,Herramientas,Maletin Completo De 245 Herramientas Piezas Pinzas Llaves Naranja,https://www.fravega.com/p/maletin-completo-de-245-herramientas-piezas-pinzas-llaves-naranja-22633907/,303483.59,158439.0,1,True
FRA-escalera-de-aluminio-4x4-articulada-16-e,Fravega,OTRAS,Herramientas,Escalera de Aluminio 4x4 Articulada 16 Escalones Gross Multipropósito,https://www.fravega.com/p/escalera-de-aluminio-4x4-articulada-16-escalones-gross-multiproposito-311316/,199999.0,169999.0,1,True
FRA-revestimiento-de-pared-exterior-acanalad,Fravega,OTRAS,Herramientas,"Revestimiento de Pared Exterior Acanalado - WPC - 2,9 MTS x 22 CM",https://www.fravega.com/p/revestimiento-de-pared-exterior-acanalado-wpc-2-9-mts-x-22-cm--22635257/,99999.0,79499.0,1,True
FRA-kit-de-herramientas-daewoo-set-96-pzs-da,Fravega,OTRAS,Herramientas,Kit de Herramientas Daewoo Set 96 Pzs DAHTS96 Tubos c/ Maletín,https://www.fravega.com/p/kit-de-herramientas-daewoo-set-96-pzs-dahts96-tubos-c-maletin-311011/,129999.0,89999.0,1,True
FRA-griferia-eurogrif-monocomando-cocina-roc,Fravega,OTRAS,Herramientas,Griferia Eurogrif Monocomando Cocina Rociador Flexible Gourmet,https://www.fravega.com/p/griferia-eurogrif-monocomando-cocina-rociador-flexible-gourmet-311354/,59999.0,39999.0,1,True
FRA-membrana-caucho-goma-impermeabilizante-t,Fravega,OTRAS,Herramientas,Membrana Caucho Goma Impermeabilizante Topline Blanco 20 Kg,https://www.fravega.com/p/membrana-caucho-goma-impermeabilizante-topline-blanco-20-kg-990267058/,120149.0,102127.0,1,True
FRA-kit-de-herramientas-daewoo-set-108-pzs-d,Fravega,OTRAS,Herramientas,Kit de Herramientas Daewoo Set 108 Pzs DWS108B Llaves Tubo Criquet,https://www.fravega.com/p/kit-de-herramientas-daewoo-set-108-pzs-dws108b-llaves-tubo-criquet-311001/,124999.0,99999.0,1,True
FRA-membrana-pasta-recuplast-tradicional-bla,Fravega,OTRAS,Herramientas,Membrana Pasta Recuplast Tradicional Blanco 4kg Sinteplast,https://www.fravega.com/p/membrana-pasta-recuplast-tradicional-blanco-4kg-sinteplast-990235883/,55006.0,41255.0,1,True
FRA-loxon-piscinas-pintura-para-piletas-azul,Fravega,OTRAS,Herramientas,Loxon Piscinas Pintura Para Piletas Azul 10lts - Rex,https://www.fravega.com/p/loxon-piscinas-pintura-para-piletas-azul-10lts-rex-990182337/,252646.0,197064.0,1,True
FRA-bomba-de-agua-presurizadoras-daewoo-daep,Fravega,OTRAS,Herramientas,Bomba de Agua Presurizadoras Daewoo DAEPRES100,https://www.fravega.com/p/bomba-de-agua-presurizadoras-daewoo-daepres100-311061/,99999.0,64999.0,1,True
FRA-casablanca-pro-latex-interior-exterior-2,Fravega,OTRAS,Herramientas,Casablanca Pro Latex Interior/exterior 20 Lt - Rex,https://www.fravega.com/p/casablanca-pro-latex-interior-exterior-20-lt-rex-990181658/,147630.0,110723.0,1,True
FRA-rotomartillo-stanley-sthr1232k-ar-311124,Fravega,OTRAS,Herramientas,Rotomartillo Stanley STHR1232K-AR,https://www.fravega.com/p/rotomartillo-stanley-sthr1232k-ar-311124/,399999.0,299999.0,1,True
FRA-pistola-de-pintura-daewoo-hvlp-600ml-dw9,Fravega,OTRAS,Herramientas,Pistola de Pintura Daewoo HVLP 600ml DW9U,https://www.fravega.com/p/pistola-de-pintura-daewoo-hvlp-600ml-dw9u-310771/,69999.0,39999.0,1,True
FRA-membrana-liquida-techos-rojo-teja-recupl,Fravega,OTRAS,Herramientas,Membrana Liquida Techos Rojo Teja Recuplast 5kg Sinteplast,https://www.fravega.com/p/membrana-liquida-techos-rojo-teja-recuplast-5kg-sinteplast-990238981/,63323.0,47493.0,1,True
FRA-juego-set-de-herramientas-kroner-300-pie,Fravega,OTRAS,Herramientas,Juego Set De Herramientas Kroner 300 Piezas H124 Profesional Maletin c/ Ruedas,https://www.fravega.com/p/juego-set-de-herramientas-kroner-300-piezas-h124-profesional-maletin-c-ruedas--311331/,299999.0,199999.0,1,True
FRA-bomba-agua-presurizadora-2-banos-marca-g,Fravega,OTRAS,Herramientas,Bomba Agua Presurizadora 2 Banos Marca Garden Plus De Lusqtoff Gps15-8.5 H. Max 8.5 Metros Mejor Presion Calefon Potencia 100w De,https://www.fravega.com/p/bomba-agua-presurizadora-2-banos-marca-garden-plus-de-lusqtoff-gps15-8-5-h-max-8-5-metros-mejor-presion-calefon-potencia-100w-de-22620517/,88275.6,48869.0,1,True
FRA-pistola-de-pintura-hvlp-daewoo-1000ml-dw,Fravega,OTRAS,Herramientas,Pistola de Pintura HVLP Daewoo 1000ml DW8A,https://www.fravega.com/p/pistola-de-pintura-hvlp-daewoo-1000ml-dw8a-310744/,69999.0,39999.0,1,True
FRA-revestimiento-marble-medio-gris-urbano-r,Fravega,OTRAS,Herramientas,Revestimiento Marble Medio Gris Urbano Revear 25 Kg -,https://www.fravega.com/p/revestimiento-marble-medio-gris-urbano-revear-25-kg--990224875/,160719.0,120539.99,1,True
FRA-mini-motosierra-inalambrica-a-bateria-mi,Fravega,OTRAS,Herramientas,Mini Motosierra Inalambrica A Bateria Midow 4200 Rpm,https://www.fravega.com/p/mini-motosierra-inalambrica-a-bateria-midow-4200-rpm-990289257/,73066.0,57299.0,1,True
FRA-carro-porta-herramientas-4-1-admiral-con,Fravega,OTRAS,Herramientas,Carro Porta Herramientas 4 en 1 Admiral con Ganchos Metálicos,https://www.fravega.com/p/carro-porta-herramientas-4-1-admiral-con-ganchos-metalicos-311315/,149999.0,99999.0,1,True
FRA-hidrolavadora-daewoo-1400w-90-bar-con-au,Fravega,OTRAS,Herramientas,Hidrolavadora Daewoo 1400w 90 Bar con Autostop + Accesorios,https://www.fravega.com/p/hidrolavadora-daewoo-1400w-90-bar-con-autostop-accesorios-311494/,144999.0,69999.0,1,True
FRA-amoladora-angular-black--decker-g720n-ar,Fravega,OTRAS,Herramientas,Amoladora Angular Black & Decker G720N-AR,https://www.fravega.com/p/amoladora-angular-black--decker-g720n-ar-310339/,74999.0,49999.0,1,True
FRA-taladro-percutor-inalambrico-goodyear-21,Fravega,OTRAS,Herramientas,Taladro Percutor Inalambrico Goodyear 21v 10mm Fs Azul 50hz,https://www.fravega.com/p/taladro-percutor-inalambrico-goodyear-21v-10mm-fs-azul-50hz-22626889/,73373.67,49160.37,1,True
FRA-hidrolavadora-gamma-1700w-pro-wash-2000-,Fravega,OTRAS,Herramientas,Hidrolavadora Gamma 1700w Pro Wash 2000 140bar G2517AR,https://www.fravega.com/p/hidrolavadora-gamma-1700w-pro-wash-2000-140bar-g2517ar-310629/,164999.0,99999.0,1,True
FRA-amoladora-angular-taladro-percutor-daewo,Fravega,OTRAS,Herramientas,Amoladora Angular + Taladro Percutor Daewoo 750w Combo Pack,https://www.fravega.com/p/amoladora-angular-taladro-percutor-daewoo-750w-combo-pack-311188/,114999.0,69999.0,1,True
FRA-rotomartillo-taladro-percutor-lusqtoff-8,Fravega,OTRAS,Herramientas,Rotomartillo Taladro Percutor Lusqtoff 850W SDS Plus RML850-7,https://www.fravega.com/p/rotomartillo-taladro-percutor-lusqtoff-850w-sds-plus-rml850-7-22631705/,150740.79,81859.0,1,True
FRA-bordeadora-tramontina-ap1500t-1500w-220v,Fravega,OTRAS,Herramientas,Bordeadora Tramontina AP1500T 1500w 220v Negro y Naranja,https://www.fravega.com/p/bordeadora-tramontina-ap1500t-1500w-220v-negro-y-naranja-311140/,129999.0,89999.0,1,True
FRA-set-herramientas-manuales-black--decker-,Fravega,OTRAS,Herramientas,Set Herramientas Manuales Black & Decker 152 Pzs BMT152C-AR,https://www.fravega.com/p/set-herramientas-manuales-black--decker-152-pzs-bmt152c-ar-310584/,99999.0,59999.0,1,True
FRA-soldadora-inverter-lusqtoff-megairon100-,Fravega,OTRAS,Herramientas,Soldadora Inverter Lusqtoff Megairon100-8 Mascara Escuadras Magneticas Naranja/negro 220v 50hz,https://www.fravega.com/p/soldadora-inverter-lusqtoff-megairon100-8-mascara-escuadras-magneticas-naranja-negro-220v-50hz-22721052/,336000.0,167669.0,1,True
FRA-bordeadora-electrica-severbon-bp1000-100,Fravega,OTRAS,Herramientas,Bordeadora Eléctrica Severbon BP1000 1000w,https://www.fravega.com/p/bordeadora-electrica-severbon-bp1000-1000w-310876/,99999.0,59999.0,1,True
FRA-cortadora-de-cesped-electrica-1600w-blac,Fravega,OTRAS,Herramientas,Cortadora de Césped Eléctrica 1600W Black & Decker GR3850-AR,https://www.fravega.com/p/cortadora-de-cesped-electrica-1600w-black--decker-gr3850-ar-310385/,599999.0,349999.0,1,True
FRA-taladro-atornillador-inalambrico-18v-dac,Fravega,OTRAS,Herramientas,Taladro Atornillador Inalámbrico 18v DACD1800V2 + 54 Accesorios Con Maletín,https://www.fravega.com/p/taladro-atornillador-inalambrico-18v-dacd1800v2-54-accesorios-con-maletin-310420/,174999.0,129999.0,1,True
FRA-amoladora-bosch-gws-700-professional-115,Fravega,BOSCH,Herramientas,Amoladora Bosch GWS 700 Professional 115mm 12000 RPM 220v,https://www.fravega.com/p/amoladora-bosch-gws-700-professional-115mm-12000-rpm-220v-310453/,124999.0,79999.0,1,True
FRA-maletin-completo-de-245-herramientas-pie,Fravega,OTRAS,Herramientas,Maletin Completo De 245 Herramientas Piezas Pinzas Llaves Naranja,https://www.fravega.com/p/maletin-completo-de-245-herramientas-piezas-pinzas-llaves-naranja-22633907/,303483.59,158439.0,1,True
FRA-escalera-de-aluminio-4x4-articulada-16-e,Fravega,OTRAS,Herramientas,Escalera de Aluminio 4x4 Articulada 16 Escalones Gross Multipropósito,https://www.fravega.com/p/escalera-de-aluminio-4x4-articulada-16-escalones-gross-multiproposito-311316/,199999.0,169999.0,1,True
FRA-revestimiento-de-pared-exterior-acanalad,Fravega,OTRAS,Herramientas,"Revestimiento de Pared Exterior Acanalado - WPC - 2,9 MTS x 22 CM",https://www.fravega.com/p/revestimiento-de-pared-exterior-acanalado-wpc-2-9-mts-x-22-cm--22635257/,99999.0,79499.0,1,True
FRA-kit-de-herramientas-daewoo-set-96-pzs-da,Fravega,OTRAS,Herramientas,Kit de Herramientas Daewoo Set 96 Pzs DAHTS96 Tubos c/ Maletín,https://www.fravega.com/p/kit-de-herramientas-daewoo-set-96-pzs-dahts96-tubos-c-maletin-311011/,129999.0,89999.0,1,True
FRA-griferia-eurogrif-monocomando-cocina-roc,Fravega,OTRAS,Herramientas,Griferia Eurogrif Monocomando Cocina Rociador Flexible Gourmet,https://www.fravega.com/p/griferia-eurogrif-monocomando-cocina-rociador-flexible-gourmet-311354/,59999.0,39999.0,1,True
FRA-membrana-caucho-goma-impermeabilizante-t,Fravega,OTRAS,Herramientas,Membrana Caucho Goma Impermeabilizante Topline Blanco 20 Kg,https://www.fravega.com/p/membrana-caucho-goma-impermeabilizante-topline-blanco-20-kg-990267058/,120149.0,102127.0,1,True
FRA-kit-de-herramientas-daewoo-set-108-pzs-d,Fravega,OTRAS,Herramientas,Kit de Herramientas Daewoo Set 108 Pzs DWS108B Llaves Tubo Criquet,https://www.fravega.com/p/kit-de-herramientas-daewoo-set-108-pzs-dws108b-llaves-tubo-criquet-311001/,124999.0,99999.0,1,True
FRA-membrana-pasta-recuplast-tradicional-bla,Fravega,OTRAS,Herramientas,Membrana Pasta Recuplast Tradicional Blanco 4kg Sinteplast,https://www.fravega.com/p/membrana-pasta-recuplast-tradicional-blanco-4kg-sinteplast-990235883/,55006.0,41255.0,1,True
FRA-loxon-piscinas-pintura-para-piletas-azul,Fravega,OTRAS,Herramientas,Loxon Piscinas Pintura Para Piletas Azul 10lts - Rex,https://www.fravega.com/p/loxon-piscinas-pintura-para-piletas-azul-10lts-rex-990182337/,252646.0,197064.0,1,True
FRA-bomba-de-agua-presurizadoras-daewoo-daep,Fravega,OTRAS,Herramientas,Bomba de Agua Presurizadoras Daewoo DAEPRES100,https://www.fravega.com/p/bomba-de-agua-presurizadoras-daewoo-daepres100-311061/,99999.0,64999.0,1,True
FRA-casablanca-pro-latex-interior-exterior-2,Fravega,OTRAS,Herramientas,Casablanca Pro Latex Interior/exterior 20 Lt - Rex,https://www.fravega.com/p/casablanca-pro-latex-interior-exterior-20-lt-rex-990181658/,147630.0,110723.0,1,True
FRA-rotomartillo-stanley-sthr1232k-ar-311124,Fravega,OTRAS,Herramientas,Rotomartillo Stanley STHR1232K-AR,https://www.fravega.com/p/rotomartillo-stanley-sthr1232k-ar-311124/,399999.0,299999.0,1,True
FRA-pistola-de-pintura-daewoo-hvlp-600ml-dw9,Fravega,OTRAS,Herramientas,Pistola de Pintura Daewoo HVLP 600ml DW9U,https://www.fravega.com/p/pistola-de-pintura-daewoo-hvlp-600ml-dw9u-310771/,69999.0,39999.0,1,True
FRA-membrana-liquida-techos-rojo-teja-recupl,Fravega,OTRAS,Herramientas,Membrana Liquida Techos Rojo Teja Recuplast 5kg Sinteplast,https://www.fravega.com/p/membrana-liquida-techos-rojo-teja-recuplast-5kg-sinteplast-990238981/,63323.0,47493.0,1,True
FRA-juego-set-de-herramientas-kroner-300-pie,Fravega,OTRAS,Herramientas,Juego Set De Herramientas Kroner 300 Piezas H124 Profesional Maletin c/ Ruedas,https://www.fravega.com/p/juego-set-de-herramientas-kroner-300-piezas-h124-profesional-maletin-c-ruedas--311331/,299999.0,199999.0,1,True
FRA-bomba-agua-presurizadora-2-banos-marca-g,Fravega,OTRAS,Herramientas,Bomba Agua Presurizadora 2 Banos Marca Garden Plus De Lusqtoff Gps15-8.5 H. Max 8.5 Metros Mejor Presion Calefon Potencia 100w De,https://www.fravega.com/p/bomba-agua-presurizadora-2-banos-marca-garden-plus-de-lusqtoff-gps15-8-5-h-max-8-5-metros-mejor-presion-calefon-potencia-100w-de-22620517/,88275.6,48869.0,1,True
FRA-pistola-de-pintura-hvlp-daewoo-1000ml-dw,Fravega,OTRAS,Herramientas,Pistola de Pintura HVLP Daewoo 1000ml DW8A,https://www.fravega.com/p/pistola-de-pintura-hvlp-daewoo-1000ml-dw8a-310744/,69999.0,39999.0,1,True
FRA-revestimiento-marble-medio-gris-urbano-r,Fravega,OTRAS,Herramientas,Revestimiento Marble Medio Gris Urbano Revear 25 Kg -,https://www.fravega.com/p/revestimiento-marble-medio-gris-urbano-revear-25-kg--990224875/,160719.0,120539.99,1,True
FRA-mini-motosierra-inalambrica-a-bateria-mi,Fravega,OTRAS,Herramientas,Mini Motosierra Inalambrica A Bateria Midow 4200 Rpm,https://www.fravega.com/p/mini-motosierra-inalambrica-a-bateria-midow-4200-rpm-990289257/,73066.0,57299.0,1,True
FRA-carro-porta-herramientas-4-1-admiral-con,Fravega,OTRAS,Herramientas,Carro Porta Herramientas 4 en 1 Admiral con Ganchos Metálicos,https://www.fravega.com/p/carro-porta-herramientas-4-1-admiral-con-ganchos-metalicos-311315/,149999.0,99999.0,1,True
FRA-hidrolavadora-daewoo-1400w-90-bar-con-au,Fravega,OTRAS,Herramientas,Hidrolavadora Daewoo 1400w 90 Bar con Autostop + Accesorios,https://www.fravega.com/p/hidrolavadora-daewoo-1400w-90-bar-con-autostop-accesorios-311494/,144999.0,69999.0,1,True
FRA-amoladora-angular-black--decker-g720n-ar,Fravega,OTRAS,Herramientas,Amoladora Angular Black & Decker G720N-AR,https://www.fravega.com/p/amoladora-angular-black--decker-g720n-ar-310339/,74999.0,49999.0,1,True
FRA-taladro-percutor-inalambrico-goodyear-21,Fravega,OTRAS,Herramientas,Taladro Percutor Inalambrico Goodyear 21v 10mm Fs Azul 50hz,https://www.fravega.com/p/taladro-percutor-inalambrico-goodyear-21v-10mm-fs-azul-50hz-22626889/,73373.67,49160.37,1,True
FRA-hidrolavadora-gamma-1700w-pro-wash-2000-,Fravega,OTRAS,Herramientas,Hidrolavadora Gamma 1700w Pro Wash 2000 140bar G2517AR,https://www.fravega.com/p/hidrolavadora-gamma-1700w-pro-wash-2000-140bar-g2517ar-310629/,164999.0,99999.0,1,True
FRA-amoladora-angular-taladro-percutor-daewo,Fravega,OTRAS,Herramientas,Amoladora Angular + Taladro Percutor Daewoo 750w Combo Pack,https://www.fravega.com/p/amoladora-angular-taladro-percutor-daewoo-750w-combo-pack-311188/,114999.0,69999.0,1,True
FRA-rotomartillo-taladro-percutor-lusqtoff-8,Fravega,OTRAS,Herramientas,Rotomartillo Taladro Percutor Lusqtoff 850W SDS Plus RML850-7,https://www.fravega.com/p/rotomartillo-taladro-percutor-lusqtoff-850w-sds-plus-rml850-7-22631705/,150740.79,81859.0,1,True
FRA-bordeadora-tramontina-ap1500t-1500w-220v,Fravega,OTRAS,Herramientas,Bordeadora Tramontina AP1500T 1500w 220v Negro y Naranja,https://www.fravega.com/p/bordeadora-tramontina-ap1500t-1500w-220v-negro-y-naranja-311140/,129999.0,89999.0,1,True
FRA-set-herramientas-manuales-black--decker-,Fravega,OTRAS,Herramientas,Set Herramientas Manuales Black & Decker 152 Pzs BMT152C-AR,https://www.fravega.com/p/set-herramientas-manuales-black--decker-152-pzs-bmt152c-ar-310584/,99999.0,59999.0,1,True
FRA-soldadora-inverter-lusqtoff-megairon100-,Fravega,OTRAS,Herramientas,Soldadora Inverter Lusqtoff Megairon100-8 Mascara Escuadras Magneticas Naranja/negro 220v 50hz,https://www.fravega.com/p/soldadora-inverter-lusqtoff-megairon100-8-mascara-escuadras-magneticas-naranja-negro-220v-50hz-22721052/,336000.0,167669.0,1,True
FRA-bordeadora-electrica-severbon-bp1000-100,Fravega,OTRAS,Herramientas,Bordeadora Eléctrica Severbon BP1000 1000w,https://www.fravega.com/p/bordeadora-electrica-severbon-bp1000-1000w-310876/,99999.0,59999.0,1,True
FRA-cortadora-de-cesped-electrica-1600w-blac,Fravega,OTRAS,Herramientas,Cortadora de Césped Eléctrica 1600W Black & Decker GR3850-AR,https://www.fravega.com/p/cortadora-de-cesped-electrica-1600w-black--decker-gr3850-ar-310385/,599999.0,349999.0,1,True
FRA-taladro-atornillador-inalambrico-18v-dac,Fravega,OTRAS,Herramientas,Taladro Atornillador Inalámbrico 18v DACD1800V2 + 54 Accesorios Con Maletín,https://www.fravega.com/p/taladro-atornillador-inalambrico-18v-dacd1800v2-54-accesorios-con-maletin-310420/,174999.0,129999.0,1,True
FRA-amoladora-bosch-gws-700-professional-115,Fravega,BOSCH,Herramientas,Amoladora Bosch GWS 700 Professional 115mm 12000 RPM 220v,https://www.fravega.com/p/amoladora-bosch-gws-700-professional-115mm-12000-rpm-220v-310453/,124999.0,79999.0,1,True
FRA-maletin-completo-de-245-herramientas-pie,Fravega,OTRAS,Herramientas,Maletin Completo De 245 Herramientas Piezas Pinzas Llaves Naranja,https://www.fravega.com/p/maletin-completo-de-245-herramientas-piezas-pinzas-llaves-naranja-22633907/,303483.59,158439.0,1,True
FRA-escalera-de-aluminio-4x4-articulada-16-e,Fravega,OTRAS,Herramientas,Escalera de Aluminio 4x4 Articulada 16 Escalones Gross Multipropósito,https://www.fravega.com/p/escalera-de-aluminio-4x4-articulada-16-escalones-gross-multiproposito-311316/,199999.0,169999.0,1,True
FRA-revestimiento-de-pared-exterior-acanalad,Fravega,OTRAS,Herramientas,"Revestimiento de Pared Exterior Acanalado - WPC - 2,9 MTS x 22 CM",https://www.fravega.com/p/revestimiento-de-pared-exterior-acanalado-wpc-2-9-mts-x-22-cm--22635257/,99999.0,79499.0,1,True
FRA-kit-de-herramientas-daewoo-set-96-pzs-da,Fravega,OTRAS,Herramientas,Kit de Herramientas Daewoo Set 96 Pzs DAHTS96 Tubos c/ Maletín,https://www.fravega.com/p/kit-de-herramientas-daewoo-set-96-pzs-dahts96-tubos-c-maletin-311011/,129999.0,89999.0,1,True
FRA-griferia-eurogrif-monocomando-cocina-roc,Fravega,OTRAS,Herramientas,Griferia Eurogrif Monocomando Cocina Rociador Flexible Gourmet,https://www.fravega.com/p/griferia-eurogrif-monocomando-cocina-rociador-flexible-gourmet-311354/,59999.0,39999.0,1,True
FRA-membrana-caucho-goma-impermeabilizante-t,Fravega,OTRAS,Herramientas,Membrana Caucho Goma Impermeabilizante Topline Blanco 20 Kg,https://www.fravega.com/p/membrana-caucho-goma-impermeabilizante-topline-blanco-20-kg-990267058/,120149.0,102127.0,1,True
FRA-kit-de-herramientas-daewoo-set-108-pzs-d,Fravega,OTRAS,Herramientas,Kit de Herramientas Daewoo Set 108 Pzs DWS108B Llaves Tubo Criquet,https://www.fravega.com/p/kit-de-herramientas-daewoo-set-108-pzs-dws108b-llaves-tubo-criquet-311001/,124999.0,99999.0,1,True
FRA-membrana-pasta-recuplast-tradicional-bla,Fravega,OTRAS,Herramientas,Membrana Pasta Recuplast Tradicional Blanco 4kg Sinteplast,https://www.fravega.com/p/membrana-pasta-recuplast-tradicional-blanco-4kg-sinteplast-990235883/,55006.0,41255.0,1,True
FRA-loxon-piscinas-pintura-para-piletas-azul,Fravega,OTRAS,Herramientas,Loxon Piscinas Pintura Para Piletas Azul 10lts - Rex,https://www.fravega.com/p/loxon-piscinas-pintura-para-piletas-azul-10lts-rex-990182337/,252646.0,197064.0,1,True
FRA-bomba-de-agua-presurizadoras-daewoo-daep,Fravega,OTRAS,Herramientas,Bomba de Agua Presurizadoras Daewoo DAEPRES100,https://www.fravega.com/p/bomba-de-agua-presurizadoras-daewoo-daepres100-311061/,99999.0,64999.0,1,True
FRA-casablanca-pro-latex-interior-exterior-2,Fravega,OTRAS,Herramientas,Casablanca Pro Latex Interior/exterior 20 Lt - Rex,https://www.fravega.com/p/casablanca-pro-latex-interior-exterior-20-lt-rex-990181658/,147630.0,110723.0,1,True
FRA-rotomartillo-stanley-sthr1232k-ar-311124,Fravega,OTRAS,Herramientas,Rotomartillo Stanley STHR1232K-AR,https://www.fravega.com/p/rotomartillo-stanley-sthr1232k-ar-311124/,399999.0,299999.0,1,True
FRA-pistola-de-pintura-daewoo-hvlp-600ml-dw9,Fravega,OTRAS,Herramientas,Pistola de Pintura Daewoo HVLP 600ml DW9U,https://www.fravega.com/p/pistola-de-pintura-daewoo-hvlp-600ml-dw9u-310771/,69999.0,39999.0,1,True
FRA-membrana-liquida-techos-rojo-teja-recupl,Fravega,OTRAS,Herramientas,Membrana Liquida Techos Rojo Teja Recuplast 5kg Sinteplast,https://www.fravega.com/p/membrana-liquida-techos-rojo-teja-recuplast-5kg-sinteplast-990238981/,63323.0,47493.0,1,True
FRA-juego-set-de-herramientas-kroner-300-pie,Fravega,OTRAS,Herramientas,Juego Set De Herramientas Kroner 300 Piezas H124 Profesional Maletin c/ Ruedas,https://www.fravega.com/p/juego-set-de-herramientas-kroner-300-piezas-h124-profesional-maletin-c-ruedas--311331/,299999.0,199999.0,1,True
FRA-bomba-agua-presurizadora-2-banos-marca-g,Fravega,OTRAS,Herramientas,Bomba Agua Presurizadora 2 Banos Marca Garden Plus De Lusqtoff Gps15-8.5 H. Max 8.5 Metros Mejor Presion Calefon Potencia 100w De,https://www.fravega.com/p/bomba-agua-presurizadora-2-banos-marca-garden-plus-de-lusqtoff-gps15-8-5-h-max-8-5-metros-mejor-presion-calefon-potencia-100w-de-22620517/,88275.6,48869.0,1,True
FRA-pistola-de-pintura-hvlp-daewoo-1000ml-dw,Fravega,OTRAS,Herramientas,Pistola de Pintura HVLP Daewoo 1000ml DW8A,https://www.fravega.com/p/pistola-de-pintura-hvlp-daewoo-1000ml-dw8a-310744/,69999.0,39999.0,1,True
FRA-revestimiento-marble-medio-gris-urbano-r,Fravega,OTRAS,Herramientas,Revestimiento Marble Medio Gris Urbano Revear 25 Kg -,https://www.fravega.com/p/revestimiento-marble-medio-gris-urbano-revear-25-kg--990224875/,160719.0,120539.99,1,True
FRA-mini-motosierra-inalambrica-a-bateria-mi,Fravega,OTRAS,Herramientas,Mini Motosierra Inalambrica A Bateria Midow 4200 Rpm,https://www.fravega.com/p/mini-motosierra-inalambrica-a-bateria-midow-4200-rpm-990289257/,73066.0,57299.0,1,True
FRA-carro-porta-herramientas-4-1-admiral-con,Fravega,OTRAS,Herramientas,Carro Porta Herramientas 4 en 1 Admiral con Ganchos Metálicos,https://www.fravega.com/p/carro-porta-herramientas-4-1-admiral-con-ganchos-metalicos-311315/,149999.0,99999.0,1,True
FRA-hidrolavadora-daewoo-1400w-90-bar-con-au,Fravega,OTRAS,Herramientas,Hidrolavadora Daewoo 1400w 90 Bar con Autostop + Accesorios,https://www.fravega.com/p/hidrolavadora-daewoo-1400w-90-bar-con-autostop-accesorios-311494/,144999.0,69999.0,1,True
FRA-amoladora-angular-black--decker-g720n-ar,Fravega,OTRAS,Herramientas,Amoladora Angular Black & Decker G720N-AR,https://www.fravega.com/p/amoladora-angular-black--decker-g720n-ar-310339/,74999.0,49999.0,1,True
FRA-taladro-percutor-inalambrico-goodyear-21,Fravega,OTRAS,Herramientas,Taladro Percutor Inalambrico Goodyear 21v 10mm Fs Azul 50hz,https://www.fravega.com/p/taladro-percutor-inalambrico-goodyear-21v-10mm-fs-azul-50hz-22626889/,73373.67,49160.37,1,True
FRA-hidrolavadora-gamma-1700w-pro-wash-2000-,Fravega,OTRAS,Herramientas,Hidrolavadora Gamma 1700w Pro Wash 2000 140bar G2517AR,https://www.fravega.com/p/hidrolavadora-gamma-1700w-pro-wash-2000-140bar-g2517ar-310629/,164999.0,99999.0,1,True
FRA-amoladora-angular-taladro-percutor-daewo,Fravega,OTRAS,Herramientas,Amoladora Angular + Taladro Percutor Daewoo 750w Combo Pack,https://www.fravega.com/p/amoladora-angular-taladro-percutor-daewoo-750w-combo-pack-311188/,114999.0,69999.0,1,True
FRA-rotomartillo-taladro-percutor-lusqtoff-8,Fravega,OTRAS,Herramientas,Rotomartillo Taladro Percutor Lusqtoff 850W SDS Plus RML850-7,https://www.fravega.com/p/rotomartillo-taladro-percutor-lusqtoff-850w-sds-plus-rml850-7-22631705/,150740.79,81859.0,1,True
FRA-bordeadora-tramontina-ap1500t-1500w-220v,Fravega,OTRAS,Herramientas,Bordeadora Tramontina AP1500T 1500w 220v Negro y Naranja,https://www.fravega.com/p/bordeadora-tramontina-ap1500t-1500w-220v-negro-y-naranja-311140/,129999.0,89999.0,1,True
FRA-set-herramientas-manuales-black--decker-,Fravega,OTRAS,Herramientas,Set Herramientas Manuales Black & Decker 152 Pzs BMT152C-AR,https://www.fravega.com/p/set-herramientas-manuales-black--decker-152-pzs-bmt152c-ar-310584/,99999.0,59999.0,1,True
FRA-soldadora-inverter-lusqtoff-megairon100-,Fravega,OTRAS,Herramientas,Soldadora Inverter Lusqtoff Megairon100-8 Mascara Escuadras Magneticas Naranja/negro 220v 50hz,https://www.fravega.com/p/soldadora-inverter-lusqtoff-megairon100-8-mascara-escuadras-magneticas-naranja-negro-220v-50hz-22721052/,336000.0,167669.0,1,True
FRA-bordeadora-electrica-severbon-bp1000-100,Fravega,OTRAS,Herramientas,Bordeadora Eléctrica Severbon BP1000 1000w,https://www.fravega.com/p/bordeadora-electrica-severbon-bp1000-1000w-310876/,99999.0,59999.0,1,True
FRA-cortadora-de-cesped-electrica-1600w-blac,Fravega,OTRAS,Herramientas,Cortadora de Césped Eléctrica 1600W Black & Decker GR3850-AR,https://www.fravega.com/p/cortadora-de-cesped-electrica-1600w-black--decker-gr3850-ar-310385/,599999.0,349999.0,1,True
FRA-taladro-atornillador-inalambrico-18v-dac,Fravega,OTRAS,Herramientas,Taladro Atornillador Inalámbrico 18v DACD1800V2 + 54 Accesorios Con Maletín,https://www.fravega.com/p/taladro-atornillador-inalambrico-18v-dacd1800v2-54-accesorios-con-maletin-310420/,174999.0,129999.0,1,True
FRA-amoladora-bosch-gws-700-professional-115,Fravega,BOSCH,Herramientas,Amoladora Bosch GWS 700 Professional 115mm 12000 RPM 220v,https://www.fravega.com/p/amoladora-bosch-gws-700-professional-115mm-12000-rpm-220v-310453/,124999.0,79999.0,1,True
FRA-maletin-completo-de-245-herramientas-pie,Fravega,OTRAS,Herramientas,Maletin Completo De 245 Herramientas Piezas Pinzas Llaves Naranja,https://www.fravega.com/p/maletin-completo-de-245-herramientas-piezas-pinzas-llaves-naranja-22633907/,303483.59,158439.0,1,True
FRA-sistema-sonido-philco-94djp41-401509,Fravega,PHILCO,Audio,Sistema Sonido Philco 94DJP41,https://www.fravega.com/p/sistema-sonido-philco-94djp41-401509/,179999.0,79999.0,1,True
FRA-parlante-portatil-jbl-charge-5-negro-401,Fravega,OTRAS,Audio,Parlante Portatil JBL Charge 5 Negro,https://www.fravega.com/p/parlante-portatil-jbl-charge-5-negro-401879/,399999.0,349999.0,1,True
FRA-torre-de-sonido-aiwa-aw-t381-7000-watts-,Fravega,OTRAS,Audio,Torre de Sonido Aiwa AW-T381 7000 Watts + Micrófono,https://www.fravega.com/p/torre-de-sonido-aiwa-aw-t381-7000-watts-microfono-401702/,249999.0,129999.0,1,True
FRA-auricular-xiaomi-redmi-buds-5-pro-midnig,Fravega,XIAOMI,Audio,Auricular Xiaomi Redmi Buds 5 Pro Midnight Black Color Negro,https://www.fravega.com/p/auricular-xiaomi-redmi-buds-5-pro-midnight-black-color-negro-22652382/,131999.0,104999.0,1,True
FRA-torre-de-sonido-philips-bluetooth-tax220,Fravega,PHILIPS,Audio,Torre de sonido Philips Bluetooth TAX2208/00,https://www.fravega.com/p/torre-de-sonido-philips-bluetooth-tax2208-00-401465/,118429.0,99999.0,1,True
FRA-parlante-portatil-jbl-go-4-red-402040,Fravega,OTRAS,Audio,Parlante Portátil JBL Go 4 Red,https://www.fravega.com/p/parlante-portatil-jbl-go-4-red-402040/,99999.0,82643.8,1,True
FRA-auriculares-inalambricos-sony-wh-ch520-b,Fravega,SONY,Audio,Auriculares Inalámbricos Sony WH-CH520/BZ Negro,https://www.fravega.com/p/auriculares-inalambricos-sony-wh-ch520-bz-negro-596844/,109999.0,98999.0,1,True
FRA-parlante-soundcore-rave-3s-200w-karaoke-,Fravega,OTRAS,Audio,Parlante Soundcore Rave 3S 200W Karaoke con Inteligencia Artificial + 2 Micrófonos Inalámbricos,https://www.fravega.com/p/parlante-soundcore-rave-3s-200w-karaoke-con-inteligencia-artificial-2-microfonos-inalambricos-401587/,899999.0,499999.0,1,True
FRA-auriculares-admiral-ad-f9-negro-596383,Fravega,OTRAS,Audio,Auriculares Admiral AD-F9 Negro,https://www.fravega.com/p/auriculares-admiral-ad-f9-negro-596383/,12999.0,5999.0,1,True
FRA-auriculares-xiaomi-redmi-buds-6-play-blu,Fravega,XIAOMI,Audio,Auriculares Xiaomi Redmi Buds 6 Play Bluetooth 5.4 Black Negro,https://www.fravega.com/p/auriculares-xiaomi-redmi-buds-6-play-bluetooth-5-4-black-negro-22624554/,33999.0,24499.0,1,True
FRA-sistema-de-sonido-admiral-ad-ly06d27-401,Fravega,OTRAS,Audio,Sistema de Sonido Admiral AD-LY06D27,https://www.fravega.com/p/sistema-de-sonido-admiral-ad-ly06d27-401266/,274999.0,169999.0,1,True
FRA-auriculares-admiral-ad-k6-negro-596363,Fravega,OTRAS,Audio,Auriculares Admiral AD-K6 Negro,https://www.fravega.com/p/auriculares-admiral-ad-k6-negro-596363/,12999.0,6499.0,1,True
FRA-auriculares-motorola-moto-buds-065-tofu-,Fravega,MOTOROLA,Audio,Auriculares Motorola Moto Buds 065 Tofu,https://www.fravega.com/p/auriculares-motorola-moto-buds-065-tofu-596314/,59999.0,34999.0,1,True
FRA-auriculares-inalambricos-tws-soundcore-b,Fravega,OTRAS,Audio,Auriculares Inalámbricos Tws Soundcore By Anker P30i Black Negro,https://www.fravega.com/p/auriculares-inalambricos-tws-soundcore-by-anker-p30i-black-negro-990283264/,53499.0,43999.0,1,True
FRA-sistema-de-sonido-philco-94tpl5500-negro,Fravega,PHILCO,Audio,Sistema de Sonido Philco 94TPL5500 Negro,https://www.fravega.com/p/sistema-de-sonido-philco-94tpl5500-negro-401381/,579999.0,449999.0,1,True
FRA-parlante-portatil-philco-94sph609-401481,Fravega,PHILCO,Audio,Parlante Portátil Philco 94SPH609,https://www.fravega.com/p/parlante-portatil-philco-94sph609-401481/,63999.0,39999.0,1,True
FRA-auriculares-bluetooth-jbl-tune-flex-2-ne,Fravega,OTRAS,Audio,Auriculares Bluetooth JBL Tune Flex 2 negros,https://www.fravega.com/p/auriculares-bluetooth-jbl-tune-flex-2-negros-597003/,214999.0,152999.0,1,True
FRA-sistema-de-sonido-philco-94tpl4500-negro,Fravega,PHILCO,Audio,Sistema de Sonido Philco 94TPL4500 Negro,https://www.fravega.com/p/sistema-de-sonido-philco-94tpl4500-negro-401371/,405999.0,329999.0,1,True
FRA-audifonos-inalambricos-xiaomi-redmi-buds,Fravega,XIAOMI,Audio,Audifonos Inalambricos Xiaomi Redmi Buds 6 Play Bt 5.4 Color Sky Blue,https://www.fravega.com/p/audifonos-inalambricos-xiaomi-redmi-buds-6-play-bt-5-4-color-sky-blue-22803217/,33999.0,24499.0,1,True
FRA-torre-de-sonido-noblex-bluetooth-3200w-m,Fravega,NOBLEX,Audio,Torre De Sonido Noblex Bluetooth 3200W MNT290,https://www.fravega.com/p/torre-de-sonido-noblex-bluetooth-3200w-mnt290-20057821/,255199.0,178999.0,1,True
FRA-auriculares-inalambricos-aiwa-twa-100-ne,Fravega,OTRAS,Audio,Auriculares Inalámbricos Aiwa TWA-100 Negro,https://www.fravega.com/p/auriculares-inalambricos-aiwa-twa-100-negro-596089/,44999.0,12999.0,1,True
FRA-auricular-aiwa-twa-80b-blanco-595837,Fravega,OTRAS,Audio,Auricular Aiwa TWA-80B Blanco,https://www.fravega.com/p/auricular-aiwa-twa-80b-blanco-595837/,29999.0,9999.0,1,True
FRA-auriculares-admiral-ad-m90-negro-596931,Fravega,OTRAS,Audio,Auriculares Admiral AD-M90 Negro,https://www.fravega.com/p/auriculares-admiral-ad-m90-negro-596931/,15999.0,6499.0,1,True
FRA-auriculares-jbl-tune-520-negro-595991,Fravega,OTRAS,Audio,Auriculares JBL Tune 520 Negro,https://www.fravega.com/p/auriculares-jbl-tune-520-negro-595991/,101999.0,68499.0,1,True
FRA-auriculares-philips-tat1209bk-00-negro-5,Fravega,PHILIPS,Audio,Auriculares Philips TAT1209BK/00 Negro,https://www.fravega.com/p/auriculares-philips-tat1209bk-00-negro-595829/,54099.0,29999.0,1,True
FRA-parlante-portatil-bluetooth-jbl-go-essen,Fravega,OTRAS,Audio,Parlante Portátil Bluetooth JBL GO Essential Negro,https://www.fravega.com/p/parlante-portatil-bluetooth-jbl-go-essential-negro-401234/,60299.0,49833.88,1,True
FRA-auriculares-ear-noblex-hp05-negro-595665,Fravega,NOBLEX,Audio,Auriculares In Ear Noblex HP05 Negro,https://www.fravega.com/p/auriculares-ear-noblex-hp05-negro-595665/,6999.0,4999.0,1,True
FRA-auriculares-inalambricos-proline-rosa-bl,Fravega,OTRAS,Audio,Auriculares Inalámbricos Proline Rosa Bluetooth PLA5,https://www.fravega.com/p/auriculares-inalambricos-proline-rosa-bluetooth-pla5-990153003/,28599.0,6599.0,1,True
FRA-auriculares-panacom-bluetooth-hpb14320-5,Fravega,HP,Audio,Auriculares Panacom Bluetooth HPB14320,https://www.fravega.com/p/auriculares-panacom-bluetooth-hpb14320-597227/,39999.0,13999.0,1,True
FRA-auriculares-jbl-bluetooth-tune-770nc-neg,Fravega,OTRAS,Audio,Auriculares JBL Bluetooth Tune 770NC Negro,https://www.fravega.com/p/auriculares-jbl-bluetooth-tune-770nc-negro-596225/,182849.0,151114.88,1,True
FRA-sistema-sonido-philco-94djp41-401509,Fravega,PHILCO,Audio,Sistema Sonido Philco 94DJP41,https://www.fravega.com/p/sistema-sonido-philco-94djp41-401509/,179999.0,79999.0,1,True
FRA-parlante-portatil-jbl-charge-5-negro-401,Fravega,OTRAS,Audio,Parlante Portatil JBL Charge 5 Negro,https://www.fravega.com/p/parlante-portatil-jbl-charge-5-negro-401879/,399999.0,349999.0,1,True
FRA-torre-de-sonido-aiwa-aw-t381-7000-watts-,Fravega,OTRAS,Audio,Torre de Sonido Aiwa AW-T381 7000 Watts + Micrófono,https://www.fravega.com/p/torre-de-sonido-aiwa-aw-t381-7000-watts-microfono-401702/,249999.0,129999.0,1,True
FRA-auricular-xiaomi-redmi-buds-5-pro-midnig,Fravega,XIAOMI,Audio,Auricular Xiaomi Redmi Buds 5 Pro Midnight Black Color Negro,https://www.fravega.com/p/auricular-xiaomi-redmi-buds-5-pro-midnight-black-color-negro-22652382/,131999.0,104999.0,1,True
FRA-torre-de-sonido-philips-bluetooth-tax220,Fravega,PHILIPS,Audio,Torre de sonido Philips Bluetooth TAX2208/00,https://www.fravega.com/p/torre-de-sonido-philips-bluetooth-tax2208-00-401465/,118429.0,99999.0,1,True
FRA-parlante-portatil-jbl-go-4-red-402040,Fravega,OTRAS,Audio,Parlante Portátil JBL Go 4 Red,https://www.fravega.com/p/parlante-portatil-jbl-go-4-red-402040/,99999.0,82643.8,1,True
FRA-auriculares-inalambricos-sony-wh-ch520-b,Fravega,SONY,Audio,Auriculares Inalámbricos Sony WH-CH520/BZ Negro,https://www.fravega.com/p/auriculares-inalambricos-sony-wh-ch520-bz-negro-596844/,109999.0,98999.0,1,True
FRA-parlante-soundcore-rave-3s-200w-karaoke-,Fravega,OTRAS,Audio,Parlante Soundcore Rave 3S 200W Karaoke con Inteligencia Artificial + 2 Micrófonos Inalámbricos,https://www.fravega.com/p/parlante-soundcore-rave-3s-200w-karaoke-con-inteligencia-artificial-2-microfonos-inalambricos-401587/,899999.0,499999.0,1,True
FRA-auriculares-admiral-ad-f9-negro-596383,Fravega,OTRAS,Audio,Auriculares Admiral AD-F9 Negro,https://www.fravega.com/p/auriculares-admiral-ad-f9-negro-596383/,12999.0,5999.0,1,True
FRA-auriculares-xiaomi-redmi-buds-6-play-blu,Fravega,XIAOMI,Audio,Auriculares Xiaomi Redmi Buds 6 Play Bluetooth 5.4 Black Negro,https://www.fravega.com/p/auriculares-xiaomi-redmi-buds-6-play-bluetooth-5-4-black-negro-22624554/,33999.0,24499.0,1,True
FRA-sistema-de-sonido-admiral-ad-ly06d27-401,Fravega,OTRAS,Audio,Sistema de Sonido Admiral AD-LY06D27,https://www.fravega.com/p/sistema-de-sonido-admiral-ad-ly06d27-401266/,274999.0,169999.0,1,True
FRA-auriculares-admiral-ad-k6-negro-596363,Fravega,OTRAS,Audio,Auriculares Admiral AD-K6 Negro,https://www.fravega.com/p/auriculares-admiral-ad-k6-negro-596363/,12999.0,6499.0,1,True
FRA-auriculares-motorola-moto-buds-065-tofu-,Fravega,MOTOROLA,Audio,Auriculares Motorola Moto Buds 065 Tofu,https://www.fravega.com/p/auriculares-motorola-moto-buds-065-tofu-596314/,59999.0,34999.0,1,True
FRA-auriculares-inalambricos-tws-soundcore-b,Fravega,OTRAS,Audio,Auriculares Inalámbricos Tws Soundcore By Anker P30i Black Negro,https://www.fravega.com/p/auriculares-inalambricos-tws-soundcore-by-anker-p30i-black-negro-990283264/,53499.0,43999.0,1,True
FRA-sistema-de-sonido-philco-94tpl5500-negro,Fravega,PHILCO,Audio,Sistema de Sonido Philco 94TPL5500 Negro,https://www.fravega.com/p/sistema-de-sonido-philco-94tpl5500-negro-401381/,579999.0,449999.0,1,True
FRA-parlante-portatil-philco-94sph609-401481,Fravega,PHILCO,Audio,Parlante Portátil Philco 94SPH609,https://www.fravega.com/p/parlante-portatil-philco-94sph609-401481/,63999.0,39999.0,1,True
FRA-auriculares-bluetooth-jbl-tune-flex-2-ne,Fravega,OTRAS,Audio,Auriculares Bluetooth JBL Tune Flex 2 negros,https://www.fravega.com/p/auriculares-bluetooth-jbl-tune-flex-2-negros-597003/,214999.0,152999.0,1,True
FRA-sistema-de-sonido-philco-94tpl4500-negro,Fravega,PHILCO,Audio,Sistema de Sonido Philco 94TPL4500 Negro,https://www.fravega.com/p/sistema-de-sonido-philco-94tpl4500-negro-401371/,405999.0,329999.0,1,True
FRA-audifonos-inalambricos-xiaomi-redmi-buds,Fravega,XIAOMI,Audio,Audifonos Inalambricos Xiaomi Redmi Buds 6 Play Bt 5.4 Color Sky Blue,https://www.fravega.com/p/audifonos-inalambricos-xiaomi-redmi-buds-6-play-bt-5-4-color-sky-blue-22803217/,33999.0,24499.0,1,True
FRA-parlante-portatil-jbl-go-4-blue-401725,Fravega,OTRAS,Audio,Parlante Portátil JBL Go 4 Blue,https://www.fravega.com/p/parlante-portatil-jbl-go-4-blue-401725/,104999.0,86776.03,1,True
FRA-auriculares-xiaomi-redmi-buds-6-play-blu,Fravega,XIAOMI,Audio,Auriculares Xiaomi Redmi Buds 6 Play Bluetooth 5.4 White,https://www.fravega.com/p/auriculares-xiaomi-redmi-buds-6-play-bluetooth-5-4-white-22624553/,33999.0,24499.0,1,True
FRA-auricular-jbl-tune-flex-tws-blanco-59605,Fravega,OTRAS,Audio,Auricular JBL Tune Flex TWS Blanco,https://www.fravega.com/p/auricular-jbl-tune-flex-tws-blanco-596055/,184999.0,129999.0,1,True
FRA-auriculares-jbl-wave-flex-tws-negro-5959,Fravega,OTRAS,Audio,Auriculares JBL Wave Flex TWS Negro,https://www.fravega.com/p/auriculares-jbl-wave-flex-tws-negro-595988/,129999.0,107437.19,1,True
FRA-earbuds-inalambricos-bluetooth-aimzone-b,Fravega,OTRAS,Audio,Earbuds Inalambricos Bluetooth Aimzone Blancos Az705 Blanco,https://www.fravega.com/p/earbuds-inalambricos-bluetooth-aimzone-blancos-az705-blanco-22675185/,14559.0,10399.0,1,True
FRA-auriculares-inalambricos-sony-wf-c510-bz,Fravega,SONY,Audio,Auriculares Inalámbricos Sony WF-C510/BZ Negro,https://www.fravega.com/p/auriculares-inalambricos-sony-wf-c510-bz-negro-596855/,139999.0,99999.0,1,True
FRA-reloj-despertador-digital-blanco-hl1019-,Fravega,OTRAS,Audio,Reloj Despertador Digital Blanco HL1019,https://www.fravega.com/p/reloj-despertador-digital-blanco-hl1019-990244440/,23099.0,6999.0,1,True
FRA-auriculares-jbl-quantum-100m2-negro-3425,Fravega,OTRAS,Audio,Auriculares JBL Quantum 100M2 Negro,https://www.fravega.com/p/auriculares-jbl-quantum-100m2-negro-342520/,89999.0,79999.0,1,True
FRA-auriculares-soundcore-space-one-negro--5,Fravega,OTRAS,Audio,Auriculares Soundcore Space One Negro,https://www.fravega.com/p/auriculares-soundcore-space-one-negro--596476/,195999.0,158999.0,1,True
FRA-auriculares-bt-noblex-94hp350btw-white-5,Fravega,NOBLEX,Audio,Auriculares BT Noblex 94HP350BTW White,https://www.fravega.com/p/auriculares-bt-noblex-94hp350btw-white-596221/,55999.0,47999.0,1,True
FRA-sistema-sonido-philco-94djp41-401509,Fravega,PHILCO,Audio,Sistema Sonido Philco 94DJP41,https://www.fravega.com/p/sistema-sonido-philco-94djp41-401509/,179999.0,79999.0,1,True
FRA-parlante-portatil-jbl-charge-5-negro-401,Fravega,OTRAS,Audio,Parlante Portatil JBL Charge 5 Negro,https://www.fravega.com/p/parlante-portatil-jbl-charge-5-negro-401879/,399999.0,349999.0,1,True
FRA-torre-de-sonido-aiwa-aw-t381-7000-watts-,Fravega,OTRAS,Audio,Torre de Sonido Aiwa AW-T381 7000 Watts + Micrófono,https://www.fravega.com/p/torre-de-sonido-aiwa-aw-t381-7000-watts-microfono-401702/,249999.0,129999.0,1,True
FRA-auricular-xiaomi-redmi-buds-5-pro-midnig,Fravega,XIAOMI,Audio,Auricular Xiaomi Redmi Buds 5 Pro Midnight Black Color Negro,https://www.fravega.com/p/auricular-xiaomi-redmi-buds-5-pro-midnight-black-color-negro-22652382/,131999.0,104999.0,1,True
FRA-torre-de-sonido-philips-bluetooth-tax220,Fravega,PHILIPS,Audio,Torre de sonido Philips Bluetooth TAX2208/00,https://www.fravega.com/p/torre-de-sonido-philips-bluetooth-tax2208-00-401465/,118429.0,99999.0,1,True
FRA-parlante-portatil-jbl-go-4-red-402040,Fravega,OTRAS,Audio,Parlante Portátil JBL Go 4 Red,https://www.fravega.com/p/parlante-portatil-jbl-go-4-red-402040/,99999.0,82643.8,1,True
FRA-auriculares-inalambricos-sony-wh-ch520-b,Fravega,SONY,Audio,Auriculares Inalámbricos Sony WH-CH520/BZ Negro,https://www.fravega.com/p/auriculares-inalambricos-sony-wh-ch520-bz-negro-596844/,109999.0,98999.0,1,True
FRA-parlante-soundcore-rave-3s-200w-karaoke-,Fravega,OTRAS,Audio,Parlante Soundcore Rave 3S 200W Karaoke con Inteligencia Artificial + 2 Micrófonos Inalámbricos,https://www.fravega.com/p/parlante-soundcore-rave-3s-200w-karaoke-con-inteligencia-artificial-2-microfonos-inalambricos-401587/,899999.0,499999.0,1,True
FRA-auriculares-admiral-ad-f9-negro-596383,Fravega,OTRAS,Audio,Auriculares Admiral AD-F9 Negro,https://www.fravega.com/p/auriculares-admiral-ad-f9-negro-596383/,12999.0,5999.0,1,True
FRA-auriculares-xiaomi-redmi-buds-6-play-blu,Fravega,XIAOMI,Audio,Auriculares Xiaomi Redmi Buds 6 Play Bluetooth 5.4 Black Negro,https://www.fravega.com/p/auriculares-xiaomi-redmi-buds-6-play-bluetooth-5-4-black-negro-22624554/,33999.0,24499.0,1,True
FRA-sistema-de-sonido-admiral-ad-ly06d27-401,Fravega,OTRAS,Audio,Sistema de Sonido Admiral AD-LY06D27,https://www.fravega.com/p/sistema-de-sonido-admiral-ad-ly06d27-401266/,274999.0,169999.0,1,True
FRA-auriculares-admiral-ad-k6-negro-596363,Fravega,OTRAS,Audio,Auriculares Admiral AD-K6 Negro,https://www.fravega.com/p/auriculares-admiral-ad-k6-negro-596363/,12999.0,6499.0,1,True
FRA-auriculares-motorola-moto-buds-065-tofu-,Fravega,MOTOROLA,Audio,Auriculares Motorola Moto Buds 065 Tofu,https://www.fravega.com/p/auriculares-motorola-moto-buds-065-tofu-596314/,59999.0,34999.0,1,True
FRA-auriculares-inalambricos-tws-soundcore-b,Fravega,OTRAS,Audio,Auriculares Inalámbricos Tws Soundcore By Anker P30i Black Negro,https://www.fravega.com/p/auriculares-inalambricos-tws-soundcore-by-anker-p30i-black-negro-990283264/,53499.0,43999.0,1,True
FRA-sistema-de-sonido-philco-94tpl5500-negro,Fravega,PHILCO,Audio,Sistema de Sonido Philco 94TPL5500 Negro,https://www.fravega.com/p/sistema-de-sonido-philco-94tpl5500-negro-401381/,579999.0,449999.0,1,True
FRA-parlante-portatil-philco-94sph609-401481,Fravega,PHILCO,Audio,Parlante Portátil Philco 94SPH609,https://www.fravega.com/p/parlante-portatil-philco-94sph609-401481/,63999.0,39999.0,1,True
FRA-auriculares-bluetooth-jbl-tune-flex-2-ne,Fravega,OTRAS,Audio,Auriculares Bluetooth JBL Tune Flex 2 negros,https://www.fravega.com/p/auriculares-bluetooth-jbl-tune-flex-2-negros-597003/,214999.0,152999.0,1,True
FRA-sistema-de-sonido-philco-94tpl4500-negro,Fravega,PHILCO,Audio,Sistema de Sonido Philco 94TPL4500 Negro,https://www.fravega.com/p/sistema-de-sonido-philco-94tpl4500-negro-401371/,405999.0,329999.0,1,True
FRA-audifonos-inalambricos-xiaomi-redmi-buds,Fravega,XIAOMI,Audio,Audifonos Inalambricos Xiaomi Redmi Buds 6 Play Bt 5.4 Color Sky Blue,https://www.fravega.com/p/audifonos-inalambricos-xiaomi-redmi-buds-6-play-bt-5-4-color-sky-blue-22803217/,33999.0,24499.0,1,True
FRA-parlante-soundcore-bt-boom-2-plus-401586,Fravega,OTRAS,Audio,Parlante Soundcore BT Boom 2 Plus,https://www.fravega.com/p/parlante-soundcore-bt-boom-2-plus-401586/,599999.0,364999.0,1,True
FRA-parlante-bluetooth-noblex-psb1000p-45w-p,Fravega,NOBLEX,Audio,Parlante Bluetooth Noblex Psb1000p 45w Portátil Tws,https://www.fravega.com/p/parlante-bluetooth-noblex-psb1000p-45w-portatil-tws-20066707/,134199.0,75999.0,1,True
FRA-parlante-soundcore-bt-boom-2--401585,Fravega,OTRAS,Audio,Parlante Soundcore BT Boom 2,https://www.fravega.com/p/parlante-soundcore-bt-boom-2--401585/,399999.0,179999.0,1,True
FRA-auriculares-motorola-ear-earbuds-105-con,Fravega,MOTOROLA,Audio,Auriculares Motorola In-ear Earbuds 105 Con Microfono 1.5m,https://www.fravega.com/p/auriculares-motorola-ear-earbuds-105-con-microfono-1-5m-22652678/,7999.0,5699.0,1,True
FRA-parlante-portatil-jbl-clip-5-black-40145,Fravega,OTRAS,Audio,Parlante Portátil JBL Clip 5 Black,https://www.fravega.com/p/parlante-portatil-jbl-clip-5-black-401453/,129999.0,107437.19,1,True
FRA-torre-de-sonido-portatil-jvc-4800w-con-m,Fravega,OTRAS,Audio,Torre de Sonido Portátil JVC 4800W Con Micrófono XS-LA5214PB,https://www.fravega.com/p/torre-de-sonido-portatil-jvc-4800w-con-microfono-xs-la5214pb-990199687/,345399.0,216999.0,1,True
FRA-microfono-profesional-corbatero-noax-ina,Fravega,OTRAS,Audio,Micrófono Profesional Corbatero Noax Inalámbrico Type-c 2en1,https://www.fravega.com/p/microfono-profesional-corbatero-noax-inalambrico-type-c-2en1-22330432/,19799.0,17199.0,1,True
FRA-auriculares-jbl-tune-720bt-white-596864,Fravega,OTRAS,Audio,Auriculares JBL Tune 720BT White,https://www.fravega.com/p/auriculares-jbl-tune-720bt-white-596864/,132999.0,109916.53,1,True
FRA-auriculares-bluetooth-jbl-tune-buds-2-ne,Fravega,OTRAS,Audio,Auriculares Bluetooth JBL Tune Buds 2 Negros,https://www.fravega.com/p/auriculares-bluetooth-jbl-tune-buds-2-negros-596991/,199999.0,148999.0,1,True
FRA-auriculares-samsung-tipo-c-eo-ic100-9900,Fravega,SAMSUNG,Audio,Auriculares Samsung Tipo C Eo-ic100,https://www.fravega.com/p/auriculares-samsung-tipo-c-eo-ic100-990016643/,42999.0,35536.36,1,True
FRA-auriculares-sony-wi-c100-bz-negro-596231,Fravega,SONY,Audio,Auriculares Sony WI-C100/BZ Negro,https://www.fravega.com/p/auriculares-sony-wi-c100-bz-negro-596231/,69999.0,62999.0,1,True
FRA-sistema-sonido-philco-94djp41-401509,Fravega,PHILCO,Audio,Sistema Sonido Philco 94DJP41,https://www.fravega.com/p/sistema-sonido-philco-94djp41-401509/,179999.0,79999.0,1,True
FRA-parlante-portatil-jbl-charge-5-negro-401,Fravega,OTRAS,Audio,Parlante Portatil JBL Charge 5 Negro,https://www.fravega.com/p/parlante-portatil-jbl-charge-5-negro-401879/,399999.0,349999.0,1,True
FRA-torre-de-sonido-aiwa-aw-t381-7000-watts-,Fravega,OTRAS,Audio,Torre de Sonido Aiwa AW-T381 7000 Watts + Micrófono,https://www.fravega.com/p/torre-de-sonido-aiwa-aw-t381-7000-watts-microfono-401702/,249999.0,129999.0,1,True
FRA-auricular-xiaomi-redmi-buds-5-pro-midnig,Fravega,XIAOMI,Audio,Auricular Xiaomi Redmi Buds 5 Pro Midnight Black Color Negro,https://www.fravega.com/p/auricular-xiaomi-redmi-buds-5-pro-midnight-black-color-negro-22652382/,131999.0,104999.0,1,True
FRA-torre-de-sonido-philips-bluetooth-tax220,Fravega,PHILIPS,Audio,Torre de sonido Philips Bluetooth TAX2208/00,https://www.fravega.com/p/torre-de-sonido-philips-bluetooth-tax2208-00-401465/,118429.0,99999.0,1,True
FRA-parlante-portatil-jbl-go-4-red-402040,Fravega,OTRAS,Audio,Parlante Portátil JBL Go 4 Red,https://www.fravega.com/p/parlante-portatil-jbl-go-4-red-402040/,99999.0,82643.8,1,True
FRA-auriculares-inalambricos-sony-wh-ch520-b,Fravega,SONY,Audio,Auriculares Inalámbricos Sony WH-CH520/BZ Negro,https://www.fravega.com/p/auriculares-inalambricos-sony-wh-ch520-bz-negro-596844/,109999.0,98999.0,1,True
FRA-parlante-soundcore-rave-3s-200w-karaoke-,Fravega,OTRAS,Audio,Parlante Soundcore Rave 3S 200W Karaoke con Inteligencia Artificial + 2 Micrófonos Inalámbricos,https://www.fravega.com/p/parlante-soundcore-rave-3s-200w-karaoke-con-inteligencia-artificial-2-microfonos-inalambricos-401587/,899999.0,499999.0,1,True
FRA-auriculares-admiral-ad-f9-negro-596383,Fravega,OTRAS,Audio,Auriculares Admiral AD-F9 Negro,https://www.fravega.com/p/auriculares-admiral-ad-f9-negro-596383/,12999.0,5999.0,1,True
FRA-auriculares-xiaomi-redmi-buds-6-play-blu,Fravega,XIAOMI,Audio,Auriculares Xiaomi Redmi Buds 6 Play Bluetooth 5.4 Black Negro,https://www.fravega.com/p/auriculares-xiaomi-redmi-buds-6-play-bluetooth-5-4-black-negro-22624554/,33999.0,24499.0,1,True
FRA-sistema-de-sonido-admiral-ad-ly06d27-401,Fravega,OTRAS,Audio,Sistema de Sonido Admiral AD-LY06D27,https://www.fravega.com/p/sistema-de-sonido-admiral-ad-ly06d27-401266/,274999.0,169999.0,1,True
FRA-auriculares-admiral-ad-k6-negro-596363,Fravega,OTRAS,Audio,Auriculares Admiral AD-K6 Negro,https://www.fravega.com/p/auriculares-admiral-ad-k6-negro-596363/,12999.0,6499.0,1,True
FRA-auriculares-motorola-moto-buds-065-tofu-,Fravega,MOTOROLA,Audio,Auriculares Motorola Moto Buds 065 Tofu,https://www.fravega.com/p/auriculares-motorola-moto-buds-065-tofu-596314/,59999.0,34999.0,1,True
FRA-auriculares-inalambricos-tws-soundcore-b,Fravega,OTRAS,Audio,Auriculares Inalámbricos Tws Soundcore By Anker P30i Black Negro,https://www.fravega.com/p/auriculares-inalambricos-tws-soundcore-by-anker-p30i-black-negro-990283264/,53499.0,43999.0,1,True
FRA-sistema-de-sonido-philco-94tpl5500-negro,Fravega,PHILCO,Audio,Sistema de Sonido Philco 94TPL5500 Negro,https://www.fravega.com/p/sistema-de-sonido-philco-94tpl5500-negro-401381/,579999.0,449999.0,1,True
FRA-parlante-portatil-philco-94sph609-401481,Fravega,PHILCO,Audio,Parlante Portátil Philco 94SPH609,https://www.fravega.com/p/parlante-portatil-philco-94sph609-401481/,63999.0,39999.0,1,True
FRA-auriculares-bluetooth-jbl-tune-flex-2-ne,Fravega,OTRAS,Audio,Auriculares Bluetooth JBL Tune Flex 2 negros,https://www.fravega.com/p/auriculares-bluetooth-jbl-tune-flex-2-negros-597003/,214999.0,152999.0,1,True
FRA-sistema-de-sonido-philco-94tpl4500-negro,Fravega,PHILCO,Audio,Sistema de Sonido Philco 94TPL4500 Negro,https://www.fravega.com/p/sistema-de-sonido-philco-94tpl4500-negro-401371/,405999.0,329999.0,1,True
FRA-audifonos-inalambricos-xiaomi-redmi-buds,Fravega,XIAOMI,Audio,Audifonos Inalambricos Xiaomi Redmi Buds 6 Play Bt 5.4 Color Sky Blue,https://www.fravega.com/p/audifonos-inalambricos-xiaomi-redmi-buds-6-play-bt-5-4-color-sky-blue-22803217/,33999.0,24499.0,1,True
FRA-barra-de-sonido-gadnic-bs1000-bluetooth-,Fravega,OTRAS,Audio,Barra de Sonido Gadnic BS1000 Bluetooth 2en1 Aux USB Optical 80w,https://www.fravega.com/p/barra-de-sonido-gadnic-bs1000-bluetooth-2en1-aux-usb-optical-80w--20057941/,223469.0,171899.0,1,True
FRA-auriculares-inalambricos-sony-wh-ch520-c,Fravega,SONY,Audio,Auriculares Inalámbricos Sony WH-CH520/CZ Beige,https://www.fravega.com/p/auriculares-inalambricos-sony-wh-ch520-cz-beige-596833/,109999.0,98999.0,1,True
FRA-auriculares-bluetooth-gadnic-ear-sh9-run,Fravega,OTRAS,Audio,Auriculares Bluetooth Gadnic In-ear SH9 Running Deportivos Aire Libre,https://www.fravega.com/p/auriculares-bluetooth-gadnic-ear-sh9-running-deportivos-aire-libre-20048601/,53819.0,41399.0,1,True
FRA-torre-de-sonido-parlante-suono-12500w-lu,Fravega,OTRAS,Audio,Torre De Sonido Parlante Suono 12500W Luces Led 2 X 10,https://www.fravega.com/p/torre-de-sonido-parlante-suono-12500w-luces-led-2-x-10-990262207/,462648.0,209999.0,1,True
FRA-auriculares-ear-jbl-c50hi-cable-auxiliar,Fravega,OTRAS,Audio,Auriculares In-Ear JBL C50HI Cable Auxiliar 3.5mm Con Microfono,https://www.fravega.com/p/auriculares-ear-jbl-c50hi-cable-auxiliar-3-5mm-con-microfono-990285956/,9717.0,7676.43,1,True
FRA-parlante-portatil-lg-xboom-bounce-40w-re,Fravega,LG,Audio,Parlante portátil LG XBOOM BOUNCE 40W  Resistente al Agua y al Polvo,https://www.fravega.com/p/parlante-portatil-lg-xboom-bounce-40w-resistente-al-agua-y-al-polvo-401471/,499999.0,219999.0,1,True
FRA-auricular-aiwa-twa-70n-negro-595753,Fravega,OTRAS,Audio,Auricular Aiwa TWA-70N Negro,https://www.fravega.com/p/auricular-aiwa-twa-70n-negro-595753/,39999.0,35999.0,1,True
FRA-auriculares-inalambricos-noblex-hp350bt-,Fravega,NOBLEX,Audio,Auriculares Inalámbricos Noblex Hp350bt Bluetooth 5.0,https://www.fravega.com/p/auriculares-inalambricos-noblex-hp350bt-bluetooth-5-0-21203098/,62499.0,44999.0,1,True
FRA-radio-portatil-bt-gadnic-inalambrica-amf,Fravega,OTRAS,Audio,Radio Portatil BT GADNIC Inalámbrica AMFM Recargable Con Luz,https://www.fravega.com/p/radio-portatil-bt-gadnic-inalambrica-amfm-recargable-con-luz-990195138/,54014.0,41548.99,1,True
FRA-parlante-torre-bluetooth-daihatsu-d-s802,Fravega,OTRAS,Audio,Parlante Torre Bluetooth Daihatsu D-s8020bt 4000w Luces Mic Color Negro,https://www.fravega.com/p/parlante-torre-bluetooth-daihatsu-d-s8020bt-4000w-luces-mic-color-negro-22506948/,299999.0,134900.0,1,True
FRA-torre-de-sonido-bluetooth-philips-tax570,Fravega,PHILIPS,Audio,Torre de Sonido Bluetooth Philips TAX5708/77,https://www.fravega.com/p/torre-de-sonido-bluetooth-philips-tax5708-77-401349/,1088449.0,899999.0,1,True
FRA-auriculares-vincha-noga-unicorn-manos-li,Fravega,OTRAS,Audio,Auriculares Vincha Noga Unicorn Manos Libres Celular Tablet Blanco,https://www.fravega.com/p/auriculares-vincha-noga-unicorn-manos-libres-celular-tablet-blanco-990152447/,21821.0,6999.0,1,True
FRA-auriculares-lenovo-lp11-black-new-versio,Fravega,LENOVO,Audio,Auriculares Lenovo LP11 Black (New Version),https://www.fravega.com/p/auriculares-lenovo-lp11-black-new-version--21257195/,59999.0,35999.0,1,True
FRA-sistema-sonido-philco-94djp41-401509,Fravega,PHILCO,Audio,Sistema Sonido Philco 94DJP41,https://www.fravega.com/p/sistema-sonido-philco-94djp41-401509/,179999.0,79999.0,1,True
FRA-parlante-portatil-jbl-charge-5-negro-401,Fravega,OTRAS,Audio,Parlante Portatil JBL Charge 5 Negro,https://www.fravega.com/p/parlante-portatil-jbl-charge-5-negro-401879/,399999.0,349999.0,1,True
FRA-torre-de-sonido-aiwa-aw-t381-7000-watts-,Fravega,OTRAS,Audio,Torre de Sonido Aiwa AW-T381 7000 Watts + Micrófono,https://www.fravega.com/p/torre-de-sonido-aiwa-aw-t381-7000-watts-microfono-401702/,249999.0,129999.0,1,True
FRA-auricular-xiaomi-redmi-buds-5-pro-midnig,Fravega,XIAOMI,Audio,Auricular Xiaomi Redmi Buds 5 Pro Midnight Black Color Negro,https://www.fravega.com/p/auricular-xiaomi-redmi-buds-5-pro-midnight-black-color-negro-22652382/,131999.0,104999.0,1,True
FRA-torre-de-sonido-philips-bluetooth-tax220,Fravega,PHILIPS,Audio,Torre de sonido Philips Bluetooth TAX2208/00,https://www.fravega.com/p/torre-de-sonido-philips-bluetooth-tax2208-00-401465/,118429.0,99999.0,1,True
FRA-parlante-portatil-jbl-go-4-red-402040,Fravega,OTRAS,Audio,Parlante Portátil JBL Go 4 Red,https://www.fravega.com/p/parlante-portatil-jbl-go-4-red-402040/,99999.0,82643.8,1,True
FRA-auriculares-inalambricos-sony-wh-ch520-b,Fravega,SONY,Audio,Auriculares Inalámbricos Sony WH-CH520/BZ Negro,https://www.fravega.com/p/auriculares-inalambricos-sony-wh-ch520-bz-negro-596844/,109999.0,98999.0,1,True
FRA-parlante-soundcore-rave-3s-200w-karaoke-,Fravega,OTRAS,Audio,Parlante Soundcore Rave 3S 200W Karaoke con Inteligencia Artificial + 2 Micrófonos Inalámbricos,https://www.fravega.com/p/parlante-soundcore-rave-3s-200w-karaoke-con-inteligencia-artificial-2-microfonos-inalambricos-401587/,899999.0,499999.0,1,True
FRA-auriculares-admiral-ad-f9-negro-596383,Fravega,OTRAS,Audio,Auriculares Admiral AD-F9 Negro,https://www.fravega.com/p/auriculares-admiral-ad-f9-negro-596383/,12999.0,5999.0,1,True
FRA-auriculares-xiaomi-redmi-buds-6-play-blu,Fravega,XIAOMI,Audio,Auriculares Xiaomi Redmi Buds 6 Play Bluetooth 5.4 Black Negro,https://www.fravega.com/p/auriculares-xiaomi-redmi-buds-6-play-bluetooth-5-4-black-negro-22624554/,33999.0,24499.0,1,True
FRA-sistema-de-sonido-admiral-ad-ly06d27-401,Fravega,OTRAS,Audio,Sistema de Sonido Admiral AD-LY06D27,https://www.fravega.com/p/sistema-de-sonido-admiral-ad-ly06d27-401266/,274999.0,169999.0,1,True
FRA-auriculares-admiral-ad-k6-negro-596363,Fravega,OTRAS,Audio,Auriculares Admiral AD-K6 Negro,https://www.fravega.com/p/auriculares-admiral-ad-k6-negro-596363/,12999.0,6499.0,1,True
FRA-auriculares-motorola-moto-buds-065-tofu-,Fravega,MOTOROLA,Audio,Auriculares Motorola Moto Buds 065 Tofu,https://www.fravega.com/p/auriculares-motorola-moto-buds-065-tofu-596314/,59999.0,34999.0,1,True
FRA-auriculares-inalambricos-tws-soundcore-b,Fravega,OTRAS,Audio,Auriculares Inalámbricos Tws Soundcore By Anker P30i Black Negro,https://www.fravega.com/p/auriculares-inalambricos-tws-soundcore-by-anker-p30i-black-negro-990283264/,53499.0,43999.0,1,True
FRA-sistema-de-sonido-philco-94tpl5500-negro,Fravega,PHILCO,Audio,Sistema de Sonido Philco 94TPL5500 Negro,https://www.fravega.com/p/sistema-de-sonido-philco-94tpl5500-negro-401381/,579999.0,449999.0,1,True
FRA-parlante-portatil-philco-94sph609-401481,Fravega,PHILCO,Audio,Parlante Portátil Philco 94SPH609,https://www.fravega.com/p/parlante-portatil-philco-94sph609-401481/,63999.0,39999.0,1,True
FRA-auriculares-bluetooth-jbl-tune-flex-2-ne,Fravega,OTRAS,Audio,Auriculares Bluetooth JBL Tune Flex 2 negros,https://www.fravega.com/p/auriculares-bluetooth-jbl-tune-flex-2-negros-597003/,214999.0,152999.0,1,True
FRA-sistema-de-sonido-philco-94tpl4500-negro,Fravega,PHILCO,Audio,Sistema de Sonido Philco 94TPL4500 Negro,https://www.fravega.com/p/sistema-de-sonido-philco-94tpl4500-negro-401371/,405999.0,329999.0,1,True
FRA-audifonos-inalambricos-xiaomi-redmi-buds,Fravega,XIAOMI,Audio,Audifonos Inalambricos Xiaomi Redmi Buds 6 Play Bt 5.4 Color Sky Blue,https://www.fravega.com/p/audifonos-inalambricos-xiaomi-redmi-buds-6-play-bt-5-4-color-sky-blue-22803217/,33999.0,24499.0,1,True
FRA-parlante-xiaomi-sound-pocket-5w-color-ne,Fravega,XIAOMI,Audio,Parlante Xiaomi Sound Pocket 5w Color Negro,https://www.fravega.com/p/parlante-xiaomi-sound-pocket-5w-color-negro-22683334/,53999.0,42999.0,1,True
FRA-barra-de-sonido-gadnic-bluetooth-para-ca,Fravega,OTRAS,Audio,Barra de Sonido Gadnic Bluetooth Para Casa Escritorio Inalámbrico,https://www.fravega.com/p/barra-de-sonido-gadnic-bluetooth-para-casa-escritorio-inalambrico-990182092/,106014.0,81549.0,1,True
FRA-microfono-inalambrico-corbatero-alta-cal,Fravega,OTRAS,Audio,Micrófono Inalámbrico Corbatero Alta Calidad de Sonido Waggs,https://www.fravega.com/p/microfono-inalambrico-corbatero-alta-calidad-de-sonido-waggs-22086887/,15386.0,12089.0,1,True
FRA-sistema-de-sonido-parlante-philco-tdp215,Fravega,PHILCO,Audio,Sistema de Sonido Parlante Philco TDP215,https://www.fravega.com/p/sistema-de-sonido-parlante-philco-tdp215-401698/,769999.0,499999.0,1,True
FRA-parlante-portatil-bluetooth-jbl-charge-6,Fravega,OTRAS,Audio,Parlante Portátil Bluetooth JBL Charge 6 Red,https://www.fravega.com/p/parlante-portatil-bluetooth-jbl-charge-6-red-401737/,429999.0,399999.0,1,True
FRA-barra-de-sonido-gadnic-bs900-bluetooth-a,Fravega,OTRAS,Audio,Barra de Sonido Gadnic BS900 Bluetooth Aux USB Radio FM 70w,https://www.fravega.com/p/barra-de-sonido-gadnic-bs900-bluetooth-aux-usb-radio-fm-70w--20058091/,246999.0,189999.0,1,True
FRA-headset-gamer-aimzone-amarillo-camuflado,Fravega,OTRAS,Audio,Headset Gamer Aimzone Amarillo Camuflado Az706,https://www.fravega.com/p/headset-gamer-aimzone-amarillo-camuflado-az706-22675194/,17359.0,12399.0,1,True
FRA-radio-bluetooth-yuegan-yg-m18-portatil-c,Fravega,OTRAS,Audio,Radio Bluetooth Yuegan YG-M18 Portatil c/Reproductor AM-FM Negra,https://www.fravega.com/p/radio-bluetooth-yuegan-yg-m18-portatil-c-reproductor-am-fm-negra-22801948/,39999.0,27998.0,1,True
FRA-barra-de-sonido-tv-soundbar-jbl-psb-1-st,Fravega,OTRAS,Audio,Barra de Sonido TV Soundbar JBL PSB-1 Stereo 20W RMS 2 Tweeters y 4 Woofers,https://www.fravega.com/p/barra-de-sonido-tv-soundbar-jbl-psb-1-stereo-20w-rms-2-tweeters-y-4-woofers-21191641/,499999.0,324999.0,1,True
FRA-auriculares-inalambricos-gadnic-vincha-b,Fravega,OTRAS,Audio,Auriculares Inalámbricos Gadnic Vincha Bluetooth 5.0,https://www.fravega.com/p/auriculares-inalambricos-gadnic-vincha-bluetooth-5-0-990160774/,44654.0,34349.0,1,True
FRA-auriculares-philips-tae2146bk-00-596766,Fravega,PHILIPS,Audio,Auriculares Philips TAE2146BK/00,https://www.fravega.com/p/auriculares-philips-tae2146bk-00-596766/,14999.0,11999.0,1,True
FRA-auriculares-inalambricos-suono-bluetooth,Fravega,OTRAS,Audio,Auriculares Inalámbricos Suono Bluetooth ANC Almohadillas,https://www.fravega.com/p/auriculares-inalambricos-suono-bluetooth-anc-almohadillas-990262212/,44904.0,30474.0,1,True
FRA-auriculares-inalambricos-gadnic-ear-sh8-,Fravega,OTRAS,Audio,Auriculares Inalambricos Gadnic In-ear SH8 Bluetooth Running Deportes,https://www.fravega.com/p/auriculares-inalambricos-gadnic-ear-sh8-bluetooth-running-deportes-20052435/,42184.0,32449.01,1,True
FRA-parlantes-pc-gamer-usb-targa-diamond-x-s,Fravega,OTRAS,Audio,Parlantes PC Gamer USB TARGA Diamond X Stereo 7 Modos Led 8W,https://www.fravega.com/p/parlantes-pc-gamer-usb-targa-diamond-x-stereo-7-modos-led-8w-20952800/,21999.0,13636.0,1,True
FRA-camara-de-impresion-instantanea-de-jugue,Fravega,OTRAS,Juguetes,Cámara de Impresión Instantánea de Juguete,https://www.fravega.com/p/camara-de-impresion-instantanea-de-juguete-351360/,74999.0,41999.0,1,True
FRA-triciclo-evolutivo-infantil-3-1-mu-color,Fravega,OTRAS,Juguetes,Triciclo Evolutivo Infantil 3 en 1 MU Color Beige 1-5 Años,https://www.fravega.com/p/triciclo-evolutivo-infantil-3-1-mu-color-beige-1-5-anos-351330/,212999.0,99999.0,1,True
FRA--lapiz-color-rosa-para-dibujar-3d-con-fi,Fravega,OTRAS,Juguetes,Lapiz Color Rosa Para Dibujar 3D Con Filamento De Regalo,https://www.fravega.com/p/-lapiz-color-rosa-para-dibujar-3d-con-filamento-de-regalo-21203124/,29999.0,20999.0,1,True
FRA-hot-wheels-pack-x5-autos-individuales-su,Fravega,OTRAS,Juguetes,Hot Wheels Pack X5 Autos Individuales Surtidos Mattel,https://www.fravega.com/p/hot-wheels-pack-x5-autos-individuales-surtidos-mattel-990049551/,37490.0,23990.0,1,True
FRA-mi-cocina-duravit-33-piezas-990049214,Fravega,OTRAS,Juguetes,Mi Cocina Duravit 33 Piezas,https://www.fravega.com/p/mi-cocina-duravit-33-piezas-990049214/,30990.0,22990.0,1,True
FRA-coche-transformer-policia-rd76-351054,Fravega,OTRAS,Juguetes,Coche Transformer Policia RD76,https://www.fravega.com/p/coche-transformer-policia-rd76-351054/,29999.0,16999.0,1,True
FRA-camara-de-fotos-rosa-gadnic-ck32-digital,Fravega,OTRAS,Juguetes,Cámara de Fotos Rosa Gadnic CK32 Digital Para Niños Función Resistente a Golpes,https://www.fravega.com/p/camara-de-fotos-rosa-gadnic-ck32-digital-para-ninos-funcion-resistente-a-golpes-990217288/,52259.0,40199.0,1,True
FRA-juego-de-mesa-uno-de-mattel-351305,Fravega,OTRAS,Juguetes,Juego de Mesa Uno de Mattel,https://www.fravega.com/p/juego-de-mesa-uno-de-mattel-351305/,19999.0,10999.0,1,True
FRA-catan-juego-de-mesa-devir-40-4011-at-990,Fravega,OTRAS,Juguetes,Catan Juego de Mesa Devir 40-4011 At,https://www.fravega.com/p/catan-juego-de-mesa-devir-40-4011-at-990165684/,124990.0,94990.0,1,True
FRA-tablet-kids-multilaser-marvel-avengers-9,Fravega,OTRAS,Juguetes,Tablet Kids Multilaser Marvel Avengers,https://www.fravega.com/p/tablet-kids-multilaser-marvel-avengers-990167344/,145677.67,116542.14,1,True
FRA-peluche-inflable-isakito-monstruo-violet,Fravega,OTRAS,Juguetes,Peluche Inflable Isakito Monstruo Violeta,https://www.fravega.com/p/peluche-inflable-isakito-monstruo-violeta-351033/,34999.0,20999.0,1,True
FRA-cuatriciclo-a-bateria-cm-tjb13688-rojo-9,Fravega,OTRAS,Juguetes,Cuatriciclo a Bateria Cm-tjb13688 Rojo,https://www.fravega.com/p/cuatriciclo-a-bateria-cm-tjb13688-rojo-990246831/,219990.0,129990.0,1,True
FRA-cama-elastica-infantil-140cm-hogar-bounc,Fravega,OTRAS,Juguetes,Cama Elástica Infantil 140cm Hogar Bounce Rosa,https://www.fravega.com/p/cama-elastica-infantil-140cm-hogar-bounce-rosa-22652821/,300000.0,169990.0,1,True
FRA-juego-de-mesa-taco-gato-cabra-queso-pizz,Fravega,OTRAS,Juguetes,Juego De Mesa Taco Gato Cabra Queso Pizza Tgcqp Buro,https://www.fravega.com/p/juego-de-mesa-taco-gato-cabra-queso-pizza-tgcqp-buro-990159423/,19350.0,16191.0,1,True
FRA-amigos-de-mierda-juego-cartas-para-previ,Fravega,OTRAS,Juguetes,Amigos de Mierda Juego Cartas para Previa Bureau,https://www.fravega.com/p/amigos-de-mierda-juego-cartas-para-previa-bureau-990049465/,19350.0,16915.0,1,True
FRA-teclado-musical-gadnic-organo-61-teclas-,Fravega,OTRAS,Juguetes,Teclado Musical Gadnic Órgano 61 Teclas,https://www.fravega.com/p/teclado-musical-gadnic-organo-61-teclas-20049917/,98929.0,76099.0,1,True
FRA-auto-a-bateria-mecano-3052-blanco-12v-co,Fravega,OTRAS,Juguetes,Auto a Bateria Mecano 3052 Blanco 12V con control remoto,https://www.fravega.com/p/auto-a-bateria-mecano-3052-blanco-12v-con-control-remoto-20060689/,452300.0,249999.0,1,True
FRA-juego-de-mesa-basta-juego-de-palabras-11,Fravega,OTRAS,Juguetes,Juego De Mesa Basta Juego De Palabras 1100 Shine,https://www.fravega.com/p/juego-de-mesa-basta-juego-de-palabras-1100-shine-990242478/,24990.0,12990.0,1,True
FRA-pizarra-magica-12-color-3852-351633,Fravega,OTRAS,Juguetes,Pizarra Mágica 12 Color 3852,https://www.fravega.com/p/pizarra-magica-12-color-3852-351633/,9999.0,3999.0,1,True
FRA-puzzle-1000-pzs-noche-estrellada-88317-1,Fravega,OTRAS,Juguetes,Puzzle 1000 Pzs Noche Estrellada 88317 1979846 Shine,https://www.fravega.com/p/puzzle-1000-pzs-noche-estrellada-88317-1979846-shine-990143807/,20990.0,11990.0,1,True
FRA-cuatriciclo-a-bateria-stark-naranja-3510,Fravega,OTRAS,Juguetes,Cuatriciclo a Batería Stark Naranja,https://www.fravega.com/p/cuatriciclo-a-bateria-stark-naranja-351048/,149999.0,129999.0,1,True
FRA-triciclo-evolutivo-infantil-3-1-mu-color,Fravega,OTRAS,Juguetes,Triciclo Evolutivo Infantil 3 en 1 MU Color Negro 1-5 Años,https://www.fravega.com/p/triciclo-evolutivo-infantil-3-1-mu-color-negro-1-5-anos-351045/,212999.0,99999.0,1,True
FRA-puzzle-rompecabeza-1000-pzs-mapamundi-an,Fravega,OTRAS,Juguetes,Puzzle Rompecabeza 1000 Pzs Mapamundi Antiguo 88319 1979870 Shine,https://www.fravega.com/p/puzzle-rompecabeza-1000-pzs-mapamundi-antiguo-88319-1979870-shine--990049564/,20990.0,11990.0,1,True
FRA-juego-de-mesa-ditoys-crocky-attack-35078,Fravega,OTRAS,Juguetes,Juego de Mesa Ditoys Crocky Attack,https://www.fravega.com/p/juego-de-mesa-ditoys-crocky-attack-350789/,19999.0,13999.0,1,True
FRA-juego-de-mesa-ditoys-monky-loco-350732,Fravega,OTRAS,Juguetes,Juego de Mesa Ditoys Monky Loco,https://www.fravega.com/p/juego-de-mesa-ditoys-monky-loco-350732/,39999.0,17999.0,1,True
FRA-puzzle-1000-pzs-taverna-saint-88016-1489,Fravega,OTRAS,Juguetes,Puzzle 1000 Pzs Taverna Saint 88016 1489439 Shine,https://www.fravega.com/p/puzzle-1000-pzs-taverna-saint-88016-1489439-shine-990143164/,20990.0,10989.99,1,True
FRA-duravit-anillo-y-sonajero-678-990159766,Fravega,OTRAS,Juguetes,Duravit Anillo Y Sonajero 678,https://www.fravega.com/p/duravit-anillo-y-sonajero-678-990159766/,10450.0,9490.01,1,True
FRA-repuesto-liquido-burbujero-500-bubble-la,Fravega,OTRAS,Juguetes,Repuesto Liquido Burbujero 500 Bubble Lab Burbujas Gigantes,https://www.fravega.com/p/repuesto-liquido-burbujero-500-bubble-lab-burbujas-gigantes-21509599/,7374.0,5699.0,1,True
FRA-juego-de-mesa-batalla-naval-travel-game-,Fravega,OTRAS,Juguetes,Juego de Mesa Batalla Naval Travel Game Ditoys,https://www.fravega.com/p/juego-de-mesa-batalla-naval-travel-game-ditoys-351117/,19999.0,8999.0,1,True
FRA-juego-mesa-y-sillas-infantil-montessori-,Fravega,OTRAS,Juguetes,Juego Mesa Y Sillas Infantil Montessori Con Respaldo Niño - Blanco,https://www.fravega.com/p/juego-mesa-y-sillas-infantil-montessori-con-respaldo-nino-blanco-22646764/,220000.0,114000.0,1,True
FRA-camara-de-impresion-instantanea-de-jugue,Fravega,OTRAS,Juguetes,Cámara de Impresión Instantánea de Juguete,https://www.fravega.com/p/camara-de-impresion-instantanea-de-juguete-351360/,74999.0,41999.0,1,True
FRA-triciclo-evolutivo-infantil-3-1-mu-color,Fravega,OTRAS,Juguetes,Triciclo Evolutivo Infantil 3 en 1 MU Color Beige 1-5 Años,https://www.fravega.com/p/triciclo-evolutivo-infantil-3-1-mu-color-beige-1-5-anos-351330/,212999.0,99999.0,1,True
FRA--lapiz-color-rosa-para-dibujar-3d-con-fi,Fravega,OTRAS,Juguetes,Lapiz Color Rosa Para Dibujar 3D Con Filamento De Regalo,https://www.fravega.com/p/-lapiz-color-rosa-para-dibujar-3d-con-filamento-de-regalo-21203124/,29999.0,20999.0,1,True
FRA-hot-wheels-pack-x5-autos-individuales-su,Fravega,OTRAS,Juguetes,Hot Wheels Pack X5 Autos Individuales Surtidos Mattel,https://www.fravega.com/p/hot-wheels-pack-x5-autos-individuales-surtidos-mattel-990049551/,37490.0,23990.0,1,True
FRA-mi-cocina-duravit-33-piezas-990049214,Fravega,OTRAS,Juguetes,Mi Cocina Duravit 33 Piezas,https://www.fravega.com/p/mi-cocina-duravit-33-piezas-990049214/,30990.0,22990.0,1,True
FRA-coche-transformer-policia-rd76-351054,Fravega,OTRAS,Juguetes,Coche Transformer Policia RD76,https://www.fravega.com/p/coche-transformer-policia-rd76-351054/,29999.0,16999.0,1,True
FRA-camara-de-fotos-rosa-gadnic-ck32-digital,Fravega,OTRAS,Juguetes,Cámara de Fotos Rosa Gadnic CK32 Digital Para Niños Función Resistente a Golpes,https://www.fravega.com/p/camara-de-fotos-rosa-gadnic-ck32-digital-para-ninos-funcion-resistente-a-golpes-990217288/,52259.0,40199.0,1,True
FRA-juego-de-mesa-uno-de-mattel-351305,Fravega,OTRAS,Juguetes,Juego de Mesa Uno de Mattel,https://www.fravega.com/p/juego-de-mesa-uno-de-mattel-351305/,19999.0,10999.0,1,True
FRA-catan-juego-de-mesa-devir-40-4011-at-990,Fravega,OTRAS,Juguetes,Catan Juego de Mesa Devir 40-4011 At,https://www.fravega.com/p/catan-juego-de-mesa-devir-40-4011-at-990165684/,124990.0,94990.0,1,True
FRA-tablet-kids-multilaser-marvel-avengers-9,Fravega,OTRAS,Juguetes,Tablet Kids Multilaser Marvel Avengers,https://www.fravega.com/p/tablet-kids-multilaser-marvel-avengers-990167344/,145677.67,116542.14,1,True
FRA-peluche-inflable-isakito-monstruo-violet,Fravega,OTRAS,Juguetes,Peluche Inflable Isakito Monstruo Violeta,https://www.fravega.com/p/peluche-inflable-isakito-monstruo-violeta-351033/,34999.0,20999.0,1,True
FRA-cuatriciclo-a-bateria-cm-tjb13688-rojo-9,Fravega,OTRAS,Juguetes,Cuatriciclo a Bateria Cm-tjb13688 Rojo,https://www.fravega.com/p/cuatriciclo-a-bateria-cm-tjb13688-rojo-990246831/,219990.0,129990.0,1,True
FRA-cama-elastica-infantil-140cm-hogar-bounc,Fravega,OTRAS,Juguetes,Cama Elástica Infantil 140cm Hogar Bounce Rosa,https://www.fravega.com/p/cama-elastica-infantil-140cm-hogar-bounce-rosa-22652821/,300000.0,169990.0,1,True
FRA-juego-de-mesa-taco-gato-cabra-queso-pizz,Fravega,OTRAS,Juguetes,Juego De Mesa Taco Gato Cabra Queso Pizza Tgcqp Buro,https://www.fravega.com/p/juego-de-mesa-taco-gato-cabra-queso-pizza-tgcqp-buro-990159423/,19350.0,16191.0,1,True
FRA-amigos-de-mierda-juego-cartas-para-previ,Fravega,OTRAS,Juguetes,Amigos de Mierda Juego Cartas para Previa Bureau,https://www.fravega.com/p/amigos-de-mierda-juego-cartas-para-previa-bureau-990049465/,19350.0,16915.0,1,True
FRA-teclado-musical-gadnic-organo-61-teclas-,Fravega,OTRAS,Juguetes,Teclado Musical Gadnic Órgano 61 Teclas,https://www.fravega.com/p/teclado-musical-gadnic-organo-61-teclas-20049917/,98929.0,76099.0,1,True
FRA-auto-a-bateria-mecano-3052-blanco-12v-co,Fravega,OTRAS,Juguetes,Auto a Bateria Mecano 3052 Blanco 12V con control remoto,https://www.fravega.com/p/auto-a-bateria-mecano-3052-blanco-12v-con-control-remoto-20060689/,452300.0,249999.0,1,True
FRA-duravit-banco-de-herramientas-32-piezas-,Fravega,OTRAS,Juguetes,Duravit Banco De Herramientas 32 Piezas 412,https://www.fravega.com/p/duravit-banco-de-herramientas-32-piezas-412-990054120/,32990.0,25990.0,1,True
FRA-duravit-mini-moldes-8-piezas-apilables-6,Fravega,OTRAS,Juguetes,Duravit Mini Moldes 8 Piezas Apilables 658,https://www.fravega.com/p/duravit-mini-moldes-8-piezas-apilables-658-990054118/,4290.0,3432.0,1,True
FRA-duravit-set-camion-mini-frontal-y-retro-,Fravega,OTRAS,Juguetes,Duravit Set Camión Mini Frontal Y Retro Infantil 682,https://www.fravega.com/p/duravit-set-camion-mini-frontal-y-retro-infantil-682-990054110/,8450.0,7490.0,1,True
FRA-coche-ditoys-mack-friccion-cars-350892,Fravega,OTRAS,Juguetes,Coche Ditoys Mack Fricción Cars,https://www.fravega.com/p/coche-ditoys-mack-friccion-cars-350892/,39999.0,20999.0,1,True
FRA-puzzle-1000-pzs-viajero-el-espacio-88316,Fravega,OTRAS,Juguetes,Puzzle 1000 Pzs Viajero en el Espacio 88316 1979228 Shine,https://www.fravega.com/p/puzzle-1000-pzs-viajero-el-espacio-88316-1979228-shine-990150083/,20990.0,11990.0,1,True
FRA-pistola-de-burbujas-multiples-kun-bu02-3,Fravega,OTRAS,Juguetes,Pistola de Burbujas Múltiples Kun BU02,https://www.fravega.com/p/pistola-de-burbujas-multiples-kun-bu02-350940/,29999.0,9999.0,1,True
FRA-varita-magica-harry-potter-hermione-gran,Fravega,OTRAS,Juguetes,Varita Mágica Harry Potter Hermione Granger 12”,https://www.fravega.com/p/varita-magica-harry-potter-hermione-granger-12-351015/,19999.0,10999.0,1,True
FRA-juego-de-mesa-sobre-palabras-3d-ditoys-3,Fravega,OTRAS,Juguetes,Juego de Mesa Sobre Palabras 3D Ditoys,https://www.fravega.com/p/juego-de-mesa-sobre-palabras-3d-ditoys-351037/,28999.0,16999.0,1,True
FRA-set-de-8-autos-de-cars-ditoys-351102,Fravega,OTRAS,Juguetes,Set de 8 Autos de Cars Ditoys,https://www.fravega.com/p/set-de-8-autos-de-cars-ditoys-351102/,39999.0,18999.0,1,True
FRA-duravit-anillos-apilables-653-990049548,Fravega,OTRAS,Juguetes,Duravit Anillos Apilables 653,https://www.fravega.com/p/duravit-anillos-apilables-653-990049548/,7991.0,6604.13,1,True
FRA-puzzle-1000-pzs-granero-al-atardecer-880,Fravega,OTRAS,Juguetes,Puzzle 1000 Pzs Granero Al Atardecer 88029 1489451,https://www.fravega.com/p/puzzle-1000-pzs-granero-al-atardecer-88029-1489451-990143177/,20990.0,10989.99,1,True
FRA-daki-336-pzs-cod-410-economica-990238683,Fravega,OTRAS,Juguetes,Daki 336 Pzs Cod 410 Economica,https://www.fravega.com/p/daki-336-pzs-cod-410-economica-990238683/,59950.0,36990.0,1,True
FRA-camara-de-impresion-instantanea-de-jugue,Fravega,OTRAS,Juguetes,Cámara de Impresión Instantánea de Juguete,https://www.fravega.com/p/camara-de-impresion-instantanea-de-juguete-351360/,74999.0,41999.0,1,True
FRA-triciclo-evolutivo-infantil-3-1-mu-color,Fravega,OTRAS,Juguetes,Triciclo Evolutivo Infantil 3 en 1 MU Color Beige 1-5 Años,https://www.fravega.com/p/triciclo-evolutivo-infantil-3-1-mu-color-beige-1-5-anos-351330/,212999.0,99999.0,1,True
FRA--lapiz-color-rosa-para-dibujar-3d-con-fi,Fravega,OTRAS,Juguetes,Lapiz Color Rosa Para Dibujar 3D Con Filamento De Regalo,https://www.fravega.com/p/-lapiz-color-rosa-para-dibujar-3d-con-filamento-de-regalo-21203124/,29999.0,20999.0,1,True
FRA-hot-wheels-pack-x5-autos-individuales-su,Fravega,OTRAS,Juguetes,Hot Wheels Pack X5 Autos Individuales Surtidos Mattel,https://www.fravega.com/p/hot-wheels-pack-x5-autos-individuales-surtidos-mattel-990049551/,37490.0,23990.0,1,True
FRA-mi-cocina-duravit-33-piezas-990049214,Fravega,OTRAS,Juguetes,Mi Cocina Duravit 33 Piezas,https://www.fravega.com/p/mi-cocina-duravit-33-piezas-990049214/,30990.0,22990.0,1,True
FRA-coche-transformer-policia-rd76-351054,Fravega,OTRAS,Juguetes,Coche Transformer Policia RD76,https://www.fravega.com/p/coche-transformer-policia-rd76-351054/,29999.0,16999.0,1,True
FRA-camara-de-fotos-rosa-gadnic-ck32-digital,Fravega,OTRAS,Juguetes,Cámara de Fotos Rosa Gadnic CK32 Digital Para Niños Función Resistente a Golpes,https://www.fravega.com/p/camara-de-fotos-rosa-gadnic-ck32-digital-para-ninos-funcion-resistente-a-golpes-990217288/,52259.0,40199.0,1,True
FRA-juego-de-mesa-uno-de-mattel-351305,Fravega,OTRAS,Juguetes,Juego de Mesa Uno de Mattel,https://www.fravega.com/p/juego-de-mesa-uno-de-mattel-351305/,19999.0,10999.0,1,True
FRA-catan-juego-de-mesa-devir-40-4011-at-990,Fravega,OTRAS,Juguetes,Catan Juego de Mesa Devir 40-4011 At,https://www.fravega.com/p/catan-juego-de-mesa-devir-40-4011-at-990165684/,124990.0,94990.0,1,True
FRA-tablet-kids-multilaser-marvel-avengers-9,Fravega,OTRAS,Juguetes,Tablet Kids Multilaser Marvel Avengers,https://www.fravega.com/p/tablet-kids-multilaser-marvel-avengers-990167344/,145677.67,116542.14,1,True
FRA-peluche-inflable-isakito-monstruo-violet,Fravega,OTRAS,Juguetes,Peluche Inflable Isakito Monstruo Violeta,https://www.fravega.com/p/peluche-inflable-isakito-monstruo-violeta-351033/,34999.0,20999.0,1,True
FRA-cuatriciclo-a-bateria-cm-tjb13688-rojo-9,Fravega,OTRAS,Juguetes,Cuatriciclo a Bateria Cm-tjb13688 Rojo,https://www.fravega.com/p/cuatriciclo-a-bateria-cm-tjb13688-rojo-990246831/,219990.0,129990.0,1,True
FRA-cama-elastica-infantil-140cm-hogar-bounc,Fravega,OTRAS,Juguetes,Cama Elástica Infantil 140cm Hogar Bounce Rosa,https://www.fravega.com/p/cama-elastica-infantil-140cm-hogar-bounce-rosa-22652821/,300000.0,169990.0,1,True
FRA-juego-de-mesa-taco-gato-cabra-queso-pizz,Fravega,OTRAS,Juguetes,Juego De Mesa Taco Gato Cabra Queso Pizza Tgcqp Buro,https://www.fravega.com/p/juego-de-mesa-taco-gato-cabra-queso-pizza-tgcqp-buro-990159423/,19350.0,16191.0,1,True
FRA-amigos-de-mierda-juego-cartas-para-previ,Fravega,OTRAS,Juguetes,Amigos de Mierda Juego Cartas para Previa Bureau,https://www.fravega.com/p/amigos-de-mierda-juego-cartas-para-previa-bureau-990049465/,19350.0,16915.0,1,True
FRA-teclado-musical-gadnic-organo-61-teclas-,Fravega,OTRAS,Juguetes,Teclado Musical Gadnic Órgano 61 Teclas,https://www.fravega.com/p/teclado-musical-gadnic-organo-61-teclas-20049917/,98929.0,76099.0,1,True
FRA-auto-a-bateria-mecano-3052-blanco-12v-co,Fravega,OTRAS,Juguetes,Auto a Bateria Mecano 3052 Blanco 12V con control remoto,https://www.fravega.com/p/auto-a-bateria-mecano-3052-blanco-12v-con-control-remoto-20060689/,452300.0,249999.0,1,True
FRA-kit-baulero-con-mesa-montessori-22646763,Fravega,OTRAS,Juguetes,Kit Baulero con Mesa Montessori,https://www.fravega.com/p/kit-baulero-con-mesa-montessori-22646763/,253000.0,119653.0,1,True
FRA-mini-trampolin-vxplay-1mts-gimnasia-fitn,Fravega,OTRAS,Juguetes,Mini Trampolin Vxplay 1mts Gimnasia Fitness,https://www.fravega.com/p/mini-trampolin-vxplay-1mts-gimnasia-fitness-22656914/,78202.0,64629.75,1,True
FRA-cama-elastica-gadnic-304-mts-con-red-de-,Fravega,OTRAS,Juguetes,Cama Elástica Gadnic 304 mts Con Red de Seguridad Reforzada,https://www.fravega.com/p/cama-elastica-gadnic-304-mts-con-red-de-seguridad-reforzada-990274703/,474564.0,365049.0,1,True
FRA-auto-a-bateria-mecano-3052-rojo-12v-con-,Fravega,OTRAS,Juguetes,Auto a Bateria Mecano 3052 Rojo 12V con control remoto,https://www.fravega.com/p/auto-a-bateria-mecano-3052-rojo-12v-con-control-remoto-20060688/,452300.0,249999.0,1,True
FRA-dura-masa-duravit-pack-x10-potes-colores,Fravega,OTRAS,Juguetes,Dura Masa Duravit Pack X10 Potes Colores Plastilina,https://www.fravega.com/p/dura-masa-duravit-pack-x10-potes-colores-plastilina-990049683/,11990.0,10490.0,1,True
FRA-duravit-mis-herramientas-6-piezas-constr,Fravega,OTRAS,Juguetes,Duravit Mis Herramientas 6 Piezas Construcción 410,https://www.fravega.com/p/duravit-mis-herramientas-6-piezas-construccion-410-990054111/,7190.0,6490.0,1,True
FRA-juego-duravit-girabola-676-990055698,Fravega,OTRAS,Juguetes,Juego Duravit Girabola 676,https://www.fravega.com/p/juego-duravit-girabola-676-990055698/,9390.0,7760.33,1,True
FRA-pizarra-magica-rosa-gadnic-tableta-escri,Fravega,OTRAS,Juguetes,Pizarra Mágica Rosa Gadnic Tableta Escritura Digital + Plantilla,https://www.fravega.com/p/pizarra-magica-rosa-gadnic-tableta-escritura-digital-plantilla--990072415/,8774.0,6749.0,1,True
FRA-pizarra-magica-amarilla-gadnic-tableta-e,Fravega,OTRAS,Juguetes,Pizarra Mágica Amarilla Gadnic Tableta Escritura Digital + Plantilla,https://www.fravega.com/p/pizarra-magica-amarilla-gadnic-tableta-escritura-digital-plantilla--990072416/,8774.0,6749.0,1,True
FRA-pizarra-magica-azul-gadnic-tableta-escri,Fravega,OTRAS,Juguetes,Pizarra Mágica Azul Gadnic Tableta Escritura Digital + Plantilla,https://www.fravega.com/p/pizarra-magica-azul-gadnic-tableta-escritura-digital-plantilla-990072504/,8774.0,6749.0,1,True
FRA-elmers-activador-para-hacer-slime-209030,Fravega,ACER,Juguetes,Elmers Activador Para Hacer Slime 2090307 Neasl,https://www.fravega.com/p/elmers-activador-para-hacer-slime-2090307-neasl-990142343/,8500.0,7024.79,1,True
FRA-juego-barril-pirata-1651678-envio-normal,Fravega,OTRAS,Juguetes,Juego Barril Pirata 1651678 Envio Normal,https://www.fravega.com/p/juego-barril-pirata-1651678-envio-normal-990151424/,8990.0,7429.75,1,True
FRA-duravit-juego-de-bowling-990151585,Fravega,OTRAS,Juguetes,Duravit Juego De Bowling,https://www.fravega.com/p/duravit-juego-de-bowling-990151585/,13990.0,11990.0,1,True
FRA-set-de-sonajeros-caja-8-pzas-1696154-990,Fravega,OTRAS,Juguetes,Set De Sonajeros En Caja 8 Pzas. 1696154,https://www.fravega.com/p/set-de-sonajeros-caja-8-pzas-1696154-990152460/,33000.0,17990.0,1,True
FRA-camara-de-impresion-instantanea-de-jugue,Fravega,OTRAS,Juguetes,Cámara de Impresión Instantánea de Juguete,https://www.fravega.com/p/camara-de-impresion-instantanea-de-juguete-351360/,74999.0,41999.0,1,True
FRA-triciclo-evolutivo-infantil-3-1-mu-color,Fravega,OTRAS,Juguetes,Triciclo Evolutivo Infantil 3 en 1 MU Color Beige 1-5 Años,https://www.fravega.com/p/triciclo-evolutivo-infantil-3-1-mu-color-beige-1-5-anos-351330/,212999.0,99999.0,1,True
FRA--lapiz-color-rosa-para-dibujar-3d-con-fi,Fravega,OTRAS,Juguetes,Lapiz Color Rosa Para Dibujar 3D Con Filamento De Regalo,https://www.fravega.com/p/-lapiz-color-rosa-para-dibujar-3d-con-filamento-de-regalo-21203124/,29999.0,20999.0,1,True
FRA-hot-wheels-pack-x5-autos-individuales-su,Fravega,OTRAS,Juguetes,Hot Wheels Pack X5 Autos Individuales Surtidos Mattel,https://www.fravega.com/p/hot-wheels-pack-x5-autos-individuales-surtidos-mattel-990049551/,37490.0,23990.0,1,True
FRA-mi-cocina-duravit-33-piezas-990049214,Fravega,OTRAS,Juguetes,Mi Cocina Duravit 33 Piezas,https://www.fravega.com/p/mi-cocina-duravit-33-piezas-990049214/,30990.0,22990.0,1,True
FRA-coche-transformer-policia-rd76-351054,Fravega,OTRAS,Juguetes,Coche Transformer Policia RD76,https://www.fravega.com/p/coche-transformer-policia-rd76-351054/,29999.0,16999.0,1,True
FRA-camara-de-fotos-rosa-gadnic-ck32-digital,Fravega,OTRAS,Juguetes,Cámara de Fotos Rosa Gadnic CK32 Digital Para Niños Función Resistente a Golpes,https://www.fravega.com/p/camara-de-fotos-rosa-gadnic-ck32-digital-para-ninos-funcion-resistente-a-golpes-990217288/,52259.0,40199.0,1,True
FRA-juego-de-mesa-uno-de-mattel-351305,Fravega,OTRAS,Juguetes,Juego de Mesa Uno de Mattel,https://www.fravega.com/p/juego-de-mesa-uno-de-mattel-351305/,19999.0,10999.0,1,True
FRA-catan-juego-de-mesa-devir-40-4011-at-990,Fravega,OTRAS,Juguetes,Catan Juego de Mesa Devir 40-4011 At,https://www.fravega.com/p/catan-juego-de-mesa-devir-40-4011-at-990165684/,124990.0,94990.0,1,True
FRA-tablet-kids-multilaser-marvel-avengers-9,Fravega,OTRAS,Juguetes,Tablet Kids Multilaser Marvel Avengers,https://www.fravega.com/p/tablet-kids-multilaser-marvel-avengers-990167344/,145677.67,116542.14,1,True
FRA-peluche-inflable-isakito-monstruo-violet,Fravega,OTRAS,Juguetes,Peluche Inflable Isakito Monstruo Violeta,https://www.fravega.com/p/peluche-inflable-isakito-monstruo-violeta-351033/,34999.0,20999.0,1,True
FRA-cuatriciclo-a-bateria-cm-tjb13688-rojo-9,Fravega,OTRAS,Juguetes,Cuatriciclo a Bateria Cm-tjb13688 Rojo,https://www.fravega.com/p/cuatriciclo-a-bateria-cm-tjb13688-rojo-990246831/,219990.0,129990.0,1,True
FRA-cama-elastica-infantil-140cm-hogar-bounc,Fravega,OTRAS,Juguetes,Cama Elástica Infantil 140cm Hogar Bounce Rosa,https://www.fravega.com/p/cama-elastica-infantil-140cm-hogar-bounce-rosa-22652821/,300000.0,169990.0,1,True
FRA-juego-de-mesa-taco-gato-cabra-queso-pizz,Fravega,OTRAS,Juguetes,Juego De Mesa Taco Gato Cabra Queso Pizza Tgcqp Buro,https://www.fravega.com/p/juego-de-mesa-taco-gato-cabra-queso-pizza-tgcqp-buro-990159423/,19350.0,16191.0,1,True
FRA-amigos-de-mierda-juego-cartas-para-previ,Fravega,OTRAS,Juguetes,Amigos de Mierda Juego Cartas para Previa Bureau,https://www.fravega.com/p/amigos-de-mierda-juego-cartas-para-previa-bureau-990049465/,19350.0,16915.0,1,True
FRA-teclado-musical-gadnic-organo-61-teclas-,Fravega,OTRAS,Juguetes,Teclado Musical Gadnic Órgano 61 Teclas,https://www.fravega.com/p/teclado-musical-gadnic-organo-61-teclas-20049917/,98929.0,76099.0,1,True
FRA-auto-a-bateria-mecano-3052-blanco-12v-co,Fravega,OTRAS,Juguetes,Auto a Bateria Mecano 3052 Blanco 12V con control remoto,https://www.fravega.com/p/auto-a-bateria-mecano-3052-blanco-12v-con-control-remoto-20060689/,452300.0,249999.0,1,True
FRA-calesita-cocodrilo-junior-encastre-703-9,Fravega,OTRAS,Juguetes,Calesita Cocodrilo Junior Encastre 703,https://www.fravega.com/p/calesita-cocodrilo-junior-encastre-703-990157771/,8200.0,6995.0,1,True
FRA-juego-ditoys-puppy-house-perro-blanco-35,Fravega,OTRAS,Juguetes,Juego Ditoys Puppy House Perro Blanco,https://www.fravega.com/p/juego-ditoys-puppy-house-perro-blanco-350823/,24999.0,18999.0,1,True
FRA-set-de-munecos-tapimovil-trolls-x10-con-,Fravega,OTRAS,Juguetes,Set de Muñecos Tapimovil Trolls X10 con Figura Sorpresa,https://www.fravega.com/p/set-de-munecos-tapimovil-trolls-x10-con-figura-sorpresa-350724/,59999.0,34999.0,1,True
FRA-monopatin-tapimovil-paw-patrol-350938,Fravega,OTRAS,Juguetes,Monopatín Tapimovil Paw Patrol,https://www.fravega.com/p/monopatin-tapimovil-paw-patrol-350938/,89999.0,44999.0,1,True
FRA-auto-de-carreras-para-armar-f1-racing-pu,Fravega,OTRAS,Juguetes,Auto de Carreras para Armar F1 Racing Pullback,https://www.fravega.com/p/auto-de-carreras-para-armar-f1-racing-pullback-351606/,29999.0,16999.0,1,True
FRA-mini-hockey-rave-air-tejo-20-351151,Fravega,OTRAS,Juguetes,Mini Hockey Rave Air Tejo 20”,https://www.fravega.com/p/mini-hockey-rave-air-tejo-20-351151/,69999.0,49999.0,1,True
FRA-duravit-vagon-didactico-primeras-formas-,Fravega,OTRAS,Juguetes,Duravit Vagón Didáctico Primeras Formas 625,https://www.fravega.com/p/duravit-vagon-didactico-primeras-formas-625-990187757/,11990.0,9909.09,1,True
FRA-duravit-cubo-primeras-formas-encastre-66,Fravega,OTRAS,Juguetes,Duravit Cubo Primeras Formas Encastre 666,https://www.fravega.com/p/duravit-cubo-primeras-formas-encastre-666-990187787/,11490.0,9495.87,1,True
FRA-duravit-balde-mini-blocks-60-pzs-660-990,Fravega,OTRAS,Juguetes,Duravit Balde Mini Blocks 60 Pzs 660,https://www.fravega.com/p/duravit-balde-mini-blocks-60-pzs-660-990187782/,17990.0,15990.0,1,True
FRA-set-de-walkie-talkie-spiderman-ditoys-35,Fravega,OTRAS,Juguetes,Set de Walkie Talkie Spiderman Ditoys,https://www.fravega.com/p/set-de-walkie-talkie-spiderman-ditoys-351215/,34999.0,19999.0,1,True
FRA-destreza-mental-ciencias-para-todos-4002,Fravega,OTRAS,Juguetes,Destreza Mental Ciencias Para Todos 4002,https://www.fravega.com/p/destreza-mental-ciencias-para-todos-4002-990242070/,40300.0,25995.0,1,True
FRA-monopatin-infantil-de-aluminio-con-3-rue,Fravega,OTRAS,Juguetes,Monopatin Infantil de Aluminio con 3 Ruedas Disney Minnie Rojo,https://www.fravega.com/p/monopatin-infantil-de-aluminio-con-3-ruedas-disney-minnie-rojo-50019937/,45925.0,36740.0,1,True
FRA-teclado-musical-gadnic-organo-54-teclas-,Fravega,OTRAS,Juguetes,Teclado Musical Gadnic Órgano 54 Teclas,https://www.fravega.com/p/teclado-musical-gadnic-organo-54-teclas-20049918/,88919.0,68399.0,1,True
FRA-setlogisticocamionymontacargateamsterz-a,Fravega,OTRAS,Juguetes,Set Logístico camión y montacarga Teamsterz Amarillo,https://www.fravega.com/p/setlogisticocamionymontacargateamsterz-amarillo-990023880/,25290.0,19781.0,1,True
FRA-camara-de-impresion-instantanea-de-jugue,Fravega,OTRAS,Juguetes,Cámara de Impresión Instantánea de Juguete,https://www.fravega.com/p/camara-de-impresion-instantanea-de-juguete-351360/,74999.0,41999.0,1,True
FRA-triciclo-evolutivo-infantil-3-1-mu-color,Fravega,OTRAS,Juguetes,Triciclo Evolutivo Infantil 3 en 1 MU Color Beige 1-5 Años,https://www.fravega.com/p/triciclo-evolutivo-infantil-3-1-mu-color-beige-1-5-anos-351330/,212999.0,99999.0,1,True
FRA--lapiz-color-rosa-para-dibujar-3d-con-fi,Fravega,OTRAS,Juguetes,Lapiz Color Rosa Para Dibujar 3D Con Filamento De Regalo,https://www.fravega.com/p/-lapiz-color-rosa-para-dibujar-3d-con-filamento-de-regalo-21203124/,29999.0,20999.0,1,True
FRA-hot-wheels-pack-x5-autos-individuales-su,Fravega,OTRAS,Juguetes,Hot Wheels Pack X5 Autos Individuales Surtidos Mattel,https://www.fravega.com/p/hot-wheels-pack-x5-autos-individuales-surtidos-mattel-990049551/,37490.0,23990.0,1,True
FRA-mi-cocina-duravit-33-piezas-990049214,Fravega,OTRAS,Juguetes,Mi Cocina Duravit 33 Piezas,https://www.fravega.com/p/mi-cocina-duravit-33-piezas-990049214/,30990.0,22990.0,1,True
FRA-coche-transformer-policia-rd76-351054,Fravega,OTRAS,Juguetes,Coche Transformer Policia RD76,https://www.fravega.com/p/coche-transformer-policia-rd76-351054/,29999.0,16999.0,1,True
FRA-camara-de-fotos-rosa-gadnic-ck32-digital,Fravega,OTRAS,Juguetes,Cámara de Fotos Rosa Gadnic CK32 Digital Para Niños Función Resistente a Golpes,https://www.fravega.com/p/camara-de-fotos-rosa-gadnic-ck32-digital-para-ninos-funcion-resistente-a-golpes-990217288/,52259.0,40199.0,1,True
FRA-juego-de-mesa-uno-de-mattel-351305,Fravega,OTRAS,Juguetes,Juego de Mesa Uno de Mattel,https://www.fravega.com/p/juego-de-mesa-uno-de-mattel-351305/,19999.0,10999.0,1,True
FRA-catan-juego-de-mesa-devir-40-4011-at-990,Fravega,OTRAS,Juguetes,Catan Juego de Mesa Devir 40-4011 At,https://www.fravega.com/p/catan-juego-de-mesa-devir-40-4011-at-990165684/,124990.0,94990.0,1,True
FRA-tablet-kids-multilaser-marvel-avengers-9,Fravega,OTRAS,Juguetes,Tablet Kids Multilaser Marvel Avengers,https://www.fravega.com/p/tablet-kids-multilaser-marvel-avengers-990167344/,145677.67,116542.14,1,True
FRA-peluche-inflable-isakito-monstruo-violet,Fravega,OTRAS,Juguetes,Peluche Inflable Isakito Monstruo Violeta,https://www.fravega.com/p/peluche-inflable-isakito-monstruo-violeta-351033/,34999.0,20999.0,1,True
FRA-cuatriciclo-a-bateria-cm-tjb13688-rojo-9,Fravega,OTRAS,Juguetes,Cuatriciclo a Bateria Cm-tjb13688 Rojo,https://www.fravega.com/p/cuatriciclo-a-bateria-cm-tjb13688-rojo-990246831/,219990.0,129990.0,1,True
FRA-cama-elastica-infantil-140cm-hogar-bounc,Fravega,OTRAS,Juguetes,Cama Elástica Infantil 140cm Hogar Bounce Rosa,https://www.fravega.com/p/cama-elastica-infantil-140cm-hogar-bounce-rosa-22652821/,300000.0,169990.0,1,True
FRA-juego-de-mesa-taco-gato-cabra-queso-pizz,Fravega,OTRAS,Juguetes,Juego De Mesa Taco Gato Cabra Queso Pizza Tgcqp Buro,https://www.fravega.com/p/juego-de-mesa-taco-gato-cabra-queso-pizza-tgcqp-buro-990159423/,19350.0,16191.0,1,True
FRA-amigos-de-mierda-juego-cartas-para-previ,Fravega,OTRAS,Juguetes,Amigos de Mierda Juego Cartas para Previa Bureau,https://www.fravega.com/p/amigos-de-mierda-juego-cartas-para-previa-bureau-990049465/,19350.0,16915.0,1,True
FRA-teclado-musical-gadnic-organo-61-teclas-,Fravega,OTRAS,Juguetes,Teclado Musical Gadnic Órgano 61 Teclas,https://www.fravega.com/p/teclado-musical-gadnic-organo-61-teclas-20049917/,98929.0,76099.0,1,True
FRA-auto-a-bateria-mecano-3052-blanco-12v-co,Fravega,OTRAS,Juguetes,Auto a Bateria Mecano 3052 Blanco 12V con control remoto,https://www.fravega.com/p/auto-a-bateria-mecano-3052-blanco-12v-con-control-remoto-20060689/,452300.0,249999.0,1,True
FRA-decisiones-de-mierda-buro-de-juegos-idea,Fravega,OTRAS,Juguetes,Decisiones de Mierda Buró de Juegos Ideal Previas,https://www.fravega.com/p/decisiones-de-mierda-buro-de-juegos-ideal-previas-990049464/,19350.0,16915.0,1,True
FRA-juego-de-mesa-operation-shine-1700887-99,Fravega,OTRAS,Juguetes,Juego De Mesa Operation Shine 1700887,https://www.fravega.com/p/juego-de-mesa-operation-shine-1700887-990049567/,44990.0,20990.0,1,True
FRA-juego-de-mesa-rummy--burako-clasico-ruib,Fravega,OTRAS,Juguetes,Juego de Mesa Rummy & Burako Clásico Ruibal 1056,https://www.fravega.com/p/juego-de-mesa-rummy--burako-clasico-ruibal-1056-990049691/,72990.0,54990.0,1,True
FRA-muneca-pinypon-coche-con-figura-350510,Fravega,OTRAS,Juguetes,Muñeca Pinypon Coche con Figura,https://www.fravega.com/p/muneca-pinypon-coche-con-figura-350510/,44999.0,29999.0,1,True
FRA-set-skate-disney-avengers-350521,Fravega,OTRAS,Juguetes,Set Skate Disney Avengers,https://www.fravega.com/p/set-skate-disney-avengers-350521/,32499.0,19999.0,1,True
FRA-auto-a-bateria-blanco-wmt-918-990060747,Fravega,OTRAS,Juguetes,Auto A Bateria Blanco Wmt-918,https://www.fravega.com/p/auto-a-bateria-blanco-wmt-918-990060747/,499990.0,269990.0,1,True
FRA-xtrembotsfigura17-cmmyfirstprogrammabler,Fravega,OTRAS,Juguetes,Xtrem Bots Figura 17 Cm My First Programmable Robot Andy a Control Panel,https://www.fravega.com/p/xtrembotsfigura17-cmmyfirstprogrammablerobotandyacontrolpanel-990060873/,151800.0,78999.0,1,True
FRA-carpa-infantil-paw-patrol-350809,Fravega,OTRAS,Juguetes,Carpa Infantil Paw Patrol,https://www.fravega.com/p/carpa-infantil-paw-patrol-350809/,59999.0,25999.0,1,True
FRA-monopatin-infantil-priori-sk-3288-rosa-3,Fravega,OTRAS,Juguetes,Monopatín Infantil Priori SK 3288 Rosa,https://www.fravega.com/p/monopatin-infantil-priori-sk-3288-rosa-350584/,59999.0,39999.0,1,True
FRA-letras-y-numeros-magneticos-chico-fd2251,Fravega,OTRAS,Juguetes,Letras Y Números Magnéticos Chico Fd22518 Faydi,https://www.fravega.com/p/letras-y-numeros-magneticos-chico-fd22518-faydi-990152922/,5500.0,5499.99,1,True
FRA-hot-wheels-lanzador-de-bolsillo-con-auto,Fravega,OTRAS,Juguetes,Hot Wheels Lanzador De Bolsillo Con Auto Fth84,https://www.fravega.com/p/hot-wheels-lanzador-de-bolsillo-con-auto-fth84-990154585/,29990.0,14990.0,1,True
FRA-diverbloques-viaje-espacial-set-2-medio-,Fravega,OTRAS,Juguetes,Diverbloques Viaje Espacial Set 2 Medio 922,https://www.fravega.com/p/diverbloques-viaje-espacial-set-2-medio-922-990155667/,29990.0,19990.0,1,True
FRA-juego-para-el-bano-patitos-5-pcs-1589886,Fravega,OTRAS,Juguetes,Juego Para El Baño Patitos 5 Pcs 1589886,https://www.fravega.com/p/juego-para-el-bano-patitos-5-pcs-1589886-990157840/,10990.0,10989.99,1,True
FRA-duravit-juego-set-de-mate-618-990160093,Fravega,OTRAS,Juguetes,Duravit Juego Set De Mate 618,https://www.fravega.com/p/duravit-juego-set-de-mate-618-990160093/,7290.0,6024.79,1,True
FRA-pizarra-magica-gadnic-tabgraf5a-azul-351,Fravega,OTRAS,Juguetes,Pizarra Mágica Gadnic TABGRAF5A Azul,https://www.fravega.com/p/pizarra-magica-gadnic-tabgraf5a-azul-351057/,23999.0,13999.0,1,True
FRA-cochecito-de-bebe-paraguita-mu-reforzado,Fravega,OTRAS,Bebés y Primera Infancia,Cochecito de Bebe Paraguita MU Reforzado Color Gris,https://www.fravega.com/p/cochecito-de-bebe-paraguita-mu-reforzado-color-gris-680669/,99999.0,49999.0,1,True
FRA-butaca-sillita-para-auto-ninos-de-9-a-36,Fravega,OTRAS,Bebés y Primera Infancia,Butaca Sillita para Auto Ninos de 9 a 36 kg,https://www.fravega.com/p/butaca-sillita-para-auto-ninos-de-9-a-36-kg-680827/,139999.0,79999.0,1,True
FRA-practicuna-love-gris-833-colchon-de-rega,Fravega,OTRAS,Bebés y Primera Infancia,Practicuna Love Gris 833 + Colchón de regalo,https://www.fravega.com/p/practicuna-love-gris-833-colchon-de-regalo-680966/,199999.0,134999.0,1,True
FRA-mamadera-avent-natural-response-jirafa-s,Fravega,OTRAS,Bebés y Primera Infancia,Mamadera Avent Natural Response Jirafa SCY903 66 260 Ml,https://www.fravega.com/p/mamadera-avent-natural-response-jirafa-scy903-66-260-ml-680774/,41299.0,29999.0,1,True
FRA-coche-cuna-love-172-negro-680004,Fravega,OTRAS,Bebés y Primera Infancia,Coche Cuna Love 172 Negro,https://www.fravega.com/p/coche-cuna-love-172-negro-680004/,399999.0,179999.0,1,True
FRA-caminador-con-musica-bebesit-1226-celest,Fravega,OTRAS,Bebés y Primera Infancia,Caminador con Música Bebesit 1226 Celeste,https://www.fravega.com/p/caminador-con-musica-bebesit-1226-celeste-680445/,69999.0,46999.0,1,True
FRA-combo-banera-plegable-adaptador-termomet,Fravega,OTRAS,Bebés y Primera Infancia,Combo Bañera Plegable Adaptador Termometro Electronico Love B340 Gris,https://www.fravega.com/p/combo-banera-plegable-adaptador-termometro-electronico-love-b340-gris-21183849/,76400.0,61099.0,1,True
FRA-baby-call-gadnic-con-camara-vision-noctu,Fravega,OTRAS,Bebés y Primera Infancia,"Baby Call Gadnic con Cámara Visión Nocturna a Color 3,2"" Temperatura Ambiente",https://www.fravega.com/p/baby-call-gadnic-con-camara-vision-nocturna-a-color-3-2-temperatura-ambiente-20056044/,181414.0,139549.0,1,True
FRA-colchoneta-de-bebe-gadnic-gimnasio-music,Fravega,OTRAS,Bebés y Primera Infancia,Colchoneta de Bebe Gadnic Gimnasio Musical,https://www.fravega.com/p/colchoneta-de-bebe-gadnic-gimnasio-musical-990165631/,57914.0,44549.01,1,True
FRA-esterilizador-a-vapor-para-microondas-av,Fravega,OTRAS,Bebés y Primera Infancia,Esterilizador a vapor para microondas AVENT SCF28102,https://www.fravega.com/p/esterilizador-a-vapor-para-microondas-avent-scf28102-680151/,89999.0,59999.0,1,True
FRA-sacaleche-manual-gadnic-brp00104-150ml-9,Fravega,OTRAS,Bebés y Primera Infancia,Sacaleche Manual Gadnic BRP00104 150ml,https://www.fravega.com/p/sacaleche-manual-gadnic-brp00104-150ml-990068128/,30679.0,23599.01,1,True
FRA-mochila-maternal-negra-south-port-s46-by,Fravega,OTRAS,Bebés y Primera Infancia,Mochila Maternal Negra South Port S46 By Gadnic Porta Mamaderas Térmico,https://www.fravega.com/p/mochila-maternal-negra-south-port-s46-by-gadnic-porta-mamaderas-termico-20057977/,38414.0,29549.0,1,True
FRA-cochecito-de-bebe-paseo-mu-reforzado-col,Fravega,OTRAS,Bebés y Primera Infancia,Cochecito de Bebe Paseo MU Reforzado Color Negro,https://www.fravega.com/p/cochecito-de-bebe-paseo-mu-reforzado-color-negro-680797/,219999.0,99999.0,1,True
FRA-cochecito-de-bebe-paseo-mu-reforzado-col,Fravega,OTRAS,Bebés y Primera Infancia,Cochecito de Bebe Paseo MU Reforzado Color Gris,https://www.fravega.com/p/cochecito-de-bebe-paseo-mu-reforzado-color-gris-680778/,219999.0,99999.0,1,True
FRA-chicco-cochecito-goody-xplus-black-re-lu,Fravega,CHICCO,Bebés y Primera Infancia,Chicco Cochecito Goody Xplus Black Re_lux 08087040560000,https://www.fravega.com/p/chicco-cochecito-goody-xplus-black-re-lux-08087040560000-990249433/,499990.0,249990.01,1,True
FRA-coche-de-paseo-bebesit-3-1-sogno-gris-cl,Fravega,OTRAS,Bebés y Primera Infancia,Coche de Paseo Bebesit 3 En 1 Sogno Gris Claro,https://www.fravega.com/p/coche-de-paseo-bebesit-3-1-sogno-gris-claro-990158846/,432884.0,303019.01,1,True
FRA-cochecito-de-paseo-ultracompacto-bebesit,Fravega,OTRAS,Bebés y Primera Infancia,Cochecito de Paseo UltraCompacto Bebesit Beige,https://www.fravega.com/p/cochecito-de-paseo-ultracompacto-bebesit-beige-990245846/,156370.0,109459.0,1,True
FRA-cochecito-de-bebe-paseo-mu-reforzado-col,Fravega,OTRAS,Bebés y Primera Infancia,Cochecito de Bebe Paseo MU Reforzado Color Azul,https://www.fravega.com/p/cochecito-de-bebe-paseo-mu-reforzado-color-azul-680820/,219999.0,99999.0,1,True
FRA-booster-s-respaldo-gofit-backless-410070,Fravega,OSTER,Bebés y Primera Infancia,Booster S/respaldo Gofit Backless (410070/10938),https://www.fravega.com/p/booster-s-respaldo-gofit-backless-410070-10938--990249437/,149990.0,109990.0,1,True
FRA-cochecito-cuna-recien-nacido-love-172-ro,Fravega,OTRAS,Bebés y Primera Infancia,Cochecito Cuna Recien Nacido Love 172 Rosa 05,https://www.fravega.com/p/cochecito-cuna-recien-nacido-love-172-rosa-05-50008258/,218400.0,174699.0,1,True
FRA-cochecito-compacto-beige-foldy-bebesit-9,Fravega,OTRAS,Bebés y Primera Infancia,Cochecito compacto beige FOLDY Bebesit,https://www.fravega.com/p/cochecito-compacto-beige-foldy-bebesit-990194433/,227072.0,136107.0,1,True
FRA-cochecito-funky-fresh-cielo-rebatible-de,Fravega,OTRAS,Bebés y Primera Infancia,Cochecito Funky Fresh Cielo Rebatible De Paseo Rosa,https://www.fravega.com/p/cochecito-funky-fresh-cielo-rebatible-de-paseo-rosa-22467282/,246258.0,123129.0,1,True
FRA-cochecito-de-paseo-ultraplegable-bebesit,Fravega,OTRAS,Bebés y Primera Infancia,Cochecito de Paseo UltraPlegable Bebesit Azul 1321-B,https://www.fravega.com/p/cochecito-de-paseo-ultraplegable-bebesit-azul-1321-b-990245840/,190384.0,133269.0,1,True
FRA-coche-cuna-de-disney-travel-system-con-h,Fravega,OTRAS,Bebés y Primera Infancia,Coche Cuna de Disney Travel System con Huevito Negro Mickey,https://www.fravega.com/p/coche-cuna-de-disney-travel-system-con-huevito-negro-mickey-22721705/,315329.0,242560.0,1,True
FRA-cochecito-de-paseo-bebesit-eos-art1337-a,Fravega,OTRAS,Bebés y Primera Infancia,Cochecito De Paseo Bebesit Eos Art1337 Azul Con Chasis Color Negro,https://www.fravega.com/p/cochecito-de-paseo-bebesit-eos-art1337-azul-con-chasis-color-negro-22726176/,153137.47,142199.0,1,True
FRA-cochecito-de-bebe-paraguita-mu-reforzado,Fravega,OTRAS,Bebés y Primera Infancia,Cochecito de Bebe Paraguita MU Reforzado Color Gris,https://www.fravega.com/p/cochecito-de-bebe-paraguita-mu-reforzado-color-gris-680669/,99999.0,49999.0,1,True
FRA-butaca-sillita-para-auto-ninos-de-9-a-36,Fravega,OTRAS,Bebés y Primera Infancia,Butaca Sillita para Auto Ninos de 9 a 36 kg,https://www.fravega.com/p/butaca-sillita-para-auto-ninos-de-9-a-36-kg-680827/,139999.0,79999.0,1,True
FRA-practicuna-love-gris-833-colchon-de-rega,Fravega,OTRAS,Bebés y Primera Infancia,Practicuna Love Gris 833 + Colchón de regalo,https://www.fravega.com/p/practicuna-love-gris-833-colchon-de-regalo-680966/,199999.0,134999.0,1,True
FRA-mamadera-avent-natural-response-jirafa-s,Fravega,OTRAS,Bebés y Primera Infancia,Mamadera Avent Natural Response Jirafa SCY903 66 260 Ml,https://www.fravega.com/p/mamadera-avent-natural-response-jirafa-scy903-66-260-ml-680774/,41299.0,29999.0,1,True
FRA-coche-cuna-love-172-negro-680004,Fravega,OTRAS,Bebés y Primera Infancia,Coche Cuna Love 172 Negro,https://www.fravega.com/p/coche-cuna-love-172-negro-680004/,399999.0,179999.0,1,True
FRA-caminador-con-musica-bebesit-1226-celest,Fravega,OTRAS,Bebés y Primera Infancia,Caminador con Música Bebesit 1226 Celeste,https://www.fravega.com/p/caminador-con-musica-bebesit-1226-celeste-680445/,69999.0,46999.0,1,True
FRA-combo-banera-plegable-adaptador-termomet,Fravega,OTRAS,Bebés y Primera Infancia,Combo Bañera Plegable Adaptador Termometro Electronico Love B340 Gris,https://www.fravega.com/p/combo-banera-plegable-adaptador-termometro-electronico-love-b340-gris-21183849/,76400.0,61099.0,1,True
FRA-baby-call-gadnic-con-camara-vision-noctu,Fravega,OTRAS,Bebés y Primera Infancia,"Baby Call Gadnic con Cámara Visión Nocturna a Color 3,2"" Temperatura Ambiente",https://www.fravega.com/p/baby-call-gadnic-con-camara-vision-nocturna-a-color-3-2-temperatura-ambiente-20056044/,181414.0,139549.0,1,True
FRA-colchoneta-de-bebe-gadnic-gimnasio-music,Fravega,OTRAS,Bebés y Primera Infancia,Colchoneta de Bebe Gadnic Gimnasio Musical,https://www.fravega.com/p/colchoneta-de-bebe-gadnic-gimnasio-musical-990165631/,57914.0,44549.01,1,True
FRA-esterilizador-a-vapor-para-microondas-av,Fravega,OTRAS,Bebés y Primera Infancia,Esterilizador a vapor para microondas AVENT SCF28102,https://www.fravega.com/p/esterilizador-a-vapor-para-microondas-avent-scf28102-680151/,89999.0,59999.0,1,True
FRA-sacaleche-manual-gadnic-brp00104-150ml-9,Fravega,OTRAS,Bebés y Primera Infancia,Sacaleche Manual Gadnic BRP00104 150ml,https://www.fravega.com/p/sacaleche-manual-gadnic-brp00104-150ml-990068128/,30679.0,23599.01,1,True
FRA-mochila-maternal-negra-south-port-s46-by,Fravega,OTRAS,Bebés y Primera Infancia,Mochila Maternal Negra South Port S46 By Gadnic Porta Mamaderas Térmico,https://www.fravega.com/p/mochila-maternal-negra-south-port-s46-by-gadnic-porta-mamaderas-termico-20057977/,38414.0,29549.0,1,True
FRA-cochecito-bebes-3-1-traful-mawe-by-gadni,Fravega,OTRAS,Bebés y Primera Infancia,Cochecito Bebes 3 en 1 Traful Mawe by Gadnic Huevito Travel System,https://www.fravega.com/p/cochecito-bebes-3-1-traful-mawe-by-gadnic-huevito-travel-system-990286488/,483339.0,371799.0,1,True
FRA-cochecito-cuna-para-recien-nacido-manija,Fravega,OTRAS,Bebés y Primera Infancia,Cochecito Cuna para Recien Nacido Manija Rebatible y Cubre Pies Love 172 Aqua 03,https://www.fravega.com/p/cochecito-cuna-para-recien-nacido-manija-rebatible-y-cubre-pies-love-172-aqua-03-50008257/,218400.0,174699.0,1,True
FRA-cochecito-cuna-para-recien-nacido-manija,Fravega,OTRAS,Bebés y Primera Infancia,Cochecito Cuna para Recien Nacido Manija Rebatible y Cubre Pies Love 172 Rojo 02,https://www.fravega.com/p/cochecito-cuna-para-recien-nacido-manija-rebatible-y-cubre-pies-love-172-rojo-02-50008255/,218400.0,174699.0,1,True
FRA-coche-paraguita-bebesit-1058-neuf-negro-,Fravega,OTRAS,Bebés y Primera Infancia,Coche Paraguita Bebesit 1058 Neuf Negro,https://www.fravega.com/p/coche-paraguita-bebesit-1058-neuf-negro-50012683/,204056.0,81997.0,1,True
FRA-cochecito-de-bebe-joie-muze-travel-syste,Fravega,OTRAS,Bebés y Primera Infancia,Cochecito De Bebé Joie Muze Travel System De Paseo  Dark pewter,https://www.fravega.com/p/cochecito-de-bebe-joie-muze-travel-system-de-paseo-dark-pewter-20022918/,495990.0,395099.0,1,True
FRA-cochecito-huevito-love-smart-1010-negro-,Fravega,OTRAS,Bebés y Primera Infancia,Cochecito Huevito Love Smart 1010 Negro,https://www.fravega.com/p/cochecito-huevito-love-smart-1010-negro--20060570/,652900.0,522299.0,1,True
FRA-coche-cuna-de-bebe-travel-system-disney-,Fravega,OTRAS,Bebés y Primera Infancia,Coche Cuna de Bebe Travel System Disney Rosa Minnie,https://www.fravega.com/p/coche-cuna-de-bebe-travel-system-disney-rosa-minnie-20293913/,315330.0,242560.0,1,True
FRA-cochecito-de-paseo-bebesit-eos-c-bandeja,Fravega,OTRAS,Bebés y Primera Infancia,Cochecito de paseo Bebesit Eos C/bandeja Superior Verde 1337-J,https://www.fravega.com/p/cochecito-de-paseo-bebesit-eos-c-bandeja-superior-verde-1337-j-990052856/,163084.0,114159.0,1,True
FRA-coche-jogger-de-bebe-disney-negro-y-rosa,Fravega,OTRAS,Bebés y Primera Infancia,Coche Jogger de Bebe Disney Negro y Rosa con Huevito,https://www.fravega.com/p/coche-jogger-de-bebe-disney-negro-y-rosa-con-huevito-21186172/,341910.0,245805.0,1,True
FRA-cochecito-de-paseo-azul-con-manillar-reb,Fravega,OTRAS,Bebés y Primera Infancia,Cochecito de Paseo  Azul con Manillar Rebatible 1390,https://www.fravega.com/p/cochecito-de-paseo-azul-con-manillar-rebatible-1390-990076388/,373475.0,253728.0,1,True
FRA-coche-paraguitas-bebe-reforzado-disney-n,Fravega,OTRAS,Bebés y Primera Infancia,Coche Paraguitas Bebe Reforzado Disney Negro,https://www.fravega.com/p/coche-paraguitas-bebe-reforzado-disney-negro-21231871/,168510.0,110890.0,1,True
FRA-cochecito-paraguita-cartan-stl100-beige-,Fravega,OTRAS,Bebés y Primera Infancia,Cochecito Paraguita Cartan STL100 Beige,https://www.fravega.com/p/cochecito-paraguita-cartan-stl100-beige-21456990/,127990.0,105776.86,1,True
FRA-cochecito-bebesit-1052-f-tours-paraguita,Fravega,OTRAS,Bebés y Primera Infancia,Cochecito Bebesit 1052-F Tours Paraguita Negro,https://www.fravega.com/p/cochecito-bebesit-1052-f-tours-paraguita-negro-990185317/,148709.0,82108.0,1,True
FRA-cochecito-compacto-foldy-bebesit-negro-9,Fravega,OTRAS,Bebés y Primera Infancia,Cochecito compacto FOLDY Bebesit negro,https://www.fravega.com/p/cochecito-compacto-foldy-bebesit-negro-990194434/,227072.0,114551.99,1,True
FRA-coche-cuna-reforzado-de-disney-con-manij,Fravega,OTRAS,Bebés y Primera Infancia,Coche Cuna Reforzado de Disney con Manija Rebatible Color Beige,https://www.fravega.com/p/coche-cuna-reforzado-de-disney-con-manija-rebatible-color-beige-22499280/,195080.0,136420.0,1,True
FRA-cochecito-de-bebe-paraguita-mu-reforzado,Fravega,OTRAS,Bebés y Primera Infancia,Cochecito de Bebe Paraguita MU Reforzado Color Gris,https://www.fravega.com/p/cochecito-de-bebe-paraguita-mu-reforzado-color-gris-680669/,99999.0,49999.0,1,True
FRA-butaca-sillita-para-auto-ninos-de-9-a-36,Fravega,OTRAS,Bebés y Primera Infancia,Butaca Sillita para Auto Ninos de 9 a 36 kg,https://www.fravega.com/p/butaca-sillita-para-auto-ninos-de-9-a-36-kg-680827/,139999.0,79999.0,1,True
FRA-practicuna-love-gris-833-colchon-de-rega,Fravega,OTRAS,Bebés y Primera Infancia,Practicuna Love Gris 833 + Colchón de regalo,https://www.fravega.com/p/practicuna-love-gris-833-colchon-de-regalo-680966/,199999.0,134999.0,1,True
FRA-mamadera-avent-natural-response-jirafa-s,Fravega,OTRAS,Bebés y Primera Infancia,Mamadera Avent Natural Response Jirafa SCY903 66 260 Ml,https://www.fravega.com/p/mamadera-avent-natural-response-jirafa-scy903-66-260-ml-680774/,41299.0,29999.0,1,True
FRA-coche-cuna-love-172-negro-680004,Fravega,OTRAS,Bebés y Primera Infancia,Coche Cuna Love 172 Negro,https://www.fravega.com/p/coche-cuna-love-172-negro-680004/,399999.0,179999.0,1,True
FRA-caminador-con-musica-bebesit-1226-celest,Fravega,OTRAS,Bebés y Primera Infancia,Caminador con Música Bebesit 1226 Celeste,https://www.fravega.com/p/caminador-con-musica-bebesit-1226-celeste-680445/,69999.0,46999.0,1,True
FRA-combo-banera-plegable-adaptador-termomet,Fravega,OTRAS,Bebés y Primera Infancia,Combo Bañera Plegable Adaptador Termometro Electronico Love B340 Gris,https://www.fravega.com/p/combo-banera-plegable-adaptador-termometro-electronico-love-b340-gris-21183849/,76400.0,61099.0,1,True
FRA-baby-call-gadnic-con-camara-vision-noctu,Fravega,OTRAS,Bebés y Primera Infancia,"Baby Call Gadnic con Cámara Visión Nocturna a Color 3,2"" Temperatura Ambiente",https://www.fravega.com/p/baby-call-gadnic-con-camara-vision-nocturna-a-color-3-2-temperatura-ambiente-20056044/,181414.0,139549.0,1,True
FRA-colchoneta-de-bebe-gadnic-gimnasio-music,Fravega,OTRAS,Bebés y Primera Infancia,Colchoneta de Bebe Gadnic Gimnasio Musical,https://www.fravega.com/p/colchoneta-de-bebe-gadnic-gimnasio-musical-990165631/,57914.0,44549.01,1,True
FRA-esterilizador-a-vapor-para-microondas-av,Fravega,OTRAS,Bebés y Primera Infancia,Esterilizador a vapor para microondas AVENT SCF28102,https://www.fravega.com/p/esterilizador-a-vapor-para-microondas-avent-scf28102-680151/,89999.0,59999.0,1,True
FRA-sacaleche-manual-gadnic-brp00104-150ml-9,Fravega,OTRAS,Bebés y Primera Infancia,Sacaleche Manual Gadnic BRP00104 150ml,https://www.fravega.com/p/sacaleche-manual-gadnic-brp00104-150ml-990068128/,30679.0,23599.01,1,True
FRA-mochila-maternal-negra-south-port-s46-by,Fravega,OTRAS,Bebés y Primera Infancia,Mochila Maternal Negra South Port S46 By Gadnic Porta Mamaderas Térmico,https://www.fravega.com/p/mochila-maternal-negra-south-port-s46-by-gadnic-porta-mamaderas-termico-20057977/,38414.0,29549.0,1,True
FRA-cochecito-de-paseo-ultracompacto-bebesit,Fravega,OTRAS,Bebés y Primera Infancia,Cochecito de Paseo UltraCompacto Bebesit Negro,https://www.fravega.com/p/cochecito-de-paseo-ultracompacto-bebesit-negro-990245839/,169441.0,118609.0,1,True
FRA-coche-de-paseo-bebesit-manillar-rebatibl,Fravega,OTRAS,Bebés y Primera Infancia,Coche De Paseo Bebesit Manillar Rebatible Y Varias Posiciones Azul 1390-D,https://www.fravega.com/p/coche-de-paseo-bebesit-manillar-rebatible-y-varias-posiciones-azul-1390-d-990247569/,250313.0,175219.0,1,True
FRA-chicco-pocket-snack-silla-portatil-regul,Fravega,CHICCO,Bebés y Primera Infancia,Chicco Pocket Snack Silla Portatil Regulable 470070,https://www.fravega.com/p/chicco-pocket-snack-silla-portatil-regulable-470070-990249438/,99990.0,49990.0,1,True
FRA-coche-travel-system-baby-one-roma-gris-b,Fravega,OTRAS,Bebés y Primera Infancia,Coche Travel System Baby One Roma Gris Bots-035,https://www.fravega.com/p/coche-travel-system-baby-one-roma-gris-bots-035-990263029/,319990.0,219990.0,1,True
FRA-chicco-coche-we-black-607988595-99026529,Fravega,CHICCO,Bebés y Primera Infancia,Chicco Coche We-black 607988595,https://www.fravega.com/p/chicco-coche-we-black-607988595-990265296/,399990.0,299990.0,1,True
FRA-chicco-coche-de-paseo-glee-uneven-black-,Fravega,CHICCO,Bebés y Primera Infancia,Chicco Coche De Paseo Glee Uneven Black 8087068730,https://www.fravega.com/p/chicco-coche-de-paseo-glee-uneven-black-8087068730-990265625/,499990.0,179990.0,1,True
FRA-chicco-coche-de-paseo-glee-playful-black,Fravega,CHICCO,Bebés y Primera Infancia,Chicco Coche De Paseo Glee Playful Black 0808706875 27680 Negro,https://www.fravega.com/p/chicco-coche-de-paseo-glee-playful-black-0808706875-27680-negro-990267983/,499990.0,149990.0,1,True
FRA-cochecito-plegable-compacto-c-manija-neg,Fravega,OTRAS,Bebés y Primera Infancia,Cochecito Plegable Compacto C/Manija Negro Bebesit,https://www.fravega.com/p/cochecito-plegable-compacto-c-manija-negro-bebesit-990274990/,199356.0,139549.0,1,True
FRA-cochecito-zelia-s-trio-3-1-dark-grey-max,Fravega,OTRAS,Bebés y Primera Infancia,COCHECITO ZELIA S TRIO 3 EN 1 DARK GREY MAXI COSI,https://www.fravega.com/p/cochecito-zelia-s-trio-3-1-dark-grey-maxi-cosi-990275251/,1999999.0,1129999.0,1,True
FRA-cochecito-travel-system-infanti-padua-2g,Fravega,OTRAS,Bebés y Primera Infancia,Cochecito Travel System Infanti Padua 2G Rosa,https://www.fravega.com/p/cochecito-travel-system-infanti-padua-2g-rosa-990275253/,899999.0,519999.0,1,True
FRA-cochecito-con-moises-y-huevito-3-1-bring,Fravega,OTRAS,Bebés y Primera Infancia,Cochecito con Moises y Huevito 3 en 1 Bring Tryp rojo 5430,https://www.fravega.com/p/cochecito-con-moises-y-huevito-3-1-bring-tryp-rojo-5430-10007005/,492000.0,393599.0,1,True
FRA-cochecito-de-bebe-bring-fores-5310-rojo-,Fravega,OTRAS,Bebés y Primera Infancia,Cochecito de Bebé Bring Fores 5310 Rojo,https://www.fravega.com/p/cochecito-de-bebe-bring-fores-5310-rojo-10006983/,1792000.0,1433599.0,1,True
FRA-cochecito-de-bebe-paraguitas-mini-cooper,Fravega,OTRAS,Bebés y Primera Infancia,Cochecito de Bebe Paragüitas Mini Cooper Buggy Blue,https://www.fravega.com/p/cochecito-de-bebe-paraguitas-mini-cooper-buggy-blue-10006858/,293000.0,234399.0,1,True
FRA-cochecito-de-bebe-paraguitas-mini-cooper,Fravega,OTRAS,Bebés y Primera Infancia,Cochecito de Bebe Paragüitas Mini Cooper Buggy Black Jack,https://www.fravega.com/p/cochecito-de-bebe-paraguitas-mini-cooper-buggy-black-jack-10006856/,293000.0,234399.0,1,True
FRA-cochecito-de-bebe-paraguitas-mini-cooper,Fravega,OTRAS,Bebés y Primera Infancia,Cochecito de Bebe Paragüitas Mini Cooper Buggy XL Black Jack,https://www.fravega.com/p/cochecito-de-bebe-paraguitas-mini-cooper-buggy-xl-black-jack-10008123/,320200.0,256099.0,1,True
FRA-cochecito-de-bebe-paraguita-mu-reforzado,Fravega,OTRAS,Bebés y Primera Infancia,Cochecito de Bebe Paraguita MU Reforzado Color Gris,https://www.fravega.com/p/cochecito-de-bebe-paraguita-mu-reforzado-color-gris-680669/,99999.0,49999.0,1,True
FRA-butaca-sillita-para-auto-ninos-de-9-a-36,Fravega,OTRAS,Bebés y Primera Infancia,Butaca Sillita para Auto Ninos de 9 a 36 kg,https://www.fravega.com/p/butaca-sillita-para-auto-ninos-de-9-a-36-kg-680827/,139999.0,79999.0,1,True
FRA-practicuna-love-gris-833-colchon-de-rega,Fravega,OTRAS,Bebés y Primera Infancia,Practicuna Love Gris 833 + Colchón de regalo,https://www.fravega.com/p/practicuna-love-gris-833-colchon-de-regalo-680966/,199999.0,134999.0,1,True
FRA-mamadera-avent-natural-response-jirafa-s,Fravega,OTRAS,Bebés y Primera Infancia,Mamadera Avent Natural Response Jirafa SCY903 66 260 Ml,https://www.fravega.com/p/mamadera-avent-natural-response-jirafa-scy903-66-260-ml-680774/,41299.0,29999.0,1,True
FRA-coche-cuna-love-172-negro-680004,Fravega,OTRAS,Bebés y Primera Infancia,Coche Cuna Love 172 Negro,https://www.fravega.com/p/coche-cuna-love-172-negro-680004/,399999.0,179999.0,1,True
FRA-caminador-con-musica-bebesit-1226-celest,Fravega,OTRAS,Bebés y Primera Infancia,Caminador con Música Bebesit 1226 Celeste,https://www.fravega.com/p/caminador-con-musica-bebesit-1226-celeste-680445/,69999.0,46999.0,1,True
FRA-combo-banera-plegable-adaptador-termomet,Fravega,OTRAS,Bebés y Primera Infancia,Combo Bañera Plegable Adaptador Termometro Electronico Love B340 Gris,https://www.fravega.com/p/combo-banera-plegable-adaptador-termometro-electronico-love-b340-gris-21183849/,76400.0,61099.0,1,True
FRA-baby-call-gadnic-con-camara-vision-noctu,Fravega,OTRAS,Bebés y Primera Infancia,"Baby Call Gadnic con Cámara Visión Nocturna a Color 3,2"" Temperatura Ambiente",https://www.fravega.com/p/baby-call-gadnic-con-camara-vision-nocturna-a-color-3-2-temperatura-ambiente-20056044/,181414.0,139549.0,1,True
FRA-colchoneta-de-bebe-gadnic-gimnasio-music,Fravega,OTRAS,Bebés y Primera Infancia,Colchoneta de Bebe Gadnic Gimnasio Musical,https://www.fravega.com/p/colchoneta-de-bebe-gadnic-gimnasio-musical-990165631/,57914.0,44549.01,1,True
FRA-esterilizador-a-vapor-para-microondas-av,Fravega,OTRAS,Bebés y Primera Infancia,Esterilizador a vapor para microondas AVENT SCF28102,https://www.fravega.com/p/esterilizador-a-vapor-para-microondas-avent-scf28102-680151/,89999.0,59999.0,1,True
FRA-sacaleche-manual-gadnic-brp00104-150ml-9,Fravega,OTRAS,Bebés y Primera Infancia,Sacaleche Manual Gadnic BRP00104 150ml,https://www.fravega.com/p/sacaleche-manual-gadnic-brp00104-150ml-990068128/,30679.0,23599.01,1,True
FRA-mochila-maternal-negra-south-port-s46-by,Fravega,OTRAS,Bebés y Primera Infancia,Mochila Maternal Negra South Port S46 By Gadnic Porta Mamaderas Térmico,https://www.fravega.com/p/mochila-maternal-negra-south-port-s46-by-gadnic-porta-mamaderas-termico-20057977/,38414.0,29549.0,1,True
FRA-cochecito-de-bebe-paraguitas-mini-cooper,Fravega,OTRAS,Bebés y Primera Infancia,Cochecito de Bebé Paragüitas Mini Cooper Buggy XL Blazing Red,https://www.fravega.com/p/cochecito-de-bebe-paraguitas-mini-cooper-buggy-xl-blazing-red-10008090/,320200.0,256099.0,1,True
FRA-cochecito-de-bebe-paraguitas-mini-cooper,Fravega,OTRAS,Bebés y Primera Infancia,Cochecito de Bebe Paragüitas Mini Cooper Buggy Blazing Red,https://www.fravega.com/p/cochecito-de-bebe-paraguitas-mini-cooper-buggy-blazing-red-10006860/,293000.0,234399.0,1,True
FRA-cochecito-de-paseo-3-ruedas-love-297-roj,Fravega,OTRAS,Bebés y Primera Infancia,Cochecito de Paseo 3 Ruedas Love 297 Rojo 07,https://www.fravega.com/p/cochecito-de-paseo-3-ruedas-love-297-rojo-07-50005386/,149300.0,119399.0,1,True
FRA-cochecito-de-paseo-bright-starts-baby-jo,Fravega,OTRAS,Bebés y Primera Infancia,Cochecito de Paseo Bright starts Baby Jogger City Versa,https://www.fravega.com/p/cochecito-de-paseo-bright-starts-baby-jogger-city-versa-50005421/,1801400.0,1441099.0,1,True
FRA-cochecito-de-paseo-baby-go-223-verde-500,Fravega,OTRAS,Bebés y Primera Infancia,Cochecito De Paseo Baby Go 223 Verde,https://www.fravega.com/p/cochecito-de-paseo-baby-go-223-verde-50005403/,1783700.0,1426899.0,1,True
FRA-cochecito-de-paseo-3-ruedas-love-297-neg,Fravega,OTRAS,Bebés y Primera Infancia,Cochecito de Paseo 3 Ruedas Love 297 Negro 09,https://www.fravega.com/p/cochecito-de-paseo-3-ruedas-love-297-negro-09-50005412/,149300.0,119399.0,1,True
FRA-cochecito-de-paseo-3-ruedas-love-297-lin,Fravega,OTRAS,Bebés y Primera Infancia,Cochecito de Paseo 3 Ruedas Love 297 Linen 07,https://www.fravega.com/p/cochecito-de-paseo-3-ruedas-love-297-linen-07-50005408/,149300.0,119399.0,1,True
FRA-cochecito-de-bebe-paraguitas-love-195-ne,Fravega,OTRAS,Bebés y Primera Infancia,Cochecito de Bebe Paragüitas Love 195 Negro,https://www.fravega.com/p/cochecito-de-bebe-paraguitas-love-195-negro-50007325/,141800.0,113399.0,1,True
FRA-cochecito-de-bebe-paraguitas-love-195-ro,Fravega,OTRAS,Bebés y Primera Infancia,Cochecito de Bebé Paragüitas Love 195 Rojo,https://www.fravega.com/p/cochecito-de-bebe-paraguitas-love-195-rojo-50007327/,141800.0,113399.0,1,True
FRA-coche-paraguita-bebesit-1058-neuf-negro-,Fravega,OTRAS,Bebés y Primera Infancia,Coche Paraguita Bebesit 1058 Neuf Negro Rojo,https://www.fravega.com/p/coche-paraguita-bebesit-1058-neuf-negro-rojo-50012677/,204056.0,81997.0,1,True
FRA-coche-paraguita-bebesit-1058-neuf-negro-,Fravega,OTRAS,Bebés y Primera Infancia,Coche Paraguita Bebesit 1058 Neuf Negro Bordo,https://www.fravega.com/p/coche-paraguita-bebesit-1058-neuf-negro-bordo-50012680/,204056.0,81997.0,1,True
FRA-coche-paraguita-bebesit-1058-neuf-negro-,Fravega,OTRAS,Bebés y Primera Infancia,Coche Paraguita Bebesit 1058 Neuf Negro Verde,https://www.fravega.com/p/coche-paraguita-bebesit-1058-neuf-negro-verde-50012679/,204056.0,81997.0,1,True
FRA-coche-paraguitas-bebesit-1052-tours-negr,Fravega,OTRAS,Bebés y Primera Infancia,Coche Paraguitas Bebesit 1052 Tours Negro Lila,https://www.fravega.com/p/coche-paraguitas-bebesit-1052-tours-negro-lila-50012675/,148709.0,82108.0,1,True
FRA-coche-paraguitas-bebesit-1052-tours-negr,Fravega,OTRAS,Bebés y Primera Infancia,Coche Paraguitas Bebesit 1052 Tours Negro Celeste,https://www.fravega.com/p/coche-paraguitas-bebesit-1052-tours-negro-celeste-50012678/,148709.0,82108.0,1,True
FRA-coche-paraguitas-bebesit-1052-tours-negr,Fravega,OTRAS,Bebés y Primera Infancia,Coche Paraguitas Bebesit 1052 Tours Negro Verde,https://www.fravega.com/p/coche-paraguitas-bebesit-1052-tours-negro-verde-50012673/,148709.0,82108.0,1,True
FRA-cochecito-de-bebe-paraguita-mu-reforzado,Fravega,OTRAS,Bebés y Primera Infancia,Cochecito de Bebe Paraguita MU Reforzado Color Gris,https://www.fravega.com/p/cochecito-de-bebe-paraguita-mu-reforzado-color-gris-680669/,99999.0,49999.0,1,True
FRA-butaca-sillita-para-auto-ninos-de-9-a-36,Fravega,OTRAS,Bebés y Primera Infancia,Butaca Sillita para Auto Ninos de 9 a 36 kg,https://www.fravega.com/p/butaca-sillita-para-auto-ninos-de-9-a-36-kg-680827/,139999.0,79999.0,1,True
FRA-practicuna-love-gris-833-colchon-de-rega,Fravega,OTRAS,Bebés y Primera Infancia,Practicuna Love Gris 833 + Colchón de regalo,https://www.fravega.com/p/practicuna-love-gris-833-colchon-de-regalo-680966/,199999.0,134999.0,1,True
FRA-mamadera-avent-natural-response-jirafa-s,Fravega,OTRAS,Bebés y Primera Infancia,Mamadera Avent Natural Response Jirafa SCY903 66 260 Ml,https://www.fravega.com/p/mamadera-avent-natural-response-jirafa-scy903-66-260-ml-680774/,41299.0,29999.0,1,True
FRA-coche-cuna-love-172-negro-680004,Fravega,OTRAS,Bebés y Primera Infancia,Coche Cuna Love 172 Negro,https://www.fravega.com/p/coche-cuna-love-172-negro-680004/,399999.0,179999.0,1,True
FRA-caminador-con-musica-bebesit-1226-celest,Fravega,OTRAS,Bebés y Primera Infancia,Caminador con Música Bebesit 1226 Celeste,https://www.fravega.com/p/caminador-con-musica-bebesit-1226-celeste-680445/,69999.0,46999.0,1,True
FRA-combo-banera-plegable-adaptador-termomet,Fravega,OTRAS,Bebés y Primera Infancia,Combo Bañera Plegable Adaptador Termometro Electronico Love B340 Gris,https://www.fravega.com/p/combo-banera-plegable-adaptador-termometro-electronico-love-b340-gris-21183849/,76400.0,61099.0,1,True
FRA-baby-call-gadnic-con-camara-vision-noctu,Fravega,OTRAS,Bebés y Primera Infancia,"Baby Call Gadnic con Cámara Visión Nocturna a Color 3,2"" Temperatura Ambiente",https://www.fravega.com/p/baby-call-gadnic-con-camara-vision-nocturna-a-color-3-2-temperatura-ambiente-20056044/,181414.0,139549.0,1,True
FRA-colchoneta-de-bebe-gadnic-gimnasio-music,Fravega,OTRAS,Bebés y Primera Infancia,Colchoneta de Bebe Gadnic Gimnasio Musical,https://www.fravega.com/p/colchoneta-de-bebe-gadnic-gimnasio-musical-990165631/,57914.0,44549.01,1,True
FRA-esterilizador-a-vapor-para-microondas-av,Fravega,OTRAS,Bebés y Primera Infancia,Esterilizador a vapor para microondas AVENT SCF28102,https://www.fravega.com/p/esterilizador-a-vapor-para-microondas-avent-scf28102-680151/,89999.0,59999.0,1,True
FRA-sacaleche-manual-gadnic-brp00104-150ml-9,Fravega,OTRAS,Bebés y Primera Infancia,Sacaleche Manual Gadnic BRP00104 150ml,https://www.fravega.com/p/sacaleche-manual-gadnic-brp00104-150ml-990068128/,30679.0,23599.01,1,True
FRA-mochila-maternal-negra-south-port-s46-by,Fravega,OTRAS,Bebés y Primera Infancia,Mochila Maternal Negra South Port S46 By Gadnic Porta Mamaderas Térmico,https://www.fravega.com/p/mochila-maternal-negra-south-port-s46-by-gadnic-porta-mamaderas-termico-20057977/,38414.0,29549.0,1,True
FRA-coche-paraguitas-con-multiposiciones-dis,Fravega,OTRAS,Bebés y Primera Infancia,Coche Paraguitas con Multiposiciones Disney Gris y Rojo Mickey,https://www.fravega.com/p/coche-paraguitas-con-multiposiciones-disney-gris-y-rojo-mickey-50017015/,154280.0,100359.0,1,True
FRA-coche-paraguitas-con-multiposiciones-dis,Fravega,OTRAS,Bebés y Primera Infancia,Coche Paraguitas con Multiposiciones Disney Negro y Rojo Mickey,https://www.fravega.com/p/coche-paraguitas-con-multiposiciones-disney-negro-y-rojo-mickey-50017017/,154280.0,100359.0,1,True
FRA-cochecito-moises-love-smart-1009-negro-g,Fravega,OTRAS,Bebés y Primera Infancia,Cochecito Moises Love Smart 1009 Negro Gold 2 en 1,https://www.fravega.com/p/cochecito-moises-love-smart-1009-negro-gold-2-1-20060568/,301200.0,240899.0,1,True
FRA-cochecito-moises-love-smart-1009-linen-0,Fravega,OTRAS,Bebés y Primera Infancia,Cochecito Moises Love Smart 1009 Linen 08 2 en 1,https://www.fravega.com/p/cochecito-moises-love-smart-1009-linen-08-2-1-20060569/,301200.0,240899.0,1,True
FRA-cochecito-huevito-love-smart-1010-azul--,Fravega,OTRAS,Bebés y Primera Infancia,Cochecito Huevito Love Smart 1010 Azul,https://www.fravega.com/p/cochecito-huevito-love-smart-1010-azul--20060572/,652900.0,522299.0,1,True
FRA-cochecito-huevito-love-smart-1010-gris--,Fravega,OTRAS,Bebés y Primera Infancia,Cochecito Huevito Love Smart 1010 Gris,https://www.fravega.com/p/cochecito-huevito-love-smart-1010-gris--20060573/,652900.0,522299.0,1,True
FRA-cochecito-love-smart-1011-rojo-ultrapleg,Fravega,OTRAS,Bebés y Primera Infancia,Cochecito Love Smart 1011 Rojo Ultraplegable,https://www.fravega.com/p/cochecito-love-smart-1011-rojo-ultraplegable-20060575/,243700.0,194899.0,1,True
FRA-cochecito-huevito-love-smart-1010-beige-,Fravega,OTRAS,Bebés y Primera Infancia,Cochecito Huevito Love Smart 1010 Beige,https://www.fravega.com/p/cochecito-huevito-love-smart-1010-beige--20060574/,652900.0,522299.0,1,True
FRA-cochecito-love-smart-1011-black-ultraple,Fravega,OTRAS,Bebés y Primera Infancia,Cochecito Love Smart 1011 Black Ultraplegable,https://www.fravega.com/p/cochecito-love-smart-1011-black-ultraplegable-20060576/,243700.0,194899.0,1,True
FRA-cochecito-love-smart-1011-gris-ultrapleg,Fravega,OTRAS,Bebés y Primera Infancia,Cochecito Love Smart 1011 Gris Ultraplegable,https://www.fravega.com/p/cochecito-love-smart-1011-gris-ultraplegable-20060578/,243700.0,194899.0,1,True
FRA-cochecito-love-smart-1011-grafito-ultrap,Fravega,OTRAS,Bebés y Primera Infancia,Cochecito Love Smart 1011 Grafito Ultraplegable,https://www.fravega.com/p/cochecito-love-smart-1011-grafito-ultraplegable-20060577/,243700.0,194899.0,1,True
FRA-cochecito-de-paseo-bebesit-1390-aeris-gr,Fravega,OTRAS,Bebés y Primera Infancia,Cochecito de Paseo Bebesit 1390 Aeris Gris,https://www.fravega.com/p/cochecito-de-paseo-bebesit-1390-aeris-gris-680929/,299999.0,154999.0,1,True
FRA-coche-cuna-de-bebe-travel-system-disney-,Fravega,OTRAS,Bebés y Primera Infancia,Coche Cuna de Bebe Travel System Disney Celeste Mickey,https://www.fravega.com/p/coche-cuna-de-bebe-travel-system-disney-celeste-mickey-20293896/,337520.0,236030.0,1,True
FRA-coche-cuna-de-bebe-travel-system-disney-,Fravega,OTRAS,Bebés y Primera Infancia,Coche Cuna de Bebe Travel System Disney Gris Mickey,https://www.fravega.com/p/coche-cuna-de-bebe-travel-system-disney-gris-mickey-20293898/,315330.0,242560.0,1,True
FRA-coche-jogger-de-bebe-disney-rosa-minnie-,Fravega,OTRAS,Bebés y Primera Infancia,Coche Jogger de Bebe Disney Rosa Minnie,https://www.fravega.com/p/coche-jogger-de-bebe-disney-rosa-minnie-20295870/,341910.0,245805.0,1,True
FRA-cochecito-de-bebe-paraguita-mu-reforzado,Fravega,OTRAS,Bebés y Primera Infancia,Cochecito de Bebe Paraguita MU Reforzado Color Gris,https://www.fravega.com/p/cochecito-de-bebe-paraguita-mu-reforzado-color-gris-680669/,99999.0,49999.0,1,True
FRA-butaca-sillita-para-auto-ninos-de-9-a-36,Fravega,OTRAS,Bebés y Primera Infancia,Butaca Sillita para Auto Ninos de 9 a 36 kg,https://www.fravega.com/p/butaca-sillita-para-auto-ninos-de-9-a-36-kg-680827/,139999.0,79999.0,1,True
FRA-practicuna-love-gris-833-colchon-de-rega,Fravega,OTRAS,Bebés y Primera Infancia,Practicuna Love Gris 833 + Colchón de regalo,https://www.fravega.com/p/practicuna-love-gris-833-colchon-de-regalo-680966/,199999.0,134999.0,1,True
FRA-mamadera-avent-natural-response-jirafa-s,Fravega,OTRAS,Bebés y Primera Infancia,Mamadera Avent Natural Response Jirafa SCY903 66 260 Ml,https://www.fravega.com/p/mamadera-avent-natural-response-jirafa-scy903-66-260-ml-680774/,41299.0,29999.0,1,True
FRA-coche-cuna-love-172-negro-680004,Fravega,OTRAS,Bebés y Primera Infancia,Coche Cuna Love 172 Negro,https://www.fravega.com/p/coche-cuna-love-172-negro-680004/,399999.0,179999.0,1,True
FRA-caminador-con-musica-bebesit-1226-celest,Fravega,OTRAS,Bebés y Primera Infancia,Caminador con Música Bebesit 1226 Celeste,https://www.fravega.com/p/caminador-con-musica-bebesit-1226-celeste-680445/,69999.0,46999.0,1,True
FRA-combo-banera-plegable-adaptador-termomet,Fravega,OTRAS,Bebés y Primera Infancia,Combo Bañera Plegable Adaptador Termometro Electronico Love B340 Gris,https://www.fravega.com/p/combo-banera-plegable-adaptador-termometro-electronico-love-b340-gris-21183849/,76400.0,61099.0,1,True
FRA-baby-call-gadnic-con-camara-vision-noctu,Fravega,OTRAS,Bebés y Primera Infancia,"Baby Call Gadnic con Cámara Visión Nocturna a Color 3,2"" Temperatura Ambiente",https://www.fravega.com/p/baby-call-gadnic-con-camara-vision-nocturna-a-color-3-2-temperatura-ambiente-20056044/,181414.0,139549.0,1,True
FRA-colchoneta-de-bebe-gadnic-gimnasio-music,Fravega,OTRAS,Bebés y Primera Infancia,Colchoneta de Bebe Gadnic Gimnasio Musical,https://www.fravega.com/p/colchoneta-de-bebe-gadnic-gimnasio-musical-990165631/,57914.0,44549.01,1,True
FRA-esterilizador-a-vapor-para-microondas-av,Fravega,OTRAS,Bebés y Primera Infancia,Esterilizador a vapor para microondas AVENT SCF28102,https://www.fravega.com/p/esterilizador-a-vapor-para-microondas-avent-scf28102-680151/,89999.0,59999.0,1,True
FRA-sacaleche-manual-gadnic-brp00104-150ml-9,Fravega,OTRAS,Bebés y Primera Infancia,Sacaleche Manual Gadnic BRP00104 150ml,https://www.fravega.com/p/sacaleche-manual-gadnic-brp00104-150ml-990068128/,30679.0,23599.01,1,True
FRA-mochila-maternal-negra-south-port-s46-by,Fravega,OTRAS,Bebés y Primera Infancia,Mochila Maternal Negra South Port S46 By Gadnic Porta Mamaderas Térmico,https://www.fravega.com/p/mochila-maternal-negra-south-port-s46-by-gadnic-porta-mamaderas-termico-20057977/,38414.0,29549.0,1,True
FRA-alfombra-sensorial-inflable-con-agua-y-a,Fravega,OTRAS,Bebés y Primera Infancia,Alfombra Sensorial Inflable con Agua y Aire Love 4230 Peces,https://www.fravega.com/p/alfombra-sensorial-inflable-con-agua-y-aire-love-4230-peces-680591/,10999.0,6999.0,1,True
FRA-corralito-gimnasio-para-bebe-love-hex-gr,Fravega,OTRAS,Bebés y Primera Infancia,Corralito Gimnasio Para Bebé Love Hex Gris 880,https://www.fravega.com/p/corralito-gimnasio-para-bebe-love-hex-gris-880-680908/,69999.0,49999.0,1,True
FRA-cuna-colecho-convertible-5-1-escritorio-,Fravega,OTRAS,Bebés y Primera Infancia,Cuna Colecho Convertible 5 En 1 Escritorio + Placard + Chifonier,https://www.fravega.com/p/cuna-colecho-convertible-5-1-escritorio-placard-chifonier-21255998/,710000.0,576400.0,1,True
FRA-colchon-50x100x10-cuna--21500206,Fravega,OTRAS,Bebés y Primera Infancia,Colchón 50x100x10 Cuna,https://www.fravega.com/p/colchon-50x100x10-cuna--21500206/,49334.0,32807.3,1,True
FRA-vibrador-para-cuna-love-800-negro-500055,Fravega,OTRAS,Bebés y Primera Infancia,Vibrador para Cuna Love 800 Negro,https://www.fravega.com/p/vibrador-para-cuna-love-800-negro-50005528/,17000.0,13599.0,1,True
FRA-practicuna-colecho-bebesit-gris-50039698,Fravega,OTRAS,Bebés y Primera Infancia,Practicuna Colecho Bebesit Gris,https://www.fravega.com/p/practicuna-colecho-bebesit-gris-50039698/,278496.0,166640.98,1,True
FRA-pelotero-montessori-bebes-ninos-rigido-9,Fravega,OTRAS,Bebés y Primera Infancia,Pelotero Montessori Bebes Niños Rígido 90cm  Gris Corralito,https://www.fravega.com/p/pelotero-montessori-bebes-ninos-rigido-90cm-gris-corralito-22766203/,120000.0,79999.0,1,True
FRA-mosquitero-para-cochecito-o-cuna-univers,Fravega,OTRAS,Bebés y Primera Infancia,Mosquitero para Cochecito o Cuna Universal Love 2730,https://www.fravega.com/p/mosquitero-para-cochecito-o-cuna-universal-love-2730-50005433/,15000.0,11999.0,1,True
FRA-practicuna-colecho-bebesit-celeste-50039,Fravega,OTRAS,Bebés y Primera Infancia,Practicuna Colecho Bebesit Celeste,https://www.fravega.com/p/practicuna-colecho-bebesit-celeste-50039696/,278496.0,166640.98,1,True
FRA-corralito-desmontable-love-881-con-pelot,Fravega,OTRAS,Bebés y Primera Infancia,Corralito Desmontable Love 881 con Pelotitas y Aro Negro,https://www.fravega.com/p/corralito-desmontable-love-881-con-pelotitas-y-aro-negro-21202596/,111000.0,88799.0,1,True
FRA-cuna-colecho-multifuncion-5-en1-21214921,Fravega,OTRAS,Bebés y Primera Infancia,Cuna Colecho Multifuncion 5 en1,https://www.fravega.com/p/cuna-colecho-multifuncion-5-en1-21214921/,298800.0,226400.0,1,True
FRA-cuna-colecho-convertible-5-1-escritorio-,Fravega,OTRAS,Bebés y Primera Infancia,Cuna Colecho Convertible 5 en 1 Escritorio Con Colchon,https://www.fravega.com/p/cuna-colecho-convertible-5-1-escritorio-con-colchon--21215810/,384900.0,291600.0,1,True
FRA-cuna-colecho-5-1-convertible-mosies-escr,Fravega,OTRAS,Bebés y Primera Infancia,Cuna Colecho 5 En 1 Convertible En Mosies Escritorio Mesa Infantil,https://www.fravega.com/p/cuna-colecho-5-1-convertible-mosies-escritorio-mesa-infantil--21215958/,336100.0,254600.0,1,True
FRA-corralito-inflable-my-first-gym-intex-68,Fravega,OTRAS,Bebés y Primera Infancia,Corralito Inflable My First Gym Intex,https://www.fravega.com/p/corralito-inflable-my-first-gym-intex-680745/,59999.0,39999.0,1,True
FRA-cochecito-de-bebe-paraguita-mu-reforzado,Fravega,OTRAS,Bebés y Primera Infancia,Cochecito de Bebe Paraguita MU Reforzado Color Gris,https://www.fravega.com/p/cochecito-de-bebe-paraguita-mu-reforzado-color-gris-680669/,99999.0,49999.0,1,True
FRA-butaca-sillita-para-auto-ninos-de-9-a-36,Fravega,OTRAS,Bebés y Primera Infancia,Butaca Sillita para Auto Ninos de 9 a 36 kg,https://www.fravega.com/p/butaca-sillita-para-auto-ninos-de-9-a-36-kg-680827/,139999.0,79999.0,1,True
FRA-practicuna-love-gris-833-colchon-de-rega,Fravega,OTRAS,Bebés y Primera Infancia,Practicuna Love Gris 833 + Colchón de regalo,https://www.fravega.com/p/practicuna-love-gris-833-colchon-de-regalo-680966/,199999.0,134999.0,1,True
FRA-mamadera-avent-natural-response-jirafa-s,Fravega,OTRAS,Bebés y Primera Infancia,Mamadera Avent Natural Response Jirafa SCY903 66 260 Ml,https://www.fravega.com/p/mamadera-avent-natural-response-jirafa-scy903-66-260-ml-680774/,41299.0,29999.0,1,True
FRA-coche-cuna-love-172-negro-680004,Fravega,OTRAS,Bebés y Primera Infancia,Coche Cuna Love 172 Negro,https://www.fravega.com/p/coche-cuna-love-172-negro-680004/,399999.0,179999.0,1,True
FRA-caminador-con-musica-bebesit-1226-celest,Fravega,OTRAS,Bebés y Primera Infancia,Caminador con Música Bebesit 1226 Celeste,https://www.fravega.com/p/caminador-con-musica-bebesit-1226-celeste-680445/,69999.0,46999.0,1,True
FRA-combo-banera-plegable-adaptador-termomet,Fravega,OTRAS,Bebés y Primera Infancia,Combo Bañera Plegable Adaptador Termometro Electronico Love B340 Gris,https://www.fravega.com/p/combo-banera-plegable-adaptador-termometro-electronico-love-b340-gris-21183849/,76400.0,61099.0,1,True
FRA-baby-call-gadnic-con-camara-vision-noctu,Fravega,OTRAS,Bebés y Primera Infancia,"Baby Call Gadnic con Cámara Visión Nocturna a Color 3,2"" Temperatura Ambiente",https://www.fravega.com/p/baby-call-gadnic-con-camara-vision-nocturna-a-color-3-2-temperatura-ambiente-20056044/,181414.0,139549.0,1,True
FRA-colchoneta-de-bebe-gadnic-gimnasio-music,Fravega,OTRAS,Bebés y Primera Infancia,Colchoneta de Bebe Gadnic Gimnasio Musical,https://www.fravega.com/p/colchoneta-de-bebe-gadnic-gimnasio-musical-990165631/,57914.0,44549.01,1,True
FRA-esterilizador-a-vapor-para-microondas-av,Fravega,OTRAS,Bebés y Primera Infancia,Esterilizador a vapor para microondas AVENT SCF28102,https://www.fravega.com/p/esterilizador-a-vapor-para-microondas-avent-scf28102-680151/,89999.0,59999.0,1,True
FRA-sacaleche-manual-gadnic-brp00104-150ml-9,Fravega,OTRAS,Bebés y Primera Infancia,Sacaleche Manual Gadnic BRP00104 150ml,https://www.fravega.com/p/sacaleche-manual-gadnic-brp00104-150ml-990068128/,30679.0,23599.01,1,True
FRA-mochila-maternal-negra-south-port-s46-by,Fravega,OTRAS,Bebés y Primera Infancia,Mochila Maternal Negra South Port S46 By Gadnic Porta Mamaderas Térmico,https://www.fravega.com/p/mochila-maternal-negra-south-port-s46-by-gadnic-porta-mamaderas-termico-20057977/,38414.0,29549.0,1,True
FRA-cama-montessori-estrella-blanco-y-rosa-c,Fravega,OTRAS,Bebés y Primera Infancia,Cama Montessori Estrella Blanco y Rosa + Colchon 140x80x12,https://www.fravega.com/p/cama-montessori-estrella-blanco-y-rosa-colchon-140x80x12-21296171/,498400.0,377600.0,1,True
FRA-cama-montessori-estrella-blanco-colchon-,Fravega,OTRAS,Bebés y Primera Infancia,Cama Montessori Estrella Blanco + Colchon 140x80x12,https://www.fravega.com/p/cama-montessori-estrella-blanco-colchon-140x80x12-21296185/,498400.0,377600.0,1,True
FRA-practicuna-colecho-bebesit-gris-con-mosq,Fravega,OTRAS,Bebés y Primera Infancia,Practicuna Colecho Bebesit Gris Con Mosquitero,https://www.fravega.com/p/practicuna-colecho-bebesit-gris-con-mosquitero-990173487/,195299.0,136708.99,1,True
FRA-barral-para-cuna-y-cochecitos-pollito-ro,Fravega,OTRAS,Bebés y Primera Infancia,Barral Para Cuna Y Cochecitos Pollito Rojo Phi Phi Toys,https://www.fravega.com/p/barral-para-cuna-y-cochecitos-pollito-rojo-phi-phi-toys-21477593/,31961.0,24699.0,1,True
FRA-colchon-de-cuna-60x120x10-21500208,Fravega,OTRAS,Bebés y Primera Infancia,Colchón De Cuna 60x120x10,https://www.fravega.com/p/colchon-de-cuna-60x120x10-21500208/,64500.0,42892.5,1,True
FRA-colchon-para-practicuna-70x100x10-215002,Fravega,OTRAS,Bebés y Primera Infancia,Colchón Para Practicuna 70x100x10,https://www.fravega.com/p/colchon-para-practicuna-70x100x10-21500213/,65034.0,43247.8,1,True
FRA-colchon-80x140x10-cuna-funcional--215002,Fravega,OTRAS,Bebés y Primera Infancia,Colchón 80x140x10 Cuna Funcional,https://www.fravega.com/p/colchon-80x140x10-cuna-funcional--21500217/,96630.0,64258.95,1,True
FRA-cuna-corralito-con-colchon-love-820-turq,Fravega,OTRAS,Bebés y Primera Infancia,Cuna Corralito con Colchon Love 820 Turquesa,https://www.fravega.com/p/cuna-corralito-con-colchon-love-820-turquesa-22063170/,97700.0,78099.0,1,True
FRA-cuna-corralito-820-rosa-22063180,Fravega,OTRAS,Bebés y Primera Infancia,Cuna Corralito 820 Rosa,https://www.fravega.com/p/cuna-corralito-820-rosa-22063180/,97700.0,78099.0,1,True
FRA-practicuna-colecho-dencar-de-disney-con-,Fravega,OTRAS,Bebés y Primera Infancia,Practicuna Colecho Dencar de Disney con Mosquitero Gris,https://www.fravega.com/p/practicuna-colecho-dencar-de-disney-con-mosquitero-gris-22089168/,285690.0,204185.0,1,True
FRA-practicuna-funky-fresh-luna-funkyeco-par,Fravega,OTRAS,Bebés y Primera Infancia,Practicuna Funky Fresh Luna Funkyeco Para Bebés Color Gris Oscuro,https://www.fravega.com/p/practicuna-funky-fresh-luna-funkyeco-para-bebes-color-gris-oscuro-22467269/,178698.0,89349.0,1,True
FRA-cuna-bebesit-colecho-gris-990268241,Fravega,OTRAS,Bebés y Primera Infancia,Cuna Bebesit Colecho Gris,https://www.fravega.com/p/cuna-bebesit-colecho-gris-990268241/,174999.99,139999.99,1,True
FRA-juego-de-sabanas-cuna-boca-juniors-1-1-2,Fravega,OTRAS,Bebés y Primera Infancia,Juego De Sábanas Cuna Boca Juniors 1 1/2 Plaza,https://www.fravega.com/p/juego-de-sabanas-cuna-boca-juniors-1-1-2-plaza-10012991/,25999.0,19999.99,1,True
FRA-juego-de-sabanas-cuna-river-plate-100129,Fravega,OTRAS,Bebés y Primera Infancia,Juego De Sábanas Cuna River Plate,https://www.fravega.com/p/juego-de-sabanas-cuna-river-plate-10012990/,23599.0,18643.21,1,True
FRA-corralito-inflable-cuadrado-baby-gym-int,Fravega,OTRAS,Bebés y Primera Infancia,Corralito inflable Cuadrado Baby Gym Intex,https://www.fravega.com/p/corralito-inflable-cuadrado-baby-gym-intex-10015568/,104374.0,84543.0,1,True
FRA-cochecito-de-bebe-paraguita-mu-reforzado,Fravega,OTRAS,Bebés y Primera Infancia,Cochecito de Bebe Paraguita MU Reforzado Color Gris,https://www.fravega.com/p/cochecito-de-bebe-paraguita-mu-reforzado-color-gris-680669/,99999.0,49999.0,1,True
FRA-butaca-sillita-para-auto-ninos-de-9-a-36,Fravega,OTRAS,Bebés y Primera Infancia,Butaca Sillita para Auto Ninos de 9 a 36 kg,https://www.fravega.com/p/butaca-sillita-para-auto-ninos-de-9-a-36-kg-680827/,139999.0,79999.0,1,True
FRA-practicuna-love-gris-833-colchon-de-rega,Fravega,OTRAS,Bebés y Primera Infancia,Practicuna Love Gris 833 + Colchón de regalo,https://www.fravega.com/p/practicuna-love-gris-833-colchon-de-regalo-680966/,199999.0,134999.0,1,True
FRA-mamadera-avent-natural-response-jirafa-s,Fravega,OTRAS,Bebés y Primera Infancia,Mamadera Avent Natural Response Jirafa SCY903 66 260 Ml,https://www.fravega.com/p/mamadera-avent-natural-response-jirafa-scy903-66-260-ml-680774/,41299.0,29999.0,1,True
FRA-coche-cuna-love-172-negro-680004,Fravega,OTRAS,Bebés y Primera Infancia,Coche Cuna Love 172 Negro,https://www.fravega.com/p/coche-cuna-love-172-negro-680004/,399999.0,179999.0,1,True
FRA-caminador-con-musica-bebesit-1226-celest,Fravega,OTRAS,Bebés y Primera Infancia,Caminador con Música Bebesit 1226 Celeste,https://www.fravega.com/p/caminador-con-musica-bebesit-1226-celeste-680445/,69999.0,46999.0,1,True
FRA-combo-banera-plegable-adaptador-termomet,Fravega,OTRAS,Bebés y Primera Infancia,Combo Bañera Plegable Adaptador Termometro Electronico Love B340 Gris,https://www.fravega.com/p/combo-banera-plegable-adaptador-termometro-electronico-love-b340-gris-21183849/,76400.0,61099.0,1,True
FRA-baby-call-gadnic-con-camara-vision-noctu,Fravega,OTRAS,Bebés y Primera Infancia,"Baby Call Gadnic con Cámara Visión Nocturna a Color 3,2"" Temperatura Ambiente",https://www.fravega.com/p/baby-call-gadnic-con-camara-vision-nocturna-a-color-3-2-temperatura-ambiente-20056044/,181414.0,139549.0,1,True
FRA-colchoneta-de-bebe-gadnic-gimnasio-music,Fravega,OTRAS,Bebés y Primera Infancia,Colchoneta de Bebe Gadnic Gimnasio Musical,https://www.fravega.com/p/colchoneta-de-bebe-gadnic-gimnasio-musical-990165631/,57914.0,44549.01,1,True
FRA-esterilizador-a-vapor-para-microondas-av,Fravega,OTRAS,Bebés y Primera Infancia,Esterilizador a vapor para microondas AVENT SCF28102,https://www.fravega.com/p/esterilizador-a-vapor-para-microondas-avent-scf28102-680151/,89999.0,59999.0,1,True
FRA-sacaleche-manual-gadnic-brp00104-150ml-9,Fravega,OTRAS,Bebés y Primera Infancia,Sacaleche Manual Gadnic BRP00104 150ml,https://www.fravega.com/p/sacaleche-manual-gadnic-brp00104-150ml-990068128/,30679.0,23599.01,1,True
FRA-mochila-maternal-negra-south-port-s46-by,Fravega,OTRAS,Bebés y Primera Infancia,Mochila Maternal Negra South Port S46 By Gadnic Porta Mamaderas Térmico,https://www.fravega.com/p/mochila-maternal-negra-south-port-s46-by-gadnic-porta-mamaderas-termico-20057977/,38414.0,29549.0,1,True
FRA-corralito-inflable-redondo-intex-my-firs,Fravega,OTRAS,Bebés y Primera Infancia,Corralito Inflable Redondo Intex My First Gym,https://www.fravega.com/p/corralito-inflable-redondo-intex-my-first-gym-10015570/,78281.0,70453.0,1,True
FRA-practicuna-colecho-bebesit-rosa-50039697,Fravega,OTRAS,Bebés y Primera Infancia,Practicuna Colecho Bebesit Rosa,https://www.fravega.com/p/practicuna-colecho-bebesit-rosa-50039697/,278496.0,192917.98,1,True
FRA-colchon-gani-enjoy-190x080-20051323,Fravega,OTRAS,Bebés y Primera Infancia,Colchón Gani Enjoy 190x080,https://www.fravega.com/p/colchon-gani-enjoy-190x080-20051323/,222173.0,133303.0,1,True
FRA-practicuna-bebesit-2105-cambiador-mosqui,Fravega,OTRAS,Bebés y Primera Infancia,Practicuna Bebesit 2105 Cambiador Mosquitero,https://www.fravega.com/p/practicuna-bebesit-2105-cambiador-mosquitero-990024538/,216646.0,148911.0,1,True
FRA-corralito-bebes-y-ninos-1-20x1-20x60-mon,Fravega,OTRAS,Bebés y Primera Infancia,Corralito Bebés Y Niños (1.20x1.20x60) Montessori,https://www.fravega.com/p/corralito-bebes-y-ninos-1-20x1-20x60-montessori-20348968/,228332.5,103978.0,1,True
FRA-corralito-bebes-y-ninos-1-50x1-50x60-lis,Fravega,OTRAS,Bebés y Primera Infancia,Corralito Bebés Y Niños (1.50x1.50x60) - Liso Sin Diseño,https://www.fravega.com/p/corralito-bebes-y-ninos-1-50x1-50x60-liso-sin-diseno-20353021/,328900.0,164588.0,1,True
FRA-practicuna-colecho-para-bebe-bebesit-202,Fravega,OTRAS,Bebés y Primera Infancia,Practicuna Colecho Para Bebe Bebesit 2021c Con Mosquitero,https://www.fravega.com/p/practicuna-colecho-para-bebe-bebesit-2021c-con-mosquitero-20415049/,170799.0,141156.2,1,True
FRA-practicuna-colecho-para-bebe-bebesit-202,Fravega,OTRAS,Bebés y Primera Infancia,Practicuna Colecho Para Bebe Bebesit 2021b Rosa Con Mosquitero,https://www.fravega.com/p/practicuna-colecho-para-bebe-bebesit-2021b-rosa-con-mosquitero-20458674/,179737.47,166899.0,1,True
FRA-practicuna-colecho-bebe-bebesit-2021-gri,Fravega,OTRAS,Bebés y Primera Infancia,Practicuna Colecho Bebe Bebesit 2021 Gris Con Mosquitero,https://www.fravega.com/p/practicuna-colecho-bebe-bebesit-2021-gris-con-mosquitero-20458675/,170799.0,141156.2,1,True
FRA-chicco-carrusel-next2-dreams-3-1-76271-9,Fravega,CHICCO,Bebés y Primera Infancia,Chicco Carrusel Next2 Dreams 3 En 1 76271,https://www.fravega.com/p/chicco-carrusel-next2-dreams-3-1-76271-990052224/,149990.0,79990.0,1,True
FRA-chicco-luz-de-noche-goodnight-bear-blue-,Fravega,CHICCO,Bebés y Primera Infancia,Chicco Luz De Noche Goodnight Bear Blue 91562,https://www.fravega.com/p/chicco-luz-de-noche-goodnight-bear-blue-91562-990052273/,84990.0,64990.0,1,True
FRA-proyector-cuna-chicco-next2moon-musica-c,Fravega,CHICCO,Bebés y Primera Infancia,Proyector Cuna Chicco Next2moon Música Clásica 9828,https://www.fravega.com/p/proyector-cuna-chicco-next2moon-musica-clasica-9828-990052271/,129990.0,99990.0,1,True
FRA-cuna-plegable-tipo-moises-0-a-12-meses-l,Fravega,OTRAS,Bebés y Primera Infancia,Cuna Plegable tipo moises 0 a 12 Meses Love 852 Gris claro,https://www.fravega.com/p/cuna-plegable-tipo-moises-0-a-12-meses-love-852-gris-claro-21183805/,284700.0,227699.0,1,True
FRA-cuna-evolutiva-4-1-blanca-21195400,Fravega,OTRAS,Bebés y Primera Infancia,Cuna evolutiva 4 en 1 - Blanca,https://www.fravega.com/p/cuna-evolutiva-4-1-blanca-21195400/,1044100.0,750200.0,1,True
FRA-cama-evolutiva-1-plaza-blanca-21195404,Fravega,OTRAS,Bebés y Primera Infancia,Cama evolutiva - 1 plaza - Blanca,https://www.fravega.com/p/cama-evolutiva-1-plaza-blanca-21195404/,780800.0,570000.0,1,True
FRA-cochecito-de-bebe-paraguita-mu-reforzado,Fravega,OTRAS,Bebés y Primera Infancia,Cochecito de Bebe Paraguita MU Reforzado Color Gris,https://www.fravega.com/p/cochecito-de-bebe-paraguita-mu-reforzado-color-gris-680669/,99999.0,49999.0,1,True
FRA-butaca-sillita-para-auto-ninos-de-9-a-36,Fravega,OTRAS,Bebés y Primera Infancia,Butaca Sillita para Auto Ninos de 9 a 36 kg,https://www.fravega.com/p/butaca-sillita-para-auto-ninos-de-9-a-36-kg-680827/,139999.0,79999.0,1,True
FRA-practicuna-love-gris-833-colchon-de-rega,Fravega,OTRAS,Bebés y Primera Infancia,Practicuna Love Gris 833 + Colchón de regalo,https://www.fravega.com/p/practicuna-love-gris-833-colchon-de-regalo-680966/,199999.0,134999.0,1,True
FRA-mamadera-avent-natural-response-jirafa-s,Fravega,OTRAS,Bebés y Primera Infancia,Mamadera Avent Natural Response Jirafa SCY903 66 260 Ml,https://www.fravega.com/p/mamadera-avent-natural-response-jirafa-scy903-66-260-ml-680774/,41299.0,29999.0,1,True
FRA-coche-cuna-love-172-negro-680004,Fravega,OTRAS,Bebés y Primera Infancia,Coche Cuna Love 172 Negro,https://www.fravega.com/p/coche-cuna-love-172-negro-680004/,399999.0,179999.0,1,True
FRA-caminador-con-musica-bebesit-1226-celest,Fravega,OTRAS,Bebés y Primera Infancia,Caminador con Música Bebesit 1226 Celeste,https://www.fravega.com/p/caminador-con-musica-bebesit-1226-celeste-680445/,69999.0,46999.0,1,True
FRA-combo-banera-plegable-adaptador-termomet,Fravega,OTRAS,Bebés y Primera Infancia,Combo Bañera Plegable Adaptador Termometro Electronico Love B340 Gris,https://www.fravega.com/p/combo-banera-plegable-adaptador-termometro-electronico-love-b340-gris-21183849/,76400.0,61099.0,1,True
FRA-baby-call-gadnic-con-camara-vision-noctu,Fravega,OTRAS,Bebés y Primera Infancia,"Baby Call Gadnic con Cámara Visión Nocturna a Color 3,2"" Temperatura Ambiente",https://www.fravega.com/p/baby-call-gadnic-con-camara-vision-nocturna-a-color-3-2-temperatura-ambiente-20056044/,181414.0,139549.0,1,True
FRA-colchoneta-de-bebe-gadnic-gimnasio-music,Fravega,OTRAS,Bebés y Primera Infancia,Colchoneta de Bebe Gadnic Gimnasio Musical,https://www.fravega.com/p/colchoneta-de-bebe-gadnic-gimnasio-musical-990165631/,57914.0,44549.01,1,True
FRA-esterilizador-a-vapor-para-microondas-av,Fravega,OTRAS,Bebés y Primera Infancia,Esterilizador a vapor para microondas AVENT SCF28102,https://www.fravega.com/p/esterilizador-a-vapor-para-microondas-avent-scf28102-680151/,89999.0,59999.0,1,True
FRA-sacaleche-manual-gadnic-brp00104-150ml-9,Fravega,OTRAS,Bebés y Primera Infancia,Sacaleche Manual Gadnic BRP00104 150ml,https://www.fravega.com/p/sacaleche-manual-gadnic-brp00104-150ml-990068128/,30679.0,23599.01,1,True
FRA-mochila-maternal-negra-south-port-s46-by,Fravega,OTRAS,Bebés y Primera Infancia,Mochila Maternal Negra South Port S46 By Gadnic Porta Mamaderas Térmico,https://www.fravega.com/p/mochila-maternal-negra-south-port-s46-by-gadnic-porta-mamaderas-termico-20057977/,38414.0,29549.0,1,True
FRA-cama-evolutiva-1-plaza-21195407,Fravega,OTRAS,Bebés y Primera Infancia,Cama Evolutiva 1 Plaza,https://www.fravega.com/p/cama-evolutiva-1-plaza-21195407/,1122900.0,811030.0,1,True
FRA-cuna-evolutiva-4-1-paraiso-21195919,Fravega,OTRAS,Bebés y Primera Infancia,Cuna evolutiva 4 en 1 - Paraíso,https://www.fravega.com/p/cuna-evolutiva-4-1-paraiso-21195919/,1560200.0,1020500.0,1,True
FRA-corralito-desmontable-love-880-rosa-2120,Fravega,OTRAS,Bebés y Primera Infancia,Corralito Desmontable Love 880  Rosa,https://www.fravega.com/p/corralito-desmontable-love-880-rosa-21202587/,83700.0,66899.0,1,True
FRA-corralito-desmontable-love-880-rojo-2120,Fravega,OTRAS,Bebés y Primera Infancia,Corralito Desmontable Love 880  Rojo,https://www.fravega.com/p/corralito-desmontable-love-880-rojo-21202586/,83700.0,66899.0,1,True
FRA-corralito-desmontable-love-880-negro-212,Fravega,OTRAS,Bebés y Primera Infancia,Corralito Desmontable Love 880  Negro,https://www.fravega.com/p/corralito-desmontable-love-880-negro-21202591/,83700.0,66899.0,1,True
FRA-corralito-desmontable-love-880-azul-2120,Fravega,OTRAS,Bebés y Primera Infancia,Corralito Desmontable Love 880  Azul,https://www.fravega.com/p/corralito-desmontable-love-880-azul-21202589/,83700.0,66899.0,1,True
FRA-corralito-desmontable-love-881-con-pelot,Fravega,OTRAS,Bebés y Primera Infancia,Corralito Desmontable Love 881 con Pelotitas y Aro Rosa,https://www.fravega.com/p/corralito-desmontable-love-881-con-pelotitas-y-aro-rosa-21202594/,111000.0,88799.0,1,True
FRA-corralito-desmontable-love-881-con-pelot,Fravega,OTRAS,Bebés y Primera Infancia,Corralito Desmontable Love 881 con Pelotitas y Aro Rojo,https://www.fravega.com/p/corralito-desmontable-love-881-con-pelotitas-y-aro-rojo-21202592/,111000.0,88799.0,1,True
FRA-corralito-desmontable-love-881-con-pelot,Fravega,OTRAS,Bebés y Primera Infancia,Corralito Desmontable Love 881 con Pelotitas y Aro Gris,https://www.fravega.com/p/corralito-desmontable-love-881-con-pelotitas-y-aro-gris-21202597/,111000.0,88799.0,1,True
FRA-corralito-desmontable-love-881-con-pelot,Fravega,OTRAS,Bebés y Primera Infancia,Corralito Desmontable Love 881 con Pelotitas y Aro Azul,https://www.fravega.com/p/corralito-desmontable-love-881-con-pelotitas-y-aro-azul-21202595/,111000.0,88799.0,1,True
FRA-cuna-colecho-convertible-escritorio-mois,Fravega,OTRAS,Bebés y Primera Infancia,Cuna Colecho Convertible En Escritorio Moises Mesita 5 En 1,https://www.fravega.com/p/cuna-colecho-convertible-escritorio-moises-mesita-5-1-21214967/,312700.0,236900.0,1,True
FRA-cuna-colecho-multifuncion-5-1-incluye-co,Fravega,OTRAS,Bebés y Primera Infancia,Cuna Colecho Multifuncion 5 en 1 Incluye Colchón,https://www.fravega.com/p/cuna-colecho-multifuncion-5-1-incluye-colchon-21215807/,352300.0,266900.0,1,True
FRA-cama-montessori-infantil-juvenil-para-co,Fravega,OTRAS,Bebés y Primera Infancia,Cama Montessori Infantil Juvenil Para Colchon 140x80,https://www.fravega.com/p/cama-montessori-infantil-juvenil-para-colchon-140x80-21215946/,358800.0,271800.0,1,True
FRA-cuna-colecho-5-1-multifuncion-para-colch,Fravega,OTRAS,Bebés y Primera Infancia,Cuna Colecho 5 en 1 Multifuncion Para Colchon 100x50,https://www.fravega.com/p/cuna-colecho-5-1-multifuncion-para-colchon-100x50-21215951/,308100.0,233400.0,1,True
FRA-cuna-multifuncion-colecho-escritorio-con,Fravega,OTRAS,Bebés y Primera Infancia,Cuna Multifunción Colecho Escritorio Con Colchon De 100x50,https://www.fravega.com/p/cuna-multifuncion-colecho-escritorio-con-colchon-de-100x50-21216331/,389500.0,295100.0,1,True
FRA-cochecito-de-bebe-paraguita-mu-reforzado,Fravega,OTRAS,Bebés y Primera Infancia,Cochecito de Bebe Paraguita MU Reforzado Color Gris,https://www.fravega.com/p/cochecito-de-bebe-paraguita-mu-reforzado-color-gris-680669/,99999.0,49999.0,1,True
FRA-butaca-sillita-para-auto-ninos-de-9-a-36,Fravega,OTRAS,Bebés y Primera Infancia,Butaca Sillita para Auto Ninos de 9 a 36 kg,https://www.fravega.com/p/butaca-sillita-para-auto-ninos-de-9-a-36-kg-680827/,139999.0,79999.0,1,True
FRA-practicuna-love-gris-833-colchon-de-rega,Fravega,OTRAS,Bebés y Primera Infancia,Practicuna Love Gris 833 + Colchón de regalo,https://www.fravega.com/p/practicuna-love-gris-833-colchon-de-regalo-680966/,199999.0,134999.0,1,True
FRA-mamadera-avent-natural-response-jirafa-s,Fravega,OTRAS,Bebés y Primera Infancia,Mamadera Avent Natural Response Jirafa SCY903 66 260 Ml,https://www.fravega.com/p/mamadera-avent-natural-response-jirafa-scy903-66-260-ml-680774/,41299.0,29999.0,1,True
FRA-coche-cuna-love-172-negro-680004,Fravega,OTRAS,Bebés y Primera Infancia,Coche Cuna Love 172 Negro,https://www.fravega.com/p/coche-cuna-love-172-negro-680004/,399999.0,179999.0,1,True
FRA-caminador-con-musica-bebesit-1226-celest,Fravega,OTRAS,Bebés y Primera Infancia,Caminador con Música Bebesit 1226 Celeste,https://www.fravega.com/p/caminador-con-musica-bebesit-1226-celeste-680445/,69999.0,46999.0,1,True
FRA-combo-banera-plegable-adaptador-termomet,Fravega,OTRAS,Bebés y Primera Infancia,Combo Bañera Plegable Adaptador Termometro Electronico Love B340 Gris,https://www.fravega.com/p/combo-banera-plegable-adaptador-termometro-electronico-love-b340-gris-21183849/,76400.0,61099.0,1,True
FRA-baby-call-gadnic-con-camara-vision-noctu,Fravega,OTRAS,Bebés y Primera Infancia,"Baby Call Gadnic con Cámara Visión Nocturna a Color 3,2"" Temperatura Ambiente",https://www.fravega.com/p/baby-call-gadnic-con-camara-vision-nocturna-a-color-3-2-temperatura-ambiente-20056044/,181414.0,139549.0,1,True
FRA-colchoneta-de-bebe-gadnic-gimnasio-music,Fravega,OTRAS,Bebés y Primera Infancia,Colchoneta de Bebe Gadnic Gimnasio Musical,https://www.fravega.com/p/colchoneta-de-bebe-gadnic-gimnasio-musical-990165631/,57914.0,44549.01,1,True
FRA-esterilizador-a-vapor-para-microondas-av,Fravega,OTRAS,Bebés y Primera Infancia,Esterilizador a vapor para microondas AVENT SCF28102,https://www.fravega.com/p/esterilizador-a-vapor-para-microondas-avent-scf28102-680151/,89999.0,59999.0,1,True
FRA-sacaleche-manual-gadnic-brp00104-150ml-9,Fravega,OTRAS,Bebés y Primera Infancia,Sacaleche Manual Gadnic BRP00104 150ml,https://www.fravega.com/p/sacaleche-manual-gadnic-brp00104-150ml-990068128/,30679.0,23599.01,1,True
FRA-mochila-maternal-negra-south-port-s46-by,Fravega,OTRAS,Bebés y Primera Infancia,Mochila Maternal Negra South Port S46 By Gadnic Porta Mamaderas Térmico,https://www.fravega.com/p/mochila-maternal-negra-south-port-s46-by-gadnic-porta-mamaderas-termico-20057977/,38414.0,29549.0,1,True
FRA-cuna-5-1-convertible-colecho-escritorio-,Fravega,OTRAS,Bebés y Primera Infancia,Cuna 5 En 1 Convertible En Colecho Escritorio Mesa Moisés,https://www.fravega.com/p/cuna-5-1-convertible-colecho-escritorio-mesa-moises-21216401/,336100.0,254600.0,1,True
FRA-cuna-colecho-5-1-baranda-desmontable-bla,Fravega,OTRAS,Bebés y Primera Infancia,Cuna Colecho 5 en 1 Baranda Desmontable Blanca 120x60,https://www.fravega.com/p/cuna-colecho-5-1-baranda-desmontable-blanca-120x60-21263087/,340600.0,258000.0,1,True
FRA-cama-montessori-infantil-azul-para-colch,Fravega,OTRAS,Bebés y Primera Infancia,Cama Montessori Infantil AZUL para colchon 140x80,https://www.fravega.com/p/cama-montessori-infantil-azul-para-colchon-140x80-21263105/,358800.0,271800.0,1,True
FRA-cama-montessori-infantil-rosa-para-colch,Fravega,OTRAS,Bebés y Primera Infancia,Cama Montessori Infantil ROSA para colchon 140x80,https://www.fravega.com/p/cama-montessori-infantil-rosa-para-colchon-140x80-21263106/,358800.0,271800.0,1,True
FRA-cama-montessori-infantil-gris-para-colch,Fravega,OTRAS,Bebés y Primera Infancia,Cama Montessori Infantil GRIS para colchon 140x80,https://www.fravega.com/p/cama-montessori-infantil-gris-para-colchon-140x80-21263142/,358800.0,271800.0,1,True
FRA-corralito-inflable-baby-gym-intex-19611-,Fravega,OTRAS,Bebés y Primera Infancia,Corralito Inflable Baby Gym Intex 19611 Amarillo,https://www.fravega.com/p/corralito-inflable-baby-gym-intex-19611-amarillo-680706/,79999.0,49999.0,1,True
FRA-cuna-con-colchon-colecho-con-baranda-des,Fravega,OTRAS,Bebés y Primera Infancia,Cuna Con Colchon Colecho Con Baranda Desmontable Regulable,https://www.fravega.com/p/cuna-con-colchon-colecho-con-baranda-desmontable-regulable-21270275/,375500.0,284500.0,1,True
FRA-cuna-colecho-carilo-con-baranda-desmonta,Fravega,OTRAS,Bebés y Primera Infancia,Cuna Colecho CARILO Con Baranda Desmontable 5 En 1 Escritorio,https://www.fravega.com/p/cuna-colecho-carilo-con-baranda-desmontable-5-1-escritorio-21270305/,375500.0,284500.0,1,True
FRA-cama-montessori-estrella-blanco-y-azul-c,Fravega,OTRAS,Bebés y Primera Infancia,Cama Montessori Estrella Blanco y Azul + Colchon 140x80x12,https://www.fravega.com/p/cama-montessori-estrella-blanco-y-azul-colchon-140x80x12-21296178/,498400.0,377600.0,1,True
FRA-cama-montessori-estrella-blanco-y-gris-c,Fravega,OTRAS,Bebés y Primera Infancia,Cama Montessori Estrella Blanco y Gris + Colchon 140x80x12,https://www.fravega.com/p/cama-montessori-estrella-blanco-y-gris-colchon-140x80x12-21296191/,498400.0,377600.0,1,True
FRA-baranda-de-seguridad-12534-21301594,Fravega,OTRAS,Bebés y Primera Infancia,Baranda de Seguridad. 12534,https://www.fravega.com/p/baranda-de-seguridad-12534-21301594/,121985.0,97590.0,1,True
FRA-piano-electrico-para-cuna-rosa-pf03-rosa,Fravega,OTRAS,Bebés y Primera Infancia,Piano eléctrico para cuna rosa. pf03-rosa,https://www.fravega.com/p/piano-electrico-para-cuna-rosa-pf03-rosa-21301608/,41237.0,32990.0,1,True
FRA-piano-electrico-para-cuna-azul-pf04-azul,Fravega,OTRAS,Bebés y Primera Infancia,Piano eléctrico para cuna azul. pf04-azul,https://www.fravega.com/p/piano-electrico-para-cuna-azul-pf04-azul-21301612/,41237.0,32990.0,1,True
FRA-tira-de-cuna-payasos-lyon-toys-21359403,Fravega,OTRAS,Bebés y Primera Infancia,Tira De Cuna Payasos Lyon Toys,https://www.fravega.com/p/tira-de-cuna-payasos-lyon-toys-21359403/,24568.7,19399.0,1,True
FRA-cuna-convertible-antonella-con-cambiador,Fravega,OTRAS,Bebés y Primera Infancia,Cuna Convertible Antonella con Cambiador y Ruedas con Freno,https://www.fravega.com/p/cuna-convertible-antonella-con-cambiador-y-ruedas-con-freno-21453645/,419900.0,318100.0,1,True
