sku_original,competidor,marca,categoria,nombre_producto,url_producto,precio_regular,precio_oferta,cuotas,hay_stock
FRA-iphone-17-pro-256gb-orange-782896,Fravega,OTRAS,Smartphones,iPhone 17 Pro 256GB Orange,https://www.fravega.com/p/iphone-17-pro-256gb-orange-782896/,3399999.0,2403165.82,1,True
FRA-celular-samsung-galaxy-a57-5g-8gb-256gb-,Fravega,SAMSUNG,Smartphones,Celular Samsung Galaxy A57 5G 8GB 256GB Gris,https://www.fravega.com/p/celular-samsung-galaxy-a57-5g-8gb-256gb-gris-783021/,1349999.0,1115701.65,1,True
FRA-celular-motorola-edge-70-fusion-fifa-edi,Fravega,MOTOROLA,Smartphones,Celular Motorola Edge 70 Fusion FIFA Edition 8GB 256GB,https://www.fravega.com/p/celular-motorola-edge-70-fusion-fifa-edition-8gb-256gb-782978/,999999.0,899999.0,1,True
FRA-iphone-17e-256gb-negro-782895,Fravega,OTRAS,Smartphones,iPhone 17e 256GB Negro,https://www.fravega.com/p/iphone-17e-256gb-negro-782895/,1849999.0,1406843.35,1,True
FRA-celular-galaxy-a16-4g-blue-black-782588,Fravega,OTRAS,Smartphones,Celular Galaxy A16 4G Blue Black,https://www.fravega.com/p/celular-galaxy-a16-4g-blue-black-782588/,469999.0,389999.0,1,True
FRA-iphone-17-pro-max-256gb-orange-782887,Fravega,OTRAS,Smartphones,iPhone 17 Pro Max 256GB Orange,https://www.fravega.com/p/iphone-17-pro-max-256gb-orange-782887/,3699999.0,2615209.92,1,True
FRA-celular-motorola-razr-70-8gb-256gb-viole,Fravega,MOTOROLA,Smartphones,Celular Motorola Razr 70 8GB 256GB Violet Ice,https://www.fravega.com/p/celular-motorola-razr-70-8gb-256gb-violet-ice-783090/,1699999.0,1404957.85,1,True
FRA-celular-samsung-galaxy-a17-128gb-negro-7,Fravega,SAMSUNG,Smartphones,Celular Samsung Galaxy A17 128GB Negro,https://www.fravega.com/p/celular-samsung-galaxy-a17-128gb-negro-782838/,489999.0,404957.85,1,True
FRA-iphone-17-256gb-azul-783326,Fravega,OTRAS,Smartphones,iPhone 17 256GB Azul,https://www.fravega.com/p/iphone-17-256gb-azul-783326/,2499999.0,1767033.5,1,True
FRA-celular-motorola-g47-4gb-128gb-fuchsia-r,Fravega,MOTOROLA,Smartphones,Celular Motorola G47 4GB 128GB Fuchsia Red,https://www.fravega.com/p/celular-motorola-g47-4gb-128gb-fuchsia-red-783080/,499999.0,449999.0,1,True
FRA-celular-zte-a56-pro-4gb-128gb-gold-78244,Fravega,ZTE,Smartphones,Celular ZTE A56 Pro 4GB 128GB Gold,https://www.fravega.com/p/celular-zte-a56-pro-4gb-128gb-gold-782442/,269999.0,229999.0,1,True
FRA-celular-motorola-g06-nfc-4gb-64gb-naranj,Fravega,MOTOROLA,Smartphones,Celular Motorola G06 NFC 4GB 64GB Naranja,https://www.fravega.com/p/celular-motorola-g06-nfc-4gb-64gb-naranja-783095/,239999.0,209999.0,1,True
FRA-celular-tcl-50-pro-nxtpaper-5g-8gb-512gb,Fravega,TCL,Smartphones,Celular TCL 50 Pro NXTPAPER 5G 8GB 512GB Space Gray,https://www.fravega.com/p/celular-tcl-50-pro-nxtpaper-5g-8gb-512gb-space-gray-782594/,549999.0,499999.0,1,True
FRA-iphone-17-pro-256gb-deep-blue-783159,Fravega,OTRAS,Smartphones,iPhone 17 Pro 256GB Deep Blue,https://www.fravega.com/p/iphone-17-pro-256gb-deep-blue-783159/,3399999.0,2403165.82,1,True
FRA-celular-motorola-g15-4gb-128gb-iguana-gr,Fravega,MOTOROLA,Smartphones,Celular Motorola G15 4GB 128GB Iguana Green,https://www.fravega.com/p/celular-motorola-g15-4gb-128gb-iguana-green-782753/,299999.0,279999.0,1,True
FRA-celular-zte-v80-pro-8-gb-256-gb-negro-78,Fravega,ZTE,Smartphones,Celular ZTE V80 PRO 8 GB 256 GB Negro,https://www.fravega.com/p/celular-zte-v80-pro-8-gb-256-gb-negro-782438/,484999.0,449999.0,1,True
FRA-celular-samsung-galaxy-a07-64gb-verde-78,Fravega,SAMSUNG,Smartphones,Celular Samsung Galaxy A07 64GB Verde,https://www.fravega.com/p/celular-samsung-galaxy-a07-64gb-verde-782634/,299999.0,219999.0,1,True
FRA-celular-tcl-k70-4gb-128gb-tpu-case-afa-7,Fravega,TCL,Smartphones,Celular TCL K70 4GB 128GB + TPU Case AFA,https://www.fravega.com/p/celular-tcl-k70-4gb-128gb-tpu-case-afa-783052/,319999.0,229999.0,1,True
FRA-celular-xiaomi-redmi-note-14-128gb-midni,Fravega,XIAOMI,Smartphones,Celular Xiaomi Redmi Note 14 128GB Midnight Black,https://www.fravega.com/p/celular-xiaomi-redmi-note-14-128gb-midnight-black-782554/,529999.0,438015.7,1,True
FRA-celular-motorola-g77-8gb-256gb-782719,Fravega,MOTOROLA,Smartphones,Celular Motorola G77 8GB 256GB,https://www.fravega.com/p/celular-motorola-g77-8gb-256gb-782719/,699999.0,578511.57,1,True
FRA-celular-motorola-g17-4gb-256gb-782883,Fravega,MOTOROLA,Smartphones,Celular Motorola G17 4GB 256GB,https://www.fravega.com/p/celular-motorola-g17-4gb-256gb-782883/,399999.0,330577.69,1,True
FRA-celular-samsung-galaxy-a07-64gb-negro-78,Fravega,SAMSUNG,Smartphones,Celular Samsung Galaxy A07 64GB Negro,https://www.fravega.com/p/celular-samsung-galaxy-a07-64gb-negro-782721/,299999.0,219999.0,1,True
FRA-celular-motorola-g06-nfc-4gb-128gb-azul-,Fravega,MOTOROLA,Smartphones,Celular Motorola G06 NFC 4GB 128GB Azul,https://www.fravega.com/p/celular-motorola-g06-nfc-4gb-128gb-azul-783094/,269999.0,239999.0,1,True
FRA-celular-motorola-edge-70-fusion-8gb-256g,Fravega,MOTOROLA,Smartphones,Celular Motorola Edge 70 Fusion 8GB 256GB,https://www.fravega.com/p/celular-motorola-edge-70-fusion-8gb-256gb-782900/,899999.0,743800.83,1,True
FRA-celular-motorola-g77-8gb-256gb-782745,Fravega,MOTOROLA,Smartphones,Celular Motorola G77 8GB 256GB,https://www.fravega.com/p/celular-motorola-g77-8gb-256gb-782745/,699999.0,578511.57,1,True
FRA-celular-motorola-g17-4gb-256gb-782851,Fravega,MOTOROLA,Smartphones,Celular Motorola G17 4GB 256GB,https://www.fravega.com/p/celular-motorola-g17-4gb-256gb-782851/,399999.0,330577.69,1,True
FRA-celular-samsung-galaxy-a16-lte-4gb-128gb,Fravega,SAMSUNG,Smartphones,Celular Samsung Galaxy A16 LTE 4GB 128GB Gris,https://www.fravega.com/p/celular-samsung-galaxy-a16-lte-4gb-128gb-gris-782877/,469999.0,389999.0,1,True
FRA-celular-motorola-g15-4-gb-256-gb-naranja,Fravega,MOTOROLA,Smartphones,Celular Motorola G15 4 GB 256 GB Naranja,https://www.fravega.com/p/celular-motorola-g15-4-gb-256-gb-naranja-782816/,349999.0,329999.0,1,True
FRA-celular-motorola-edge-70-fusion-8gb-256g,Fravega,MOTOROLA,Smartphones,Celular Motorola Edge 70 Fusion 8GB 256GB,https://www.fravega.com/p/celular-motorola-edge-70-fusion-8gb-256gb-782913/,899999.0,743800.83,1,True
FRA-iphone-17-pro-256gb-orange-782896,Fravega,OTRAS,Smartphones,iPhone 17 Pro 256GB Orange,https://www.fravega.com/p/iphone-17-pro-256gb-orange-782896/,3399999.0,2403165.82,1,True
FRA-celular-samsung-galaxy-a57-5g-8gb-256gb-,Fravega,SAMSUNG,Smartphones,Celular Samsung Galaxy A57 5G 8GB 256GB Gris,https://www.fravega.com/p/celular-samsung-galaxy-a57-5g-8gb-256gb-gris-783021/,1349999.0,1115701.65,1,True
FRA-celular-motorola-edge-70-fusion-fifa-edi,Fravega,MOTOROLA,Smartphones,Celular Motorola Edge 70 Fusion FIFA Edition 8GB 256GB,https://www.fravega.com/p/celular-motorola-edge-70-fusion-fifa-edition-8gb-256gb-782978/,999999.0,899999.0,1,True
FRA-iphone-17e-256gb-negro-782895,Fravega,OTRAS,Smartphones,iPhone 17e 256GB Negro,https://www.fravega.com/p/iphone-17e-256gb-negro-782895/,1849999.0,1406843.35,1,True
FRA-celular-galaxy-a16-4g-blue-black-782588,Fravega,OTRAS,Smartphones,Celular Galaxy A16 4G Blue Black,https://www.fravega.com/p/celular-galaxy-a16-4g-blue-black-782588/,469999.0,389999.0,1,True
FRA-iphone-17-pro-max-256gb-orange-782887,Fravega,OTRAS,Smartphones,iPhone 17 Pro Max 256GB Orange,https://www.fravega.com/p/iphone-17-pro-max-256gb-orange-782887/,3699999.0,2615209.92,1,True
FRA-celular-motorola-razr-70-8gb-256gb-viole,Fravega,MOTOROLA,Smartphones,Celular Motorola Razr 70 8GB 256GB Violet Ice,https://www.fravega.com/p/celular-motorola-razr-70-8gb-256gb-violet-ice-783090/,1699999.0,1404957.85,1,True
FRA-celular-samsung-galaxy-a17-128gb-negro-7,Fravega,SAMSUNG,Smartphones,Celular Samsung Galaxy A17 128GB Negro,https://www.fravega.com/p/celular-samsung-galaxy-a17-128gb-negro-782838/,489999.0,404957.85,1,True
FRA-iphone-17-256gb-azul-783326,Fravega,OTRAS,Smartphones,iPhone 17 256GB Azul,https://www.fravega.com/p/iphone-17-256gb-azul-783326/,2499999.0,1767033.5,1,True
FRA-celular-motorola-g47-4gb-128gb-fuchsia-r,Fravega,MOTOROLA,Smartphones,Celular Motorola G47 4GB 128GB Fuchsia Red,https://www.fravega.com/p/celular-motorola-g47-4gb-128gb-fuchsia-red-783080/,499999.0,449999.0,1,True
FRA-celular-zte-a56-pro-4gb-128gb-gold-78244,Fravega,ZTE,Smartphones,Celular ZTE A56 Pro 4GB 128GB Gold,https://www.fravega.com/p/celular-zte-a56-pro-4gb-128gb-gold-782442/,269999.0,229999.0,1,True
FRA-celular-motorola-g06-nfc-4gb-64gb-naranj,Fravega,MOTOROLA,Smartphones,Celular Motorola G06 NFC 4GB 64GB Naranja,https://www.fravega.com/p/celular-motorola-g06-nfc-4gb-64gb-naranja-783095/,239999.0,209999.0,1,True
FRA-celular-tcl-50-pro-nxtpaper-5g-8gb-512gb,Fravega,TCL,Smartphones,Celular TCL 50 Pro NXTPAPER 5G 8GB 512GB Space Gray,https://www.fravega.com/p/celular-tcl-50-pro-nxtpaper-5g-8gb-512gb-space-gray-782594/,549999.0,499999.0,1,True
FRA-iphone-17-pro-256gb-deep-blue-783159,Fravega,OTRAS,Smartphones,iPhone 17 Pro 256GB Deep Blue,https://www.fravega.com/p/iphone-17-pro-256gb-deep-blue-783159/,3399999.0,2403165.82,1,True
FRA-celular-motorola-g15-4gb-128gb-iguana-gr,Fravega,MOTOROLA,Smartphones,Celular Motorola G15 4GB 128GB Iguana Green,https://www.fravega.com/p/celular-motorola-g15-4gb-128gb-iguana-green-782753/,299999.0,279999.0,1,True
FRA-celular-zte-v80-pro-8-gb-256-gb-negro-78,Fravega,ZTE,Smartphones,Celular ZTE V80 PRO 8 GB 256 GB Negro,https://www.fravega.com/p/celular-zte-v80-pro-8-gb-256-gb-negro-782438/,484999.0,449999.0,1,True
FRA-celular-samsung-galaxy-a07-64gb-verde-78,Fravega,SAMSUNG,Smartphones,Celular Samsung Galaxy A07 64GB Verde,https://www.fravega.com/p/celular-samsung-galaxy-a07-64gb-verde-782634/,299999.0,219999.0,1,True
FRA-celular-tcl-k70-4gb-128gb-tpu-case-afa-7,Fravega,TCL,Smartphones,Celular TCL K70 4GB 128GB + TPU Case AFA,https://www.fravega.com/p/celular-tcl-k70-4gb-128gb-tpu-case-afa-783052/,319999.0,229999.0,1,True
FRA-celular-samsung-galaxy-s25-fe-5g-256gb-j,Fravega,SAMSUNG,Smartphones,Celular Samsung Galaxy S25 FE 5G 256GB Jet Black,https://www.fravega.com/p/celular-samsung-galaxy-s25-fe-5g-256gb-jet-black-782880/,1799999.0,1487602.48,1,True
FRA-celular-xiaomi-redmi-note-14-pro-256gb-a,Fravega,XIAOMI,Smartphones,Celular Xiaomi Redmi Note 14 Pro 256GB Aurora Purple,https://www.fravega.com/p/celular-xiaomi-redmi-note-14-pro-256gb-aurora-purple-782600/,799999.0,729999.0,1,True
FRA-celular-samsung-galaxy-a16-lte-4gb-128gb,Fravega,SAMSUNG,Smartphones,Celular Samsung Galaxy A16 LTE 4GB 128GB Green,https://www.fravega.com/p/celular-samsung-galaxy-a16-lte-4gb-128gb-green-782810/,469999.0,389999.0,1,True
FRA-celular-xiaomi-redmi-14c-4-256gb-midnigh,Fravega,XIAOMI,Smartphones,Celular Xiaomi Redmi 14C 4/256GB Midnight Black,https://www.fravega.com/p/celular-xiaomi-redmi-14c-4-256gb-midnight-black-782596/,399999.0,369999.0,1,True
FRA-iphone-15-128gb-black-782468,Fravega,OTRAS,Smartphones,iPhone 15 128GB Black,https://www.fravega.com/p/iphone-15-128gb-black-782468/,1699999.0,1404957.85,1,True
FRA-celular-motorola-g17-4gb-128gb-782866,Fravega,MOTOROLA,Smartphones,Celular Motorola G17 4GB 128GB,https://www.fravega.com/p/celular-motorola-g17-4gb-128gb-782866/,349999.0,289255.37,1,True
FRA-celular-motorola-g67-4gb-256gb-782593,Fravega,MOTOROLA,Smartphones,Celular Motorola G67 4GB 256GB,https://www.fravega.com/p/celular-motorola-g67-4gb-256gb-782593/,599999.0,549999.0,1,True
FRA-celular-enova-e10-view-max-blanco-3-32gb,Fravega,OTRAS,Smartphones,"Celular enova E10 View Max Blanco 3-32GB - 30+5MP - 6.75"" Android 14",https://www.fravega.com/p/celular-enova-e10-view-max-blanco-3-32gb-30-5mp-6-75-android-14-22617506/,174998.75,129999.0,1,True
FRA-celular-motorola-g06-nfc-4gb-128gb-verde,Fravega,MOTOROLA,Smartphones,Celular Motorola G06 NFC 4GB 128GB Verde,https://www.fravega.com/p/celular-motorola-g06-nfc-4gb-128gb-verde-783092/,269999.0,239999.0,1,True
FRA-celular-motorola-edge-70-pro-12gb-512gb-,Fravega,MOTOROLA,Smartphones,Celular Motorola Edge 70 Pro 12GB 512GB Lily White,https://www.fravega.com/p/celular-motorola-edge-70-pro-12gb-512gb-lily-white-783086/,1499999.0,1239668.6,1,True
FRA-celular-motorola-edge-70-pro-12gb-512gb-,Fravega,MOTOROLA,Smartphones,Celular Motorola Edge 70 Pro 12GB 512GB Lily Titan,https://www.fravega.com/p/celular-motorola-edge-70-pro-12gb-512gb-lily-titan-783087/,1499999.0,1239668.6,1,True
FRA-celular-xiaomi-redmi-note-13-6gb-128gb-b,Fravega,XIAOMI,Smartphones,Celular Xiaomi Redmi Note 13 6GB 128GB Blue,https://www.fravega.com/p/celular-xiaomi-redmi-note-13-6gb-128gb-blue-782378/,429999.0,389999.0,1,True
FRA-celular-motorola-g67-4gb-256gb-782665,Fravega,MOTOROLA,Smartphones,Celular Motorola G67 4GB 256GB,https://www.fravega.com/p/celular-motorola-g67-4gb-256gb-782665/,599999.0,549999.0,1,True
FRA-iphone-17-pro-256gb-orange-782896,Fravega,OTRAS,Smartphones,iPhone 17 Pro 256GB Orange,https://www.fravega.com/p/iphone-17-pro-256gb-orange-782896/,3399999.0,2403165.82,1,True
FRA-celular-samsung-galaxy-a57-5g-8gb-256gb-,Fravega,SAMSUNG,Smartphones,Celular Samsung Galaxy A57 5G 8GB 256GB Gris,https://www.fravega.com/p/celular-samsung-galaxy-a57-5g-8gb-256gb-gris-783021/,1349999.0,1115701.65,1,True
FRA-celular-motorola-edge-70-fusion-fifa-edi,Fravega,MOTOROLA,Smartphones,Celular Motorola Edge 70 Fusion FIFA Edition 8GB 256GB,https://www.fravega.com/p/celular-motorola-edge-70-fusion-fifa-edition-8gb-256gb-782978/,999999.0,899999.0,1,True
FRA-iphone-17e-256gb-negro-782895,Fravega,OTRAS,Smartphones,iPhone 17e 256GB Negro,https://www.fravega.com/p/iphone-17e-256gb-negro-782895/,1849999.0,1406843.35,1,True
FRA-celular-galaxy-a16-4g-blue-black-782588,Fravega,OTRAS,Smartphones,Celular Galaxy A16 4G Blue Black,https://www.fravega.com/p/celular-galaxy-a16-4g-blue-black-782588/,469999.0,389999.0,1,True
FRA-celular-samsung-galaxy-a07-64gb-negro-78,Fravega,SAMSUNG,Smartphones,Celular Samsung Galaxy A07 64GB Negro,https://www.fravega.com/p/celular-samsung-galaxy-a07-64gb-negro-782721/,299999.0,219999.0,1,True
FRA-celular-xiaomi-17t-12gb-512gb-black-7829,Fravega,XIAOMI,Smartphones,Celular Xiaomi 17T 12GB 512GB Black,https://www.fravega.com/p/celular-xiaomi-17t-12gb-512gb-black-782961/,1999999.0,1652891.74,1,True
FRA-iphone-17-pro-max-256gb-orange-782887,Fravega,OTRAS,Smartphones,iPhone 17 Pro Max 256GB Orange,https://www.fravega.com/p/iphone-17-pro-max-256gb-orange-782887/,3699999.0,2615209.92,1,True
FRA-celular-motorola-razr-40-ultra-peach-fuz,Fravega,MOTOROLA,Smartphones,Celular Motorola Razr 40 Ultra Peach Fuzz 12 GB 512 GB,https://www.fravega.com/p/celular-motorola-razr-40-ultra-peach-fuzz-12-gb-512-gb-782305/,1699999.0,1404957.85,1,True
FRA-celular-motorola-razr-70-8gb-256gb-viole,Fravega,MOTOROLA,Smartphones,Celular Motorola Razr 70 8GB 256GB Violet Ice,https://www.fravega.com/p/celular-motorola-razr-70-8gb-256gb-violet-ice-783090/,1699999.0,1404957.85,1,True
FRA-celular-samsung-galaxy-a17-128gb-negro-7,Fravega,SAMSUNG,Smartphones,Celular Samsung Galaxy A17 128GB Negro,https://www.fravega.com/p/celular-samsung-galaxy-a17-128gb-negro-782838/,489999.0,404957.85,1,True
FRA-celular-samsung-galaxy-a37-5g-8gb-256gb-,Fravega,SAMSUNG,Smartphones,Celular Samsung Galaxy A37 5G 8GB 256GB Blanco,https://www.fravega.com/p/celular-samsung-galaxy-a37-5g-8gb-256gb-blanco-783106/,1149999.0,950412.4,1,True
FRA-iphone-17-256gb-azul-783326,Fravega,OTRAS,Smartphones,iPhone 17 256GB Azul,https://www.fravega.com/p/iphone-17-256gb-azul-783326/,2499999.0,1767033.5,1,True
FRA-celular-motorola-edge-70-12gb-512gb-7824,Fravega,MOTOROLA,Smartphones,Celular Motorola EDGE 70 12GB 512GB,https://www.fravega.com/p/celular-motorola-edge-70-12gb-512gb-782437/,1299999.0,1074379.34,1,True
FRA-celular-motorola-g47-4gb-128gb-fuchsia-r,Fravega,MOTOROLA,Smartphones,Celular Motorola G47 4GB 128GB Fuchsia Red,https://www.fravega.com/p/celular-motorola-g47-4gb-128gb-fuchsia-red-783080/,499999.0,449999.0,1,True
FRA-celular-zte-a56-pro-4gb-128gb-gold-78244,Fravega,ZTE,Smartphones,Celular ZTE A56 Pro 4GB 128GB Gold,https://www.fravega.com/p/celular-zte-a56-pro-4gb-128gb-gold-782442/,269999.0,229999.0,1,True
FRA-celular-xiaomi-17t-pro-12gb-512gb-black-,Fravega,XIAOMI,Smartphones,Celular Xiaomi 17T Pro 12GB 512GB Black,https://www.fravega.com/p/celular-xiaomi-17t-pro-12gb-512gb-black-782965/,2499999.0,2066114.88,1,True
FRA-celular-motorola-signature-16gb-1tb-7828,Fravega,MOTOROLA,Smartphones,Celular Motorola Signature 16GB 1TB,https://www.fravega.com/p/celular-motorola-signature-16gb-1tb-782833/,2499999.0,2066114.88,1,True
FRA-celular-motorola-g06-nfc-4gb-64gb-naranj,Fravega,MOTOROLA,Smartphones,Celular Motorola G06 NFC 4GB 64GB Naranja,https://www.fravega.com/p/celular-motorola-g06-nfc-4gb-64gb-naranja-783095/,239999.0,209999.0,1,True
FRA-celular-tcl-50-pro-nxtpaper-5g-8gb-512gb,Fravega,TCL,Smartphones,Celular TCL 50 Pro NXTPAPER 5G 8GB 512GB Space Gray,https://www.fravega.com/p/celular-tcl-50-pro-nxtpaper-5g-8gb-512gb-space-gray-782594/,549999.0,499999.0,1,True
FRA-celular-xiaomi-redmi-note-15-pro-8gb-256,Fravega,XIAOMI,Smartphones,Celular Xiaomi Redmi Note 15 Pro 8GB 256GB Grey,https://www.fravega.com/p/celular-xiaomi-redmi-note-15-pro-8gb-256gb-grey-782931/,899999.0,743800.83,1,True
FRA-iphone-17-pro-256gb-deep-blue-783159,Fravega,OTRAS,Smartphones,iPhone 17 Pro 256GB Deep Blue,https://www.fravega.com/p/iphone-17-pro-256gb-deep-blue-783159/,3399999.0,2403165.82,1,True
FRA-celular-motorola-g15-4gb-128gb-iguana-gr,Fravega,MOTOROLA,Smartphones,Celular Motorola G15 4GB 128GB Iguana Green,https://www.fravega.com/p/celular-motorola-g15-4gb-128gb-iguana-green-782753/,299999.0,279999.0,1,True
FRA-celular-motorola-edge-70-pro-12gb-512gb-,Fravega,MOTOROLA,Smartphones,Celular Motorola Edge 70 Pro 12GB 512GB Lily Titan,https://www.fravega.com/p/celular-motorola-edge-70-pro-12gb-512gb-lily-titan-783087/,1499999.0,1239668.6,1,True
FRA-celular-zte-v80-pro-8-gb-256-gb-negro-78,Fravega,ZTE,Smartphones,Celular ZTE V80 PRO 8 GB 256 GB Negro,https://www.fravega.com/p/celular-zte-v80-pro-8-gb-256-gb-negro-782438/,484999.0,449999.0,1,True
FRA-celular-oppo-reno-12f-12gb-256gb-naranja,Fravega,OTRAS,Smartphones,Celular Oppo Reno 12F 12GB 256GB Naranja,https://www.fravega.com/p/celular-oppo-reno-12f-12gb-256gb-naranja-782909/,769999.0,636362.81,1,True
FRA-celular-motorola-g06-nfc-4gb-128gb-verde,Fravega,MOTOROLA,Smartphones,Celular Motorola G06 NFC 4GB 128GB Verde,https://www.fravega.com/p/celular-motorola-g06-nfc-4gb-128gb-verde-783092/,269999.0,239999.0,1,True
FRA-celular-motorola-edge-70-pro-12gb-512gb-,Fravega,MOTOROLA,Smartphones,Celular Motorola Edge 70 Pro 12GB 512GB Lily White,https://www.fravega.com/p/celular-motorola-edge-70-pro-12gb-512gb-lily-white-783086/,1499999.0,1239668.6,1,True
FRA-celular-xiaomi-redmi-note-13-6gb-128gb-b,Fravega,XIAOMI,Smartphones,Celular Xiaomi Redmi Note 13 6GB 128GB Blue,https://www.fravega.com/p/celular-xiaomi-redmi-note-13-6gb-128gb-blue-782378/,429999.0,389999.0,1,True
FRA-celular-motorola-g67-4gb-256gb-782665,Fravega,MOTOROLA,Smartphones,Celular Motorola G67 4GB 256GB,https://www.fravega.com/p/celular-motorola-g67-4gb-256gb-782665/,599999.0,549999.0,1,True
FRA-celular-motorola-moto-g06-4-128gb-azul-9,Fravega,MOTOROLA,Smartphones,Celular Motorola Moto G06 4+128GB Azul,https://www.fravega.com/p/celular-motorola-moto-g06-4-128gb-azul-990275753/,393470.0,275429.0,1,True
FRA-celular-xiaomi-redmi-note-14-pro-256gb-o,Fravega,XIAOMI,Smartphones,Celular Xiaomi Redmi Note 14 Pro 256GB Ocean Blue,https://www.fravega.com/p/celular-xiaomi-redmi-note-14-pro-256gb-ocean-blue-782632/,799999.0,729999.0,1,True
FRA-celular-samsung-galaxy-a07-128gb-verde-7,Fravega,SAMSUNG,Smartphones,Celular Samsung Galaxy A07 128GB Verde,https://www.fravega.com/p/celular-samsung-galaxy-a07-128gb-verde-783004/,349999.0,299999.0,1,True
FRA-celular-tecno-spark-30-pro-128gb-obsidia,Fravega,OTRAS,Smartphones,Celular Tecno Spark 30 Pro 128GB Obsidian Edge,https://www.fravega.com/p/celular-tecno-spark-30-pro-128gb-obsidian-edge-783067/,299999.0,289999.0,1,True
FRA-celular-samsung-galaxy-s25-fe-5g-256gb-b,Fravega,SAMSUNG,Smartphones,Celular Samsung Galaxy S25 FE 5G 256GB Blanco,https://www.fravega.com/p/celular-samsung-galaxy-s25-fe-5g-256gb-blanco-782716/,1799999.0,1487602.48,1,True
FRA-celular-xiaomi-redmi-note-14-pro-256gb-m,Fravega,XIAOMI,Smartphones,Celular Xiaomi Redmi Note 14 Pro 256GB Midnight Black,https://www.fravega.com/p/celular-xiaomi-redmi-note-14-pro-256gb-midnight-black-782667/,799999.0,729999.0,1,True
FRA-celular-sky-flip-4g-64mb-128mb-bluetooth,Fravega,OTRAS,Smartphones,Celular Sky Flip 4G 64MB 128MB Bluetooth Azul,https://www.fravega.com/p/celular-sky-flip-4g-64mb-128mb-bluetooth-azul-990245881/,72856.0,50999.0,1,True
FRA-celular-motorola-edge-70-12gb-512gb-7825,Fravega,MOTOROLA,Smartphones,Celular Motorola EDGE 70 12GB 512GB,https://www.fravega.com/p/celular-motorola-edge-70-12gb-512gb-782528/,1299999.0,1074379.34,1,True
FRA-iphone-17-pro-256gb-orange-782896,Fravega,OTRAS,Smartphones,iPhone 17 Pro 256GB Orange,https://www.fravega.com/p/iphone-17-pro-256gb-orange-782896/,3399999.0,2403165.82,1,True
FRA-celular-samsung-galaxy-a57-5g-8gb-256gb-,Fravega,SAMSUNG,Smartphones,Celular Samsung Galaxy A57 5G 8GB 256GB Gris,https://www.fravega.com/p/celular-samsung-galaxy-a57-5g-8gb-256gb-gris-783021/,1349999.0,1115701.65,1,True
FRA-celular-motorola-edge-70-fusion-fifa-edi,Fravega,MOTOROLA,Smartphones,Celular Motorola Edge 70 Fusion FIFA Edition 8GB 256GB,https://www.fravega.com/p/celular-motorola-edge-70-fusion-fifa-edition-8gb-256gb-782978/,999999.0,899999.0,1,True
FRA-iphone-17e-256gb-negro-782895,Fravega,OTRAS,Smartphones,iPhone 17e 256GB Negro,https://www.fravega.com/p/iphone-17e-256gb-negro-782895/,1849999.0,1406843.35,1,True
FRA-celular-galaxy-a16-4g-blue-black-782588,Fravega,OTRAS,Smartphones,Celular Galaxy A16 4G Blue Black,https://www.fravega.com/p/celular-galaxy-a16-4g-blue-black-782588/,469999.0,389999.0,1,True
FRA-celular-samsung-galaxy-a07-64gb-negro-78,Fravega,SAMSUNG,Smartphones,Celular Samsung Galaxy A07 64GB Negro,https://www.fravega.com/p/celular-samsung-galaxy-a07-64gb-negro-782721/,299999.0,219999.0,1,True
FRA-celular-xiaomi-17t-12gb-512gb-black-7829,Fravega,XIAOMI,Smartphones,Celular Xiaomi 17T 12GB 512GB Black,https://www.fravega.com/p/celular-xiaomi-17t-12gb-512gb-black-782961/,1999999.0,1652891.74,1,True
FRA-iphone-17-pro-max-256gb-orange-782887,Fravega,OTRAS,Smartphones,iPhone 17 Pro Max 256GB Orange,https://www.fravega.com/p/iphone-17-pro-max-256gb-orange-782887/,3699999.0,2615209.92,1,True
FRA-celular-motorola-razr-40-ultra-peach-fuz,Fravega,MOTOROLA,Smartphones,Celular Motorola Razr 40 Ultra Peach Fuzz 12 GB 512 GB,https://www.fravega.com/p/celular-motorola-razr-40-ultra-peach-fuzz-12-gb-512-gb-782305/,1699999.0,1404957.85,1,True
FRA-celular-motorola-razr-70-8gb-256gb-viole,Fravega,MOTOROLA,Smartphones,Celular Motorola Razr 70 8GB 256GB Violet Ice,https://www.fravega.com/p/celular-motorola-razr-70-8gb-256gb-violet-ice-783090/,1699999.0,1404957.85,1,True
FRA-celular-samsung-galaxy-a17-128gb-negro-7,Fravega,SAMSUNG,Smartphones,Celular Samsung Galaxy A17 128GB Negro,https://www.fravega.com/p/celular-samsung-galaxy-a17-128gb-negro-782838/,489999.0,404957.85,1,True
FRA-celular-samsung-galaxy-a37-5g-8gb-256gb-,Fravega,SAMSUNG,Smartphones,Celular Samsung Galaxy A37 5G 8GB 256GB Blanco,https://www.fravega.com/p/celular-samsung-galaxy-a37-5g-8gb-256gb-blanco-783106/,1149999.0,950412.4,1,True
FRA-iphone-17-256gb-azul-783326,Fravega,OTRAS,Smartphones,iPhone 17 256GB Azul,https://www.fravega.com/p/iphone-17-256gb-azul-783326/,2499999.0,1767033.5,1,True
FRA-celular-motorola-edge-70-12gb-512gb-7824,Fravega,MOTOROLA,Smartphones,Celular Motorola EDGE 70 12GB 512GB,https://www.fravega.com/p/celular-motorola-edge-70-12gb-512gb-782437/,1299999.0,1074379.34,1,True
FRA-celular-motorola-g47-4gb-128gb-fuchsia-r,Fravega,MOTOROLA,Smartphones,Celular Motorola G47 4GB 128GB Fuchsia Red,https://www.fravega.com/p/celular-motorola-g47-4gb-128gb-fuchsia-red-783080/,499999.0,449999.0,1,True
FRA-celular-zte-a56-pro-4gb-128gb-gold-78244,Fravega,ZTE,Smartphones,Celular ZTE A56 Pro 4GB 128GB Gold,https://www.fravega.com/p/celular-zte-a56-pro-4gb-128gb-gold-782442/,269999.0,229999.0,1,True
FRA-celular-xiaomi-17t-pro-12gb-512gb-black-,Fravega,XIAOMI,Smartphones,Celular Xiaomi 17T Pro 12GB 512GB Black,https://www.fravega.com/p/celular-xiaomi-17t-pro-12gb-512gb-black-782965/,2499999.0,2066114.88,1,True
FRA-celular-motorola-signature-16gb-1tb-7828,Fravega,MOTOROLA,Smartphones,Celular Motorola Signature 16GB 1TB,https://www.fravega.com/p/celular-motorola-signature-16gb-1tb-782833/,2499999.0,2066114.88,1,True
FRA-celular-motorola-g06-nfc-4gb-64gb-naranj,Fravega,MOTOROLA,Smartphones,Celular Motorola G06 NFC 4GB 64GB Naranja,https://www.fravega.com/p/celular-motorola-g06-nfc-4gb-64gb-naranja-783095/,239999.0,209999.0,1,True
FRA-celular-tcl-50-pro-nxtpaper-5g-8gb-512gb,Fravega,TCL,Smartphones,Celular TCL 50 Pro NXTPAPER 5G 8GB 512GB Space Gray,https://www.fravega.com/p/celular-tcl-50-pro-nxtpaper-5g-8gb-512gb-space-gray-782594/,549999.0,499999.0,1,True
FRA-celular-xiaomi-redmi-note-15-pro-8gb-256,Fravega,XIAOMI,Smartphones,Celular Xiaomi Redmi Note 15 Pro 8GB 256GB Grey,https://www.fravega.com/p/celular-xiaomi-redmi-note-15-pro-8gb-256gb-grey-782931/,899999.0,743800.83,1,True
FRA-iphone-17-pro-256gb-deep-blue-783159,Fravega,OTRAS,Smartphones,iPhone 17 Pro 256GB Deep Blue,https://www.fravega.com/p/iphone-17-pro-256gb-deep-blue-783159/,3399999.0,2403165.82,1,True
FRA-celular-motorola-g15-4gb-128gb-iguana-gr,Fravega,MOTOROLA,Smartphones,Celular Motorola G15 4GB 128GB Iguana Green,https://www.fravega.com/p/celular-motorola-g15-4gb-128gb-iguana-green-782753/,299999.0,279999.0,1,True
FRA-celular-motorola-edge-70-pro-12gb-512gb-,Fravega,MOTOROLA,Smartphones,Celular Motorola Edge 70 Pro 12GB 512GB Lily Titan,https://www.fravega.com/p/celular-motorola-edge-70-pro-12gb-512gb-lily-titan-783087/,1499999.0,1239668.6,1,True
FRA-celular-zte-v80-pro-8-gb-256-gb-negro-78,Fravega,ZTE,Smartphones,Celular ZTE V80 PRO 8 GB 256 GB Negro,https://www.fravega.com/p/celular-zte-v80-pro-8-gb-256-gb-negro-782438/,484999.0,449999.0,1,True
FRA-celular-oppo-reno-12f-12gb-256gb-naranja,Fravega,OTRAS,Smartphones,Celular Oppo Reno 12F 12GB 256GB Naranja,https://www.fravega.com/p/celular-oppo-reno-12f-12gb-256gb-naranja-782909/,769999.0,636362.81,1,True
FRA-celular-tcl-605-8gb-256gb-negro-782729,Fravega,TCL,Smartphones,Celular TCL 605 8GB 256GB Negro,https://www.fravega.com/p/celular-tcl-605-8gb-256gb-negro-782729/,319999.0,264461.98,1,True
FRA-celular-tcl-60r-5g-4gb-128gb-gray-782523,Fravega,TCL,Smartphones,Celular TCL 60R 5G 4GB 128GB Gray,https://www.fravega.com/p/celular-tcl-60r-5g-4gb-128gb-gray-782523/,309999.0,259999.0,1,True
FRA-celular-samsung-galaxy-a17-5g-256gb-gray,Fravega,SAMSUNG,Smartphones,Celular Samsung Galaxy A17 5G 256GB Gray,https://www.fravega.com/p/celular-samsung-galaxy-a17-5g-256gb-gray-782853/,729999.0,603304.96,1,True
FRA-celular-nubia-neo-3-5g-256gb-gris-oscuro,Fravega,OTRAS,Smartphones,Celular Nubia Neo 3 5G 256GB Gris Oscuro,https://www.fravega.com/p/celular-nubia-neo-3-5g-256gb-gris-oscuro-782517/,519999.0,429751.24,1,True
FRA-celular-motorola-g06-4gb-128gb-azul-7825,Fravega,MOTOROLA,Smartphones,Celular Motorola G06 4GB 128GB Azul,https://www.fravega.com/p/celular-motorola-g06-4gb-128gb-azul-782565/,259999.0,214875.21,1,True
FRA-iphone-17-pro-256gb-plata-783328,Fravega,OTRAS,Smartphones,iPhone 17 Pro 256GB Plata,https://www.fravega.com/p/iphone-17-pro-256gb-plata-783328/,3399999.0,2403165.82,1,True
FRA-celular-samsung-galaxy-a17-128gb-gris-78,Fravega,SAMSUNG,Smartphones,Celular Samsung Galaxy A17 128GB Gris,https://www.fravega.com/p/celular-samsung-galaxy-a17-128gb-gris-782808/,489999.0,404957.85,1,True
FRA-celular-nubia-focus-2-5g-black-8gb-256gb,Fravega,OTRAS,Smartphones,Celular Nubia Focus 2 5G Black 8GB 256GB,https://www.fravega.com/p/celular-nubia-focus-2-5g-black-8gb-256gb-782724/,449999.0,371900.0,1,True
FRA-celular-zte-a56-pro-4gb-128gb-gray-78245,Fravega,ZTE,Smartphones,Celular ZTE A56 Pro 4GB 128GB Gray,https://www.fravega.com/p/celular-zte-a56-pro-4gb-128gb-gray-782455/,269999.0,229999.0,1,True
FRA-celular-motorola-g06-4gb-64gb-naranja-78,Fravega,MOTOROLA,Smartphones,Celular Motorola G06 4GB 64GB Naranja,https://www.fravega.com/p/celular-motorola-g06-4gb-64gb-naranja-782559/,219999.0,181817.36,1,True
FRA-iphone-16-pro-512gb-white-783069,Fravega,OTRAS,Smartphones,iPhone 16 Pro 512GB White,https://www.fravega.com/p/iphone-16-pro-512gb-white-783069/,2999999.0,2120440.34,1,True
FRA-iphone-17-pro-max-256gb-plata-782749,Fravega,OTRAS,Smartphones,iPhone 17 Pro Max 256GB Plata,https://www.fravega.com/p/iphone-17-pro-max-256gb-plata-782749/,3699999.0,2615209.92,1,True
FRA-celular-samsung-s26-ultra-12-gb-512gb-ne,Fravega,SAMSUNG,Smartphones,Celular Samsung S26 Ultra 12 GB 512GB Negro,https://www.fravega.com/p/celular-samsung-s26-ultra-12-gb-512gb-negro-782979/,3699999.0,3057850.41,1,True
FRA-celular-motorola-g06-4gb-128gb-verde-782,Fravega,MOTOROLA,Smartphones,Celular Motorola G06 4GB 128GB Verde,https://www.fravega.com/p/celular-motorola-g06-4gb-128gb-verde-782567/,259999.0,214875.21,1,True
FRA-iphone-17-pro-256gb-orange-782896,Fravega,OTRAS,Smartphones,iPhone 17 Pro 256GB Orange,https://www.fravega.com/p/iphone-17-pro-256gb-orange-782896/,3399999.0,2403165.82,1,True
FRA-celular-samsung-galaxy-a57-5g-8gb-256gb-,Fravega,SAMSUNG,Smartphones,Celular Samsung Galaxy A57 5G 8GB 256GB Gris,https://www.fravega.com/p/celular-samsung-galaxy-a57-5g-8gb-256gb-gris-783021/,1349999.0,1115701.65,1,True
FRA-celular-motorola-edge-70-fusion-fifa-edi,Fravega,MOTOROLA,Smartphones,Celular Motorola Edge 70 Fusion FIFA Edition 8GB 256GB,https://www.fravega.com/p/celular-motorola-edge-70-fusion-fifa-edition-8gb-256gb-782978/,999999.0,899999.0,1,True
FRA-iphone-17e-256gb-negro-782895,Fravega,OTRAS,Smartphones,iPhone 17e 256GB Negro,https://www.fravega.com/p/iphone-17e-256gb-negro-782895/,1849999.0,1406843.35,1,True
FRA-celular-galaxy-a16-4g-blue-black-782588,Fravega,OTRAS,Smartphones,Celular Galaxy A16 4G Blue Black,https://www.fravega.com/p/celular-galaxy-a16-4g-blue-black-782588/,469999.0,389999.0,1,True
FRA-iphone-17-pro-max-256gb-orange-782887,Fravega,OTRAS,Smartphones,iPhone 17 Pro Max 256GB Orange,https://www.fravega.com/p/iphone-17-pro-max-256gb-orange-782887/,3699999.0,2615209.92,1,True
FRA-celular-motorola-razr-70-8gb-256gb-viole,Fravega,MOTOROLA,Smartphones,Celular Motorola Razr 70 8GB 256GB Violet Ice,https://www.fravega.com/p/celular-motorola-razr-70-8gb-256gb-violet-ice-783090/,1699999.0,1404957.85,1,True
FRA-celular-samsung-galaxy-a17-128gb-negro-7,Fravega,SAMSUNG,Smartphones,Celular Samsung Galaxy A17 128GB Negro,https://www.fravega.com/p/celular-samsung-galaxy-a17-128gb-negro-782838/,489999.0,404957.85,1,True
FRA-iphone-17-256gb-azul-783326,Fravega,OTRAS,Smartphones,iPhone 17 256GB Azul,https://www.fravega.com/p/iphone-17-256gb-azul-783326/,2499999.0,1767033.5,1,True
FRA-celular-motorola-g47-4gb-128gb-fuchsia-r,Fravega,MOTOROLA,Smartphones,Celular Motorola G47 4GB 128GB Fuchsia Red,https://www.fravega.com/p/celular-motorola-g47-4gb-128gb-fuchsia-red-783080/,499999.0,449999.0,1,True
FRA-celular-zte-a56-pro-4gb-128gb-gold-78244,Fravega,ZTE,Smartphones,Celular ZTE A56 Pro 4GB 128GB Gold,https://www.fravega.com/p/celular-zte-a56-pro-4gb-128gb-gold-782442/,269999.0,229999.0,1,True
FRA-celular-motorola-g06-nfc-4gb-64gb-naranj,Fravega,MOTOROLA,Smartphones,Celular Motorola G06 NFC 4GB 64GB Naranja,https://www.fravega.com/p/celular-motorola-g06-nfc-4gb-64gb-naranja-783095/,239999.0,209999.0,1,True
FRA-celular-tcl-50-pro-nxtpaper-5g-8gb-512gb,Fravega,TCL,Smartphones,Celular TCL 50 Pro NXTPAPER 5G 8GB 512GB Space Gray,https://www.fravega.com/p/celular-tcl-50-pro-nxtpaper-5g-8gb-512gb-space-gray-782594/,549999.0,499999.0,1,True
FRA-iphone-17-pro-256gb-deep-blue-783159,Fravega,OTRAS,Smartphones,iPhone 17 Pro 256GB Deep Blue,https://www.fravega.com/p/iphone-17-pro-256gb-deep-blue-783159/,3399999.0,2403165.82,1,True
FRA-celular-motorola-g15-4gb-128gb-iguana-gr,Fravega,MOTOROLA,Smartphones,Celular Motorola G15 4GB 128GB Iguana Green,https://www.fravega.com/p/celular-motorola-g15-4gb-128gb-iguana-green-782753/,299999.0,279999.0,1,True
FRA-celular-zte-v80-pro-8-gb-256-gb-negro-78,Fravega,ZTE,Smartphones,Celular ZTE V80 PRO 8 GB 256 GB Negro,https://www.fravega.com/p/celular-zte-v80-pro-8-gb-256-gb-negro-782438/,484999.0,449999.0,1,True
FRA-celular-samsung-galaxy-a07-64gb-verde-78,Fravega,SAMSUNG,Smartphones,Celular Samsung Galaxy A07 64GB Verde,https://www.fravega.com/p/celular-samsung-galaxy-a07-64gb-verde-782634/,299999.0,219999.0,1,True
FRA-celular-tcl-k70-4gb-128gb-tpu-case-afa-7,Fravega,TCL,Smartphones,Celular TCL K70 4GB 128GB + TPU Case AFA,https://www.fravega.com/p/celular-tcl-k70-4gb-128gb-tpu-case-afa-783052/,319999.0,229999.0,1,True
FRA-celular-samsung-a17-256gb-negro-5g-22877,Fravega,SAMSUNG,Smartphones,Celular Samsung A17 256GB Negro 5G,https://www.fravega.com/p/celular-samsung-a17-256gb-negro-5g-22877768/,729977.2,640409.0,1,True
FRA-celular-samsung-galaxy-a07-64-4gb-light-,Fravega,SAMSUNG,Smartphones,Celular Samsung Galaxy A07 64/4GB Light Violet,https://www.fravega.com/p/celular-samsung-galaxy-a07-64-4gb-light-violet-990293996/,299999.0,296999.01,1,True
FRA-iphone-14-128gb-22693406,Fravega,OTRAS,Smartphones,iPhone 14 - 128GB,https://www.fravega.com/p/iphone-14-128gb-22693406/,1499999.0,1299999.0,1,True
FRA-celular-tcl-605-4gb-128gb-negro-782748,Fravega,TCL,Smartphones,Celular TCL 605 4GB 128GB Negro,https://www.fravega.com/p/celular-tcl-605-4gb-128gb-negro-782748/,249999.0,206610.74,1,True
FRA-iphone-17-256gb-lavanda-782975,Fravega,OTRAS,Smartphones,iPhone 17 256GB Lavanda,https://www.fravega.com/p/iphone-17-256gb-lavanda-782975/,2499999.0,2066114.88,1,True
FRA-celular-tcl-nxt-paper-70-pro-5g-8gb-512g,Fravega,TCL,Smartphones,Celular TCL NXT Paper 70 Pro 5G 8GB 512GB,https://www.fravega.com/p/celular-tcl-nxt-paper-70-pro-5g-8gb-512gb-783113/,759999.0,699999.0,1,True
FRA-celular-noblex-n52-64-2gb-negro-99016805,Fravega,NOBLEX,Smartphones,Celular Noblex N52 64/2GB Negro,https://www.fravega.com/p/celular-noblex-n52-64-2gb-negro-990168052/,194999.0,147499.0,1,True
FRA-celular-xiaomi-redmi-14c-4-128gb-starry-,Fravega,XIAOMI,Smartphones,Celular Xiaomi Redmi 14C 4/128GB Starry Blue,https://www.fravega.com/p/celular-xiaomi-redmi-14c-4-128gb-starry-blue-782599/,369999.0,339999.0,1,True
FRA-celular-samsung-galaxy-s25-ultra-512gb-t,Fravega,SAMSUNG,Smartphones,Celular Samsung Galaxy S25 Ultra 512GB Titanium Silverblue,https://www.fravega.com/p/celular-samsung-galaxy-s25-ultra-512gb-titanium-silverblue-782703/,2999999.0,2479338.02,1,True
FRA-celular-nubia-neo-3-gt-5g-256gb-grey-782,Fravega,OTRAS,Smartphones,Celular Nubia Neo 3 GT 5G 256GB Grey,https://www.fravega.com/p/celular-nubia-neo-3-gt-5g-256gb-grey-782579/,689999.0,570247.11,1,True
FRA-celular-xiaomi-redmi-note-15-pro-8gb-256,Fravega,XIAOMI,Smartphones,Celular Xiaomi Redmi Note 15 Pro 8GB 256GB Blue,https://www.fravega.com/p/celular-xiaomi-redmi-note-15-pro-8gb-256gb-blue-782929/,899999.0,743800.83,1,True
FRA-celular-moto-motorola-g24-power-128-8gb-,Fravega,MOTOROLA,Smartphones,Celular Moto Motorola G24 Power 128/8GB Celeste,https://www.fravega.com/p/celular-moto-motorola-g24-power-128-8gb-celeste-990190458/,399999.0,295799.0,1,True
FRA-celular-samsung-s26-ultra-12-gb-256gb-vi,Fravega,SAMSUNG,Smartphones,Celular Samsung S26 Ultra 12 GB 256GB Violeta,https://www.fravega.com/p/celular-samsung-s26-ultra-12-gb-256gb-violeta-782542/,3399999.0,2809916.53,1,True
FRA-smart-tv-samsung-50-led-4k-crystal-uhd-u,Fravega,SAMSUNG,Televisores,"Smart TV Samsung 50"" LED 4K Crystal UHD UN50U8000FGCZB",https://www.fravega.com/p/smart-tv-samsung-50-led-4k-crystal-uhd-un50u8000fgczb-503013/,899999.0,759999.0,1,True
FRA-smart-tv-noblex-4k-50-dv50x6500f--502907,Fravega,NOBLEX,Televisores,"Smart TV Noblex 4K 50"" DV50X6500F",https://www.fravega.com/p/smart-tv-noblex-4k-50-dv50x6500f--502907/,599999.0,495866.94,1,True
FRA-smart-tv-samsung-75-4k-uhd-qn75qn70fagcz,Fravega,SAMSUNG,Televisores,"Smart TV Samsung 75"" 4K UHD QN75QN70FAGCZB Neo QLED",https://www.fravega.com/p/smart-tv-samsung-75-4k-uhd-qn75qn70fagczb-neo-qled-502817/,4369999.0,3611569.42,1,True
FRA-smart-tv-samsung-50-led-4k-crystal-uhd-u,Fravega,SAMSUNG,Televisores,"Smart TV Samsung 50"" LED 4K Crystal UHD U8000F",https://www.fravega.com/p/smart-tv-samsung-50-led-4k-crystal-uhd-u8000f-503041/,759999.0,628098.35,1,True
FRA-smart-tv-philips-qled-4k-55-55pud8250-77,Fravega,PHILIPS,Televisores,Smart TV Philips QLED 4K 55” 55PUD8250/77,https://www.fravega.com/p/smart-tv-philips-qled-4k-55-55pud8250-77-502897/,1299999.0,849999.0,1,True
FRA-smart-tv-samsung-qled-4k-uhd-55-qn55q6fa,Fravega,SAMSUNG,Televisores,Smart TV Samsung QLED 4K UHD 55” QN55Q6FAAG,https://www.fravega.com/p/smart-tv-samsung-qled-4k-uhd-55-qn55q6faag-502993/,949999.0,785123.14,1,True
FRA-smart-tv-philips-70-4k-uhd-70pud7908-77-,Fravega,PHILIPS,Televisores,"Smart TV Philips 70"" 4K UHD 70PUD7908/77",https://www.fravega.com/p/smart-tv-philips-70-4k-uhd-70pud7908-77-502021/,1949999.0,1699999.0,1,True
FRA-smart-tv-tcl-65-qled-65p8k-b-503027,Fravega,TCL,Televisores,"Smart TV TCL 65"" QLED 65P8K-B",https://www.fravega.com/p/smart-tv-tcl-65-qled-65p8k-b-503027/,1399999.0,1149999.0,1,True
FRA-tv-led-philips-55-uhd-55pud7309-77-50279,Fravega,PHILIPS,Televisores,"TV LED Philips 55"" UHD 55PUD7309/77",https://www.fravega.com/p/tv-led-philips-55-uhd-55pud7309-77-502793/,999999.0,799999.0,1,True
FRA-tv-led-50-noblex-vidaa-marvel1dv50v-uhd-,Fravega,NOBLEX,Televisores,"TV LED 50"" Noblex Vidaa MARVEL1DV50V UHD",https://www.fravega.com/p/tv-led-50-noblex-vidaa-marvel1dv50v-uhd-503146/,669999.0,599999.0,1,True
FRA-smart-tv-50-noblex-roku-tv-fhd-db50x3110,Fravega,NOBLEX,Televisores,Smart Tv 50 Noblex Roku Tv Fhd Db50x3110,https://www.fravega.com/p/smart-tv-50-noblex-roku-tv-fhd-db50x3110-990288853/,662199.0,599999.0,1,True
FRA-smart-tv-led-43-philips-43pfd6910-77-502,Fravega,PHILIPS,Televisores,"Smart TV LED 43"" Philips 43PFD6910/77",https://www.fravega.com/p/smart-tv-led-43-philips-43pfd6910-77-502789/,629999.0,519999.0,1,True
FRA-smart-tv-samsung-4k-uhd-98-un98du9000gx-,Fravega,SAMSUNG,Televisores,Smart TV Samsung 4K UHD 98” UN98DU9000GX,https://www.fravega.com/p/smart-tv-samsung-4k-uhd-98-un98du9000gx-503086/,6999999.0,5785123.14,1,True
FRA-smart-tv-55-sansei-4k-google-tv-tds2555u,Fravega,OTRAS,Televisores,"Smart TV 55"" Sansei 4K Google TV TDS2555UIGS",https://www.fravega.com/p/smart-tv-55-sansei-4k-google-tv-tds2555uigs-990247404/,963599.0,689999.0,1,True
FRA-tv-noblex-75-uhd-4k-led-x8-series-dv75x8,Fravega,NOBLEX,Televisores,TV Noblex 75” UHD 4K LED X8 Series DV75X8580 Google TV,https://www.fravega.com/p/tv-noblex-75-uhd-4k-led-x8-series-dv75x8580-google-tv-502794/,1599999.0,1322313.22,1,True
FRA-smart-tv-samsung-85-qled-4k-q7-tizen-os-,Fravega,SAMSUNG,Televisores,Smart TV Samsung 85” QLED 4K Q7 Tizen OS,https://www.fravega.com/p/smart-tv-samsung-85-qled-4k-q7-tizen-os-502802/,3999999.0,3799999.0,1,True
FRA-smart-tv-tcl-55-4k-uhd-led-55v6c-google-,Fravega,TCL,Televisores,Smart TV TCL 55” 4K UHD LED 55V6C Google TV,https://www.fravega.com/p/smart-tv-tcl-55-4k-uhd-led-55v6c-google-tv-503060/,799999.0,661156.2,1,True
FRA-smart-tv-samsung-85-qled-4k-q7-tizen-os-,Fravega,SAMSUNG,Televisores,Smart TV Samsung 85” QLED 4K Q7 Tizen OS,https://www.fravega.com/p/smart-tv-samsung-85-qled-4k-q7-tizen-os-503003/,4249999.0,3799999.0,1,True
FRA-smart-tv-hisense-70-4k-uhd-70a6n-503182,Fravega,HISENSE,Televisores,"Smart TV Hisense 70"" 4K UHD 70A6N",https://www.fravega.com/p/smart-tv-hisense-70-4k-uhd-70a6n-503182/,1499999.0,1239668.6,1,True
FRA-smart-tv-qled-4k-55-tcl-55c6k-f-503079,Fravega,TCL,Televisores,Smart TV QLED 4K 55” TCL 55C6K-F,https://www.fravega.com/p/smart-tv-qled-4k-55-tcl-55c6k-f-503079/,1299999.0,1074379.34,1,True
FRA-tv-led-65-noblex-vidaa-starwars-uh-50314,Fravega,NOBLEX,Televisores,"TV LED 65"" Noblex Vidaa Starwars UH",https://www.fravega.com/p/tv-led-65-noblex-vidaa-starwars-uh-503148/,1399999.0,999999.0,1,True
FRA-smart-tv-samsung-55-4k-neo-qled-qn70f-50,Fravega,SAMSUNG,Televisores,"Smart TV Samsung 55"" 4K Neo QLED QN70F",https://www.fravega.com/p/smart-tv-samsung-55-4k-neo-qled-qn70f-502816/,2759999.0,2280990.91,1,True
FRA-smart-tv-samsung-hd-32-un32h5000fgc-5030,Fravega,SAMSUNG,Televisores,Smart TV Samsung HD 32” UN32H5000FGC,https://www.fravega.com/p/smart-tv-samsung-hd-32-un32h5000fgc-503063/,379999.0,314048.76,1,True
FRA-smart-tv-tcl-43-qled-fhd-43s5k-google-tv,Fravega,TCL,Televisores,Smart TV TCL 43” QLED FHD 43S5K Google TV,https://www.fravega.com/p/smart-tv-tcl-43-qled-fhd-43s5k-google-tv-502831/,539999.0,446280.17,1,True
FRA-tv-led-32-tcl-32s5k-fhd-qled-502997,Fravega,TCL,Televisores,"TV LED 32"" TCL 32S5K FHD QLED",https://www.fravega.com/p/tv-led-32-tcl-32s5k-fhd-qled-502997/,359999.0,297519.83,1,True
FRA-smart-tv-rca-qled-uhd-4k-55-ql55th300-50,Fravega,OTRAS,Televisores,Smart TV RCA QLED UHD 4K 55” QL55TH300,https://www.fravega.com/p/smart-tv-rca-qled-uhd-4k-55-ql55th300-503247/,949999.0,719999.0,1,True
FRA-smart-tv-philips-40-led-full-hd-40pfd692,Fravega,PHILIPS,Televisores,"Smart TV Philips 40"" LED Full HD 40PFD6920/77 Google TV WiFi",https://www.fravega.com/p/smart-tv-philips-40-led-full-hd-40pfd6920-77-google-tv-wifi-503082/,569999.0,459999.0,1,True
FRA-smart-tv-philips-65-led-4k-uhd-65pud8100,Fravega,PHILIPS,Televisores,"Smart TV Philips 65"" LED 4K UHD 65PUD8100/77 Ambilight Titan OS WiFi",https://www.fravega.com/p/smart-tv-philips-65-led-4k-uhd-65pud8100-77-ambilight-titan-os-wifi-503084/,1599999.0,1299999.0,1,True
FRA-tv-led-noblex-hd-40-dv40x5100f-502877,Fravega,NOBLEX,Televisores,TV Led Noblex HD 40” DV40X5100F,https://www.fravega.com/p/tv-led-noblex-hd-40-dv40x5100f-502877/,399999.0,339999.0,1,True
FRA-smart-tv-led-32-philips-32phd6910-77-502,Fravega,PHILIPS,Televisores,"Smart TV Led 32"" Philips 32PHD6910/77",https://www.fravega.com/p/smart-tv-led-32-philips-32phd6910-77-502788/,419999.0,349999.0,1,True
FRA-smart-tv-samsung-qled-4k-uhd-65-qn65q6fa,Fravega,SAMSUNG,Televisores,Smart TV Samsung QLED 4K UHD 65” QN65Q6FAAG,https://www.fravega.com/p/smart-tv-samsung-qled-4k-uhd-65-qn65q6faag-503022/,1699999.0,1404957.85,1,True
FRA-smart-tv-philips-led-50-4k-uhd-titan-os-,Fravega,PHILIPS,Televisores,Smart TV Philips LED 50” 4K UHD Titan OS 50PUD7309/77,https://www.fravega.com/p/smart-tv-philips-led-50-4k-uhd-titan-os-50pud7309-77-502852/,849999.0,659999.0,1,True
FRA-smart-tv-noblex-50-4k-qled-dq50x9580-bla,Fravega,NOBLEX,Televisores,Smart TV NOBLEX 50” 4K QLED DQ50X9580 Black,https://www.fravega.com/p/smart-tv-noblex-50-4k-qled-dq50x9580-black-503327/,799999.0,649999.0,1,True
FRA-smart-tv-samsung-65-led-4k-crystal-uhd-u,Fravega,SAMSUNG,Televisores,"Smart TV Samsung 65"" LED 4K Crystal UHD U8000F",https://www.fravega.com/p/smart-tv-samsung-65-led-4k-crystal-uhd-u8000f-503076/,1559998.96,1299999.0,1,True
FRA-smart-tv-samsung-qled-4k-uhd-55-qn55q6fa,Fravega,SAMSUNG,Televisores,Smart TV Samsung QLED 4K UHD 55” QN55Q6FAAGCZB,https://www.fravega.com/p/smart-tv-samsung-qled-4k-uhd-55-qn55q6faagczb-503023/,1049999.0,949999.0,1,True
FRA-smart-tv-samsung-hd-32-un32h5000fgc-5030,Fravega,SAMSUNG,Televisores,Smart TV Samsung HD 32” UN32H5000FGC,https://www.fravega.com/p/smart-tv-samsung-hd-32-un32h5000fgc-503033/,379999.0,314048.76,1,True
FRA-notebook-hp-14-intel-core-5-8gb-512gb-om,Fravega,HP,Notebooks,"Notebook HP 14"" Intel Core 5 8GB 512GB OmniBook 3 14-HU0050LA",https://www.fravega.com/p/notebook-hp-14-intel-core-5-8gb-512gb-omnibook-3-14-hu0050la-364858/,1999999.0,1299999.0,1,True
FRA-macbook-apple-pro-13-3-m2-8gb-256-ssd-mn,Fravega,APPLE,Notebooks,"MacBook Apple Pro 13,3” M2 8GB 256 SSD MNEJ3LE/A Space Gray",https://www.fravega.com/p/macbook-apple-pro-13-3-m2-8gb-256-ssd-mnej3le-a-space-gray-364677/,4499999.0,4199999.0,1,True
FRA-notebook-acer-aspire-lite-amd-ryzen-7-32,Fravega,ACER,Notebooks,Notebook Acer Aspire Lite AMD Ryzen 7 32GB 512GB AL15-43P-R6ZA,https://www.fravega.com/p/notebook-acer-aspire-lite-amd-ryzen-7-32gb-512gb-al15-43p-r6za-364846/,2999999.0,2949999.0,1,True
FRA-samsung-galaxy-book-4-15-6-fhd-intel-cor,Fravega,SAMSUNG,Notebooks,"Samsung Galaxy Book 4 15,6” FHD Intel Core i7 16GB 1TB NP750XGJ-KS1AR",https://www.fravega.com/p/samsung-galaxy-book-4-15-6-fhd-intel-core-i7-16gb-1tb-np750xgj-ks1ar-364934/,2999999.0,2599999.0,1,True
FRA-notebook-gfast-15-6-amd-ryzen-5-8gb-240g,Fravega,OTRAS,Notebooks,"Notebook Gfast 15,6” AMD Ryzen 5 8GB  240GB SSD N-537R",https://www.fravega.com/p/notebook-gfast-15-6-amd-ryzen-5-8gb-240gb-ssd-n-537r-365003/,1499999.0,999999.0,1,True
FRA-notebook-hp-full-hd-15-6-amd-ryzen-3-8gb,Fravega,HP,Notebooks,"Notebook HP Full HD 15,6” AMD Ryzen 3 8GB 512GB 15-fc0237la + Mochila",https://www.fravega.com/p/notebook-hp-full-hd-15-6-amd-ryzen-3-8gb-512gb-15-fc0237la-mochila-364754/,1899999.0,1499999.0,1,True
FRA-notebook-celeron-14-1-4gb-128-gb-ssd-phi,Fravega,PHILCO,Notebooks,"Notebook Celeron 14.1"" 4GB 128 GB SSD Philco N14P4020",https://www.fravega.com/p/notebook-celeron-14-1-4gb-128-gb-ssd-philco-n14p4020-990289226/,581899.0,319999.01,1,True
FRA-notebook-gfast-15-6-amd-ryzen-7-8gb-240g,Fravega,OTRAS,Notebooks,"Notebook Gfast 15,6” AMD Ryzen 7 8GB  240GB SSD N-755R",https://www.fravega.com/p/notebook-gfast-15-6-amd-ryzen-7-8gb-240gb-ssd-n-755r-364959/,1349999.0,1249999.0,1,True
FRA-notebook-lenovo-ideapad-slim-3-15-6-amd-,Fravega,LENOVO,Notebooks,"Notebook Lenovo Ideapad Slim 3 15,6” AMD Ryzen 5 8GB 512GB SSD 82XQ00YAAR",https://www.fravega.com/p/notebook-lenovo-ideapad-slim-3-15-6-amd-ryzen-5-8gb-512gb-ssd-82xq00yaar-364950/,1799999.0,1199999.0,1,True
FRA-samsung-galaxy-book-4-15-6-fhd-intel-cor,Fravega,SAMSUNG,Notebooks,"Samsung Galaxy Book 4 15,6” FHD Intel Core i7 32GB 1TB NP750XGJ-KG1AR",https://www.fravega.com/p/samsung-galaxy-book-4-15-6-fhd-intel-core-i7-32gb-1tb-np750xgj-kg1ar-365072/,3999999.0,3499999.0,1,True
FRA-notebook-acer-nitro-lite-intel-core-i5-8,Fravega,ACER,Notebooks,Notebook Acer Nitro Lite Intel Core i5 8GB 512GB NL16-71G-580G,https://www.fravega.com/p/notebook-acer-nitro-lite-intel-core-i5-8gb-512gb-nl16-71g-580g-364912/,2999999.0,2799999.0,1,True
FRA-macbook-neo-13-256gb-citrico-364820,Fravega,OTRAS,Notebooks,Macbook Neo 13” 256GB Cítrico,https://www.fravega.com/p/macbook-neo-13-256gb-citrico-364820/,2499999.0,1649999.0,1,True
FRA-notebook-hp-255-g10-amd-ryzen-5-7520u-16,Fravega,HP,Notebooks,"Notebook Hp 255 G10 Amd Ryzen 5 7520u 16gb 512gb 15,6'' Fhd",https://www.fravega.com/p/notebook-hp-255-g10-amd-ryzen-5-7520u-16gb-512gb-15-6-fhd-22652268/,1749999.0,1399999.0,1,True
FRA-notebook-acer-aspire-lite-15-intel-core-,Fravega,ACER,Notebooks,Notebook Acer Aspire Lite 15 Intel Core i5 16GB 512GB AL15-52P-51UH,https://www.fravega.com/p/notebook-acer-aspire-lite-15-intel-core-i5-16gb-512gb-al15-52p-51uh-364920/,2999999.0,1999999.0,1,True
FRA-samsung-galaxy-book-4-15-6-fhd-intel-cor,Fravega,SAMSUNG,Notebooks,"Samsung Galaxy Book 4 15,6” FHD Intel Core i7 16GB 1TB NP750XGJ-KS1AR",https://www.fravega.com/p/samsung-galaxy-book-4-15-6-fhd-intel-core-i7-16gb-1tb-np750xgj-ks1ar-365071/,3499999.0,2999999.0,1,True
FRA-notebook-hp-15-6-amd-ryzen-3-8gb-512gb-1,Fravega,HP,Notebooks,"Notebook HP 15,6” AMD Ryzen 3 8GB 512GB 15-fc0235la",https://www.fravega.com/p/notebook-hp-15-6-amd-ryzen-3-8gb-512gb-15-fc0235la-364753/,1899999.0,1599999.0,1,True
FRA-notebook-hp-15-6-amd-ryzen-5-8gb-512gb-1,Fravega,HP,Notebooks,"Notebook HP 15,6"" AMD Ryzen 5 8GB 512GB 15-FC0251LA + Mochila",https://www.fravega.com/p/notebook-hp-15-6-amd-ryzen-5-8gb-512gb-15-fc0251la-mochila-364837/,1899999.0,1149999.0,1,True
FRA-notebook-exo-14-intel-n4020-4gb-128gb-em,Fravega,OTRAS,Notebooks,"Notebook Exo 14"" Intel N4020 4GB 128GB eMMC Smart XR2 Windows 11",https://www.fravega.com/p/notebook-exo-14-intel-n4020-4gb-128gb-emmc-smart-xr2-windows-11-364583/,499999.0,379999.0,1,True
FRA-macbook-neo-13-256gb-plata-364817,Fravega,OTRAS,Notebooks,Macbook Neo 13” 256GB Plata,https://www.fravega.com/p/macbook-neo-13-256gb-plata-364817/,2499999.0,1549999.0,1,True
FRA-notebook-exo-14-intel-n4020-4gb-128gb-em,Fravega,OTRAS,Notebooks,"Notebook Exo 14"" Intel N4020 4GB 128GB eMMC Smart XR2 Windows 11",https://www.fravega.com/p/notebook-exo-14-intel-n4020-4gb-128gb-emmc-smart-xr2-windows-11-364985/,499999.0,349999.0,1,True
FRA-notebook-hp-15-6-amd-ryzen-7-8gb-512gb-1,Fravega,HP,Notebooks,"Notebook HP 15,6"" AMD Ryzen 7 8GB 512GB 15-FC0287LA",https://www.fravega.com/p/notebook-hp-15-6-amd-ryzen-7-8gb-512gb-15-fc0287la-364855/,2999999.0,2299999.0,1,True
FRA-notebook-exo-r34-intel-n4020-14-1-4gb-12,Fravega,OTRAS,Notebooks,"Notebook Exo R34 Intel N4020 14,1 4GB 128GB Windows 11",https://www.fravega.com/p/notebook-exo-r34-intel-n4020-14-1-4gb-128gb-windows-11-20458266/,459999.0,409999.0,1,True
FRA-notebook-hp-14-em0002-4gb-ram-128gb-ssd-,Fravega,HP,Notebooks,"Notebook Hp 14-em0002 4gb Ram 128gb Ssd Athlon 7120u 14"" Hd Moonlight Blue",https://www.fravega.com/p/notebook-hp-14-em0002-4gb-ram-128gb-ssd-athlon-7120u-14-hd-moonlight-blue-22819531/,674999.0,539999.0,1,True
FRA-notebook-hp-15-6-amd-ryzen-3-8gb-512gb-1,Fravega,HP,Notebooks,"Notebook HP 15,6” AMD Ryzen 3 8GB 512GB 15-fc0235la",https://www.fravega.com/p/notebook-hp-15-6-amd-ryzen-3-8gb-512gb-15-fc0235la-364753/,1899999.0,1599999.0,1,True
FRA-notebook-hp-14-intel-core-5-8gb-512gb-om,Fravega,HP,Notebooks,"Notebook HP 14"" Intel Core 5 8GB 512GB OmniBook 3 14-HU0050LA",https://www.fravega.com/p/notebook-hp-14-intel-core-5-8gb-512gb-omnibook-3-14-hu0050la-364858/,1999999.0,1299999.0,1,True
FRA-macbook-apple-pro-13-3-m2-8gb-256-ssd-mn,Fravega,APPLE,Notebooks,"MacBook Apple Pro 13,3” M2 8GB 256 SSD MNEJ3LE/A Space Gray",https://www.fravega.com/p/macbook-apple-pro-13-3-m2-8gb-256-ssd-mnej3le-a-space-gray-364677/,4499999.0,4199999.0,1,True
FRA-notebook-hp-15-6-amd-ryzen-5-8gb-512gb-1,Fravega,HP,Notebooks,"Notebook HP 15,6"" AMD Ryzen 5 8GB 512GB 15-FC0251LA + Mochila",https://www.fravega.com/p/notebook-hp-15-6-amd-ryzen-5-8gb-512gb-15-fc0251la-mochila-364837/,1899999.0,1149999.0,1,True
FRA-notebook-acer-aspire-lite-amd-ryzen-7-32,Fravega,ACER,Notebooks,Notebook Acer Aspire Lite AMD Ryzen 7 32GB 512GB AL15-43P-R6ZA,https://www.fravega.com/p/notebook-acer-aspire-lite-amd-ryzen-7-32gb-512gb-al15-43p-r6za-364846/,2999999.0,2949999.0,1,True
FRA-notebook-acer-aspire-lite-intel-core-i5-,Fravega,ACER,Notebooks,Notebook Acer Aspire Lite Intel Core i5 8GB 512GB AL16-52P-579C,https://www.fravega.com/p/notebook-acer-aspire-lite-intel-core-i5-8gb-512gb-al16-52p-579c-364913/,2499999.0,1699999.0,1,True
FRA-samsung-galaxy-book-4-15-6-fhd-intel-cor,Fravega,SAMSUNG,Notebooks,"Samsung Galaxy Book 4 15,6” FHD Intel Core i7 16GB 1TB NP750XGJ-KS1AR",https://www.fravega.com/p/samsung-galaxy-book-4-15-6-fhd-intel-core-i7-16gb-1tb-np750xgj-ks1ar-364934/,2999999.0,2599999.0,1,True
FRA-notebook-gfast-15-6-amd-ryzen-5-8gb-240g,Fravega,OTRAS,Notebooks,"Notebook Gfast 15,6” AMD Ryzen 5 8GB  240GB SSD N-537R",https://www.fravega.com/p/notebook-gfast-15-6-amd-ryzen-5-8gb-240gb-ssd-n-537r-365003/,1499999.0,999999.0,1,True
FRA-notebook-hp-full-hd-15-6-amd-ryzen-3-8gb,Fravega,HP,Notebooks,"Notebook HP Full HD 15,6” AMD Ryzen 3 8GB 512GB 15-fc0237la + Mochila",https://www.fravega.com/p/notebook-hp-full-hd-15-6-amd-ryzen-3-8gb-512gb-15-fc0237la-mochila-364754/,1899999.0,1499999.0,1,True
FRA-notebook-celeron-14-1-4gb-128-gb-ssd-phi,Fravega,PHILCO,Notebooks,"Notebook Celeron 14.1"" 4GB 128 GB SSD Philco N14P4020",https://www.fravega.com/p/notebook-celeron-14-1-4gb-128-gb-ssd-philco-n14p4020-990289226/,581899.0,319999.01,1,True
FRA-notebook-gfast-15-6-amd-ryzen-7-8gb-240g,Fravega,OTRAS,Notebooks,"Notebook Gfast 15,6” AMD Ryzen 7 8GB  240GB SSD N-755R",https://www.fravega.com/p/notebook-gfast-15-6-amd-ryzen-7-8gb-240gb-ssd-n-755r-364959/,1349999.0,1249999.0,1,True
FRA-macbook-neo-13-256gb-citrico-364820,Fravega,OTRAS,Notebooks,Macbook Neo 13” 256GB Cítrico,https://www.fravega.com/p/macbook-neo-13-256gb-citrico-364820/,2499999.0,1649999.0,1,True
FRA-notebook-exo-r34-intel-n4020-14-1-4gb-12,Fravega,OTRAS,Notebooks,"Notebook Exo R34 Intel N4020 14,1 4GB 128GB Windows 11",https://www.fravega.com/p/notebook-exo-r34-intel-n4020-14-1-4gb-128gb-windows-11-20458266/,459999.0,409999.0,1,True
FRA-macbook-neo-13-512gb-indigo-364829,Fravega,OTRAS,Notebooks,Macbook Neo 13” 512GB Índigo,https://www.fravega.com/p/macbook-neo-13-512gb-indigo-364829/,2999999.0,1899999.0,1,True
FRA-notebook-acer-aspire-lite-intel-core-3-8,Fravega,ACER,Notebooks,Notebook Acer Aspire Lite Intel Core 3 8GB 512GB AL15-33P-316C,https://www.fravega.com/p/notebook-acer-aspire-lite-intel-core-3-8gb-512gb-al15-33p-316c-364735/,1399999.0,1299999.0,1,True
FRA-notebook-exo-rm84-14-intel-n4020-4gb-128,Fravega,OTRAS,Notebooks,Notebook Exo RM84 14 Intel N4020 4GB 128GB W11,https://www.fravega.com/p/notebook-exo-rm84-14-intel-n4020-4gb-128gb-w11-21194747/,459999.0,389999.0,1,True
FRA-macbook-neo-13-512gb-citrico-364826,Fravega,OTRAS,Notebooks,Macbook Neo 13” 512GB Cítrico,https://www.fravega.com/p/macbook-neo-13-512gb-citrico-364826/,2999999.0,1899999.0,1,True
FRA-macbook-neo-13-512gb-plata-364835,Fravega,OTRAS,Notebooks,Macbook Neo 13” 512GB Plata,https://www.fravega.com/p/macbook-neo-13-512gb-plata-364835/,2999999.0,1899999.0,1,True
FRA-macbook-neo-13-512gb-rosa-364833,Fravega,OTRAS,Notebooks,Macbook Neo 13” 512GB Rosa,https://www.fravega.com/p/macbook-neo-13-512gb-rosa-364833/,2999999.0,1899999.0,1,True
FRA-notebook-lenovo-ip-slim-3-amd-ryzen-7-77,Fravega,LENOVO,Notebooks,Notebook Lenovo Ip Slim 3 Amd Ryzen 7 7735hs 16gb 512gb W11h,https://www.fravega.com/p/notebook-lenovo-ip-slim-3-amd-ryzen-7-7735hs-16gb-512gb-w11h-22882881/,2348159.35,1806276.42,1,True
FRA-notebook-asus-vivobook-x1404va-i3-1315u-,Fravega,ASUS,Notebooks,Notebook Asus Vivobook X1404VA i3-1315U 16 GB 512 GB,https://www.fravega.com/p/notebook-asus-vivobook-x1404va-i3-1315u-16-gb-512-gb-22649716/,1794793.96,1507626.92,1,True
FRA-samsung-galaxy-book-4-15-6-fhd-intel-cor,Fravega,SAMSUNG,Notebooks,"Samsung Galaxy Book 4 15,6” FHD Intel Core i7 32GB 1TB NP750XGJ-KG1AR",https://www.fravega.com/p/samsung-galaxy-book-4-15-6-fhd-intel-core-i7-32gb-1tb-np750xgj-kg1ar-364933/,2999999.0,2799999.0,1,True
FRA-notebook-drax-ci5-8gb-ssd-512gb-windows-,Fravega,OTRAS,Notebooks,Notebook Drax Ci5 8gb Ssd 512gb Windows 11 Home,https://www.fravega.com/p/notebook-drax-ci5-8gb-ssd-512gb-windows-11-home-21454159/,1260821.56,1008279.0,1,True
FRA-notebook-aulabook-educabot-8gb-ram-256-s,Fravega,OTRAS,Notebooks,Notebook Aulabook Educabot 8GB RAM 256 SSD M2 Intel N4020 Windows 11,https://www.fravega.com/p/notebook-aulabook-educabot-8gb-ram-256-ssd-m2-intel-n4020-windows-11--22483138/,709999.0,499999.0,1,True
FRA-notebook-hp-15-6-amd-ryzen-3-8gb-512gb-1,Fravega,HP,Notebooks,"Notebook HP 15,6” AMD Ryzen 3 8GB 512GB 15-fc0235la",https://www.fravega.com/p/notebook-hp-15-6-amd-ryzen-3-8gb-512gb-15-fc0235la-364753/,1899999.0,1599999.0,1,True
FRA-notebook-hp-14-intel-core-5-8gb-512gb-om,Fravega,HP,Notebooks,"Notebook HP 14"" Intel Core 5 8GB 512GB OmniBook 3 14-HU0050LA",https://www.fravega.com/p/notebook-hp-14-intel-core-5-8gb-512gb-omnibook-3-14-hu0050la-364858/,1999999.0,1299999.0,1,True
FRA-macbook-apple-pro-13-3-m2-8gb-256-ssd-mn,Fravega,APPLE,Notebooks,"MacBook Apple Pro 13,3” M2 8GB 256 SSD MNEJ3LE/A Space Gray",https://www.fravega.com/p/macbook-apple-pro-13-3-m2-8gb-256-ssd-mnej3le-a-space-gray-364677/,4499999.0,4199999.0,1,True
FRA-notebook-hp-15-6-amd-ryzen-5-8gb-512gb-1,Fravega,HP,Notebooks,"Notebook HP 15,6"" AMD Ryzen 5 8GB 512GB 15-FC0251LA + Mochila",https://www.fravega.com/p/notebook-hp-15-6-amd-ryzen-5-8gb-512gb-15-fc0251la-mochila-364837/,1899999.0,1149999.0,1,True
FRA-notebook-acer-aspire-lite-amd-ryzen-7-32,Fravega,ACER,Notebooks,Notebook Acer Aspire Lite AMD Ryzen 7 32GB 512GB AL15-43P-R6ZA,https://www.fravega.com/p/notebook-acer-aspire-lite-amd-ryzen-7-32gb-512gb-al15-43p-r6za-364846/,2999999.0,2949999.0,1,True
FRA-notebook-acer-aspire-lite-intel-core-i5-,Fravega,ACER,Notebooks,Notebook Acer Aspire Lite Intel Core i5 8GB 512GB AL16-52P-579C,https://www.fravega.com/p/notebook-acer-aspire-lite-intel-core-i5-8gb-512gb-al16-52p-579c-364913/,2499999.0,1699999.0,1,True
FRA-samsung-galaxy-book-4-15-6-fhd-intel-cor,Fravega,SAMSUNG,Notebooks,"Samsung Galaxy Book 4 15,6” FHD Intel Core i7 16GB 1TB NP750XGJ-KS1AR",https://www.fravega.com/p/samsung-galaxy-book-4-15-6-fhd-intel-core-i7-16gb-1tb-np750xgj-ks1ar-364934/,2999999.0,2599999.0,1,True
FRA-notebook-gfast-15-6-amd-ryzen-5-8gb-240g,Fravega,OTRAS,Notebooks,"Notebook Gfast 15,6” AMD Ryzen 5 8GB  240GB SSD N-537R",https://www.fravega.com/p/notebook-gfast-15-6-amd-ryzen-5-8gb-240gb-ssd-n-537r-365003/,1499999.0,999999.0,1,True
FRA-notebook-hp-full-hd-15-6-amd-ryzen-3-8gb,Fravega,HP,Notebooks,"Notebook HP Full HD 15,6” AMD Ryzen 3 8GB 512GB 15-fc0237la + Mochila",https://www.fravega.com/p/notebook-hp-full-hd-15-6-amd-ryzen-3-8gb-512gb-15-fc0237la-mochila-364754/,1899999.0,1499999.0,1,True
FRA-notebook-celeron-14-1-4gb-128-gb-ssd-phi,Fravega,PHILCO,Notebooks,"Notebook Celeron 14.1"" 4GB 128 GB SSD Philco N14P4020",https://www.fravega.com/p/notebook-celeron-14-1-4gb-128-gb-ssd-philco-n14p4020-990289226/,581899.0,319999.01,1,True
FRA-notebook-gfast-15-6-amd-ryzen-7-8gb-240g,Fravega,OTRAS,Notebooks,"Notebook Gfast 15,6” AMD Ryzen 7 8GB  240GB SSD N-755R",https://www.fravega.com/p/notebook-gfast-15-6-amd-ryzen-7-8gb-240gb-ssd-n-755r-364959/,1349999.0,1249999.0,1,True
FRA-notebook-noblex-intel-celeron-4gb-ram-ss,Fravega,NOBLEX,Notebooks,Notebook Noblex Intel Celeron 4GB RAM SSD 128GB N14X1010,https://www.fravega.com/p/notebook-noblex-intel-celeron-4gb-ram-ssd-128gb-n14x1010-990158531/,588499.0,401999.0,1,True
FRA-notebook-lenovo-16-amd-ryzen-7-16gb-1tb-,Fravega,LENOVO,Notebooks,Notebook Lenovo 16” AMD Ryzen 7 16GB 1TB SSD 82Y40024AR,https://www.fravega.com/p/notebook-lenovo-16-amd-ryzen-7-16gb-1tb-ssd-82y40024ar-364505/,5999999.0,5499999.0,1,True
FRA-hp-omnibook-5-16-ag1070-ryzen-ai-7-350-5,Fravega,HP,Notebooks,"HP OmniBook 5 16-AG1070 Ryzen AI 7 350 512GB SSD 16GB 16"" WIN11 IR GLACIER SILVER",https://www.fravega.com/p/hp-omnibook-5-16-ag1070-ryzen-ai-7-350-512gb-ssd-16gb-16-win11-ir-glacier-silver-22829488/,2949999.0,2106999.0,1,True
FRA-notebook-acer-aspire-go-15-ryzen-7-7730u,Fravega,ACER,Notebooks,Notebook Acer Aspire Go 15 Ryzen 7 7730U 16GB 512GB 15.6? FHD Silver Windows 11,https://www.fravega.com/p/notebook-acer-aspire-go-15-ryzen-7-7730u-16gb-512gb-15-6-fhd-silver-windows-11-22828083/,1687999.0,1349999.0,1,True
FRA-notebook-acer-aspire-lite-15-intel-core-,Fravega,ACER,Notebooks,Notebook Acer Aspire Lite 15 Intel Core i5 16GB 512GB AL15-52P-51UH,https://www.fravega.com/p/notebook-acer-aspire-lite-15-intel-core-i5-16gb-512gb-al15-52p-51uh-364920/,2999999.0,1999999.0,1,True
FRA-notebook-thinkpad-e16-gen-3-16-amd-r5-16,Fravega,OTRAS,Notebooks,"Notebook Thinkpad E16 Gen 3 (16"" AMD R5) 16GB 512GB SSD",https://www.fravega.com/p/notebook-thinkpad-e16-gen-3-16-amd-r5-16gb-512gb-ssd-22882091/,3199999.0,1949999.0,1,True
FRA-apple-macbook-air-13-m2-24gb-512gb-midni,Fravega,APPLE,Notebooks,"Apple Macbook Air 13"" M2 24GB 512GB Midnight",https://www.fravega.com/p/apple-macbook-air-13-m2-24gb-512gb-midnight-22652387/,3257745.68,2943699.0,1,True
FRA-notebook-hp-255-g10-amd-ryzen-5-7520u-16,Fravega,HP,Notebooks,"Notebook Hp 255 G10 Amd Ryzen 5 7520u 16 Gb 512 Gb 15,6'' Fhd",https://www.fravega.com/p/notebook-hp-255-g10-amd-ryzen-5-7520u-16-gb-512-gb-15-6-fhd-22646474/,1749999.0,1399999.0,1,True
FRA-notebook-exo-15-6intel-i5-8gb-480ssd-x67,Fravega,OTRAS,Notebooks,"Notebook Exo 15,6´Intel I5 8GB 480SSD X67 WIN 11",https://www.fravega.com/p/notebook-exo-15-6intel-i5-8gb-480ssd-x67-win-11-22603608/,1849999.0,1299999.0,1,True
FRA-notebook-lenovo-yoga-slim-7i-aura-editio,Fravega,LENOVO,Notebooks,"Notebook Lenovo Yoga Slim 7i Aura Edition 15,3” Intel Core Ultra 7 32GB 1TB SSD Luna Grey",https://www.fravega.com/p/notebook-lenovo-yoga-slim-7i-aura-edition-15-3-intel-core-ultra-7-32gb-1tb-ssd-luna-grey-364615/,4499999.0,3499999.0,1,True
FRA-notebook-lenovo-ip-slim-3-ryzen-3-7320u-,Fravega,LENOVO,Notebooks,Notebook Lenovo Ip Slim 3 Ryzen 3-7320u Fhd 16gb 512gb W11h,https://www.fravega.com/p/notebook-lenovo-ip-slim-3-ryzen-3-7320u-fhd-16gb-512gb-w11h-22883857/,1625986.64,1250758.95,1,True
FRA-notebook-acer-aspire-go-15-ryzen-7-7730u,Fravega,ACER,Notebooks,"Notebook Acer Aspire Go 15 Ryzen 7 7730U 16 GB RAM 512 GB SSD 15.6""",https://www.fravega.com/p/notebook-acer-aspire-go-15-ryzen-7-7730u-16-gb-ram-512-gb-ssd-15-6--22881968/,2715999.0,1874999.0,1,True
FRA-notebook-lenovo-ideapad-1-celeron-n4500-,Fravega,LENOVO,Notebooks,Notebook Lenovo Ideapad 1 Celeron N4500 8gb 128gb 15.6 W11h,https://www.fravega.com/p/notebook-lenovo-ideapad-1-celeron-n4500-8gb-128gb-15-6-w11h-22881051/,939147.34,722421.03,1,True
FRA-notebook-lenovo-ip-slim-3-amd-ryzen-7-77,Fravega,LENOVO,Notebooks,Notebook Lenovo Ip Slim 3 Amd Ryzen 7 7735hs 16gb Ssd 512gb,https://www.fravega.com/p/notebook-lenovo-ip-slim-3-amd-ryzen-7-7735hs-16gb-ssd-512gb-22874044/,1939392.0,1491840.0,1,True
FRA-notebook-hp-15-6-amd-ryzen-3-8gb-512gb-1,Fravega,HP,Notebooks,"Notebook HP 15,6” AMD Ryzen 3 8GB 512GB 15-fc0235la",https://www.fravega.com/p/notebook-hp-15-6-amd-ryzen-3-8gb-512gb-15-fc0235la-364753/,1899999.0,1599999.0,1,True
FRA-notebook-hp-14-intel-core-5-8gb-512gb-om,Fravega,HP,Notebooks,"Notebook HP 14"" Intel Core 5 8GB 512GB OmniBook 3 14-HU0050LA",https://www.fravega.com/p/notebook-hp-14-intel-core-5-8gb-512gb-omnibook-3-14-hu0050la-364858/,1999999.0,1299999.0,1,True
FRA-macbook-apple-pro-13-3-m2-8gb-256-ssd-mn,Fravega,APPLE,Notebooks,"MacBook Apple Pro 13,3” M2 8GB 256 SSD MNEJ3LE/A Space Gray",https://www.fravega.com/p/macbook-apple-pro-13-3-m2-8gb-256-ssd-mnej3le-a-space-gray-364677/,4499999.0,4199999.0,1,True
FRA-notebook-hp-15-6-amd-ryzen-5-8gb-512gb-1,Fravega,HP,Notebooks,"Notebook HP 15,6"" AMD Ryzen 5 8GB 512GB 15-FC0251LA + Mochila",https://www.fravega.com/p/notebook-hp-15-6-amd-ryzen-5-8gb-512gb-15-fc0251la-mochila-364837/,1899999.0,1149999.0,1,True
FRA-notebook-acer-aspire-lite-amd-ryzen-7-32,Fravega,ACER,Notebooks,Notebook Acer Aspire Lite AMD Ryzen 7 32GB 512GB AL15-43P-R6ZA,https://www.fravega.com/p/notebook-acer-aspire-lite-amd-ryzen-7-32gb-512gb-al15-43p-r6za-364846/,2999999.0,2949999.0,1,True
FRA-notebook-acer-aspire-lite-intel-core-i5-,Fravega,ACER,Notebooks,Notebook Acer Aspire Lite Intel Core i5 8GB 512GB AL16-52P-579C,https://www.fravega.com/p/notebook-acer-aspire-lite-intel-core-i5-8gb-512gb-al16-52p-579c-364913/,2499999.0,1699999.0,1,True
FRA-samsung-galaxy-book-4-15-6-fhd-intel-cor,Fravega,SAMSUNG,Notebooks,"Samsung Galaxy Book 4 15,6” FHD Intel Core i7 16GB 1TB NP750XGJ-KS1AR",https://www.fravega.com/p/samsung-galaxy-book-4-15-6-fhd-intel-core-i7-16gb-1tb-np750xgj-ks1ar-364934/,2999999.0,2599999.0,1,True
FRA-notebook-gfast-15-6-amd-ryzen-5-8gb-240g,Fravega,OTRAS,Notebooks,"Notebook Gfast 15,6” AMD Ryzen 5 8GB  240GB SSD N-537R",https://www.fravega.com/p/notebook-gfast-15-6-amd-ryzen-5-8gb-240gb-ssd-n-537r-365003/,1499999.0,999999.0,1,True
FRA-notebook-hp-full-hd-15-6-amd-ryzen-3-8gb,Fravega,HP,Notebooks,"Notebook HP Full HD 15,6” AMD Ryzen 3 8GB 512GB 15-fc0237la + Mochila",https://www.fravega.com/p/notebook-hp-full-hd-15-6-amd-ryzen-3-8gb-512gb-15-fc0237la-mochila-364754/,1899999.0,1499999.0,1,True
FRA-notebook-celeron-14-1-4gb-128-gb-ssd-phi,Fravega,PHILCO,Notebooks,"Notebook Celeron 14.1"" 4GB 128 GB SSD Philco N14P4020",https://www.fravega.com/p/notebook-celeron-14-1-4gb-128-gb-ssd-philco-n14p4020-990289226/,581899.0,319999.01,1,True
FRA-notebook-gfast-15-6-amd-ryzen-7-8gb-240g,Fravega,OTRAS,Notebooks,"Notebook Gfast 15,6” AMD Ryzen 7 8GB  240GB SSD N-755R",https://www.fravega.com/p/notebook-gfast-15-6-amd-ryzen-7-8gb-240gb-ssd-n-755r-364959/,1349999.0,1249999.0,1,True
FRA-notebook-acer-aspire-lite-14-ci3-n355-8g,Fravega,ACER,Notebooks,Notebook Acer Aspire Lite 14 CI3 N355 8GB SSD 256GB,https://www.fravega.com/p/notebook-acer-aspire-lite-14-ci3-n355-8gb-ssd-256gb-22626523/,1186161.25,948929.0,1,True
FRA-notebook-acer-15-6-intel-core-i7-16gb-1t,Fravega,ACER,Notebooks,"Notebook Acer 15,6” Intel Core i7 16GB 1TB SSD NVIDIA® GeForce® RTXTM 4050 Nitro V 15 Black Reacondicionada",https://www.fravega.com/p/notebook-acer-15-6-intel-core-i7-16gb-1tb-ssd-nvidia-geforce-rtxtm-4050-nitro-v-15-black-reacondicionada-470897/,2199999.0,1818180.99,1,True
FRA-samsung-galaxy-book-4-15-6-fhd-intel-cor,Fravega,SAMSUNG,Notebooks,"Samsung Galaxy Book 4 15,6” FHD Intel Core i5 16GB 512GB NP750XGJ-KS2AR",https://www.fravega.com/p/samsung-galaxy-book-4-15-6-fhd-intel-core-i5-16gb-512gb-np750xgj-ks2ar-364936/,2499999.0,2299999.0,1,True
FRA-notebook-lenovo-thinkbook-16-g8-intel-co,Fravega,LENOVO,Notebooks,Notebook Lenovo ThinkBook 16 G8 Intel Core Ultra 7,https://www.fravega.com/p/notebook-lenovo-thinkbook-16-g8-intel-core-ultra-7-22887498/,2685840.0,2014380.0,1,True
FRA-notebook-lenovo-ip-slim-3-ryzen-3-7320u-,Fravega,LENOVO,Notebooks,Notebook Lenovo Ip Slim 3 Ryzen 3-7320u Fhd 16gb 512gb W11h,https://www.fravega.com/p/notebook-lenovo-ip-slim-3-ryzen-3-7320u-fhd-16gb-512gb-w11h-22883863/,1902404.36,1463387.97,1,True
FRA-notebook-dell-dc15255-tactil-r7-7730u-32,Fravega,DELL,Notebooks,Notebook Dell DC15255 TACTIL R7-7730U 32 GB 1 TB TÁCTIL,https://www.fravega.com/p/notebook-dell-dc15255-tactil-r7-7730u-32-gb-1-tb-tactil-22844973/,2988071.4,2509979.97,1,True
FRA-notebook-lenovo-intel-i7-ssd256gb-8gb-fh,Fravega,LENOVO,Notebooks,Notebook Lenovo Intel I7 ssd256gb 8gb fhd 14 W11 teclado ingles,https://www.fravega.com/p/notebook-lenovo-intel-i7-ssd256gb-8gb-fhd-14-w11-teclado-ingles-22745121/,2290000.0,1990000.0,1,True
FRA-lenovo-legion-pro-5-gen-10-amd-ryzen-9-r,Fravega,LENOVO,Notebooks,"Lenovo Legion Pro 5 Gen 10 AMD Ryzen 9 RTX 5070 16""+ AI",https://www.fravega.com/p/lenovo-legion-pro-5-gen-10-amd-ryzen-9-rtx-5070-16-ai-22589295/,6899999.0,4399999.0,1,True
FRA-macbook-neo-13-apple-a18-cpu-6core-gpu-5,Fravega,APPLE,Notebooks,"MacBook Neo 13"" Apple A18 CPU 6Core GPU 5Core, 256GB SSD, 8GB Ram Silver MHFA4LL-A",https://www.fravega.com/p/macbook-neo-13-apple-a18-cpu-6core-gpu-5core-256gb-ssd-8gb-ram-silver-mhfa4ll-a-990290381/,1999999.0,1809953.85,1,True
FRA-combo-notebook-hp-15-fd0331la-impresora-,Fravega,HP,Notebooks,Combo Notebook Hp 15-fd0331la + Impresora Hp Laserjet M111w Monocromática,https://www.fravega.com/p/combo-notebook-hp-15-fd0331la-impresora-hp-laserjet-m111w-monocromatica-990286226/,2229999.0,1842974.38,1,True
FRA-notebook-hp-core-i3-n305-256gb-ssd-8gb-r,Fravega,HP,Notebooks,"Notebook Hp Core i3 N305 256gb SSD 8gb Ram 15,6 FHD Win 11 Silver",https://www.fravega.com/p/notebook-hp-core-i3-n305-256gb-ssd-8gb-ram-15-6-fhd-win-11-silver-990280102/,1552320.0,1136108.0,1,True
FRA-hp-pink-intel-n150-8gb-ram-256gb-ssd-not,Fravega,HP,Notebooks,HP Pink Intel N150 8GB Ram 256GB SSD Notebook ROSA Windows 11,https://www.fravega.com/p/hp-pink-intel-n150-8gb-ram-256gb-ssd-notebook-rosa-windows-11-990274678/,1882980.0,1332788.0,1,True
FRA-notebook-samsung-galaxy-book-4-i38gb-ram,Fravega,SAMSUNG,Notebooks,Notebook Samsung Galaxy Book 4 I38GB RAM 256GB SSD,https://www.fravega.com/p/notebook-samsung-galaxy-book-4-i38gb-ram-256gb-ssd-990264071/,1870634.0,1438949.0,1,True
FRA-notebook-asus-vivobook-go-15-6-fhd-core-,Fravega,ASUS,Notebooks,"Notebook Asus Vivobook Go 15.6"" FHD Core I3-N305 8GB 256GB UFS 2.1 Windows 11 E1504GA-BQ061W",https://www.fravega.com/p/notebook-asus-vivobook-go-15-6-fhd-core-i3-n305-8gb-256gb-ufs-2-1-windows-11-e1504ga-bq061w-990250701/,1952499.0,1079999.0,1,True
FRA-notebook-hp-15-6-amd-ryzen-3-8gb-512gb-1,Fravega,HP,Notebooks,"Notebook HP 15,6” AMD Ryzen 3 8GB 512GB 15-fc0235la",https://www.fravega.com/p/notebook-hp-15-6-amd-ryzen-3-8gb-512gb-15-fc0235la-364753/,1899999.0,1599999.0,1,True
FRA-notebook-hp-14-intel-core-5-8gb-512gb-om,Fravega,HP,Notebooks,"Notebook HP 14"" Intel Core 5 8GB 512GB OmniBook 3 14-HU0050LA",https://www.fravega.com/p/notebook-hp-14-intel-core-5-8gb-512gb-omnibook-3-14-hu0050la-364858/,1999999.0,1299999.0,1,True
FRA-macbook-apple-pro-13-3-m2-8gb-256-ssd-mn,Fravega,APPLE,Notebooks,"MacBook Apple Pro 13,3” M2 8GB 256 SSD MNEJ3LE/A Space Gray",https://www.fravega.com/p/macbook-apple-pro-13-3-m2-8gb-256-ssd-mnej3le-a-space-gray-364677/,4499999.0,4199999.0,1,True
FRA-notebook-hp-15-6-amd-ryzen-5-8gb-512gb-1,Fravega,HP,Notebooks,"Notebook HP 15,6"" AMD Ryzen 5 8GB 512GB 15-FC0251LA + Mochila",https://www.fravega.com/p/notebook-hp-15-6-amd-ryzen-5-8gb-512gb-15-fc0251la-mochila-364837/,1899999.0,1149999.0,1,True
FRA-notebook-acer-aspire-lite-amd-ryzen-7-32,Fravega,ACER,Notebooks,Notebook Acer Aspire Lite AMD Ryzen 7 32GB 512GB AL15-43P-R6ZA,https://www.fravega.com/p/notebook-acer-aspire-lite-amd-ryzen-7-32gb-512gb-al15-43p-r6za-364846/,2999999.0,2949999.0,1,True
FRA-notebook-acer-aspire-lite-intel-core-i5-,Fravega,ACER,Notebooks,Notebook Acer Aspire Lite Intel Core i5 8GB 512GB AL16-52P-579C,https://www.fravega.com/p/notebook-acer-aspire-lite-intel-core-i5-8gb-512gb-al16-52p-579c-364913/,2499999.0,1699999.0,1,True
FRA-samsung-galaxy-book-4-15-6-fhd-intel-cor,Fravega,SAMSUNG,Notebooks,"Samsung Galaxy Book 4 15,6” FHD Intel Core i7 16GB 1TB NP750XGJ-KS1AR",https://www.fravega.com/p/samsung-galaxy-book-4-15-6-fhd-intel-core-i7-16gb-1tb-np750xgj-ks1ar-364934/,2999999.0,2599999.0,1,True
FRA-notebook-gfast-15-6-amd-ryzen-5-8gb-240g,Fravega,OTRAS,Notebooks,"Notebook Gfast 15,6” AMD Ryzen 5 8GB  240GB SSD N-537R",https://www.fravega.com/p/notebook-gfast-15-6-amd-ryzen-5-8gb-240gb-ssd-n-537r-365003/,1499999.0,999999.0,1,True
FRA-notebook-hp-full-hd-15-6-amd-ryzen-3-8gb,Fravega,HP,Notebooks,"Notebook HP Full HD 15,6” AMD Ryzen 3 8GB 512GB 15-fc0237la + Mochila",https://www.fravega.com/p/notebook-hp-full-hd-15-6-amd-ryzen-3-8gb-512gb-15-fc0237la-mochila-364754/,1899999.0,1499999.0,1,True
FRA-notebook-celeron-14-1-4gb-128-gb-ssd-phi,Fravega,PHILCO,Notebooks,"Notebook Celeron 14.1"" 4GB 128 GB SSD Philco N14P4020",https://www.fravega.com/p/notebook-celeron-14-1-4gb-128-gb-ssd-philco-n14p4020-990289226/,581899.0,319999.01,1,True
FRA-notebook-gfast-15-6-amd-ryzen-7-8gb-240g,Fravega,OTRAS,Notebooks,"Notebook Gfast 15,6” AMD Ryzen 7 8GB  240GB SSD N-755R",https://www.fravega.com/p/notebook-gfast-15-6-amd-ryzen-7-8gb-240gb-ssd-n-755r-364959/,1349999.0,1249999.0,1,True
FRA-notebook-exo-xr2-n4020-celeron-4-gb-ram-,Fravega,LG,Notebooks,Notebook Exo Xr2 N4020 Celeron 4 Gb Ram 128 Gb Ssd 14 Pulgadas Gris,https://www.fravega.com/p/notebook-exo-xr2-n4020-celeron-4-gb-ram-128-gb-ssd-14-pulgadas-gris-990250539/,476374.0,381099.0,1,True
FRA-notebook-philco-14-amd-ryzen-3-3200u-4gb,Fravega,PHILCO,Notebooks,"Notebook Philco 14"" AMD Ryzen 3-3200U 4GB 128GB SSD Windows 11 Home N14PR3200",https://www.fravega.com/p/notebook-philco-14-amd-ryzen-3-3200u-4gb-128gb-ssd-windows-11-home-n14pr3200-990228710/,976799.0,545999.0,1,True
FRA-samsung-galaxy-book-4-15-6-fhd-intel-cor,Fravega,SAMSUNG,Notebooks,"Samsung Galaxy Book 4 15,6” FHD Intel Core i3 8GB 512GB NP750XGJ-KS3AR",https://www.fravega.com/p/samsung-galaxy-book-4-15-6-fhd-intel-core-i3-8gb-512gb-np750xgj-ks3ar-364935/,2499999.0,1799999.0,1,True
FRA-notebook-acer-nitro-lite-intel-core-i5-8,Fravega,ACER,Notebooks,Notebook Acer Nitro Lite Intel Core i5 8GB 512GB NL16-71G-580G,https://www.fravega.com/p/notebook-acer-nitro-lite-intel-core-i5-8gb-512gb-nl16-71g-580g-364912/,2999999.0,2799999.0,1,True
FRA-notebook-lenovo-ideapad-slim-3-intel-n10,Fravega,LENOVO,Notebooks,Notebook Lenovo Ideapad Slim 3 Intel N100 8gb 128gb Ssd W11h,https://www.fravega.com/p/notebook-lenovo-ideapad-slim-3-intel-n100-8gb-128gb-ssd-w11h-22941024/,957020.11,736169.31,1,True
FRA-notebook-hp-intel-n150-8gb-ram-128gb-ssd,Fravega,HP,Notebooks,Notebook HP Intel N150 8GB RAM 128GB SSD Windows 11,https://www.fravega.com/p/notebook-hp-intel-n150-8gb-ram-128gb-ssd-windows-11-22888789/,1073655.0,697876.0,1,True
FRA-notebook-hp-14-i5-1335u-16gb-ssd512gb-84,Fravega,HP,Notebooks,Notebook HP 14 i5-1335U 16GB SSD512GB 840 Win11Pro,https://www.fravega.com/p/notebook-hp-14-i5-1335u-16gb-ssd512gb-840-win11pro-22870198/,4205713.0,2943999.0,1,True
FRA-notebook-asus-vivobook-x1404va-i5-1334u-,Fravega,ASUS,Notebooks,Notebook Asus Vivobook X1404VA i5-1334U 24 GB 1 TB,https://www.fravega.com/p/notebook-asus-vivobook-x1404va-i5-1334u-24-gb-1-tb-22844986/,2769879.82,2326699.05,1,True
FRA-notebook-asus-vivobook-x1404v-5-120u-16-,Fravega,ASUS,Notebooks,Notebook Asus Vivobook X1404V 5 120U 16 GB 1 TB,https://www.fravega.com/p/notebook-asus-vivobook-x1404v-5-120u-16-gb-1-tb-22838294/,2395868.65,2012529.67,1,True
FRA-hp-omnibook-3-16-next-gen-ai-pc-2k-ips-d,Fravega,HP,Notebooks,"HP OmniBook 3 16"" - Next Gen AI PC 2K IPS Display - 16GB - 512GB SSD Win Snapgragon X - Mica Silver - BZ0010WM",https://www.fravega.com/p/hp-omnibook-3-16-next-gen-ai-pc-2k-ips-display-16gb-512gb-ssd-win-snapgragon-x-mica-silver-bz0010wm-22827862/,1730000.0,1525500.0,1,True
FRA-notebook-hp-omnibook-ai-r7-350-16-gb-2-t,Fravega,HP,Notebooks,Notebook Hp Omnibook AI R7-350 16 GB 2 TB,https://www.fravega.com/p/notebook-hp-omnibook-ai-r7-350-16-gb-2-tb-22802812/,3616088.36,3037514.22,1,True
FRA-notebook-asus-vivobook-14-i5-120u-24gb-1,Fravega,ASUS,Notebooks,Notebook Asus Vivobook 14 i5-120U 24GB 1TB,https://www.fravega.com/p/notebook-asus-vivobook-14-i5-120u-24gb-1tb-22802548/,2103111.33,1766613.52,1,True
FRA-notebook-hp-omnibook-ai-r7-350-16-gb-512,Fravega,HP,Notebooks,Notebook Hp Omnibook AI R7-350 16 GB 512 GB,https://www.fravega.com/p/notebook-hp-omnibook-ai-r7-350-16-gb-512-gb-22802538/,2268010.72,1905129.0,1,True
FRA-notebook-asus-vivobook-x1404va-i3-1315u-,Fravega,ASUS,Notebooks,Notebook Asus Vivobook X1404VA i3-1315U 16 GB 512 GB,https://www.fravega.com/p/notebook-asus-vivobook-x1404va-i3-1315u-16-gb-512-gb-22647107/,1492577.79,1253765.35,1,True
FRA-ps5-playstation-5-con-astro-bot-y-gran-t,Fravega,OTRAS,Gaming y Videojuegos,PS5 PlayStation 5 con Astro Bot y Gran Turismo 7 Standar Bundle 2,https://www.fravega.com/p/ps5-playstation-5-con-astro-bot-y-gran-turismo-7-standar-bundle-2-342666/,1999999.0,1652891.74,1,True
FRA-auriculares-gamer-con-cable-marvo-hg8901,Fravega,OTRAS,Gaming y Videojuegos,Auriculares Gamer con Cable Marvo HG8901,https://www.fravega.com/p/auriculares-gamer-con-cable-marvo-hg8901-342429/,39999.0,24999.0,1,True
FRA-ps5-playstation-5-con-astro-bot-y-gran-t,Fravega,OTRAS,Gaming y Videojuegos,PS5 PlayStation 5 con Astro Bot y Gran Turismo 7 Digital Bundle 2,https://www.fravega.com/p/ps5-playstation-5-con-astro-bot-y-gran-turismo-7-digital-bundle-2--342667/,1899999.0,1570247.11,1,True
FRA-joystick-inalambrico-gamer-compatible-p4,Fravega,OTRAS,Gaming y Videojuegos,Joystick Inalámbrico Gamer Compatible P4 Y Control Pc Gamer Inalambrico Usb Dehuka,https://www.fravega.com/p/joystick-inalambrico-gamer-compatible-p4-y-control-pc-gamer-inalambrico-usb-dehuka-22481187/,47205.32,42484.78,1,True
FRA-consola-nintendo-switch-2-342626,Fravega,OTRAS,Gaming y Videojuegos,Consola Nintendo Switch 2,https://www.fravega.com/p/consola-nintendo-switch-2-342626/,1699999.0,1599999.0,1,True
FRA-joystick-microsoft-xbox-wireless-white-3,Fravega,OTRAS,Gaming y Videojuegos,Joystick Microsoft Xbox Wireless White,https://www.fravega.com/p/joystick-microsoft-xbox-wireless-white-342654/,189999.0,179999.0,1,True
FRA-sega-hdmi-688-juegos-2-joysticks-inalamb,Fravega,OTRAS,Gaming y Videojuegos,Sega Hdmi 688 Juegos 2 Joysticks Inalambricos,https://www.fravega.com/p/sega-hdmi-688-juegos-2-joysticks-inalambricos-21313129/,64999.0,39999.0,1,True
FRA-nintendo-switch-oled-super-mario-bros-wo,Fravega,OTRAS,Gaming y Videojuegos,Nintendo Switch OLED + Super Mario Bros. Wonder + 3mo NSO,https://www.fravega.com/p/nintendo-switch-oled-super-mario-bros-wonder-3mo-nso-342672/,999999.0,799999.0,1,True
FRA-all-one-acer-23-8-full-hd-intel-core-i3-,Fravega,ACER,Gaming y Videojuegos,"All in One Acer 23,8” Full HD Intel Core i3 8GB 512GB C24-2YE13U3UNL",https://www.fravega.com/p/all-one-acer-23-8-full-hd-intel-core-i3-8gb-512gb-c24-2ye13u3unl-364821/,1499999.0,1399999.0,1,True
FRA-joystick-gamer-vsg-tarvos-multiplataform,Fravega,OTRAS,Gaming y Videojuegos,Joystick Gamer VSG Tarvos Multiplataforma,https://www.fravega.com/p/joystick-gamer-vsg-tarvos-multiplataforma-342539/,69999.0,59999.0,1,True
FRA-all-one-acer-23-8-full-hd-amd-ryzen-5-8g,Fravega,ACER,Gaming y Videojuegos,"All in One Acer 23,8” Full HD AMD Ryzen 5 8GB 512GB C24-2G",https://www.fravega.com/p/all-one-acer-23-8-full-hd-amd-ryzen-5-8gb-512gb-c24-2g-364834/,1699999.0,1599999.0,1,True
FRA-auriculares-gamer-vsg-pentagon-azul-3425,Fravega,OTRAS,Gaming y Videojuegos,Auriculares Gamer VSG Pentagon Azul,https://www.fravega.com/p/auriculares-gamer-vsg-pentagon-azul-342533/,49999.0,37999.0,1,True
FRA-joystick-blanco-compatible-con-control-p,Fravega,OTRAS,Gaming y Videojuegos,Joystick Blanco Compatible con Control PC P3 Inalambrico Dehuka,https://www.fravega.com/p/joystick-blanco-compatible-con-control-pc-p3-inalambrico-dehuka-22084744/,48658.42,37137.79,1,True
FRA-consola-de-juegos-retro-portatil-sup-gam,Fravega,OTRAS,Gaming y Videojuegos,Consola de Juegos retro portátil sup game 400 en 1,https://www.fravega.com/p/consola-de-juegos-retro-portatil-sup-game-400-1--21195321/,45999.0,29999.0,1,True
FRA-joystick-ps5-dualsense-first-light-le-am,Fravega,OTRAS,Gaming y Videojuegos,Joystick PS5 Dualsense  FIRST LIGHT LE AMER,https://www.fravega.com/p/joystick-ps5-dualsense-first-light-le-amer-342691/,197999.0,163635.54,1,True
FRA-nintendo-switch-2-pro-controller-342670,Fravega,OTRAS,Gaming y Videojuegos,Nintendo Switch 2 Pro Controller,https://www.fravega.com/p/nintendo-switch-2-pro-controller-342670/,289999.0,249999.0,1,True
FRA-ps5-charging-station-cfi-zds1-342659,Fravega,OTRAS,Gaming y Videojuegos,PS5 Charging Station CFI-ZDS1,https://www.fravega.com/p/ps5-charging-station-cfi-zds1-342659/,84999.0,70247.11,1,True
FRA-auriculares-jbl-quantum-100m2-negro-3425,Fravega,OTRAS,Gaming y Videojuegos,Auriculares JBL Quantum 100M2 Negro,https://www.fravega.com/p/auriculares-jbl-quantum-100m2-negro-342520/,89999.0,79999.0,1,True
FRA-auriculares-sony-ps5-pulse-elite-342658,Fravega,SONY,Gaming y Videojuegos,Auriculares Sony PS5 Pulse Elite,https://www.fravega.com/p/auriculares-sony-ps5-pulse-elite-342658/,434999.0,359503.31,1,True
FRA-consola-game-tv-stick-35-000-juegos-conv,Fravega,OTRAS,Gaming y Videojuegos,Consola Game Tv Stick +35.000 juegos +Converti en Smart  LA TV +2 Joystick  Android Tv Full 5G 8K 1año garantia,https://www.fravega.com/p/consola-game-tv-stick-35-000-juegos-converti-smart-la-tv-2-joystick-android-tv-full-5g-8k-1ano-garantia-22059842/,199999.0,139999.0,1,True
FRA-pc-gamer-ryzen-7-5700g-32gb-ram-480gb-ss,Fravega,OTRAS,Gaming y Videojuegos,PC GAMER RYZEN 7 5700G + 32GB RAM + 480GB SSD – GRAPHICS VEGA + PLACA WIFI,https://www.fravega.com/p/pc-gamer-ryzen-7-5700g-32gb-ram-480gb-ssd--graphics-vega-placa-wifi-21195293/,1632706.0,1387800.0,1,True
FRA-joystick-ps5-dualsense-white-amer-342665,Fravega,OTRAS,Gaming y Videojuegos,Joystick PS5 Dualsense  WHITE AMER,https://www.fravega.com/p/joystick-ps5-dualsense-white-amer-342665/,179999.0,149999.0,1,True
FRA-joystick-ps5-dualsense-m-black-amer-usb-,Fravega,OTRAS,Gaming y Videojuegos,Joystick PS5 Dualsense  M BLACK AMER + USB C,https://www.fravega.com/p/joystick-ps5-dualsense-m-black-amer-usb-c-342655/,179999.0,148759.5,1,True
FRA-control-inalambrico-ps5-dualsense-chroma,Fravega,OTRAS,Gaming y Videojuegos,Control Inalámbrico PS5 Dualsense Chroma Pearl,https://www.fravega.com/p/control-inalambrico-ps5-dualsense-chroma-pearl-342686/,299999.0,159999.0,1,True
FRA-joystick-ps5-sony-dualsense-midnight-bla,Fravega,SONY,Gaming y Videojuegos,Joystick Ps5 Sony DualSense Midnight Black,https://www.fravega.com/p/joystick-ps5-sony-dualsense-midnight-black-342688/,174999.0,149999.0,1,True
FRA-joystick-ps5-dualsense-cosmic-red-amer-3,Fravega,OTRAS,Gaming y Videojuegos,Joystick PS5 Dualsense COSMIC RED AMER,https://www.fravega.com/p/joystick-ps5-dualsense-cosmic-red-amer-342692/,179999.0,149999.0,1,True
FRA-joystick-para-ps4-negro-inalambrico-negr,Fravega,OTRAS,Gaming y Videojuegos,Joystick Para Ps4 Negro Inalambrico Negro,https://www.fravega.com/p/joystick-para-ps4-negro-inalambrico-negro-22714834/,54999.0,34999.0,1,True
FRA-joystick-microsoft-xbox-wireless-black-3,Fravega,OTRAS,Gaming y Videojuegos,Joystick Microsoft Xbox Wireless Black,https://www.fravega.com/p/joystick-microsoft-xbox-wireless-black-342653/,189999.0,179999.0,1,True
FRA-joystick-ps5-dualsense-techno-red-amer-3,Fravega,OTRAS,Gaming y Videojuegos,Joystick PS5 Dualsense TECHNO RED AMER,https://www.fravega.com/p/joystick-ps5-dualsense-techno-red-amer-342664/,199999.0,169999.0,1,True
FRA-joystick-ps5-dualsense-remix-green-amer-,Fravega,OTRAS,Gaming y Videojuegos,Joystick PS5 Dualsense  REMIX GREEN AMER,https://www.fravega.com/p/joystick-ps5-dualsense-remix-green-amer-342663/,199999.0,169999.0,1,True
FRA-joystick-ps5-dualsense-chroma-teal-34268,Fravega,OTRAS,Gaming y Videojuegos,Joystick PS5 Dualsense CHROMA TEAL,https://www.fravega.com/p/joystick-ps5-dualsense-chroma-teal-342684/,185999.0,159999.0,1,True
FRA-ps5-playstation-5-con-astro-bot-y-gran-t,Fravega,OTRAS,Gaming y Videojuegos,PS5 PlayStation 5 con Astro Bot y Gran Turismo 7 Standar Bundle 2,https://www.fravega.com/p/ps5-playstation-5-con-astro-bot-y-gran-turismo-7-standar-bundle-2-342666/,1999999.0,1652891.74,1,True
FRA-auriculares-gamer-con-cable-marvo-hg8901,Fravega,OTRAS,Gaming y Videojuegos,Auriculares Gamer con Cable Marvo HG8901,https://www.fravega.com/p/auriculares-gamer-con-cable-marvo-hg8901-342429/,39999.0,24999.0,1,True
FRA-ps5-playstation-5-con-astro-bot-y-gran-t,Fravega,OTRAS,Gaming y Videojuegos,PS5 PlayStation 5 con Astro Bot y Gran Turismo 7 Digital Bundle 2,https://www.fravega.com/p/ps5-playstation-5-con-astro-bot-y-gran-turismo-7-digital-bundle-2--342667/,1899999.0,1570247.11,1,True
FRA-joystick-inalambrico-gamer-compatible-p4,Fravega,OTRAS,Gaming y Videojuegos,Joystick Inalámbrico Gamer Compatible P4 Y Control Pc Gamer Inalambrico Usb Dehuka,https://www.fravega.com/p/joystick-inalambrico-gamer-compatible-p4-y-control-pc-gamer-inalambrico-usb-dehuka-22481187/,47205.32,42484.78,1,True
FRA-consola-nintendo-switch-2-342626,Fravega,OTRAS,Gaming y Videojuegos,Consola Nintendo Switch 2,https://www.fravega.com/p/consola-nintendo-switch-2-342626/,1699999.0,1599999.0,1,True
FRA-joystick-microsoft-xbox-wireless-white-3,Fravega,OTRAS,Gaming y Videojuegos,Joystick Microsoft Xbox Wireless White,https://www.fravega.com/p/joystick-microsoft-xbox-wireless-white-342654/,189999.0,179999.0,1,True
FRA-sega-hdmi-688-juegos-2-joysticks-inalamb,Fravega,OTRAS,Gaming y Videojuegos,Sega Hdmi 688 Juegos 2 Joysticks Inalambricos,https://www.fravega.com/p/sega-hdmi-688-juegos-2-joysticks-inalambricos-21313129/,64999.0,39999.0,1,True
FRA-nintendo-switch-oled-super-mario-bros-wo,Fravega,OTRAS,Gaming y Videojuegos,Nintendo Switch OLED + Super Mario Bros. Wonder + 3mo NSO,https://www.fravega.com/p/nintendo-switch-oled-super-mario-bros-wonder-3mo-nso-342672/,999999.0,799999.0,1,True
FRA-all-one-acer-23-8-full-hd-intel-core-i3-,Fravega,ACER,Gaming y Videojuegos,"All in One Acer 23,8” Full HD Intel Core i3 8GB 512GB C24-2YE13U3UNL",https://www.fravega.com/p/all-one-acer-23-8-full-hd-intel-core-i3-8gb-512gb-c24-2ye13u3unl-364821/,1499999.0,1399999.0,1,True
FRA-joystick-gamer-vsg-tarvos-multiplataform,Fravega,OTRAS,Gaming y Videojuegos,Joystick Gamer VSG Tarvos Multiplataforma,https://www.fravega.com/p/joystick-gamer-vsg-tarvos-multiplataforma-342539/,69999.0,59999.0,1,True
FRA-all-one-acer-23-8-full-hd-amd-ryzen-5-8g,Fravega,ACER,Gaming y Videojuegos,"All in One Acer 23,8” Full HD AMD Ryzen 5 8GB 512GB C24-2G",https://www.fravega.com/p/all-one-acer-23-8-full-hd-amd-ryzen-5-8gb-512gb-c24-2g-364834/,1699999.0,1599999.0,1,True
FRA-auriculares-gamer-vsg-pentagon-azul-3425,Fravega,OTRAS,Gaming y Videojuegos,Auriculares Gamer VSG Pentagon Azul,https://www.fravega.com/p/auriculares-gamer-vsg-pentagon-azul-342533/,49999.0,37999.0,1,True
FRA-joystick-blanco-compatible-con-control-p,Fravega,OTRAS,Gaming y Videojuegos,Joystick Blanco Compatible con Control PC P3 Inalambrico Dehuka,https://www.fravega.com/p/joystick-blanco-compatible-con-control-pc-p3-inalambrico-dehuka-22084744/,48658.42,37137.79,1,True
FRA-consola-de-juegos-retro-portatil-sup-gam,Fravega,OTRAS,Gaming y Videojuegos,Consola de Juegos retro portátil sup game 400 en 1,https://www.fravega.com/p/consola-de-juegos-retro-portatil-sup-game-400-1--21195321/,45999.0,29999.0,1,True
FRA-joystick-ps5-dualsense-first-light-le-am,Fravega,OTRAS,Gaming y Videojuegos,Joystick PS5 Dualsense  FIRST LIGHT LE AMER,https://www.fravega.com/p/joystick-ps5-dualsense-first-light-le-amer-342691/,197999.0,163635.54,1,True
FRA-nintendo-switch-2-pro-controller-342670,Fravega,OTRAS,Gaming y Videojuegos,Nintendo Switch 2 Pro Controller,https://www.fravega.com/p/nintendo-switch-2-pro-controller-342670/,289999.0,249999.0,1,True
FRA-ps5-charging-station-cfi-zds1-342659,Fravega,OTRAS,Gaming y Videojuegos,PS5 Charging Station CFI-ZDS1,https://www.fravega.com/p/ps5-charging-station-cfi-zds1-342659/,84999.0,70247.11,1,True
FRA-auriculares-jbl-quantum-100m2-negro-3425,Fravega,OTRAS,Gaming y Videojuegos,Auriculares JBL Quantum 100M2 Negro,https://www.fravega.com/p/auriculares-jbl-quantum-100m2-negro-342520/,89999.0,79999.0,1,True
FRA-auriculares-sony-ps5-pulse-elite-342658,Fravega,SONY,Gaming y Videojuegos,Auriculares Sony PS5 Pulse Elite,https://www.fravega.com/p/auriculares-sony-ps5-pulse-elite-342658/,434999.0,359503.31,1,True
FRA-consola-game-tv-stick-35-000-juegos-conv,Fravega,OTRAS,Gaming y Videojuegos,Consola Game Tv Stick +35.000 juegos +Converti en Smart  LA TV +2 Joystick  Android Tv Full 5G 8K 1año garantia,https://www.fravega.com/p/consola-game-tv-stick-35-000-juegos-converti-smart-la-tv-2-joystick-android-tv-full-5g-8k-1ano-garantia-22059842/,199999.0,139999.0,1,True
FRA-pc-gamer-ryzen-7-5700g-32gb-ram-480gb-ss,Fravega,OTRAS,Gaming y Videojuegos,PC GAMER RYZEN 7 5700G + 32GB RAM + 480GB SSD – GRAPHICS VEGA + PLACA WIFI,https://www.fravega.com/p/pc-gamer-ryzen-7-5700g-32gb-ram-480gb-ssd--graphics-vega-placa-wifi-21195293/,1632706.0,1387800.0,1,True
FRA-preventa-videojuego-marvel-s-wolverine-p,Fravega,OTRAS,Gaming y Videojuegos,Preventa Videojuego Marvel's Wolverine para Playstation 5,https://www.fravega.com/p/preventa-videojuego-marvel-s-wolverine-para-playstation-5-342638/,174999.0,144627.27,1,True
FRA-consola-retro-game-stick-m15-plus-pro-2-,Fravega,OTRAS,Gaming y Videojuegos,Consola Retro Game Stick M15 Plus Pro + 2 Joysticks + 20mil Juegos FULL Emulador 3D,https://www.fravega.com/p/consola-retro-game-stick-m15-plus-pro-2-joysticks-20mil-juegos-full-emulador-3d--21456157/,1219999.0,79999.0,1,True
FRA-consola-retro-game-stick-x2-plus-64gb-4k,Fravega,OTRAS,Gaming y Videojuegos,Consola Retro Game Stick x2 Plus 64GB 4K HDMI 35.000 Juegos,https://www.fravega.com/p/consola-retro-game-stick-x2-plus-64gb-4k-hdmi-35-000-juegos-21457950/,107688.15,77999.0,1,True
FRA-control-joystick-inalambrico-compatible-,Fravega,OTRAS,Gaming y Videojuegos,Control Joystick Inalambrico Compatible Con ps4 Verde Alpino,https://www.fravega.com/p/control-joystick-inalambrico-compatible-con-ps4-verde-alpino-21923174/,39999.0,26999.0,1,True
FRA-joystick-ps5-dualsense-edge-wire-cfi-zcp,Fravega,OTRAS,Gaming y Videojuegos,Joystick PS5 Dualsense  EDGE WIRE CFI-ZCP1WY,https://www.fravega.com/p/joystick-ps5-dualsense-edge-wire-cfi-zcp1wy-342656/,559999.0,514999.0,1,True
FRA-xbox-series-x-standar-1-tb-22924959,Fravega,OTRAS,Gaming y Videojuegos,XBOX SERIES X STANDAR 1 TB,https://www.fravega.com/p/xbox-series-x-standar-1-tb-22924959/,2229999.0,2099000.0,1,True
FRA-joystick-ps5-inalambrico-sony-playstatio,Fravega,SONY,Gaming y Videojuegos,Joystick PS5 Inalámbrico Sony PlayStation 5 DualSense Blanco,https://www.fravega.com/p/joystick-ps5-inalambrico-sony-playstation-5-dualsense-blanco-990005985/,189999.0,179999.0,1,True
FRA-consola-family-pocket-mini-usb-rca-joyst,Fravega,OTRAS,Gaming y Videojuegos,Consola Family Pocket Mini Usb Rca Joysticks Inalambricos,https://www.fravega.com/p/consola-family-pocket-mini-usb-rca-joysticks-inalambricos-21313063/,49999.0,26999.0,1,True
FRA-control-joystick-inalambrico-compatible-,Fravega,OTRAS,Gaming y Videojuegos,Control Joystick Inalambrico Compatible Con ps4 Blanco,https://www.fravega.com/p/control-joystick-inalambrico-compatible-con-ps4-blanco-21923141/,39999.0,26999.0,1,True
FRA-tv-box-stick-8k-smart-tv-con-2-joystick-,Fravega,OTRAS,Gaming y Videojuegos,TV Box Stick 8K Smart tv con 2 Joystick + MIles de Juegos,https://www.fravega.com/p/tv-box-stick-8k-smart-tv-con-2-joystick-miles-de-juegos-21923185/,119999.0,76999.0,1,True
FRA-joystick-ps5-dualsense-starlight-blue-am,Fravega,OTRAS,Gaming y Videojuegos,Joystick PS5 Dualsense STARLIGHT BLUE AMER,https://www.fravega.com/p/joystick-ps5-dualsense-starlight-blue-amer-342696/,174999.0,144627.27,1,True
FRA-juego-ea-fifa-25-ps5-342569,Fravega,OTRAS,Gaming y Videojuegos,Juego EA FIFA 25 PS5,https://www.fravega.com/p/juego-ea-fifa-25-ps5-342569/,99999.0,82644.0,1,True
FRA-sega-hdmi-688-juegos-2-joysticks-inalamb,Fravega,OTRAS,Gaming y Videojuegos,Sega Hdmi 688 Juegos 2 Joysticks Inalambricos,https://www.fravega.com/p/sega-hdmi-688-juegos-2-joysticks-inalambricos-21915789/,69999.0,46499.0,1,True
FRA-ps5-playstation-5-con-astro-bot-y-gran-t,Fravega,OTRAS,Gaming y Videojuegos,PS5 PlayStation 5 con Astro Bot y Gran Turismo 7 Standar Bundle 2,https://www.fravega.com/p/ps5-playstation-5-con-astro-bot-y-gran-turismo-7-standar-bundle-2-342666/,1999999.0,1652891.74,1,True
FRA-auriculares-gamer-con-cable-marvo-hg8901,Fravega,OTRAS,Gaming y Videojuegos,Auriculares Gamer con Cable Marvo HG8901,https://www.fravega.com/p/auriculares-gamer-con-cable-marvo-hg8901-342429/,39999.0,24999.0,1,True
FRA-ps5-playstation-5-con-astro-bot-y-gran-t,Fravega,OTRAS,Gaming y Videojuegos,PS5 PlayStation 5 con Astro Bot y Gran Turismo 7 Digital Bundle 2,https://www.fravega.com/p/ps5-playstation-5-con-astro-bot-y-gran-turismo-7-digital-bundle-2--342667/,1899999.0,1570247.11,1,True
FRA-joystick-inalambrico-gamer-compatible-p4,Fravega,OTRAS,Gaming y Videojuegos,Joystick Inalámbrico Gamer Compatible P4 Y Control Pc Gamer Inalambrico Usb Dehuka,https://www.fravega.com/p/joystick-inalambrico-gamer-compatible-p4-y-control-pc-gamer-inalambrico-usb-dehuka-22481187/,47205.32,42484.78,1,True
FRA-consola-nintendo-switch-2-342626,Fravega,OTRAS,Gaming y Videojuegos,Consola Nintendo Switch 2,https://www.fravega.com/p/consola-nintendo-switch-2-342626/,1699999.0,1599999.0,1,True
FRA-joystick-microsoft-xbox-wireless-white-3,Fravega,OTRAS,Gaming y Videojuegos,Joystick Microsoft Xbox Wireless White,https://www.fravega.com/p/joystick-microsoft-xbox-wireless-white-342654/,189999.0,179999.0,1,True
FRA-sega-hdmi-688-juegos-2-joysticks-inalamb,Fravega,OTRAS,Gaming y Videojuegos,Sega Hdmi 688 Juegos 2 Joysticks Inalambricos,https://www.fravega.com/p/sega-hdmi-688-juegos-2-joysticks-inalambricos-21313129/,64999.0,39999.0,1,True
FRA-nintendo-switch-oled-super-mario-bros-wo,Fravega,OTRAS,Gaming y Videojuegos,Nintendo Switch OLED + Super Mario Bros. Wonder + 3mo NSO,https://www.fravega.com/p/nintendo-switch-oled-super-mario-bros-wonder-3mo-nso-342672/,999999.0,799999.0,1,True
FRA-all-one-acer-23-8-full-hd-intel-core-i3-,Fravega,ACER,Gaming y Videojuegos,"All in One Acer 23,8” Full HD Intel Core i3 8GB 512GB C24-2YE13U3UNL",https://www.fravega.com/p/all-one-acer-23-8-full-hd-intel-core-i3-8gb-512gb-c24-2ye13u3unl-364821/,1499999.0,1399999.0,1,True
FRA-joystick-gamer-vsg-tarvos-multiplataform,Fravega,OTRAS,Gaming y Videojuegos,Joystick Gamer VSG Tarvos Multiplataforma,https://www.fravega.com/p/joystick-gamer-vsg-tarvos-multiplataforma-342539/,69999.0,59999.0,1,True
FRA-all-one-acer-23-8-full-hd-amd-ryzen-5-8g,Fravega,ACER,Gaming y Videojuegos,"All in One Acer 23,8” Full HD AMD Ryzen 5 8GB 512GB C24-2G",https://www.fravega.com/p/all-one-acer-23-8-full-hd-amd-ryzen-5-8gb-512gb-c24-2g-364834/,1699999.0,1599999.0,1,True
FRA-auriculares-gamer-vsg-pentagon-azul-3425,Fravega,OTRAS,Gaming y Videojuegos,Auriculares Gamer VSG Pentagon Azul,https://www.fravega.com/p/auriculares-gamer-vsg-pentagon-azul-342533/,49999.0,37999.0,1,True
FRA-joystick-blanco-compatible-con-control-p,Fravega,OTRAS,Gaming y Videojuegos,Joystick Blanco Compatible con Control PC P3 Inalambrico Dehuka,https://www.fravega.com/p/joystick-blanco-compatible-con-control-pc-p3-inalambrico-dehuka-22084744/,48658.42,37137.79,1,True
FRA-consola-de-juegos-retro-portatil-sup-gam,Fravega,OTRAS,Gaming y Videojuegos,Consola de Juegos retro portátil sup game 400 en 1,https://www.fravega.com/p/consola-de-juegos-retro-portatil-sup-game-400-1--21195321/,45999.0,29999.0,1,True
FRA-joystick-ps5-dualsense-first-light-le-am,Fravega,OTRAS,Gaming y Videojuegos,Joystick PS5 Dualsense  FIRST LIGHT LE AMER,https://www.fravega.com/p/joystick-ps5-dualsense-first-light-le-amer-342691/,197999.0,163635.54,1,True
FRA-nintendo-switch-2-pro-controller-342670,Fravega,OTRAS,Gaming y Videojuegos,Nintendo Switch 2 Pro Controller,https://www.fravega.com/p/nintendo-switch-2-pro-controller-342670/,289999.0,249999.0,1,True
FRA-ps5-charging-station-cfi-zds1-342659,Fravega,OTRAS,Gaming y Videojuegos,PS5 Charging Station CFI-ZDS1,https://www.fravega.com/p/ps5-charging-station-cfi-zds1-342659/,84999.0,70247.11,1,True
FRA-auriculares-jbl-quantum-100m2-negro-3425,Fravega,OTRAS,Gaming y Videojuegos,Auriculares JBL Quantum 100M2 Negro,https://www.fravega.com/p/auriculares-jbl-quantum-100m2-negro-342520/,89999.0,79999.0,1,True
FRA-auriculares-sony-ps5-pulse-elite-342658,Fravega,SONY,Gaming y Videojuegos,Auriculares Sony PS5 Pulse Elite,https://www.fravega.com/p/auriculares-sony-ps5-pulse-elite-342658/,434999.0,359503.31,1,True
FRA-consola-game-tv-stick-35-000-juegos-conv,Fravega,OTRAS,Gaming y Videojuegos,Consola Game Tv Stick +35.000 juegos +Converti en Smart  LA TV +2 Joystick  Android Tv Full 5G 8K 1año garantia,https://www.fravega.com/p/consola-game-tv-stick-35-000-juegos-converti-smart-la-tv-2-joystick-android-tv-full-5g-8k-1ano-garantia-22059842/,199999.0,139999.0,1,True
FRA-pc-gamer-ryzen-7-5700g-32gb-ram-480gb-ss,Fravega,OTRAS,Gaming y Videojuegos,PC GAMER RYZEN 7 5700G + 32GB RAM + 480GB SSD – GRAPHICS VEGA + PLACA WIFI,https://www.fravega.com/p/pc-gamer-ryzen-7-5700g-32gb-ram-480gb-ssd--graphics-vega-placa-wifi-21195293/,1632706.0,1387800.0,1,True
FRA-consola-retro-game-stick-x2-original-gd1,Fravega,OTRAS,Gaming y Videojuegos,Consola Retro Game Stick X2 Original GD10 64gb 4k Hdmi 33.000 Juegos,https://www.fravega.com/p/consola-retro-game-stick-x2-original-gd10-64gb-4k-hdmi-33-000-juegos-21916424/,106648.65,89499.0,1,True
FRA-control-joystick-inalambrico-compatible-,Fravega,OTRAS,Gaming y Videojuegos,Control Joystick Inalambrico Compatible Con ps4 ROJO,https://www.fravega.com/p/control-joystick-inalambrico-compatible-con-ps4-rojo-21923152/,39999.0,26999.0,1,True
FRA-consola-retro-8-bits-con-joysticks-inala,Fravega,OTRAS,Gaming y Videojuegos,Consola Retro 8 bits con Joysticks inalámbricos 620 juegos U-BOX Conexión Av.,https://www.fravega.com/p/consola-retro-8-bits-con-joysticks-inalambricos-620-juegos-u-box-conexion-av--22068144/,37798.65,25199.1,1,True
FRA-control-joystick-inalambrico-compatible-,Fravega,OTRAS,Gaming y Videojuegos,Control Joystick Inalambrico Compatible Con ps4 NEGRO,https://www.fravega.com/p/control-joystick-inalambrico-compatible-con-ps4-negro-21923140/,39999.0,26999.0,1,True
FRA-consola-inalambrica-game-stick-lite-8k-2,Fravega,OTRAS,Gaming y Videojuegos,Consola Inalámbrica Game Stick Lite 8K 2 Joysticks,https://www.fravega.com/p/consola-inalambrica-game-stick-lite-8k-2-joysticks-21954632/,89999.0,55999.0,1,True
FRA-game-stick-k8-la-mejor-consola-retro-40-,Fravega,OTRAS,Gaming y Videojuegos,Game Stick K8  La mejor Consola RETRO 40.000 juegos K8 La mas completa FULL Dos joystick Inalámbricos,https://www.fravega.com/p/game-stick-k8-la-mejor-consola-retro-40-000-juegos-k8-la-mas-completa-full-dos-joystick-inalambricos--22470655/,179999.0,108999.0,1,True
FRA-ps5-playstation-5-pro-cfi-7020-2tb-digit,Fravega,OTRAS,Gaming y Videojuegos,PS5 PlayStation 5 Pro CFI-7020 2TB Digital Color Blanco 2024,https://www.fravega.com/p/ps5-playstation-5-pro-cfi-7020-2tb-digital-color-blanco-2024-22913220/,2559999.0,2459999.0,1,True
FRA-consola-multi-emuladora-retro-play2-jueg,Fravega,OTRAS,Gaming y Videojuegos,Consola Multi Emuladora Retro Play2 Juegos Convertidor Smart LevelUp Retroplay,https://www.fravega.com/p/consola-multi-emuladora-retro-play2-juegos-convertidor-smart-levelup-retroplay-50006657/,164999.0,127399.0,1,True
FRA-base-de-carga-dobe-cargadora-dual-p-joys,Fravega,OTRAS,Gaming y Videojuegos,Base De Carga Dobe / Cargadora Dual P/ Joystick Ps4 Slim Pro,https://www.fravega.com/p/base-de-carga-dobe-cargadora-dual-p-joystick-ps4-slim-pro-20049848/,44809.0,31022.0,1,True
FRA-consola-game-stick-4k-pro-m15-20-000-jue,Fravega,OTRAS,Gaming y Videojuegos,Consola Game Stick 4K Pro M15 20.000 Juegos (64GB),https://www.fravega.com/p/consola-game-stick-4k-pro-m15-20-000-juegos-64gb--21521207/,83823.64,68999.0,1,True
FRA-ps5-portatil--342101,Fravega,OTRAS,Gaming y Videojuegos,Ps5 Portátil,https://www.fravega.com/p/ps5-portatil--342101/,799999.0,661156.2,1,True
FRA-base-cargadora-dobe-soporte-rgb-para-joy,Fravega,OTRAS,Gaming y Videojuegos,Base Cargadora Dobe Soporte Rgb Para Joystick Ps5 Tp5-35132,https://www.fravega.com/p/base-cargadora-dobe-soporte-rgb-para-joystick-ps5-tp5-35132-22496890/,24826.0,15942.0,1,True
FRA-joystick-ps5-dualsense-fortnite-le-34269,Fravega,OTRAS,Gaming y Videojuegos,Joystick PS5 Dualsense  FORTNITE LE,https://www.fravega.com/p/joystick-ps5-dualsense-fortnite-le-342694/,199999.0,165288.43,1,True
FRA-ps5-playstation-5-con-astro-bot-y-gran-t,Fravega,OTRAS,Gaming y Videojuegos,PS5 PlayStation 5 con Astro Bot y Gran Turismo 7 Standar Bundle 2,https://www.fravega.com/p/ps5-playstation-5-con-astro-bot-y-gran-turismo-7-standar-bundle-2-342666/,1999999.0,1652891.74,1,True
FRA-auriculares-gamer-con-cable-marvo-hg8901,Fravega,OTRAS,Gaming y Videojuegos,Auriculares Gamer con Cable Marvo HG8901,https://www.fravega.com/p/auriculares-gamer-con-cable-marvo-hg8901-342429/,39999.0,24999.0,1,True
FRA-ps5-playstation-5-con-astro-bot-y-gran-t,Fravega,OTRAS,Gaming y Videojuegos,PS5 PlayStation 5 con Astro Bot y Gran Turismo 7 Digital Bundle 2,https://www.fravega.com/p/ps5-playstation-5-con-astro-bot-y-gran-turismo-7-digital-bundle-2--342667/,1899999.0,1570247.11,1,True
FRA-joystick-inalambrico-gamer-compatible-p4,Fravega,OTRAS,Gaming y Videojuegos,Joystick Inalámbrico Gamer Compatible P4 Y Control Pc Gamer Inalambrico Usb Dehuka,https://www.fravega.com/p/joystick-inalambrico-gamer-compatible-p4-y-control-pc-gamer-inalambrico-usb-dehuka-22481187/,47205.32,42484.78,1,True
FRA-volante-logitech-g29-para-ps5-ps4-pc-228,Fravega,OTRAS,Gaming y Videojuegos,Volante Logitech G29 Para PS5/PS4/Pc,https://www.fravega.com/p/volante-logitech-g29-para-ps5-ps4-pc-22809787/,641239.0,641239.0,1,True
FRA-consola-nintendo-switch-2-342626,Fravega,OTRAS,Gaming y Videojuegos,Consola Nintendo Switch 2,https://www.fravega.com/p/consola-nintendo-switch-2-342626/,1699999.0,1599999.0,1,True
FRA-joystick-microsoft-xbox-wireless-white-3,Fravega,OTRAS,Gaming y Videojuegos,Joystick Microsoft Xbox Wireless White,https://www.fravega.com/p/joystick-microsoft-xbox-wireless-white-342654/,189999.0,179999.0,1,True
FRA-sega-hdmi-688-juegos-2-joysticks-inalamb,Fravega,OTRAS,Gaming y Videojuegos,Sega Hdmi 688 Juegos 2 Joysticks Inalambricos,https://www.fravega.com/p/sega-hdmi-688-juegos-2-joysticks-inalambricos-21313129/,64999.0,39999.0,1,True
FRA-nintendo-switch-oled-super-mario-bros-wo,Fravega,OTRAS,Gaming y Videojuegos,Nintendo Switch OLED + Super Mario Bros. Wonder + 3mo NSO,https://www.fravega.com/p/nintendo-switch-oled-super-mario-bros-wonder-3mo-nso-342672/,999999.0,799999.0,1,True
FRA-all-one-acer-23-8-full-hd-intel-core-i3-,Fravega,ACER,Gaming y Videojuegos,"All in One Acer 23,8” Full HD Intel Core i3 8GB 512GB C24-2YE13U3UNL",https://www.fravega.com/p/all-one-acer-23-8-full-hd-intel-core-i3-8gb-512gb-c24-2ye13u3unl-364821/,1499999.0,1399999.0,1,True
FRA-joystick-gamer-vsg-tarvos-multiplataform,Fravega,OTRAS,Gaming y Videojuegos,Joystick Gamer VSG Tarvos Multiplataforma,https://www.fravega.com/p/joystick-gamer-vsg-tarvos-multiplataforma-342539/,69999.0,59999.0,1,True
FRA-all-one-acer-23-8-full-hd-amd-ryzen-5-8g,Fravega,ACER,Gaming y Videojuegos,"All in One Acer 23,8” Full HD AMD Ryzen 5 8GB 512GB C24-2G",https://www.fravega.com/p/all-one-acer-23-8-full-hd-amd-ryzen-5-8gb-512gb-c24-2g-364834/,1699999.0,1599999.0,1,True
FRA-auriculares-gamer-vsg-pentagon-azul-3425,Fravega,OTRAS,Gaming y Videojuegos,Auriculares Gamer VSG Pentagon Azul,https://www.fravega.com/p/auriculares-gamer-vsg-pentagon-azul-342533/,49999.0,37999.0,1,True
FRA-joystick-blanco-compatible-con-control-p,Fravega,OTRAS,Gaming y Videojuegos,Joystick Blanco Compatible con Control PC P3 Inalambrico Dehuka,https://www.fravega.com/p/joystick-blanco-compatible-con-control-pc-p3-inalambrico-dehuka-22084744/,48658.42,37137.79,1,True
FRA-consola-de-juegos-retro-portatil-sup-gam,Fravega,OTRAS,Gaming y Videojuegos,Consola de Juegos retro portátil sup game 400 en 1,https://www.fravega.com/p/consola-de-juegos-retro-portatil-sup-game-400-1--21195321/,45999.0,29999.0,1,True
FRA-joystick-ps5-dualsense-first-light-le-am,Fravega,OTRAS,Gaming y Videojuegos,Joystick PS5 Dualsense  FIRST LIGHT LE AMER,https://www.fravega.com/p/joystick-ps5-dualsense-first-light-le-amer-342691/,197999.0,163635.54,1,True
FRA-nintendo-switch-2-pro-controller-342670,Fravega,OTRAS,Gaming y Videojuegos,Nintendo Switch 2 Pro Controller,https://www.fravega.com/p/nintendo-switch-2-pro-controller-342670/,289999.0,249999.0,1,True
FRA-ps5-charging-station-cfi-zds1-342659,Fravega,OTRAS,Gaming y Videojuegos,PS5 Charging Station CFI-ZDS1,https://www.fravega.com/p/ps5-charging-station-cfi-zds1-342659/,84999.0,70247.11,1,True
FRA-auriculares-jbl-quantum-100m2-negro-3425,Fravega,OTRAS,Gaming y Videojuegos,Auriculares JBL Quantum 100M2 Negro,https://www.fravega.com/p/auriculares-jbl-quantum-100m2-negro-342520/,89999.0,79999.0,1,True
FRA-auriculares-sony-ps5-pulse-elite-342658,Fravega,SONY,Gaming y Videojuegos,Auriculares Sony PS5 Pulse Elite,https://www.fravega.com/p/auriculares-sony-ps5-pulse-elite-342658/,434999.0,359503.31,1,True
FRA-consola-game-tv-stick-35-000-juegos-conv,Fravega,OTRAS,Gaming y Videojuegos,Consola Game Tv Stick +35.000 juegos +Converti en Smart  LA TV +2 Joystick  Android Tv Full 5G 8K 1año garantia,https://www.fravega.com/p/consola-game-tv-stick-35-000-juegos-converti-smart-la-tv-2-joystick-android-tv-full-5g-8k-1ano-garantia-22059842/,199999.0,139999.0,1,True
FRA-pc-gamer-ryzen-7-5700g-32gb-ram-480gb-ss,Fravega,OTRAS,Gaming y Videojuegos,PC GAMER RYZEN 7 5700G + 32GB RAM + 480GB SSD – GRAPHICS VEGA + PLACA WIFI,https://www.fravega.com/p/pc-gamer-ryzen-7-5700g-32gb-ram-480gb-ssd--graphics-vega-placa-wifi-21195293/,1632706.0,1387800.0,1,True
FRA-xbox-series-s-512gb-robot-white-22926670,Fravega,OTRAS,Gaming y Videojuegos,XBOX SERIES S 512GB ROBOT WHITE,https://www.fravega.com/p/xbox-series-s-512gb-robot-white-22926670/,1539999.0,1439999.0,1,True
FRA-ps5-playstation-5-slim-edicion-digital-1,Fravega,OTRAS,Gaming y Videojuegos,PS5 Playstation 5 Slim Edición Digital 1tb Blanco,https://www.fravega.com/p/ps5-playstation-5-slim-edicion-digital-1tb-blanco-22923974/,1699999.0,1599999.0,1,True
FRA-nintendo-lite-switch-lite-32gb-standard-,Fravega,OTRAS,Gaming y Videojuegos,Nintendo Lite Switch Lite 32gb Standard Color Azul 2019,https://www.fravega.com/p/nintendo-lite-switch-lite-32gb-standard-color-azul-2019-22923934/,639999.0,539999.0,1,True
FRA-ps5-playstation-5-slim-edicion-digital-1,Fravega,OTRAS,Gaming y Videojuegos,PS5 Playstation 5 Slim Edicion Digital 1TB Blanco,https://www.fravega.com/p/ps5-playstation-5-slim-edicion-digital-1tb-blanco-22913218/,1699999.0,1599999.0,1,True
FRA-control-joystick-inalambrico-compatible-,Fravega,OTRAS,Gaming y Videojuegos,Control Joystick Inalambrico Compatible Con ps4 Naranja,https://www.fravega.com/p/control-joystick-inalambrico-compatible-con-ps4-naranja-22883572/,39999.0,26999.0,1,True
FRA-estacion-de-carga-base-para-joysticks-de,Fravega,OTRAS,Gaming y Videojuegos,Estación de Carga Base para Joysticks de Playstation 4,https://www.fravega.com/p/estacion-de-carga-base-para-joysticks-de-playstation-4--22832434/,19899.0,14699.0,1,True
FRA-cable-de-carga-rapida-para-joystick-play,Fravega,OTRAS,Gaming y Videojuegos,Cable De Carga Rápida Para Joystick Play 3 Ps3 Mini Usb V3,https://www.fravega.com/p/cable-de-carga-rapida-para-joystick-play-3-ps3-mini-usb-v3-22816235/,11878.65,7919.1,1,True
FRA-consola-retro-game-r36s-22-000-juegos-ps,Fravega,OTRAS,Gaming y Videojuegos,"Consola Retro Game R36S | +22.000 Juegos PS1, MAME, GBA y más",https://www.fravega.com/p/consola-retro-game-r36s-22-000-juegos-ps1-mame-gba-y-mas-22613268/,239799.0,119699.0,1,True
FRA-base-cargadora-dobe-soporte-rgb-para-joy,Fravega,OTRAS,Gaming y Videojuegos,Base Cargadora Dobe Soporte Rgb Para Joystick Ps5 Tp5-35132,https://www.fravega.com/p/base-cargadora-dobe-soporte-rgb-para-joystick-ps5-tp5-35132-22496890/,24826.0,15942.0,1,True
FRA-consola-game-stick-4k-pro-m15-20-000-jue,Fravega,OTRAS,Gaming y Videojuegos,Consola Game Stick 4K Pro M15 20.000 Juegos (64GB),https://www.fravega.com/p/consola-game-stick-4k-pro-m15-20-000-juegos-64gb--21521207/,83823.64,68999.0,1,True
FRA-base-de-carga-dobe-cargadora-dual-p-joys,Fravega,OTRAS,Gaming y Videojuegos,Base De Carga Dobe / Cargadora Dual P/ Joystick Ps4 Slim Pro,https://www.fravega.com/p/base-de-carga-dobe-cargadora-dual-p-joystick-ps4-slim-pro-20049848/,44809.0,31022.0,1,True
FRA-consola-portatil-retro-r36s-20-000-juego,Fravega,OTRAS,Gaming y Videojuegos,Consola Portátil Retro R36S 20.000 Juegos Con WiFi Y Bluetooth,https://www.fravega.com/p/consola-portatil-retro-r36s-20-000-juegos-con-wifi-y-bluetooth-990274777/,123400.0,97486.0,1,True
FRA-consola-portatil-retro-g5-500-juegos-con,Fravega,OTRAS,Gaming y Videojuegos,Consola Portátil Retro G5 500 Juegos Conexion Con TV,https://www.fravega.com/p/consola-portatil-retro-g5-500-juegos-conexion-con-tv-990266610/,35899.49,29669.0,1,True
FRA-base-de-carga-sony-ps-vr2-sense-controll,Fravega,SONY,Gaming y Videojuegos,Base de carga Sony PS VR2 Sense Controller Charging Station,https://www.fravega.com/p/base-de-carga-sony-ps-vr2-sense-controller-charging-station-990188340/,149999.0,109998.99,1,True
FRA-ps5-portatil-990187886,Fravega,OTRAS,Gaming y Videojuegos,PS5 Portátil,https://www.fravega.com/p/ps5-portatil-990187886/,799999.0,599999.0,1,True
FRA-ps5-playstation-5-con-astro-bot-y-gran-t,Fravega,OTRAS,Gaming y Videojuegos,PS5 PlayStation 5 con Astro Bot y Gran Turismo 7 Standar Bundle 2,https://www.fravega.com/p/ps5-playstation-5-con-astro-bot-y-gran-turismo-7-standar-bundle-2-342666/,1999999.0,1652891.74,1,True
FRA-auriculares-gamer-con-cable-marvo-hg8901,Fravega,OTRAS,Gaming y Videojuegos,Auriculares Gamer con Cable Marvo HG8901,https://www.fravega.com/p/auriculares-gamer-con-cable-marvo-hg8901-342429/,39999.0,24999.0,1,True
FRA-ps5-playstation-5-con-astro-bot-y-gran-t,Fravega,OTRAS,Gaming y Videojuegos,PS5 PlayStation 5 con Astro Bot y Gran Turismo 7 Digital Bundle 2,https://www.fravega.com/p/ps5-playstation-5-con-astro-bot-y-gran-turismo-7-digital-bundle-2--342667/,1899999.0,1570247.11,1,True
FRA-joystick-inalambrico-gamer-compatible-p4,Fravega,OTRAS,Gaming y Videojuegos,Joystick Inalámbrico Gamer Compatible P4 Y Control Pc Gamer Inalambrico Usb Dehuka,https://www.fravega.com/p/joystick-inalambrico-gamer-compatible-p4-y-control-pc-gamer-inalambrico-usb-dehuka-22481187/,47205.32,42484.78,1,True
FRA-consola-nintendo-switch-2-342626,Fravega,OTRAS,Gaming y Videojuegos,Consola Nintendo Switch 2,https://www.fravega.com/p/consola-nintendo-switch-2-342626/,1699999.0,1599999.0,1,True
FRA-joystick-microsoft-xbox-wireless-white-3,Fravega,OTRAS,Gaming y Videojuegos,Joystick Microsoft Xbox Wireless White,https://www.fravega.com/p/joystick-microsoft-xbox-wireless-white-342654/,189999.0,179999.0,1,True
FRA-sega-hdmi-688-juegos-2-joysticks-inalamb,Fravega,OTRAS,Gaming y Videojuegos,Sega Hdmi 688 Juegos 2 Joysticks Inalambricos,https://www.fravega.com/p/sega-hdmi-688-juegos-2-joysticks-inalambricos-21313129/,64999.0,39999.0,1,True
FRA-nintendo-switch-oled-super-mario-bros-wo,Fravega,OTRAS,Gaming y Videojuegos,Nintendo Switch OLED + Super Mario Bros. Wonder + 3mo NSO,https://www.fravega.com/p/nintendo-switch-oled-super-mario-bros-wonder-3mo-nso-342672/,999999.0,799999.0,1,True
FRA-all-one-acer-23-8-full-hd-intel-core-i3-,Fravega,ACER,Gaming y Videojuegos,"All in One Acer 23,8” Full HD Intel Core i3 8GB 512GB C24-2YE13U3UNL",https://www.fravega.com/p/all-one-acer-23-8-full-hd-intel-core-i3-8gb-512gb-c24-2ye13u3unl-364821/,1499999.0,1399999.0,1,True
FRA-joystick-gamer-vsg-tarvos-multiplataform,Fravega,OTRAS,Gaming y Videojuegos,Joystick Gamer VSG Tarvos Multiplataforma,https://www.fravega.com/p/joystick-gamer-vsg-tarvos-multiplataforma-342539/,69999.0,59999.0,1,True
FRA-all-one-acer-23-8-full-hd-amd-ryzen-5-8g,Fravega,ACER,Gaming y Videojuegos,"All in One Acer 23,8” Full HD AMD Ryzen 5 8GB 512GB C24-2G",https://www.fravega.com/p/all-one-acer-23-8-full-hd-amd-ryzen-5-8gb-512gb-c24-2g-364834/,1699999.0,1599999.0,1,True
FRA-auriculares-gamer-vsg-pentagon-azul-3425,Fravega,OTRAS,Gaming y Videojuegos,Auriculares Gamer VSG Pentagon Azul,https://www.fravega.com/p/auriculares-gamer-vsg-pentagon-azul-342533/,49999.0,37999.0,1,True
FRA-joystick-blanco-compatible-con-control-p,Fravega,OTRAS,Gaming y Videojuegos,Joystick Blanco Compatible con Control PC P3 Inalambrico Dehuka,https://www.fravega.com/p/joystick-blanco-compatible-con-control-pc-p3-inalambrico-dehuka-22084744/,48658.42,37137.79,1,True
FRA-consola-de-juegos-retro-portatil-sup-gam,Fravega,OTRAS,Gaming y Videojuegos,Consola de Juegos retro portátil sup game 400 en 1,https://www.fravega.com/p/consola-de-juegos-retro-portatil-sup-game-400-1--21195321/,45999.0,29999.0,1,True
FRA-joystick-ps5-dualsense-first-light-le-am,Fravega,OTRAS,Gaming y Videojuegos,Joystick PS5 Dualsense  FIRST LIGHT LE AMER,https://www.fravega.com/p/joystick-ps5-dualsense-first-light-le-amer-342691/,197999.0,163635.54,1,True
FRA-nintendo-switch-2-pro-controller-342670,Fravega,OTRAS,Gaming y Videojuegos,Nintendo Switch 2 Pro Controller,https://www.fravega.com/p/nintendo-switch-2-pro-controller-342670/,289999.0,249999.0,1,True
FRA-ps5-charging-station-cfi-zds1-342659,Fravega,OTRAS,Gaming y Videojuegos,PS5 Charging Station CFI-ZDS1,https://www.fravega.com/p/ps5-charging-station-cfi-zds1-342659/,84999.0,70247.11,1,True
FRA-auriculares-jbl-quantum-100m2-negro-3425,Fravega,OTRAS,Gaming y Videojuegos,Auriculares JBL Quantum 100M2 Negro,https://www.fravega.com/p/auriculares-jbl-quantum-100m2-negro-342520/,89999.0,79999.0,1,True
FRA-auriculares-sony-ps5-pulse-elite-342658,Fravega,SONY,Gaming y Videojuegos,Auriculares Sony PS5 Pulse Elite,https://www.fravega.com/p/auriculares-sony-ps5-pulse-elite-342658/,434999.0,359503.31,1,True
FRA-consola-game-tv-stick-35-000-juegos-conv,Fravega,OTRAS,Gaming y Videojuegos,Consola Game Tv Stick +35.000 juegos +Converti en Smart  LA TV +2 Joystick  Android Tv Full 5G 8K 1año garantia,https://www.fravega.com/p/consola-game-tv-stick-35-000-juegos-converti-smart-la-tv-2-joystick-android-tv-full-5g-8k-1ano-garantia-22059842/,199999.0,139999.0,1,True
FRA-pc-gamer-ryzen-7-5700g-32gb-ram-480gb-ss,Fravega,OTRAS,Gaming y Videojuegos,PC GAMER RYZEN 7 5700G + 32GB RAM + 480GB SSD – GRAPHICS VEGA + PLACA WIFI,https://www.fravega.com/p/pc-gamer-ryzen-7-5700g-32gb-ram-480gb-ssd--graphics-vega-placa-wifi-21195293/,1632706.0,1387800.0,1,True
FRA-consola-de-juegos-game-stick-pro-4k-whit,Fravega,OTRAS,Gaming y Videojuegos,CONSOLA DE JUEGOS  GAME STICK PRO 4K WHITE 64GB 2 CONTROLES INALAMBRICOS,https://www.fravega.com/p/consola-de-juegos-game-stick-pro-4k-white-64gb-2-controles-inalambricos-21284236/,140000.0,69999.0,1,True
FRA-consola-game-stick-4k-con-2-joysticks-in,Fravega,OTRAS,Gaming y Videojuegos,Consola Game Stick 4k con 2 Joysticks Inalámbricos 10 mil Juegos Retro,https://www.fravega.com/p/consola-game-stick-4k-con-2-joysticks-inalambricos-10-mil-juegos-retro-21294954/,115000.0,68999.0,1,True
FRA-juego-ea-fifa-25-ps4-342553,Fravega,OTRAS,Gaming y Videojuegos,Juego EA FIFA 25 PS4,https://www.fravega.com/p/juego-ea-fifa-25-ps4-342553/,99999.0,82644.0,1,True
FRA-consola-retro-game-stick-lite-4k-hdmi-64,Fravega,OTRAS,Gaming y Videojuegos,Consola Retro Game Stick Lite 4k Hdmi 64gb 20.000 Juegos,https://www.fravega.com/p/consola-retro-game-stick-lite-4k-hdmi-64gb-20-000-juegos-21457948/,80728.64,65499.0,1,True
FRA-consola-de-juegos-portatil-powkiddy-arca,Fravega,LG,Gaming y Videojuegos,Consola de Juegos Portátil Powkiddy Arcade Pantalla 3.5 pulgadas Codigo Abierto,https://www.fravega.com/p/consola-de-juegos-portatil-powkiddy-arcade-pantalla-3-5-pulgadas-codigo-abierto-990184362/,183884.0,141449.0,1,True
FRA-consola-de-juegos-retro-portatil-sup-gam,Fravega,OTRAS,Gaming y Videojuegos,Consola de Juegos Retro portátil Sup game 400 en 1 Bateria Recargable GAME Full,https://www.fravega.com/p/consola-de-juegos-retro-portatil-sup-game-400-1-bateria-recargable-game-full--21918915/,49999.0,39999.0,1,True
FRA-joystick-inalambrico-compatible-con-pc-p,Fravega,OTRAS,Gaming y Videojuegos,Joystick Inalámbrico Compatible Con Pc PS3 Mando Color Blanco,https://www.fravega.com/p/joystick-inalambrico-compatible-con-pc-ps3-mando-color-blanco-21922983/,29999.0,19999.0,1,True
FRA-control-joystick-inalambrico-compatible-,Fravega,OTRAS,Gaming y Videojuegos,Control Joystick Inalambrico Compatible Con ps4 AZUL,https://www.fravega.com/p/control-joystick-inalambrico-compatible-con-ps4-azul-21923163/,39999.0,26999.0,1,True
FRA-consola-retro-game-stick-x2-4k-64gb-mas-,Fravega,OTRAS,Gaming y Videojuegos,Consola Retro Game Stick X2 4k 64gb Mas De 33.000 Juegos  3D Plus,https://www.fravega.com/p/consola-retro-game-stick-x2-4k-64gb-mas-de-33-000-juegos-3d-plus-21923304/,169999.0,103999.0,1,True
FRA-ps5-portatil-990187886,Fravega,OTRAS,Gaming y Videojuegos,PS5 Portátil,https://www.fravega.com/p/ps5-portatil-990187886/,799999.0,599999.0,1,True
FRA-base-de-carga-sony-ps-vr2-sense-controll,Fravega,SONY,Gaming y Videojuegos,Base de carga Sony PS VR2 Sense Controller Charging Station,https://www.fravega.com/p/base-de-carga-sony-ps-vr2-sense-controller-charging-station-990188340/,149999.0,109998.99,1,True
FRA-consola-game-tv-stick-35-000-juegos-conv,Fravega,OTRAS,Gaming y Videojuegos,Consola Game Tv Stick +35.000 juegos +Convertido en Smart +2 Joystick,https://www.fravega.com/p/consola-game-tv-stick-35-000-juegos-convertido-smart-2-joystick-22030081/,201999.0,125999.0,1,True
FRA-joystick-con-cable-compatible-con-xb-one,Fravega,OTRAS,Gaming y Videojuegos,Joystick Con Cable Compatible Con XB One Para Control PC Dehuka,https://www.fravega.com/p/joystick-con-cable-compatible-con-xb-one-para-control-pc-dehuka-22084751/,65061.0,58554.9,1,True
FRA-heladera-electrolux-inverter-no-frost-if,Fravega,OTRAS,Heladeras,Heladera Electrolux Inverter No Frost IF43S 390L​ts,https://www.fravega.com/p/heladera-electrolux-inverter-no-frost-if43s-390lts-160984/,1439999.0,1149999.0,1,True
FRA-heladera-ciclica-bambi-2f2100ba-banco-bl,Fravega,OTRAS,Heladeras,Heladera Cíclica Bambi 2F2100BA Banco Blanca 239 Litros,https://www.fravega.com/p/heladera-ciclica-bambi-2f2100ba-banco-blanca-239-litros-161292/,699999.0,499999.0,1,True
FRA-heladera-185lts-con-dispenser-plateada-p,Fravega,PHILCO,Heladeras,Heladera 185Lts con Dispenser Plateada Philco PHSD179PD2,https://www.fravega.com/p/heladera-185lts-con-dispenser-plateada-philco-phsd179pd2-990175374/,677599.0,399699.0,1,True
FRA-heladera-samsung-rt38cg6720s9b3-no-frost,Fravega,SAMSUNG,Heladeras,Heladera Samsung RT38CG6720S9B3 No Frost Inverter 384 L,https://www.fravega.com/p/heladera-samsung-rt38cg6720s9b3-no-frost-inverter-384-l--161202/,1464999.0,1318499.0,1,True
FRA-heladera-gafa-hgnf255b-no-frost-inverter,Fravega,GAFA,Heladeras,Heladera Gafa HGNF255B No Frost Inverter 259L Plateada,https://www.fravega.com/p/heladera-gafa-hgnf255b-no-frost-inverter-259l-plateada--161304/,899999.0,743800.83,1,True
FRA-freezer-eslabon-de-lujo-evu20mb-vertical,Fravega,OTRAS,Heladeras,Freezer Eslabón de Lujo EVU20MB Vertical 142 Lts,https://www.fravega.com/p/freezer-eslabon-de-lujo-evu20mb-vertical-142-lts-161232/,879999.0,749999.0,1,True
FRA-heladera-no-frost-hisense-346l-inverter-,Fravega,HISENSE,Heladeras,Heladera No Frost Hisense 346L Inverter Dispenser Inox RT3N320NMC,https://www.fravega.com/p/heladera-no-frost-hisense-346l-inverter-dispenser-inox-rt3n320nmc-990223656/,1234199.0,752999.0,1,True
FRA-freezer-vertical-siam-fsi-cv180b-166-lts,Fravega,OTRAS,Heladeras,Freezer Vertical Siam FSI-CV180B 166 Lts,https://www.fravega.com/p/freezer-vertical-siam-fsi-cv180b-166-lts-160944/,699999.0,649999.0,1,True
FRA-heladera-no-frost-midea-mdrt489mte46adw-,Fravega,MIDEA,Heladeras,Heladera No Frost Midea MDRT489MTE46ADW 340 Litros,https://www.fravega.com/p/heladera-no-frost-midea-mdrt489mte46adw-340-litros-161122/,1019999.0,899999.0,1,True
FRA-heladera-gafa-319l-top-freezer-plata-con,Fravega,GAFA,Heladeras,Heladera Gafa 319L Top freezer Plata con WD HGW311P,https://www.fravega.com/p/heladera-gafa-319l-top-freezer-plata-con-wd-hgw311p-990268013/,987776.7,800099.0,1,True
FRA-heladera-drean-no-frost-rdp410zrt-415lts,Fravega,DREAN,Heladeras,Heladera Drean No Frost RDP410ZRT 415Lts Steel,https://www.fravega.com/p/heladera-drean-no-frost-rdp410zrt-415lts-steel-161331/,1195999.0,988428.93,1,True
FRA-heladera-smartlife-con-dispenser-no-fros,Fravega,OTRAS,Heladeras,Heladera Smartlife con Dispenser No Frost Inverter 354L,https://www.fravega.com/p/heladera-smartlife-con-dispenser-no-frost-inverter-354l-990251828/,999999.0,849999.15,1,True
FRA-freezer-horizontal-gafa-blanco-inverter-,Fravega,GAFA,Heladeras,Freezer Horizontal Gafa Blanco Inverter 402lts FGHI400B-XL,https://www.fravega.com/p/freezer-horizontal-gafa-blanco-inverter-402lts-fghi400b-xl-990012078/,1103554.5,913743.0,1,True
FRA-heladera-whirlpool-wre66ak-xpert-ai-no-f,Fravega,WHIRLPOOL,Heladeras,Heladera Whirlpool WRE66AK Xpert AI No Frost Inverter 496 Litros,https://www.fravega.com/p/heladera-whirlpool-wre66ak-xpert-ai-no-frost-inverter-496-litros-161524/,2299999.0,1900825.62,1,True
FRA-heladera-philco-174l-top-mount-no-frost-,Fravega,PHILCO,Heladeras,Heladera Philco 174L Top Mount  No Frost  Inox PHNT198X2,https://www.fravega.com/p/heladera-philco-174l-top-mount-no-frost-inox-phnt198x2-990232846/,860199.0,659999.0,1,True
FRA-heladera-gafa-319l-top-freezer-puerta-re,Fravega,GAFA,Heladeras,Heladera Gafa 319L Top Freezer Puerta Reversible Plata HGF311P,https://www.fravega.com/p/heladera-gafa-319l-top-freezer-puerta-reversible-plata-hgf311p-990268011/,931887.75,788377.0,1,True
FRA-heladera-gafa-hgnf255b-no-frost-inverter,Fravega,GAFA,Heladeras,Heladera Gafa HGNF255B No Frost Inverter 259L Blanca,https://www.fravega.com/p/heladera-gafa-hgnf255b-no-frost-inverter-259l-blanca--161302/,849999.0,702478.51,1,True
FRA-freezer-philco-phch410bm-410-litros-1605,Fravega,PHILCO,Heladeras,Freezer Philco PHCH410BM 410 Litros,https://www.fravega.com/p/freezer-philco-phch410bm-410-litros-160587/,1199999.0,899999.0,1,True
FRA-heladera-philco-one-door-164l-con-dispen,Fravega,PHILCO,Heladeras,Heladera Philco One Door 164L Con Dispenser PHSD170XD,https://www.fravega.com/p/heladera-philco-one-door-164l-con-dispenser-phsd170xd-990235511/,645699.0,509999.0,1,True
FRA-heladera-con-freezer-ciclica-314-l-gris-,Fravega,DREAN,Heladeras,Heladera con freezer Cíclica 314 L Gris Drean HDR320F50E,https://www.fravega.com/p/heladera-con-freezer-ciclica-314-l-gris-drean-hdr320f50e-990248018/,1133599.0,809999.0,1,True
FRA-heladera-samsung-inverter-no-frost-407-l,Fravega,SAMSUNG,Heladeras,Heladera Samsung Inverter No Frost 407 Lts RT42CG6720S9B3,https://www.fravega.com/p/heladera-samsung-inverter-no-frost-407-lts-rt42cg6720s9b3-161238/,1649999.0,1484999.0,1,True
FRA-heladera-inverter-no-frost-whirlpool-wrm,Fravega,WHIRLPOOL,Heladeras,Heladera Inverter No Frost Whirlpool WRM62AK 510 Lts,https://www.fravega.com/p/heladera-inverter-no-frost-whirlpool-wrm62ak-510-lts-161530/,1949999.0,1611569.42,1,True
FRA-freezer-vertical-whirlpool-evox-231-lts-,Fravega,WHIRLPOOL,Heladeras,Freezer Vertical Whirlpool Evox 231 Lts,https://www.fravega.com/p/freezer-vertical-whirlpool-evox-231-lts-161382/,1579999.0,1199999.0,1,True
FRA-heladera-vondom-combi-panelable-wifi-inv,Fravega,OTRAS,Heladeras,Heladera VONDOM Combi Panelable WIFI Inverter No Frost 250 L,https://www.fravega.com/p/heladera-vondom-combi-panelable-wifi-inverter-no-frost-250-l-22476934/,2320990.0,1950000.0,1,True
FRA-heladera-beko-inverter-no-frost-529l-sid,Fravega,OTRAS,Heladeras,Heladera Beko Inverter No Frost 529L Side By Side Inoxidable,https://www.fravega.com/p/heladera-beko-inverter-no-frost-529l-side-by-side-inoxidable-990286947/,2777777.0,2499999.0,1,True
FRA-heladera-beko-inverter-no-frost-356l-fre,Fravega,OTRAS,Heladeras,Heladera Beko Inverter No Frost 356L Freezer Inferior,https://www.fravega.com/p/heladera-beko-inverter-no-frost-356l-freezer-inferior-990276162/,2055554.0,1799999.0,1,True
FRA-heladera-multi-door-no-frost-admiral-inv,Fravega,OTRAS,Heladeras,Heladera Multi Door No Frost Admiral Inverter AD-HL480 I 404 Lts Grafito Reacondicionado,https://www.fravega.com/p/heladera-multi-door-no-frost-admiral-inverter-ad-hl480-i-404-lts-grafito-reacondicionado-470977/,799999.0,661156.2,1,True
FRA-heladera-electrolux-no-frost-inverter-mu,Fravega,OTRAS,Heladeras,Heladera Electrolux No Frost Inverter Multidoor IM7S 480Lts Gris,https://www.fravega.com/p/heladera-electrolux-no-frost-inverter-multidoor-im7s-480lts-gris-161283/,1799999.0,1487602.48,1,True
FRA-heladera-gafa-257l-top-freezer-puerta-re,Fravega,GAFA,Heladeras,Heladera Gafa 257L Top Freezer Puerta Reversible Blanca HGF252B,https://www.fravega.com/p/heladera-gafa-257l-top-freezer-puerta-reversible-blanca-hgf252b-161316/,714299.0,699999.0,1,True
FRA-heladera-drean-hdr280f50b-ciclica-277-l-,Fravega,DREAN,Heladeras,Heladera Drean HDR280F50B Cíclica 277 L Blanca,https://www.fravega.com/p/heladera-drean-hdr280f50b-ciclica-277-l-blanca-161046/,749999.0,619833.88,1,True
FRA-heladera-whirlpool-no-frost-340-lts-wrm4,Fravega,WHIRLPOOL,Heladeras,Heladera Whirlpool No Frost 340 Lts WRM40MK,https://www.fravega.com/p/heladera-whirlpool-no-frost-340-lts-wrm40mk-161336/,959999.0,899999.0,1,True
FRA-heladera-philco-side-by-side-inverter-pr,Fravega,PHILCO,Heladeras,Heladera Philco Side by Side Inverter PRESF480XD 453 Lts,https://www.fravega.com/p/heladera-philco-side-by-side-inverter-presf480xd-453-lts-161214/,2699999.0,1999999.0,1,True
FRA-heladera-drean-ciclica-con-dispenser-hdr,Fravega,DREAN,Heladeras,Heladera Drean Cíclica con Dispenser HDR400F41E 396Lts Gris,https://www.fravega.com/p/heladera-drean-ciclica-con-dispenser-hdr400f41e-396lts-gris-161271/,1069999.0,884296.69,1,True
FRA-heladera-ciclica-gafa-319-lts-puerta-rev,Fravega,GAFA,Heladeras,Heladera Cíclica Gafa 319 Lts Puerta Reversible HGF311P,https://www.fravega.com/p/heladera-ciclica-gafa-319-lts-puerta-reversible-hgf311p-161333/,830399.0,799999.0,1,True
FRA-heladera-drean-ciclica-rzd215pvarx0-215l,Fravega,DREAN,Heladeras,Heladera Drean Cíclica RZD215PVARX0 215Lts Inox,https://www.fravega.com/p/heladera-drean-ciclica-rzd215pvarx0-215lts-inox-161398/,659999.0,649999.0,1,True
FRA-heladera-drean-ciclica-hdr320f50e-314lts,Fravega,DREAN,Heladeras,Heladera Drean Cíclica HDR320F50E 314Lts Gris,https://www.fravega.com/p/heladera-drean-ciclica-hdr320f50e-314lts-gris-161270/,869999.0,719007.44,1,True
FRA-heladera-no-frost-inverter-side-by-side-,Fravega,DREAN,Heladeras,Heladera No Frost Inverter Side by Side Drean DSP480LKRSS0 503 Litros,https://www.fravega.com/p/heladera-no-frost-inverter-side-by-side-drean-dsp480lkrss0-503-litros-161244/,1899999.0,1499999.0,1,True
FRA-heladera-electrolux-inverter-no-frost-if,Fravega,ACER,Heladeras,Heladera Electrolux Inverter No Frost IF43S 390L​ts Acero Reacondicionado,https://www.fravega.com/p/heladera-electrolux-inverter-no-frost-if43s-390lts-acero-reacondicionado-470874/,799999.0,661156.2,1,True
FRA-heladera-electrolux-inverter-no-frost-if,Fravega,OTRAS,Heladeras,Heladera Electrolux Inverter No Frost IF43S 390L​ts,https://www.fravega.com/p/heladera-electrolux-inverter-no-frost-if43s-390lts-160984/,1439999.0,1149999.0,1,True
FRA-heladera-ciclica-bambi-2f2100ba-banco-bl,Fravega,OTRAS,Heladeras,Heladera Cíclica Bambi 2F2100BA Banco Blanca 239 Litros,https://www.fravega.com/p/heladera-ciclica-bambi-2f2100ba-banco-blanca-239-litros-161292/,699999.0,499999.0,1,True
FRA-heladera-185lts-con-dispenser-plateada-p,Fravega,PHILCO,Heladeras,Heladera 185Lts con Dispenser Plateada Philco PHSD179PD2,https://www.fravega.com/p/heladera-185lts-con-dispenser-plateada-philco-phsd179pd2-990175374/,677599.0,399699.0,1,True
FRA-heladera-samsung-rt38cg6720s9b3-no-frost,Fravega,SAMSUNG,Heladeras,Heladera Samsung RT38CG6720S9B3 No Frost Inverter 384 L,https://www.fravega.com/p/heladera-samsung-rt38cg6720s9b3-no-frost-inverter-384-l--161202/,1464999.0,1318499.0,1,True
FRA-heladera-gafa-hgnf255b-no-frost-inverter,Fravega,GAFA,Heladeras,Heladera Gafa HGNF255B No Frost Inverter 259L Plateada,https://www.fravega.com/p/heladera-gafa-hgnf255b-no-frost-inverter-259l-plateada--161304/,899999.0,743800.83,1,True
FRA-freezer-eslabon-de-lujo-evu20mb-vertical,Fravega,OTRAS,Heladeras,Freezer Eslabón de Lujo EVU20MB Vertical 142 Lts,https://www.fravega.com/p/freezer-eslabon-de-lujo-evu20mb-vertical-142-lts-161232/,879999.0,749999.0,1,True
FRA-heladera-no-frost-hisense-346l-inverter-,Fravega,HISENSE,Heladeras,Heladera No Frost Hisense 346L Inverter Dispenser Inox RT3N320NMC,https://www.fravega.com/p/heladera-no-frost-hisense-346l-inverter-dispenser-inox-rt3n320nmc-990223656/,1234199.0,752999.0,1,True
FRA-freezer-vertical-siam-fsi-cv180b-166-lts,Fravega,OTRAS,Heladeras,Freezer Vertical Siam FSI-CV180B 166 Lts,https://www.fravega.com/p/freezer-vertical-siam-fsi-cv180b-166-lts-160944/,699999.0,649999.0,1,True
FRA-heladera-no-frost-midea-mdrt489mte46adw-,Fravega,MIDEA,Heladeras,Heladera No Frost Midea MDRT489MTE46ADW 340 Litros,https://www.fravega.com/p/heladera-no-frost-midea-mdrt489mte46adw-340-litros-161122/,1019999.0,899999.0,1,True
FRA-heladera-gafa-319l-top-freezer-plata-con,Fravega,GAFA,Heladeras,Heladera Gafa 319L Top freezer Plata con WD HGW311P,https://www.fravega.com/p/heladera-gafa-319l-top-freezer-plata-con-wd-hgw311p-990268013/,987776.7,800099.0,1,True
FRA-heladera-drean-no-frost-rdp410zrt-415lts,Fravega,DREAN,Heladeras,Heladera Drean No Frost RDP410ZRT 415Lts Steel,https://www.fravega.com/p/heladera-drean-no-frost-rdp410zrt-415lts-steel-161331/,1195999.0,988428.93,1,True
FRA-heladera-smartlife-con-dispenser-no-fros,Fravega,OTRAS,Heladeras,Heladera Smartlife con Dispenser No Frost Inverter 354L,https://www.fravega.com/p/heladera-smartlife-con-dispenser-no-frost-inverter-354l-990251828/,999999.0,849999.15,1,True
FRA-freezer-horizontal-gafa-blanco-inverter-,Fravega,GAFA,Heladeras,Freezer Horizontal Gafa Blanco Inverter 402lts FGHI400B-XL,https://www.fravega.com/p/freezer-horizontal-gafa-blanco-inverter-402lts-fghi400b-xl-990012078/,1103554.5,913743.0,1,True
FRA-heladera-whirlpool-wre66ak-xpert-ai-no-f,Fravega,WHIRLPOOL,Heladeras,Heladera Whirlpool WRE66AK Xpert AI No Frost Inverter 496 Litros,https://www.fravega.com/p/heladera-whirlpool-wre66ak-xpert-ai-no-frost-inverter-496-litros-161524/,2299999.0,1900825.62,1,True
FRA-heladera-philco-174l-top-mount-no-frost-,Fravega,PHILCO,Heladeras,Heladera Philco 174L Top Mount  No Frost  Inox PHNT198X2,https://www.fravega.com/p/heladera-philco-174l-top-mount-no-frost-inox-phnt198x2-990232846/,860199.0,659999.0,1,True
FRA-heladera-gafa-319l-top-freezer-puerta-re,Fravega,GAFA,Heladeras,Heladera Gafa 319L Top Freezer Puerta Reversible Plata HGF311P,https://www.fravega.com/p/heladera-gafa-319l-top-freezer-puerta-reversible-plata-hgf311p-990268011/,931887.75,788377.0,1,True
FRA-heladera-gafa-hgnf255b-no-frost-inverter,Fravega,GAFA,Heladeras,Heladera Gafa HGNF255B No Frost Inverter 259L Blanca,https://www.fravega.com/p/heladera-gafa-hgnf255b-no-frost-inverter-259l-blanca--161302/,849999.0,702478.51,1,True
FRA-freezer-philco-phch410bm-410-litros-1605,Fravega,PHILCO,Heladeras,Freezer Philco PHCH410BM 410 Litros,https://www.fravega.com/p/freezer-philco-phch410bm-410-litros-160587/,1199999.0,899999.0,1,True
FRA-heladera-philco-one-door-164l-con-dispen,Fravega,PHILCO,Heladeras,Heladera Philco One Door 164L Con Dispenser PHSD170XD,https://www.fravega.com/p/heladera-philco-one-door-164l-con-dispenser-phsd170xd-990235511/,645699.0,509999.0,1,True
FRA-heladera-con-freezer-ciclica-314-l-gris-,Fravega,DREAN,Heladeras,Heladera con freezer Cíclica 314 L Gris Drean HDR320F50E,https://www.fravega.com/p/heladera-con-freezer-ciclica-314-l-gris-drean-hdr320f50e-990248018/,1133599.0,809999.0,1,True
FRA-heladera-samsung-inverter-no-frost-407-l,Fravega,SAMSUNG,Heladeras,Heladera Samsung Inverter No Frost 407 Lts RT42CG6720S9B3,https://www.fravega.com/p/heladera-samsung-inverter-no-frost-407-lts-rt42cg6720s9b3-161238/,1649999.0,1484999.0,1,True
FRA-heladera-inverter-no-frost-whirlpool-wrm,Fravega,WHIRLPOOL,Heladeras,Heladera Inverter No Frost Whirlpool WRM62AK 510 Lts,https://www.fravega.com/p/heladera-inverter-no-frost-whirlpool-wrm62ak-510-lts-161530/,1949999.0,1611569.42,1,True
FRA-freezer-vertical-whirlpool-evox-231-lts-,Fravega,WHIRLPOOL,Heladeras,Freezer Vertical Whirlpool Evox 231 Lts,https://www.fravega.com/p/freezer-vertical-whirlpool-evox-231-lts-161382/,1579999.0,1199999.0,1,True
FRA-heladera-vondom-combi-panelable-wifi-inv,Fravega,OTRAS,Heladeras,Heladera VONDOM Combi Panelable WIFI Inverter No Frost 250 L,https://www.fravega.com/p/heladera-vondom-combi-panelable-wifi-inverter-no-frost-250-l-22476934/,2320990.0,1950000.0,1,True
FRA-heladera-beko-inverter-no-frost-529l-sid,Fravega,OTRAS,Heladeras,Heladera Beko Inverter No Frost 529L Side By Side Inoxidable,https://www.fravega.com/p/heladera-beko-inverter-no-frost-529l-side-by-side-inoxidable-990286947/,2777777.0,2499999.0,1,True
FRA-heladera-beko-inverter-no-frost-356l-fre,Fravega,OTRAS,Heladeras,Heladera Beko Inverter No Frost 356L Freezer Inferior,https://www.fravega.com/p/heladera-beko-inverter-no-frost-356l-freezer-inferior-990276162/,2055554.0,1799999.0,1,True
FRA-heladera-samsung-no-frost-inverter-rt29k,Fravega,SAMSUNG,Heladeras,Heladera Samsung No Frost Inverter RT29K577JS8 308Lts,https://www.fravega.com/p/heladera-samsung-no-frost-inverter-rt29k577js8-308lts-160752/,1164999.0,962809.09,1,True
FRA-heladera-drean-no-frost-side-by-side-dtp,Fravega,DREAN,Heladeras,Heladera Drean No Frost Side by Side DTP469LKRSS0 - 522 litros,https://www.fravega.com/p/heladera-drean-no-frost-side-by-side-dtp469lkrss0-522-litros-161585/,2149999.0,1799999.0,1,True
FRA-freezers-inverter-gafa-fghi202b-m-200-lt,Fravega,GAFA,Heladeras,Freezers Inverter Gafa FGHI202B-M 200 Lts,https://www.fravega.com/p/freezers-inverter-gafa-fghi202b-m-200-lts-161264/,617499.0,549999.0,1,True
FRA-heladera-drean-no-frost-rda250fvrt-250lt,Fravega,DREAN,Heladeras,Heladera Drean No Frost RDA250FVRT 250Lts Grafito,https://www.fravega.com/p/heladera-drean-no-frost-rda250fvrt-250lts-grafito-161330/,789999.0,769999.0,1,True
FRA-heladera-electrolux-inverter-top-freezer,Fravega,OTRAS,Heladeras,Heladera Electrolux Inverter Top Freezer No Frost AutoSense IW46S 424Lts Plata,https://www.fravega.com/p/heladera-electrolux-inverter-top-freezer-no-frost-autosense-iw46s-424lts-plata-160930/,1679999.0,1299999.0,1,True
FRA-heladera-bajo-mesada-drean-96-litros-rdf,Fravega,LG,Heladeras,Heladera Bajo Mesada Drean 96 Litros RDF04LGAS0,https://www.fravega.com/p/heladera-bajo-mesada-drean-96-litros-rdf04lgas0-161190/,399999.0,369999.0,1,True
FRA-freezer-vertical-65lts-philco-phcv065b-1,Fravega,PHILCO,Heladeras,Freezer Vertical 65Lts Philco PHCV065B,https://www.fravega.com/p/freezer-vertical-65lts-philco-phcv065b-160817/,399999.0,349999.0,1,True
FRA-heladera-samsung-inverter-no-frost-299l-,Fravega,SAMSUNG,Heladeras,Heladera Samsung Inverter No Frost 299L RT29K507JS8,https://www.fravega.com/p/heladera-samsung-inverter-no-frost-299l-rt29k507js8-160955/,1069999.0,884296.69,1,True
FRA-heladera-ciclica-gafa-hgbf270p-265-litro,Fravega,GAFA,Heladeras,Heladera Cíclica Gafa HGBF270P 265 Litros,https://www.fravega.com/p/heladera-ciclica-gafa-hgbf270p-265-litros-161293/,889999.0,849999.0,1,True
FRA-heladera-ciclica-midea-mdrt33-240-litros,Fravega,MIDEA,Heladeras,Heladera Cíclica Midea MDRT33 240 Litros,https://www.fravega.com/p/heladera-ciclica-midea-mdrt33-240-litros-161314/,778999.0,649999.0,1,True
FRA-heladera-electrolux-inverter-no-frost-if,Fravega,OTRAS,Heladeras,Heladera Electrolux Inverter No Frost IF43S 390L​ts,https://www.fravega.com/p/heladera-electrolux-inverter-no-frost-if43s-390lts-160984/,1439999.0,1149999.0,1,True
FRA-heladera-ciclica-bambi-2f2100ba-banco-bl,Fravega,OTRAS,Heladeras,Heladera Cíclica Bambi 2F2100BA Banco Blanca 239 Litros,https://www.fravega.com/p/heladera-ciclica-bambi-2f2100ba-banco-blanca-239-litros-161292/,699999.0,499999.0,1,True
FRA-heladera-185lts-con-dispenser-plateada-p,Fravega,PHILCO,Heladeras,Heladera 185Lts con Dispenser Plateada Philco PHSD179PD2,https://www.fravega.com/p/heladera-185lts-con-dispenser-plateada-philco-phsd179pd2-990175374/,677599.0,399699.0,1,True
FRA-heladera-samsung-rt38cg6720s9b3-no-frost,Fravega,SAMSUNG,Heladeras,Heladera Samsung RT38CG6720S9B3 No Frost Inverter 384 L,https://www.fravega.com/p/heladera-samsung-rt38cg6720s9b3-no-frost-inverter-384-l--161202/,1464999.0,1318499.0,1,True
FRA-heladera-gafa-hgnf255b-no-frost-inverter,Fravega,GAFA,Heladeras,Heladera Gafa HGNF255B No Frost Inverter 259L Plateada,https://www.fravega.com/p/heladera-gafa-hgnf255b-no-frost-inverter-259l-plateada--161304/,899999.0,743800.83,1,True
FRA-freezer-eslabon-de-lujo-evu20mb-vertical,Fravega,OTRAS,Heladeras,Freezer Eslabón de Lujo EVU20MB Vertical 142 Lts,https://www.fravega.com/p/freezer-eslabon-de-lujo-evu20mb-vertical-142-lts-161232/,879999.0,749999.0,1,True
FRA-heladera-no-frost-hisense-346l-inverter-,Fravega,HISENSE,Heladeras,Heladera No Frost Hisense 346L Inverter Dispenser Inox RT3N320NMC,https://www.fravega.com/p/heladera-no-frost-hisense-346l-inverter-dispenser-inox-rt3n320nmc-990223656/,1234199.0,752999.0,1,True
FRA-freezer-vertical-siam-fsi-cv180b-166-lts,Fravega,OTRAS,Heladeras,Freezer Vertical Siam FSI-CV180B 166 Lts,https://www.fravega.com/p/freezer-vertical-siam-fsi-cv180b-166-lts-160944/,699999.0,649999.0,1,True
FRA-heladera-no-frost-midea-mdrt489mte46adw-,Fravega,MIDEA,Heladeras,Heladera No Frost Midea MDRT489MTE46ADW 340 Litros,https://www.fravega.com/p/heladera-no-frost-midea-mdrt489mte46adw-340-litros-161122/,1019999.0,899999.0,1,True
FRA-heladera-gafa-319l-top-freezer-plata-con,Fravega,GAFA,Heladeras,Heladera Gafa 319L Top freezer Plata con WD HGW311P,https://www.fravega.com/p/heladera-gafa-319l-top-freezer-plata-con-wd-hgw311p-990268013/,987776.7,800099.0,1,True
FRA-heladera-drean-no-frost-rdp410zrt-415lts,Fravega,DREAN,Heladeras,Heladera Drean No Frost RDP410ZRT 415Lts Steel,https://www.fravega.com/p/heladera-drean-no-frost-rdp410zrt-415lts-steel-161331/,1195999.0,988428.93,1,True
FRA-heladera-smartlife-con-dispenser-no-fros,Fravega,OTRAS,Heladeras,Heladera Smartlife con Dispenser No Frost Inverter 354L,https://www.fravega.com/p/heladera-smartlife-con-dispenser-no-frost-inverter-354l-990251828/,999999.0,849999.15,1,True
FRA-freezer-horizontal-gafa-blanco-inverter-,Fravega,GAFA,Heladeras,Freezer Horizontal Gafa Blanco Inverter 402lts FGHI400B-XL,https://www.fravega.com/p/freezer-horizontal-gafa-blanco-inverter-402lts-fghi400b-xl-990012078/,1103554.5,913743.0,1,True
FRA-heladera-whirlpool-wre66ak-xpert-ai-no-f,Fravega,WHIRLPOOL,Heladeras,Heladera Whirlpool WRE66AK Xpert AI No Frost Inverter 496 Litros,https://www.fravega.com/p/heladera-whirlpool-wre66ak-xpert-ai-no-frost-inverter-496-litros-161524/,2299999.0,1900825.62,1,True
FRA-heladera-philco-174l-top-mount-no-frost-,Fravega,PHILCO,Heladeras,Heladera Philco 174L Top Mount  No Frost  Inox PHNT198X2,https://www.fravega.com/p/heladera-philco-174l-top-mount-no-frost-inox-phnt198x2-990232846/,860199.0,659999.0,1,True
FRA-heladera-gafa-319l-top-freezer-puerta-re,Fravega,GAFA,Heladeras,Heladera Gafa 319L Top Freezer Puerta Reversible Plata HGF311P,https://www.fravega.com/p/heladera-gafa-319l-top-freezer-puerta-reversible-plata-hgf311p-990268011/,931887.75,788377.0,1,True
FRA-heladera-gafa-hgnf255b-no-frost-inverter,Fravega,GAFA,Heladeras,Heladera Gafa HGNF255B No Frost Inverter 259L Blanca,https://www.fravega.com/p/heladera-gafa-hgnf255b-no-frost-inverter-259l-blanca--161302/,849999.0,702478.51,1,True
FRA-freezer-philco-phch410bm-410-litros-1605,Fravega,PHILCO,Heladeras,Freezer Philco PHCH410BM 410 Litros,https://www.fravega.com/p/freezer-philco-phch410bm-410-litros-160587/,1199999.0,899999.0,1,True
FRA-heladera-philco-one-door-164l-con-dispen,Fravega,PHILCO,Heladeras,Heladera Philco One Door 164L Con Dispenser PHSD170XD,https://www.fravega.com/p/heladera-philco-one-door-164l-con-dispenser-phsd170xd-990235511/,645699.0,509999.0,1,True
FRA-heladera-con-freezer-ciclica-314-l-gris-,Fravega,DREAN,Heladeras,Heladera con freezer Cíclica 314 L Gris Drean HDR320F50E,https://www.fravega.com/p/heladera-con-freezer-ciclica-314-l-gris-drean-hdr320f50e-990248018/,1133599.0,809999.0,1,True
FRA-heladera-samsung-inverter-no-frost-407-l,Fravega,SAMSUNG,Heladeras,Heladera Samsung Inverter No Frost 407 Lts RT42CG6720S9B3,https://www.fravega.com/p/heladera-samsung-inverter-no-frost-407-lts-rt42cg6720s9b3-161238/,1649999.0,1484999.0,1,True
FRA-heladera-inverter-no-frost-whirlpool-wrm,Fravega,WHIRLPOOL,Heladeras,Heladera Inverter No Frost Whirlpool WRM62AK 510 Lts,https://www.fravega.com/p/heladera-inverter-no-frost-whirlpool-wrm62ak-510-lts-161530/,1949999.0,1611569.42,1,True
FRA-freezer-vertical-whirlpool-evox-231-lts-,Fravega,WHIRLPOOL,Heladeras,Freezer Vertical Whirlpool Evox 231 Lts,https://www.fravega.com/p/freezer-vertical-whirlpool-evox-231-lts-161382/,1579999.0,1199999.0,1,True
FRA-heladera-vondom-combi-panelable-wifi-inv,Fravega,OTRAS,Heladeras,Heladera VONDOM Combi Panelable WIFI Inverter No Frost 250 L,https://www.fravega.com/p/heladera-vondom-combi-panelable-wifi-inverter-no-frost-250-l-22476934/,2320990.0,1950000.0,1,True
FRA-heladera-beko-inverter-no-frost-529l-sid,Fravega,OTRAS,Heladeras,Heladera Beko Inverter No Frost 529L Side By Side Inoxidable,https://www.fravega.com/p/heladera-beko-inverter-no-frost-529l-side-by-side-inoxidable-990286947/,2777777.0,2499999.0,1,True
FRA-heladera-beko-inverter-no-frost-356l-fre,Fravega,OTRAS,Heladeras,Heladera Beko Inverter No Frost 356L Freezer Inferior,https://www.fravega.com/p/heladera-beko-inverter-no-frost-356l-freezer-inferior-990276162/,2055554.0,1799999.0,1,True
FRA-heladera-drean-no-frost-rzn262fxarx0-262,Fravega,DREAN,Heladeras,Heladera Drean No Frost RZN262FXARX0 262 Lts,https://www.fravega.com/p/heladera-drean-no-frost-rzn262fxarx0-262-lts-161477/,844999.0,799999.0,1,True
FRA-exhibidora-inelro-mt17ng-r290-460lts-160,Fravega,OTRAS,Heladeras,Exhibidora Inelro MT17NG R290 460Lts,https://www.fravega.com/p/exhibidora-inelro-mt17ng-r290-460lts-160938/,2256999.0,1199999.0,1,True
FRA-freezer-horizontal-hisense-280l-blanco-c,Fravega,HISENSE,Heladeras,Freezer Horizontal Hisense 280L Blanco CF3N297NEW,https://www.fravega.com/p/freezer-horizontal-hisense-280l-blanco-cf3n297new-990218335/,1002099.0,799998.99,1,True
FRA-heladera-whirlpool-wrm42mk-inverter-no-f,Fravega,WHIRLPOOL,Heladeras,Heladera Whirlpool WRM42MK Inverter No Frost Top Freezer 386 Litros Inoxidable,https://www.fravega.com/p/heladera-whirlpool-wrm42mk-inverter-no-frost-top-freezer-386-litros-inoxidable-161496/,1159999.0,958676.86,1,True
FRA-heladera-exhibidora-vertical-briket-3030,Fravega,OTRAS,Heladeras,Heladera Exhibidora Vertical Briket 3030 293 Lts,https://www.fravega.com/p/heladera-exhibidora-vertical-briket-3030-293-lts-161106/,1199999.0,899999.0,1,True
FRA-heladera-electrolux-inverter-no-frost-in,Fravega,OTRAS,Heladeras,Heladera Electrolux Inverter No Frost Inverter Bottom Freezer IB6S 429Lts,https://www.fravega.com/p/heladera-electrolux-inverter-no-frost-inverter-bottom-freezer-ib6s-429lts-161282/,1499999.0,1399999.0,1,True
FRA-heladera-whirlpool-inverter-no-frost-bot,Fravega,WHIRLPOOL,Heladeras,Heladera Whirlpool Inverter No Frost Bottom Freezer Inox  397 Litros WRE45MK,https://www.fravega.com/p/heladera-whirlpool-inverter-no-frost-bottom-freezer-inox-397-litros-wre45mk-161487/,1649999.0,1363635.54,1,True
FRA-freezer-inelro-inverter-fih-550a-470lts-,Fravega,OTRAS,Heladeras,Freezer Inelro Inverter FIH 550A++ 470Lts,https://www.fravega.com/p/freezer-inelro-inverter-fih-550a-470lts-161109/,1399999.0,949999.0,1,True
FRA-heladera-ciclica-gafa-hgf358afb-282lts-b,Fravega,GAFA,Heladeras,Heladera Cíclica GAFA HGF358AFB 282Lts Blanca,https://www.fravega.com/p/heladera-ciclica-gafa-hgf358afb-282lts-blanca-160826/,758599.0,689999.0,1,True
FRA-heladera-samsung-inverter-rt47cg6722s9b3,Fravega,SAMSUNG,Heladeras,Heladera Samsung Inverter RT47CG6722S9B3 470 Lts,https://www.fravega.com/p/heladera-samsung-inverter-rt47cg6722s9b3-470-lts-161249/,1749999.0,1574999.0,1,True
FRA-heladera-whirlpool-wrm42mb-inverter-no-f,Fravega,WHIRLPOOL,Heladeras,Heladera Whirlpool WRM42MB Inverter No Frost Top Freezer - 407 / 386 Litros,https://www.fravega.com/p/heladera-whirlpool-wrm42mb-inverter-no-frost-top-freezer-407-386-litros-161748/,1059999.0,876032.23,1,True
FRA-exhibidora-vertical-m5000-tm-ls-hc-501-l,Fravega,OTRAS,Heladeras,Exhibidora Vertical M5000 TM LS HC 501 Lt,https://www.fravega.com/p/exhibidora-vertical-m5000-tm-ls-hc-501-lt-160929/,1499999.0,1149999.0,1,True
FRA-heladera-electrolux-inverter-no-frost-if,Fravega,OTRAS,Heladeras,Heladera Electrolux Inverter No Frost IF43S 390L​ts,https://www.fravega.com/p/heladera-electrolux-inverter-no-frost-if43s-390lts-160984/,1439999.0,1149999.0,1,True
FRA-heladera-ciclica-bambi-2f2100ba-banco-bl,Fravega,OTRAS,Heladeras,Heladera Cíclica Bambi 2F2100BA Banco Blanca 239 Litros,https://www.fravega.com/p/heladera-ciclica-bambi-2f2100ba-banco-blanca-239-litros-161292/,699999.0,499999.0,1,True
FRA-heladera-185lts-con-dispenser-plateada-p,Fravega,PHILCO,Heladeras,Heladera 185Lts con Dispenser Plateada Philco PHSD179PD2,https://www.fravega.com/p/heladera-185lts-con-dispenser-plateada-philco-phsd179pd2-990175374/,677599.0,399699.0,1,True
FRA-heladera-samsung-rt38cg6720s9b3-no-frost,Fravega,SAMSUNG,Heladeras,Heladera Samsung RT38CG6720S9B3 No Frost Inverter 384 L,https://www.fravega.com/p/heladera-samsung-rt38cg6720s9b3-no-frost-inverter-384-l--161202/,1464999.0,1318499.0,1,True
FRA-heladera-gafa-hgnf255b-no-frost-inverter,Fravega,GAFA,Heladeras,Heladera Gafa HGNF255B No Frost Inverter 259L Plateada,https://www.fravega.com/p/heladera-gafa-hgnf255b-no-frost-inverter-259l-plateada--161304/,899999.0,743800.83,1,True
FRA-freezer-eslabon-de-lujo-evu20mb-vertical,Fravega,OTRAS,Heladeras,Freezer Eslabón de Lujo EVU20MB Vertical 142 Lts,https://www.fravega.com/p/freezer-eslabon-de-lujo-evu20mb-vertical-142-lts-161232/,879999.0,749999.0,1,True
FRA-heladera-no-frost-hisense-346l-inverter-,Fravega,HISENSE,Heladeras,Heladera No Frost Hisense 346L Inverter Dispenser Inox RT3N320NMC,https://www.fravega.com/p/heladera-no-frost-hisense-346l-inverter-dispenser-inox-rt3n320nmc-990223656/,1234199.0,752999.0,1,True
FRA-freezer-vertical-siam-fsi-cv180b-166-lts,Fravega,OTRAS,Heladeras,Freezer Vertical Siam FSI-CV180B 166 Lts,https://www.fravega.com/p/freezer-vertical-siam-fsi-cv180b-166-lts-160944/,699999.0,649999.0,1,True
FRA-heladera-no-frost-midea-mdrt489mte46adw-,Fravega,MIDEA,Heladeras,Heladera No Frost Midea MDRT489MTE46ADW 340 Litros,https://www.fravega.com/p/heladera-no-frost-midea-mdrt489mte46adw-340-litros-161122/,1019999.0,899999.0,1,True
FRA-heladera-gafa-319l-top-freezer-plata-con,Fravega,GAFA,Heladeras,Heladera Gafa 319L Top freezer Plata con WD HGW311P,https://www.fravega.com/p/heladera-gafa-319l-top-freezer-plata-con-wd-hgw311p-990268013/,987776.7,800099.0,1,True
FRA-heladera-drean-no-frost-rdp410zrt-415lts,Fravega,DREAN,Heladeras,Heladera Drean No Frost RDP410ZRT 415Lts Steel,https://www.fravega.com/p/heladera-drean-no-frost-rdp410zrt-415lts-steel-161331/,1195999.0,988428.93,1,True
FRA-freezer-horizontal-gafa-blanco-inverter-,Fravega,GAFA,Heladeras,Freezer Horizontal Gafa Blanco Inverter 402lts FGHI400B-XL,https://www.fravega.com/p/freezer-horizontal-gafa-blanco-inverter-402lts-fghi400b-xl-990012078/,1103554.5,913743.0,1,True
FRA-heladera-whirlpool-wre66ak-xpert-ai-no-f,Fravega,WHIRLPOOL,Heladeras,Heladera Whirlpool WRE66AK Xpert AI No Frost Inverter 496 Litros,https://www.fravega.com/p/heladera-whirlpool-wre66ak-xpert-ai-no-frost-inverter-496-litros-161524/,2299999.0,1900825.62,1,True
FRA-heladera-philco-174l-top-mount-no-frost-,Fravega,PHILCO,Heladeras,Heladera Philco 174L Top Mount  No Frost  Inox PHNT198X2,https://www.fravega.com/p/heladera-philco-174l-top-mount-no-frost-inox-phnt198x2-990232846/,860199.0,659999.0,1,True
FRA-heladera-gafa-hgnf255b-no-frost-inverter,Fravega,GAFA,Heladeras,Heladera Gafa HGNF255B No Frost Inverter 259L Blanca,https://www.fravega.com/p/heladera-gafa-hgnf255b-no-frost-inverter-259l-blanca--161302/,849999.0,702478.51,1,True
FRA-freezer-philco-phch410bm-410-litros-1605,Fravega,PHILCO,Heladeras,Freezer Philco PHCH410BM 410 Litros,https://www.fravega.com/p/freezer-philco-phch410bm-410-litros-160587/,1199999.0,899999.0,1,True
FRA-heladera-philco-one-door-164l-con-dispen,Fravega,PHILCO,Heladeras,Heladera Philco One Door 164L Con Dispenser PHSD170XD,https://www.fravega.com/p/heladera-philco-one-door-164l-con-dispenser-phsd170xd-990235511/,645699.0,509999.0,1,True
FRA-heladera-samsung-inverter-no-frost-407-l,Fravega,SAMSUNG,Heladeras,Heladera Samsung Inverter No Frost 407 Lts RT42CG6720S9B3,https://www.fravega.com/p/heladera-samsung-inverter-no-frost-407-lts-rt42cg6720s9b3-161238/,1649999.0,1484999.0,1,True
FRA-heladera-inverter-no-frost-whirlpool-wrm,Fravega,WHIRLPOOL,Heladeras,Heladera Inverter No Frost Whirlpool WRM62AK 510 Lts,https://www.fravega.com/p/heladera-inverter-no-frost-whirlpool-wrm62ak-510-lts-161530/,1949999.0,1611569.42,1,True
FRA-freezer-vertical-whirlpool-evox-231-lts-,Fravega,WHIRLPOOL,Heladeras,Freezer Vertical Whirlpool Evox 231 Lts,https://www.fravega.com/p/freezer-vertical-whirlpool-evox-231-lts-161382/,1579999.0,1199999.0,1,True
FRA-heladera-drean-no-frost-side-by-side-dtp,Fravega,DREAN,Heladeras,Heladera Drean No Frost Side by Side DTP469LKRSS0 - 522 litros,https://www.fravega.com/p/heladera-drean-no-frost-side-by-side-dtp469lkrss0-522-litros-161585/,2149999.0,1799999.0,1,True
FRA-cava-de-vinos-electrolux-para-12-botella,Fravega,OTRAS,Heladeras,Cava de Vinos Electrolux para 12 Botellas ERW125XAMB,https://www.fravega.com/p/cava-de-vinos-electrolux-para-12-botellas-erw125xamb-160223/,374199.0,249999.0,1,True
FRA-freezer-inelro-fih-350pi-plus-279-lts--1,Fravega,OTRAS,Heladeras,Freezer Inelro FIH 350PI Plus 279 lts.,https://www.fravega.com/p/freezer-inelro-fih-350pi-plus-279-lts--160933/,1299999.0,899999.0,1,True
FRA-heladera-drean-no-frost-rda250fvrt-250lt,Fravega,DREAN,Heladeras,Heladera Drean No Frost RDA250FVRT 250Lts Grafito,https://www.fravega.com/p/heladera-drean-no-frost-rda250fvrt-250lts-grafito-161387/,789999.0,769999.0,1,True
FRA-heladera-whirlpool-inverter-no-frost-wrm,Fravega,WHIRLPOOL,Heladeras,Heladera Whirlpool Inverter No Frost WRM42HK Top Mount Inox 386 lts,https://www.fravega.com/p/heladera-whirlpool-inverter-no-frost-wrm42hk-top-mount-inox-386-lts-161134/,1549999.0,1159999.0,1,True
FRA-heladera-philco-side-by-side-inverter-pr,Fravega,PHILCO,Heladeras,Heladera Philco Side by Side Inverter PRESF480XD 453 Lts,https://www.fravega.com/p/heladera-philco-side-by-side-inverter-presf480xd-453-lts-161214/,2699999.0,1999999.0,1,True
FRA-heladera-midea-mdrb424fge46a-w-inverter-,Fravega,MIDEA,Heladeras,Heladera Midea MDRB424FGE46A-W Inverter Combi No Frost 300 Lts Inoxidable,https://www.fravega.com/p/heladera-midea-mdrb424fge46a-w-inverter-combi-no-frost-300-lts-inoxidable-161180/,1299999.0,1199999.0,1,True
FRA-heladera-ciclica-midea-mdrt414fge50a-295,Fravega,MIDEA,Heladeras,Heladera Cíclica Midea MDRT414FGE50A 295 L,https://www.fravega.com/p/heladera-ciclica-midea-mdrt414fge50a-295-l-161262/,853999.0,749999.0,1,True
FRA-heladera-samsung-no-frost-inverter-rt32k,Fravega,SAMSUNG,Heladeras,Heladera Samsung No Frost Inverter RT32K5070S8 320Lts,https://www.fravega.com/p/heladera-samsung-no-frost-inverter-rt32k5070s8-320lts-160564/,1289999.0,1066114.88,1,True
FRA-cava-de-vinos-vondom-para-12-botellas-es,Fravega,OTRAS,Heladeras,Cava de Vinos Vondom para 12 Botellas Estantes de Madera,https://www.fravega.com/p/cava-de-vinos-vondom-para-12-botellas-estantes-de-madera-161130/,279999.0,249999.0,1,True
FRA-heladera-midea-470l-inverter-no-frost-md,Fravega,MIDEA,Heladeras,Heladera Midea 470L Inverter No Frost MDRT645MTE46ADW Inoxidable,https://www.fravega.com/p/heladera-midea-470l-inverter-no-frost-mdrt645mte46adw-inoxidable-161054/,1822999.0,1299999.0,1,True
FRA-freezer-inverter-gafa-fghi502b-xxl-horiz,Fravega,GAFA,Heladeras,Freezer Inverter Gafa FGHI502B-XXL Horizontal Inverter 510L Blanco,https://www.fravega.com/p/freezer-inverter-gafa-fghi502b-xxl-horizontal-inverter-510l-blanco-161237/,1247999.0,1199999.0,1,True
FRA--freezer-midea-fc-mj6war1-160-lt-160516,Fravega,MIDEA,Heladeras,Freezer Midea FC-MJ6WAR1 160 Lt,https://www.fravega.com/p/-freezer-midea-fc-mj6war1-160-lt-160516/,809999.0,699999.0,1,True
FRA-heladera-bajo-mesada-philco-phbm091b-93l,Fravega,PHILCO,Heladeras,Heladera Bajo Mesada Philco PHBM091B 93Lt,https://www.fravega.com/p/heladera-bajo-mesada-philco-phbm091b-93lt-160541/,469999.0,349999.0,1,True
FRA-heladera-electrolux-inverter-no-frost-if,Fravega,OTRAS,Heladeras,Heladera Electrolux Inverter No Frost IF43S 390L​ts,https://www.fravega.com/p/heladera-electrolux-inverter-no-frost-if43s-390lts-160984/,1439999.0,1149999.0,1,True
FRA-heladera-ciclica-bambi-2f2100ba-banco-bl,Fravega,OTRAS,Heladeras,Heladera Cíclica Bambi 2F2100BA Banco Blanca 239 Litros,https://www.fravega.com/p/heladera-ciclica-bambi-2f2100ba-banco-blanca-239-litros-161292/,699999.0,499999.0,1,True
FRA-heladera-185lts-con-dispenser-plateada-p,Fravega,PHILCO,Heladeras,Heladera 185Lts con Dispenser Plateada Philco PHSD179PD2,https://www.fravega.com/p/heladera-185lts-con-dispenser-plateada-philco-phsd179pd2-990175374/,677599.0,399699.0,1,True
FRA-heladera-samsung-rt38cg6720s9b3-no-frost,Fravega,SAMSUNG,Heladeras,Heladera Samsung RT38CG6720S9B3 No Frost Inverter 384 L,https://www.fravega.com/p/heladera-samsung-rt38cg6720s9b3-no-frost-inverter-384-l--161202/,1464999.0,1318499.0,1,True
FRA-heladera-gafa-hgnf255b-no-frost-inverter,Fravega,GAFA,Heladeras,Heladera Gafa HGNF255B No Frost Inverter 259L Plateada,https://www.fravega.com/p/heladera-gafa-hgnf255b-no-frost-inverter-259l-plateada--161304/,899999.0,743800.83,1,True
FRA-freezer-eslabon-de-lujo-evu20mb-vertical,Fravega,OTRAS,Heladeras,Freezer Eslabón de Lujo EVU20MB Vertical 142 Lts,https://www.fravega.com/p/freezer-eslabon-de-lujo-evu20mb-vertical-142-lts-161232/,879999.0,749999.0,1,True
FRA-heladera-no-frost-hisense-346l-inverter-,Fravega,HISENSE,Heladeras,Heladera No Frost Hisense 346L Inverter Dispenser Inox RT3N320NMC,https://www.fravega.com/p/heladera-no-frost-hisense-346l-inverter-dispenser-inox-rt3n320nmc-990223656/,1234199.0,752999.0,1,True
FRA-freezer-vertical-siam-fsi-cv180b-166-lts,Fravega,OTRAS,Heladeras,Freezer Vertical Siam FSI-CV180B 166 Lts,https://www.fravega.com/p/freezer-vertical-siam-fsi-cv180b-166-lts-160944/,699999.0,649999.0,1,True
FRA-heladera-no-frost-midea-mdrt489mte46adw-,Fravega,MIDEA,Heladeras,Heladera No Frost Midea MDRT489MTE46ADW 340 Litros,https://www.fravega.com/p/heladera-no-frost-midea-mdrt489mte46adw-340-litros-161122/,1019999.0,899999.0,1,True
FRA-heladera-gafa-319l-top-freezer-plata-con,Fravega,GAFA,Heladeras,Heladera Gafa 319L Top freezer Plata con WD HGW311P,https://www.fravega.com/p/heladera-gafa-319l-top-freezer-plata-con-wd-hgw311p-990268013/,987776.7,800099.0,1,True
FRA-heladera-drean-no-frost-rdp410zrt-415lts,Fravega,DREAN,Heladeras,Heladera Drean No Frost RDP410ZRT 415Lts Steel,https://www.fravega.com/p/heladera-drean-no-frost-rdp410zrt-415lts-steel-161331/,1195999.0,988428.93,1,True
FRA-freezer-horizontal-gafa-blanco-inverter-,Fravega,GAFA,Heladeras,Freezer Horizontal Gafa Blanco Inverter 402lts FGHI400B-XL,https://www.fravega.com/p/freezer-horizontal-gafa-blanco-inverter-402lts-fghi400b-xl-990012078/,1103554.5,913743.0,1,True
FRA-heladera-whirlpool-wre66ak-xpert-ai-no-f,Fravega,WHIRLPOOL,Heladeras,Heladera Whirlpool WRE66AK Xpert AI No Frost Inverter 496 Litros,https://www.fravega.com/p/heladera-whirlpool-wre66ak-xpert-ai-no-frost-inverter-496-litros-161524/,2299999.0,1900825.62,1,True
FRA-heladera-philco-174l-top-mount-no-frost-,Fravega,PHILCO,Heladeras,Heladera Philco 174L Top Mount  No Frost  Inox PHNT198X2,https://www.fravega.com/p/heladera-philco-174l-top-mount-no-frost-inox-phnt198x2-990232846/,860199.0,659999.0,1,True
FRA-heladera-gafa-hgnf255b-no-frost-inverter,Fravega,GAFA,Heladeras,Heladera Gafa HGNF255B No Frost Inverter 259L Blanca,https://www.fravega.com/p/heladera-gafa-hgnf255b-no-frost-inverter-259l-blanca--161302/,849999.0,702478.51,1,True
FRA-freezer-philco-phch410bm-410-litros-1605,Fravega,PHILCO,Heladeras,Freezer Philco PHCH410BM 410 Litros,https://www.fravega.com/p/freezer-philco-phch410bm-410-litros-160587/,1199999.0,899999.0,1,True
FRA-heladera-philco-one-door-164l-con-dispen,Fravega,PHILCO,Heladeras,Heladera Philco One Door 164L Con Dispenser PHSD170XD,https://www.fravega.com/p/heladera-philco-one-door-164l-con-dispenser-phsd170xd-990235511/,645699.0,509999.0,1,True
FRA-heladera-samsung-inverter-no-frost-407-l,Fravega,SAMSUNG,Heladeras,Heladera Samsung Inverter No Frost 407 Lts RT42CG6720S9B3,https://www.fravega.com/p/heladera-samsung-inverter-no-frost-407-lts-rt42cg6720s9b3-161238/,1649999.0,1484999.0,1,True
FRA-heladera-inverter-no-frost-whirlpool-wrm,Fravega,WHIRLPOOL,Heladeras,Heladera Inverter No Frost Whirlpool WRM62AK 510 Lts,https://www.fravega.com/p/heladera-inverter-no-frost-whirlpool-wrm62ak-510-lts-161530/,1949999.0,1611569.42,1,True
FRA-freezer-vertical-whirlpool-evox-231-lts-,Fravega,WHIRLPOOL,Heladeras,Freezer Vertical Whirlpool Evox 231 Lts,https://www.fravega.com/p/freezer-vertical-whirlpool-evox-231-lts-161382/,1579999.0,1199999.0,1,True
FRA-freezer-gafa-inverter-fghi300b-l-280l-bl,Fravega,GAFA,Heladeras,Freezer Gafa Inverter FGHI300B-L 280L Blanco,https://www.fravega.com/p/freezer-gafa-inverter-fghi300b-l-280l-blanco-160950/,845999.0,789999.0,1,True
FRA-heladera-electrolux-inverter-top-freezer,Fravega,OTRAS,Heladeras,Heladera Electrolux Inverter Top Freezer No Frost AutoSense IW46S 424Lts Plata Reacondicionado,https://www.fravega.com/p/heladera-electrolux-inverter-top-freezer-no-frost-autosense-iw46s-424lts-plata-reacondicionado-470854/,939999.0,776858.68,1,True
FRA-heladera-columbia-no-frost-tradicional-2,Fravega,OTRAS,Heladeras,Heladera Columbia No Frost Tradicional,https://www.fravega.com/p/heladera-columbia-no-frost-tradicional-22665159/,1199900.0,899900.0,1,True
FRA-freezer-vertical-siam-151-lts-neto-negro,Fravega,OTRAS,Heladeras,Freezer Vertical Siam 151 Lts Neto Negro 6 Cajones FSI-CV181N,https://www.fravega.com/p/freezer-vertical-siam-151-lts-neto-negro-6-cajones-fsi-cv181n-990232847/,1088999.0,747999.0,1,True
FRA-heladera-electrolux-inverter-top-freezer,Fravega,OTRAS,Heladeras,Heladera Electrolux Inverter Top Freezer No Frost 508L Plata IT70S,https://www.fravega.com/p/heladera-electrolux-inverter-top-freezer-no-frost-508l-plata-it70s-161267/,2399999.0,1499999.0,1,True
FRA-heladera-no-frost-side-by-side-electrolu,Fravega,OTRAS,Heladeras,Heladera No Frost Side by Side Electrolux ES40S 431 Lts,https://www.fravega.com/p/heladera-no-frost-side-by-side-electrolux-es40s-431-lts-161411/,1899999.0,1599999.0,1,True
FRA-heladera-con-freezer-gafa-hgf388afb-blan,Fravega,GAFA,Heladeras,Heladera con freezer Gafa HGF388AFB Blanca 374lts,https://www.fravega.com/p/heladera-con-freezer-gafa-hgf388afb-blanca-374lts-990014869/,1052998.89,890837.0,1,True
FRA-freezer-inverter-horizontal-midea-mdrc41,Fravega,MIDEA,Heladeras,Freezer Inverter Horizontal Midea MDRC411FZE01 285 Litros,https://www.fravega.com/p/freezer-inverter-horizontal-midea-mdrc411fze01-285-litros-161391/,829999.0,599999.0,1,True
FRA-heladera-whirlpool-wrm46mk-xpert-inverte,Fravega,WHIRLPOOL,Heladeras,Heladera Whirlpool WRM46MK Xpert Inverter No Frost Top Freezer 383 Litros,https://www.fravega.com/p/heladera-whirlpool-wrm46mk-xpert-inverter-no-frost-top-freezer-383-litros-161527/,1299999.0,1074379.34,1,True
FRA-heladera-electrolux-no-frost-inverter-mu,Fravega,OTRAS,Heladeras,Heladera Electrolux No Frost Inverter Multidoor IM7S 480Lts Gris Reacondicionado,https://www.fravega.com/p/heladera-electrolux-no-frost-inverter-multidoor-im7s-480lts-gris-reacondicionado-470945/,1299999.0,1074379.34,1,True
FRA-heladera-bgh-brc330i1a-no-frost-inverter,Fravega,BGH,Heladeras,Heladera BGH BRC330I1A No Frost Inverter 312 L Inox Reacondicionado,https://www.fravega.com/p/heladera-bgh-brc330i1a-no-frost-inverter-312-l-inox-reacondicionado-470884/,799999.0,661156.2,1,True
FRA-heladera-whirlpool-no-frost-wrm39ck-top-,Fravega,WHIRLPOOL,Heladeras,Heladera Whirlpool No Frost WRM39CK Top Mount Inox 340 lts Reacondicionado,https://www.fravega.com/p/heladera-whirlpool-no-frost-wrm39ck-top-mount-inox-340-lts-reacondicionado-470883/,599999.0,495866.94,1,True
FRA-heladera-philco-phsb555xt-gris-496-lts-1,Fravega,PHILCO,Heladeras,Heladera Philco PHSB555XT Gris 496 Lts,https://www.fravega.com/p/heladera-philco-phsb555xt-gris-496-lts-160828/,2299999.0,1699999.0,1,True
FRA-heladera-drean-ciclica-hdr400f41n-396lts,Fravega,DREAN,Heladeras,Heladera Drean Cíclica HDR400F41N 396Lts Black Steel,https://www.fravega.com/p/heladera-drean-ciclica-hdr400f41n-396lts-black-steel-990199696/,1476799.0,959999.0,1,True
FRA-lavarropas-automatico-carga-frontal-inve,Fravega,PHILCO,Lavado,Lavarropas Automático Carga Frontal Inverter Philco 11 Kg 1400 RPM PHLF111GN2,https://www.fravega.com/p/lavarropas-automatico-carga-frontal-inverter-philco-11-kg-1400-rpm-phlf111gn2--170705/,1199999.0,799999.0,1,True
FRA-lavasecarropas-carga-frontal-noblex-10-5,Fravega,NOBLEX,Lavado,"Lavasecarropas Carga frontal Noblex 10,5 Kg 7 Kg 1200 RPM NOLS1057DGN",https://www.fravega.com/p/lavasecarropas-carga-frontal-noblex-10-5-kg-7-kg-1200-rpm-nols1057dgn--170909/,1599999.0,999999.0,1,True
FRA-lavarropas-drean-inverter-7kg-grafito-lf,Fravega,DREAN,Lavado,Lavarropas Drean Inverter 7Kg Grafito LFDR0710ISG0,https://www.fravega.com/p/lavarropas-drean-inverter-7kg-grafito-lfdr0710isg0--170821/,825999.0,749999.0,1,True
FRA-lavarropas-carga-frontal-philco-inverter,Fravega,PHILCO,Lavado,Lavarropas Carga Frontal Philco Inverter 6 Kg Blanco PHLF67BN,https://www.fravega.com/p/lavarropas-carga-frontal-philco-inverter-6-kg-blanco-phlf67bn-990292663/,725999.0,539999.01,1,True
FRA-lavarropas-automatico-carga-superior-phi,Fravega,PHILCO,Lavado,Lavarropas Automático Carga Superior Philco 5 Kg 700 RPM PHLS67GN,https://www.fravega.com/p/lavarropas-automatico-carga-superior-philco-5-kg-700-rpm-phls67gn--170703/,499999.0,419999.0,1,True
FRA-lavasecarropas-samsung-wd11a4453-ecobubb,Fravega,SAMSUNG,Lavado,Lavasecarropas Samsung WD11A4453 Ecobubble Inox 11kg,https://www.fravega.com/p/lavasecarropas-samsung-wd11a4453-ecobubble-inox-11kg-990293537/,1899999.0,1614999.15,1,True
FRA-lavarropas-drean-11-5kg-inverter-lfdr111,Fravega,DREAN,Lavado,"Lavarropas Drean 11,5Kg Inverter LFDR1114ISG Gris",https://www.fravega.com/p/lavarropas-drean-11-5kg-inverter-lfdr1114isg-gris-170638/,1299999.0,1129999.0,1,True
FRA-lavarropas-carga-superior-whirlpool-6kg-,Fravega,WHIRLPOOL,Lavado,Lavarropas Carga Superior Whirlpool 6KG 1200 RPM WCS60ZB,https://www.fravega.com/p/lavarropas-carga-superior-whirlpool-6kg-1200-rpm-wcs60zb-10011542/,1379999.0,1299999.0,1,True
FRA-lavasecarropas-carga-frontal-inverter-mi,Fravega,MIDEA,Lavado,Lavasecarropas Carga Frontal Inverter Midea 12kg 8Kg 1400rpm MF200D120B/T-A1,https://www.fravega.com/p/lavasecarropas-carga-frontal-inverter-midea-12kg-8kg-1400rpm-mf200d120b-t-a1-170500/,1699999.0,1199999.0,1,True
FRA-lavarropas-hisense-wf1i8041bw-carga-fron,Fravega,HISENSE,Lavado,Lavarropas Hisense WF1I8041BW Carga Frontal 8 Kg 1400 RPM Blanco,https://www.fravega.com/p/lavarropas-hisense-wf1i8041bw-carga-frontal-8-kg-1400-rpm-blanco-170754/,749999.0,619999.0,1,True
FRA-lavarropas-codini-silent-4052-10kgs-2245,Fravega,OTRAS,Lavado,Lavarropas Codini Silent 4052 10kgs,https://www.fravega.com/p/lavarropas-codini-silent-4052-10kgs-22456801/,239999.0,178999.0,1,True
FRA-secarropas-centrifugo-koh-i-noor-a-665-2,Fravega,OTRAS,Lavado,"Secarropas Centrifugo KOH-I-NOOR A-665/2 6,5 Kg",https://www.fravega.com/p/secarropas-centrifugo-koh-i-noor-a-665-2-6-5-kg-280026/,389999.0,349999.0,1,True
FRA-lavarropas-samsung-ww95aa046bxubg-9-5kg-,Fravega,SAMSUNG,Lavado,Lavarropas Samsung WW95AA046BXUBG 9.5kg Inox Inverter,https://www.fravega.com/p/lavarropas-samsung-ww95aa046bxubg-9-5kg-inox-inverter-990042205/,1375999.0,1293439.0,1,True
FRA-lavarropas-gafa-lgs070s-carga-superior-f,Fravega,LG,Lavado,Lavarropas Gafa LGS070S Carga Superior Fuzzy 7 Kg Silver,https://www.fravega.com/p/lavarropas-gafa-lgs070s-carga-superior-fuzzy-7-kg-silver-170843/,700399.0,599999.0,1,True
FRA-lavarropas-automatico-electrolux-7-kg-12,Fravega,OTRAS,Lavado,Lavarropas Automático Electrolux 7 Kg 1200 RPM ELAF207W,https://www.fravega.com/p/lavarropas-automatico-electrolux-7-kg-1200-rpm-elaf207w-170560/,749999.0,619833.88,1,True
FRA-lavavajillas-siam-15-cubiertos-acero-ino,Fravega,ACER,Lavado,Lavavajillas Siam 15 Cubiertos Acero Inoxidable LSI-LJ15X,https://www.fravega.com/p/lavavajillas-siam-15-cubiertos-acero-inoxidable-lsi-lj15x-990267615/,980099.0,773999.01,1,True
FRA-lavavajillas-15-cubiertos-inoxidable-dre,Fravega,DREAN,Lavado,Lavavajillas 15 cubiertos Inoxidable Drean LVDR1506CI0,https://www.fravega.com/p/lavavajillas-15-cubiertos-inoxidable-drean-lvdr1506ci0-170689/,1199999.0,991734.71,1,True
FRA-secarropas-whirlpool-por-calor-7-kg-1000,Fravega,WHIRLPOOL,Lavado,Secarropas Whirlpool Por Calor 7 KG,https://www.fravega.com/p/secarropas-whirlpool-por-calor-7-kg-10009364/,889999.0,819999.0,1,True
FRA-lavarropas-whirlpool-carga-superior-11kg,Fravega,WHIRLPOOL,Lavado,Lavarropas Whirlpool Carga Superior 11kg 700rpm WW11BTA Silver,https://www.fravega.com/p/lavarropas-whirlpool-carga-superior-11kg-700rpm-ww11bta-silver-170656/,1049999.0,950225.34,1,True
FRA-lavasecarropas-beko-inverter-8-5-kg-carg,Fravega,OTRAS,Lavado,Lavasecarropas Beko Inverter 8/5 KG Carga Frontal 1400 Rpm,https://www.fravega.com/p/lavasecarropas-beko-inverter-8-5-kg-carga-frontal-1400-rpm-990286443/,1866666.0,1499999.01,1,True
FRA-lavarropas-beko-inverter-10kg-carga-fron,Fravega,OTRAS,Lavado,Lavarropas Beko Inverter 10Kg Carga Frontal 1400 Rpm Inoxidable,https://www.fravega.com/p/lavarropas-beko-inverter-10kg-carga-frontal-1400-rpm-inoxidable-990286445/,1633332.0,1299999.0,1,True
FRA-lavarropas-drean-inverter-9kg-lfdr0914is,Fravega,DREAN,Lavado,Lavarropas Drean Inverter 9Kg LFDR0914ISG Grafito,https://www.fravega.com/p/lavarropas-drean-inverter-9kg-lfdr0914isg-grafito-170819/,1149999.0,949999.0,1,True
FRA-lavasecarropas-philco-12kg-8kg-phls128-2,Fravega,PHILCO,Lavado,Lavasecarropas Philco 12Kg 8KG PHLS128-2TN,https://www.fravega.com/p/lavasecarropas-philco-12kg-8kg-phls128-2tn-170570/,1099999.0,995474.21,1,True
FRA-lavasecarropas-drean-carga-frontal-10-kg,Fravega,DREAN,Lavado,Lavasecarropas Drean Carga Frontal 10 Kg  LSCDR1006SG0,https://www.fravega.com/p/lavasecarropas-drean-carga-frontal-10-kg-lscdr1006sg0-170556/,1299999.0,1074379.34,1,True
FRA-lavarropas-midea-carga-frontal-6kg-1000r,Fravega,MIDEA,Lavado,Lavarropas Midea Carga Frontal 6kg 1000rpm MF100 White,https://www.fravega.com/p/lavarropas-midea-carga-frontal-6kg-1000rpm-mf100-white-170551/,779999.0,529999.0,1,True
FRA-lavarropas-drean-concept-neo-fuzzy-6-5-k,Fravega,DREAN,Lavado,"Lavarropas Drean Concept Neo Fuzzy 6,5 Kg Gris",https://www.fravega.com/p/lavarropas-drean-concept-neo-fuzzy-6-5-kg-gris-170718/,638999.0,579999.0,1,True
FRA-lavarropas-drean-concept-neo-fuzzy-6-5-k,Fravega,DREAN,Lavado,"Lavarropas Drean Concept Neo Fuzzy 6,5 Kg Blanco",https://www.fravega.com/p/lavarropas-drean-concept-neo-fuzzy-6-5-kg-blanco-170702/,619999.0,569999.0,1,True
FRA-lavarropas-automatico-carga-frontal-drea,Fravega,DREAN,Lavado,Lavarropas Automático Carga Frontal Drean 8Kg 1400RPM LCFDR0814SB0,https://www.fravega.com/p/lavarropas-automatico-carga-frontal-drean-8kg-1400rpm-lcfdr0814sb0-170678/,969999.0,849999.0,1,True
FRA-lavarropas-automatico-inverter-drean-6kg,Fravega,DREAN,Lavado,Lavarropas Automático Inverter Drean 6Kg 800 RPM LCFDR0608LB0,https://www.fravega.com/p/lavarropas-automatico-inverter-drean-6kg-800-rpm-lcfdr0608lb0-170538/,699999.0,649999.0,1,True
FRA-secarropas-centrifugo-koh-i-noor-c-755-2,Fravega,OTRAS,Lavado,Secarropas Centrifugo KOH-I-NOOR C-755/2 5.5Kg,https://www.fravega.com/p/secarropas-centrifugo-koh-i-noor-c-755-2-5-5kg-280017/,279999.0,219999.0,1,True
FRA-lavarropas-smartlife-6k-sl-wmu061000w-17,Fravega,OTRAS,Lavado,Lavarropas Smartlife 6K SL-WMU061000W,https://www.fravega.com/p/lavarropas-smartlife-6k-sl-wmu061000w-170465/,629999.0,449999.0,1,True
FRA-lavarropas-midea-carga-frontal-6kg-1000r,Fravega,MIDEA,Lavado,Lavarropas Midea Carga Frontal 6kg 1000rpm MF100 Titanium,https://www.fravega.com/p/lavarropas-midea-carga-frontal-6kg-1000rpm-mf100-titanium-170550/,819999.0,569999.0,1,True
FRA-lavarropas-automatico-carga-frontal-inve,Fravega,PHILCO,Lavado,Lavarropas Automático Carga Frontal Inverter Philco 11 Kg 1400 RPM PHLF111GN2,https://www.fravega.com/p/lavarropas-automatico-carga-frontal-inverter-philco-11-kg-1400-rpm-phlf111gn2--170705/,1199999.0,799999.0,1,True
FRA-lavasecarropas-carga-frontal-noblex-10-5,Fravega,NOBLEX,Lavado,"Lavasecarropas Carga frontal Noblex 10,5 Kg 7 Kg 1200 RPM NOLS1057DGN",https://www.fravega.com/p/lavasecarropas-carga-frontal-noblex-10-5-kg-7-kg-1200-rpm-nols1057dgn--170909/,1599999.0,999999.0,1,True
FRA-lavarropas-drean-inverter-7kg-grafito-lf,Fravega,DREAN,Lavado,Lavarropas Drean Inverter 7Kg Grafito LFDR0710ISG0,https://www.fravega.com/p/lavarropas-drean-inverter-7kg-grafito-lfdr0710isg0--170821/,825999.0,749999.0,1,True
FRA-lavarropas-philco-11-kg-carga-frontal-in,Fravega,PHILCO,Lavado,Lavarropas Philco 11 Kg Carga Frontal Inverter Grey PHLF117GN,https://www.fravega.com/p/lavarropas-philco-11-kg-carga-frontal-inverter-grey-phlf117gn-990284913/,1121999.0,749899.0,1,True
FRA-lavarropas-carga-frontal-philco-inverter,Fravega,PHILCO,Lavado,Lavarropas Carga Frontal Philco Inverter 6 Kg Blanco PHLF67BN,https://www.fravega.com/p/lavarropas-carga-frontal-philco-inverter-6-kg-blanco-phlf67bn-990292663/,725999.0,539999.01,1,True
FRA-lavarropas-automatico-carga-superior-phi,Fravega,PHILCO,Lavado,Lavarropas Automático Carga Superior Philco 5 Kg 700 RPM PHLS67GN,https://www.fravega.com/p/lavarropas-automatico-carga-superior-philco-5-kg-700-rpm-phls67gn--170703/,499999.0,419999.0,1,True
FRA-lavasecarropas-samsung-wd11a4453-ecobubb,Fravega,SAMSUNG,Lavado,Lavasecarropas Samsung WD11A4453 Ecobubble Inox 11kg,https://www.fravega.com/p/lavasecarropas-samsung-wd11a4453-ecobubble-inox-11kg-990293537/,1899999.0,1614999.15,1,True
FRA-lavarropas-drean-11-5kg-inverter-lfdr111,Fravega,DREAN,Lavado,"Lavarropas Drean 11,5Kg Inverter LFDR1114ISG Gris",https://www.fravega.com/p/lavarropas-drean-11-5kg-inverter-lfdr1114isg-gris-170638/,1299999.0,1129999.0,1,True
FRA-lavarropas-carga-superior-whirlpool-6kg-,Fravega,WHIRLPOOL,Lavado,Lavarropas Carga Superior Whirlpool 6KG 1200 RPM WCS60ZB,https://www.fravega.com/p/lavarropas-carga-superior-whirlpool-6kg-1200-rpm-wcs60zb-10011542/,1379999.0,1299999.0,1,True
FRA-lavarropas-comfee-8kg-blanco-cfn03w80-w-,Fravega,OTRAS,Lavado,Lavarropas Comfee 8kg Blanco Cfn03w80/w-ar Blanco,https://www.fravega.com/p/lavarropas-comfee-8kg-blanco-cfn03w80-w-ar-blanco-990293156/,849999.0,539999.01,1,True
FRA-lavasecarropas-carga-frontal-inverter-mi,Fravega,MIDEA,Lavado,Lavasecarropas Carga Frontal Inverter Midea 12kg 8Kg 1400rpm MF200D120B/T-A1,https://www.fravega.com/p/lavasecarropas-carga-frontal-inverter-midea-12kg-8kg-1400rpm-mf200d120b-t-a1-170500/,1699999.0,1199999.0,1,True
FRA-lavarropas-hisense-wf1i8041bw-carga-fron,Fravega,HISENSE,Lavado,Lavarropas Hisense WF1I8041BW Carga Frontal 8 Kg 1400 RPM Blanco,https://www.fravega.com/p/lavarropas-hisense-wf1i8041bw-carga-frontal-8-kg-1400-rpm-blanco-170754/,749999.0,619999.0,1,True
FRA-lavarropas-whirlpool-carga-frontal-7kg-i,Fravega,WHIRLPOOL,Lavado,Lavarropas Whirlpool Carga Frontal 7kg Inverter Titanium,https://www.fravega.com/p/lavarropas-whirlpool-carga-frontal-7kg-inverter-titanium-170822/,849999.0,702478.51,1,True
FRA-lavarropas-codini-silent-4052-10kgs-2245,Fravega,OTRAS,Lavado,Lavarropas Codini Silent 4052 10kgs,https://www.fravega.com/p/lavarropas-codini-silent-4052-10kgs-22456801/,239999.0,178999.0,1,True
FRA-secarropas-centrifugo-koh-i-noor-a-665-2,Fravega,OTRAS,Lavado,"Secarropas Centrifugo KOH-I-NOOR A-665/2 6,5 Kg",https://www.fravega.com/p/secarropas-centrifugo-koh-i-noor-a-665-2-6-5-kg-280026/,389999.0,349999.0,1,True
FRA-lavarropas-carga-superior-gafa-fuzzyfit-,Fravega,GAFA,Lavado,Lavarropas Carga Superior Gafa FuzzyFit 7kg Blanco,https://www.fravega.com/p/lavarropas-carga-superior-gafa-fuzzyfit-7kg-blanco-50029870/,707221.1,617404.0,1,True
FRA-lavarropas-samsung-ww95aa046bxubg-9-5kg-,Fravega,SAMSUNG,Lavado,Lavarropas Samsung WW95AA046BXUBG 9.5kg Inox Inverter,https://www.fravega.com/p/lavarropas-samsung-ww95aa046bxubg-9-5kg-inox-inverter-990042205/,1375999.0,1293439.0,1,True
FRA-lavarropas-gafa-lgs070s-carga-superior-f,Fravega,LG,Lavado,Lavarropas Gafa LGS070S Carga Superior Fuzzy 7 Kg Silver,https://www.fravega.com/p/lavarropas-gafa-lgs070s-carga-superior-fuzzy-7-kg-silver-170843/,700399.0,599999.0,1,True
FRA-lavarropas-automatico-electrolux-7-kg-12,Fravega,OTRAS,Lavado,Lavarropas Automático Electrolux 7 Kg 1200 RPM ELAF207W,https://www.fravega.com/p/lavarropas-automatico-electrolux-7-kg-1200-rpm-elaf207w-170560/,749999.0,619833.88,1,True
FRA-lavavajillas-codini-15-cubiertos-display,Fravega,OTRAS,Lavado,Lavavajillas Codini 15 Cubiertos Display LCD Touch Gris,https://www.fravega.com/p/lavavajillas-codini-15-cubiertos-display-lcd-touch-gris-22567762/,1499999.0,849999.0,1,True
FRA-lavavajillas-siam-15-cubiertos-acero-ino,Fravega,ACER,Lavado,Lavavajillas Siam 15 Cubiertos Acero Inoxidable LSI-LJ15X,https://www.fravega.com/p/lavavajillas-siam-15-cubiertos-acero-inoxidable-lsi-lj15x-990267615/,980099.0,773999.01,1,True
FRA-lavavajillas-15-cubiertos-inoxidable-dre,Fravega,DREAN,Lavado,Lavavajillas 15 cubiertos Inoxidable Drean LVDR1506CI0,https://www.fravega.com/p/lavavajillas-15-cubiertos-inoxidable-drean-lvdr1506ci0-170689/,1199999.0,991734.71,1,True
FRA-secarropas-whirlpool-por-calor-7-kg-1000,Fravega,WHIRLPOOL,Lavado,Secarropas Whirlpool Por Calor 7 KG,https://www.fravega.com/p/secarropas-whirlpool-por-calor-7-kg-10009364/,889999.0,819999.0,1,True
FRA-lavasecarropas-beko-inverter-8-5-kg-carg,Fravega,OTRAS,Lavado,Lavasecarropas Beko Inverter 8/5 KG Carga Frontal 1400 Rpm,https://www.fravega.com/p/lavasecarropas-beko-inverter-8-5-kg-carga-frontal-1400-rpm-990286443/,1866666.0,1499999.01,1,True
FRA-lavarropas-beko-inverter-10kg-carga-fron,Fravega,OTRAS,Lavado,Lavarropas Beko Inverter 10Kg Carga Frontal 1400 Rpm Inoxidable,https://www.fravega.com/p/lavarropas-beko-inverter-10kg-carga-frontal-1400-rpm-inoxidable-990286445/,1633332.0,1299999.0,1,True
FRA-lavarropas-semiautomatico-drean-5kg-lrdr,Fravega,DREAN,Lavado,Lavarropas Semiautomático Drean 5Kg LRDR57SB0 Blanco,https://www.fravega.com/p/lavarropas-semiautomatico-drean-5kg-lrdr57sb0-blanco-170492/,1784999.0,189999.0,1,True
FRA-lavarropas-carga-frontal-6-5kg-800-rpm-p,Fravega,PHILCO,Lavado,"Lavarropas Carga Frontal 6,5Kg 800 RPM Philco PHLF6510B2",https://www.fravega.com/p/lavarropas-carga-frontal-6-5kg-800-rpm-philco-phlf6510b2-170614/,719999.0,549999.0,1,True
FRA-lavasecarropas-drean-carga-frontal-10-kg,Fravega,DREAN,Lavado,Lavasecarropas Drean Carga Frontal 10 Kg  LSCDR1006SG0,https://www.fravega.com/p/lavasecarropas-drean-carga-frontal-10-kg-lscdr1006sg0-170556/,1299999.0,1074379.34,1,True
FRA-lavarropas-drean-concept-neo-fuzzy-6-5-k,Fravega,DREAN,Lavado,"Lavarropas Drean Concept Neo Fuzzy 6,5 Kg Gris",https://www.fravega.com/p/lavarropas-drean-concept-neo-fuzzy-6-5-kg-gris-170718/,638999.0,579999.0,1,True
FRA-lavarropas-automatico-carga-frontal-drea,Fravega,DREAN,Lavado,Lavarropas Automático Carga Frontal Drean 8Kg 1400RPM LCFDR0814SB0,https://www.fravega.com/p/lavarropas-automatico-carga-frontal-drean-8kg-1400rpm-lcfdr0814sb0-170678/,969999.0,849999.0,1,True
FRA-secarropas-centrifugo-koh-i-noor-c-755-2,Fravega,OTRAS,Lavado,Secarropas Centrifugo KOH-I-NOOR C-755/2 5.5Kg,https://www.fravega.com/p/secarropas-centrifugo-koh-i-noor-c-755-2-5-5kg-280017/,279999.0,219999.0,1,True
FRA-lavarropas-smartlife-6k-sl-wmu061000w-17,Fravega,OTRAS,Lavado,Lavarropas Smartlife 6K SL-WMU061000W,https://www.fravega.com/p/lavarropas-smartlife-6k-sl-wmu061000w-170465/,629999.0,449999.0,1,True
FRA-lavarropas-samsung-carga-frontal-7kg-ino,Fravega,SAMSUNG,Lavado,Lavarropas Samsung Carga frontal 7kg Inox WW70AA46BX,https://www.fravega.com/p/lavarropas-samsung-carga-frontal-7kg-inox-ww70aa46bx-170468/,1159999.0,899999.0,1,True
FRA-lavarropas-automatico-carga-frontal-inve,Fravega,MIDEA,Lavado,"Lavarropas Automático Carga Frontal Inverter Midea 11,5 Kg 1400 RPM MF200W115WB/T-A1",https://www.fravega.com/p/lavarropas-automatico-carga-frontal-inverter-midea-11-5-kg-1400-rpm-mf200w115wb-t-a1-170565/,1144999.0,869999.0,1,True
FRA-secarropas-centrifugo-drean-qv-6-5kg-281,Fravega,DREAN,Lavado,Secarropas Centrifugo Drean QV 6.5Kg,https://www.fravega.com/p/secarropas-centrifugo-drean-qv-6-5kg-281852/,253999.0,229999.0,1,True
FRA-lavarropas-lg-wm65gwvfs6-carga-frontal-i,Fravega,LG,Lavado,Lavarropas LG WM65GWVFS6 Carga Frontal Inverter 6.5kg  White,https://www.fravega.com/p/lavarropas-lg-wm65gwvfs6-carga-frontal-inverter-6-5kg-white-170672/,899999.0,679999.0,1,True
FRA-lavarropas-automatico-inverter-drean-8kg,Fravega,DREAN,Lavado,Lavarropas Automático Inverter Drean 8Kg 1400 RPM LCFDR0814SG0,https://www.fravega.com/p/lavarropas-automatico-inverter-drean-8kg-1400-rpm-lcfdr0814sg0-170632/,999999.0,869999.0,1,True
FRA-lavarropas-automatico-carga-frontal-inve,Fravega,PHILCO,Lavado,Lavarropas Automático Carga Frontal Inverter Philco 11 Kg 1400 RPM PHLF111GN2,https://www.fravega.com/p/lavarropas-automatico-carga-frontal-inverter-philco-11-kg-1400-rpm-phlf111gn2--170705/,1199999.0,799999.0,1,True
FRA-lavasecarropas-carga-frontal-noblex-10-5,Fravega,NOBLEX,Lavado,"Lavasecarropas Carga frontal Noblex 10,5 Kg 7 Kg 1200 RPM NOLS1057DGN",https://www.fravega.com/p/lavasecarropas-carga-frontal-noblex-10-5-kg-7-kg-1200-rpm-nols1057dgn--170909/,1599999.0,999999.0,1,True
FRA-lavarropas-drean-inverter-7kg-grafito-lf,Fravega,DREAN,Lavado,Lavarropas Drean Inverter 7Kg Grafito LFDR0710ISG0,https://www.fravega.com/p/lavarropas-drean-inverter-7kg-grafito-lfdr0710isg0--170821/,825999.0,749999.0,1,True
FRA-lavarropas-carga-frontal-philco-inverter,Fravega,PHILCO,Lavado,Lavarropas Carga Frontal Philco Inverter 6 Kg Blanco PHLF67BN,https://www.fravega.com/p/lavarropas-carga-frontal-philco-inverter-6-kg-blanco-phlf67bn-990292663/,725999.0,539999.01,1,True
FRA-lavarropas-automatico-carga-superior-phi,Fravega,PHILCO,Lavado,Lavarropas Automático Carga Superior Philco 5 Kg 700 RPM PHLS67GN,https://www.fravega.com/p/lavarropas-automatico-carga-superior-philco-5-kg-700-rpm-phls67gn--170703/,499999.0,419999.0,1,True
FRA-lavarropas-drean-11-5kg-inverter-lfdr111,Fravega,DREAN,Lavado,"Lavarropas Drean 11,5Kg Inverter LFDR1114ISG Gris",https://www.fravega.com/p/lavarropas-drean-11-5kg-inverter-lfdr1114isg-gris-170638/,1299999.0,1129999.0,1,True
FRA-lavarropas-carga-superior-whirlpool-6kg-,Fravega,WHIRLPOOL,Lavado,Lavarropas Carga Superior Whirlpool 6KG 1200 RPM WCS60ZB,https://www.fravega.com/p/lavarropas-carga-superior-whirlpool-6kg-1200-rpm-wcs60zb-10011542/,1379999.0,1299999.0,1,True
FRA-lavasecarropas-carga-frontal-inverter-mi,Fravega,MIDEA,Lavado,Lavasecarropas Carga Frontal Inverter Midea 12kg 8Kg 1400rpm MF200D120B/T-A1,https://www.fravega.com/p/lavasecarropas-carga-frontal-inverter-midea-12kg-8kg-1400rpm-mf200d120b-t-a1-170500/,1699999.0,1199999.0,1,True
FRA-lavarropas-hisense-wf1i8041bw-carga-fron,Fravega,HISENSE,Lavado,Lavarropas Hisense WF1I8041BW Carga Frontal 8 Kg 1400 RPM Blanco,https://www.fravega.com/p/lavarropas-hisense-wf1i8041bw-carga-frontal-8-kg-1400-rpm-blanco-170754/,749999.0,619999.0,1,True
FRA-lavarropas-codini-silent-4052-10kgs-2245,Fravega,OTRAS,Lavado,Lavarropas Codini Silent 4052 10kgs,https://www.fravega.com/p/lavarropas-codini-silent-4052-10kgs-22456801/,239999.0,178999.0,1,True
FRA-secarropas-centrifugo-koh-i-noor-a-665-2,Fravega,OTRAS,Lavado,"Secarropas Centrifugo KOH-I-NOOR A-665/2 6,5 Kg",https://www.fravega.com/p/secarropas-centrifugo-koh-i-noor-a-665-2-6-5-kg-280026/,389999.0,349999.0,1,True
FRA-lavarropas-samsung-ww95aa046bxubg-9-5kg-,Fravega,SAMSUNG,Lavado,Lavarropas Samsung WW95AA046BXUBG 9.5kg Inox Inverter,https://www.fravega.com/p/lavarropas-samsung-ww95aa046bxubg-9-5kg-inox-inverter-990042205/,1375999.0,1293439.0,1,True
FRA-lavarropas-gafa-lgs070s-carga-superior-f,Fravega,LG,Lavado,Lavarropas Gafa LGS070S Carga Superior Fuzzy 7 Kg Silver,https://www.fravega.com/p/lavarropas-gafa-lgs070s-carga-superior-fuzzy-7-kg-silver-170843/,700399.0,599999.0,1,True
FRA-lavarropas-automatico-electrolux-7-kg-12,Fravega,OTRAS,Lavado,Lavarropas Automático Electrolux 7 Kg 1200 RPM ELAF207W,https://www.fravega.com/p/lavarropas-automatico-electrolux-7-kg-1200-rpm-elaf207w-170560/,749999.0,619833.88,1,True
FRA-lavavajillas-siam-15-cubiertos-acero-ino,Fravega,ACER,Lavado,Lavavajillas Siam 15 Cubiertos Acero Inoxidable LSI-LJ15X,https://www.fravega.com/p/lavavajillas-siam-15-cubiertos-acero-inoxidable-lsi-lj15x-990267615/,980099.0,773999.01,1,True
FRA-lavavajillas-15-cubiertos-inoxidable-dre,Fravega,DREAN,Lavado,Lavavajillas 15 cubiertos Inoxidable Drean LVDR1506CI0,https://www.fravega.com/p/lavavajillas-15-cubiertos-inoxidable-drean-lvdr1506ci0-170689/,1199999.0,991734.71,1,True
FRA-secarropas-whirlpool-por-calor-7-kg-1000,Fravega,WHIRLPOOL,Lavado,Secarropas Whirlpool Por Calor 7 KG,https://www.fravega.com/p/secarropas-whirlpool-por-calor-7-kg-10009364/,889999.0,819999.0,1,True
FRA-lavarropas-whirlpool-carga-superior-11kg,Fravega,WHIRLPOOL,Lavado,Lavarropas Whirlpool Carga Superior 11kg 700rpm WW11BTA Silver,https://www.fravega.com/p/lavarropas-whirlpool-carga-superior-11kg-700rpm-ww11bta-silver-170656/,1049999.0,950225.34,1,True
FRA-lavasecarropas-gadnic-12kg-lavado-8kg-se,Fravega,OTRAS,Lavado,Lavasecarropas Gadnic 12Kg Lavado 8Kg Secado 1200RPM Inverter Automatico Frontal 1800W,https://www.fravega.com/p/lavasecarropas-gadnic-12kg-lavado-8kg-secado-1200rpm-inverter-automatico-frontal-1800w-990290950/,1431299.0,1100999.0,1,True
FRA-lavasecarropas-electrolux-10-5kg-7kg-lsc,Fravega,OTRAS,Lavado,"Lavasecarropas Electrolux 10,5Kg 7KG LSC11",https://www.fravega.com/p/lavasecarropas-electrolux-10-5kg-7kg-lsc11-171092/,1166999.0,1099999.0,1,True
FRA-lavarropas-automatico-inverter-drean-6kg,Fravega,DREAN,Lavado,Lavarropas Automático Inverter Drean 6Kg 1000 RPM LCFDR0610LB0,https://www.fravega.com/p/lavarropas-automatico-inverter-drean-6kg-1000-rpm-lcfdr0610lb0-170579/,749999.0,699999.0,1,True
FRA-lavasecarropas-automatico-carga-frontal-,Fravega,MIDEA,Lavado,Lavasecarropas Automático Carga Frontal Inverter Midea 8Kg 6Kg 1400 RPM MF200D80WB/T,https://www.fravega.com/p/lavasecarropas-automatico-carga-frontal-inverter-midea-8kg-6kg-1400-rpm-mf200d80wb-t-170712/,1199999.0,999999.0,1,True
FRA-lavarropas-carga-superior-gafa-fuzzyfit-,Fravega,GAFA,Lavado,Lavarropas Carga Superior Gafa FuzzyFit 7kg Blanco,https://www.fravega.com/p/lavarropas-carga-superior-gafa-fuzzyfit-7kg-blanco-50029870/,707221.1,617404.0,1,True
FRA-lavarropas-bgh-bwfi08s24ar-carga-frontal,Fravega,BGH,Lavado,Lavarropas BGH BWFI08S24AR Carga Frontal Inverter 8kg Silver,https://www.fravega.com/p/lavarropas-bgh-bwfi08s24ar-carga-frontal-inverter-8kg-silver-170825/,899999.0,749999.0,1,True
FRA-lavarropas-automatico-electrolux-7-kg-12,Fravega,OTRAS,Lavado,Lavarropas Automático Electrolux 7 Kg 1200 RPM ELAF207W,https://www.fravega.com/p/lavarropas-automatico-electrolux-7-kg-1200-rpm-elaf207w-170682/,749999.0,619833.88,1,True
FRA-lavarropa-samsung-carga-frontal-6-5-kg-s,Fravega,SAMSUNG,Lavado,"Lavarropa Samsung Carga Frontal 6,5 Kg Silver WW65A4000SU",https://www.fravega.com/p/lavarropa-samsung-carga-frontal-6-5-kg-silver-ww65a4000su-170419/,944999.0,765999.0,1,True
FRA-lavarropas-carga-frontal-inverter-whirlp,Fravega,WHIRLPOOL,Lavado,Lavarropas Carga Frontal Inverter Whirlpool 9kg 1400rpm WNQ90AS Gris,https://www.fravega.com/p/lavarropas-carga-frontal-inverter-whirlpool-9kg-1400rpm-wnq90as-gris-170446/,1249999.0,1033057.02,1,True
FRA-lavavajillas-whirlpool-wlv14sy-14c-17012,Fravega,WHIRLPOOL,Lavado,Lavavajillas Whirlpool WLV14SY 14C,https://www.fravega.com/p/lavavajillas-whirlpool-wlv14sy-14c-170123/,1399999.0,1157023.97,1,True
FRA-secarropas-centrifugo-koh-i-noor-b-665-2,Fravega,OTRAS,Lavado,"Secarropas Centrifugo KOH-I-NOOR B-665/2 6,5 Kg",https://www.fravega.com/p/secarropas-centrifugo-koh-i-noor-b-665-2-6-5-kg-280029/,309499.0,279999.0,1,True
FRA-lavarropas-semiautomatico-carga-superior,Fravega,DREAN,Lavado,Lavarropas Semiautomático Carga Superior Drean LTDR87SB0 8Kg,https://www.fravega.com/p/lavarropas-semiautomatico-carga-superior-drean-ltdr87sb0-8kg-170787/,335999.0,299999.0,1,True
FRA-lavarropa-hisense-6-kg-carga-superior-wt,Fravega,HISENSE,Lavado,Lavarropa Hisense 6 Kg Carga Superior Wtja802t Gris,https://www.fravega.com/p/lavarropa-hisense-6-kg-carga-superior-wtja802t-gris-170805/,559999.0,499999.0,1,True
FRA-secarropas-por-calor-de-pared-rebatible-,Fravega,OTRAS,Lavado,Secarropas por calor de pared rebatible Columbia SCP 6000,https://www.fravega.com/p/secarropas-por-calor-de-pared-rebatible-columbia-scp-6000-50021781/,249900.0,199900.0,1,True
FRA-lavarropas-midea-carga-frontal-6kg-1000r,Fravega,MIDEA,Lavado,Lavarropas Midea Carga Frontal 6kg 1000rpm MF100 Titanium,https://www.fravega.com/p/lavarropas-midea-carga-frontal-6kg-1000rpm-mf100-titanium-170550/,819999.0,569999.0,1,True
FRA-lavarropas-automatico-carga-frontal-inve,Fravega,PHILCO,Lavado,Lavarropas Automático Carga Frontal Inverter Philco 11 Kg 1400 RPM PHLF111GN2,https://www.fravega.com/p/lavarropas-automatico-carga-frontal-inverter-philco-11-kg-1400-rpm-phlf111gn2--170705/,1199999.0,799999.0,1,True
FRA-lavasecarropas-carga-frontal-noblex-10-5,Fravega,NOBLEX,Lavado,"Lavasecarropas Carga frontal Noblex 10,5 Kg 7 Kg 1200 RPM NOLS1057DGN",https://www.fravega.com/p/lavasecarropas-carga-frontal-noblex-10-5-kg-7-kg-1200-rpm-nols1057dgn--170909/,1599999.0,999999.0,1,True
FRA-lavarropas-drean-inverter-7kg-grafito-lf,Fravega,DREAN,Lavado,Lavarropas Drean Inverter 7Kg Grafito LFDR0710ISG0,https://www.fravega.com/p/lavarropas-drean-inverter-7kg-grafito-lfdr0710isg0--170821/,825999.0,749999.0,1,True
FRA-lavarropas-philco-11-kg-carga-frontal-in,Fravega,PHILCO,Lavado,Lavarropas Philco 11 Kg Carga Frontal Inverter Grey PHLF117GN,https://www.fravega.com/p/lavarropas-philco-11-kg-carga-frontal-inverter-grey-phlf117gn-990284913/,1121999.0,749899.0,1,True
FRA-lavarropas-carga-frontal-philco-inverter,Fravega,PHILCO,Lavado,Lavarropas Carga Frontal Philco Inverter 6 Kg Blanco PHLF67BN,https://www.fravega.com/p/lavarropas-carga-frontal-philco-inverter-6-kg-blanco-phlf67bn-990292663/,725999.0,539999.01,1,True
FRA-lavarropas-automatico-carga-superior-phi,Fravega,PHILCO,Lavado,Lavarropas Automático Carga Superior Philco 5 Kg 700 RPM PHLS67GN,https://www.fravega.com/p/lavarropas-automatico-carga-superior-philco-5-kg-700-rpm-phls67gn--170703/,499999.0,419999.0,1,True
FRA-lavasecarropas-samsung-wd11a4453-ecobubb,Fravega,SAMSUNG,Lavado,Lavasecarropas Samsung WD11A4453 Ecobubble Inox 11kg,https://www.fravega.com/p/lavasecarropas-samsung-wd11a4453-ecobubble-inox-11kg-990293537/,1899999.0,1614999.15,1,True
FRA-lavarropas-drean-11-5kg-inverter-lfdr111,Fravega,DREAN,Lavado,"Lavarropas Drean 11,5Kg Inverter LFDR1114ISG Gris",https://www.fravega.com/p/lavarropas-drean-11-5kg-inverter-lfdr1114isg-gris-170638/,1299999.0,1129999.0,1,True
FRA-lavarropas-carga-superior-whirlpool-6kg-,Fravega,WHIRLPOOL,Lavado,Lavarropas Carga Superior Whirlpool 6KG 1200 RPM WCS60ZB,https://www.fravega.com/p/lavarropas-carga-superior-whirlpool-6kg-1200-rpm-wcs60zb-10011542/,1379999.0,1299999.0,1,True
FRA-lavarropas-comfee-8kg-blanco-cfn03w80-w-,Fravega,OTRAS,Lavado,Lavarropas Comfee 8kg Blanco Cfn03w80/w-ar Blanco,https://www.fravega.com/p/lavarropas-comfee-8kg-blanco-cfn03w80-w-ar-blanco-990293156/,849999.0,539999.01,1,True
FRA-lavasecarropas-carga-frontal-inverter-mi,Fravega,MIDEA,Lavado,Lavasecarropas Carga Frontal Inverter Midea 12kg 8Kg 1400rpm MF200D120B/T-A1,https://www.fravega.com/p/lavasecarropas-carga-frontal-inverter-midea-12kg-8kg-1400rpm-mf200d120b-t-a1-170500/,1699999.0,1199999.0,1,True
FRA-lavarropas-hisense-wf1i8041bw-carga-fron,Fravega,HISENSE,Lavado,Lavarropas Hisense WF1I8041BW Carga Frontal 8 Kg 1400 RPM Blanco,https://www.fravega.com/p/lavarropas-hisense-wf1i8041bw-carga-frontal-8-kg-1400-rpm-blanco-170754/,749999.0,619999.0,1,True
FRA-lavarropas-whirlpool-carga-frontal-7kg-i,Fravega,WHIRLPOOL,Lavado,Lavarropas Whirlpool Carga Frontal 7kg Inverter Titanium,https://www.fravega.com/p/lavarropas-whirlpool-carga-frontal-7kg-inverter-titanium-170822/,849999.0,702478.51,1,True
FRA-lavarropas-codini-silent-4052-10kgs-2245,Fravega,OTRAS,Lavado,Lavarropas Codini Silent 4052 10kgs,https://www.fravega.com/p/lavarropas-codini-silent-4052-10kgs-22456801/,239999.0,178999.0,1,True
FRA-secarropas-centrifugo-koh-i-noor-a-665-2,Fravega,OTRAS,Lavado,"Secarropas Centrifugo KOH-I-NOOR A-665/2 6,5 Kg",https://www.fravega.com/p/secarropas-centrifugo-koh-i-noor-a-665-2-6-5-kg-280026/,389999.0,349999.0,1,True
FRA-lavarropas-carga-superior-gafa-fuzzyfit-,Fravega,GAFA,Lavado,Lavarropas Carga Superior Gafa FuzzyFit 7kg Blanco,https://www.fravega.com/p/lavarropas-carga-superior-gafa-fuzzyfit-7kg-blanco-50029870/,707221.1,617404.0,1,True
FRA-lavarropas-samsung-ww95aa046bxubg-9-5kg-,Fravega,SAMSUNG,Lavado,Lavarropas Samsung WW95AA046BXUBG 9.5kg Inox Inverter,https://www.fravega.com/p/lavarropas-samsung-ww95aa046bxubg-9-5kg-inox-inverter-990042205/,1375999.0,1293439.0,1,True
FRA-lavarropas-gafa-lgs070s-carga-superior-f,Fravega,LG,Lavado,Lavarropas Gafa LGS070S Carga Superior Fuzzy 7 Kg Silver,https://www.fravega.com/p/lavarropas-gafa-lgs070s-carga-superior-fuzzy-7-kg-silver-170843/,700399.0,599999.0,1,True
FRA-lavarropas-automatico-electrolux-7-kg-12,Fravega,OTRAS,Lavado,Lavarropas Automático Electrolux 7 Kg 1200 RPM ELAF207W,https://www.fravega.com/p/lavarropas-automatico-electrolux-7-kg-1200-rpm-elaf207w-170560/,749999.0,619833.88,1,True
FRA-lavavajillas-codini-15-cubiertos-display,Fravega,OTRAS,Lavado,Lavavajillas Codini 15 Cubiertos Display LCD Touch Gris,https://www.fravega.com/p/lavavajillas-codini-15-cubiertos-display-lcd-touch-gris-22567762/,1499999.0,849999.0,1,True
FRA-lavavajillas-siam-15-cubiertos-acero-ino,Fravega,ACER,Lavado,Lavavajillas Siam 15 Cubiertos Acero Inoxidable LSI-LJ15X,https://www.fravega.com/p/lavavajillas-siam-15-cubiertos-acero-inoxidable-lsi-lj15x-990267615/,980099.0,773999.01,1,True
FRA-lavavajillas-15-cubiertos-inoxidable-dre,Fravega,DREAN,Lavado,Lavavajillas 15 cubiertos Inoxidable Drean LVDR1506CI0,https://www.fravega.com/p/lavavajillas-15-cubiertos-inoxidable-drean-lvdr1506ci0-170689/,1199999.0,991734.71,1,True
FRA-secarropas-whirlpool-por-calor-7-kg-1000,Fravega,WHIRLPOOL,Lavado,Secarropas Whirlpool Por Calor 7 KG,https://www.fravega.com/p/secarropas-whirlpool-por-calor-7-kg-10009364/,889999.0,819999.0,1,True
FRA-lavasecarropas-beko-inverter-8-5-kg-carg,Fravega,OTRAS,Lavado,Lavasecarropas Beko Inverter 8/5 KG Carga Frontal 1400 Rpm,https://www.fravega.com/p/lavasecarropas-beko-inverter-8-5-kg-carga-frontal-1400-rpm-990286443/,1866666.0,1499999.01,1,True
FRA-lavarropas-beko-inverter-10kg-carga-fron,Fravega,OTRAS,Lavado,Lavarropas Beko Inverter 10Kg Carga Frontal 1400 Rpm Inoxidable,https://www.fravega.com/p/lavarropas-beko-inverter-10kg-carga-frontal-1400-rpm-inoxidable-990286445/,1633332.0,1299999.0,1,True
FRA-lavarropa-hisense-6-kg-carga-superior-wt,Fravega,HISENSE,Lavado,Lavarropa Hisense 6 Kg Carga Superior Wtja802t Gris,https://www.fravega.com/p/lavarropa-hisense-6-kg-carga-superior-wtja802t-gris-170805/,559999.0,499999.0,1,True
FRA-secarropas-por-calor-de-pared-rebatible-,Fravega,OTRAS,Lavado,Secarropas por calor de pared rebatible Columbia SCP 6000,https://www.fravega.com/p/secarropas-por-calor-de-pared-rebatible-columbia-scp-6000-50021781/,249900.0,199900.0,1,True
FRA-lavarropas-whirlpool-carga-superior-11kg,Fravega,WHIRLPOOL,Lavado,Lavarropas Whirlpool Carga Superior 11kg 700rpm WW11BTA Silver,https://www.fravega.com/p/lavarropas-whirlpool-carga-superior-11kg-700rpm-ww11bta-silver-170656/,1049999.0,950225.34,1,True
FRA-lavarropas-carga-superior-6-5-kg-800-rpm,Fravega,DREAN,Lavado,"Lavarropas Carga Superior 6,5 Kg 800 RPM Gris Drean LSDR0680TS0",https://www.fravega.com/p/lavarropas-carga-superior-6-5-kg-800-rpm-gris-drean-lsdr0680ts0-990278485/,830699.0,599999.0,1,True
FRA-secarropas-por-calor-columbia-scp-6000-2,Fravega,OTRAS,Lavado,Secarropas por Calor Columbia SCP 6000,https://www.fravega.com/p/secarropas-por-calor-columbia-scp-6000-280008/,219999.0,169999.0,1,True
FRA-lavavajillas-electrolux-ls14e-14-cubiert,Fravega,OTRAS,Lavado,Lavavajillas Electrolux LS14E 14 Cubiertos,https://www.fravega.com/p/lavavajillas-electrolux-ls14e-14-cubiertos-170792/,1099999.0,999999.0,1,True
FRA-lavarropas-automatico-codini-inverter-st,Fravega,OTRAS,Lavado,Lavarropas Automático Codini Inverter Steam 6kgs 1000 Rpm Gris,https://www.fravega.com/p/lavarropas-automatico-codini-inverter-steam-6kgs-1000-rpm-gris-22646290/,824999.0,599999.0,1,True
FRA-lavasecarropas-smartlife-inverter-11-5kg,Fravega,OTRAS,Lavado,Lavasecarropas Smartlife Inverter 11.5KG SL-WDI11581400W Blanco,https://www.fravega.com/p/lavasecarropas-smartlife-inverter-11-5kg-sl-wdi11581400w-blanco-170528/,1245999.0,999999.0,1,True
FRA-lavarropas-lg-carga-frontal-12kg-ai-dd-i,Fravega,LG,Lavado,Lavarropas LG Carga Frontal 12Kg AI DD Inverter Gris Oscuro WM12BVC4S6,https://www.fravega.com/p/lavarropas-lg-carga-frontal-12kg-ai-dd-inverter-gris-oscuro-wm12bvc4s6-990295685/,1539999.0,1399999.0,1,True
FRA-lavarropas-semiautomatico-codini-4051-10,Fravega,OTRAS,Lavado,Lavarropas Semiautomatico Codini 4051 10KG,https://www.fravega.com/p/lavarropas-semiautomatico-codini-4051-10kg-170055/,229999.0,189999.0,1,True
FRA-lavarropas-midea-carga-frontal-inverter-,Fravega,MIDEA,Lavado,Lavarropas Midea Carga Frontal Inverter Wi-Fi 8kg 1400rpm MF200 Blanco,https://www.fravega.com/p/lavarropas-midea-carga-frontal-inverter-wi-fi-8kg-1400rpm-mf200-blanco-170548/,894999.0,729999.0,1,True
FRA-secarropas-centrifugo-drean-qv-5-5kg-281,Fravega,DREAN,Lavado,Secarropas Centrifugo Drean QV 5.5Kg,https://www.fravega.com/p/secarropas-centrifugo-drean-qv-5-5kg-281791/,239999.0,199999.0,1,True
FRA-lavarropas-automatico-carga-frontal-inve,Fravega,PHILCO,Lavado,Lavarropas Automático Carga Frontal Inverter Philco 11 Kg 1400 RPM PHLF111GN2,https://www.fravega.com/p/lavarropas-automatico-carga-frontal-inverter-philco-11-kg-1400-rpm-phlf111gn2--170705/,1199999.0,799999.0,1,True
FRA-lavasecarropas-carga-frontal-noblex-10-5,Fravega,NOBLEX,Lavado,"Lavasecarropas Carga frontal Noblex 10,5 Kg 7 Kg 1200 RPM NOLS1057DGN",https://www.fravega.com/p/lavasecarropas-carga-frontal-noblex-10-5-kg-7-kg-1200-rpm-nols1057dgn--170909/,1599999.0,999999.0,1,True
FRA-lavarropas-drean-inverter-7kg-grafito-lf,Fravega,DREAN,Lavado,Lavarropas Drean Inverter 7Kg Grafito LFDR0710ISG0,https://www.fravega.com/p/lavarropas-drean-inverter-7kg-grafito-lfdr0710isg0--170821/,825999.0,749999.0,1,True
FRA-lavarropas-carga-frontal-philco-inverter,Fravega,PHILCO,Lavado,Lavarropas Carga Frontal Philco Inverter 6 Kg Blanco PHLF67BN,https://www.fravega.com/p/lavarropas-carga-frontal-philco-inverter-6-kg-blanco-phlf67bn-990292663/,725999.0,539999.01,1,True
FRA-lavarropas-automatico-carga-superior-phi,Fravega,PHILCO,Lavado,Lavarropas Automático Carga Superior Philco 5 Kg 700 RPM PHLS67GN,https://www.fravega.com/p/lavarropas-automatico-carga-superior-philco-5-kg-700-rpm-phls67gn--170703/,499999.0,419999.0,1,True
FRA-lavarropas-drean-11-5kg-inverter-lfdr111,Fravega,DREAN,Lavado,"Lavarropas Drean 11,5Kg Inverter LFDR1114ISG Gris",https://www.fravega.com/p/lavarropas-drean-11-5kg-inverter-lfdr1114isg-gris-170638/,1299999.0,1129999.0,1,True
FRA-lavarropas-carga-superior-whirlpool-6kg-,Fravega,WHIRLPOOL,Lavado,Lavarropas Carga Superior Whirlpool 6KG 1200 RPM WCS60ZB,https://www.fravega.com/p/lavarropas-carga-superior-whirlpool-6kg-1200-rpm-wcs60zb-10011542/,1379999.0,1299999.0,1,True
FRA-lavasecarropas-carga-frontal-inverter-mi,Fravega,MIDEA,Lavado,Lavasecarropas Carga Frontal Inverter Midea 12kg 8Kg 1400rpm MF200D120B/T-A1,https://www.fravega.com/p/lavasecarropas-carga-frontal-inverter-midea-12kg-8kg-1400rpm-mf200d120b-t-a1-170500/,1699999.0,1199999.0,1,True
FRA-lavarropas-hisense-wf1i8041bw-carga-fron,Fravega,HISENSE,Lavado,Lavarropas Hisense WF1I8041BW Carga Frontal 8 Kg 1400 RPM Blanco,https://www.fravega.com/p/lavarropas-hisense-wf1i8041bw-carga-frontal-8-kg-1400-rpm-blanco-170754/,749999.0,619999.0,1,True
FRA-lavarropas-codini-silent-4052-10kgs-2245,Fravega,OTRAS,Lavado,Lavarropas Codini Silent 4052 10kgs,https://www.fravega.com/p/lavarropas-codini-silent-4052-10kgs-22456801/,239999.0,178999.0,1,True
FRA-secarropas-centrifugo-koh-i-noor-a-665-2,Fravega,OTRAS,Lavado,"Secarropas Centrifugo KOH-I-NOOR A-665/2 6,5 Kg",https://www.fravega.com/p/secarropas-centrifugo-koh-i-noor-a-665-2-6-5-kg-280026/,389999.0,349999.0,1,True
FRA-lavarropas-samsung-ww95aa046bxubg-9-5kg-,Fravega,SAMSUNG,Lavado,Lavarropas Samsung WW95AA046BXUBG 9.5kg Inox Inverter,https://www.fravega.com/p/lavarropas-samsung-ww95aa046bxubg-9-5kg-inox-inverter-990042205/,1375999.0,1293439.0,1,True
FRA-lavarropas-gafa-lgs070s-carga-superior-f,Fravega,LG,Lavado,Lavarropas Gafa LGS070S Carga Superior Fuzzy 7 Kg Silver,https://www.fravega.com/p/lavarropas-gafa-lgs070s-carga-superior-fuzzy-7-kg-silver-170843/,700399.0,599999.0,1,True
FRA-lavarropas-automatico-electrolux-7-kg-12,Fravega,OTRAS,Lavado,Lavarropas Automático Electrolux 7 Kg 1200 RPM ELAF207W,https://www.fravega.com/p/lavarropas-automatico-electrolux-7-kg-1200-rpm-elaf207w-170560/,749999.0,619833.88,1,True
FRA-lavavajillas-siam-15-cubiertos-acero-ino,Fravega,ACER,Lavado,Lavavajillas Siam 15 Cubiertos Acero Inoxidable LSI-LJ15X,https://www.fravega.com/p/lavavajillas-siam-15-cubiertos-acero-inoxidable-lsi-lj15x-990267615/,980099.0,773999.01,1,True
FRA-lavavajillas-15-cubiertos-inoxidable-dre,Fravega,DREAN,Lavado,Lavavajillas 15 cubiertos Inoxidable Drean LVDR1506CI0,https://www.fravega.com/p/lavavajillas-15-cubiertos-inoxidable-drean-lvdr1506ci0-170689/,1199999.0,991734.71,1,True
FRA-secarropas-whirlpool-por-calor-7-kg-1000,Fravega,WHIRLPOOL,Lavado,Secarropas Whirlpool Por Calor 7 KG,https://www.fravega.com/p/secarropas-whirlpool-por-calor-7-kg-10009364/,889999.0,819999.0,1,True
FRA-lavarropas-whirlpool-carga-superior-11kg,Fravega,WHIRLPOOL,Lavado,Lavarropas Whirlpool Carga Superior 11kg 700rpm WW11BTA Silver,https://www.fravega.com/p/lavarropas-whirlpool-carga-superior-11kg-700rpm-ww11bta-silver-170656/,1049999.0,950225.34,1,True
FRA-lavarropas-automatico-inverter-drean-11-,Fravega,LG,Lavado,Lavarropas Automático Inverter Drean 11 Kg 700 RPM LPDR1165LG,https://www.fravega.com/p/lavarropas-automatico-inverter-drean-11-kg-700-rpm-lpdr1165lg-170475/,1049999.0,999999.0,1,True
FRA-secarropas-smartlife-calor-inverter-10kg,Fravega,HP,Lavado,Secarropas Smartlife Calor Inverter 10kg SL-DYHP10G Gris,https://www.fravega.com/p/secarropas-smartlife-calor-inverter-10kg-sl-dyhp10g-gris-280065/,1574999.0,1499999.0,1,True
FRA-secarropas-electrolux-premium-care-9kg-b,Fravega,OTRAS,Lavado,Secarropas Electrolux Premium Care 9kg Blanco ESEF209B,https://www.fravega.com/p/secarropas-electrolux-premium-care-9kg-blanco-esef209b--280294/,1374665.55,899999.0,1,True
FRA-lavarropas-semiautomatico-drean-5kg-lrdr,Fravega,DREAN,Lavado,Lavarropas Semiautomático Drean 5Kg LRDR57SB0 Blanco,https://www.fravega.com/p/lavarropas-semiautomatico-drean-5kg-lrdr57sb0-blanco-170492/,1784999.0,189999.0,1,True
FRA-lavasecarropas-samsung-wd11t504-control-,Fravega,SAMSUNG,Lavado,Lavasecarropas Samsung WD11T504 Control IA White 11Kg/7kg,https://www.fravega.com/p/lavasecarropas-samsung-wd11t504-control-ia-white-11kg-7kg-990293539/,1999999.0,1499999.24,1,True
FRA-lavarropas-inverter-carga-frontal-6kg-te,Fravega,OTRAS,Lavado,Lavarropas Inverter Carga Frontal 6Kg Telefunken TFK-WMCFWT,https://www.fravega.com/p/lavarropas-inverter-carga-frontal-6kg-telefunken-tfk-wmcfwt-170810/,699999.0,499999.0,1,True
FRA-lavasecarropas-smartlife-11-5kg-sl-wdi11,Fravega,OTRAS,Lavado,Lavasecarropas Smartlife 11.5KG SL-WDI11581400G Gris,https://www.fravega.com/p/lavasecarropas-smartlife-11-5kg-sl-wdi11581400g-gris-170564/,1299999.0,1099999.0,1,True
FRA-lavarropas-automatico-carga-frontal-inve,Fravega,MIDEA,Lavado,"Lavarropas Automático Carga Frontal Inverter Midea 10,5 Kg 1400 RPM MF200W105WB/T-A1",https://www.fravega.com/p/lavarropas-automatico-carga-frontal-inverter-midea-10-5-kg-1400-rpm-mf200w105wb-t-a1-170633/,1089999.0,799999.0,1,True
FRA-lavavajillas-sobre-mesada-philco-phlj05b,Fravega,PHILCO,Lavado,Lavavajillas Sobre Mesada Philco PHLJ05B 5 Cubiertos Blanco,https://www.fravega.com/p/lavavajillas-sobre-mesada-philco-phlj05b-5-cubiertos-blanco-170320/,616399.0,409999.0,1,True
FRA-lavarropas-gafa-lgs055w-carga-superior-f,Fravega,LG,Lavado,"Lavarropas Gafa LGS055W Carga Superior Fuzzy 5,5 Kg 650 RPM Blanco",https://www.fravega.com/p/lavarropas-gafa-lgs055w-carga-superior-fuzzy-5-5-kg-650-rpm-blanco-170845/,545899.0,539999.0,1,True
FRA-secarropas-centrifugo-ecologico-koh-i-no,Fravega,OTRAS,Lavado,"Secarropas Centrífugo Ecológico Koh-I-Noor N-755/Eco 5,5 Kg Negro",https://www.fravega.com/p/secarropas-centrifugo-ecologico-koh-i-noor-n-755-eco-5-5-kg-negro-280054/,309999.0,209999.0,1,True
FRA-secarropas-por-calor-9-kg-gris-drean-sed,Fravega,DREAN,Lavado,Secarropas Por Calor 9 Kg Gris Drean Sed090vgcl0,https://www.fravega.com/p/secarropas-por-calor-9-kg-gris-drean-sed090vgcl0-990174110/,1234999.0,679998.99,1,True
FRA-aire-acondicionado-carrier-inverter-spli,Fravega,OTRAS,Aires Acondicionados,Aire Acondicionado Carrier Inverter Split Frío/Calor 53HVP12N81E 3600W 3100F,https://www.fravega.com/p/aire-acondicionado-carrier-inverter-split-frio-calor-53hvp12n81e-3600w-3100f-21055/,799999.0,661156.2,1,True
FRA-aire-acondicionado-split-frio-calor-hise,Fravega,HISENSE,Aires Acondicionados,Aire Acondicionado Split Frío/Calor Hisense 2750W 2300F 27HR4SYRKG00N,https://www.fravega.com/p/aire-acondicionado-split-frio-calor-hisense-2750w-2300f-27hr4syrkg00n-20889/,699999.0,529999.0,1,True
FRA-aire-acondicionado-split-frio-calor-hise,Fravega,HISENSE,Aires Acondicionados,Aire Acondicionado Split Frío/Calor Hisense 3400W 2900F 34HR4SVRKG03PX4,https://www.fravega.com/p/aire-acondicionado-split-frio-calor-hisense-3400w-2900f-34hr4svrkg03px4-20890/,799999.0,569999.0,1,True
FRA-split-comfee-inverter-r-32-3096-kcal-h-f,Fravega,OTRAS,Aires Acondicionados,Split Comfee Inverter R-32 3096 kCal/h Frío Calor,https://www.fravega.com/p/split-comfee-inverter-r-32-3096-kcal-h-frio-calor-990175069/,1143999.0,659999.0,1,True
FRA-aire-acondicionado-bgh-split-inverter-fr,Fravega,BGH,Aires Acondicionados,Aire Acondicionado Bgh Split Inverter Frio/calor 3100F 3650W Blanco BSI37WCNX,https://www.fravega.com/p/aire-acondicionado-bgh-split-inverter-frio-calor-3100f-3650w-blanco-bsi37wcnx-21206/,899999.0,743800.83,1,True
FRA-calefactor-infrarrojo-liliana-ci650-2200,Fravega,LILIANA,Aires Acondicionados,Calefactor Infrarrojo Liliana CI650 2200W,https://www.fravega.com/p/calefactor-infrarrojo-liliana-ci650-2200w-130892/,157999.0,119999.0,1,True
FRA-calefactor-electrico-longvie-ee2k-130233,Fravega,OTRAS,Aires Acondicionados,Calefactor Eléctrico Longvie EE2K,https://www.fravega.com/p/calefactor-electrico-longvie-ee2k-130233/,249999.0,179999.0,1,True
FRA-aire-acondicionado-split-frio-calor-sams,Fravega,SAMSUNG,Aires Acondicionados,Aire Acondicionado Split Frío/Calor Samsung Inverter 4500F AR40F18,https://www.fravega.com/p/aire-acondicionado-split-frio-calor-samsung-inverter-4500f-ar40f18-990257268/,2399999.0,1339999.0,1,True
FRA-aire-acondicionado-split-frio-calor-inve,Fravega,HISENSE,Aires Acondicionados,Aire Acondicionado Split Frío/Calor Inverter Hisense 5500W 4700F 55UR4SXSCD,https://www.fravega.com/p/aire-acondicionado-split-frio-calor-inverter-hisense-5500w-4700f-55ur4sxscd-20950/,1399999.0,1099999.0,1,True
FRA-aire-acondicionado-lg-inverter-dualcool-,Fravega,LG,Aires Acondicionados,Aire Acondicionado LG Inverter DUALCOOL WiFi Frío Calor 3000 Frigorías S4-W12JA31A,https://www.fravega.com/p/aire-acondicionado-lg-inverter-dualcool-wifi-frio-calor-3000-frigorias-s4-w12ja31a-990247380/,1534499.0,1249998.99,1,True
FRA-aire-acondicionado-philco-inverter-4700f,Fravega,PHILCO,Aires Acondicionados,Aire Acondicionado Philco Inverter 4700F 5500W PHIN55HA2AN,https://www.fravega.com/p/aire-acondicionado-philco-inverter-4700f-5500w-phin55ha2an-21135/,1234859.0,1020544.63,1,True
FRA-calefactor-multigas-orbis-sin-salida-404,Fravega,OTRAS,Aires Acondicionados,Calefactor Multigas Orbis Sin Salida 4044NO 4200 kcal/h,https://www.fravega.com/p/calefactor-multigas-orbis-sin-salida-4044no-4200-kcal-h-130425/,299999.0,249999.0,1,True
FRA-aire-acondicionado-lg-inverter-lg-dualco,Fravega,LG,Aires Acondicionados,Aire Acondicionado LG Inverter LG DUALCOOL WiFi Frío Calor 4500 Frigorías S4-W18KL31A,https://www.fravega.com/p/aire-acondicionado-lg-inverter-lg-dualcool-wifi-frio-calor-4500-frigorias-s4-w18kl31a-990247383/,1769999.0,1549998.99,1,True
FRA-aire-acondicionado-split-frio-calor-inve,Fravega,HISENSE,Aires Acondicionados,Aire Acondicionado Split Frío/Calor Inverter Hisense 5500W 4700F 55UR4SXSCA,https://www.fravega.com/p/aire-acondicionado-split-frio-calor-inverter-hisense-5500w-4700f-55ur4sxsca-20907/,1499999.0,1399999.0,1,True
FRA-panel-de-mica-liliana-cfm717-2000w-13014,Fravega,LILIANA,Aires Acondicionados,Panel de Mica Liliana CFM717 2000W,https://www.fravega.com/p/panel-de-mica-liliana-cfm717-2000w-130144/,199999.0,139999.0,1,True
FRA-convector-electrico-liliana-cng17-2000w-,Fravega,LILIANA,Aires Acondicionados,Convector Eléctrico Liliana CNG17 2000W,https://www.fravega.com/p/convector-electrico-liliana-cng17-2000w-130110/,109999.0,89999.0,1,True
FRA-aire-acondicionado-philco-inverter-3200f,Fravega,PHILCO,Aires Acondicionados,Aire Acondicionado Philco Inverter 3200F 3750W PHIN37HA2AN,https://www.fravega.com/p/aire-acondicionado-philco-inverter-3200f-3750w-phin37ha2an-21134/,882042.0,728960.33,1,True
FRA-aire-acondicionado-lg-inverter-dualcool-,Fravega,LG,Aires Acondicionados,Aire Acondicionado LG Inverter DUALCOOL WiFi Frío/Calor 6000 Frigorías S4-W24K231E,https://www.fravega.com/p/aire-acondicionado-lg-inverter-dualcool-wifi-frio-calor-6000-frigorias-s4-w24k231e-990247379/,2554999.0,2199999.0,1,True
FRA-caloventor-kanjihome-kjh-ch103-2000-w-ne,Fravega,OTRAS,Aires Acondicionados,Caloventor KanjiHome KJH-CH103 2000 W Negro,https://www.fravega.com/p/caloventor-kanjihome-kjh-ch103-2000-w-negro-130688/,28999.0,21999.0,1,True
FRA-panel-calefactor-vitroceramico-2000w-gad,Fravega,OTRAS,Aires Acondicionados,Panel Calefactor Vitrocerámico 2000W Gadnic Con Termostato Vidrio Templado 3 Niveles,https://www.fravega.com/p/panel-calefactor-vitroceramico-2000w-gadnic-con-termostato-vidrio-templado-3-niveles-990289428/,136824.0,105248.99,1,True
FRA-aire-acondicionado-split-frio-calor-hise,Fravega,HISENSE,Aires Acondicionados,Aire Acondicionado Split Frío/Calor Hisense 5200W 4400F 52HR4SXSKG00PX4N,https://www.fravega.com/p/aire-acondicionado-split-frio-calor-hisense-5200w-4400f-52hr4sxskg00px4n-20917/,1299999.0,999999.0,1,True
FRA-calefactor-sin-ventilacion-longvie-eca2s,Fravega,OTRAS,Aires Acondicionados,Calefactor Sin Ventilación Longvie ECA2S 2200 kcal/h,https://www.fravega.com/p/calefactor-sin-ventilacion-longvie-eca2s-2200-kcal-h-130051/,259999.0,199999.0,1,True
FRA-aire-acondicionado-frio-calor-bgh-split-,Fravega,BGH,Aires Acondicionados,Aire Acondicionado Frío/Calor BGH Split Inverter 3139F BSI37WCNX,https://www.fravega.com/p/aire-acondicionado-frio-calor-bgh-split-inverter-3139f-bsi37wcnx-990249086/,1299999.0,889999.0,1,True
FRA-aire-acondicionado-split-frio-calor-phil,Fravega,PHILCO,Aires Acondicionados,Aire Acondicionado Split Frío/Calor Philco 5400F 6300W  PHS60HA4CN,https://www.fravega.com/p/aire-acondicionado-split-frio-calor-philco-5400f-6300w-phs60ha4cn-20644/,1299999.0,1074379.34,1,True
FRA-aire-acondicionado-ventana-frio-solo-phi,Fravega,PHILCO,Aires Acondicionados,Aire Acondicionado Ventana Frío Solo Philco PHW25CA3AN 2150F 2500W,https://www.fravega.com/p/aire-acondicionado-ventana-frio-solo-philco-phw25ca3an-2150f-2500w-20575/,889999.0,649999.0,1,True
FRA-aire-acondicionado-carrier-inverter-spli,Fravega,OTRAS,Aires Acondicionados,Aire Acondicionado Carrier Inverter Split Frío/Calor 53HVP12N81E 3600W 3100F,https://www.fravega.com/p/aire-acondicionado-carrier-inverter-split-frio-calor-53hvp12n81e-3600w-3100f-21055/,799999.0,661156.2,1,True
FRA-aire-acondicionado-split-frio-calor-hise,Fravega,HISENSE,Aires Acondicionados,Aire Acondicionado Split Frío/Calor Hisense 2750W 2300F 27HR4SYRKG00N,https://www.fravega.com/p/aire-acondicionado-split-frio-calor-hisense-2750w-2300f-27hr4syrkg00n-20889/,699999.0,529999.0,1,True
FRA-aire-acondicionado-split-frio-calor-hise,Fravega,HISENSE,Aires Acondicionados,Aire Acondicionado Split Frío/Calor Hisense 3400W 2900F 34HR4SVRKG03PX4,https://www.fravega.com/p/aire-acondicionado-split-frio-calor-hisense-3400w-2900f-34hr4svrkg03px4-20890/,799999.0,569999.0,1,True
FRA-split-comfee-inverter-r-32-3096-kcal-h-f,Fravega,OTRAS,Aires Acondicionados,Split Comfee Inverter R-32 3096 kCal/h Frío Calor,https://www.fravega.com/p/split-comfee-inverter-r-32-3096-kcal-h-frio-calor-990175069/,1143999.0,659999.0,1,True
FRA-aire-acondicionado-bgh-split-inverter-fr,Fravega,BGH,Aires Acondicionados,Aire Acondicionado Bgh Split Inverter Frio/calor 3100F 3650W Blanco BSI37WCNX,https://www.fravega.com/p/aire-acondicionado-bgh-split-inverter-frio-calor-3100f-3650w-blanco-bsi37wcnx-21206/,899999.0,743800.83,1,True
FRA-calefactor-infrarrojo-liliana-ci650-2200,Fravega,LILIANA,Aires Acondicionados,Calefactor Infrarrojo Liliana CI650 2200W,https://www.fravega.com/p/calefactor-infrarrojo-liliana-ci650-2200w-130892/,157999.0,119999.0,1,True
FRA-calefactor-electrico-longvie-ee2k-130233,Fravega,OTRAS,Aires Acondicionados,Calefactor Eléctrico Longvie EE2K,https://www.fravega.com/p/calefactor-electrico-longvie-ee2k-130233/,249999.0,179999.0,1,True
FRA-split-comfee-inverter-r-32-4601-kcal-h-f,Fravega,OTRAS,Aires Acondicionados,Split Comfee Inverter R-32 4601 kCal/h Frío Calor,https://www.fravega.com/p/split-comfee-inverter-r-32-4601-kcal-h-frio-calor-990175070/,1799999.0,1151999.0,1,True
FRA-aire-acondicionado-split-frio-calor-sams,Fravega,SAMSUNG,Aires Acondicionados,Aire Acondicionado Split Frío/Calor Samsung Inverter 4500F AR40F18,https://www.fravega.com/p/aire-acondicionado-split-frio-calor-samsung-inverter-4500f-ar40f18-990257268/,2399999.0,1339999.0,1,True
FRA-aire-acondicionado-split-frio-calor-inve,Fravega,HISENSE,Aires Acondicionados,Aire Acondicionado Split Frío/Calor Inverter Hisense 5500W 4700F 55UR4SXSCD,https://www.fravega.com/p/aire-acondicionado-split-frio-calor-inverter-hisense-5500w-4700f-55ur4sxscd-20950/,1399999.0,1099999.0,1,True
FRA-aire-acondicionado-lg-inverter-dualcool-,Fravega,LG,Aires Acondicionados,Aire Acondicionado LG Inverter DUALCOOL WiFi Frío Calor 3000 Frigorías S4-W12JA31A,https://www.fravega.com/p/aire-acondicionado-lg-inverter-dualcool-wifi-frio-calor-3000-frigorias-s4-w12ja31a-990247380/,1534499.0,1249998.99,1,True
FRA-aire-acondicionado-philco-inverter-4700f,Fravega,PHILCO,Aires Acondicionados,Aire Acondicionado Philco Inverter 4700F 5500W PHIN55HA2AN,https://www.fravega.com/p/aire-acondicionado-philco-inverter-4700f-5500w-phin55ha2an-21135/,1234859.0,1020544.63,1,True
FRA-calefactor-multigas-orbis-sin-salida-404,Fravega,OTRAS,Aires Acondicionados,Calefactor Multigas Orbis Sin Salida 4044NO 4200 kcal/h,https://www.fravega.com/p/calefactor-multigas-orbis-sin-salida-4044no-4200-kcal-h-130425/,299999.0,249999.0,1,True
FRA-aire-acondicionado-lg-inverter-lg-dualco,Fravega,LG,Aires Acondicionados,Aire Acondicionado LG Inverter LG DUALCOOL WiFi Frío Calor 4500 Frigorías S4-W18KL31A,https://www.fravega.com/p/aire-acondicionado-lg-inverter-lg-dualcool-wifi-frio-calor-4500-frigorias-s4-w18kl31a-990247383/,1769999.0,1549998.99,1,True
FRA-aire-acondicionado-split-frio-calor-phil,Fravega,PHILCO,Aires Acondicionados,Aire Acondicionado Split Frío/Calor Philco 5400F 6300W  PHS60HA4CN,https://www.fravega.com/p/aire-acondicionado-split-frio-calor-philco-5400f-6300w-phs60ha4cn-20644/,1299999.0,1074379.34,1,True
FRA-aire-acondicionado-split-frio-calor-inve,Fravega,HISENSE,Aires Acondicionados,Aire Acondicionado Split Frío/Calor Inverter Hisense 5500W 4700F 55UR4SXSCA,https://www.fravega.com/p/aire-acondicionado-split-frio-calor-inverter-hisense-5500w-4700f-55ur4sxsca-20907/,1499999.0,1399999.0,1,True
FRA-panel-de-mica-liliana-cfm717-2000w-13014,Fravega,LILIANA,Aires Acondicionados,Panel de Mica Liliana CFM717 2000W,https://www.fravega.com/p/panel-de-mica-liliana-cfm717-2000w-130144/,199999.0,139999.0,1,True
FRA-convector-electrico-liliana-cng17-2000w-,Fravega,LILIANA,Aires Acondicionados,Convector Eléctrico Liliana CNG17 2000W,https://www.fravega.com/p/convector-electrico-liliana-cng17-2000w-130110/,109999.0,89999.0,1,True
FRA-aire-acondicionado-philco-inverter-3200f,Fravega,PHILCO,Aires Acondicionados,Aire Acondicionado Philco Inverter 3200F 3750W PHIN37HA2AN,https://www.fravega.com/p/aire-acondicionado-philco-inverter-3200f-3750w-phin37ha2an-21134/,882042.0,728960.33,1,True
FRA-aire-acondicionado-lg-inverter-dualcool-,Fravega,LG,Aires Acondicionados,Aire Acondicionado LG Inverter DUALCOOL WiFi Frío/Calor 6000 Frigorías S4-W24K231E,https://www.fravega.com/p/aire-acondicionado-lg-inverter-dualcool-wifi-frio-calor-6000-frigorias-s4-w24k231e-990247379/,2554999.0,2199999.0,1,True
FRA-caloventor-kanjihome-kjh-ch103-2000-w-ne,Fravega,OTRAS,Aires Acondicionados,Caloventor KanjiHome KJH-CH103 2000 W Negro,https://www.fravega.com/p/caloventor-kanjihome-kjh-ch103-2000-w-negro-130688/,28999.0,21999.0,1,True
FRA-panel-calefactor-vitroceramico-2000w-gad,Fravega,OTRAS,Aires Acondicionados,Panel Calefactor Vitrocerámico 2000W Gadnic Con Termostato Vidrio Templado 3 Niveles,https://www.fravega.com/p/panel-calefactor-vitroceramico-2000w-gadnic-con-termostato-vidrio-templado-3-niveles-990289428/,136824.0,105248.99,1,True
FRA-aire-acondicionado-split-frio-calor-hise,Fravega,HISENSE,Aires Acondicionados,Aire Acondicionado Split Frío/Calor Hisense 5200W 4400F 52HR4SXSKG00PX4N,https://www.fravega.com/p/aire-acondicionado-split-frio-calor-hisense-5200w-4400f-52hr4sxskg00px4n-20917/,1299999.0,999999.0,1,True
FRA-aire-acondicionado-portatil-frio-calor-s,Fravega,OTRAS,Aires Acondicionados,Aire Acondicionado Portátil Frío Calor Sansei SAP26HC9AN,https://www.fravega.com/p/aire-acondicionado-portatil-frio-calor-sansei-sap26hc9an-21122/,699999.0,599999.0,1,True
FRA-calefactor-sin-ventilacion-longvie-eca2s,Fravega,OTRAS,Aires Acondicionados,Calefactor Sin Ventilación Longvie ECA2S 2200 kcal/h,https://www.fravega.com/p/calefactor-sin-ventilacion-longvie-eca2s-2200-kcal-h-130051/,259999.0,199999.0,1,True
FRA-aire-acondicionado-lg-inverter-artcool-f,Fravega,LG,Aires Acondicionados,Aire Acondicionado LG Inverter ARTCOOL Frío/Calor 3000 Frigorías,https://www.fravega.com/p/aire-acondicionado-lg-inverter-artcool-frio-calor-3000-frigorias-990247381/,1649999.0,1499999.01,1,True
FRA-aire-acondicionado-likon-split-inverter-,Fravega,OTRAS,Aires Acondicionados,Aire Acondicionado Likon Split Inverter Frío/Calor 3000F,https://www.fravega.com/p/aire-acondicionado-likon-split-inverter-frio-calor-3000f-990290214/,1299998.0,709999.0,1,True
FRA-aire-acondicionado-split-frio-calor-bgh-,Fravega,BGH,Aires Acondicionados,Aire Acondicionado Split Frío/Calor BGH 5600F BS65WCEW,https://www.fravega.com/p/aire-acondicionado-split-frio-calor-bgh-5600f-bs65wcew-990247982/,2325999.0,1279998.98,1,True
FRA-aire-acondicionado-split-frio-calor-bgh-,Fravega,BGH,Aires Acondicionados,Aire Acondicionado Split Frío/Calor BGH 3100F BS35WCDW,https://www.fravega.com/p/aire-acondicionado-split-frio-calor-bgh-3100f-bs35wcdw-990247363/,1099999.0,799998.99,1,True
FRA-kit-instalacion-sansei-universal-3m-aa-3,Fravega,OTRAS,Aires Acondicionados,Kit instalación Sansei Universal 3m AA 3000/4500fg (1/4”-1/2”) SAKITAACU1214A3,https://www.fravega.com/p/kit-instalacion-sansei-universal-3m-aa-3000-4500fg-1-4-1-2-sakitaacu1214a3-990252070/,105599.0,59999.0,1,True
FRA-aire-acondicionado-lg-inverter-artcool-f,Fravega,LG,Aires Acondicionados,Aire Acondicionado LG Inverter ARTCOOL Frío/Calor 6000W S4-W24K2RPE,https://www.fravega.com/p/aire-acondicionado-lg-inverter-artcool-frio-calor-6000w-s4-w24k2rpe-990247382/,3079999.0,2699999.0,1,True
FRA-aire-acondicionado-ventana-frio-solo-phi,Fravega,PHILCO,Aires Acondicionados,Aire Acondicionado Ventana Frío Solo Philco PHW32CA3AN 2838F 3300W,https://www.fravega.com/p/aire-acondicionado-ventana-frio-solo-philco-phw32ca3an-2838f-3300w-20483/,939999.0,759999.0,1,True
FRA-secador-de-pelo-philips-thermoshield-adv,Fravega,PHILIPS,Pequeños Electrodomésticos,Secador de Pelo Philips ThermoShield Advanced Serie 8000 BHD837,https://www.fravega.com/p/secador-de-pelo-philips-thermoshield-advanced-serie-8000-bhd837-14470/,395999.0,329999.0,1,True
FRA-cafetera-expresso-blackdecker-compatible,Fravega,OTRAS,Pequeños Electrodomésticos,Cafetera Expresso Black&Decker compatible Capsulas con Espumador EM0312,https://www.fravega.com/p/cafetera-expresso-blackdecker-compatible-capsulas-con-espumador-em0312-14462/,299999.0,219999.0,1,True
FRA-pava-electrica-electrolux-efficient-2lts,Fravega,OTRAS,Pequeños Electrodomésticos,Pava Eléctrica Electrolux Efficient 2Lts EEK50,https://www.fravega.com/p/pava-electrica-electrolux-efficient-2lts-eek50-14568/,89999.0,79999.0,1,True
FRA-pava-electrica-kanji-home-con-corte-mate,Fravega,OTRAS,Pequeños Electrodomésticos,Pava Eléctrica Kanji Home con Corte Mate KJH-PE15002M,https://www.fravega.com/p/pava-electrica-kanji-home-con-corte-mate-kjh-pe15002m--13629/,29999.0,19999.0,1,True
FRA-pava-electrica-digital-ultracomb-pe-4930,Fravega,OTRAS,Pequeños Electrodomésticos,Pava Eléctrica Digital Ultracomb PE-4930,https://www.fravega.com/p/pava-electrica-digital-ultracomb-pe-4930-14350/,89999.0,54999.0,1,True
FRA-yogurtera-atma-ym3010p-7-frascos-14441,Fravega,ATMA,Pequeños Electrodomésticos,Yogurtera ATMA YM3010P 7 Frascos,https://www.fravega.com/p/yogurtera-atma-ym3010p-7-frascos-14441/,49999.0,42999.0,1,True
FRA-freidora-de-aire-peabody-pe-afd720n-7-2l,Fravega,OTRAS,Pequeños Electrodomésticos,"Freidora De Aire Peabody PE-AFD720N 7,2L",https://www.fravega.com/p/freidora-de-aire-peabody-pe-afd720n-7-2l-13837/,139999.0,99999.0,1,True
FRA-aspiradora-philco-stick-vertical-2-1-hvc,Fravega,PHILCO,Pequeños Electrodomésticos,Aspiradora Philco Stick Vertical 2 en 1 HVCPH177PI,https://www.fravega.com/p/aspiradora-philco-stick-vertical-2-1-hvcph177pi--60288/,129999.0,54999.0,1,True
FRA-yogurtera-ultracomb-yg-2707-13859,Fravega,OTRAS,Pequeños Electrodomésticos,Yogurtera Ultracomb YG-2707,https://www.fravega.com/p/yogurtera-ultracomb-yg-2707-13859/,75099.0,42999.0,1,True
FRA-mixer-kanji-3-1-800w-lic-bl0800la02-kjn-,Fravega,OTRAS,Pequeños Electrodomésticos,Mixer Kanji 3 en 1 800W LIC-BL0800LA02-KJN,https://www.fravega.com/p/mixer-kanji-3-1-800w-lic-bl0800la02-kjn-180574/,59999.0,43999.0,1,True
FRA-freidora-de-aire-atma-con-visor-fr248abp,Fravega,ATMA,Pequeños Electrodomésticos,Freidora de Aire ATMA con Visor FR248ABP 8Lts Negro,https://www.fravega.com/p/freidora-de-aire-atma-con-visor-fr248abp-8lts-negro-14103/,204999.0,139999.0,1,True
FRA-secador-de-pelo-gama-mistral-ceramic-ion,Fravega,GAMA,Pequeños Electrodomésticos,Secador de Pelo GAMA Mistral Ceramic Ion,https://www.fravega.com/p/secador-de-pelo-gama-mistral-ceramic-ion-13349/,74999.0,51999.0,1,True
FRA-depiladora-ipl-philips-lumea-prestige-br,Fravega,PHILIPS,Pequeños Electrodomésticos,Depiladora IPL Philips Lumea Prestige BRI947/30,https://www.fravega.com/p/depiladora-ipl-philips-lumea-prestige-bri947-30-13275/,959999.0,659999.0,1,True
FRA-licuadora-moulinex-optimix-plus-blender-,Fravega,OTRAS,Pequeños Electrodomésticos,Licuadora Moulinex Optimix Plus Blender LM270558 Rojo,https://www.fravega.com/p/licuadora-moulinex-optimix-plus-blender-lm270558-rojo-180359/,81999.0,44999.0,1,True
FRA-pava-electrica-winco-w1704-acero-14324,Fravega,ACER,Pequeños Electrodomésticos,Pava Eléctrica Winco W1704 Acero,https://www.fravega.com/p/pava-electrica-winco-w1704-acero-14324/,29999.0,15999.0,1,True
FRA-microondas-bgh-20-lt-digital-eco-b120ds2,Fravega,BGH,Pequeños Electrodomésticos,Microondas BGH 20 Lt Digital Eco B120DS20,https://www.fravega.com/p/microondas-bgh-20-lt-digital-eco-b120ds20-110218/,289999.0,229999.0,1,True
FRA-freidora-de-aire-atma-con-visor-fr246abp,Fravega,ATMA,Pequeños Electrodomésticos,Freidora de Aire ATMA con Visor FR246ABP 6Lts Negro,https://www.fravega.com/p/freidora-de-aire-atma-con-visor-fr246abp-6lts-negro-13898/,189999.0,109999.0,1,True
FRA-mixer-3-1-electrolux-efficient-600w-eib2,Fravega,OTRAS,Pequeños Electrodomésticos,Mixer 3 en 1 Electrolux Efficient 600W EIB20,https://www.fravega.com/p/mixer-3-1-electrolux-efficient-600w-eib20-180384/,110999.0,89999.0,1,True
FRA-cortabarba-philips-oneblade-qp2824-10-fa,Fravega,PHILIPS,Pequeños Electrodomésticos,Cortabarba Philips Oneblade QP2824/10 Face & Body,https://www.fravega.com/p/cortabarba-philips-oneblade-qp2824-10-face--body-30356/,86299.0,59999.0,1,True
FRA-freidora-de-aire-peabody-pe-afw520n-5-2l,Fravega,OTRAS,Pequeños Electrodomésticos,"Freidora de Aire Peabody PE-AFW520N 5,2Lts",https://www.fravega.com/p/freidora-de-aire-peabody-pe-afw520n-5-2lts-14090/,109999.0,79999.0,1,True
FRA-aspiradora-electrolux-stk12-2en1-60206,Fravega,OTRAS,Pequeños Electrodomésticos,Aspiradora Electrolux STK12 2EN1,https://www.fravega.com/p/aspiradora-electrolux-stk12-2en1-60206/,99999.0,84999.0,1,True
FRA-pava-electrica-yelmo-1-7lts-pe-3902k--12,Fravega,OTRAS,Pequeños Electrodomésticos,Pava Eléctrica Yelmo 1.7Lts PE-3902K,https://www.fravega.com/p/pava-electrica-yelmo-1-7lts-pe-3902k--12346/,49999.0,29999.0,1,True
FRA-tostadora-atma-to20wp-14443,Fravega,ATMA,Pequeños Electrodomésticos,Tostadora Atma TO20WP,https://www.fravega.com/p/tostadora-atma-to20wp-14443/,49999.0,31999.0,1,True
FRA-yogurtera-yelmo-yg-1717-capacidad-1-5l-c,Fravega,OTRAS,Pequeños Electrodomésticos,"Yogurtera Yelmo YG-1717 Capacidad 1.5l Clasico, Griego & Skyr",https://www.fravega.com/p/yogurtera-yelmo-yg-1717-capacidad-1-5l-clasico-griego--skyr-22809023/,50000.0,41999.0,1,True
FRA-multigroom-trimmer-philips-serie-7000-mg,Fravega,PHILIPS,Pequeños Electrodomésticos,Multigroom Trimmer Philips Serie 7000 MG7935/15 16 en 1,https://www.fravega.com/p/multigroom-trimmer-philips-serie-7000-mg7935-15-16-1-30474/,108999.0,81749.25,1,True
FRA-pava-electrica-philips-digital-hd9396-90,Fravega,PHILIPS,Pequeños Electrodomésticos,"Pava Eléctrica Philips Digital HD9396/90 1,7 Lts",https://www.fravega.com/p/pava-electrica-philips-digital-hd9396-90-1-7-lts-14287/,99999.0,94999.0,1,True
FRA-tostadora-kanji-negra-800w-kjh-tm800-05-,Fravega,OTRAS,Pequeños Electrodomésticos,Tostadora Kanji Negra 800W KJH-TM800-05,https://www.fravega.com/p/tostadora-kanji-negra-800w-kjh-tm800-05-14175/,39999.0,23999.0,1,True
FRA-cafetera-moulinex-genio-s-plus-negra-134,Fravega,OTRAS,Pequeños Electrodomésticos,Cafetera Moulinex Genio S Plus Negra,https://www.fravega.com/p/cafetera-moulinex-genio-s-plus-negra-13414/,312690.0,239999.0,1,True
FRA-planchita-de-pelo-admiral-ad-pl001-ceram,Fravega,OTRAS,Pequeños Electrodomésticos,Planchita de Pelo Admiral AD-PL001 Ceramic 230,https://www.fravega.com/p/planchita-de-pelo-admiral-ad-pl001-ceramic-230-14214/,39999.0,19999.0,1,True
FRA-licuadora-philco-lv24b0php-450w-1-25lts-,Fravega,HP,Pequeños Electrodomésticos,"Licuadora Philco LV24B0PHP 450W 1,25Lts Negro",https://www.fravega.com/p/licuadora-philco-lv24b0php-450w-1-25lts-negro-180462/,61999.0,39999.0,1,True
FRA-limpiadora-a-vapor-midow-m1-0004-1500w-3,Fravega,OTRAS,Pequeños Electrodomésticos,Limpiadora a Vapor Midow M1/0004 1500W,https://www.fravega.com/p/limpiadora-a-vapor-midow-m1-0004-1500w-311224/,89999.0,69999.0,1,True
FRA-microondas-mecanico-bgh-b118mn25-18-litr,Fravega,BGH,Pequeños Electrodomésticos,Microondas Mecánico BGH B118MN25 18 Litros,https://www.fravega.com/p/microondas-mecanico-bgh-b118mn25-18-litros-110414/,199999.0,149999.0,1,True
FRA-secador-de-pelo-philips-thermoshield-adv,Fravega,PHILIPS,Pequeños Electrodomésticos,Secador de Pelo Philips ThermoShield Advanced Serie 8000 BHD837,https://www.fravega.com/p/secador-de-pelo-philips-thermoshield-advanced-serie-8000-bhd837-14470/,395999.0,329999.0,1,True
FRA-cafetera-nespresso-lattissima-one-black-,Fravega,OTRAS,Pequeños Electrodomésticos,Cafetera Nespresso Lattissima One Black,https://www.fravega.com/p/cafetera-nespresso-lattissima-one-black-13986/,859800.0,429900.0,1,True
FRA-plancha-a-vapor-ultracomb-pl-4170-250316,Fravega,OTRAS,Pequeños Electrodomésticos,Plancha A Vapor Ultracomb PL-4170,https://www.fravega.com/p/plancha-a-vapor-ultracomb-pl-4170-250316/,42999.0,29999.0,1,True
FRA-freidora-de-aire-atma-con-visor-fr246awp,Fravega,ATMA,Pequeños Electrodomésticos,Freidora de Aire ATMA con Visor FR246AWP 6Lts Blanco,https://www.fravega.com/p/freidora-de-aire-atma-con-visor-fr246awp-6lts-blanco-14102/,189999.0,109999.0,1,True
FRA-freidora-de-aire-atma-y-hornito-electric,Fravega,ATMA,Pequeños Electrodomésticos,Freidora de Aire Atma y Hornito Eléctrico HGFA2323PI 23Lts Silver,https://www.fravega.com/p/freidora-de-aire-atma-y-hornito-electrico-hgfa2323pi-23lts-silver-240247/,299999.0,149999.0,1,True
FRA-afeitadora-philips-s1881-00-serie-1000-u,Fravega,PHILIPS,Pequeños Electrodomésticos,Afeitadora Philips S1881/00 Serie 1000 uso en Húmedo y Seco,https://www.fravega.com/p/afeitadora-philips-s1881-00-serie-1000-uso-humedo-y-seco-30625/,81999.0,65599.0,1,True
FRA-balanza-de-cocina-anti-deslizante-led-di,Fravega,OTRAS,Pequeños Electrodomésticos,Balanza De Cocina Anti-Deslizante Led Digital 10kg Con Tara Blanca Kenta,https://www.fravega.com/p/balanza-de-cocina-anti-deslizante-led-digital-10kg-con-tara-blanca-kenta--22718915/,11427.14,7759.0,1,True
FRA-secador-de-pelo-profesional-remington-si,Fravega,REMINGTON,Pequeños Electrodomésticos,Secador de Pelo Profesional Remington Silk AC9096 2400W,https://www.fravega.com/p/secador-de-pelo-profesional-remington-silk-ac9096-2400w-11933/,104999.0,84799.0,1,True
FRA-planchita-de-pelo-gama-elegance-bella-to,Fravega,GAMA,Pequeños Electrodomésticos,Planchita de Pelo GAMA Elegance Bella Tourmaline ION 230°C,https://www.fravega.com/p/planchita-de-pelo-gama-elegance-bella-tourmaline-ion-230c-13040/,69999.0,51999.0,1,True
FRA-cafetera-de-filtro-atma-ca2180p-14442,Fravega,ATMA,Pequeños Electrodomésticos,Cafetera de FIltro ATMA CA2180P,https://www.fravega.com/p/cafetera-de-filtro-atma-ca2180p-14442/,49999.0,24999.0,1,True
FRA-tostadora-electrolux-ets10-negro-13457,Fravega,OTRAS,Pequeños Electrodomésticos,Tostadora Electrolux ETS10 Negro,https://www.fravega.com/p/tostadora-electrolux-ets10-negro-13457/,51099.0,47999.0,1,True
FRA-repuesto-cuchillas-x2-para-cortabarba-ph,Fravega,PHILIPS,Pequeños Electrodomésticos,Repuesto Cuchillas x2 para Cortabarba Philips OneBlade,https://www.fravega.com/p/repuesto-cuchillas-x2-para-cortabarba-philips-oneblade-30460/,31499.0,25999.0,1,True
FRA-multigroom-all-one-philips-mg3911-15-inc,Fravega,PHILIPS,Pequeños Electrodomésticos,Multigroom All-in-One Philips MG3911/15 incluye 7 accesorios,https://www.fravega.com/p/multigroom-all-one-philips-mg3911-15-incluye-7-accesorios-30397/,51799.0,35999.0,1,True
FRA-sandwichera-oster-deep-plates-ckstsm400-,Fravega,OSTER,Pequeños Electrodomésticos,Sandwichera Oster Deep Plates CKSTSM400,https://www.fravega.com/p/sandwichera-oster-deep-plates-ckstsm400--13836/,44999.0,42999.0,1,True
FRA-cafetera-nespresso-inissia-black-13916,Fravega,OTRAS,Pequeños Electrodomésticos,Cafetera Nespresso Inissia Black,https://www.fravega.com/p/cafetera-nespresso-inissia-black-13916/,363900.0,145560.0,1,True
FRA-aspiradora-de-tacho-electrolux-a10n1-pol,Fravega,OTRAS,Pequeños Electrodomésticos,Aspiradora de Tacho Electrolux A10N1 Polvo y Agua 10 Litros,https://www.fravega.com/p/aspiradora-de-tacho-electrolux-a10n1-polvo-y-agua-10-litros-60315/,149999.0,99999.0,1,True
FRA-pava-electrica-electrolux-efficient-1-8l,Fravega,OTRAS,Pequeños Electrodomésticos,"Pava Eléctrica Electrolux Efficient 1,8Lts EEK11",https://www.fravega.com/p/pava-electrica-electrolux-efficient-1-8lts-eek11-14569/,58999.0,34999.0,1,True
FRA-secador-de-pelo-philips-thermoshield-adv,Fravega,PHILIPS,Pequeños Electrodomésticos,Secador de Pelo Philips ThermoShield Advanced Serie 8000 BHD837,https://www.fravega.com/p/secador-de-pelo-philips-thermoshield-advanced-serie-8000-bhd837-14470/,395999.0,329999.0,1,True
FRA-cafetera-expresso-blackdecker-compatible,Fravega,OTRAS,Pequeños Electrodomésticos,Cafetera Expresso Black&Decker compatible Capsulas con Espumador EM0312,https://www.fravega.com/p/cafetera-expresso-blackdecker-compatible-capsulas-con-espumador-em0312-14462/,299999.0,219999.0,1,True
FRA-afeitadora-electrica-inalambrica-philco-,Fravega,PHILCO,Pequeños Electrodomésticos,Afeitadora Eléctrica Inalámbrica Philco AE5105,https://www.fravega.com/p/afeitadora-electrica-inalambrica-philco-ae5105-30464/,54999.0,37999.0,1,True
FRA-secador-remington-d3015-power-volumen-20,Fravega,REMINGTON,Pequeños Electrodomésticos,Secador Remington D3015 Power Volumen 2000,https://www.fravega.com/p/secador-remington-d3015-power-volumen-2000-12426/,62999.0,49999.0,1,True
FRA-pava-electrica-philco-peph1182ip-inoxida,Fravega,PHILCO,Pequeños Electrodomésticos,Pava Eléctrica Philco PEPH1182IP Inoxidable,https://www.fravega.com/p/pava-electrica-philco-peph1182ip-inoxidable-14055/,41999.0,29999.0,1,True
FRA-freidora-de-aire-y-hornito-peabody-pe-af,Fravega,OTRAS,Pequeños Electrodomésticos,Freidora de Aire y Hornito Peabody PE-AFO120N 12 Litros,https://www.fravega.com/p/freidora-de-aire-y-hornito-peabody-pe-afo120n-12-litros-13863/,289999.0,179999.0,1,True
FRA-cafetera-espresso-suono-20-bar-espumador,Fravega,OTRAS,Pequeños Electrodomésticos,Cafetera Espresso Suono 20 Bar Espumador HOG0389ACE,https://www.fravega.com/p/cafetera-espresso-suono-20-bar-espumador-hog0389ace-13969/,179999.0,109999.0,1,True
FRA-maquina-de-coser-mc202-mini-recta-con-lu,Fravega,OTRAS,Pequeños Electrodomésticos,Máquina de Coser MC202 Mini Recta con Luz Portátil,https://www.fravega.com/p/maquina-de-coser-mc202-mini-recta-con-luz-portatil-200047/,55999.0,21999.0,1,True
FRA-aspiradora-vertical-gadnic-2-1-de-mano-6,Fravega,OTRAS,Pequeños Electrodomésticos,Aspiradora Vertical Gadnic 2 en 1 de Mano 600W,https://www.fravega.com/p/aspiradora-vertical-gadnic-2-1-de-mano-600w-990195137/,120899.0,92998.99,1,True
FRA-steamer-vaporizador-de-prendas-suono-hog,Fravega,OTRAS,Pequeños Electrodomésticos,Steamer Vaporizador de Prendas Suono HOG0322VER,https://www.fravega.com/p/steamer-vaporizador-de-prendas-suono-hog0322ver-250275/,54999.0,29999.0,1,True
FRA-aspiradora-ciclonica-electrolux-2200w-ea,Fravega,OTRAS,Pequeños Electrodomésticos,Aspiradora Ciclónica Electrolux 2200W EasyBox con Boquilla PET EAS41,https://www.fravega.com/p/aspiradora-ciclonica-electrolux-2200w-easybox-con-boquilla-pet-eas41-60425/,239999.0,209999.0,1,True
FRA-pava-electrica-atma-pe1821rap-1-7-litros,Fravega,ATMA,Pequeños Electrodomésticos,"Pava Eléctrica ATMA PE1821RAP 1,7 litros",https://www.fravega.com/p/pava-electrica-atma-pe1821rap-1-7-litros-13610/,48999.0,37999.0,1,True
FRA-tostadora-kanji-blanca-800w-kjh-tm800-04,Fravega,OTRAS,Pequeños Electrodomésticos,Tostadora Kanji Blanca 800W KJH-TM800-04,https://www.fravega.com/p/tostadora-kanji-blanca-800w-kjh-tm800-04-12736/,39999.0,23999.0,1,True
FRA-mixer-moulinex-turbomix-inox-plus-600w-1,Fravega,OTRAS,Pequeños Electrodomésticos,Mixer Moulinex Turbomix Inox Plus 600W,https://www.fravega.com/p/mixer-moulinex-turbomix-inox-plus-600w-180651/,105999.0,79999.0,1,True
FRA-secador-de-pelo-con-difusor-winco-w4192-,Fravega,OTRAS,Pequeños Electrodomésticos,Secador de Pelo con Difusor Winco W4192 2000 Watts,https://www.fravega.com/p/secador-de-pelo-con-difusor-winco-w4192-2000-watts-14326/,59999.0,32999.0,1,True
FRA-mixer-atma-lmat8528bp-5en1-180522,Fravega,ATMA,Pequeños Electrodomésticos,Mixer Atma LMAT8528BP 5EN1,https://www.fravega.com/p/mixer-atma-lmat8528bp-5en1-180522/,99999.0,84999.0,1,True
FRA-cortabarba-philips-oneblade-qp2724-10-30,Fravega,PHILIPS,Pequeños Electrodomésticos,Cortabarba Philips Oneblade QP2724/10,https://www.fravega.com/p/cortabarba-philips-oneblade-qp2724-10-30337/,64899.0,45999.0,1,True
FRA-secador-de-pelo-philips-thermoshield-adv,Fravega,PHILIPS,Pequeños Electrodomésticos,Secador de Pelo Philips ThermoShield Advanced Serie 8000 BHD837,https://www.fravega.com/p/secador-de-pelo-philips-thermoshield-advanced-serie-8000-bhd837-14470/,395999.0,329999.0,1,True
FRA-cafetera-dolce-gusto-hero-genio-s-athrac,Fravega,OTRAS,Pequeños Electrodomésticos,Cafetera Dolce Gusto Hero Genio S Athracite Gris,https://www.fravega.com/p/cafetera-dolce-gusto-hero-genio-s-athracite-gris-14203/,312690.0,239999.0,1,True
FRA-multigroom-all-one-trimmer-philips-3000-,Fravega,PHILIPS,Pequeños Electrodomésticos,Multigroom All-in-One Trimmer Philips 3000 Series MG3931/15,https://www.fravega.com/p/multigroom-all-one-trimmer-philips-3000-series-mg3931-15-30421/,77519.0,49999.0,1,True
FRA-cafetera-dolce-gusto-genio-s-blanca-pv24,Fravega,OTRAS,Pequeños Electrodomésticos,Cafetera Dolce Gusto Genio S Blanca PV240158,https://www.fravega.com/p/cafetera-dolce-gusto-genio-s-blanca-pv240158-13935/,312690.0,239999.0,1,True
FRA-freidora-de-aire-atma-con-visor-fr248awp,Fravega,ATMA,Pequeños Electrodomésticos,Freidora de Aire ATMA con Visor FR248AWP 8Lts Blanco,https://www.fravega.com/p/freidora-de-aire-atma-con-visor-fr248awp-8lts-blanco-14104/,204999.0,139999.0,1,True
FRA-cepillo-bellissima-5-1-multistyler-gh18-,Fravega,OTRAS,Pequeños Electrodomésticos,Cepillo Bellissima 5 en 1 Multistyler GH18 1100,https://www.fravega.com/p/cepillo-bellissima-5-1-multistyler-gh18-1100-13894/,119999.0,79999.0,1,True
FRA-microondas-digital-atma-matdb20ubn-20-lt,Fravega,ATMA,Pequeños Electrodomésticos,Microondas Digital ATMA MATDB20UBN 20 Lts,https://www.fravega.com/p/microondas-digital-atma-matdb20ubn-20-lts-110305/,239999.0,179999.0,1,True
FRA-microondas-bgh-23-lt-digital-eco-b223ds2,Fravega,BGH,Pequeños Electrodomésticos,Microondas BGH 23 Lt Digital Eco B223DS20,https://www.fravega.com/p/microondas-bgh-23-lt-digital-eco-b223ds20-110220/,349999.0,299999.0,1,True
FRA-mixer-philco-4-1-600w-lmph8508np-180532,Fravega,PHILCO,Pequeños Electrodomésticos,Mixer Philco 4 en 1 600W LMPH8508NP,https://www.fravega.com/p/mixer-philco-4-1-600w-lmph8508np-180532/,99999.0,76999.0,1,True
FRA-cafetera-oster-digital-programable-12-ta,Fravega,OSTER,Pequeños Electrodomésticos,Cafetera Oster Digital Programable 12 Tazas BVSTDC4403,https://www.fravega.com/p/cafetera-oster-digital-programable-12-tazas-bvstdc4403-14121/,115499.0,79999.0,1,True
FRA-mixer-oster-fpsthb2803-800w-180417,Fravega,OSTER,Pequeños Electrodomésticos,Mixer Oster FPSTHB2803 800W,https://www.fravega.com/p/mixer-oster-fpsthb2803-800w-180417/,135099.0,89999.0,1,True
FRA-cafetera-oster-bvstdc4404--13725,Fravega,OSTER,Pequeños Electrodomésticos,Cafetera Oster BVSTDC4404,https://www.fravega.com/p/cafetera-oster-bvstdc4404--13725/,169999.0,129999.0,1,True
FRA-maquina-gasificadora-sodastream-terra-bl,Fravega,OTRAS,Pequeños Electrodomésticos,Maquina Gasificadora Sodastream Terra Black,https://www.fravega.com/p/maquina-gasificadora-sodastream-terra-black-13724/,126999.0,101599.0,1,True
FRA-tostadora-admiral-ad-to1318-14169,Fravega,OTRAS,Pequeños Electrodomésticos,Tostadora Admiral AD-TO1318,https://www.fravega.com/p/tostadora-admiral-ad-to1318-14169/,49999.0,31999.0,1,True
FRA-secador-de-pelo-revlon-rvdr773la2av1-140,Fravega,OTRAS,Pequeños Electrodomésticos,Secador de Pelo Revlon RVDR773LA2AV1,https://www.fravega.com/p/secador-de-pelo-revlon-rvdr773la2av1-14060/,59999.0,44999.0,1,True
FRA-freidora-de-aire-digital-atma-fr246gap-6,Fravega,ATMA,Pequeños Electrodomésticos,Freidora de Aire Digital ATMA FR246GAP 6Lt,https://www.fravega.com/p/freidora-de-aire-digital-atma-fr246gap-6lt-13988/,189999.0,109999.0,1,True
FRA-placard-vestidor-1-80-x-1-80-carpinteria,Fravega,OTRAS,Muebles,Placard Vestidor 1.80 x 1.80 Carpinteria Rivadavia Linea Delta,https://www.fravega.com/p/placard-vestidor-1-80-x-1-80-carpinteria-rivadavia-linea-delta-22927464/,599000.0,411785.0,1,True
FRA-despensero-2-maxi-puertas-centro-estant-,Fravega,OTRAS,Muebles,Despensero 2 Maxi Puertas Centro Estant DIS4 Blanco 180 x 60 cm,https://www.fravega.com/p/despensero-2-maxi-puertas-centro-estant-dis4-blanco-180-x-60-cm-600010/,199999.0,149999.0,1,True
FRA-juego-de-comedor-madesa-allegro-con-6-si,Fravega,OTRAS,Muebles,Juego De Comedor Madesa Allegro Con 6 Sillas Imperial,https://www.fravega.com/p/juego-de-comedor-madesa-allegro-con-6-sillas-imperial-22619283/,899964.0,679919.0,1,True
FRA-set-x4-sillas-de-diseno-allegra-negra-li,Fravega,OTRAS,Muebles,Set x4 Sillas de Diseño Allegra Negra Living Comedor Cocina,https://www.fravega.com/p/set-x4-sillas-de-diseno-allegra-negra-living-comedor-cocina-601611/,199999.0,118999.0,1,True
FRA-box-benethon-2-pl-140-x-190-blanco-mate-,Fravega,OTRAS,Muebles,Box Benethon 2 Pl  140 X 190 Blanco Mate,https://www.fravega.com/p/box-benethon-2-pl-140-x-190-blanco-mate-990223748/,778470.0,533840.0,1,True
FRA-despensero-organizador-multiuso-madesa-e,Fravega,OTRAS,Muebles,Despensero Organizador Multiuso Madesa Emilly 2 Puertas,https://www.fravega.com/p/despensero-organizador-multiuso-madesa-emilly-2-puertas-22738457/,169998.0,109919.0,1,True
FRA-banqueta-alta-eames-negra-con-patas-de-m,Fravega,OTRAS,Muebles,Banqueta Alta Eames Negra con Patas de Madera,https://www.fravega.com/p/banqueta-alta-eames-negra-con-patas-de-madera-22883481/,125000.0,99999.0,1,True
FRA-set-x4-sillas-de-diseno-tulip-blanca-liv,Fravega,OTRAS,Muebles,Set x4 Sillas de Diseño Tulip Blanca Living Comedor Cocina,https://www.fravega.com/p/set-x4-sillas-de-diseno-tulip-blanca-living-comedor-cocina-601630/,199999.0,149999.0,1,True
FRA-biblioteca-centro-estant-l9bl-blanca-180,Fravega,OTRAS,Muebles,Biblioteca Centro Estant L9BL Blanca 180 x 41 cm,https://www.fravega.com/p/biblioteca-centro-estant-l9bl-blanca-180-x-41-cm-600837/,89999.0,65999.0,1,True
FRA-placard-ropero-puertas-corredizas-con-es,Fravega,OTRAS,Muebles,Placard Ropero Puertas Corredizas Con Espejo 2.00 X 2.00 Carpinteria Rivadavia,https://www.fravega.com/p/placard-ropero-puertas-corredizas-con-espejo-2-00-x-2-00-carpinteria-rivadavia-22625778/,700000.0,597810.0,1,True
FRA-silla-oficina-ultimate-ut-j03-601491,Fravega,OTRAS,Muebles,Silla Oficina Ultimate UT-J03,https://www.fravega.com/p/silla-oficina-ultimate-ut-j03-601491/,199999.0,99999.0,1,True
FRA-respaldo-de-cama-centro-estant-dali-140-,Fravega,OTRAS,Muebles,Respaldo de cama Centro Estant Dali 140-160 Negro Paraiso,https://www.fravega.com/p/respaldo-de-cama-centro-estant-dali-140-160-negro-paraiso-21184405/,196658.0,129300.0,1,True
FRA-mesa-tv-centro-estant-mt4002bl-blanco-12,Fravega,OTRAS,Muebles,Mesa TV Centro Estant MT4002BL Blanco 128 x 50 cm,https://www.fravega.com/p/mesa-tv-centro-estant-mt4002bl-blanco-128-x-50-cm-601417/,199999.0,119999.0,1,True
FRA-rack-tv-negro-con-puerta-corrediza--mueb,Fravega,LG,Muebles,Rack TV Negro con Puerta Corrediza – Mueble para Televisor Moderno 50 a 55 Pulgadas con Ruedas 136 cm,https://www.fravega.com/p/rack-tv-negro-con-puerta-corrediza--mueble-para-televisor-moderno-50-a-55-pulgadas-con-ruedas-136-cm-22589027/,210999.0,167073.0,1,True
FRA-silla-de-oficina-premium-ultimate-ut-c34,Fravega,OTRAS,Muebles,Silla de Oficina Premium Ultimate UT-C340W Blanco,https://www.fravega.com/p/silla-de-oficina-premium-ultimate-ut-c340w-blanco-601654/,149999.0,79999.0,1,True
FRA-cama-box-160-2-plazas-queen-con-zapatero,Fravega,OTRAS,Muebles,"Cama Box 160 2 Plazas Queen con Zapateros, Bauleras y Cajones Blanco Centro Estant",https://www.fravega.com/p/cama-box-160-2-plazas-queen-con-zapateros-bauleras-y-cajones-blanco-centro-estant-22715855/,700200.0,416800.0,1,True
FRA-escritorio-centro-estant-milan-negro-par,Fravega,OTRAS,Muebles,Escritorio Centro Estant Milan Negro Paraiso Ancho 168cm,https://www.fravega.com/p/escritorio-centro-estant-milan-negro-paraiso-ancho-168cm-990049086/,194239.0,168990.0,1,True
FRA-ropero-max-madesa-placard-de-2-puertas-c,Fravega,OTRAS,Muebles,Ropero Max Madesa Placard De 2 Puertas Corredizas 1 Espejo,https://www.fravega.com/p/ropero-max-madesa-placard-de-2-puertas-corredizas-1-espejo-22626747/,549972.0,419919.0,1,True
FRA-comoda-infantil-cajonera-6-cajones-para-,Fravega,OTRAS,Muebles,Cómoda Infantil Cajonera 6 Cajones Para Dormitorio Madesa,https://www.fravega.com/p/comoda-infantil-cajonera-6-cajones-para-dormitorio-madesa-22742348/,629998.0,299919.0,1,True
FRA-organizador-de-zapatos-y-ropa-con-8-ganc,Fravega,OTRAS,Muebles,Organizador De Zapatos Y Ropa Con 8 Ganchos Y 5 Niveles 80x172x26cm Marca HomeCo. Color Negro,https://www.fravega.com/p/organizador-de-zapatos-y-ropa-con-8-ganchos-y-5-niveles-80x172x26cm-marca-homeco-color-negro-22635122/,67040.48,22199.0,1,True
FRA-juego-de-comedor-cocina-jaine-madesa-mes,Fravega,OTRAS,Muebles,Juego De Comedor Cocina Jaíne Madesa Mesa Con 6 Sillas,https://www.fravega.com/p/juego-de-comedor-cocina-jaine-madesa-mesa-con-6-sillas-22627125/,659972.0,349919.0,1,True
FRA-placard-ricchezze-tana-eco-moccha-4-puer,Fravega,OTRAS,Muebles,Placard Ricchezze Tana Eco Moccha 4 Puertas 182 x 113 cm,https://www.fravega.com/p/placard-ricchezze-tana-eco-moccha-4-puertas-182-x-113-cm-601657/,229999.0,179999.0,1,True
FRA-sillon-de-3-cuerpos-esquinero-convertibl,Fravega,OTRAS,Muebles,Sillón de 3 Cuerpos Esquinero Convertible American Wood Chenille Gris,https://www.fravega.com/p/sillon-de-3-cuerpos-esquinero-convertible-american-wood-chenille-gris-50000857/,2129863.0,749999.0,1,True
FRA-baul-juguetero-montessori-biblioteca-inf,Fravega,OTRAS,Muebles,"Baúl Juguetero Montessori, Biblioteca Infantil, Organizador - Blanco - Juguetero Montessori",https://www.fravega.com/p/baul-juguetero-montessori-biblioteca-infantil-organizador-blanco-juguetero-montessori-22646748/,118800.0,59400.0,1,True
FRA-organizador-de-escritorio-moderno-waggs-,Fravega,OTRAS,Muebles,Organizador de Escritorio Moderno Waggs Multiuso con Cajón y Estante,https://www.fravega.com/p/organizador-de-escritorio-moderno-waggs-multiuso-con-cajon-y-estante-22082781/,32185.99,13799.0,1,True
FRA-juego-de-comedor-cocina-madesa-havana-co,Fravega,OTRAS,Muebles,Juego De Comedor Cocina Madesa Havana Conjunto Mesa con 4 Sillas,https://www.fravega.com/p/juego-de-comedor-cocina-madesa-havana-conjunto-mesa-con-4-sillas-22627150/,589972.0,299919.0,1,True
FRA-armario-gabinete-keter-jolly-multipurpos,Fravega,OTRAS,Muebles,Armario Gabinete Keter Jolly Multipurpose Cabinet,https://www.fravega.com/p/armario-gabinete-keter-jolly-multipurpose-cabinet-510493/,499999.0,159999.0,1,True
FRA-rack-modular-de-tv-dubai-madesa-para-tv-,Fravega,LG,Muebles,Rack Modular De Tv Dubai Madesa Para Tv Hasta 65 Pulgadas,https://www.fravega.com/p/rack-modular-de-tv-dubai-madesa-para-tv-hasta-65-pulgadas-22771161/,259998.0,179919.0,1,True
FRA-silla-oficina-ultimate-ut-c201-601763,Fravega,OTRAS,Muebles,Silla Oficina Ultimate UT-C201,https://www.fravega.com/p/silla-oficina-ultimate-ut-c201-601763/,99999.0,59999.0,1,True
FRA-panel-negro-cinamomo-varillado-para-tv-h,Fravega,OTRAS,Muebles,"Panel Negro Cinamomo Varillado para TV hasta 55"" Carpinteria Rivadavia",https://www.fravega.com/p/panel-negro-cinamomo-varillado-para-tv-hasta-55-carpinteria-rivadavia-22701359/,199999.0,176346.0,1,True
FRA-placard-puertas-corredizas-120-x-180-x-0,Fravega,OTRAS,Muebles,Placard Puertas Corredizas 120 x 180 x 0.55 Linea Económica,https://www.fravega.com/p/placard-puertas-corredizas-120-x-180-x-0-55-linea-economica-21230022/,315000.0,309690.0,1,True
FRA-rack-esquinero-organizador-de-calzado-y-,Fravega,OTRAS,Muebles,Rack Esquinero Organizador De Calzado y Ropa con Perchero y Estantes 45x180x45cm Marca Homeco. Color Negro,https://www.fravega.com/p/rack-esquinero-organizador-de-calzado-y-ropa-con-perchero-y-estantes-45x180x45cm-marca-homeco-color-negro-22635120/,28780.0,13544.55,1,True
FRA-placard-vestidor-1-80-x-1-80-carpinteria,Fravega,OTRAS,Muebles,Placard Vestidor 1.80 x 1.80 Carpinteria Rivadavia Linea Delta,https://www.fravega.com/p/placard-vestidor-1-80-x-1-80-carpinteria-rivadavia-linea-delta-22927464/,599000.0,411785.0,1,True
FRA-despensero-2-maxi-puertas-centro-estant-,Fravega,OTRAS,Muebles,Despensero 2 Maxi Puertas Centro Estant DIS4 Blanco 180 x 60 cm,https://www.fravega.com/p/despensero-2-maxi-puertas-centro-estant-dis4-blanco-180-x-60-cm-600010/,199999.0,149999.0,1,True
FRA-juego-de-comedor-madesa-allegro-con-6-si,Fravega,OTRAS,Muebles,Juego De Comedor Madesa Allegro Con 6 Sillas Imperial,https://www.fravega.com/p/juego-de-comedor-madesa-allegro-con-6-sillas-imperial-22619283/,899964.0,679919.0,1,True
FRA-set-x4-sillas-de-diseno-allegra-negra-li,Fravega,OTRAS,Muebles,Set x4 Sillas de Diseño Allegra Negra Living Comedor Cocina,https://www.fravega.com/p/set-x4-sillas-de-diseno-allegra-negra-living-comedor-cocina-601611/,199999.0,118999.0,1,True
FRA-box-benethon-2-pl-140-x-190-blanco-mate-,Fravega,OTRAS,Muebles,Box Benethon 2 Pl  140 X 190 Blanco Mate,https://www.fravega.com/p/box-benethon-2-pl-140-x-190-blanco-mate-990223748/,778470.0,533840.0,1,True
FRA-despensero-organizador-multiuso-madesa-e,Fravega,OTRAS,Muebles,Despensero Organizador Multiuso Madesa Emilly 2 Puertas,https://www.fravega.com/p/despensero-organizador-multiuso-madesa-emilly-2-puertas-22738457/,169998.0,109919.0,1,True
FRA-banqueta-alta-eames-negra-con-patas-de-m,Fravega,OTRAS,Muebles,Banqueta Alta Eames Negra con Patas de Madera,https://www.fravega.com/p/banqueta-alta-eames-negra-con-patas-de-madera-22883481/,125000.0,99999.0,1,True
FRA-set-x4-sillas-de-diseno-tulip-blanca-liv,Fravega,OTRAS,Muebles,Set x4 Sillas de Diseño Tulip Blanca Living Comedor Cocina,https://www.fravega.com/p/set-x4-sillas-de-diseno-tulip-blanca-living-comedor-cocina-601630/,199999.0,149999.0,1,True
FRA-biblioteca-centro-estant-l9bl-blanca-180,Fravega,OTRAS,Muebles,Biblioteca Centro Estant L9BL Blanca 180 x 41 cm,https://www.fravega.com/p/biblioteca-centro-estant-l9bl-blanca-180-x-41-cm-600837/,89999.0,65999.0,1,True
FRA-placard-ropero-puertas-corredizas-con-es,Fravega,OTRAS,Muebles,Placard Ropero Puertas Corredizas Con Espejo 2.00 X 2.00 Carpinteria Rivadavia,https://www.fravega.com/p/placard-ropero-puertas-corredizas-con-espejo-2-00-x-2-00-carpinteria-rivadavia-22625778/,700000.0,597810.0,1,True
FRA-silla-oficina-ultimate-ut-j03-601491,Fravega,OTRAS,Muebles,Silla Oficina Ultimate UT-J03,https://www.fravega.com/p/silla-oficina-ultimate-ut-j03-601491/,199999.0,99999.0,1,True
FRA-respaldo-de-cama-centro-estant-dali-140-,Fravega,OTRAS,Muebles,Respaldo de cama Centro Estant Dali 140-160 Negro Paraiso,https://www.fravega.com/p/respaldo-de-cama-centro-estant-dali-140-160-negro-paraiso-21184405/,196658.0,129300.0,1,True
FRA-mesa-tv-centro-estant-mt4002bl-blanco-12,Fravega,OTRAS,Muebles,Mesa TV Centro Estant MT4002BL Blanco 128 x 50 cm,https://www.fravega.com/p/mesa-tv-centro-estant-mt4002bl-blanco-128-x-50-cm-601417/,199999.0,119999.0,1,True
FRA-rack-tv-negro-con-puerta-corrediza--mueb,Fravega,LG,Muebles,Rack TV Negro con Puerta Corrediza – Mueble para Televisor Moderno 50 a 55 Pulgadas con Ruedas 136 cm,https://www.fravega.com/p/rack-tv-negro-con-puerta-corrediza--mueble-para-televisor-moderno-50-a-55-pulgadas-con-ruedas-136-cm-22589027/,210999.0,167073.0,1,True
FRA-silla-de-oficina-premium-ultimate-ut-c34,Fravega,OTRAS,Muebles,Silla de Oficina Premium Ultimate UT-C340W Blanco,https://www.fravega.com/p/silla-de-oficina-premium-ultimate-ut-c340w-blanco-601654/,149999.0,79999.0,1,True
FRA-cama-box-160-2-plazas-queen-con-zapatero,Fravega,OTRAS,Muebles,"Cama Box 160 2 Plazas Queen con Zapateros, Bauleras y Cajones Blanco Centro Estant",https://www.fravega.com/p/cama-box-160-2-plazas-queen-con-zapateros-bauleras-y-cajones-blanco-centro-estant-22715855/,700200.0,416800.0,1,True
FRA-escritorio-centro-estant-milan-negro-par,Fravega,OTRAS,Muebles,Escritorio Centro Estant Milan Negro Paraiso Ancho 168cm,https://www.fravega.com/p/escritorio-centro-estant-milan-negro-paraiso-ancho-168cm-990049086/,194239.0,168990.0,1,True
FRA-ropero-max-madesa-placard-de-2-puertas-c,Fravega,OTRAS,Muebles,Ropero Max Madesa Placard De 2 Puertas Corredizas 1 Espejo,https://www.fravega.com/p/ropero-max-madesa-placard-de-2-puertas-corredizas-1-espejo-22626747/,549972.0,419919.0,1,True
FRA-comoda-infantil-cajonera-6-cajones-para-,Fravega,OTRAS,Muebles,Cómoda Infantil Cajonera 6 Cajones Para Dormitorio Madesa,https://www.fravega.com/p/comoda-infantil-cajonera-6-cajones-para-dormitorio-madesa-22742348/,629998.0,299919.0,1,True
FRA--placard-bahia-4-puertas-venecia-181-x-1,Fravega,OTRAS,Muebles,Placard Bahía 4 Puertas Venecia 181 x 121 cm,https://www.fravega.com/p/-placard-bahia-4-puertas-venecia-181-x-121-cm-601140/,349999.0,235999.0,1,True
FRA-escritorio-maquillador-mueble-tocador-co,Fravega,OTRAS,Muebles,Escritorio Maquillador Mueble Tocador Con Espejo Juvenil con Cajones Color Blanco Paraiso Dormitorio,https://www.fravega.com/p/escritorio-maquillador-mueble-tocador-con-espejo-juvenil-con-cajones-color-blanco-paraiso-dormitorio-22881753/,299846.0,179441.0,1,True
FRA-silla-de-oficina-ergonomica-ultimate-ut-,Fravega,OTRAS,Muebles,Silla de Oficina Ergonómica Ultimate UT-C329-1,https://www.fravega.com/p/silla-de-oficina-ergonomica-ultimate-ut-c329-1-601728/,199999.0,99999.0,1,True
FRA-placard-180x240cm-blanco-con-8-cubos-y-4,Fravega,OTRAS,Muebles,Placard 180x240cm Blanco con 8 Cubos y 4 Cajones,https://www.fravega.com/p/placard-180x240cm-blanco-con-8-cubos-y-4-cajones-22869619/,870000.0,697459.0,1,True
FRA-placard-xl-240x183-blanco-2-puertas-corr,Fravega,OTRAS,Muebles,Placard XL 240x183 Blanco 2 Puertas Corredizas 4 Cajones Cajones- Rieles y Perfiles de Aluminio,https://www.fravega.com/p/placard-xl-240x183-blanco-2-puertas-corredizas-4-cajones-cajones-rieles-y-perfiles-de-aluminio--22872475/,820000.0,660000.0,1,True
FRA-cama-box-con-cajones-160-x-35-x-190cm-ce,Fravega,OTRAS,Muebles,Cama Box Con Cajones 160 x 35 x 190cm Centro Estant C160BL,https://www.fravega.com/p/cama-box-con-cajones-160-x-35-x-190cm-centro-estant-c160bl-990275963/,432589.0,330989.99,1,True
FRA-placard-ropero-con-baulera-alzada-puerta,Fravega,OTRAS,Muebles,Placard Ropero con Baulera Alzada Puertas Corredizas 240x235,https://www.fravega.com/p/placard-ropero-con-baulera-alzada-puertas-corredizas-240x235-21230021/,760000.0,734436.0,1,True
FRA-perchero-movil-metalico-barral-exhibidor,Fravega,OTRAS,Muebles,Perchero Movil Metalico Barral Exhibidor Waggs,https://www.fravega.com/p/perchero-movil-metalico-barral-exhibidor-waggs-22081908/,41986.0,23399.0,1,True
FRA-sillon-mesh-ejecutivo-respaldo-alto-sill,Fravega,OTRAS,Muebles,Sillon Mesh Ejecutivo Respaldo Alto Silla Escritorio Pc,https://www.fravega.com/p/sillon-mesh-ejecutivo-respaldo-alto-silla-escritorio-pc-22768546/,137723.44,89999.0,1,True
FRA-sillas-tolix-x4-estilo-industrial-color-,Fravega,OTRAS,Muebles,Sillas Tolix X4 Estilo Industrial Color Negro Plasticas Gardenlife,https://www.fravega.com/p/sillas-tolix-x4-estilo-industrial-color-negro-plasticas-gardenlife-601613/,199999.0,109999.0,1,True
FRA-respaldo-de-cama-centro-estant-dali-140-,Fravega,OTRAS,Muebles,Respaldo de Cama Centro Estant Dali 140-160 Blanco Paraiso,https://www.fravega.com/p/respaldo-de-cama-centro-estant-dali-140-160-blanco-paraiso-50022494/,196658.0,129300.0,1,True
FRA-rack-panel-solus-tv-70-off-white-cinamom,Fravega,OTRAS,Muebles,RACK PANEL SOLUS TV 70'' OFF WHITE CINAMOMO CARPINTERIA RIVADAVIA,https://www.fravega.com/p/rack-panel-solus-tv-70-off-white-cinamomo-carpinteria-rivadavia-22701360/,235000.0,217909.0,1,True
FRA-placard-ropero-180x180-puertas-corrediza,Fravega,OTRAS,Muebles,Placard Ropero 180x180 Puertas Corredizas Blanco con 2 Perchas de Regalo,https://www.fravega.com/p/placard-ropero-180x180-puertas-corredizas-blanco-con-2-perchas-de-regalo-22617892/,589998.75,529999.0,1,True
FRA-placard-vestidor-1-80-x-1-80-carpinteria,Fravega,OTRAS,Muebles,Placard Vestidor 1.80 x 1.80 Carpinteria Rivadavia Linea Delta,https://www.fravega.com/p/placard-vestidor-1-80-x-1-80-carpinteria-rivadavia-linea-delta-22927464/,599000.0,411785.0,1,True
FRA-despensero-2-maxi-puertas-centro-estant-,Fravega,OTRAS,Muebles,Despensero 2 Maxi Puertas Centro Estant DIS4 Blanco 180 x 60 cm,https://www.fravega.com/p/despensero-2-maxi-puertas-centro-estant-dis4-blanco-180-x-60-cm-600010/,199999.0,149999.0,1,True
FRA-juego-de-comedor-madesa-allegro-con-6-si,Fravega,OTRAS,Muebles,Juego De Comedor Madesa Allegro Con 6 Sillas Imperial,https://www.fravega.com/p/juego-de-comedor-madesa-allegro-con-6-sillas-imperial-22619283/,899964.0,679919.0,1,True
FRA-set-x4-sillas-de-diseno-allegra-negra-li,Fravega,OTRAS,Muebles,Set x4 Sillas de Diseño Allegra Negra Living Comedor Cocina,https://www.fravega.com/p/set-x4-sillas-de-diseno-allegra-negra-living-comedor-cocina-601611/,199999.0,118999.0,1,True
FRA-box-benethon-2-pl-140-x-190-blanco-mate-,Fravega,OTRAS,Muebles,Box Benethon 2 Pl  140 X 190 Blanco Mate,https://www.fravega.com/p/box-benethon-2-pl-140-x-190-blanco-mate-990223748/,778470.0,533840.0,1,True
FRA-despensero-organizador-multiuso-madesa-e,Fravega,OTRAS,Muebles,Despensero Organizador Multiuso Madesa Emilly 2 Puertas,https://www.fravega.com/p/despensero-organizador-multiuso-madesa-emilly-2-puertas-22738457/,169998.0,109919.0,1,True
FRA-banqueta-alta-eames-negra-con-patas-de-m,Fravega,OTRAS,Muebles,Banqueta Alta Eames Negra con Patas de Madera,https://www.fravega.com/p/banqueta-alta-eames-negra-con-patas-de-madera-22883481/,125000.0,99999.0,1,True
FRA-set-x4-sillas-de-diseno-tulip-blanca-liv,Fravega,OTRAS,Muebles,Set x4 Sillas de Diseño Tulip Blanca Living Comedor Cocina,https://www.fravega.com/p/set-x4-sillas-de-diseno-tulip-blanca-living-comedor-cocina-601630/,199999.0,149999.0,1,True
FRA-biblioteca-centro-estant-l9bl-blanca-180,Fravega,OTRAS,Muebles,Biblioteca Centro Estant L9BL Blanca 180 x 41 cm,https://www.fravega.com/p/biblioteca-centro-estant-l9bl-blanca-180-x-41-cm-600837/,89999.0,65999.0,1,True
FRA-placard-ropero-puertas-corredizas-con-es,Fravega,OTRAS,Muebles,Placard Ropero Puertas Corredizas Con Espejo 2.00 X 2.00 Carpinteria Rivadavia,https://www.fravega.com/p/placard-ropero-puertas-corredizas-con-espejo-2-00-x-2-00-carpinteria-rivadavia-22625778/,700000.0,597810.0,1,True
FRA-silla-oficina-ultimate-ut-j03-601491,Fravega,OTRAS,Muebles,Silla Oficina Ultimate UT-J03,https://www.fravega.com/p/silla-oficina-ultimate-ut-j03-601491/,199999.0,99999.0,1,True
FRA-respaldo-de-cama-centro-estant-dali-140-,Fravega,OTRAS,Muebles,Respaldo de cama Centro Estant Dali 140-160 Negro Paraiso,https://www.fravega.com/p/respaldo-de-cama-centro-estant-dali-140-160-negro-paraiso-21184405/,196658.0,129300.0,1,True
FRA-mesa-tv-centro-estant-mt4002bl-blanco-12,Fravega,OTRAS,Muebles,Mesa TV Centro Estant MT4002BL Blanco 128 x 50 cm,https://www.fravega.com/p/mesa-tv-centro-estant-mt4002bl-blanco-128-x-50-cm-601417/,199999.0,119999.0,1,True
FRA-rack-tv-negro-con-puerta-corrediza--mueb,Fravega,LG,Muebles,Rack TV Negro con Puerta Corrediza – Mueble para Televisor Moderno 50 a 55 Pulgadas con Ruedas 136 cm,https://www.fravega.com/p/rack-tv-negro-con-puerta-corrediza--mueble-para-televisor-moderno-50-a-55-pulgadas-con-ruedas-136-cm-22589027/,210999.0,167073.0,1,True
FRA-silla-de-oficina-premium-ultimate-ut-c34,Fravega,OTRAS,Muebles,Silla de Oficina Premium Ultimate UT-C340W Blanco,https://www.fravega.com/p/silla-de-oficina-premium-ultimate-ut-c340w-blanco-601654/,149999.0,79999.0,1,True
FRA-cama-box-160-2-plazas-queen-con-zapatero,Fravega,OTRAS,Muebles,"Cama Box 160 2 Plazas Queen con Zapateros, Bauleras y Cajones Blanco Centro Estant",https://www.fravega.com/p/cama-box-160-2-plazas-queen-con-zapateros-bauleras-y-cajones-blanco-centro-estant-22715855/,700200.0,416800.0,1,True
FRA-escritorio-centro-estant-milan-negro-par,Fravega,OTRAS,Muebles,Escritorio Centro Estant Milan Negro Paraiso Ancho 168cm,https://www.fravega.com/p/escritorio-centro-estant-milan-negro-paraiso-ancho-168cm-990049086/,194239.0,168990.0,1,True
FRA-rack-modular-de-tv-dubai-madesa-para-tv-,Fravega,LG,Muebles,Rack Modular De Tv Dubai Madesa Para Tv Hasta 65 Pulgadas,https://www.fravega.com/p/rack-modular-de-tv-dubai-madesa-para-tv-hasta-65-pulgadas-22771161/,259998.0,179919.0,1,True
FRA-maquillador-tocador-con-espejo-hollywood,Fravega,OTRAS,Muebles,Maquillador Tocador con Espejo Hollywood 11 Cajones 1.20m Escritorio Dormitorio (Blanco) + Puff Baulero de regalo,https://www.fravega.com/p/maquillador-tocador-con-espejo-hollywood-11-cajones-1-20m-escritorio-dormitorio-blanco-puff-baulero-de-regalo--22881769/,723597.0,479441.0,1,True
FRA-juego-de-comedor-cocina-jaine-madesa-mes,Fravega,OTRAS,Muebles,Juego De Comedor Cocina Jaíne Madesa Mesa Con 6 Sillas,https://www.fravega.com/p/juego-de-comedor-cocina-jaine-madesa-mesa-con-6-sillas-22627125/,659972.0,349919.0,1,True
FRA-comoda-infantil-cajonera-6-cajones-para-,Fravega,OTRAS,Muebles,Cómoda Infantil Cajonera 6 Cajones Para Dormitorio Madesa,https://www.fravega.com/p/comoda-infantil-cajonera-6-cajones-para-dormitorio-madesa-22742348/,629998.0,299919.0,1,True
FRA-comoda-mallorca-negro-paraiso-20242083,Fravega,OTRAS,Muebles,Comoda Mallorca negro paraiso,https://www.fravega.com/p/comoda-mallorca-negro-paraiso-20242083/,241780.0,190400.0,1,True
FRA-silla-de-comedor-tulip-estructura-color-,Fravega,OTRAS,Muebles,Silla de comedor Tulip estructura color negro,https://www.fravega.com/p/silla-de-comedor-tulip-estructura-color-negro-21188777/,49999.0,35999.0,1,True
FRA-perchero-organizador-doble-barral-metali,Fravega,OTRAS,Muebles,Perchero Organizador Doble Barral Metálico Waggs con Estante,https://www.fravega.com/p/perchero-organizador-doble-barral-metalico-waggs-con-estante-22617150/,67186.0,33599.0,1,True
FRA-silla-de-oficina-mesh-nay-negro-22712842,Fravega,OTRAS,Muebles,Silla De Oficina Mesh Nay Negro,https://www.fravega.com/p/silla-de-oficina-mesh-nay-negro-22712842/,80000.0,68000.0,1,True
FRA-botinero-24-pares-centro-estant-b24bl-bl,Fravega,OTRAS,Muebles,Botinero 24 Pares Centro Estant B24BL Blanco 153 x 61 cm,https://www.fravega.com/p/botinero-24-pares-centro-estant-b24bl-blanco-153-x-61-cm-601109/,229999.0,155999.0,1,True
FRA-placard-ropero-120x180-puertas-corrediza,Fravega,OTRAS,Muebles,Placard Ropero 120x180 Puertas Corredizas Blanco,https://www.fravega.com/p/placard-ropero-120x180-puertas-corredizas-blanco-22581730/,399998.75,308999.0,1,True
FRA-placard-perfileria-de-aluminio-carpinter,Fravega,OTRAS,Muebles,Placard Perfileria de Aluminio Carpinteria Rivadavia Linea Delta,https://www.fravega.com/p/placard-perfileria-de-aluminio-carpinteria-rivadavia-linea-delta-20007885/,520000.0,471182.0,1,True
FRA-placard-240-perfileria-de-aluminio-carpi,Fravega,OTRAS,Muebles,Placard 240 Perfileria de Aluminio Carpinteria Rivadavia Linea Delta,https://www.fravega.com/p/placard-240-perfileria-de-aluminio-carpinteria-rivadavia-linea-delta-20017411/,600000.0,563079.0,1,True
FRA-placard-ropero-vestidor-puertas-corrediz,Fravega,OTRAS,Muebles,Placard Ropero Vestidor Puertas Corredizas con Baulera 180 x 235,https://www.fravega.com/p/placard-ropero-vestidor-puertas-corredizas-con-baulera-180-x-235-21230020/,650000.0,606012.0,1,True
FRA-rack-esquinero-organizador-de-calzado-y-,Fravega,OTRAS,Muebles,Rack Esquinero Organizador De Calzado y Ropa con Perchero y Estantes 45x180x45cm Marca Homeco. Color Negro,https://www.fravega.com/p/rack-esquinero-organizador-de-calzado-y-ropa-con-perchero-y-estantes-45x180x45cm-marca-homeco-color-negro-22635120/,28780.0,13544.55,1,True
FRA-placard-vestidor-1-80-x-1-80-carpinteria,Fravega,OTRAS,Muebles,Placard Vestidor 1.80 x 1.80 Carpinteria Rivadavia Linea Delta,https://www.fravega.com/p/placard-vestidor-1-80-x-1-80-carpinteria-rivadavia-linea-delta-22927464/,599000.0,411785.0,1,True
FRA-despensero-2-maxi-puertas-centro-estant-,Fravega,OTRAS,Muebles,Despensero 2 Maxi Puertas Centro Estant DIS4 Blanco 180 x 60 cm,https://www.fravega.com/p/despensero-2-maxi-puertas-centro-estant-dis4-blanco-180-x-60-cm-600010/,199999.0,149999.0,1,True
FRA-juego-de-comedor-madesa-allegro-con-6-si,Fravega,OTRAS,Muebles,Juego De Comedor Madesa Allegro Con 6 Sillas Imperial,https://www.fravega.com/p/juego-de-comedor-madesa-allegro-con-6-sillas-imperial-22619283/,899964.0,679919.0,1,True
FRA-set-x4-sillas-de-diseno-allegra-negra-li,Fravega,OTRAS,Muebles,Set x4 Sillas de Diseño Allegra Negra Living Comedor Cocina,https://www.fravega.com/p/set-x4-sillas-de-diseno-allegra-negra-living-comedor-cocina-601611/,199999.0,118999.0,1,True
FRA-box-benethon-2-pl-140-x-190-blanco-mate-,Fravega,OTRAS,Muebles,Box Benethon 2 Pl  140 X 190 Blanco Mate,https://www.fravega.com/p/box-benethon-2-pl-140-x-190-blanco-mate-990223748/,778470.0,533840.0,1,True
FRA-despensero-organizador-multiuso-madesa-e,Fravega,OTRAS,Muebles,Despensero Organizador Multiuso Madesa Emilly 2 Puertas,https://www.fravega.com/p/despensero-organizador-multiuso-madesa-emilly-2-puertas-22738457/,169998.0,109919.0,1,True
FRA-banqueta-alta-eames-negra-con-patas-de-m,Fravega,OTRAS,Muebles,Banqueta Alta Eames Negra con Patas de Madera,https://www.fravega.com/p/banqueta-alta-eames-negra-con-patas-de-madera-22883481/,125000.0,99999.0,1,True
FRA-set-x4-sillas-de-diseno-tulip-blanca-liv,Fravega,OTRAS,Muebles,Set x4 Sillas de Diseño Tulip Blanca Living Comedor Cocina,https://www.fravega.com/p/set-x4-sillas-de-diseno-tulip-blanca-living-comedor-cocina-601630/,199999.0,149999.0,1,True
FRA-biblioteca-centro-estant-l9bl-blanca-180,Fravega,OTRAS,Muebles,Biblioteca Centro Estant L9BL Blanca 180 x 41 cm,https://www.fravega.com/p/biblioteca-centro-estant-l9bl-blanca-180-x-41-cm-600837/,89999.0,65999.0,1,True
FRA-placard-ropero-puertas-corredizas-con-es,Fravega,OTRAS,Muebles,Placard Ropero Puertas Corredizas Con Espejo 2.00 X 2.00 Carpinteria Rivadavia,https://www.fravega.com/p/placard-ropero-puertas-corredizas-con-espejo-2-00-x-2-00-carpinteria-rivadavia-22625778/,700000.0,597810.0,1,True
FRA-silla-oficina-ultimate-ut-j03-601491,Fravega,OTRAS,Muebles,Silla Oficina Ultimate UT-J03,https://www.fravega.com/p/silla-oficina-ultimate-ut-j03-601491/,199999.0,99999.0,1,True
FRA-respaldo-de-cama-centro-estant-dali-140-,Fravega,OTRAS,Muebles,Respaldo de cama Centro Estant Dali 140-160 Negro Paraiso,https://www.fravega.com/p/respaldo-de-cama-centro-estant-dali-140-160-negro-paraiso-21184405/,196658.0,129300.0,1,True
FRA-mesa-tv-centro-estant-mt4002bl-blanco-12,Fravega,OTRAS,Muebles,Mesa TV Centro Estant MT4002BL Blanco 128 x 50 cm,https://www.fravega.com/p/mesa-tv-centro-estant-mt4002bl-blanco-128-x-50-cm-601417/,199999.0,119999.0,1,True
FRA-rack-tv-negro-con-puerta-corrediza--mueb,Fravega,LG,Muebles,Rack TV Negro con Puerta Corrediza – Mueble para Televisor Moderno 50 a 55 Pulgadas con Ruedas 136 cm,https://www.fravega.com/p/rack-tv-negro-con-puerta-corrediza--mueble-para-televisor-moderno-50-a-55-pulgadas-con-ruedas-136-cm-22589027/,210999.0,167073.0,1,True
FRA-silla-de-oficina-premium-ultimate-ut-c34,Fravega,OTRAS,Muebles,Silla de Oficina Premium Ultimate UT-C340W Blanco,https://www.fravega.com/p/silla-de-oficina-premium-ultimate-ut-c340w-blanco-601654/,149999.0,79999.0,1,True
FRA-cama-box-160-2-plazas-queen-con-zapatero,Fravega,OTRAS,Muebles,"Cama Box 160 2 Plazas Queen con Zapateros, Bauleras y Cajones Blanco Centro Estant",https://www.fravega.com/p/cama-box-160-2-plazas-queen-con-zapateros-bauleras-y-cajones-blanco-centro-estant-22715855/,700200.0,416800.0,1,True
FRA-escritorio-centro-estant-milan-negro-par,Fravega,OTRAS,Muebles,Escritorio Centro Estant Milan Negro Paraiso Ancho 168cm,https://www.fravega.com/p/escritorio-centro-estant-milan-negro-paraiso-ancho-168cm-990049086/,194239.0,168990.0,1,True
FRA-ropero-max-madesa-placard-de-2-puertas-c,Fravega,OTRAS,Muebles,Ropero Max Madesa Placard De 2 Puertas Corredizas 1 Espejo,https://www.fravega.com/p/ropero-max-madesa-placard-de-2-puertas-corredizas-1-espejo-22626747/,549972.0,419919.0,1,True
FRA-comoda-infantil-cajonera-6-cajones-para-,Fravega,OTRAS,Muebles,Cómoda Infantil Cajonera 6 Cajones Para Dormitorio Madesa,https://www.fravega.com/p/comoda-infantil-cajonera-6-cajones-para-dormitorio-madesa-22742348/,629998.0,299919.0,1,True
FRA-botinero-24-pares-centro-estant-b24bl-bl,Fravega,OTRAS,Muebles,Botinero 24 Pares Centro Estant B24BL Blanco 153 x 61 cm,https://www.fravega.com/p/botinero-24-pares-centro-estant-b24bl-blanco-153-x-61-cm-601109/,229999.0,155999.0,1,True
FRA-placard-ropero-120x180-puertas-corrediza,Fravega,OTRAS,Muebles,Placard Ropero 120x180 Puertas Corredizas Blanco,https://www.fravega.com/p/placard-ropero-120x180-puertas-corredizas-blanco-22581730/,399998.75,308999.0,1,True
FRA-placard-ropero-vestidor-puertas-corrediz,Fravega,OTRAS,Muebles,Placard Ropero Vestidor Puertas Corredizas con Baulera 180 x 235,https://www.fravega.com/p/placard-ropero-vestidor-puertas-corredizas-con-baulera-180-x-235-21230020/,650000.0,606012.0,1,True
FRA-placard-240-perfileria-de-aluminio-carpi,Fravega,OTRAS,Muebles,Placard 240 Perfileria de Aluminio Carpinteria Rivadavia Linea Delta,https://www.fravega.com/p/placard-240-perfileria-de-aluminio-carpinteria-rivadavia-linea-delta-20017411/,600000.0,563079.0,1,True
FRA-placard-perfileria-de-aluminio-carpinter,Fravega,OTRAS,Muebles,Placard Perfileria de Aluminio Carpinteria Rivadavia Linea Delta,https://www.fravega.com/p/placard-perfileria-de-aluminio-carpinteria-rivadavia-linea-delta-20007885/,520000.0,471182.0,1,True
FRA-silla-de-oficina-ergonomica-fravega-home,Fravega,OTRAS,Muebles,Silla de Oficina Ergonómica Frávega Home B36O,https://www.fravega.com/p/silla-de-oficina-ergonomica-fravega-home-b36o-601804/,449999.0,279999.0,1,True
FRA-placard-200-x-200-cm-blanco--3-puertas-c,Fravega,OTRAS,Muebles,Placard 200 x 200 cm Blanco – 3 Puertas Corredizas 4 Cajones- Rieles y Perfiles de Aluminio,https://www.fravega.com/p/placard-200-x-200-cm-blanco--3-puertas-corredizas-4-cajones-rieles-y-perfiles-de-aluminio--22872011/,870000.0,699000.0,1,True
FRA-ropero-placard-de-melamina-4-puertas-cen,Fravega,OTRAS,Muebles,Ropero Placard De Melamina 4 Puertas Centro Estant Libe40bl,https://www.fravega.com/p/ropero-placard-de-melamina-4-puertas-centro-estant-libe40bl-990259031/,369589.0,290990.0,1,True
FRA-silla-de-oficina-sillon-mesh-respaldo-al,Fravega,OTRAS,Muebles,Silla de Oficina Sillon Mesh Respaldo Alto Ergonomica Escritorio PC,https://www.fravega.com/p/silla-de-oficina-sillon-mesh-respaldo-alto-ergonomica-escritorio-pc-22882143/,199886.0,99221.0,1,True
FRA-juego-de-mesa-eames-redonda-90x90-4-sill,Fravega,OTRAS,Muebles,Juego De Mesa Eames Redonda 90x90 + 4 Sillas Eames,https://www.fravega.com/p/juego-de-mesa-eames-redonda-90x90-4-sillas-eames-22745264/,377493.32,299296.98,1,True
FRA-placard-vestidor-1-80-x-1-80-carpinteria,Fravega,OTRAS,Muebles,Placard Vestidor 1.80 x 1.80 Carpinteria Rivadavia Linea Delta,https://www.fravega.com/p/placard-vestidor-1-80-x-1-80-carpinteria-rivadavia-linea-delta-20012662/,420000.0,362183.0,1,True
FRA-mesa-de-luz-orlandi-abedul-601344,Fravega,OTRAS,Muebles,Mesa de Luz Orlandi Abedul,https://www.fravega.com/p/mesa-de-luz-orlandi-abedul-601344/,69999.0,46999.0,1,True
FRA-placard-ropero-150x180-puertas-corrediza,Fravega,OTRAS,Muebles,Placard Ropero 150x180 Puertas Corredizas Blanco,https://www.fravega.com/p/placard-ropero-150x180-puertas-corredizas-blanco-22581788/,444998.75,348999.0,1,True
FRA-banqueta-alta-set-x2-desayunador-ecocuer,Fravega,OTRAS,Muebles,Banqueta Alta Set X2 Desayunador Ecocuero Color Negro Pie Cromado,https://www.fravega.com/p/banqueta-alta-set-x2-desayunador-ecocuero-color-negro-pie-cromado--22883672/,389886.0,194441.0,1,True
FRA-placard-vestidor-1-80-x-1-80-carpinteria,Fravega,OTRAS,Muebles,Placard Vestidor 1.80 x 1.80 Carpinteria Rivadavia Linea Delta,https://www.fravega.com/p/placard-vestidor-1-80-x-1-80-carpinteria-rivadavia-linea-delta-22927464/,599000.0,411785.0,1,True
FRA-despensero-2-maxi-puertas-centro-estant-,Fravega,OTRAS,Muebles,Despensero 2 Maxi Puertas Centro Estant DIS4 Blanco 180 x 60 cm,https://www.fravega.com/p/despensero-2-maxi-puertas-centro-estant-dis4-blanco-180-x-60-cm-600010/,199999.0,149999.0,1,True
FRA-juego-de-comedor-madesa-allegro-con-6-si,Fravega,OTRAS,Muebles,Juego De Comedor Madesa Allegro Con 6 Sillas Imperial,https://www.fravega.com/p/juego-de-comedor-madesa-allegro-con-6-sillas-imperial-22619283/,899964.0,679919.0,1,True
FRA-set-x4-sillas-de-diseno-allegra-negra-li,Fravega,OTRAS,Muebles,Set x4 Sillas de Diseño Allegra Negra Living Comedor Cocina,https://www.fravega.com/p/set-x4-sillas-de-diseno-allegra-negra-living-comedor-cocina-601611/,199999.0,118999.0,1,True
FRA-box-benethon-2-pl-140-x-190-blanco-mate-,Fravega,OTRAS,Muebles,Box Benethon 2 Pl  140 X 190 Blanco Mate,https://www.fravega.com/p/box-benethon-2-pl-140-x-190-blanco-mate-990223748/,778470.0,533840.0,1,True
FRA-despensero-organizador-multiuso-madesa-e,Fravega,OTRAS,Muebles,Despensero Organizador Multiuso Madesa Emilly 2 Puertas,https://www.fravega.com/p/despensero-organizador-multiuso-madesa-emilly-2-puertas-22738457/,169998.0,109919.0,1,True
FRA-banqueta-alta-eames-negra-con-patas-de-m,Fravega,OTRAS,Muebles,Banqueta Alta Eames Negra con Patas de Madera,https://www.fravega.com/p/banqueta-alta-eames-negra-con-patas-de-madera-22883481/,125000.0,99999.0,1,True
FRA-set-x4-sillas-de-diseno-tulip-blanca-liv,Fravega,OTRAS,Muebles,Set x4 Sillas de Diseño Tulip Blanca Living Comedor Cocina,https://www.fravega.com/p/set-x4-sillas-de-diseno-tulip-blanca-living-comedor-cocina-601630/,199999.0,149999.0,1,True
FRA-biblioteca-centro-estant-l9bl-blanca-180,Fravega,OTRAS,Muebles,Biblioteca Centro Estant L9BL Blanca 180 x 41 cm,https://www.fravega.com/p/biblioteca-centro-estant-l9bl-blanca-180-x-41-cm-600837/,89999.0,65999.0,1,True
FRA-placard-ropero-puertas-corredizas-con-es,Fravega,OTRAS,Muebles,Placard Ropero Puertas Corredizas Con Espejo 2.00 X 2.00 Carpinteria Rivadavia,https://www.fravega.com/p/placard-ropero-puertas-corredizas-con-espejo-2-00-x-2-00-carpinteria-rivadavia-22625778/,700000.0,597810.0,1,True
FRA-silla-oficina-ultimate-ut-j03-601491,Fravega,OTRAS,Muebles,Silla Oficina Ultimate UT-J03,https://www.fravega.com/p/silla-oficina-ultimate-ut-j03-601491/,199999.0,99999.0,1,True
FRA-respaldo-de-cama-centro-estant-dali-140-,Fravega,OTRAS,Muebles,Respaldo de cama Centro Estant Dali 140-160 Negro Paraiso,https://www.fravega.com/p/respaldo-de-cama-centro-estant-dali-140-160-negro-paraiso-21184405/,196658.0,129300.0,1,True
FRA-mesa-tv-centro-estant-mt4002bl-blanco-12,Fravega,OTRAS,Muebles,Mesa TV Centro Estant MT4002BL Blanco 128 x 50 cm,https://www.fravega.com/p/mesa-tv-centro-estant-mt4002bl-blanco-128-x-50-cm-601417/,199999.0,119999.0,1,True
FRA-rack-tv-negro-con-puerta-corrediza--mueb,Fravega,LG,Muebles,Rack TV Negro con Puerta Corrediza – Mueble para Televisor Moderno 50 a 55 Pulgadas con Ruedas 136 cm,https://www.fravega.com/p/rack-tv-negro-con-puerta-corrediza--mueble-para-televisor-moderno-50-a-55-pulgadas-con-ruedas-136-cm-22589027/,210999.0,167073.0,1,True
FRA-silla-de-oficina-premium-ultimate-ut-c34,Fravega,OTRAS,Muebles,Silla de Oficina Premium Ultimate UT-C340W Blanco,https://www.fravega.com/p/silla-de-oficina-premium-ultimate-ut-c340w-blanco-601654/,149999.0,79999.0,1,True
FRA-cama-box-160-2-plazas-queen-con-zapatero,Fravega,OTRAS,Muebles,"Cama Box 160 2 Plazas Queen con Zapateros, Bauleras y Cajones Blanco Centro Estant",https://www.fravega.com/p/cama-box-160-2-plazas-queen-con-zapateros-bauleras-y-cajones-blanco-centro-estant-22715855/,700200.0,416800.0,1,True
FRA-escritorio-centro-estant-milan-negro-par,Fravega,OTRAS,Muebles,Escritorio Centro Estant Milan Negro Paraiso Ancho 168cm,https://www.fravega.com/p/escritorio-centro-estant-milan-negro-paraiso-ancho-168cm-990049086/,194239.0,168990.0,1,True
FRA-sillon-gerencial-ergonomico-elegante-con,Fravega,OTRAS,Muebles,Sillón Gerencial Ergonómico Elegante Con Apoya Pies Baires4,https://www.fravega.com/p/sillon-gerencial-ergonomico-elegante-con-apoya-pies-baires4-22768517/,236476.15,176937.88,1,True
FRA-banqueta-alta-set-x2-desayunador-ecocuer,Fravega,OTRAS,Muebles,Banqueta Alta Set X2 Desayunador Ecocuero Color Negro Pie Cromado,https://www.fravega.com/p/banqueta-alta-set-x2-desayunador-ecocuero-color-negro-pie-cromado--22883672/,389886.0,194441.0,1,True
FRA-sillon-de-3-cuerpos-esquinero-convertibl,Fravega,OTRAS,Muebles,Sillón de 3 Cuerpos Esquinero Convertible American Wood Chenille Gris,https://www.fravega.com/p/sillon-de-3-cuerpos-esquinero-convertible-american-wood-chenille-gris-50000857/,2129863.0,749999.0,1,True
FRA-silla-de-oficina-reclinable-starway-lc00,Fravega,OTRAS,Muebles,Silla de Oficina Reclinable Starway LC001 Color Negro,https://www.fravega.com/p/silla-de-oficina-reclinable-starway-lc001-color-negro--21242388/,199999.0,149999.0,1,True
FRA-bajo-mesada-orlandi-bahia-120cm-abedul-6,Fravega,OTRAS,Muebles,Bajo Mesada Orlandi Bahía 120cm Abedul,https://www.fravega.com/p/bajo-mesada-orlandi-bahia-120cm-abedul-601768/,199999.0,149999.0,1,True
FRA-placard-vestidor-2-40-x-1-80-carpinteria,Fravega,OTRAS,Muebles,Placard Vestidor 2.40 x 1.80 Carpinteria Rivadavia Linea Delta,https://www.fravega.com/p/placard-vestidor-2-40-x-1-80-carpinteria-rivadavia-linea-delta-20017412/,450000.0,424487.0,1,True
FRA-biblioteca-centro-estant-l9n-negro-180-x,Fravega,OTRAS,Muebles,Biblioteca Centro Estant L9N Negro 180 x 41 cm,https://www.fravega.com/p/biblioteca-centro-estant-l9n-negro-180-x-41-cm-601111/,89999.0,69999.0,1,True
FRA-mesa-tv-centro-estant-mt4002w-wengue-601,Fravega,OTRAS,Muebles,Mesa TV Centro Estant  MT4002W Wengue,https://www.fravega.com/p/mesa-tv-centro-estant-mt4002w-wengue-601428/,199999.0,119999.0,1,True
FRA-placard-ropero-150x180-cm-disenos-modern,Fravega,OTRAS,Muebles,Placard Ropero 150x180 cm Diseños Modernos Blanco,https://www.fravega.com/p/placard-ropero-150x180-cm-disenos-modernos-blanco-21295599/,444998.75,354999.0,1,True
FRA-organizador-de-escritorio-porta-lapices-,Fravega,OTRAS,Muebles,Organizador De Escritorio Porta Lapices Soporte Libros Waggs,https://www.fravega.com/p/organizador-de-escritorio-porta-lapices-soporte-libros-waggs-21454255/,37786.0,18899.0,1,True
FRA-comoda-pack-5-cajones-1-puerta-blanco-ma,Fravega,OTRAS,Muebles,Comoda Pack 5 Cajones 1 Puerta Blanco Mate,https://www.fravega.com/p/comoda-pack-5-cajones-1-puerta-blanco-mate-990223693/,224710.0,155960.0,1,True
FRA-placard-ropero-150x180-puertas-corrediza,Fravega,OTRAS,Muebles,Placard Ropero 150x180 Puertas Corredizas Blanco,https://www.fravega.com/p/placard-ropero-150x180-puertas-corredizas-blanco-22605105/,511248.75,403999.0,1,True
FRA-maquillador-tocador-con-espejo-hollywood,Fravega,OTRAS,Muebles,Maquillador Tocador con Espejo Hollywood 7 Cajones 1.20m Escritorio Dormitorio (Blanco) + Puff Baulero de regalo,https://www.fravega.com/p/maquillador-tocador-con-espejo-hollywood-7-cajones-1-20m-escritorio-dormitorio-blanco-puff-baulero-de-regalo--22881761/,629886.0,459221.45,1,True
FRA-placard-ropero-puertas-corredizas-150-x-,Fravega,OTRAS,Muebles,Placard Ropero Puertas Corredizas 150 x 180 x 0.55,https://www.fravega.com/p/placard-ropero-puertas-corredizas-150-x-180-x-0-55-21230023/,450000.0,355483.0,1,True
FRA-banqueta-taburete-ecocuero-negro-x2-9901,Fravega,OTRAS,Muebles,Banqueta Taburete Ecocuero Negro X2,https://www.fravega.com/p/banqueta-taburete-ecocuero-negro-x2-990165312/,209669.0,144599.0,1,True
FRA-colchon-caja-sueno-dorado-box-rolo-2-pla,Fravega,OTRAS,Colchones y Sommiers,Colchón en Caja Sueño Dorado Box Rolo 2 Plazas (140x190 cm) - Espuma Alta Densidad + Soft,https://www.fravega.com/p/colchon-caja-sueno-dorado-box-rolo-2-plazas-140x190-cm-espuma-alta-densidad-soft-610783/,599999.0,399999.0,1,True
FRA-conjunto-sommier-y-colchon-de-espuma-kin,Fravega,OTRAS,Colchones y Sommiers,Conjunto Sommier y Colchón de espuma King Koil Bradford Super King 200x200 cm,https://www.fravega.com/p/conjunto-sommier-y-colchon-de-espuma-king-koil-bradford-super-king-200x200-cm-20027553/,2701665.0,1620999.0,1,True
FRA-estelar-descanso-sommier-2x2-king-pillow,Fravega,OTRAS,Colchones y Sommiers,Estelar Descanso Sommier 2x2 King Pillow Alta Densidad,https://www.fravega.com/p/estelar-descanso-sommier-2x2-king-pillow-alta-densidad-22514474/,1499900.0,799900.0,1,True
FRA-colchon-de-resortes-king-koil-lexington-,Fravega,OTRAS,Colchones y Sommiers,Colchón de resortes King Koil Lexington Queen Size 160x200 cm con SOMMIER DE REGALO,https://www.fravega.com/p/colchon-de-resortes-king-koil-lexington-queen-size-160x200-cm-con-sommier-de-regalo-50003050/,3979998.0,2387999.0,1,True
FRA-conjunto-sommier-y-colchon-suavestar-del,Fravega,OTRAS,Colchones y Sommiers,Conjunto Sommier y Colchón Suavestar Deluxe 2 Plazas (140x190 cm) - Espuma 25 kg/m³,https://www.fravega.com/p/conjunto-sommier-y-colchon-suavestar-deluxe-2-plazas-140x190-cm-espuma-25-kg-m-610593/,669999.0,599999.0,1,True
FRA-colchon-y-sommier-arcoiris-rio-2-plazas-,Fravega,OTRAS,Colchones y Sommiers,Colchón y Sommier Arcoiris Rio 2 Plazas 140x190 Resortes,https://www.fravega.com/p/colchon-y-sommier-arcoiris-rio-2-plazas-140x190-resortes-20007026/,1337880.0,539900.0,1,True
FRA-combo-conjunto-sommier-elite-alumine-2-p,Fravega,OTRAS,Colchones y Sommiers,Combo Conjunto Sommier Elite Aluminé 2 Plazas (140x190 cm) + Respaldo Pana Velvet + 2 Almohadas de Regalo,https://www.fravega.com/p/combo-conjunto-sommier-elite-alumine-2-plazas-140x190-cm-respaldo-pana-velvet-2-almohadas-de-regalo-610825/,899999.0,629999.0,1,True
FRA-conjunto-sommier-y-colchon-de-resortes-k,Fravega,OTRAS,Colchones y Sommiers,Conjunto Sommier y Colchón de resortes King Koil 120 Gold - Luxury Pocket Super King 200x200 cm,https://www.fravega.com/p/conjunto-sommier-y-colchon-de-resortes-king-koil-120-gold-luxury-pocket-super-king-200x200-cm-22490798/,3391998.0,2119999.0,1,True
FRA-conjunto-sommier-y-colchon-suavestar-cen,Fravega,OTRAS,Colchones y Sommiers,Conjunto Sommier y Colchón Suavestar Centuria Queen (2 Plazas y Media) (160x200 cm) - Espuma 35 kg/m³,https://www.fravega.com/p/conjunto-sommier-y-colchon-suavestar-centuria-queen-2-plazas-y-media-160x200-cm-espuma-35-kg-m-610628/,1499999.0,1179999.0,1,True
FRA-sommier-y-colchon-bicama-de-resortes-1-1,Fravega,OTRAS,Colchones y Sommiers,Sommier y Colchón Bicama de Resortes 1 1/2 Plaza Inducol Agra 100x200 Cm,https://www.fravega.com/p/sommier-y-colchon-bicama-de-resortes-1-1-2-plaza-inducol-agra-100x200-cm-20190986/,1651665.0,990999.0,1,True
FRA-conjunto-sommier-y-colchon-suavestar-spo,Fravega,OTRAS,Colchones y Sommiers,Conjunto Sommier y Colchón Suavestar Sport 1 Plaza y Media (100x190 cm) - Espuma 30kg/m³,https://www.fravega.com/p/conjunto-sommier-y-colchon-suavestar-sport-1-plaza-y-media-100x190-cm-espuma-30kg-m-610923/,699999.0,549999.0,1,True
FRA-sommier-y-colchon-cannon-reims-pillow-to,Fravega,OTRAS,Colchones y Sommiers,Sommier Y Colchón Cannon Reims Pillow Top 200X200X30 King,https://www.fravega.com/p/sommier-y-colchon-cannon-reims-pillow-top-200x200x30-king-990194788/,2852352.0,1426176.0,1,True
FRA-colchon-suavestar-sport-2-plazas-140x190,Fravega,OTRAS,Colchones y Sommiers,Colchón Suavestar Sport 2 Plazas (140x190 cm) - Espuma Alta Densidad 30kg/m³,https://www.fravega.com/p/colchon-suavestar-sport-2-plazas-140x190-cm-espuma-alta-densidad-30kg-m-610657/,599999.0,429999.0,1,True
FRA-combo-2230-norcee-140x190-sommier-colcho,Fravega,OTRAS,Colchones y Sommiers,Combo 2230 NORCEE 140x190 Sommier + Colchón + Respaldo y 2 almohadas de regalo Espuma Alta Densidad,https://www.fravega.com/p/combo-2230-norcee-140x190-sommier-colchon-respaldo-y-2-almohadas-de-regalo-espuma-alta-densidad-22708009/,3552337.0,929000.0,1,True
FRA-conjunto-sommier-y-colchon-nap-franklin-,Fravega,OTRAS,Colchones y Sommiers,Conjunto Sommier y Colchón NAP Franklin 2 Plazas (140x190 cm) - Espuma Alta Densidad,https://www.fravega.com/p/conjunto-sommier-y-colchon-nap-franklin-2-plazas-140x190-cm-espuma-alta-densidad-610868/,499999.0,359999.0,1,True
FRA-sommier-y-colchon-2230-norcee-pillow-140,Fravega,OTRAS,Colchones y Sommiers,Sommier y Colchón 2230 Norcee Pillow 140x190 Espuma Alta Densidad con 2 Almohadas de Regalo,https://www.fravega.com/p/sommier-y-colchon-2230-norcee-pillow-140x190-espuma-alta-densidad-con-2-almohadas-de-regalo-22526253/,3989698.0,1199000.0,1,True
FRA-conjunto-sommier-y-colchon-elite-sonar-2,Fravega,OTRAS,Colchones y Sommiers,Conjunto Sommier y Colchón Elite Soñar 2 Plazas (140x190 cm) - Resortes Bonell,https://www.fravega.com/p/conjunto-sommier-y-colchon-elite-sonar-2-plazas-140x190-cm-resortes-bonell-610926/,599999.0,499999.0,1,True
FRA-conjunto-sommier-y-colchon-elite-everest,Fravega,OTRAS,Colchones y Sommiers,Conjunto Sommier y Colchón Elite Everest 2 Plazas (140x190 cm) - Espuma Alta Densidad,https://www.fravega.com/p/conjunto-sommier-y-colchon-elite-everest-2-plazas-140x190-cm-espuma-alta-densidad-610860/,699999.0,499999.0,1,True
FRA-colchon-de-espuma-estelar-140x190cm-somm,Fravega,OTRAS,Colchones y Sommiers,Colchón de Espuma Estelar 140x190cm + Sommier 2 Plazas con Almohadas,https://www.fravega.com/p/colchon-de-espuma-estelar-140x190cm-sommier-2-plazas-con-almohadas-22589242/,799900.0,399900.0,1,True
FRA-combo-sommier-colchon-respaldo-y-2-almoh,Fravega,OTRAS,Colchones y Sommiers,Combo Sommier + Colchón + Respaldo y 2 almohadas de regalo 2230 SYRMA 140x190 Espuma Alta Densidad,https://www.fravega.com/p/combo-sommier-colchon-respaldo-y-2-almohadas-de-regalo-2230-syrma-140x190-espuma-alta-densidad-22652849/,2649076.0,669999.0,1,True
FRA-conjunto-sommier-y-colchon-elite-lanin-1,Fravega,OTRAS,Colchones y Sommiers,Conjunto Sommier y Colchón Elite Lanin 1 Plaza y Media (100x190 cm) - Espuma + Almohada de Regalo,https://www.fravega.com/p/conjunto-sommier-y-colchon-elite-lanin-1-plaza-y-media-100x190-cm-espuma-almohada-de-regalo-610794/,499999.0,349999.0,1,True
FRA-sommier-y-colchon-de-espuma-arcoiris-tm-,Fravega,OTRAS,Colchones y Sommiers,Sommier y Colchón de Espuma Arcoiris TM 80 x 190 cm,https://www.fravega.com/p/sommier-y-colchon-de-espuma-arcoiris-tm-80-x-190-cm-20310108/,382026.0,249900.0,1,True
FRA-conjunto-sommier-y-colchon-piero-genova-,Fravega,OTRAS,Colchones y Sommiers,Conjunto Sommier y Colchón Piero Genova 2.0 Premium 2 Plazas (140x190 cm) - Resortes Ultra Coil,https://www.fravega.com/p/conjunto-sommier-y-colchon-piero-genova-2-0-premium-2-plazas-140x190-cm-resortes-ultra-coil-610770/,899999.0,699999.0,1,True
FRA-conjunto-sommier-y-colchon-spring-air-pr,Fravega,OTRAS,Colchones y Sommiers,Conjunto Sommier y Colchón Spring Air Prince 2 Plazas (140x190 cm) - Espuma + 2 Almohadas de Regalo,https://www.fravega.com/p/conjunto-sommier-y-colchon-spring-air-prince-2-plazas-140x190-cm-espuma-2-almohadas-de-regalo-610609/,699999.0,449999.0,1,True
FRA-sommier-y-colchon-de-resortes-queen-size,Fravega,OTRAS,Colchones y Sommiers,Sommier y Colchón de Resortes Queen Size King Koil XL Advanced 160x200,https://www.fravega.com/p/sommier-y-colchon-de-resortes-queen-size-king-koil-xl-advanced-160x200-21234077/,2356665.0,1413999.0,1,True
FRA-conjunto-sommier-y-colchon-piero-parma-2,Fravega,OTRAS,Colchones y Sommiers,Conjunto Sommier y Colchón Piero Parma 2.0 2 Plazas (140x190 cm) - Espuma 22 kg/m³,https://www.fravega.com/p/conjunto-sommier-y-colchon-piero-parma-2-0-2-plazas-140x190-cm-espuma-22-kg-m-610767/,899999.0,659999.0,1,True
FRA-sommier-cl-estelar-140x190-espuma-200031,Fravega,OTRAS,Colchones y Sommiers,Sommier CL Estelar 140x190 Espuma,https://www.fravega.com/p/sommier-cl-estelar-140x190-espuma-20003100/,789900.0,379900.0,1,True
FRA-sommier-y-colchon-2230-syrma-140x190-esp,Fravega,OTRAS,Colchones y Sommiers,Sommier y Colchón 2230 SYRMA 140x190 Espuma Alta Densidad con 2 almohadas de regalo,https://www.fravega.com/p/sommier-y-colchon-2230-syrma-140x190-espuma-alta-densidad-con-2-almohadas-de-regalo-22499893/,1286132.0,479000.0,1,True
FRA-base-sommier-ayfa-reforzada-resistente-2,Fravega,OTRAS,Colchones y Sommiers,Base Sommier Ayfa Reforzada Resistente 2 Plazas 140x19,https://www.fravega.com/p/base-sommier-ayfa-reforzada-resistente-2-plazas-140x19-21249158/,247905.9,143389.63,1,True
FRA-conjunto-sommier-y-colchon-piero-parma-2,Fravega,OTRAS,Colchones y Sommiers,Conjunto Sommier y Colchón Piero Parma 2.0 1 Plaza (80x190 cm) - Espuma 22 kg/m³,https://www.fravega.com/p/conjunto-sommier-y-colchon-piero-parma-2-0-1-plaza-80x190-cm-espuma-22-kg-m-610766/,499999.0,399999.0,1,True
FRA-colchon-2-plazas-caja-190x140x23-resorte,Fravega,OTRAS,Colchones y Sommiers,Colchon 2 Plazas En Caja 190x140x23 Resortes Y Espuma Hybrid Premium Calidad Color Blanco,https://www.fravega.com/p/colchon-2-plazas-caja-190x140x23-resortes-y-espuma-hybrid-premium-calidad-color-blanco-22882136/,699441.0,319441.0,1,True
FRA-colchon-caja-sueno-dorado-box-rolo-2-pla,Fravega,OTRAS,Colchones y Sommiers,Colchón en Caja Sueño Dorado Box Rolo 2 Plazas (140x190 cm) - Espuma Alta Densidad + Soft,https://www.fravega.com/p/colchon-caja-sueno-dorado-box-rolo-2-plazas-140x190-cm-espuma-alta-densidad-soft-610783/,599999.0,399999.0,1,True
FRA-conjunto-sommier-y-colchon-de-espuma-kin,Fravega,OTRAS,Colchones y Sommiers,Conjunto Sommier y Colchón de espuma King Koil Bradford Super King 200x200 cm,https://www.fravega.com/p/conjunto-sommier-y-colchon-de-espuma-king-koil-bradford-super-king-200x200-cm-20027553/,2701665.0,1620999.0,1,True
FRA-estelar-descanso-sommier-2x2-king-pillow,Fravega,OTRAS,Colchones y Sommiers,Estelar Descanso Sommier 2x2 King Pillow Alta Densidad,https://www.fravega.com/p/estelar-descanso-sommier-2x2-king-pillow-alta-densidad-22514474/,1499900.0,799900.0,1,True
FRA-colchon-de-resortes-king-koil-lexington-,Fravega,OTRAS,Colchones y Sommiers,Colchón de resortes King Koil Lexington Queen Size 160x200 cm con SOMMIER DE REGALO,https://www.fravega.com/p/colchon-de-resortes-king-koil-lexington-queen-size-160x200-cm-con-sommier-de-regalo-50003050/,3979998.0,2387999.0,1,True
FRA-conjunto-sommier-y-colchon-suavestar-del,Fravega,OTRAS,Colchones y Sommiers,Conjunto Sommier y Colchón Suavestar Deluxe 2 Plazas (140x190 cm) - Espuma 25 kg/m³,https://www.fravega.com/p/conjunto-sommier-y-colchon-suavestar-deluxe-2-plazas-140x190-cm-espuma-25-kg-m-610593/,669999.0,599999.0,1,True
FRA-colchon-y-sommier-arcoiris-rio-2-plazas-,Fravega,OTRAS,Colchones y Sommiers,Colchón y Sommier Arcoiris Rio 2 Plazas 140x190 Resortes,https://www.fravega.com/p/colchon-y-sommier-arcoiris-rio-2-plazas-140x190-resortes-20007026/,1337880.0,539900.0,1,True
FRA-combo-conjunto-sommier-elite-alumine-2-p,Fravega,OTRAS,Colchones y Sommiers,Combo Conjunto Sommier Elite Aluminé 2 Plazas (140x190 cm) + Respaldo Pana Velvet + 2 Almohadas de Regalo,https://www.fravega.com/p/combo-conjunto-sommier-elite-alumine-2-plazas-140x190-cm-respaldo-pana-velvet-2-almohadas-de-regalo-610825/,899999.0,629999.0,1,True
FRA-conjunto-sommier-y-colchon-de-resortes-k,Fravega,OTRAS,Colchones y Sommiers,Conjunto Sommier y Colchón de resortes King Koil 120 Gold - Luxury Pocket Super King 200x200 cm,https://www.fravega.com/p/conjunto-sommier-y-colchon-de-resortes-king-koil-120-gold-luxury-pocket-super-king-200x200-cm-22490798/,3391998.0,2119999.0,1,True
FRA-conjunto-sommier-y-colchon-suavestar-cen,Fravega,OTRAS,Colchones y Sommiers,Conjunto Sommier y Colchón Suavestar Centuria Queen (2 Plazas y Media) (160x200 cm) - Espuma 35 kg/m³,https://www.fravega.com/p/conjunto-sommier-y-colchon-suavestar-centuria-queen-2-plazas-y-media-160x200-cm-espuma-35-kg-m-610628/,1499999.0,1179999.0,1,True
FRA-sommier-y-colchon-bicama-de-resortes-1-1,Fravega,OTRAS,Colchones y Sommiers,Sommier y Colchón Bicama de Resortes 1 1/2 Plaza Inducol Agra 100x200 Cm,https://www.fravega.com/p/sommier-y-colchon-bicama-de-resortes-1-1-2-plaza-inducol-agra-100x200-cm-20190986/,1651665.0,990999.0,1,True
FRA-conjunto-sommier-y-colchon-suavestar-spo,Fravega,OTRAS,Colchones y Sommiers,Conjunto Sommier y Colchón Suavestar Sport 1 Plaza y Media (100x190 cm) - Espuma 30kg/m³,https://www.fravega.com/p/conjunto-sommier-y-colchon-suavestar-sport-1-plaza-y-media-100x190-cm-espuma-30kg-m-610923/,699999.0,549999.0,1,True
FRA-sommier-y-colchon-cannon-reims-pillow-to,Fravega,OTRAS,Colchones y Sommiers,Sommier Y Colchón Cannon Reims Pillow Top 200X200X30 King,https://www.fravega.com/p/sommier-y-colchon-cannon-reims-pillow-top-200x200x30-king-990194788/,2852352.0,1426176.0,1,True
FRA-colchon-suavestar-sport-2-plazas-140x190,Fravega,OTRAS,Colchones y Sommiers,Colchón Suavestar Sport 2 Plazas (140x190 cm) - Espuma Alta Densidad 30kg/m³,https://www.fravega.com/p/colchon-suavestar-sport-2-plazas-140x190-cm-espuma-alta-densidad-30kg-m-610657/,599999.0,429999.0,1,True
FRA-combo-2230-norcee-140x190-sommier-colcho,Fravega,OTRAS,Colchones y Sommiers,Combo 2230 NORCEE 140x190 Sommier + Colchón + Respaldo y 2 almohadas de regalo Espuma Alta Densidad,https://www.fravega.com/p/combo-2230-norcee-140x190-sommier-colchon-respaldo-y-2-almohadas-de-regalo-espuma-alta-densidad-22708009/,3552337.0,929000.0,1,True
FRA-conjunto-sommier-y-colchon-nap-franklin-,Fravega,OTRAS,Colchones y Sommiers,Conjunto Sommier y Colchón NAP Franklin 2 Plazas (140x190 cm) - Espuma Alta Densidad,https://www.fravega.com/p/conjunto-sommier-y-colchon-nap-franklin-2-plazas-140x190-cm-espuma-alta-densidad-610868/,499999.0,359999.0,1,True
FRA-sommier-y-colchon-2230-norcee-pillow-140,Fravega,OTRAS,Colchones y Sommiers,Sommier y Colchón 2230 Norcee Pillow 140x190 Espuma Alta Densidad con 2 Almohadas de Regalo,https://www.fravega.com/p/sommier-y-colchon-2230-norcee-pillow-140x190-espuma-alta-densidad-con-2-almohadas-de-regalo-22526253/,3989698.0,1199000.0,1,True
FRA-conjunto-sommier-y-colchon-elite-sonar-2,Fravega,OTRAS,Colchones y Sommiers,Conjunto Sommier y Colchón Elite Soñar 2 Plazas (140x190 cm) - Resortes Bonell,https://www.fravega.com/p/conjunto-sommier-y-colchon-elite-sonar-2-plazas-140x190-cm-resortes-bonell-610926/,599999.0,499999.0,1,True
FRA-conjunto-sommier-y-colchon-elite-everest,Fravega,OTRAS,Colchones y Sommiers,Conjunto Sommier y Colchón Elite Everest 2 Plazas (140x190 cm) - Espuma Alta Densidad,https://www.fravega.com/p/conjunto-sommier-y-colchon-elite-everest-2-plazas-140x190-cm-espuma-alta-densidad-610860/,699999.0,499999.0,1,True
FRA-combo-sommier-colchon-respaldo-y-2-almoh,Fravega,OTRAS,Colchones y Sommiers,Combo Sommier + Colchón + Respaldo y 2 almohadas de regalo 2230 SYRMA 140x190 Espuma Alta Densidad,https://www.fravega.com/p/combo-sommier-colchon-respaldo-y-2-almohadas-de-regalo-2230-syrma-140x190-espuma-alta-densidad-22652849/,2649076.0,669999.0,1,True
FRA-conjunto-sommier-y-colchon-elite-lanin-1,Fravega,OTRAS,Colchones y Sommiers,Conjunto Sommier y Colchón Elite Lanin 1 Plaza y Media (100x190 cm) - Espuma + Almohada de Regalo,https://www.fravega.com/p/conjunto-sommier-y-colchon-elite-lanin-1-plaza-y-media-100x190-cm-espuma-almohada-de-regalo-610794/,499999.0,349999.0,1,True
FRA-colchon-de-espuma-estelar-140x190cm-somm,Fravega,OTRAS,Colchones y Sommiers,Colchón de Espuma Estelar 140x190cm + Sommier 2 Plazas con Almohadas,https://www.fravega.com/p/colchon-de-espuma-estelar-140x190cm-sommier-2-plazas-con-almohadas-22589242/,799900.0,399900.0,1,True
FRA-colchon-estelar-spot-80x190-espuma-almoh,Fravega,OTRAS,Colchones y Sommiers,Colchon Estelar Spot 80x190 Espuma + Almohada de Regalo,https://www.fravega.com/p/colchon-estelar-spot-80x190-espuma-almohada-de-regalo-21961199/,199900.0,110900.0,1,True
FRA-sommier-cl-estelar-140x190-espuma-2-almo,Fravega,OTRAS,Colchones y Sommiers,Sommier CL Estelar 140x190 Espuma + 2 Almohadas de Regalo,https://www.fravega.com/p/sommier-cl-estelar-140x190-espuma-2-almohadas-de-regalo-20046532/,899900.0,438900.0,1,True
FRA-conjunto-sommier-y-colchon-suavestar-spo,Fravega,OTRAS,Colchones y Sommiers,Conjunto Sommier y Colchón Suavestar Sport 2 Plazas (140x190 cm) - Espuma 30kg/m³,https://www.fravega.com/p/conjunto-sommier-y-colchon-suavestar-sport-2-plazas-140x190-cm-espuma-30kg-m-610670/,799999.0,649999.0,1,True
FRA-sommier-y-colchon-de-espuma-arcoiris-tm-,Fravega,OTRAS,Colchones y Sommiers,Sommier y Colchón de Espuma Arcoiris TM 80 x 190 cm,https://www.fravega.com/p/sommier-y-colchon-de-espuma-arcoiris-tm-80-x-190-cm-20310108/,382026.0,249900.0,1,True
FRA-colchon-cl-estelar-080x190-espuma-200030,Fravega,OTRAS,Colchones y Sommiers,Colchón CL Estelar 080x190 Espuma,https://www.fravega.com/p/colchon-cl-estelar-080x190-espuma-20003006/,299900.0,149900.0,1,True
FRA-colchon-y-sommier-bicama-de-resortes-de-,Fravega,OTRAS,Colchones y Sommiers,Colchón y Sommier Bicama de resortes de 1 Plaza Inducol Agra 90x190 cm,https://www.fravega.com/p/colchon-y-sommier-bicama-de-resortes-de-1-plaza-inducol-agra-90x190-cm-20044402/,1241665.0,744999.0,1,True
FRA-sommier-cl-estelar-100x190-espuma-200030,Fravega,OTRAS,Colchones y Sommiers,Sommier CL Estelar 100x190 Espuma,https://www.fravega.com/p/sommier-cl-estelar-100x190-espuma-20003086/,599900.0,299900.0,1,True
FRA-conjunto-sommier-y-colchon-piero-genova-,Fravega,OTRAS,Colchones y Sommiers,Conjunto Sommier y Colchón Piero Genova 2.0 Premium 2 Plazas (140x190 cm) - Resortes Ultra Coil,https://www.fravega.com/p/conjunto-sommier-y-colchon-piero-genova-2-0-premium-2-plazas-140x190-cm-resortes-ultra-coil-610770/,899999.0,699999.0,1,True
FRA-colchon-caja-sueno-dorado-box-rolo-2-pla,Fravega,OTRAS,Colchones y Sommiers,Colchón en Caja Sueño Dorado Box Rolo 2 Plazas (140x190 cm) - Espuma Alta Densidad + Soft,https://www.fravega.com/p/colchon-caja-sueno-dorado-box-rolo-2-plazas-140x190-cm-espuma-alta-densidad-soft-610783/,599999.0,399999.0,1,True
FRA-conjunto-sommier-y-colchon-de-espuma-kin,Fravega,OTRAS,Colchones y Sommiers,Conjunto Sommier y Colchón de espuma King Koil Bradford Super King 200x200 cm,https://www.fravega.com/p/conjunto-sommier-y-colchon-de-espuma-king-koil-bradford-super-king-200x200-cm-20027553/,2701665.0,1620999.0,1,True
FRA-estelar-descanso-sommier-2x2-king-pillow,Fravega,OTRAS,Colchones y Sommiers,Estelar Descanso Sommier 2x2 King Pillow Alta Densidad,https://www.fravega.com/p/estelar-descanso-sommier-2x2-king-pillow-alta-densidad-22514474/,1499900.0,799900.0,1,True
FRA-colchon-de-resortes-king-koil-lexington-,Fravega,OTRAS,Colchones y Sommiers,Colchón de resortes King Koil Lexington Queen Size 160x200 cm con SOMMIER DE REGALO,https://www.fravega.com/p/colchon-de-resortes-king-koil-lexington-queen-size-160x200-cm-con-sommier-de-regalo-50003050/,3979998.0,2387999.0,1,True
FRA-conjunto-sommier-y-colchon-suavestar-del,Fravega,OTRAS,Colchones y Sommiers,Conjunto Sommier y Colchón Suavestar Deluxe 2 Plazas (140x190 cm) - Espuma 25 kg/m³,https://www.fravega.com/p/conjunto-sommier-y-colchon-suavestar-deluxe-2-plazas-140x190-cm-espuma-25-kg-m-610593/,669999.0,599999.0,1,True
FRA-colchon-y-sommier-arcoiris-rio-2-plazas-,Fravega,OTRAS,Colchones y Sommiers,Colchón y Sommier Arcoiris Rio 2 Plazas 140x190 Resortes,https://www.fravega.com/p/colchon-y-sommier-arcoiris-rio-2-plazas-140x190-resortes-20007026/,1337880.0,539900.0,1,True
FRA-combo-conjunto-sommier-elite-alumine-2-p,Fravega,OTRAS,Colchones y Sommiers,Combo Conjunto Sommier Elite Aluminé 2 Plazas (140x190 cm) + Respaldo Pana Velvet + 2 Almohadas de Regalo,https://www.fravega.com/p/combo-conjunto-sommier-elite-alumine-2-plazas-140x190-cm-respaldo-pana-velvet-2-almohadas-de-regalo-610825/,899999.0,629999.0,1,True
FRA-conjunto-sommier-y-colchon-de-resortes-k,Fravega,OTRAS,Colchones y Sommiers,Conjunto Sommier y Colchón de resortes King Koil 120 Gold - Luxury Pocket Super King 200x200 cm,https://www.fravega.com/p/conjunto-sommier-y-colchon-de-resortes-king-koil-120-gold-luxury-pocket-super-king-200x200-cm-22490798/,3391998.0,2119999.0,1,True
FRA-conjunto-sommier-y-colchon-suavestar-cen,Fravega,OTRAS,Colchones y Sommiers,Conjunto Sommier y Colchón Suavestar Centuria Queen (2 Plazas y Media) (160x200 cm) - Espuma 35 kg/m³,https://www.fravega.com/p/conjunto-sommier-y-colchon-suavestar-centuria-queen-2-plazas-y-media-160x200-cm-espuma-35-kg-m-610628/,1499999.0,1179999.0,1,True
FRA-sommier-y-colchon-bicama-de-resortes-1-1,Fravega,OTRAS,Colchones y Sommiers,Sommier y Colchón Bicama de Resortes 1 1/2 Plaza Inducol Agra 100x200 Cm,https://www.fravega.com/p/sommier-y-colchon-bicama-de-resortes-1-1-2-plaza-inducol-agra-100x200-cm-20190986/,1651665.0,990999.0,1,True
FRA-conjunto-sommier-y-colchon-suavestar-spo,Fravega,OTRAS,Colchones y Sommiers,Conjunto Sommier y Colchón Suavestar Sport 1 Plaza y Media (100x190 cm) - Espuma 30kg/m³,https://www.fravega.com/p/conjunto-sommier-y-colchon-suavestar-sport-1-plaza-y-media-100x190-cm-espuma-30kg-m-610923/,699999.0,549999.0,1,True
FRA-sommier-y-colchon-cannon-reims-pillow-to,Fravega,OTRAS,Colchones y Sommiers,Sommier Y Colchón Cannon Reims Pillow Top 200X200X30 King,https://www.fravega.com/p/sommier-y-colchon-cannon-reims-pillow-top-200x200x30-king-990194788/,2852352.0,1426176.0,1,True
FRA-colchon-suavestar-sport-2-plazas-140x190,Fravega,OTRAS,Colchones y Sommiers,Colchón Suavestar Sport 2 Plazas (140x190 cm) - Espuma Alta Densidad 30kg/m³,https://www.fravega.com/p/colchon-suavestar-sport-2-plazas-140x190-cm-espuma-alta-densidad-30kg-m-610657/,599999.0,429999.0,1,True
FRA-combo-2230-norcee-140x190-sommier-colcho,Fravega,OTRAS,Colchones y Sommiers,Combo 2230 NORCEE 140x190 Sommier + Colchón + Respaldo y 2 almohadas de regalo Espuma Alta Densidad,https://www.fravega.com/p/combo-2230-norcee-140x190-sommier-colchon-respaldo-y-2-almohadas-de-regalo-espuma-alta-densidad-22708009/,3552337.0,929000.0,1,True
FRA-conjunto-sommier-y-colchon-nap-franklin-,Fravega,OTRAS,Colchones y Sommiers,Conjunto Sommier y Colchón NAP Franklin 2 Plazas (140x190 cm) - Espuma Alta Densidad,https://www.fravega.com/p/conjunto-sommier-y-colchon-nap-franklin-2-plazas-140x190-cm-espuma-alta-densidad-610868/,499999.0,359999.0,1,True
FRA-sommier-y-colchon-2230-norcee-pillow-140,Fravega,OTRAS,Colchones y Sommiers,Sommier y Colchón 2230 Norcee Pillow 140x190 Espuma Alta Densidad con 2 Almohadas de Regalo,https://www.fravega.com/p/sommier-y-colchon-2230-norcee-pillow-140x190-espuma-alta-densidad-con-2-almohadas-de-regalo-22526253/,3989698.0,1199000.0,1,True
FRA-conjunto-sommier-y-colchon-elite-sonar-2,Fravega,OTRAS,Colchones y Sommiers,Conjunto Sommier y Colchón Elite Soñar 2 Plazas (140x190 cm) - Resortes Bonell,https://www.fravega.com/p/conjunto-sommier-y-colchon-elite-sonar-2-plazas-140x190-cm-resortes-bonell-610926/,599999.0,499999.0,1,True
FRA-conjunto-sommier-y-colchon-elite-everest,Fravega,OTRAS,Colchones y Sommiers,Conjunto Sommier y Colchón Elite Everest 2 Plazas (140x190 cm) - Espuma Alta Densidad,https://www.fravega.com/p/conjunto-sommier-y-colchon-elite-everest-2-plazas-140x190-cm-espuma-alta-densidad-610860/,699999.0,499999.0,1,True
FRA-combo-sommier-colchon-respaldo-y-2-almoh,Fravega,OTRAS,Colchones y Sommiers,Combo Sommier + Colchón + Respaldo y 2 almohadas de regalo 2230 SYRMA 140x190 Espuma Alta Densidad,https://www.fravega.com/p/combo-sommier-colchon-respaldo-y-2-almohadas-de-regalo-2230-syrma-140x190-espuma-alta-densidad-22652849/,2649076.0,669999.0,1,True
FRA-conjunto-sommier-y-colchon-elite-lanin-1,Fravega,OTRAS,Colchones y Sommiers,Conjunto Sommier y Colchón Elite Lanin 1 Plaza y Media (100x190 cm) - Espuma + Almohada de Regalo,https://www.fravega.com/p/conjunto-sommier-y-colchon-elite-lanin-1-plaza-y-media-100x190-cm-espuma-almohada-de-regalo-610794/,499999.0,349999.0,1,True
FRA-colchon-de-espuma-estelar-140x190cm-somm,Fravega,OTRAS,Colchones y Sommiers,Colchón de Espuma Estelar 140x190cm + Sommier 2 Plazas con Almohadas,https://www.fravega.com/p/colchon-de-espuma-estelar-140x190cm-sommier-2-plazas-con-almohadas-22589242/,799900.0,399900.0,1,True
FRA-colchon-estelar-spot-80x190-espuma-almoh,Fravega,OTRAS,Colchones y Sommiers,Colchon Estelar Spot 80x190 Espuma + Almohada de Regalo,https://www.fravega.com/p/colchon-estelar-spot-80x190-espuma-almohada-de-regalo-21961199/,199900.0,110900.0,1,True
FRA-sommier-cl-estelar-140x190-espuma-2-almo,Fravega,OTRAS,Colchones y Sommiers,Sommier CL Estelar 140x190 Espuma + 2 Almohadas de Regalo,https://www.fravega.com/p/sommier-cl-estelar-140x190-espuma-2-almohadas-de-regalo-20046532/,899900.0,438900.0,1,True
FRA-conjunto-sommier-y-colchon-suavestar-spo,Fravega,OTRAS,Colchones y Sommiers,Conjunto Sommier y Colchón Suavestar Sport 2 Plazas (140x190 cm) - Espuma 30kg/m³,https://www.fravega.com/p/conjunto-sommier-y-colchon-suavestar-sport-2-plazas-140x190-cm-espuma-30kg-m-610670/,799999.0,649999.0,1,True
FRA-sommier-y-colchon-de-espuma-arcoiris-tm-,Fravega,OTRAS,Colchones y Sommiers,Sommier y Colchón de Espuma Arcoiris TM 80 x 190 cm,https://www.fravega.com/p/sommier-y-colchon-de-espuma-arcoiris-tm-80-x-190-cm-20310108/,382026.0,249900.0,1,True
FRA-colchon-cl-estelar-080x190-espuma-200030,Fravega,OTRAS,Colchones y Sommiers,Colchón CL Estelar 080x190 Espuma,https://www.fravega.com/p/colchon-cl-estelar-080x190-espuma-20003006/,299900.0,149900.0,1,True
FRA-colchon-y-sommier-bicama-de-resortes-de-,Fravega,OTRAS,Colchones y Sommiers,Colchón y Sommier Bicama de resortes de 1 Plaza Inducol Agra 90x190 cm,https://www.fravega.com/p/colchon-y-sommier-bicama-de-resortes-de-1-plaza-inducol-agra-90x190-cm-20044402/,1241665.0,744999.0,1,True
FRA-sommier-cl-estelar-100x190-espuma-200030,Fravega,OTRAS,Colchones y Sommiers,Sommier CL Estelar 100x190 Espuma,https://www.fravega.com/p/sommier-cl-estelar-100x190-espuma-20003086/,599900.0,299900.0,1,True
FRA-conjunto-sommier-y-colchon-piero-genova-,Fravega,OTRAS,Colchones y Sommiers,Conjunto Sommier y Colchón Piero Genova 2.0 Premium 2 Plazas (140x190 cm) - Resortes Ultra Coil,https://www.fravega.com/p/conjunto-sommier-y-colchon-piero-genova-2-0-premium-2-plazas-140x190-cm-resortes-ultra-coil-610770/,899999.0,699999.0,1,True
FRA-colchon-caja-sueno-dorado-box-rolo-2-pla,Fravega,OTRAS,Colchones y Sommiers,Colchón en Caja Sueño Dorado Box Rolo 2 Plazas (140x190 cm) - Espuma Alta Densidad + Soft,https://www.fravega.com/p/colchon-caja-sueno-dorado-box-rolo-2-plazas-140x190-cm-espuma-alta-densidad-soft-610783/,599999.0,399999.0,1,True
FRA-conjunto-sommier-y-colchon-de-espuma-kin,Fravega,OTRAS,Colchones y Sommiers,Conjunto Sommier y Colchón de espuma King Koil Bradford Super King 200x200 cm,https://www.fravega.com/p/conjunto-sommier-y-colchon-de-espuma-king-koil-bradford-super-king-200x200-cm-20027553/,2701665.0,1620999.0,1,True
FRA-estelar-descanso-sommier-2x2-king-pillow,Fravega,OTRAS,Colchones y Sommiers,Estelar Descanso Sommier 2x2 King Pillow Alta Densidad,https://www.fravega.com/p/estelar-descanso-sommier-2x2-king-pillow-alta-densidad-22514474/,1499900.0,799900.0,1,True
FRA-colchon-de-resortes-king-koil-lexington-,Fravega,OTRAS,Colchones y Sommiers,Colchón de resortes King Koil Lexington Queen Size 160x200 cm con SOMMIER DE REGALO,https://www.fravega.com/p/colchon-de-resortes-king-koil-lexington-queen-size-160x200-cm-con-sommier-de-regalo-50003050/,3979998.0,2387999.0,1,True
FRA-conjunto-sommier-y-colchon-suavestar-del,Fravega,OTRAS,Colchones y Sommiers,Conjunto Sommier y Colchón Suavestar Deluxe 2 Plazas (140x190 cm) - Espuma 25 kg/m³,https://www.fravega.com/p/conjunto-sommier-y-colchon-suavestar-deluxe-2-plazas-140x190-cm-espuma-25-kg-m-610593/,669999.0,599999.0,1,True
FRA-colchon-y-sommier-arcoiris-rio-2-plazas-,Fravega,OTRAS,Colchones y Sommiers,Colchón y Sommier Arcoiris Rio 2 Plazas 140x190 Resortes,https://www.fravega.com/p/colchon-y-sommier-arcoiris-rio-2-plazas-140x190-resortes-20007026/,1337880.0,539900.0,1,True
FRA-combo-conjunto-sommier-elite-alumine-2-p,Fravega,OTRAS,Colchones y Sommiers,Combo Conjunto Sommier Elite Aluminé 2 Plazas (140x190 cm) + Respaldo Pana Velvet + 2 Almohadas de Regalo,https://www.fravega.com/p/combo-conjunto-sommier-elite-alumine-2-plazas-140x190-cm-respaldo-pana-velvet-2-almohadas-de-regalo-610825/,899999.0,629999.0,1,True
FRA-conjunto-sommier-y-colchon-de-resortes-k,Fravega,OTRAS,Colchones y Sommiers,Conjunto Sommier y Colchón de resortes King Koil 120 Gold - Luxury Pocket Super King 200x200 cm,https://www.fravega.com/p/conjunto-sommier-y-colchon-de-resortes-king-koil-120-gold-luxury-pocket-super-king-200x200-cm-22490798/,3391998.0,2119999.0,1,True
FRA-conjunto-sommier-y-colchon-suavestar-cen,Fravega,OTRAS,Colchones y Sommiers,Conjunto Sommier y Colchón Suavestar Centuria Queen (2 Plazas y Media) (160x200 cm) - Espuma 35 kg/m³,https://www.fravega.com/p/conjunto-sommier-y-colchon-suavestar-centuria-queen-2-plazas-y-media-160x200-cm-espuma-35-kg-m-610628/,1499999.0,1179999.0,1,True
FRA-sommier-y-colchon-bicama-de-resortes-1-1,Fravega,OTRAS,Colchones y Sommiers,Sommier y Colchón Bicama de Resortes 1 1/2 Plaza Inducol Agra 100x200 Cm,https://www.fravega.com/p/sommier-y-colchon-bicama-de-resortes-1-1-2-plaza-inducol-agra-100x200-cm-20190986/,1651665.0,990999.0,1,True
FRA-conjunto-sommier-y-colchon-suavestar-spo,Fravega,OTRAS,Colchones y Sommiers,Conjunto Sommier y Colchón Suavestar Sport 1 Plaza y Media (100x190 cm) - Espuma 30kg/m³,https://www.fravega.com/p/conjunto-sommier-y-colchon-suavestar-sport-1-plaza-y-media-100x190-cm-espuma-30kg-m-610923/,699999.0,549999.0,1,True
FRA-sommier-y-colchon-cannon-reims-pillow-to,Fravega,OTRAS,Colchones y Sommiers,Sommier Y Colchón Cannon Reims Pillow Top 200X200X30 King,https://www.fravega.com/p/sommier-y-colchon-cannon-reims-pillow-top-200x200x30-king-990194788/,2852352.0,1426176.0,1,True
FRA-colchon-suavestar-sport-2-plazas-140x190,Fravega,OTRAS,Colchones y Sommiers,Colchón Suavestar Sport 2 Plazas (140x190 cm) - Espuma Alta Densidad 30kg/m³,https://www.fravega.com/p/colchon-suavestar-sport-2-plazas-140x190-cm-espuma-alta-densidad-30kg-m-610657/,599999.0,429999.0,1,True
FRA-combo-2230-norcee-140x190-sommier-colcho,Fravega,OTRAS,Colchones y Sommiers,Combo 2230 NORCEE 140x190 Sommier + Colchón + Respaldo y 2 almohadas de regalo Espuma Alta Densidad,https://www.fravega.com/p/combo-2230-norcee-140x190-sommier-colchon-respaldo-y-2-almohadas-de-regalo-espuma-alta-densidad-22708009/,3552337.0,929000.0,1,True
FRA-conjunto-sommier-y-colchon-nap-franklin-,Fravega,OTRAS,Colchones y Sommiers,Conjunto Sommier y Colchón NAP Franklin 2 Plazas (140x190 cm) - Espuma Alta Densidad,https://www.fravega.com/p/conjunto-sommier-y-colchon-nap-franklin-2-plazas-140x190-cm-espuma-alta-densidad-610868/,499999.0,359999.0,1,True
FRA-sommier-y-colchon-2230-norcee-pillow-140,Fravega,OTRAS,Colchones y Sommiers,Sommier y Colchón 2230 Norcee Pillow 140x190 Espuma Alta Densidad con 2 Almohadas de Regalo,https://www.fravega.com/p/sommier-y-colchon-2230-norcee-pillow-140x190-espuma-alta-densidad-con-2-almohadas-de-regalo-22526253/,3989698.0,1199000.0,1,True
FRA-conjunto-sommier-y-colchon-elite-sonar-2,Fravega,OTRAS,Colchones y Sommiers,Conjunto Sommier y Colchón Elite Soñar 2 Plazas (140x190 cm) - Resortes Bonell,https://www.fravega.com/p/conjunto-sommier-y-colchon-elite-sonar-2-plazas-140x190-cm-resortes-bonell-610926/,599999.0,499999.0,1,True
FRA-conjunto-sommier-y-colchon-elite-everest,Fravega,OTRAS,Colchones y Sommiers,Conjunto Sommier y Colchón Elite Everest 2 Plazas (140x190 cm) - Espuma Alta Densidad,https://www.fravega.com/p/conjunto-sommier-y-colchon-elite-everest-2-plazas-140x190-cm-espuma-alta-densidad-610860/,699999.0,499999.0,1,True
FRA-colchon-de-espuma-estelar-140x190cm-somm,Fravega,OTRAS,Colchones y Sommiers,Colchón de Espuma Estelar 140x190cm + Sommier 2 Plazas con Almohadas,https://www.fravega.com/p/colchon-de-espuma-estelar-140x190cm-sommier-2-plazas-con-almohadas-22589242/,799900.0,399900.0,1,True
FRA-combo-sommier-colchon-respaldo-y-2-almoh,Fravega,OTRAS,Colchones y Sommiers,Combo Sommier + Colchón + Respaldo y 2 almohadas de regalo 2230 SYRMA 140x190 Espuma Alta Densidad,https://www.fravega.com/p/combo-sommier-colchon-respaldo-y-2-almohadas-de-regalo-2230-syrma-140x190-espuma-alta-densidad-22652849/,2649076.0,669999.0,1,True
FRA-conjunto-sommier-y-colchon-elite-lanin-1,Fravega,OTRAS,Colchones y Sommiers,Conjunto Sommier y Colchón Elite Lanin 1 Plaza y Media (100x190 cm) - Espuma + Almohada de Regalo,https://www.fravega.com/p/conjunto-sommier-y-colchon-elite-lanin-1-plaza-y-media-100x190-cm-espuma-almohada-de-regalo-610794/,499999.0,349999.0,1,True
FRA-sommier-y-colchon-de-espuma-arcoiris-tm-,Fravega,OTRAS,Colchones y Sommiers,Sommier y Colchón de Espuma Arcoiris TM 80 x 190 cm,https://www.fravega.com/p/sommier-y-colchon-de-espuma-arcoiris-tm-80-x-190-cm-20310108/,382026.0,249900.0,1,True
FRA-conjunto-sommier-y-colchon-piero-genova-,Fravega,OTRAS,Colchones y Sommiers,Conjunto Sommier y Colchón Piero Genova 2.0 Premium 2 Plazas (140x190 cm) - Resortes Ultra Coil,https://www.fravega.com/p/conjunto-sommier-y-colchon-piero-genova-2-0-premium-2-plazas-140x190-cm-resortes-ultra-coil-610770/,899999.0,699999.0,1,True
FRA-conjunto-sommier-y-colchon-spring-air-pr,Fravega,OTRAS,Colchones y Sommiers,Conjunto Sommier y Colchón Spring Air Prince 2 Plazas (140x190 cm) - Espuma + 2 Almohadas de Regalo,https://www.fravega.com/p/conjunto-sommier-y-colchon-spring-air-prince-2-plazas-140x190-cm-espuma-2-almohadas-de-regalo-610609/,699999.0,449999.0,1,True
FRA-sommier-y-colchon-de-resortes-queen-size,Fravega,OTRAS,Colchones y Sommiers,Sommier y Colchón de Resortes Queen Size King Koil XL Advanced 160x200,https://www.fravega.com/p/sommier-y-colchon-de-resortes-queen-size-king-koil-xl-advanced-160x200-21234077/,2356665.0,1413999.0,1,True
FRA-conjunto-sommier-y-colchon-piero-parma-2,Fravega,OTRAS,Colchones y Sommiers,Conjunto Sommier y Colchón Piero Parma 2.0 2 Plazas (140x190 cm) - Espuma 22 kg/m³,https://www.fravega.com/p/conjunto-sommier-y-colchon-piero-parma-2-0-2-plazas-140x190-cm-espuma-22-kg-m-610767/,899999.0,659999.0,1,True
FRA-sommier-cl-estelar-140x190-espuma-200031,Fravega,OTRAS,Colchones y Sommiers,Sommier CL Estelar 140x190 Espuma,https://www.fravega.com/p/sommier-cl-estelar-140x190-espuma-20003100/,789900.0,379900.0,1,True
FRA-sommier-y-colchon-2230-syrma-140x190-esp,Fravega,OTRAS,Colchones y Sommiers,Sommier y Colchón 2230 SYRMA 140x190 Espuma Alta Densidad con 2 almohadas de regalo,https://www.fravega.com/p/sommier-y-colchon-2230-syrma-140x190-espuma-alta-densidad-con-2-almohadas-de-regalo-22499893/,1286132.0,479000.0,1,True
FRA-base-sommier-ayfa-reforzada-resistente-2,Fravega,OTRAS,Colchones y Sommiers,Base Sommier Ayfa Reforzada Resistente 2 Plazas 140x19,https://www.fravega.com/p/base-sommier-ayfa-reforzada-resistente-2-plazas-140x19-21249158/,247905.9,143389.63,1,True
FRA-conjunto-sommier-y-colchon-piero-parma-2,Fravega,OTRAS,Colchones y Sommiers,Conjunto Sommier y Colchón Piero Parma 2.0 1 Plaza (80x190 cm) - Espuma 22 kg/m³,https://www.fravega.com/p/conjunto-sommier-y-colchon-piero-parma-2-0-1-plaza-80x190-cm-espuma-22-kg-m-610766/,499999.0,399999.0,1,True
FRA-colchon-2-plazas-caja-190x140x23-resorte,Fravega,OTRAS,Colchones y Sommiers,Colchon 2 Plazas En Caja 190x140x23 Resortes Y Espuma Hybrid Premium Calidad Color Blanco,https://www.fravega.com/p/colchon-2-plazas-caja-190x140x23-resortes-y-espuma-hybrid-premium-calidad-color-blanco-22882136/,699441.0,319441.0,1,True
FRA-colchon-caja-sueno-dorado-box-rolo-2-pla,Fravega,OTRAS,Colchones y Sommiers,Colchón en Caja Sueño Dorado Box Rolo 2 Plazas (140x190 cm) - Espuma Alta Densidad + Soft,https://www.fravega.com/p/colchon-caja-sueno-dorado-box-rolo-2-plazas-140x190-cm-espuma-alta-densidad-soft-610783/,599999.0,399999.0,1,True
FRA-conjunto-sommier-y-colchon-de-espuma-kin,Fravega,OTRAS,Colchones y Sommiers,Conjunto Sommier y Colchón de espuma King Koil Bradford Super King 200x200 cm,https://www.fravega.com/p/conjunto-sommier-y-colchon-de-espuma-king-koil-bradford-super-king-200x200-cm-20027553/,2701665.0,1620999.0,1,True
FRA-estelar-descanso-sommier-2x2-king-pillow,Fravega,OTRAS,Colchones y Sommiers,Estelar Descanso Sommier 2x2 King Pillow Alta Densidad,https://www.fravega.com/p/estelar-descanso-sommier-2x2-king-pillow-alta-densidad-22514474/,1499900.0,799900.0,1,True
FRA-colchon-de-resortes-king-koil-lexington-,Fravega,OTRAS,Colchones y Sommiers,Colchón de resortes King Koil Lexington Queen Size 160x200 cm con SOMMIER DE REGALO,https://www.fravega.com/p/colchon-de-resortes-king-koil-lexington-queen-size-160x200-cm-con-sommier-de-regalo-50003050/,3979998.0,2387999.0,1,True
FRA-conjunto-sommier-y-colchon-suavestar-del,Fravega,OTRAS,Colchones y Sommiers,Conjunto Sommier y Colchón Suavestar Deluxe 2 Plazas (140x190 cm) - Espuma 25 kg/m³,https://www.fravega.com/p/conjunto-sommier-y-colchon-suavestar-deluxe-2-plazas-140x190-cm-espuma-25-kg-m-610593/,669999.0,599999.0,1,True
FRA-colchon-y-sommier-arcoiris-rio-2-plazas-,Fravega,OTRAS,Colchones y Sommiers,Colchón y Sommier Arcoiris Rio 2 Plazas 140x190 Resortes,https://www.fravega.com/p/colchon-y-sommier-arcoiris-rio-2-plazas-140x190-resortes-20007026/,1337880.0,539900.0,1,True
FRA-combo-conjunto-sommier-elite-alumine-2-p,Fravega,OTRAS,Colchones y Sommiers,Combo Conjunto Sommier Elite Aluminé 2 Plazas (140x190 cm) + Respaldo Pana Velvet + 2 Almohadas de Regalo,https://www.fravega.com/p/combo-conjunto-sommier-elite-alumine-2-plazas-140x190-cm-respaldo-pana-velvet-2-almohadas-de-regalo-610825/,899999.0,629999.0,1,True
FRA-conjunto-sommier-y-colchon-de-resortes-k,Fravega,OTRAS,Colchones y Sommiers,Conjunto Sommier y Colchón de resortes King Koil 120 Gold - Luxury Pocket Super King 200x200 cm,https://www.fravega.com/p/conjunto-sommier-y-colchon-de-resortes-king-koil-120-gold-luxury-pocket-super-king-200x200-cm-22490798/,3391998.0,2119999.0,1,True
FRA-conjunto-sommier-y-colchon-suavestar-cen,Fravega,OTRAS,Colchones y Sommiers,Conjunto Sommier y Colchón Suavestar Centuria Queen (2 Plazas y Media) (160x200 cm) - Espuma 35 kg/m³,https://www.fravega.com/p/conjunto-sommier-y-colchon-suavestar-centuria-queen-2-plazas-y-media-160x200-cm-espuma-35-kg-m-610628/,1499999.0,1179999.0,1,True
FRA-sommier-y-colchon-bicama-de-resortes-1-1,Fravega,OTRAS,Colchones y Sommiers,Sommier y Colchón Bicama de Resortes 1 1/2 Plaza Inducol Agra 100x200 Cm,https://www.fravega.com/p/sommier-y-colchon-bicama-de-resortes-1-1-2-plaza-inducol-agra-100x200-cm-20190986/,1651665.0,990999.0,1,True
FRA-conjunto-sommier-y-colchon-suavestar-spo,Fravega,OTRAS,Colchones y Sommiers,Conjunto Sommier y Colchón Suavestar Sport 1 Plaza y Media (100x190 cm) - Espuma 30kg/m³,https://www.fravega.com/p/conjunto-sommier-y-colchon-suavestar-sport-1-plaza-y-media-100x190-cm-espuma-30kg-m-610923/,699999.0,549999.0,1,True
FRA-sommier-y-colchon-cannon-reims-pillow-to,Fravega,OTRAS,Colchones y Sommiers,Sommier Y Colchón Cannon Reims Pillow Top 200X200X30 King,https://www.fravega.com/p/sommier-y-colchon-cannon-reims-pillow-top-200x200x30-king-990194788/,2852352.0,1426176.0,1,True
FRA-colchon-suavestar-sport-2-plazas-140x190,Fravega,OTRAS,Colchones y Sommiers,Colchón Suavestar Sport 2 Plazas (140x190 cm) - Espuma Alta Densidad 30kg/m³,https://www.fravega.com/p/colchon-suavestar-sport-2-plazas-140x190-cm-espuma-alta-densidad-30kg-m-610657/,599999.0,429999.0,1,True
FRA-combo-2230-norcee-140x190-sommier-colcho,Fravega,OTRAS,Colchones y Sommiers,Combo 2230 NORCEE 140x190 Sommier + Colchón + Respaldo y 2 almohadas de regalo Espuma Alta Densidad,https://www.fravega.com/p/combo-2230-norcee-140x190-sommier-colchon-respaldo-y-2-almohadas-de-regalo-espuma-alta-densidad-22708009/,3552337.0,929000.0,1,True
FRA-conjunto-sommier-y-colchon-nap-franklin-,Fravega,OTRAS,Colchones y Sommiers,Conjunto Sommier y Colchón NAP Franklin 2 Plazas (140x190 cm) - Espuma Alta Densidad,https://www.fravega.com/p/conjunto-sommier-y-colchon-nap-franklin-2-plazas-140x190-cm-espuma-alta-densidad-610868/,499999.0,359999.0,1,True
FRA-sommier-y-colchon-2230-norcee-pillow-140,Fravega,OTRAS,Colchones y Sommiers,Sommier y Colchón 2230 Norcee Pillow 140x190 Espuma Alta Densidad con 2 Almohadas de Regalo,https://www.fravega.com/p/sommier-y-colchon-2230-norcee-pillow-140x190-espuma-alta-densidad-con-2-almohadas-de-regalo-22526253/,3989698.0,1199000.0,1,True
FRA-conjunto-sommier-y-colchon-elite-sonar-2,Fravega,OTRAS,Colchones y Sommiers,Conjunto Sommier y Colchón Elite Soñar 2 Plazas (140x190 cm) - Resortes Bonell,https://www.fravega.com/p/conjunto-sommier-y-colchon-elite-sonar-2-plazas-140x190-cm-resortes-bonell-610926/,599999.0,499999.0,1,True
FRA-conjunto-sommier-y-colchon-elite-everest,Fravega,OTRAS,Colchones y Sommiers,Conjunto Sommier y Colchón Elite Everest 2 Plazas (140x190 cm) - Espuma Alta Densidad,https://www.fravega.com/p/conjunto-sommier-y-colchon-elite-everest-2-plazas-140x190-cm-espuma-alta-densidad-610860/,699999.0,499999.0,1,True
FRA-colchon-de-espuma-estelar-140x190cm-somm,Fravega,OTRAS,Colchones y Sommiers,Colchón de Espuma Estelar 140x190cm + Sommier 2 Plazas con Almohadas,https://www.fravega.com/p/colchon-de-espuma-estelar-140x190cm-sommier-2-plazas-con-almohadas-22589242/,799900.0,399900.0,1,True
FRA-combo-sommier-colchon-respaldo-y-2-almoh,Fravega,OTRAS,Colchones y Sommiers,Combo Sommier + Colchón + Respaldo y 2 almohadas de regalo 2230 SYRMA 140x190 Espuma Alta Densidad,https://www.fravega.com/p/combo-sommier-colchon-respaldo-y-2-almohadas-de-regalo-2230-syrma-140x190-espuma-alta-densidad-22652849/,2649076.0,669999.0,1,True
FRA-conjunto-sommier-y-colchon-elite-lanin-1,Fravega,OTRAS,Colchones y Sommiers,Conjunto Sommier y Colchón Elite Lanin 1 Plaza y Media (100x190 cm) - Espuma + Almohada de Regalo,https://www.fravega.com/p/conjunto-sommier-y-colchon-elite-lanin-1-plaza-y-media-100x190-cm-espuma-almohada-de-regalo-610794/,499999.0,349999.0,1,True
FRA-sommier-y-colchon-de-espuma-arcoiris-tm-,Fravega,OTRAS,Colchones y Sommiers,Sommier y Colchón de Espuma Arcoiris TM 80 x 190 cm,https://www.fravega.com/p/sommier-y-colchon-de-espuma-arcoiris-tm-80-x-190-cm-20310108/,382026.0,249900.0,1,True
FRA-conjunto-sommier-y-colchon-piero-genova-,Fravega,OTRAS,Colchones y Sommiers,Conjunto Sommier y Colchón Piero Genova 2.0 Premium 2 Plazas (140x190 cm) - Resortes Ultra Coil,https://www.fravega.com/p/conjunto-sommier-y-colchon-piero-genova-2-0-premium-2-plazas-140x190-cm-resortes-ultra-coil-610770/,899999.0,699999.0,1,True
FRA-conjunto-sommier-y-colchon-spring-air-pr,Fravega,OTRAS,Colchones y Sommiers,Conjunto Sommier y Colchón Spring Air Prince 2 Plazas (140x190 cm) - Espuma + 2 Almohadas de Regalo,https://www.fravega.com/p/conjunto-sommier-y-colchon-spring-air-prince-2-plazas-140x190-cm-espuma-2-almohadas-de-regalo-610609/,699999.0,449999.0,1,True
FRA-sommier-y-colchon-de-resortes-queen-size,Fravega,OTRAS,Colchones y Sommiers,Sommier y Colchón de Resortes Queen Size King Koil XL Advanced 160x200,https://www.fravega.com/p/sommier-y-colchon-de-resortes-queen-size-king-koil-xl-advanced-160x200-21234077/,2356665.0,1413999.0,1,True
FRA-conjunto-sommier-y-colchon-piero-parma-2,Fravega,OTRAS,Colchones y Sommiers,Conjunto Sommier y Colchón Piero Parma 2.0 2 Plazas (140x190 cm) - Espuma 22 kg/m³,https://www.fravega.com/p/conjunto-sommier-y-colchon-piero-parma-2-0-2-plazas-140x190-cm-espuma-22-kg-m-610767/,899999.0,659999.0,1,True
FRA-sommier-cl-estelar-140x190-espuma-200031,Fravega,OTRAS,Colchones y Sommiers,Sommier CL Estelar 140x190 Espuma,https://www.fravega.com/p/sommier-cl-estelar-140x190-espuma-20003100/,789900.0,379900.0,1,True
FRA-sommier-y-colchon-2230-syrma-140x190-esp,Fravega,OTRAS,Colchones y Sommiers,Sommier y Colchón 2230 SYRMA 140x190 Espuma Alta Densidad con 2 almohadas de regalo,https://www.fravega.com/p/sommier-y-colchon-2230-syrma-140x190-espuma-alta-densidad-con-2-almohadas-de-regalo-22499893/,1286132.0,479000.0,1,True
FRA-base-sommier-ayfa-reforzada-resistente-2,Fravega,OTRAS,Colchones y Sommiers,Base Sommier Ayfa Reforzada Resistente 2 Plazas 140x19,https://www.fravega.com/p/base-sommier-ayfa-reforzada-resistente-2-plazas-140x19-21249158/,247905.9,143389.63,1,True
FRA-conjunto-sommier-y-colchon-piero-parma-2,Fravega,OTRAS,Colchones y Sommiers,Conjunto Sommier y Colchón Piero Parma 2.0 1 Plaza (80x190 cm) - Espuma 22 kg/m³,https://www.fravega.com/p/conjunto-sommier-y-colchon-piero-parma-2-0-1-plaza-80x190-cm-espuma-22-kg-m-610766/,499999.0,399999.0,1,True
FRA-colchon-2-plazas-caja-190x140x23-resorte,Fravega,OTRAS,Colchones y Sommiers,Colchon 2 Plazas En Caja 190x140x23 Resortes Y Espuma Hybrid Premium Calidad Color Blanco,https://www.fravega.com/p/colchon-2-plazas-caja-190x140x23-resortes-y-espuma-hybrid-premium-calidad-color-blanco-22882136/,699441.0,319441.0,1,True
FRA-pelota-de-futbol-reebok-vortex-nro-5-ggs,Fravega,OTRAS,Deportes y Fitness,Pelota de Futbol Reebok Vortex Nro.5 GGSS,https://www.fravega.com/p/pelota-de-futbol-reebok-vortex-nro-5-ggss--562730/,19999.0,12999.0,1,True
FRA-bicicleta-spinning-randers-arg-820sp-6-k,Fravega,OTRAS,Deportes y Fitness,Bicicleta Spinning Randers ARG-820SP 6 Kg,https://www.fravega.com/p/bicicleta-spinning-randers-arg-820sp-6-kg-990054591/,466108.0,313273.01,1,True
FRA-tabla-de-pilates-randers-arg-920vc-99027,Fravega,OTRAS,Deportes y Fitness,Tabla de Pilates Randers ARG-920VC,https://www.fravega.com/p/tabla-de-pilates-randers-arg-920vc-990274764/,176480.0,112972.0,1,True
FRA-cinta-caminadora-motorizada-arg-360-ultr,Fravega,OTRAS,Deportes y Fitness,Cinta Caminadora Motorizada ARG-360 Ultraplana,https://www.fravega.com/p/cinta-caminadora-motorizada-arg-360-ultraplana-990051958/,736733.0,587281.0,1,True
FRA-multigimnasio-randers-arg-63140-560100,Fravega,OTRAS,Deportes y Fitness,Multigimnasio Randers ARG-63140,https://www.fravega.com/p/multigimnasio-randers-arg-63140-560100/,799999.0,699999.0,1,True
FRA-bicicleta-fija-energy-fit-shock-rider-sp,Fravega,OTRAS,Deportes y Fitness,Bicicleta Fija Energy Fit Shock Rider Spinning Con App Bluetooth,https://www.fravega.com/p/bicicleta-fija-energy-fit-shock-rider-spinning-con-app-bluetooth-22128586/,700000.0,550000.0,1,True
FRA-bicicleta-magnetica-vertical-te2455hp-se,Fravega,HP,Deportes y Fitness,Bicicleta Magnetica Vertical TE2455HP Semikon,https://www.fravega.com/p/bicicleta-magnetica-vertical-te2455hp-semikon-20111010/,596474.0,524897.0,1,True
FRA-creatina-monohidratada-star-nutrition-30,Fravega,OTRAS,Deportes y Fitness,Creatina Monohidratada Star Nutrition 300 Gr - Doypack,https://www.fravega.com/p/creatina-monohidratada-star-nutrition-300-gr-doypack-22631157/,37395.0,29916.0,1,True
FRA-barra-de-dominadas-trexa-tx-fd1-de-pared,Fravega,OTRAS,Deportes y Fitness,Barra de Dominadas Trexa TX-FD1 de pared,https://www.fravega.com/p/barra-de-dominadas-trexa-tx-fd1-de-pared-562059/,79999.0,49999.0,1,True
FRA-kit-x-5-bandas-elasticas-force-by-gadnic,Fravega,OTRAS,Deportes y Fitness,Kit x 5 Bandas Elásticas Force By Gadnic Isométricas,https://www.fravega.com/p/kit-x-5-bandas-elasticas-force-by-gadnic-isometricas-990276586/,15924.0,12249.0,1,True
FRA-yoga-mat-trexa-tx-fym10g-10mm-gris-56210,Fravega,OTRAS,Deportes y Fitness,Yoga Mat Trexa TX-FYM10G 10mm Gris,https://www.fravega.com/p/yoga-mat-trexa-tx-fym10g-10mm-gris-562108/,29999.0,14999.0,1,True
FRA-bicicleta-infantil-slp-max-r16-afa-rodad,Fravega,OTRAS,Deportes y Fitness,Bicicleta Infantil SLP MAX R16 AFA Rodado 16 con Estabilizadores,https://www.fravega.com/p/bicicleta-infantil-slp-max-r16-afa-rodado-16-con-estabilizadores-562652/,249999.0,149999.0,1,True
FRA-bicicleta-fija-admiral-ad-fbm1-mecanica-,Fravega,OTRAS,Deportes y Fitness,Bicicleta Fija Admiral AD-FBM1 mecánica,https://www.fravega.com/p/bicicleta-fija-admiral-ad-fbm1-mecanica-561939/,199999.0,109999.0,1,True
FRA-bicicleta-infantil-nordic-cross-r16-1775,Fravega,OTRAS,Deportes y Fitness,Bicicleta Infantil Nordic Cross R16 17753-VO2BA7CL5,https://www.fravega.com/p/bicicleta-infantil-nordic-cross-r16-17753-vo2ba7cl5-562764/,239999.0,159999.0,1,True
FRA-bicicleta-infantil-nordic-cross-r20-5630,Fravega,OTRAS,Deportes y Fitness,Bicicleta Infantil Nordic Cross R20,https://www.fravega.com/p/bicicleta-infantil-nordic-cross-r20-563034/,259999.0,169999.0,1,True
FRA-bicicleta-ghepard-x1-mountain-bike-rodad,Fravega,OTRAS,Deportes y Fitness,Bicicleta Ghepard x1 Mountain Bike Rodado 29 Talle 18 NEGRO BLANCO GRIS,https://www.fravega.com/p/bicicleta-ghepard-x1-mountain-bike-rodado-29-talle-18-negro-blanco-gris-562907/,499999.0,219999.0,1,True
FRA-bicicleta-infantil-nordic-cross-r20-5630,Fravega,OTRAS,Deportes y Fitness,Bicicleta Infantil Nordic Cross R20,https://www.fravega.com/p/bicicleta-infantil-nordic-cross-r20-563035/,259999.0,169999.0,1,True
FRA-cinta-de-correr-caminadora-admiral-ad-fc,Fravega,OTRAS,Deportes y Fitness,Cinta de correr caminadora Admiral AD-FCC11 12 km/h plegable digital,https://www.fravega.com/p/cinta-de-correr-caminadora-admiral-ad-fcc11-12-km-h-plegable-digital-562277/,899999.0,499999.0,1,True
FRA-bicicleta-infantil-nordic-cross-r20-5630,Fravega,OTRAS,Deportes y Fitness,Bicicleta Infantil Nordic Cross R20,https://www.fravega.com/p/bicicleta-infantil-nordic-cross-r20-563038/,259999.0,159999.0,1,True
FRA-bicicleta-ghepard-x1-mountain-bike-rodad,Fravega,OTRAS,Deportes y Fitness,Bicicleta Ghepard x1 Mountain Bike Rodado 29 Talle 20 NEGRO BLANCO ROJO,https://www.fravega.com/p/bicicleta-ghepard-x1-mountain-bike-rodado-29-talle-20-negro-blanco-rojo-562909/,499999.0,219999.0,1,True
FRA-inflador-portatil-digital-compresor-aire,Fravega,OTRAS,Deportes y Fitness,Inflador Portátil Digital Compresor Aire 2600mAh Auto Moto Bici LED USB,https://www.fravega.com/p/inflador-portatil-digital-compresor-aire-2600mah-auto-moto-bici-led-usb-563001/,69999.0,49999.0,1,True
FRA-bicicleta-infantil-nordic-cross-r20-5630,Fravega,OTRAS,Deportes y Fitness,Bicicleta Infantil Nordic Cross R20,https://www.fravega.com/p/bicicleta-infantil-nordic-cross-r20-563037/,199999.0,159999.0,1,True
FRA-bicicleta-spinning-fija-admiral-ad-fbs6-,Fravega,OTRAS,Deportes y Fitness,Bicicleta Spinning Fija Admiral AD-FBS6 6 kg,https://www.fravega.com/p/bicicleta-spinning-fija-admiral-ad-fbs6-6-kg-562558/,459999.0,249999.0,1,True
FRA-pelota-de-futbol-reebok-vortex-nro-5-ggs,Fravega,OTRAS,Deportes y Fitness,Pelota de Futbol Reebok Vortex Nro.5 GGSS,https://www.fravega.com/p/pelota-de-futbol-reebok-vortex-nro-5-ggss--562730/,19999.0,12999.0,1,True
FRA-bicicleta-spinning-randers-arg-820sp-6-k,Fravega,OTRAS,Deportes y Fitness,Bicicleta Spinning Randers ARG-820SP 6 Kg,https://www.fravega.com/p/bicicleta-spinning-randers-arg-820sp-6-kg-990054591/,466108.0,313273.01,1,True
FRA-tabla-de-pilates-randers-arg-920vc-99027,Fravega,OTRAS,Deportes y Fitness,Tabla de Pilates Randers ARG-920VC,https://www.fravega.com/p/tabla-de-pilates-randers-arg-920vc-990274764/,176480.0,112972.0,1,True
FRA-cinta-caminadora-motorizada-arg-360-ultr,Fravega,OTRAS,Deportes y Fitness,Cinta Caminadora Motorizada ARG-360 Ultraplana,https://www.fravega.com/p/cinta-caminadora-motorizada-arg-360-ultraplana-990051958/,736733.0,587281.0,1,True
FRA-multigimnasio-randers-arg-63140-560100,Fravega,OTRAS,Deportes y Fitness,Multigimnasio Randers ARG-63140,https://www.fravega.com/p/multigimnasio-randers-arg-63140-560100/,799999.0,699999.0,1,True
FRA-bicicleta-fija-energy-fit-shock-rider-sp,Fravega,OTRAS,Deportes y Fitness,Bicicleta Fija Energy Fit Shock Rider Spinning Con App Bluetooth,https://www.fravega.com/p/bicicleta-fija-energy-fit-shock-rider-spinning-con-app-bluetooth-22128586/,700000.0,550000.0,1,True
FRA-bicicleta-magnetica-vertical-te2455hp-se,Fravega,HP,Deportes y Fitness,Bicicleta Magnetica Vertical TE2455HP Semikon,https://www.fravega.com/p/bicicleta-magnetica-vertical-te2455hp-semikon-20111010/,596474.0,524897.0,1,True
FRA-creatina-monohidratada-star-nutrition-30,Fravega,OTRAS,Deportes y Fitness,Creatina Monohidratada Star Nutrition 300 Gr - Doypack,https://www.fravega.com/p/creatina-monohidratada-star-nutrition-300-gr-doypack-22631157/,37395.0,29916.0,1,True
FRA-barra-de-dominadas-trexa-tx-fd1-de-pared,Fravega,OTRAS,Deportes y Fitness,Barra de Dominadas Trexa TX-FD1 de pared,https://www.fravega.com/p/barra-de-dominadas-trexa-tx-fd1-de-pared-562059/,79999.0,49999.0,1,True
FRA-bicicleta-gross-mtb-rodado-29-mountain-b,Fravega,OTRAS,Deportes y Fitness,Bicicleta Gross MTB Rodado 29 Mountain Bike Aluminio 21v Cambios Shimano Negro Blanco,https://www.fravega.com/p/bicicleta-gross-mtb-rodado-29-mountain-bike-aluminio-21v-cambios-shimano-negro-blanco-562848/,599999.0,329999.0,1,True
FRA-bicicleta-infantil-flower-nathor-rodado-,Fravega,OTRAS,Deportes y Fitness,Bicicleta Infantil Flower Nathor Rodado 12 Rosa,https://www.fravega.com/p/bicicleta-infantil-flower-nathor-rodado-12-rosa--563074/,149999.0,89999.0,1,True
FRA-bicicleta-mountain-bike-slp-5-pro-rodado,Fravega,OTRAS,Deportes y Fitness,Bicicleta Mountain Bike SLP 5 Pro Rodado 29” T20 BA5NG7RJ8,https://www.fravega.com/p/bicicleta-mountain-bike-slp-5-pro-rodado-29-t20-ba5ng7rj8-562375/,499999.0,289999.0,1,True
FRA-bicicleta-peretti-rodado-12-acero-cross-,Fravega,ACER,Deportes y Fitness,Bicicleta Peretti Rodado 12 Acero CROSS Verde,https://www.fravega.com/p/bicicleta-peretti-rodado-12-acero-cross-verde-561921/,149999.0,74999.0,1,True
FRA-bicicleta-peretti-rodado-12-acero-cross-,Fravega,ACER,Deportes y Fitness,Bicicleta Peretti Rodado 12 Acero CROSS Blanco,https://www.fravega.com/p/bicicleta-peretti-rodado-12-acero-cross-blanco-561776/,149999.0,74999.0,1,True
FRA-bicicleta-mountain-bike-slp-5-pro-rodado,Fravega,OTRAS,Deportes y Fitness,Bicicleta Mountain Bike SLP 5 Pro Rodado 29” T20 NG7VR4VR5,https://www.fravega.com/p/bicicleta-mountain-bike-slp-5-pro-rodado-29-t20-ng7vr4vr5-562390/,499999.0,319999.0,1,True
FRA-bicicleta-mountain-bike-slp-5-pro-rodado,Fravega,OTRAS,Deportes y Fitness,Bicicleta Mountain Bike SLP 5 Pro Rodado 29” T20 NG8GI9BA6,https://www.fravega.com/p/bicicleta-mountain-bike-slp-5-pro-rodado-29-t20-ng8gi9ba6-562406/,499999.0,329999.0,1,True
FRA-bicicleta-spinning-fija-admiral-ad-fbs10,Fravega,OTRAS,Deportes y Fitness,Bicicleta Spinning Fija Admiral AD-FBS10 10 kg,https://www.fravega.com/p/bicicleta-spinning-fija-admiral-ad-fbs10-10-kg-562691/,599999.0,329999.0,1,True
FRA-banco-de-pesas-y-abdominales-admiral-ad-,Fravega,OTRAS,Deportes y Fitness,Banco de pesas y abdominales Admiral AD-FBP1 curvo,https://www.fravega.com/p/banco-de-pesas-y-abdominales-admiral-ad-fbp1-curvo-562744/,149999.0,99999.0,1,True
FRA-star-nutrition-whey-protein-2-lb-sabor-c,Fravega,OTRAS,Deportes y Fitness,Star Nutrition Whey Protein 2 Lb Sabor Chocolate Suizo,https://www.fravega.com/p/star-nutrition-whey-protein-2-lb-sabor-chocolate-suizo-22636050/,78030.0,64490.0,1,True
FRA-bicicleta-peretti-rodado-12-acero-cross-,Fravega,ACER,Deportes y Fitness,Bicicleta Peretti Rodado 12 Acero CROSS Roja,https://www.fravega.com/p/bicicleta-peretti-rodado-12-acero-cross-roja-561854/,149999.0,74999.0,1,True
FRA-bicicleta-mtb-overtech-r29-q3-con-suspen,Fravega,OTRAS,Deportes y Fitness,Bicicleta Mtb Overtech R29 Q3 Con Suspensión Tamaño Del Cuadro S Negro/azul/blanco,https://www.fravega.com/p/bicicleta-mtb-overtech-r29-q3-con-suspension-tamano-del-cuadro-s-negro-azul-blanco-22104456/,449999.0,218999.0,1,True
FRA-bicicleta-mountain-bike-slp-10-pro-rodad,Fravega,OTRAS,Deportes y Fitness,Bicicleta Mountain Bike SLP 10 Pro Rodado 29” T18 17192-NG11BA8RJ11T18,https://www.fravega.com/p/bicicleta-mountain-bike-slp-10-pro-rodado-29-t18-17192-ng11ba8rj11t18-562402/,599999.0,349999.0,1,True
FRA-bicicleta-mtb-overtech-r29-q3-con-suspen,Fravega,OTRAS,Deportes y Fitness,Bicicleta Mtb Overtech R29 Q3 Con Suspensión Tamaño Del Cuadro L Negro/rojo/blanco,https://www.fravega.com/p/bicicleta-mtb-overtech-r29-q3-con-suspension-tamano-del-cuadro-l-negro-rojo-blanco-22104452/,449999.0,218999.0,1,True
FRA-bicicleta-infantil-nordic-cross-r16-1775,Fravega,OTRAS,Deportes y Fitness,Bicicleta Infantil Nordic Cross R16 17755-AU35BA7NG7,https://www.fravega.com/p/bicicleta-infantil-nordic-cross-r16-17755-au35ba7ng7-562819/,239999.0,149999.0,1,True
FRA-pelota-de-futbol-reebok-vortex-nro-5-ggs,Fravega,OTRAS,Deportes y Fitness,Pelota de Futbol Reebok Vortex Nro.5 GGSS,https://www.fravega.com/p/pelota-de-futbol-reebok-vortex-nro-5-ggss--562730/,19999.0,12999.0,1,True
FRA-bicicleta-spinning-randers-arg-820sp-6-k,Fravega,OTRAS,Deportes y Fitness,Bicicleta Spinning Randers ARG-820SP 6 Kg,https://www.fravega.com/p/bicicleta-spinning-randers-arg-820sp-6-kg-990054591/,466108.0,313273.01,1,True
FRA-tabla-de-pilates-randers-arg-920vc-99027,Fravega,OTRAS,Deportes y Fitness,Tabla de Pilates Randers ARG-920VC,https://www.fravega.com/p/tabla-de-pilates-randers-arg-920vc-990274764/,176480.0,112972.0,1,True
FRA-cinta-caminadora-motorizada-arg-360-ultr,Fravega,OTRAS,Deportes y Fitness,Cinta Caminadora Motorizada ARG-360 Ultraplana,https://www.fravega.com/p/cinta-caminadora-motorizada-arg-360-ultraplana-990051958/,736733.0,587281.0,1,True
FRA-multigimnasio-randers-arg-63140-560100,Fravega,OTRAS,Deportes y Fitness,Multigimnasio Randers ARG-63140,https://www.fravega.com/p/multigimnasio-randers-arg-63140-560100/,799999.0,699999.0,1,True
FRA-bicicleta-fija-energy-fit-shock-rider-sp,Fravega,OTRAS,Deportes y Fitness,Bicicleta Fija Energy Fit Shock Rider Spinning Con App Bluetooth,https://www.fravega.com/p/bicicleta-fija-energy-fit-shock-rider-spinning-con-app-bluetooth-22128586/,700000.0,550000.0,1,True
FRA-bicicleta-magnetica-vertical-te2455hp-se,Fravega,HP,Deportes y Fitness,Bicicleta Magnetica Vertical TE2455HP Semikon,https://www.fravega.com/p/bicicleta-magnetica-vertical-te2455hp-semikon-20111010/,596474.0,524897.0,1,True
FRA-creatina-monohidratada-star-nutrition-30,Fravega,OTRAS,Deportes y Fitness,Creatina Monohidratada Star Nutrition 300 Gr - Doypack,https://www.fravega.com/p/creatina-monohidratada-star-nutrition-300-gr-doypack-22631157/,37395.0,29916.0,1,True
FRA-barra-de-dominadas-trexa-tx-fd1-de-pared,Fravega,OTRAS,Deportes y Fitness,Barra de Dominadas Trexa TX-FD1 de pared,https://www.fravega.com/p/barra-de-dominadas-trexa-tx-fd1-de-pared-562059/,79999.0,49999.0,1,True
FRA-bicicleta-mtb-overtech-r29-q3-con-suspen,Fravega,OTRAS,Deportes y Fitness,Bicicleta Mtb Overtech R29 Q3 Con Suspensión Tamaño Del Cuadro L Negro/rojo/blanco,https://www.fravega.com/p/bicicleta-mtb-overtech-r29-q3-con-suspension-tamano-del-cuadro-l-negro-rojo-blanco-22104452/,449999.0,218999.0,1,True
FRA-cinta-de-correr-caminadora-electrica-cro,Fravega,OTRAS,Deportes y Fitness,Cinta De Correr Caminadora Electrica Crosser Bluetooth + App,https://www.fravega.com/p/cinta-de-correr-caminadora-electrica-crosser-bluetooth-app-22910528/,756990.0,515990.0,1,True
FRA-guantes-tacticos-gadnic-touchscreen-cicl,Fravega,OTRAS,Deportes y Fitness,Guantes Tacticos Gadnic Touchscreen Ciclismo Moto - Talle XL,https://www.fravega.com/p/guantes-tacticos-gadnic-touchscreen-ciclismo-moto-talle-xl-990164431/,16834.0,12949.0,1,True
FRA-guantes-tacticos-gadnic-touchscreen-cicl,Fravega,OTRAS,Deportes y Fitness,Guantes Tacticos Gadnic Touchscreen Ciclismo Moto - Talle M,https://www.fravega.com/p/guantes-tacticos-gadnic-touchscreen-ciclismo-moto-talle-m-990164428/,16509.0,12699.0,1,True
FRA-bicicleta-mtb-overtech-q3-r29-aluminio-2,Fravega,OTRAS,Deportes y Fitness,"Bicicleta Mtb Overtech Q3 R29 Aluminio, 21v Con Shimano, Freno A Disco, Con Suspensión, Rosa/Gris M",https://www.fravega.com/p/bicicleta-mtb-overtech-q3-r29-aluminio-21v-con-shimano-freno-a-disco-con-suspension-rosa-gris-m-22884844/,449999.0,218999.0,1,True
FRA-bicicleta-mtb-overtech-r29-q3-con-suspen,Fravega,OTRAS,Deportes y Fitness,Bicicleta Mtb Overtech R29 Q3 Con Suspensión Tamaño Del Cuadro Xl Negro/azul/blanco,https://www.fravega.com/p/bicicleta-mtb-overtech-r29-q3-con-suspension-tamano-del-cuadro-xl-negro-azul-blanco-22104483/,449999.0,218999.0,1,True
FRA-bicicleta-mtb-overtech-q5-r29-21v-freno-,Fravega,OTRAS,Deportes y Fitness,"Bicicleta Mtb Overtech Q5 R29, 21V Freno a Disco, Suspensión, Negro/Rojo/Blanco L",https://www.fravega.com/p/bicicleta-mtb-overtech-q5-r29-21v-freno-a-disco-suspension-negro-rojo-blanco-l--21202518/,499999.0,254999.0,1,True
FRA-soga-de-salto-fitness-proline-gp-sogapvc,Fravega,OTRAS,Deportes y Fitness,Soga De Salto Fitness Proline GP-SOGAPVC1-P,https://www.fravega.com/p/soga-de-salto-fitness-proline-gp-sogapvc1-p-990243305/,16499.0,4998.97,1,True
FRA-bicicleta-mountain-bike-slp-25-pro-lady-,Fravega,OTRAS,Deportes y Fitness,Bicicleta Mountain Bike SLP 25 PRO Lady Rodado 29 T18,https://www.fravega.com/p/bicicleta-mountain-bike-slp-25-pro-lady-rodado-29-t18-562633/,699999.0,359999.0,1,True
FRA-bicicleta-infantil-nathor-r12-mechanic-5,Fravega,OTRAS,Deportes y Fitness,Bicicleta Infantil Nathor R12 Mechanic,https://www.fravega.com/p/bicicleta-infantil-nathor-r12-mechanic-562601/,149999.0,79999.0,1,True
FRA-monopatin-gadnic-city-plegable-de-alumin,Fravega,OTRAS,Deportes y Fitness,"Monopatín Gadnic City Plegable de Alumino Niños y Adultos Hasta 90kg Ruedas 200mm , Blanco",https://www.fravega.com/p/monopatin-gadnic-city-plegable-de-alumino-ninos-y-adultos-hasta-90kg-ruedas-200mm-blanco--20118392/,110613.0,85086.99,1,True
FRA-cinta-caminadora-electrica-fit-noga-ft-2,Fravega,OTRAS,Deportes y Fitness,Cinta Caminadora Electrica Fit Noga Ft-210 Panel Digital 8km,https://www.fravega.com/p/cinta-caminadora-electrica-fit-noga-ft-210-panel-digital-8km-990286439/,699999.0,618999.0,1,True
FRA-soporte-pared-p-bicicleta-gancho-acero-r,Fravega,ACER,Deportes y Fitness,Soporte Pared P/bicicleta Gancho Acero Resistente Nebraska Negro,https://www.fravega.com/p/soporte-pared-p-bicicleta-gancho-acero-resistente-nebraska-negro-22626607/,15000.0,11000.0,1,True
FRA-bicicleta-jeico-mtb-k1-r24-acero-21v-v-b,Fravega,ACER,Deportes y Fitness,Bicicleta Jeico MTB K1 R24 Acero 21v V-Brake Talle M Naranja,https://www.fravega.com/p/bicicleta-jeico-mtb-k1-r24-acero-21v-v-brake-talle-m-naranja-990244463/,421710.0,247862.0,1,True
FRA-bicicleta-mtb-overtech-q5-r29-21v-con-sh,Fravega,OTRAS,Deportes y Fitness,"Bicicleta Mtb Overtech Q5 R29, 21V con Shimano, Con suspensión, Azul/Azul/Blanco L",https://www.fravega.com/p/bicicleta-mtb-overtech-q5-r29-21v-con-shimano-con-suspension-azul-azul-blanco-l-22491752/,499999.0,254999.0,1,True
FRA-pelota-de-futbol-reebok-vortex-nro-5-ggs,Fravega,OTRAS,Deportes y Fitness,Pelota de Futbol Reebok Vortex Nro.5 GGSS,https://www.fravega.com/p/pelota-de-futbol-reebok-vortex-nro-5-ggss--562730/,19999.0,12999.0,1,True
FRA-bicicleta-spinning-randers-arg-820sp-6-k,Fravega,OTRAS,Deportes y Fitness,Bicicleta Spinning Randers ARG-820SP 6 Kg,https://www.fravega.com/p/bicicleta-spinning-randers-arg-820sp-6-kg-990054591/,466108.0,313273.01,1,True
FRA-tabla-de-pilates-randers-arg-920vc-99027,Fravega,OTRAS,Deportes y Fitness,Tabla de Pilates Randers ARG-920VC,https://www.fravega.com/p/tabla-de-pilates-randers-arg-920vc-990274764/,176480.0,112972.0,1,True
FRA-cinta-caminadora-motorizada-arg-360-ultr,Fravega,OTRAS,Deportes y Fitness,Cinta Caminadora Motorizada ARG-360 Ultraplana,https://www.fravega.com/p/cinta-caminadora-motorizada-arg-360-ultraplana-990051958/,736733.0,587281.0,1,True
FRA-multigimnasio-randers-arg-63140-560100,Fravega,OTRAS,Deportes y Fitness,Multigimnasio Randers ARG-63140,https://www.fravega.com/p/multigimnasio-randers-arg-63140-560100/,799999.0,699999.0,1,True
FRA-bicicleta-fija-energy-fit-shock-rider-sp,Fravega,OTRAS,Deportes y Fitness,Bicicleta Fija Energy Fit Shock Rider Spinning Con App Bluetooth,https://www.fravega.com/p/bicicleta-fija-energy-fit-shock-rider-spinning-con-app-bluetooth-22128586/,700000.0,550000.0,1,True
FRA-bicicleta-magnetica-vertical-te2455hp-se,Fravega,HP,Deportes y Fitness,Bicicleta Magnetica Vertical TE2455HP Semikon,https://www.fravega.com/p/bicicleta-magnetica-vertical-te2455hp-semikon-20111010/,596474.0,524897.0,1,True
FRA-creatina-monohidratada-star-nutrition-30,Fravega,OTRAS,Deportes y Fitness,Creatina Monohidratada Star Nutrition 300 Gr - Doypack,https://www.fravega.com/p/creatina-monohidratada-star-nutrition-300-gr-doypack-22631157/,37395.0,29916.0,1,True
FRA-barra-de-dominadas-trexa-tx-fd1-de-pared,Fravega,OTRAS,Deportes y Fitness,Barra de Dominadas Trexa TX-FD1 de pared,https://www.fravega.com/p/barra-de-dominadas-trexa-tx-fd1-de-pared-562059/,79999.0,49999.0,1,True
FRA-bicicleta-mtb-overtech-mountain-bike-q6-,Fravega,OTRAS,Deportes y Fitness,Bicicleta Mtb Overtech Mountain Bike Q6 R29 Aluminio 21v Freno A Disco Talle M Negro/Rojo/Rojo,https://www.fravega.com/p/bicicleta-mtb-overtech-mountain-bike-q6-r29-aluminio-21v-freno-a-disco-talle-m-negro-rojo-rojo-21302709/,599999.0,274999.0,1,True
FRA-pelota-de-futbol-con-efecto-kicker-ball-,Fravega,OTRAS,Deportes y Fitness,Pelota de Fútbol con efecto Kicker Ball,https://www.fravega.com/p/pelota-de-futbol-con-efecto-kicker-ball-990075536/,39900.0,19900.0,1,True
FRA-bicicleta-gross-mtb-rodado-29-mountain-b,Fravega,OTRAS,Deportes y Fitness,Bicicleta Gross MTB Rodado 29 Mountain Bike Aluminio 21v Cambios Shimano Gris Negro,https://www.fravega.com/p/bicicleta-gross-mtb-rodado-29-mountain-bike-aluminio-21v-cambios-shimano-gris-negro-562847/,599999.0,329999.0,1,True
FRA-bicicleta-mountain-bike-rodado-29-alumin,Fravega,OTRAS,Deportes y Fitness,Bicicleta Mountain Bike Rodado 29” Aluminio SLP 25PRO T18 NGAAVR,https://www.fravega.com/p/bicicleta-mountain-bike-rodado-29-aluminio-slp-25pro-t18-ngaavr-561763/,699999.0,379999.0,1,True
FRA-cinta-para-correr-semikon-te012m-16-km-h,Fravega,OTRAS,Deportes y Fitness,Cinta para Correr SEMIKON - TE012M - 16 Km/h - C/Inc,https://www.fravega.com/p/cinta-para-correr-semikon-te012m-16-km-h-c-inc-22631253/,1693935.0,1422905.0,1,True
FRA-bicicleta-topmega-mtb-tigris-aluminio-r2,Fravega,OTRAS,Deportes y Fitness,Bicicleta TopMega MTB Tigris Aluminio R29 21VEL Gris Celeste Talle M 1011854,https://www.fravega.com/p/bicicleta-topmega-mtb-tigris-aluminio-r29-21vel-gris-celeste-talle-m-1011854-22613827/,592460.0,373635.0,1,True
FRA-bicicleta-mtb-overtech-q6-r29-aluminio-2,Fravega,OTRAS,Deportes y Fitness,"Bicicleta Mtb Overtech Q6 R29 Aluminio, 21v Con Suspensión Rosa/Blanco S",https://www.fravega.com/p/bicicleta-mtb-overtech-q6-r29-aluminio-21v-con-suspension-rosa-blanco-s-22508764/,599999.0,274999.0,1,True
FRA-whey-protein-pouch-2lb-sabor-vainilla-st,Fravega,OTRAS,Deportes y Fitness,Whey Protein Pouch 2lb Sabor:Vainilla Star Nutrition,https://www.fravega.com/p/whey-protein-pouch-2lb-sabor-vainilla-star-nutrition-20048321/,87692.0,65769.0,1,True
FRA-bicicleta-jeico-mtb-k1-r24-acero-21v-v-b,Fravega,ACER,Deportes y Fitness,Bicicleta Jeico MTB K1 R24 Acero 21v V-Brake Talle M Azul,https://www.fravega.com/p/bicicleta-jeico-mtb-k1-r24-acero-21v-v-brake-talle-m-azul-990244464/,421710.0,247862.0,1,True
FRA-bicicleta-nordic-x1-0-mountain-bike-roda,Fravega,OTRAS,Deportes y Fitness,Bicicleta Nordic x1.0 Mountain Bike Rodado 29 Talle 18 Negro Dorado Rojo Shimano,https://www.fravega.com/p/bicicleta-nordic-x1-0-mountain-bike-rodado-29-talle-18-negro-dorado-rojo-shimano-562865/,499999.0,249999.0,1,True
FRA-monopatin-electrico-therbuss-250w-25km-h,Fravega,OTRAS,Deportes y Fitness,Monopatin Eléctrico Therbuss 250w 25km/h Scooter R32,https://www.fravega.com/p/monopatin-electrico-therbuss-250w-25km-h-scooter-r32-562469/,999999.0,599999.0,1,True
FRA-bicicleta-mountain-bike-slp-10-pro-rodad,Fravega,OTRAS,Deportes y Fitness,Bicicleta Mountain Bike SLP 10 Pro Rodado 29” T18 17192-NG7BA7AA3T18,https://www.fravega.com/p/bicicleta-mountain-bike-slp-10-pro-rodado-29-t18-17192-ng7ba7aa3t18-562418/,599999.0,349999.0,1,True
FRA-pelota-de-futbol-maradona-nro-5-mrd2100-,Fravega,OTRAS,Deportes y Fitness,Pelota de Fútbol Maradona Nro. 5 MRD2100 Boca Juniors Oficial,https://www.fravega.com/p/pelota-de-futbol-maradona-nro-5-mrd2100-boca-juniors-oficial-562198/,29999.0,9999.0,1,True
FRA-bicicleta-mtb-overtech-q6-lady-r29-alumi,Fravega,OTRAS,Deportes y Fitness,"Bicicleta Mtb Overtech Q6 Lady R29 Aluminio, 21v Con Shimano, Freno A Disco, Con Suspensión, Negro/Rosa S",https://www.fravega.com/p/bicicleta-mtb-overtech-q6-lady-r29-aluminio-21v-con-shimano-freno-a-disco-con-suspension-negro-rosa-s-22873867/,599999.0,274999.0,1,True
FRA-cinta-para-correr-force-by-gadnic-camina,Fravega,OTRAS,Deportes y Fitness,Cinta Para Correr Force By Gadnic Caminadora Plegable 120Kg,https://www.fravega.com/p/cinta-para-correr-force-by-gadnic-caminadora-plegable-120kg-990276964/,674634.0,518949.0,1,True
FRA-pelota-de-futbol-reebok-vortex-nro-5-ggs,Fravega,OTRAS,Deportes y Fitness,Pelota de Futbol Reebok Vortex Nro.5 GGSS,https://www.fravega.com/p/pelota-de-futbol-reebok-vortex-nro-5-ggss--562730/,19999.0,12999.0,1,True
FRA-bicicleta-spinning-randers-arg-820sp-6-k,Fravega,OTRAS,Deportes y Fitness,Bicicleta Spinning Randers ARG-820SP 6 Kg,https://www.fravega.com/p/bicicleta-spinning-randers-arg-820sp-6-kg-990054591/,466108.0,313273.01,1,True
FRA-tabla-de-pilates-randers-arg-920vc-99027,Fravega,OTRAS,Deportes y Fitness,Tabla de Pilates Randers ARG-920VC,https://www.fravega.com/p/tabla-de-pilates-randers-arg-920vc-990274764/,176480.0,112972.0,1,True
FRA-cinta-caminadora-motorizada-arg-360-ultr,Fravega,OTRAS,Deportes y Fitness,Cinta Caminadora Motorizada ARG-360 Ultraplana,https://www.fravega.com/p/cinta-caminadora-motorizada-arg-360-ultraplana-990051958/,736733.0,587281.0,1,True
FRA-multigimnasio-randers-arg-63140-560100,Fravega,OTRAS,Deportes y Fitness,Multigimnasio Randers ARG-63140,https://www.fravega.com/p/multigimnasio-randers-arg-63140-560100/,799999.0,699999.0,1,True
FRA-bicicleta-fija-energy-fit-shock-rider-sp,Fravega,OTRAS,Deportes y Fitness,Bicicleta Fija Energy Fit Shock Rider Spinning Con App Bluetooth,https://www.fravega.com/p/bicicleta-fija-energy-fit-shock-rider-spinning-con-app-bluetooth-22128586/,700000.0,550000.0,1,True
FRA-bicicleta-magnetica-vertical-te2455hp-se,Fravega,HP,Deportes y Fitness,Bicicleta Magnetica Vertical TE2455HP Semikon,https://www.fravega.com/p/bicicleta-magnetica-vertical-te2455hp-semikon-20111010/,596474.0,524897.0,1,True
FRA-creatina-monohidratada-star-nutrition-30,Fravega,OTRAS,Deportes y Fitness,Creatina Monohidratada Star Nutrition 300 Gr - Doypack,https://www.fravega.com/p/creatina-monohidratada-star-nutrition-300-gr-doypack-22631157/,37395.0,29916.0,1,True
FRA-barra-de-dominadas-trexa-tx-fd1-de-pared,Fravega,OTRAS,Deportes y Fitness,Barra de Dominadas Trexa TX-FD1 de pared,https://www.fravega.com/p/barra-de-dominadas-trexa-tx-fd1-de-pared-562059/,79999.0,49999.0,1,True
FRA-barra-de-dominadas-gadnic-estacion-multi,Fravega,OTRAS,Deportes y Fitness,Barra de Dominadas Gadnic Estación Multifunción 200kg,https://www.fravega.com/p/barra-de-dominadas-gadnic-estacion-multifuncion-200kg-990276609/,181999.0,139999.0,1,True
FRA-inflador-de-pie-con-manometro-para-bicic,Fravega,OTRAS,Deportes y Fitness,Inflador De Pie Con Manómetro Para Bicicletas 120PSI Arrow MUN-04,https://www.fravega.com/p/inflador-de-pie-con-manometro-para-bicicletas-120psi-arrow-mun-04-990247267/,41799.0,14999.0,1,True
FRA-bicicleta-jeico-mtb-k1-r24-acero-21v-v-b,Fravega,ACER,Deportes y Fitness,Bicicleta Jeico MTB K1 R24 Acero 21v V-Brake Talle M Gris,https://www.fravega.com/p/bicicleta-jeico-mtb-k1-r24-acero-21v-v-brake-talle-m-gris-990243659/,421710.0,247862.0,1,True
FRA-banco-de-pesas-admiral-reclinable-ejerci,Fravega,OTRAS,Deportes y Fitness,Banco de Pesas Admiral Reclinable Ejercicio Fitness Gym,https://www.fravega.com/p/banco-de-pesas-admiral-reclinable-ejercicio-fitness-gym-563728/,199999.0,149999.0,1,True
FRA-bicicleta-infantil-apollo-nathor-rodado-,Fravega,OTRAS,Deportes y Fitness,Bicicleta Infantil Apollo Nathor Rodado 16 Negra y Verde,https://www.fravega.com/p/bicicleta-infantil-apollo-nathor-rodado-16-negra-y-verde--563075/,299999.0,199999.0,1,True
FRA-multigimnasio-randers-arg-63142-x-70-kg-,Fravega,OTRAS,Deportes y Fitness,Multigimnasio Randers ARG-63142-X 70 Kg con Banco Scott,https://www.fravega.com/p/multigimnasio-randers-arg-63142-x-70-kg-con-banco-scott-563023/,999999.0,799999.0,1,True
FRA-bicicleta-mountain-bike-slp-25-pro-lady-,Fravega,OTRAS,Deportes y Fitness,Bicicleta Mountain Bike SLP 25 PRO Lady Rodado 29 T18,https://www.fravega.com/p/bicicleta-mountain-bike-slp-25-pro-lady-rodado-29-t18-562634/,699999.0,379999.0,1,True
FRA-bicicleta-mtb-overtech-q3-r29-aluminio-2,Fravega,OTRAS,Deportes y Fitness,"Bicicleta Mtb Overtech Q3 R29 Aluminio, 21v Con Shimano, Freno A Disco, Con Suspensión, Rosa/Gris S",https://www.fravega.com/p/bicicleta-mtb-overtech-q3-r29-aluminio-21v-con-shimano-freno-a-disco-con-suspension-rosa-gris-s-22884725/,449999.0,218999.0,1,True
FRA-mancuernas-hexagonales-engomadas-10kg-un,Fravega,OTRAS,Deportes y Fitness,Mancuernas Hexagonales Engomadas 10KG Unidad,https://www.fravega.com/p/mancuernas-hexagonales-engomadas-10kg-unidad-22638606/,100000.0,70000.0,1,True
FRA-monopatin-overtech-maxi-891-plegable-nin,Fravega,OTRAS,Deportes y Fitness,Monopatin Overtech Maxi-891 Plegable Niños 4 Ruedas Led Reforzado 80kg Negro WT-71,https://www.fravega.com/p/monopatin-overtech-maxi-891-plegable-ninos-4-ruedas-led-reforzado-80kg-negro-wt-71-22611509/,99999.0,61999.0,1,True
FRA-cinta-caminadora-s900-gfitness-2hp-22490,Fravega,HP,Deportes y Fitness,Cinta Caminadora S900 GFitness 2HP,https://www.fravega.com/p/cinta-caminadora-s900-gfitness-2hp-22490421/,3922033.0,1799999.0,1,True
FRA-bicicleta-mtb-overtech-mountain-bike-q6-,Fravega,OTRAS,Deportes y Fitness,Bicicleta Mtb Overtech Mountain Bike Q6 R29 Aluminio 21v Freno A Disco Talle XL Negro-Rojo-Blanco,https://www.fravega.com/p/bicicleta-mtb-overtech-mountain-bike-q6-r29-aluminio-21v-freno-a-disco-talle-xl-negro-rojo-blanco-21302781/,599999.0,274999.0,1,True
FRA-bicicleta-mtb-overtech-mountain-bike-q6-,Fravega,OTRAS,Deportes y Fitness,Bicicleta Mtb Overtech Mountain Bike Q6 R29 Aluminio 21v Freno A Disco Talle M Negro/Rojo/Blanco,https://www.fravega.com/p/bicicleta-mtb-overtech-mountain-bike-q6-r29-aluminio-21v-freno-a-disco-talle-m-negro-rojo-blanco-21192799/,599999.0,274999.0,1,True
FRA-soporte-anclaje-techo-agarre-pared-bolsa,Fravega,OTRAS,Deportes y Fitness,Soporte Anclaje Techo Agarre Pared Bolsa Boxeo Servicegym,https://www.fravega.com/p/soporte-anclaje-techo-agarre-pared-bolsa-boxeo-servicegym-20121722/,6500.0,6000.0,1,True
FRA-bicicleta-fija-force-by-gadnic-thg799-sp,Fravega,OTRAS,Deportes y Fitness,Bicicleta Fija Force By Gadnic THG799 Spinning Hasta 120 Kg Volante de Inercia 6 Kg,https://www.fravega.com/p/bicicleta-fija-force-by-gadnic-thg799-spinning-hasta-120-kg-volante-de-inercia-6-kg-990276973/,423539.0,325799.0,1,True
FRA-secador-de-pelo-gama-mistral-ceramic-ion,Fravega,GAMA,Belleza y Cuidado Personal,Secador de Pelo GAMA Mistral Ceramic Ion,https://www.fravega.com/p/secador-de-pelo-gama-mistral-ceramic-ion-13349/,74999.0,51999.0,1,True
FRA-planchita-de-pelo-admiral-ad-pl001-ceram,Fravega,OTRAS,Belleza y Cuidado Personal,Planchita de Pelo Admiral AD-PL001 Ceramic 230,https://www.fravega.com/p/planchita-de-pelo-admiral-ad-pl001-ceramic-230-14214/,39999.0,19999.0,1,True
FRA-depiladora-ipl-philips-lumea-prestige-br,Fravega,PHILIPS,Belleza y Cuidado Personal,Depiladora IPL Philips Lumea Prestige BRI947/30,https://www.fravega.com/p/depiladora-ipl-philips-lumea-prestige-bri947-30-13275/,959999.0,659999.0,1,True
FRA-secador-de-pelo-profesional-remington-si,Fravega,REMINGTON,Belleza y Cuidado Personal,Secador de Pelo Profesional Remington Silk AC9096 2400W,https://www.fravega.com/p/secador-de-pelo-profesional-remington-silk-ac9096-2400w-11933/,104999.0,84799.0,1,True
FRA-planchita-de-pelo-gama-elegance-bella-to,Fravega,GAMA,Belleza y Cuidado Personal,Planchita de Pelo GAMA Elegance Bella Tourmaline ION 230°C,https://www.fravega.com/p/planchita-de-pelo-gama-elegance-bella-tourmaline-ion-230c-13040/,69999.0,51999.0,1,True
FRA-depiladora-electrica-philips-bre227-00-1,Fravega,PHILIPS,Belleza y Cuidado Personal,Depiladora Eléctrica Philips BRE227/00,https://www.fravega.com/p/depiladora-electrica-philips-bre227-00-14404/,72999.0,59999.0,1,True
FRA-secador-de-pelo-con-difusor-winco-w4192-,Fravega,OTRAS,Belleza y Cuidado Personal,Secador de Pelo con Difusor Winco W4192 2000 Watts,https://www.fravega.com/p/secador-de-pelo-con-difusor-winco-w4192-2000-watts-14326/,59999.0,32999.0,1,True
FRA-planchita-de-pelo-allure-pl1010ap-titani,Fravega,OTRAS,Belleza y Cuidado Personal,Planchita de Pelo Allure PL1010AP Titanium Ion,https://www.fravega.com/p/planchita-de-pelo-allure-pl1010ap-titanium-ion-13892/,34999.0,22999.0,1,True
FRA-depiladora-ipl-philips-lumea-lumea-advan,Fravega,PHILIPS,Belleza y Cuidado Personal,Depiladora IPL Philips Lumea Lumea Advanced BRI920/30 + Recortador,https://www.fravega.com/p/depiladora-ipl-philips-lumea-lumea-advanced-bri920-30-recortador-13149/,699999.0,439999.0,1,True
FRA-planchita-de-pelo-gama-3d-titanium-blue-,Fravega,GAMA,Belleza y Cuidado Personal,Planchita de Pelo GAMA 3D Titanium Blue,https://www.fravega.com/p/planchita-de-pelo-gama-3d-titanium-blue-13257/,109999.0,89999.0,1,True
FRA-depiladora-facial-con-luz-recargable-usb,Fravega,OTRAS,Belleza y Cuidado Personal,Depiladora Facial Con Luz Recargable Usb Vellos Finos RJ3740 Blanco,https://www.fravega.com/p/depiladora-facial-con-luz-recargable-usb-vellos-finos-rj3740-blanco-22709024/,12829.69,8980.78,1,True
FRA-set-secador-de-pelo-planchita-ceramica-2,Fravega,OTRAS,Belleza y Cuidado Personal,Set Secador De Pelo + Planchita Ceramica 2200w Ultracomb,https://www.fravega.com/p/set-secador-de-pelo-planchita-ceramica-2200w-ultracomb-22630360/,99999.0,57119.0,1,True
FRA-planchita-de-pelo-revlon-rvst2182red-anc,Fravega,OTRAS,Belleza y Cuidado Personal,Planchita de Pelo Revlon RVST2182RED Ancha,https://www.fravega.com/p/planchita-de-pelo-revlon-rvst2182red-ancha-10407/,69999.0,49999.0,1,True
FRA-depiladora-electrica-corporal-gadnic-2-v,Fravega,OTRAS,Belleza y Cuidado Personal,Depiladora Electrica Corporal Gadnic 2 Velocidades,https://www.fravega.com/p/depiladora-electrica-corporal-gadnic-2-velocidades-20057895/,103215.0,79396.0,1,True
FRA-secador-remington-d3015-power-volumen-20,Fravega,REMINGTON,Belleza y Cuidado Personal,Secador Remington D3015 Power Volumen 2000,https://www.fravega.com/p/secador-remington-d3015-power-volumen-2000-12426/,62999.0,49999.0,1,True
FRA-plancha-de-pelo-revlon-rvst2182-220-plac,Fravega,OTRAS,Belleza y Cuidado Personal,Plancha De Pelo Revlon RVST2182 220° Placas 4.5 Cm. Recubrimiento Titanio - Negra,https://www.fravega.com/p/plancha-de-pelo-revlon-rvst2182-220-placas-4-5-cm-recubrimiento-titanio-negra-22502519/,81989.0,53099.0,1,True
FRA-depiladora-philips-satinshave-essential-,Fravega,PHILIPS,Belleza y Cuidado Personal,Depiladora Philips SatinShave Essential HP6306/00 F,https://www.fravega.com/p/depiladora-philips-satinshave-essential-hp6306-00-f-13682/,36499.0,31499.0,1,True
FRA-secador-de-pelo-revlon-rvdr773la2av1-140,Fravega,OTRAS,Belleza y Cuidado Personal,Secador de Pelo Revlon RVDR773LA2AV1,https://www.fravega.com/p/secador-de-pelo-revlon-rvdr773la2av1-14060/,59999.0,44999.0,1,True
FRA-planchita-de-pelo-atma-pl8862np--13415,Fravega,ATMA,Belleza y Cuidado Personal,Planchita de pelo Atma PL8862NP,https://www.fravega.com/p/planchita-de-pelo-atma-pl8862np--13415/,74999.0,49999.0,1,True
FRA-repuesto-cuchillas-x2-para-cortabarba-ph,Fravega,PHILIPS,Belleza y Cuidado Personal,Repuesto Cuchillas x2 para Cortabarba Philips OneBlade,https://www.fravega.com/p/repuesto-cuchillas-x2-para-cortabarba-philips-oneblade-30460/,31499.0,25999.0,1,True
FRA-afeitadora-electrica-inalambrica-philco-,Fravega,PHILCO,Belleza y Cuidado Personal,Afeitadora Eléctrica Inalámbrica Philco AE5105,https://www.fravega.com/p/afeitadora-electrica-inalambrica-philco-ae5105-30464/,54999.0,37999.0,1,True
FRA-afeitadora-philips-s1881-00-serie-1000-u,Fravega,PHILIPS,Belleza y Cuidado Personal,Afeitadora Philips S1881/00 Serie 1000 uso en Húmedo y Seco,https://www.fravega.com/p/afeitadora-philips-s1881-00-serie-1000-uso-humedo-y-seco-30625/,81999.0,65599.0,1,True
FRA-afeitadora-philips-serie-5000-x5012-05-3,Fravega,PHILIPS,Belleza y Cuidado Personal,Afeitadora Philips Serie 5000 X5012/05,https://www.fravega.com/p/afeitadora-philips-serie-5000-x5012-05-30374/,139999.0,103999.0,1,True
FRA-afeitadora-ga-ma-gsh-855-master-double-t,Fravega,OTRAS,Belleza y Cuidado Personal,Afeitadora GA.MA Gsh 855 Master Double Track 50 Minutos Negro,https://www.fravega.com/p/afeitadora-ga-ma-gsh-855-master-double-track-50-minutos-negro-20023046/,24374.0,19499.0,1,True
FRA-recortadora-de-pelo-para-nariz-y-oreja-p,Fravega,PHILIPS,Belleza y Cuidado Personal,Recortadora de Pelo para Nariz y Oreja Philips NT1620/15,https://www.fravega.com/p/recortadora-de-pelo-para-nariz-y-oreja-philips-nt1620-15-30269/,24999.0,22999.0,1,True
FRA-afeitadora-philips-s5898-17-30315,Fravega,PHILIPS,Belleza y Cuidado Personal,Afeitadora Philips S5898/17,https://www.fravega.com/p/afeitadora-philips-s5898-17-30315/,194999.0,184999.0,1,True
FRA-afeitadora-philips-serie-3000-s3882-00-w,Fravega,PHILIPS,Belleza y Cuidado Personal,Afeitadora Philips Serie 3000 S3882/00 Wet & Dry,https://www.fravega.com/p/afeitadora-philips-serie-3000-s3882-00-wet--dry-30616/,143999.0,89999.0,1,True
FRA-recortadora-afeitar-cejas-barba-vk-4803-,Fravega,OTRAS,Belleza y Cuidado Personal,Recortadora Afeitar Cejas Barba Vk-4803 Ultracomb  3 en 1,https://www.fravega.com/p/recortadora-afeitar-cejas-barba-vk-4803-ultracomb-3-1-990275803/,19379.83,11330.89,1,True
FRA-afeitadora-electrica-philips-serie-7000-,Fravega,PHILIPS,Belleza y Cuidado Personal,Afeitadora Eléctrica Philips Serie 7000,https://www.fravega.com/p/afeitadora-electrica-philips-serie-7000-30617/,251999.0,199999.0,1,True
FRA-maquina-multi-afeitadora-gadnic-rzr-9k-d,Fravega,OTRAS,Belleza y Cuidado Personal,Máquina Multi Afeitadora Gadnic RZR 9K Display Digital,https://www.fravega.com/p/maquina-multi-afeitadora-gadnic-rzr-9k-display-digital-990165202/,68094.0,52380.0,1,True
FRA-trimmer-nariz-oido-remington-ne3200-seco,Fravega,REMINGTON,Belleza y Cuidado Personal,Trimmer Nariz Oido Remington Ne3200 En Seco O Humedo A Pila,https://www.fravega.com/p/trimmer-nariz-oido-remington-ne3200-seco-o-humedo-a-pila-990017664/,25489.0,18990.0,1,True
FRA-afeitadora-y-cortadora-de-pelo-5-1-gadni,Fravega,OTRAS,Belleza y Cuidado Personal,Afeitadora y Cortadora de Pelo 5 en 1 Gadnic,https://www.fravega.com/p/afeitadora-y-cortadora-de-pelo-5-1-gadnic-990072104/,84820.0,65246.0,1,True
FRA-afeitadora-y-recortadora-ultracomb-led-6,Fravega,OTRAS,Belleza y Cuidado Personal,Afeitadora Y Recortadora Ultracomb Led 6 Cabezales Bk4918,https://www.fravega.com/p/afeitadora-y-recortadora-ultracomb-led-6-cabezales-bk4918-990275801/,58309.83,33903.9,1,True
FRA-afeitadora-corporal-bacan-by-mantra-razo,Fravega,OTRAS,Belleza y Cuidado Personal,Afeitadora Corporal Bacan by Mantra Razor Body Black,https://www.fravega.com/p/afeitadora-corporal-bacan-by-mantra-razor-body-black-20076122/,119990.0,95992.0,1,True
FRA-afeitadora-philco-ae5205pp-lithium-plus-,Fravega,PHILCO,Belleza y Cuidado Personal,Afeitadora Philco Ae5205pp Lithium Plus Wet & Dry 360°,https://www.fravega.com/p/afeitadora-philco-ae5205pp-lithium-plus-wet--dry-360-20291686/,65999.0,59999.0,1,True
FRA-babyliss-afeitadora-fx01-black-shaver-ba,Fravega,OTRAS,Belleza y Cuidado Personal,Babyliss Afeitadora Fx01 Black Shaver Barberia Inalambrica,https://www.fravega.com/p/babyliss-afeitadora-fx01-black-shaver-barberia-inalambrica-21176247/,157890.0,130490.0,1,True
FRA-repuesto-cabezal-kemei-original-km-2028-,Fravega,OTRAS,Belleza y Cuidado Personal,Repuesto Cabezal Kemei Original km-2028 Dorado,https://www.fravega.com/p/repuesto-cabezal-kemei-original-km-2028-dorado-21253806/,35000.0,22500.0,1,True
FRA-trimmer-gama-italy-gt430-gris-corta-barb,Fravega,GAMA,Belleza y Cuidado Personal,Trimmer Gama Italy Gt430 Gris Corta Barba Y Pelo Compacta De Viaje Inalámbrica Con Peine Regulable,https://www.fravega.com/p/trimmer-gama-italy-gt430-gris-corta-barba-y-pelo-compacta-de-viaje-inalambrica-con-peine-regulable-21961112/,37665.0,22599.0,1,True
FRA-afeitadora-kemei-km-1102-negra-22508218,Fravega,OTRAS,Belleza y Cuidado Personal,Afeitadora Kemei Km-1102 Negra,https://www.fravega.com/p/afeitadora-kemei-km-1102-negra-22508218/,40999.0,34999.0,1,True
FRA-montale-arabians-tonka-eau-de-parfum-3-4,Fravega,OTRAS,Belleza y Cuidado Personal,Montale Arabians Tonka Eau De Parfum 3.4 Onzas,https://www.fravega.com/p/montale-arabians-tonka-eau-de-parfum-3-4-onzas-22597445/,738045.0,479729.0,1,True
FRA-combo-alisado-luminoliss-250gr-shampoo-l,Fravega,OTRAS,Belleza y Cuidado Personal,Combo Alisado Luminoliss 250gr + Shampoo Luminoclean 300gr,https://www.fravega.com/p/combo-alisado-luminoliss-250gr-shampoo-luminoclean-300gr-22859950/,30890.0,25530.0,1,True
FRA-perfume-montale-arabians-tonka-eau-de-pa,Fravega,OTRAS,Belleza y Cuidado Personal,Perfume MONTALE Arabians Tonka Eau De Parfum 100 ml para hom,https://www.fravega.com/p/perfume-montale-arabians-tonka-eau-de-parfum-100-ml-para-hom-22826641/,348761.0,327835.34,1,True
FRA-removedor-de-tinte-para-cabello-color-oo,Fravega,OTRAS,Belleza y Cuidado Personal,Removedor de Tinte para Cabello Color Oops con Acondicionador Extra,https://www.fravega.com/p/removedor-de-tinte-para-cabello-color-oops-con-acondicionador-extra-22721279/,89749.0,58336.85,1,True
FRA-perfume-revlon-charlie-blue-edt-para-muj,Fravega,OTRAS,Belleza y Cuidado Personal,Perfume Revlon Charlie Blue EDT para mujer 100 ml/3.4 fl.oz,https://www.fravega.com/p/perfume-revlon-charlie-blue-edt-para-mujer-100-ml-3-4-fl-oz-22826743/,80664.0,75017.52,1,True
FRA-tableta-samsung-galaxy-tab-s6-lite-sm-p6,Fravega,SAMSUNG,Belleza y Cuidado Personal,Tableta Samsung Galaxy Tab S6 Lite SM-P610N de 64 GB con WiF,https://www.fravega.com/p/tableta-samsung-galaxy-tab-s6-lite-sm-p610n-de-64-gb-con-wif-22833623/,1062811.0,903389.35,1,True
FRA-perfume-jean-paul-gaultier-le-male-elixi,Fravega,OTRAS,Belleza y Cuidado Personal,Perfume Jean Paul Gaultier Le Male Elixir Parfum 125ml,https://www.fravega.com/p/perfume-jean-paul-gaultier-le-male-elixir-parfum-125ml-990153115/,285000.0,228000.0,1,True
FRA-dercos-anticaspa-shampoo-cuero-cabelludo,Fravega,OTRAS,Belleza y Cuidado Personal,Dercos Anticaspa Shampoo Cuero Cabelludo Sensible x 200 ml,https://www.fravega.com/p/dercos-anticaspa-shampoo-cuero-cabelludo-sensible-x-200-ml-21402467/,45024.0,37209.92,1,True
FRA-givenchy-organza-3-3-oz-eau-de-parfum-sp,Fravega,OTRAS,Belleza y Cuidado Personal,Givenchy ORGANZA 3.3 OZ EAU DE PARFUM SPRAY NUEVO,https://www.fravega.com/p/givenchy-organza-3-3-oz-eau-de-parfum-spray-nuevo-22711682/,243540.0,158301.0,1,True
FRA-loreal-paris-everpure-kit-de-champu-y-22,Fravega,OTRAS,Belleza y Cuidado Personal,LOreal Paris EverPure - Kit de champú y,https://www.fravega.com/p/loreal-paris-everpure-kit-de-champu-y-22597966/,104160.0,78120.0,1,True
FRA-perfume-liquid-brun-french-avenue-100ml-,Fravega,OTRAS,Belleza y Cuidado Personal,Perfume Liquid Brun French Avenue 100ml Edp Arabe,https://www.fravega.com/p/perfume-liquid-brun-french-avenue-100ml-edp-arabe-22599035/,137999.0,103499.0,1,True
FRA-dercos-anticaspa-shampoo-cabello-normal-,Fravega,OTRAS,Belleza y Cuidado Personal,Dercos Anticaspa Shampoo Cabello Normal A Graso X 200Ml,https://www.fravega.com/p/dercos-anticaspa-shampoo-cabello-normal-a-graso-x-200ml-21402461/,45024.0,37209.92,1,True
FRA-perfume-armaf-club-de-nuit-precieux-1-ex,Fravega,OTRAS,Belleza y Cuidado Personal,"Perfume Armaf Club De Nuit Precieux, 1 extracto de perfume,",https://www.fravega.com/p/perfume-armaf-club-de-nuit-precieux-1-extracto-de-perfume--22802957/,180435.0,167804.55,1,True
FRA-tangle-teezer-el-mejor-cepillo-desenreda,Fravega,OTRAS,Belleza y Cuidado Personal,"Tangle Teezer , El mejor cepillo desenredante para",https://www.fravega.com/p/tangle-teezer-el-mejor-cepillo-desenredante-para-22659249/,103950.0,77963.0,1,True
FRA-perfume-al-haramain-amber-oud-gold-editi,Fravega,OTRAS,Belleza y Cuidado Personal,Perfume Al Haramain Amber Oud Gold Edition 100,https://www.fravega.com/p/perfume-al-haramain-amber-oud-gold-edition-100-22475032/,160699.0,149450.07,1,True
FRA-serum-capilar-kerastase-nutritive-8hr-ma,Fravega,OTRAS,Belleza y Cuidado Personal,Sérum capilar KERASTASE Nutritive 8HR Magic Night 30 ml,https://www.fravega.com/p/serum-capilar-kerastase-nutritive-8hr-magic-night-30-ml-22908791/,89688.0,86100.48,1,True
FRA-shampoo-kerastase-densifique-bain-densit,Fravega,OTRAS,Belleza y Cuidado Personal,Shampoo Kerastase Densifique Bain Densite Hombre 250mL,https://www.fravega.com/p/shampoo-kerastase-densifique-bain-densite-hombre-250ml-22772382/,173176.0,166248.96,1,True
FRA-perfume-dolce--gabbana-the-one-eau-de-pa,Fravega,OTRAS,Belleza y Cuidado Personal,"Perfume Dolce & Gabbana The One Eau de Parfum para hombre, 1",https://www.fravega.com/p/perfume-dolce--gabbana-the-one-eau-de-parfum-para-hombre-1-22803145/,187249.0,174141.57,1,True
FRA-corta-cabello-gama-pro-82-beccp000000066,Fravega,GAMA,Belleza y Cuidado Personal,Corta Cabello Gama Pro 82 (beccp0000000666),https://www.fravega.com/p/corta-cabello-gama-pro-82-beccp0000000666--21626141/,45099.0,40814.0,1,True
FRA-secador-de-pelo-gama-mistral-ceramic-ion,Fravega,GAMA,Belleza y Cuidado Personal,Secador de Pelo GAMA Mistral Ceramic Ion,https://www.fravega.com/p/secador-de-pelo-gama-mistral-ceramic-ion-13349/,74999.0,51999.0,1,True
FRA-planchita-de-pelo-admiral-ad-pl001-ceram,Fravega,OTRAS,Belleza y Cuidado Personal,Planchita de Pelo Admiral AD-PL001 Ceramic 230,https://www.fravega.com/p/planchita-de-pelo-admiral-ad-pl001-ceramic-230-14214/,39999.0,19999.0,1,True
FRA-depiladora-ipl-philips-lumea-prestige-br,Fravega,PHILIPS,Belleza y Cuidado Personal,Depiladora IPL Philips Lumea Prestige BRI947/30,https://www.fravega.com/p/depiladora-ipl-philips-lumea-prestige-bri947-30-13275/,959999.0,659999.0,1,True
FRA-secador-de-pelo-profesional-remington-si,Fravega,REMINGTON,Belleza y Cuidado Personal,Secador de Pelo Profesional Remington Silk AC9096 2400W,https://www.fravega.com/p/secador-de-pelo-profesional-remington-silk-ac9096-2400w-11933/,104999.0,84799.0,1,True
FRA-planchita-de-pelo-gama-elegance-bella-to,Fravega,GAMA,Belleza y Cuidado Personal,Planchita de Pelo GAMA Elegance Bella Tourmaline ION 230°C,https://www.fravega.com/p/planchita-de-pelo-gama-elegance-bella-tourmaline-ion-230c-13040/,69999.0,51999.0,1,True
FRA-depiladora-electrica-philips-bre227-00-1,Fravega,PHILIPS,Belleza y Cuidado Personal,Depiladora Eléctrica Philips BRE227/00,https://www.fravega.com/p/depiladora-electrica-philips-bre227-00-14404/,72999.0,59999.0,1,True
FRA-secador-de-pelo-con-difusor-winco-w4192-,Fravega,OTRAS,Belleza y Cuidado Personal,Secador de Pelo con Difusor Winco W4192 2000 Watts,https://www.fravega.com/p/secador-de-pelo-con-difusor-winco-w4192-2000-watts-14326/,59999.0,32999.0,1,True
FRA-planchita-de-pelo-allure-pl1010ap-titani,Fravega,OTRAS,Belleza y Cuidado Personal,Planchita de Pelo Allure PL1010AP Titanium Ion,https://www.fravega.com/p/planchita-de-pelo-allure-pl1010ap-titanium-ion-13892/,34999.0,22999.0,1,True
FRA-depiladora-ipl-philips-lumea-lumea-advan,Fravega,PHILIPS,Belleza y Cuidado Personal,Depiladora IPL Philips Lumea Lumea Advanced BRI920/30 + Recortador,https://www.fravega.com/p/depiladora-ipl-philips-lumea-lumea-advanced-bri920-30-recortador-13149/,699999.0,439999.0,1,True
FRA-planchita-de-pelo-gama-3d-titanium-blue-,Fravega,GAMA,Belleza y Cuidado Personal,Planchita de Pelo GAMA 3D Titanium Blue,https://www.fravega.com/p/planchita-de-pelo-gama-3d-titanium-blue-13257/,109999.0,89999.0,1,True
FRA-depiladora-facial-con-luz-recargable-usb,Fravega,OTRAS,Belleza y Cuidado Personal,Depiladora Facial Con Luz Recargable Usb Vellos Finos RJ3740 Blanco,https://www.fravega.com/p/depiladora-facial-con-luz-recargable-usb-vellos-finos-rj3740-blanco-22709024/,12829.69,8980.78,1,True
FRA-set-secador-de-pelo-planchita-ceramica-2,Fravega,OTRAS,Belleza y Cuidado Personal,Set Secador De Pelo + Planchita Ceramica 2200w Ultracomb,https://www.fravega.com/p/set-secador-de-pelo-planchita-ceramica-2200w-ultracomb-22630360/,99999.0,57119.0,1,True
FRA-planchita-de-pelo-revlon-rvst2182red-anc,Fravega,OTRAS,Belleza y Cuidado Personal,Planchita de Pelo Revlon RVST2182RED Ancha,https://www.fravega.com/p/planchita-de-pelo-revlon-rvst2182red-ancha-10407/,69999.0,49999.0,1,True
FRA-depiladora-electrica-corporal-gadnic-2-v,Fravega,OTRAS,Belleza y Cuidado Personal,Depiladora Electrica Corporal Gadnic 2 Velocidades,https://www.fravega.com/p/depiladora-electrica-corporal-gadnic-2-velocidades-20057895/,103215.0,79396.0,1,True
FRA-secador-remington-d3015-power-volumen-20,Fravega,REMINGTON,Belleza y Cuidado Personal,Secador Remington D3015 Power Volumen 2000,https://www.fravega.com/p/secador-remington-d3015-power-volumen-2000-12426/,62999.0,49999.0,1,True
FRA-plancha-de-pelo-revlon-rvst2182-220-plac,Fravega,OTRAS,Belleza y Cuidado Personal,Plancha De Pelo Revlon RVST2182 220° Placas 4.5 Cm. Recubrimiento Titanio - Negra,https://www.fravega.com/p/plancha-de-pelo-revlon-rvst2182-220-placas-4-5-cm-recubrimiento-titanio-negra-22502519/,81989.0,53099.0,1,True
FRA-depiladora-philips-satinshave-essential-,Fravega,PHILIPS,Belleza y Cuidado Personal,Depiladora Philips SatinShave Essential HP6306/00 F,https://www.fravega.com/p/depiladora-philips-satinshave-essential-hp6306-00-f-13682/,36499.0,31499.0,1,True
FRA-secador-de-pelo-revlon-rvdr773la2av1-140,Fravega,OTRAS,Belleza y Cuidado Personal,Secador de Pelo Revlon RVDR773LA2AV1,https://www.fravega.com/p/secador-de-pelo-revlon-rvdr773la2av1-14060/,59999.0,44999.0,1,True
FRA-planchita-de-pelo-atma-pl8862np--13415,Fravega,ATMA,Belleza y Cuidado Personal,Planchita de pelo Atma PL8862NP,https://www.fravega.com/p/planchita-de-pelo-atma-pl8862np--13415/,74999.0,49999.0,1,True
FRA-repuesto-cuchillas-x2-para-cortabarba-ph,Fravega,PHILIPS,Belleza y Cuidado Personal,Repuesto Cuchillas x2 para Cortabarba Philips OneBlade,https://www.fravega.com/p/repuesto-cuchillas-x2-para-cortabarba-philips-oneblade-30460/,31499.0,25999.0,1,True
FRA-afeitadora-electrica-inalambrica-philco-,Fravega,PHILCO,Belleza y Cuidado Personal,Afeitadora Eléctrica Inalámbrica Philco AE5105,https://www.fravega.com/p/afeitadora-electrica-inalambrica-philco-ae5105-30464/,54999.0,37999.0,1,True
FRA-afeitadora-philips-s1881-00-serie-1000-u,Fravega,PHILIPS,Belleza y Cuidado Personal,Afeitadora Philips S1881/00 Serie 1000 uso en Húmedo y Seco,https://www.fravega.com/p/afeitadora-philips-s1881-00-serie-1000-uso-humedo-y-seco-30625/,81999.0,65599.0,1,True
FRA-afeitadora-philips-serie-5000-x5012-05-3,Fravega,PHILIPS,Belleza y Cuidado Personal,Afeitadora Philips Serie 5000 X5012/05,https://www.fravega.com/p/afeitadora-philips-serie-5000-x5012-05-30374/,139999.0,103999.0,1,True
FRA-afeitadora-ga-ma-gsh-855-master-double-t,Fravega,OTRAS,Belleza y Cuidado Personal,Afeitadora GA.MA Gsh 855 Master Double Track 50 Minutos Negro,https://www.fravega.com/p/afeitadora-ga-ma-gsh-855-master-double-track-50-minutos-negro-20023046/,24374.0,19499.0,1,True
FRA-recortadora-de-pelo-para-nariz-y-oreja-p,Fravega,PHILIPS,Belleza y Cuidado Personal,Recortadora de Pelo para Nariz y Oreja Philips NT1620/15,https://www.fravega.com/p/recortadora-de-pelo-para-nariz-y-oreja-philips-nt1620-15-30269/,24999.0,22999.0,1,True
FRA-afeitadora-philips-s5898-17-30315,Fravega,PHILIPS,Belleza y Cuidado Personal,Afeitadora Philips S5898/17,https://www.fravega.com/p/afeitadora-philips-s5898-17-30315/,194999.0,184999.0,1,True
FRA-afeitadora-philips-serie-3000-s3882-00-w,Fravega,PHILIPS,Belleza y Cuidado Personal,Afeitadora Philips Serie 3000 S3882/00 Wet & Dry,https://www.fravega.com/p/afeitadora-philips-serie-3000-s3882-00-wet--dry-30616/,143999.0,89999.0,1,True
FRA-recortadora-afeitar-cejas-barba-vk-4803-,Fravega,OTRAS,Belleza y Cuidado Personal,Recortadora Afeitar Cejas Barba Vk-4803 Ultracomb  3 en 1,https://www.fravega.com/p/recortadora-afeitar-cejas-barba-vk-4803-ultracomb-3-1-990275803/,19379.83,11330.89,1,True
FRA-afeitadora-electrica-philips-serie-7000-,Fravega,PHILIPS,Belleza y Cuidado Personal,Afeitadora Eléctrica Philips Serie 7000,https://www.fravega.com/p/afeitadora-electrica-philips-serie-7000-30617/,251999.0,199999.0,1,True
FRA-maquina-multi-afeitadora-gadnic-rzr-9k-d,Fravega,OTRAS,Belleza y Cuidado Personal,Máquina Multi Afeitadora Gadnic RZR 9K Display Digital,https://www.fravega.com/p/maquina-multi-afeitadora-gadnic-rzr-9k-display-digital-990165202/,68094.0,52380.0,1,True
FRA-trimmer-nariz-oido-remington-ne3200-seco,Fravega,REMINGTON,Belleza y Cuidado Personal,Trimmer Nariz Oido Remington Ne3200 En Seco O Humedo A Pila,https://www.fravega.com/p/trimmer-nariz-oido-remington-ne3200-seco-o-humedo-a-pila-990017664/,25489.0,18990.0,1,True
FRA-afeitadora-y-cortadora-de-pelo-5-1-gadni,Fravega,OTRAS,Belleza y Cuidado Personal,Afeitadora y Cortadora de Pelo 5 en 1 Gadnic,https://www.fravega.com/p/afeitadora-y-cortadora-de-pelo-5-1-gadnic-990072104/,84820.0,65246.0,1,True
FRA-afeitadora-y-recortadora-ultracomb-led-6,Fravega,OTRAS,Belleza y Cuidado Personal,Afeitadora Y Recortadora Ultracomb Led 6 Cabezales Bk4918,https://www.fravega.com/p/afeitadora-y-recortadora-ultracomb-led-6-cabezales-bk4918-990275801/,58309.83,33903.9,1,True
FRA-afeitadora-corporal-bacan-by-mantra-razo,Fravega,OTRAS,Belleza y Cuidado Personal,Afeitadora Corporal Bacan by Mantra Razor Body Black,https://www.fravega.com/p/afeitadora-corporal-bacan-by-mantra-razor-body-black-20076122/,119990.0,95992.0,1,True
FRA-afeitadora-philco-ae5205pp-lithium-plus-,Fravega,PHILCO,Belleza y Cuidado Personal,Afeitadora Philco Ae5205pp Lithium Plus Wet & Dry 360°,https://www.fravega.com/p/afeitadora-philco-ae5205pp-lithium-plus-wet--dry-360-20291686/,65999.0,59999.0,1,True
FRA-babyliss-afeitadora-fx01-black-shaver-ba,Fravega,OTRAS,Belleza y Cuidado Personal,Babyliss Afeitadora Fx01 Black Shaver Barberia Inalambrica,https://www.fravega.com/p/babyliss-afeitadora-fx01-black-shaver-barberia-inalambrica-21176247/,157890.0,130490.0,1,True
FRA-repuesto-cabezal-kemei-original-km-2028-,Fravega,OTRAS,Belleza y Cuidado Personal,Repuesto Cabezal Kemei Original km-2028 Dorado,https://www.fravega.com/p/repuesto-cabezal-kemei-original-km-2028-dorado-21253806/,35000.0,22500.0,1,True
FRA-trimmer-gama-italy-gt430-gris-corta-barb,Fravega,GAMA,Belleza y Cuidado Personal,Trimmer Gama Italy Gt430 Gris Corta Barba Y Pelo Compacta De Viaje Inalámbrica Con Peine Regulable,https://www.fravega.com/p/trimmer-gama-italy-gt430-gris-corta-barba-y-pelo-compacta-de-viaje-inalambrica-con-peine-regulable-21961112/,37665.0,22599.0,1,True
FRA-afeitadora-kemei-km-1102-negra-22508218,Fravega,OTRAS,Belleza y Cuidado Personal,Afeitadora Kemei Km-1102 Negra,https://www.fravega.com/p/afeitadora-kemei-km-1102-negra-22508218/,40999.0,34999.0,1,True
FRA-montale-arabians-tonka-eau-de-parfum-3-4,Fravega,OTRAS,Belleza y Cuidado Personal,Montale Arabians Tonka Eau De Parfum 3.4 Onzas,https://www.fravega.com/p/montale-arabians-tonka-eau-de-parfum-3-4-onzas-22597445/,738045.0,479729.0,1,True
FRA-combo-alisado-luminoliss-250gr-shampoo-l,Fravega,OTRAS,Belleza y Cuidado Personal,Combo Alisado Luminoliss 250gr + Shampoo Luminoclean 300gr,https://www.fravega.com/p/combo-alisado-luminoliss-250gr-shampoo-luminoclean-300gr-22859950/,30890.0,25530.0,1,True
FRA-perfume-montale-arabians-tonka-eau-de-pa,Fravega,OTRAS,Belleza y Cuidado Personal,Perfume MONTALE Arabians Tonka Eau De Parfum 100 ml para hom,https://www.fravega.com/p/perfume-montale-arabians-tonka-eau-de-parfum-100-ml-para-hom-22826641/,348761.0,327835.34,1,True
FRA-removedor-de-tinte-para-cabello-color-oo,Fravega,OTRAS,Belleza y Cuidado Personal,Removedor de Tinte para Cabello Color Oops con Acondicionador Extra,https://www.fravega.com/p/removedor-de-tinte-para-cabello-color-oops-con-acondicionador-extra-22721279/,89749.0,58336.85,1,True
FRA-perfume-revlon-charlie-blue-edt-para-muj,Fravega,OTRAS,Belleza y Cuidado Personal,Perfume Revlon Charlie Blue EDT para mujer 100 ml/3.4 fl.oz,https://www.fravega.com/p/perfume-revlon-charlie-blue-edt-para-mujer-100-ml-3-4-fl-oz-22826743/,80664.0,75017.52,1,True
FRA-tableta-samsung-galaxy-tab-s6-lite-sm-p6,Fravega,SAMSUNG,Belleza y Cuidado Personal,Tableta Samsung Galaxy Tab S6 Lite SM-P610N de 64 GB con WiF,https://www.fravega.com/p/tableta-samsung-galaxy-tab-s6-lite-sm-p610n-de-64-gb-con-wif-22833623/,1062811.0,903389.35,1,True
FRA-perfume-jean-paul-gaultier-le-male-elixi,Fravega,OTRAS,Belleza y Cuidado Personal,Perfume Jean Paul Gaultier Le Male Elixir Parfum 125ml,https://www.fravega.com/p/perfume-jean-paul-gaultier-le-male-elixir-parfum-125ml-990153115/,285000.0,228000.0,1,True
FRA-dercos-anticaspa-shampoo-cuero-cabelludo,Fravega,OTRAS,Belleza y Cuidado Personal,Dercos Anticaspa Shampoo Cuero Cabelludo Sensible x 200 ml,https://www.fravega.com/p/dercos-anticaspa-shampoo-cuero-cabelludo-sensible-x-200-ml-21402467/,45024.0,37209.92,1,True
FRA-givenchy-organza-3-3-oz-eau-de-parfum-sp,Fravega,OTRAS,Belleza y Cuidado Personal,Givenchy ORGANZA 3.3 OZ EAU DE PARFUM SPRAY NUEVO,https://www.fravega.com/p/givenchy-organza-3-3-oz-eau-de-parfum-spray-nuevo-22711682/,243540.0,158301.0,1,True
FRA-loreal-paris-everpure-kit-de-champu-y-22,Fravega,OTRAS,Belleza y Cuidado Personal,LOreal Paris EverPure - Kit de champú y,https://www.fravega.com/p/loreal-paris-everpure-kit-de-champu-y-22597966/,104160.0,78120.0,1,True
FRA-perfume-liquid-brun-french-avenue-100ml-,Fravega,OTRAS,Belleza y Cuidado Personal,Perfume Liquid Brun French Avenue 100ml Edp Arabe,https://www.fravega.com/p/perfume-liquid-brun-french-avenue-100ml-edp-arabe-22599035/,137999.0,103499.0,1,True
FRA-dercos-anticaspa-shampoo-cabello-normal-,Fravega,OTRAS,Belleza y Cuidado Personal,Dercos Anticaspa Shampoo Cabello Normal A Graso X 200Ml,https://www.fravega.com/p/dercos-anticaspa-shampoo-cabello-normal-a-graso-x-200ml-21402461/,45024.0,37209.92,1,True
FRA-perfume-armaf-club-de-nuit-precieux-1-ex,Fravega,OTRAS,Belleza y Cuidado Personal,"Perfume Armaf Club De Nuit Precieux, 1 extracto de perfume,",https://www.fravega.com/p/perfume-armaf-club-de-nuit-precieux-1-extracto-de-perfume--22802957/,180435.0,167804.55,1,True
FRA-tangle-teezer-el-mejor-cepillo-desenreda,Fravega,OTRAS,Belleza y Cuidado Personal,"Tangle Teezer , El mejor cepillo desenredante para",https://www.fravega.com/p/tangle-teezer-el-mejor-cepillo-desenredante-para-22659249/,103950.0,77963.0,1,True
FRA-perfume-al-haramain-amber-oud-gold-editi,Fravega,OTRAS,Belleza y Cuidado Personal,Perfume Al Haramain Amber Oud Gold Edition 100,https://www.fravega.com/p/perfume-al-haramain-amber-oud-gold-edition-100-22475032/,160699.0,149450.07,1,True
FRA-serum-capilar-kerastase-nutritive-8hr-ma,Fravega,OTRAS,Belleza y Cuidado Personal,Sérum capilar KERASTASE Nutritive 8HR Magic Night 30 ml,https://www.fravega.com/p/serum-capilar-kerastase-nutritive-8hr-magic-night-30-ml-22908791/,89688.0,86100.48,1,True
FRA-shampoo-kerastase-densifique-bain-densit,Fravega,OTRAS,Belleza y Cuidado Personal,Shampoo Kerastase Densifique Bain Densite Hombre 250mL,https://www.fravega.com/p/shampoo-kerastase-densifique-bain-densite-hombre-250ml-22772382/,173176.0,166248.96,1,True
FRA-perfume-dolce--gabbana-the-one-eau-de-pa,Fravega,OTRAS,Belleza y Cuidado Personal,"Perfume Dolce & Gabbana The One Eau de Parfum para hombre, 1",https://www.fravega.com/p/perfume-dolce--gabbana-the-one-eau-de-parfum-para-hombre-1-22803145/,187249.0,174141.57,1,True
FRA-corta-cabello-gama-pro-82-beccp000000066,Fravega,GAMA,Belleza y Cuidado Personal,Corta Cabello Gama Pro 82 (beccp0000000666),https://www.fravega.com/p/corta-cabello-gama-pro-82-beccp0000000666--21626141/,45099.0,40814.0,1,True
FRA-secador-de-pelo-gama-mistral-ceramic-ion,Fravega,GAMA,Belleza y Cuidado Personal,Secador de Pelo GAMA Mistral Ceramic Ion,https://www.fravega.com/p/secador-de-pelo-gama-mistral-ceramic-ion-13349/,74999.0,51999.0,1,True
FRA-planchita-de-pelo-admiral-ad-pl001-ceram,Fravega,OTRAS,Belleza y Cuidado Personal,Planchita de Pelo Admiral AD-PL001 Ceramic 230,https://www.fravega.com/p/planchita-de-pelo-admiral-ad-pl001-ceramic-230-14214/,39999.0,19999.0,1,True
FRA-depiladora-ipl-philips-lumea-prestige-br,Fravega,PHILIPS,Belleza y Cuidado Personal,Depiladora IPL Philips Lumea Prestige BRI947/30,https://www.fravega.com/p/depiladora-ipl-philips-lumea-prestige-bri947-30-13275/,959999.0,659999.0,1,True
FRA-secador-de-pelo-profesional-remington-si,Fravega,REMINGTON,Belleza y Cuidado Personal,Secador de Pelo Profesional Remington Silk AC9096 2400W,https://www.fravega.com/p/secador-de-pelo-profesional-remington-silk-ac9096-2400w-11933/,104999.0,84799.0,1,True
FRA-planchita-de-pelo-gama-elegance-bella-to,Fravega,GAMA,Belleza y Cuidado Personal,Planchita de Pelo GAMA Elegance Bella Tourmaline ION 230°C,https://www.fravega.com/p/planchita-de-pelo-gama-elegance-bella-tourmaline-ion-230c-13040/,69999.0,51999.0,1,True
FRA-depiladora-electrica-philips-bre227-00-1,Fravega,PHILIPS,Belleza y Cuidado Personal,Depiladora Eléctrica Philips BRE227/00,https://www.fravega.com/p/depiladora-electrica-philips-bre227-00-14404/,72999.0,59999.0,1,True
FRA-secador-de-pelo-con-difusor-winco-w4192-,Fravega,OTRAS,Belleza y Cuidado Personal,Secador de Pelo con Difusor Winco W4192 2000 Watts,https://www.fravega.com/p/secador-de-pelo-con-difusor-winco-w4192-2000-watts-14326/,59999.0,32999.0,1,True
FRA-planchita-de-pelo-allure-pl1010ap-titani,Fravega,OTRAS,Belleza y Cuidado Personal,Planchita de Pelo Allure PL1010AP Titanium Ion,https://www.fravega.com/p/planchita-de-pelo-allure-pl1010ap-titanium-ion-13892/,34999.0,22999.0,1,True
FRA-depiladora-ipl-philips-lumea-lumea-advan,Fravega,PHILIPS,Belleza y Cuidado Personal,Depiladora IPL Philips Lumea Lumea Advanced BRI920/30 + Recortador,https://www.fravega.com/p/depiladora-ipl-philips-lumea-lumea-advanced-bri920-30-recortador-13149/,699999.0,439999.0,1,True
FRA-planchita-de-pelo-gama-3d-titanium-blue-,Fravega,GAMA,Belleza y Cuidado Personal,Planchita de Pelo GAMA 3D Titanium Blue,https://www.fravega.com/p/planchita-de-pelo-gama-3d-titanium-blue-13257/,109999.0,89999.0,1,True
FRA-depiladora-facial-con-luz-recargable-usb,Fravega,OTRAS,Belleza y Cuidado Personal,Depiladora Facial Con Luz Recargable Usb Vellos Finos RJ3740 Blanco,https://www.fravega.com/p/depiladora-facial-con-luz-recargable-usb-vellos-finos-rj3740-blanco-22709024/,12829.69,8980.78,1,True
FRA-set-secador-de-pelo-planchita-ceramica-2,Fravega,OTRAS,Belleza y Cuidado Personal,Set Secador De Pelo + Planchita Ceramica 2200w Ultracomb,https://www.fravega.com/p/set-secador-de-pelo-planchita-ceramica-2200w-ultracomb-22630360/,99999.0,57119.0,1,True
FRA-planchita-de-pelo-revlon-rvst2182red-anc,Fravega,OTRAS,Belleza y Cuidado Personal,Planchita de Pelo Revlon RVST2182RED Ancha,https://www.fravega.com/p/planchita-de-pelo-revlon-rvst2182red-ancha-10407/,69999.0,49999.0,1,True
FRA-depiladora-electrica-corporal-gadnic-2-v,Fravega,OTRAS,Belleza y Cuidado Personal,Depiladora Electrica Corporal Gadnic 2 Velocidades,https://www.fravega.com/p/depiladora-electrica-corporal-gadnic-2-velocidades-20057895/,103215.0,79396.0,1,True
FRA-secador-remington-d3015-power-volumen-20,Fravega,REMINGTON,Belleza y Cuidado Personal,Secador Remington D3015 Power Volumen 2000,https://www.fravega.com/p/secador-remington-d3015-power-volumen-2000-12426/,62999.0,49999.0,1,True
FRA-plancha-de-pelo-revlon-rvst2182-220-plac,Fravega,OTRAS,Belleza y Cuidado Personal,Plancha De Pelo Revlon RVST2182 220° Placas 4.5 Cm. Recubrimiento Titanio - Negra,https://www.fravega.com/p/plancha-de-pelo-revlon-rvst2182-220-placas-4-5-cm-recubrimiento-titanio-negra-22502519/,81989.0,53099.0,1,True
FRA-depiladora-philips-satinshave-essential-,Fravega,PHILIPS,Belleza y Cuidado Personal,Depiladora Philips SatinShave Essential HP6306/00 F,https://www.fravega.com/p/depiladora-philips-satinshave-essential-hp6306-00-f-13682/,36499.0,31499.0,1,True
FRA-secador-de-pelo-revlon-rvdr773la2av1-140,Fravega,OTRAS,Belleza y Cuidado Personal,Secador de Pelo Revlon RVDR773LA2AV1,https://www.fravega.com/p/secador-de-pelo-revlon-rvdr773la2av1-14060/,59999.0,44999.0,1,True
FRA-planchita-de-pelo-atma-pl8862np--13415,Fravega,ATMA,Belleza y Cuidado Personal,Planchita de pelo Atma PL8862NP,https://www.fravega.com/p/planchita-de-pelo-atma-pl8862np--13415/,74999.0,49999.0,1,True
FRA-repuesto-cuchillas-x2-para-cortabarba-ph,Fravega,PHILIPS,Belleza y Cuidado Personal,Repuesto Cuchillas x2 para Cortabarba Philips OneBlade,https://www.fravega.com/p/repuesto-cuchillas-x2-para-cortabarba-philips-oneblade-30460/,31499.0,25999.0,1,True
FRA-afeitadora-electrica-inalambrica-philco-,Fravega,PHILCO,Belleza y Cuidado Personal,Afeitadora Eléctrica Inalámbrica Philco AE5105,https://www.fravega.com/p/afeitadora-electrica-inalambrica-philco-ae5105-30464/,54999.0,37999.0,1,True
FRA-afeitadora-philips-s1881-00-serie-1000-u,Fravega,PHILIPS,Belleza y Cuidado Personal,Afeitadora Philips S1881/00 Serie 1000 uso en Húmedo y Seco,https://www.fravega.com/p/afeitadora-philips-s1881-00-serie-1000-uso-humedo-y-seco-30625/,81999.0,65599.0,1,True
FRA-afeitadora-philips-serie-5000-x5012-05-3,Fravega,PHILIPS,Belleza y Cuidado Personal,Afeitadora Philips Serie 5000 X5012/05,https://www.fravega.com/p/afeitadora-philips-serie-5000-x5012-05-30374/,139999.0,103999.0,1,True
FRA-afeitadora-ga-ma-gsh-855-master-double-t,Fravega,OTRAS,Belleza y Cuidado Personal,Afeitadora GA.MA Gsh 855 Master Double Track 50 Minutos Negro,https://www.fravega.com/p/afeitadora-ga-ma-gsh-855-master-double-track-50-minutos-negro-20023046/,24374.0,19499.0,1,True
FRA-recortadora-de-pelo-para-nariz-y-oreja-p,Fravega,PHILIPS,Belleza y Cuidado Personal,Recortadora de Pelo para Nariz y Oreja Philips NT1620/15,https://www.fravega.com/p/recortadora-de-pelo-para-nariz-y-oreja-philips-nt1620-15-30269/,24999.0,22999.0,1,True
FRA-afeitadora-philips-s5898-17-30315,Fravega,PHILIPS,Belleza y Cuidado Personal,Afeitadora Philips S5898/17,https://www.fravega.com/p/afeitadora-philips-s5898-17-30315/,194999.0,184999.0,1,True
FRA-afeitadora-philips-serie-3000-s3882-00-w,Fravega,PHILIPS,Belleza y Cuidado Personal,Afeitadora Philips Serie 3000 S3882/00 Wet & Dry,https://www.fravega.com/p/afeitadora-philips-serie-3000-s3882-00-wet--dry-30616/,143999.0,89999.0,1,True
FRA-recortadora-afeitar-cejas-barba-vk-4803-,Fravega,OTRAS,Belleza y Cuidado Personal,Recortadora Afeitar Cejas Barba Vk-4803 Ultracomb  3 en 1,https://www.fravega.com/p/recortadora-afeitar-cejas-barba-vk-4803-ultracomb-3-1-990275803/,19379.83,11330.89,1,True
FRA-afeitadora-electrica-philips-serie-7000-,Fravega,PHILIPS,Belleza y Cuidado Personal,Afeitadora Eléctrica Philips Serie 7000,https://www.fravega.com/p/afeitadora-electrica-philips-serie-7000-30617/,251999.0,199999.0,1,True
FRA-maquina-multi-afeitadora-gadnic-rzr-9k-d,Fravega,OTRAS,Belleza y Cuidado Personal,Máquina Multi Afeitadora Gadnic RZR 9K Display Digital,https://www.fravega.com/p/maquina-multi-afeitadora-gadnic-rzr-9k-display-digital-990165202/,68094.0,52380.0,1,True
FRA-trimmer-nariz-oido-remington-ne3200-seco,Fravega,REMINGTON,Belleza y Cuidado Personal,Trimmer Nariz Oido Remington Ne3200 En Seco O Humedo A Pila,https://www.fravega.com/p/trimmer-nariz-oido-remington-ne3200-seco-o-humedo-a-pila-990017664/,25489.0,18990.0,1,True
FRA-afeitadora-y-cortadora-de-pelo-5-1-gadni,Fravega,OTRAS,Belleza y Cuidado Personal,Afeitadora y Cortadora de Pelo 5 en 1 Gadnic,https://www.fravega.com/p/afeitadora-y-cortadora-de-pelo-5-1-gadnic-990072104/,84820.0,65246.0,1,True
FRA-afeitadora-y-recortadora-ultracomb-led-6,Fravega,OTRAS,Belleza y Cuidado Personal,Afeitadora Y Recortadora Ultracomb Led 6 Cabezales Bk4918,https://www.fravega.com/p/afeitadora-y-recortadora-ultracomb-led-6-cabezales-bk4918-990275801/,58309.83,33903.9,1,True
FRA-afeitadora-corporal-bacan-by-mantra-razo,Fravega,OTRAS,Belleza y Cuidado Personal,Afeitadora Corporal Bacan by Mantra Razor Body Black,https://www.fravega.com/p/afeitadora-corporal-bacan-by-mantra-razor-body-black-20076122/,119990.0,95992.0,1,True
FRA-afeitadora-philco-ae5205pp-lithium-plus-,Fravega,PHILCO,Belleza y Cuidado Personal,Afeitadora Philco Ae5205pp Lithium Plus Wet & Dry 360°,https://www.fravega.com/p/afeitadora-philco-ae5205pp-lithium-plus-wet--dry-360-20291686/,65999.0,59999.0,1,True
FRA-babyliss-afeitadora-fx01-black-shaver-ba,Fravega,OTRAS,Belleza y Cuidado Personal,Babyliss Afeitadora Fx01 Black Shaver Barberia Inalambrica,https://www.fravega.com/p/babyliss-afeitadora-fx01-black-shaver-barberia-inalambrica-21176247/,157890.0,130490.0,1,True
FRA-repuesto-cabezal-kemei-original-km-2028-,Fravega,OTRAS,Belleza y Cuidado Personal,Repuesto Cabezal Kemei Original km-2028 Dorado,https://www.fravega.com/p/repuesto-cabezal-kemei-original-km-2028-dorado-21253806/,35000.0,22500.0,1,True
FRA-trimmer-gama-italy-gt430-gris-corta-barb,Fravega,GAMA,Belleza y Cuidado Personal,Trimmer Gama Italy Gt430 Gris Corta Barba Y Pelo Compacta De Viaje Inalámbrica Con Peine Regulable,https://www.fravega.com/p/trimmer-gama-italy-gt430-gris-corta-barba-y-pelo-compacta-de-viaje-inalambrica-con-peine-regulable-21961112/,37665.0,22599.0,1,True
FRA-afeitadora-kemei-km-1102-negra-22508218,Fravega,OTRAS,Belleza y Cuidado Personal,Afeitadora Kemei Km-1102 Negra,https://www.fravega.com/p/afeitadora-kemei-km-1102-negra-22508218/,40999.0,34999.0,1,True
FRA-montale-arabians-tonka-eau-de-parfum-3-4,Fravega,OTRAS,Belleza y Cuidado Personal,Montale Arabians Tonka Eau De Parfum 3.4 Onzas,https://www.fravega.com/p/montale-arabians-tonka-eau-de-parfum-3-4-onzas-22597445/,738045.0,479729.0,1,True
FRA-combo-alisado-luminoliss-250gr-shampoo-l,Fravega,OTRAS,Belleza y Cuidado Personal,Combo Alisado Luminoliss 250gr + Shampoo Luminoclean 300gr,https://www.fravega.com/p/combo-alisado-luminoliss-250gr-shampoo-luminoclean-300gr-22859950/,30890.0,25530.0,1,True
FRA-perfume-montale-arabians-tonka-eau-de-pa,Fravega,OTRAS,Belleza y Cuidado Personal,Perfume MONTALE Arabians Tonka Eau De Parfum 100 ml para hom,https://www.fravega.com/p/perfume-montale-arabians-tonka-eau-de-parfum-100-ml-para-hom-22826641/,348761.0,327835.34,1,True
FRA-removedor-de-tinte-para-cabello-color-oo,Fravega,OTRAS,Belleza y Cuidado Personal,Removedor de Tinte para Cabello Color Oops con Acondicionador Extra,https://www.fravega.com/p/removedor-de-tinte-para-cabello-color-oops-con-acondicionador-extra-22721279/,89749.0,58336.85,1,True
FRA-perfume-revlon-charlie-blue-edt-para-muj,Fravega,OTRAS,Belleza y Cuidado Personal,Perfume Revlon Charlie Blue EDT para mujer 100 ml/3.4 fl.oz,https://www.fravega.com/p/perfume-revlon-charlie-blue-edt-para-mujer-100-ml-3-4-fl-oz-22826743/,80664.0,75017.52,1,True
FRA-tableta-samsung-galaxy-tab-s6-lite-sm-p6,Fravega,SAMSUNG,Belleza y Cuidado Personal,Tableta Samsung Galaxy Tab S6 Lite SM-P610N de 64 GB con WiF,https://www.fravega.com/p/tableta-samsung-galaxy-tab-s6-lite-sm-p610n-de-64-gb-con-wif-22833623/,1062811.0,903389.35,1,True
FRA-perfume-jean-paul-gaultier-le-male-elixi,Fravega,OTRAS,Belleza y Cuidado Personal,Perfume Jean Paul Gaultier Le Male Elixir Parfum 125ml,https://www.fravega.com/p/perfume-jean-paul-gaultier-le-male-elixir-parfum-125ml-990153115/,285000.0,228000.0,1,True
FRA-dercos-anticaspa-shampoo-cuero-cabelludo,Fravega,OTRAS,Belleza y Cuidado Personal,Dercos Anticaspa Shampoo Cuero Cabelludo Sensible x 200 ml,https://www.fravega.com/p/dercos-anticaspa-shampoo-cuero-cabelludo-sensible-x-200-ml-21402467/,45024.0,37209.92,1,True
FRA-givenchy-organza-3-3-oz-eau-de-parfum-sp,Fravega,OTRAS,Belleza y Cuidado Personal,Givenchy ORGANZA 3.3 OZ EAU DE PARFUM SPRAY NUEVO,https://www.fravega.com/p/givenchy-organza-3-3-oz-eau-de-parfum-spray-nuevo-22711682/,243540.0,158301.0,1,True
FRA-loreal-paris-everpure-kit-de-champu-y-22,Fravega,OTRAS,Belleza y Cuidado Personal,LOreal Paris EverPure - Kit de champú y,https://www.fravega.com/p/loreal-paris-everpure-kit-de-champu-y-22597966/,104160.0,78120.0,1,True
FRA-perfume-liquid-brun-french-avenue-100ml-,Fravega,OTRAS,Belleza y Cuidado Personal,Perfume Liquid Brun French Avenue 100ml Edp Arabe,https://www.fravega.com/p/perfume-liquid-brun-french-avenue-100ml-edp-arabe-22599035/,137999.0,103499.0,1,True
FRA-dercos-anticaspa-shampoo-cabello-normal-,Fravega,OTRAS,Belleza y Cuidado Personal,Dercos Anticaspa Shampoo Cabello Normal A Graso X 200Ml,https://www.fravega.com/p/dercos-anticaspa-shampoo-cabello-normal-a-graso-x-200ml-21402461/,45024.0,37209.92,1,True
FRA-perfume-armaf-club-de-nuit-precieux-1-ex,Fravega,OTRAS,Belleza y Cuidado Personal,"Perfume Armaf Club De Nuit Precieux, 1 extracto de perfume,",https://www.fravega.com/p/perfume-armaf-club-de-nuit-precieux-1-extracto-de-perfume--22802957/,180435.0,167804.55,1,True
FRA-tangle-teezer-el-mejor-cepillo-desenreda,Fravega,OTRAS,Belleza y Cuidado Personal,"Tangle Teezer , El mejor cepillo desenredante para",https://www.fravega.com/p/tangle-teezer-el-mejor-cepillo-desenredante-para-22659249/,103950.0,77963.0,1,True
FRA-perfume-al-haramain-amber-oud-gold-editi,Fravega,OTRAS,Belleza y Cuidado Personal,Perfume Al Haramain Amber Oud Gold Edition 100,https://www.fravega.com/p/perfume-al-haramain-amber-oud-gold-edition-100-22475032/,160699.0,149450.07,1,True
FRA-serum-capilar-kerastase-nutritive-8hr-ma,Fravega,OTRAS,Belleza y Cuidado Personal,Sérum capilar KERASTASE Nutritive 8HR Magic Night 30 ml,https://www.fravega.com/p/serum-capilar-kerastase-nutritive-8hr-magic-night-30-ml-22908791/,89688.0,86100.48,1,True
FRA-l-eau-d-issey-pour-homme-eau--cedre-edt-,Fravega,OTRAS,Belleza y Cuidado Personal,L'eau d'Issey pour Homme Eau & Cèdre EDT,https://www.fravega.com/p/l-eau-d-issey-pour-homme-eau--cedre-edt-990283321/,268000.0,241200.0,1,True
FRA-shampoo-kerastase-densifique-bain-densit,Fravega,OTRAS,Belleza y Cuidado Personal,Shampoo Kerastase Densifique Bain Densite Hombre 250mL,https://www.fravega.com/p/shampoo-kerastase-densifique-bain-densite-hombre-250ml-22772382/,173176.0,166248.96,1,True
FRA-perfume-dolce--gabbana-the-one-eau-de-pa,Fravega,OTRAS,Belleza y Cuidado Personal,"Perfume Dolce & Gabbana The One Eau de Parfum para hombre, 1",https://www.fravega.com/p/perfume-dolce--gabbana-the-one-eau-de-parfum-para-hombre-1-22803145/,187249.0,174141.57,1,True
FRA-corta-cabello-gama-pro-82-beccp000000066,Fravega,GAMA,Belleza y Cuidado Personal,Corta Cabello Gama Pro 82 (beccp0000000666),https://www.fravega.com/p/corta-cabello-gama-pro-82-beccp0000000666--21626141/,45099.0,40814.0,1,True
FRA-secador-de-pelo-gama-mistral-ceramic-ion,Fravega,GAMA,Belleza y Cuidado Personal,Secador de Pelo GAMA Mistral Ceramic Ion,https://www.fravega.com/p/secador-de-pelo-gama-mistral-ceramic-ion-13349/,74999.0,51999.0,1,True
FRA-planchita-de-pelo-admiral-ad-pl001-ceram,Fravega,OTRAS,Belleza y Cuidado Personal,Planchita de Pelo Admiral AD-PL001 Ceramic 230,https://www.fravega.com/p/planchita-de-pelo-admiral-ad-pl001-ceramic-230-14214/,39999.0,19999.0,1,True
FRA-depiladora-ipl-philips-lumea-prestige-br,Fravega,PHILIPS,Belleza y Cuidado Personal,Depiladora IPL Philips Lumea Prestige BRI947/30,https://www.fravega.com/p/depiladora-ipl-philips-lumea-prestige-bri947-30-13275/,959999.0,659999.0,1,True
FRA-secador-de-pelo-profesional-remington-si,Fravega,REMINGTON,Belleza y Cuidado Personal,Secador de Pelo Profesional Remington Silk AC9096 2400W,https://www.fravega.com/p/secador-de-pelo-profesional-remington-silk-ac9096-2400w-11933/,104999.0,84799.0,1,True
FRA-planchita-de-pelo-gama-elegance-bella-to,Fravega,GAMA,Belleza y Cuidado Personal,Planchita de Pelo GAMA Elegance Bella Tourmaline ION 230°C,https://www.fravega.com/p/planchita-de-pelo-gama-elegance-bella-tourmaline-ion-230c-13040/,69999.0,51999.0,1,True
FRA-depiladora-electrica-philips-bre227-00-1,Fravega,PHILIPS,Belleza y Cuidado Personal,Depiladora Eléctrica Philips BRE227/00,https://www.fravega.com/p/depiladora-electrica-philips-bre227-00-14404/,72999.0,59999.0,1,True
FRA-secador-de-pelo-con-difusor-winco-w4192-,Fravega,OTRAS,Belleza y Cuidado Personal,Secador de Pelo con Difusor Winco W4192 2000 Watts,https://www.fravega.com/p/secador-de-pelo-con-difusor-winco-w4192-2000-watts-14326/,59999.0,32999.0,1,True
FRA-planchita-de-pelo-allure-pl1010ap-titani,Fravega,OTRAS,Belleza y Cuidado Personal,Planchita de Pelo Allure PL1010AP Titanium Ion,https://www.fravega.com/p/planchita-de-pelo-allure-pl1010ap-titanium-ion-13892/,34999.0,22999.0,1,True
FRA-depiladora-ipl-philips-lumea-lumea-advan,Fravega,PHILIPS,Belleza y Cuidado Personal,Depiladora IPL Philips Lumea Lumea Advanced BRI920/30 + Recortador,https://www.fravega.com/p/depiladora-ipl-philips-lumea-lumea-advanced-bri920-30-recortador-13149/,699999.0,439999.0,1,True
FRA-planchita-de-pelo-gama-3d-titanium-blue-,Fravega,GAMA,Belleza y Cuidado Personal,Planchita de Pelo GAMA 3D Titanium Blue,https://www.fravega.com/p/planchita-de-pelo-gama-3d-titanium-blue-13257/,109999.0,89999.0,1,True
FRA-depiladora-facial-con-luz-recargable-usb,Fravega,OTRAS,Belleza y Cuidado Personal,Depiladora Facial Con Luz Recargable Usb Vellos Finos RJ3740 Blanco,https://www.fravega.com/p/depiladora-facial-con-luz-recargable-usb-vellos-finos-rj3740-blanco-22709024/,12829.69,8980.78,1,True
FRA-set-secador-de-pelo-planchita-ceramica-2,Fravega,OTRAS,Belleza y Cuidado Personal,Set Secador De Pelo + Planchita Ceramica 2200w Ultracomb,https://www.fravega.com/p/set-secador-de-pelo-planchita-ceramica-2200w-ultracomb-22630360/,99999.0,57119.0,1,True
FRA-planchita-de-pelo-revlon-rvst2182red-anc,Fravega,OTRAS,Belleza y Cuidado Personal,Planchita de Pelo Revlon RVST2182RED Ancha,https://www.fravega.com/p/planchita-de-pelo-revlon-rvst2182red-ancha-10407/,69999.0,49999.0,1,True
FRA-depiladora-electrica-corporal-gadnic-2-v,Fravega,OTRAS,Belleza y Cuidado Personal,Depiladora Electrica Corporal Gadnic 2 Velocidades,https://www.fravega.com/p/depiladora-electrica-corporal-gadnic-2-velocidades-20057895/,103215.0,79396.0,1,True
FRA-secador-remington-d3015-power-volumen-20,Fravega,REMINGTON,Belleza y Cuidado Personal,Secador Remington D3015 Power Volumen 2000,https://www.fravega.com/p/secador-remington-d3015-power-volumen-2000-12426/,62999.0,49999.0,1,True
FRA-plancha-de-pelo-revlon-rvst2182-220-plac,Fravega,OTRAS,Belleza y Cuidado Personal,Plancha De Pelo Revlon RVST2182 220° Placas 4.5 Cm. Recubrimiento Titanio - Negra,https://www.fravega.com/p/plancha-de-pelo-revlon-rvst2182-220-placas-4-5-cm-recubrimiento-titanio-negra-22502519/,81989.0,53099.0,1,True
FRA-depiladora-philips-satinshave-essential-,Fravega,PHILIPS,Belleza y Cuidado Personal,Depiladora Philips SatinShave Essential HP6306/00 F,https://www.fravega.com/p/depiladora-philips-satinshave-essential-hp6306-00-f-13682/,36499.0,31499.0,1,True
FRA-secador-de-pelo-revlon-rvdr773la2av1-140,Fravega,OTRAS,Belleza y Cuidado Personal,Secador de Pelo Revlon RVDR773LA2AV1,https://www.fravega.com/p/secador-de-pelo-revlon-rvdr773la2av1-14060/,59999.0,44999.0,1,True
FRA-planchita-de-pelo-atma-pl8862np--13415,Fravega,ATMA,Belleza y Cuidado Personal,Planchita de pelo Atma PL8862NP,https://www.fravega.com/p/planchita-de-pelo-atma-pl8862np--13415/,74999.0,49999.0,1,True
FRA-repuesto-cuchillas-x2-para-cortabarba-ph,Fravega,PHILIPS,Belleza y Cuidado Personal,Repuesto Cuchillas x2 para Cortabarba Philips OneBlade,https://www.fravega.com/p/repuesto-cuchillas-x2-para-cortabarba-philips-oneblade-30460/,31499.0,25999.0,1,True
FRA-afeitadora-electrica-inalambrica-philco-,Fravega,PHILCO,Belleza y Cuidado Personal,Afeitadora Eléctrica Inalámbrica Philco AE5105,https://www.fravega.com/p/afeitadora-electrica-inalambrica-philco-ae5105-30464/,54999.0,37999.0,1,True
FRA-afeitadora-philips-s1881-00-serie-1000-u,Fravega,PHILIPS,Belleza y Cuidado Personal,Afeitadora Philips S1881/00 Serie 1000 uso en Húmedo y Seco,https://www.fravega.com/p/afeitadora-philips-s1881-00-serie-1000-uso-humedo-y-seco-30625/,81999.0,65599.0,1,True
FRA-afeitadora-philips-serie-5000-x5012-05-3,Fravega,PHILIPS,Belleza y Cuidado Personal,Afeitadora Philips Serie 5000 X5012/05,https://www.fravega.com/p/afeitadora-philips-serie-5000-x5012-05-30374/,139999.0,103999.0,1,True
FRA-afeitadora-ga-ma-gsh-855-master-double-t,Fravega,OTRAS,Belleza y Cuidado Personal,Afeitadora GA.MA Gsh 855 Master Double Track 50 Minutos Negro,https://www.fravega.com/p/afeitadora-ga-ma-gsh-855-master-double-track-50-minutos-negro-20023046/,24374.0,19499.0,1,True
FRA-recortadora-de-pelo-para-nariz-y-oreja-p,Fravega,PHILIPS,Belleza y Cuidado Personal,Recortadora de Pelo para Nariz y Oreja Philips NT1620/15,https://www.fravega.com/p/recortadora-de-pelo-para-nariz-y-oreja-philips-nt1620-15-30269/,24999.0,22999.0,1,True
FRA-afeitadora-philips-s5898-17-30315,Fravega,PHILIPS,Belleza y Cuidado Personal,Afeitadora Philips S5898/17,https://www.fravega.com/p/afeitadora-philips-s5898-17-30315/,194999.0,184999.0,1,True
FRA-afeitadora-philips-serie-3000-s3882-00-w,Fravega,PHILIPS,Belleza y Cuidado Personal,Afeitadora Philips Serie 3000 S3882/00 Wet & Dry,https://www.fravega.com/p/afeitadora-philips-serie-3000-s3882-00-wet--dry-30616/,143999.0,89999.0,1,True
FRA-recortadora-afeitar-cejas-barba-vk-4803-,Fravega,OTRAS,Belleza y Cuidado Personal,Recortadora Afeitar Cejas Barba Vk-4803 Ultracomb  3 en 1,https://www.fravega.com/p/recortadora-afeitar-cejas-barba-vk-4803-ultracomb-3-1-990275803/,19379.83,11330.89,1,True
FRA-afeitadora-electrica-philips-serie-7000-,Fravega,PHILIPS,Belleza y Cuidado Personal,Afeitadora Eléctrica Philips Serie 7000,https://www.fravega.com/p/afeitadora-electrica-philips-serie-7000-30617/,251999.0,199999.0,1,True
FRA-maquina-multi-afeitadora-gadnic-rzr-9k-d,Fravega,OTRAS,Belleza y Cuidado Personal,Máquina Multi Afeitadora Gadnic RZR 9K Display Digital,https://www.fravega.com/p/maquina-multi-afeitadora-gadnic-rzr-9k-display-digital-990165202/,68094.0,52380.0,1,True
FRA-trimmer-nariz-oido-remington-ne3200-seco,Fravega,REMINGTON,Belleza y Cuidado Personal,Trimmer Nariz Oido Remington Ne3200 En Seco O Humedo A Pila,https://www.fravega.com/p/trimmer-nariz-oido-remington-ne3200-seco-o-humedo-a-pila-990017664/,25489.0,18990.0,1,True
FRA-afeitadora-y-cortadora-de-pelo-5-1-gadni,Fravega,OTRAS,Belleza y Cuidado Personal,Afeitadora y Cortadora de Pelo 5 en 1 Gadnic,https://www.fravega.com/p/afeitadora-y-cortadora-de-pelo-5-1-gadnic-990072104/,84820.0,65246.0,1,True
FRA-afeitadora-y-recortadora-ultracomb-led-6,Fravega,OTRAS,Belleza y Cuidado Personal,Afeitadora Y Recortadora Ultracomb Led 6 Cabezales Bk4918,https://www.fravega.com/p/afeitadora-y-recortadora-ultracomb-led-6-cabezales-bk4918-990275801/,58309.83,33903.9,1,True
FRA-afeitadora-corporal-bacan-by-mantra-razo,Fravega,OTRAS,Belleza y Cuidado Personal,Afeitadora Corporal Bacan by Mantra Razor Body Black,https://www.fravega.com/p/afeitadora-corporal-bacan-by-mantra-razor-body-black-20076122/,119990.0,95992.0,1,True
FRA-afeitadora-philco-ae5205pp-lithium-plus-,Fravega,PHILCO,Belleza y Cuidado Personal,Afeitadora Philco Ae5205pp Lithium Plus Wet & Dry 360°,https://www.fravega.com/p/afeitadora-philco-ae5205pp-lithium-plus-wet--dry-360-20291686/,65999.0,59999.0,1,True
FRA-babyliss-afeitadora-fx01-black-shaver-ba,Fravega,OTRAS,Belleza y Cuidado Personal,Babyliss Afeitadora Fx01 Black Shaver Barberia Inalambrica,https://www.fravega.com/p/babyliss-afeitadora-fx01-black-shaver-barberia-inalambrica-21176247/,157890.0,130490.0,1,True
FRA-repuesto-cabezal-kemei-original-km-2028-,Fravega,OTRAS,Belleza y Cuidado Personal,Repuesto Cabezal Kemei Original km-2028 Dorado,https://www.fravega.com/p/repuesto-cabezal-kemei-original-km-2028-dorado-21253806/,35000.0,22500.0,1,True
FRA-trimmer-gama-italy-gt430-gris-corta-barb,Fravega,GAMA,Belleza y Cuidado Personal,Trimmer Gama Italy Gt430 Gris Corta Barba Y Pelo Compacta De Viaje Inalámbrica Con Peine Regulable,https://www.fravega.com/p/trimmer-gama-italy-gt430-gris-corta-barba-y-pelo-compacta-de-viaje-inalambrica-con-peine-regulable-21961112/,37665.0,22599.0,1,True
FRA-afeitadora-kemei-km-1102-negra-22508218,Fravega,OTRAS,Belleza y Cuidado Personal,Afeitadora Kemei Km-1102 Negra,https://www.fravega.com/p/afeitadora-kemei-km-1102-negra-22508218/,40999.0,34999.0,1,True
FRA-montale-arabians-tonka-eau-de-parfum-3-4,Fravega,OTRAS,Belleza y Cuidado Personal,Montale Arabians Tonka Eau De Parfum 3.4 Onzas,https://www.fravega.com/p/montale-arabians-tonka-eau-de-parfum-3-4-onzas-22597445/,738045.0,479729.0,1,True
FRA-combo-alisado-luminoliss-250gr-shampoo-l,Fravega,OTRAS,Belleza y Cuidado Personal,Combo Alisado Luminoliss 250gr + Shampoo Luminoclean 300gr,https://www.fravega.com/p/combo-alisado-luminoliss-250gr-shampoo-luminoclean-300gr-22859950/,30890.0,25530.0,1,True
FRA-perfume-montale-arabians-tonka-eau-de-pa,Fravega,OTRAS,Belleza y Cuidado Personal,Perfume MONTALE Arabians Tonka Eau De Parfum 100 ml para hom,https://www.fravega.com/p/perfume-montale-arabians-tonka-eau-de-parfum-100-ml-para-hom-22826641/,348761.0,327835.34,1,True
FRA-removedor-de-tinte-para-cabello-color-oo,Fravega,OTRAS,Belleza y Cuidado Personal,Removedor de Tinte para Cabello Color Oops con Acondicionador Extra,https://www.fravega.com/p/removedor-de-tinte-para-cabello-color-oops-con-acondicionador-extra-22721279/,89749.0,58336.85,1,True
FRA-perfume-revlon-charlie-blue-edt-para-muj,Fravega,OTRAS,Belleza y Cuidado Personal,Perfume Revlon Charlie Blue EDT para mujer 100 ml/3.4 fl.oz,https://www.fravega.com/p/perfume-revlon-charlie-blue-edt-para-mujer-100-ml-3-4-fl-oz-22826743/,80664.0,75017.52,1,True
FRA-tableta-samsung-galaxy-tab-s6-lite-sm-p6,Fravega,SAMSUNG,Belleza y Cuidado Personal,Tableta Samsung Galaxy Tab S6 Lite SM-P610N de 64 GB con WiF,https://www.fravega.com/p/tableta-samsung-galaxy-tab-s6-lite-sm-p610n-de-64-gb-con-wif-22833623/,1062811.0,903389.35,1,True
FRA-perfume-jean-paul-gaultier-le-male-elixi,Fravega,OTRAS,Belleza y Cuidado Personal,Perfume Jean Paul Gaultier Le Male Elixir Parfum 125ml,https://www.fravega.com/p/perfume-jean-paul-gaultier-le-male-elixir-parfum-125ml-990153115/,285000.0,228000.0,1,True
FRA-dercos-anticaspa-shampoo-cuero-cabelludo,Fravega,OTRAS,Belleza y Cuidado Personal,Dercos Anticaspa Shampoo Cuero Cabelludo Sensible x 200 ml,https://www.fravega.com/p/dercos-anticaspa-shampoo-cuero-cabelludo-sensible-x-200-ml-21402467/,45024.0,37209.92,1,True
FRA-givenchy-organza-3-3-oz-eau-de-parfum-sp,Fravega,OTRAS,Belleza y Cuidado Personal,Givenchy ORGANZA 3.3 OZ EAU DE PARFUM SPRAY NUEVO,https://www.fravega.com/p/givenchy-organza-3-3-oz-eau-de-parfum-spray-nuevo-22711682/,243540.0,158301.0,1,True
FRA-loreal-paris-everpure-kit-de-champu-y-22,Fravega,OTRAS,Belleza y Cuidado Personal,LOreal Paris EverPure - Kit de champú y,https://www.fravega.com/p/loreal-paris-everpure-kit-de-champu-y-22597966/,104160.0,78120.0,1,True
FRA-perfume-liquid-brun-french-avenue-100ml-,Fravega,OTRAS,Belleza y Cuidado Personal,Perfume Liquid Brun French Avenue 100ml Edp Arabe,https://www.fravega.com/p/perfume-liquid-brun-french-avenue-100ml-edp-arabe-22599035/,137999.0,103499.0,1,True
FRA-dercos-anticaspa-shampoo-cabello-normal-,Fravega,OTRAS,Belleza y Cuidado Personal,Dercos Anticaspa Shampoo Cabello Normal A Graso X 200Ml,https://www.fravega.com/p/dercos-anticaspa-shampoo-cabello-normal-a-graso-x-200ml-21402461/,45024.0,37209.92,1,True
FRA-perfume-armaf-club-de-nuit-precieux-1-ex,Fravega,OTRAS,Belleza y Cuidado Personal,"Perfume Armaf Club De Nuit Precieux, 1 extracto de perfume,",https://www.fravega.com/p/perfume-armaf-club-de-nuit-precieux-1-extracto-de-perfume--22802957/,180435.0,167804.55,1,True
FRA-tangle-teezer-el-mejor-cepillo-desenreda,Fravega,OTRAS,Belleza y Cuidado Personal,"Tangle Teezer , El mejor cepillo desenredante para",https://www.fravega.com/p/tangle-teezer-el-mejor-cepillo-desenredante-para-22659249/,103950.0,77963.0,1,True
FRA-perfume-al-haramain-amber-oud-gold-editi,Fravega,OTRAS,Belleza y Cuidado Personal,Perfume Al Haramain Amber Oud Gold Edition 100,https://www.fravega.com/p/perfume-al-haramain-amber-oud-gold-edition-100-22475032/,160699.0,149450.07,1,True
FRA-serum-capilar-kerastase-nutritive-8hr-ma,Fravega,OTRAS,Belleza y Cuidado Personal,Sérum capilar KERASTASE Nutritive 8HR Magic Night 30 ml,https://www.fravega.com/p/serum-capilar-kerastase-nutritive-8hr-magic-night-30-ml-22908791/,89688.0,86100.48,1,True
FRA-l-eau-d-issey-pour-homme-eau--cedre-edt-,Fravega,OTRAS,Belleza y Cuidado Personal,L'eau d'Issey pour Homme Eau & Cèdre EDT,https://www.fravega.com/p/l-eau-d-issey-pour-homme-eau--cedre-edt-990283321/,268000.0,241200.0,1,True
FRA-shampoo-kerastase-densifique-bain-densit,Fravega,OTRAS,Belleza y Cuidado Personal,Shampoo Kerastase Densifique Bain Densite Hombre 250mL,https://www.fravega.com/p/shampoo-kerastase-densifique-bain-densite-hombre-250ml-22772382/,173176.0,166248.96,1,True
FRA-perfume-dolce--gabbana-the-one-eau-de-pa,Fravega,OTRAS,Belleza y Cuidado Personal,"Perfume Dolce & Gabbana The One Eau de Parfum para hombre, 1",https://www.fravega.com/p/perfume-dolce--gabbana-the-one-eau-de-parfum-para-hombre-1-22803145/,187249.0,174141.57,1,True
FRA-corta-cabello-gama-pro-82-beccp000000066,Fravega,GAMA,Belleza y Cuidado Personal,Corta Cabello Gama Pro 82 (beccp0000000666),https://www.fravega.com/p/corta-cabello-gama-pro-82-beccp0000000666--21626141/,45099.0,40814.0,1,True
FRA-secador-de-pelo-gama-mistral-ceramic-ion,Fravega,GAMA,Belleza y Cuidado Personal,Secador de Pelo GAMA Mistral Ceramic Ion,https://www.fravega.com/p/secador-de-pelo-gama-mistral-ceramic-ion-13349/,74999.0,51999.0,1,True
FRA-planchita-de-pelo-admiral-ad-pl001-ceram,Fravega,OTRAS,Belleza y Cuidado Personal,Planchita de Pelo Admiral AD-PL001 Ceramic 230,https://www.fravega.com/p/planchita-de-pelo-admiral-ad-pl001-ceramic-230-14214/,39999.0,19999.0,1,True
FRA-depiladora-ipl-philips-lumea-prestige-br,Fravega,PHILIPS,Belleza y Cuidado Personal,Depiladora IPL Philips Lumea Prestige BRI947/30,https://www.fravega.com/p/depiladora-ipl-philips-lumea-prestige-bri947-30-13275/,959999.0,659999.0,1,True
FRA-secador-de-pelo-profesional-remington-si,Fravega,REMINGTON,Belleza y Cuidado Personal,Secador de Pelo Profesional Remington Silk AC9096 2400W,https://www.fravega.com/p/secador-de-pelo-profesional-remington-silk-ac9096-2400w-11933/,104999.0,84799.0,1,True
FRA-planchita-de-pelo-gama-elegance-bella-to,Fravega,GAMA,Belleza y Cuidado Personal,Planchita de Pelo GAMA Elegance Bella Tourmaline ION 230°C,https://www.fravega.com/p/planchita-de-pelo-gama-elegance-bella-tourmaline-ion-230c-13040/,69999.0,51999.0,1,True
FRA-depiladora-electrica-philips-bre227-00-1,Fravega,PHILIPS,Belleza y Cuidado Personal,Depiladora Eléctrica Philips BRE227/00,https://www.fravega.com/p/depiladora-electrica-philips-bre227-00-14404/,72999.0,59999.0,1,True
FRA-secador-de-pelo-con-difusor-winco-w4192-,Fravega,OTRAS,Belleza y Cuidado Personal,Secador de Pelo con Difusor Winco W4192 2000 Watts,https://www.fravega.com/p/secador-de-pelo-con-difusor-winco-w4192-2000-watts-14326/,59999.0,32999.0,1,True
FRA-planchita-de-pelo-allure-pl1010ap-titani,Fravega,OTRAS,Belleza y Cuidado Personal,Planchita de Pelo Allure PL1010AP Titanium Ion,https://www.fravega.com/p/planchita-de-pelo-allure-pl1010ap-titanium-ion-13892/,34999.0,22999.0,1,True
FRA-depiladora-ipl-philips-lumea-lumea-advan,Fravega,PHILIPS,Belleza y Cuidado Personal,Depiladora IPL Philips Lumea Lumea Advanced BRI920/30 + Recortador,https://www.fravega.com/p/depiladora-ipl-philips-lumea-lumea-advanced-bri920-30-recortador-13149/,699999.0,439999.0,1,True
FRA-planchita-de-pelo-gama-3d-titanium-blue-,Fravega,GAMA,Belleza y Cuidado Personal,Planchita de Pelo GAMA 3D Titanium Blue,https://www.fravega.com/p/planchita-de-pelo-gama-3d-titanium-blue-13257/,109999.0,89999.0,1,True
FRA-depiladora-facial-con-luz-recargable-usb,Fravega,OTRAS,Belleza y Cuidado Personal,Depiladora Facial Con Luz Recargable Usb Vellos Finos RJ3740 Blanco,https://www.fravega.com/p/depiladora-facial-con-luz-recargable-usb-vellos-finos-rj3740-blanco-22709024/,12829.69,8980.78,1,True
FRA-set-secador-de-pelo-planchita-ceramica-2,Fravega,OTRAS,Belleza y Cuidado Personal,Set Secador De Pelo + Planchita Ceramica 2200w Ultracomb,https://www.fravega.com/p/set-secador-de-pelo-planchita-ceramica-2200w-ultracomb-22630360/,99999.0,57119.0,1,True
FRA-planchita-de-pelo-revlon-rvst2182red-anc,Fravega,OTRAS,Belleza y Cuidado Personal,Planchita de Pelo Revlon RVST2182RED Ancha,https://www.fravega.com/p/planchita-de-pelo-revlon-rvst2182red-ancha-10407/,69999.0,49999.0,1,True
FRA-depiladora-electrica-corporal-gadnic-2-v,Fravega,OTRAS,Belleza y Cuidado Personal,Depiladora Electrica Corporal Gadnic 2 Velocidades,https://www.fravega.com/p/depiladora-electrica-corporal-gadnic-2-velocidades-20057895/,103215.0,79396.0,1,True
FRA-secador-remington-d3015-power-volumen-20,Fravega,REMINGTON,Belleza y Cuidado Personal,Secador Remington D3015 Power Volumen 2000,https://www.fravega.com/p/secador-remington-d3015-power-volumen-2000-12426/,62999.0,49999.0,1,True
FRA-plancha-de-pelo-revlon-rvst2182-220-plac,Fravega,OTRAS,Belleza y Cuidado Personal,Plancha De Pelo Revlon RVST2182 220° Placas 4.5 Cm. Recubrimiento Titanio - Negra,https://www.fravega.com/p/plancha-de-pelo-revlon-rvst2182-220-placas-4-5-cm-recubrimiento-titanio-negra-22502519/,81989.0,53099.0,1,True
FRA-depiladora-philips-satinshave-essential-,Fravega,PHILIPS,Belleza y Cuidado Personal,Depiladora Philips SatinShave Essential HP6306/00 F,https://www.fravega.com/p/depiladora-philips-satinshave-essential-hp6306-00-f-13682/,36499.0,31499.0,1,True
FRA-secador-de-pelo-revlon-rvdr773la2av1-140,Fravega,OTRAS,Belleza y Cuidado Personal,Secador de Pelo Revlon RVDR773LA2AV1,https://www.fravega.com/p/secador-de-pelo-revlon-rvdr773la2av1-14060/,59999.0,44999.0,1,True
FRA-planchita-de-pelo-atma-pl8862np--13415,Fravega,ATMA,Belleza y Cuidado Personal,Planchita de pelo Atma PL8862NP,https://www.fravega.com/p/planchita-de-pelo-atma-pl8862np--13415/,74999.0,49999.0,1,True
FRA-repuesto-cuchillas-x2-para-cortabarba-ph,Fravega,PHILIPS,Belleza y Cuidado Personal,Repuesto Cuchillas x2 para Cortabarba Philips OneBlade,https://www.fravega.com/p/repuesto-cuchillas-x2-para-cortabarba-philips-oneblade-30460/,31499.0,25999.0,1,True
FRA-afeitadora-electrica-inalambrica-philco-,Fravega,PHILCO,Belleza y Cuidado Personal,Afeitadora Eléctrica Inalámbrica Philco AE5105,https://www.fravega.com/p/afeitadora-electrica-inalambrica-philco-ae5105-30464/,54999.0,37999.0,1,True
FRA-afeitadora-philips-s1881-00-serie-1000-u,Fravega,PHILIPS,Belleza y Cuidado Personal,Afeitadora Philips S1881/00 Serie 1000 uso en Húmedo y Seco,https://www.fravega.com/p/afeitadora-philips-s1881-00-serie-1000-uso-humedo-y-seco-30625/,81999.0,65599.0,1,True
FRA-afeitadora-philips-serie-5000-x5012-05-3,Fravega,PHILIPS,Belleza y Cuidado Personal,Afeitadora Philips Serie 5000 X5012/05,https://www.fravega.com/p/afeitadora-philips-serie-5000-x5012-05-30374/,139999.0,103999.0,1,True
FRA-afeitadora-ga-ma-gsh-855-master-double-t,Fravega,OTRAS,Belleza y Cuidado Personal,Afeitadora GA.MA Gsh 855 Master Double Track 50 Minutos Negro,https://www.fravega.com/p/afeitadora-ga-ma-gsh-855-master-double-track-50-minutos-negro-20023046/,24374.0,19499.0,1,True
FRA-recortadora-de-pelo-para-nariz-y-oreja-p,Fravega,PHILIPS,Belleza y Cuidado Personal,Recortadora de Pelo para Nariz y Oreja Philips NT1620/15,https://www.fravega.com/p/recortadora-de-pelo-para-nariz-y-oreja-philips-nt1620-15-30269/,24999.0,22999.0,1,True
FRA-afeitadora-philips-s5898-17-30315,Fravega,PHILIPS,Belleza y Cuidado Personal,Afeitadora Philips S5898/17,https://www.fravega.com/p/afeitadora-philips-s5898-17-30315/,194999.0,184999.0,1,True
FRA-afeitadora-philips-serie-3000-s3882-00-w,Fravega,PHILIPS,Belleza y Cuidado Personal,Afeitadora Philips Serie 3000 S3882/00 Wet & Dry,https://www.fravega.com/p/afeitadora-philips-serie-3000-s3882-00-wet--dry-30616/,143999.0,89999.0,1,True
FRA-recortadora-afeitar-cejas-barba-vk-4803-,Fravega,OTRAS,Belleza y Cuidado Personal,Recortadora Afeitar Cejas Barba Vk-4803 Ultracomb  3 en 1,https://www.fravega.com/p/recortadora-afeitar-cejas-barba-vk-4803-ultracomb-3-1-990275803/,19379.83,11330.89,1,True
FRA-afeitadora-electrica-philips-serie-7000-,Fravega,PHILIPS,Belleza y Cuidado Personal,Afeitadora Eléctrica Philips Serie 7000,https://www.fravega.com/p/afeitadora-electrica-philips-serie-7000-30617/,251999.0,199999.0,1,True
FRA-maquina-multi-afeitadora-gadnic-rzr-9k-d,Fravega,OTRAS,Belleza y Cuidado Personal,Máquina Multi Afeitadora Gadnic RZR 9K Display Digital,https://www.fravega.com/p/maquina-multi-afeitadora-gadnic-rzr-9k-display-digital-990165202/,68094.0,52380.0,1,True
FRA-trimmer-nariz-oido-remington-ne3200-seco,Fravega,REMINGTON,Belleza y Cuidado Personal,Trimmer Nariz Oido Remington Ne3200 En Seco O Humedo A Pila,https://www.fravega.com/p/trimmer-nariz-oido-remington-ne3200-seco-o-humedo-a-pila-990017664/,25489.0,18990.0,1,True
FRA-afeitadora-y-cortadora-de-pelo-5-1-gadni,Fravega,OTRAS,Belleza y Cuidado Personal,Afeitadora y Cortadora de Pelo 5 en 1 Gadnic,https://www.fravega.com/p/afeitadora-y-cortadora-de-pelo-5-1-gadnic-990072104/,84820.0,65246.0,1,True
FRA-afeitadora-y-recortadora-ultracomb-led-6,Fravega,OTRAS,Belleza y Cuidado Personal,Afeitadora Y Recortadora Ultracomb Led 6 Cabezales Bk4918,https://www.fravega.com/p/afeitadora-y-recortadora-ultracomb-led-6-cabezales-bk4918-990275801/,58309.83,33903.9,1,True
FRA-afeitadora-corporal-bacan-by-mantra-razo,Fravega,OTRAS,Belleza y Cuidado Personal,Afeitadora Corporal Bacan by Mantra Razor Body Black,https://www.fravega.com/p/afeitadora-corporal-bacan-by-mantra-razor-body-black-20076122/,119990.0,95992.0,1,True
FRA-afeitadora-philco-ae5205pp-lithium-plus-,Fravega,PHILCO,Belleza y Cuidado Personal,Afeitadora Philco Ae5205pp Lithium Plus Wet & Dry 360°,https://www.fravega.com/p/afeitadora-philco-ae5205pp-lithium-plus-wet--dry-360-20291686/,65999.0,59999.0,1,True
FRA-babyliss-afeitadora-fx01-black-shaver-ba,Fravega,OTRAS,Belleza y Cuidado Personal,Babyliss Afeitadora Fx01 Black Shaver Barberia Inalambrica,https://www.fravega.com/p/babyliss-afeitadora-fx01-black-shaver-barberia-inalambrica-21176247/,157890.0,130490.0,1,True
FRA-repuesto-cabezal-kemei-original-km-2028-,Fravega,OTRAS,Belleza y Cuidado Personal,Repuesto Cabezal Kemei Original km-2028 Dorado,https://www.fravega.com/p/repuesto-cabezal-kemei-original-km-2028-dorado-21253806/,35000.0,22500.0,1,True
FRA-trimmer-gama-italy-gt430-gris-corta-barb,Fravega,GAMA,Belleza y Cuidado Personal,Trimmer Gama Italy Gt430 Gris Corta Barba Y Pelo Compacta De Viaje Inalámbrica Con Peine Regulable,https://www.fravega.com/p/trimmer-gama-italy-gt430-gris-corta-barba-y-pelo-compacta-de-viaje-inalambrica-con-peine-regulable-21961112/,37665.0,22599.0,1,True
FRA-afeitadora-kemei-km-1102-negra-22508218,Fravega,OTRAS,Belleza y Cuidado Personal,Afeitadora Kemei Km-1102 Negra,https://www.fravega.com/p/afeitadora-kemei-km-1102-negra-22508218/,40999.0,34999.0,1,True
FRA-montale-arabians-tonka-eau-de-parfum-3-4,Fravega,OTRAS,Belleza y Cuidado Personal,Montale Arabians Tonka Eau De Parfum 3.4 Onzas,https://www.fravega.com/p/montale-arabians-tonka-eau-de-parfum-3-4-onzas-22597445/,738045.0,479729.0,1,True
FRA-combo-alisado-luminoliss-250gr-shampoo-l,Fravega,OTRAS,Belleza y Cuidado Personal,Combo Alisado Luminoliss 250gr + Shampoo Luminoclean 300gr,https://www.fravega.com/p/combo-alisado-luminoliss-250gr-shampoo-luminoclean-300gr-22859950/,30890.0,25530.0,1,True
FRA-perfume-montale-arabians-tonka-eau-de-pa,Fravega,OTRAS,Belleza y Cuidado Personal,Perfume MONTALE Arabians Tonka Eau De Parfum 100 ml para hom,https://www.fravega.com/p/perfume-montale-arabians-tonka-eau-de-parfum-100-ml-para-hom-22826641/,348761.0,327835.34,1,True
FRA-removedor-de-tinte-para-cabello-color-oo,Fravega,OTRAS,Belleza y Cuidado Personal,Removedor de Tinte para Cabello Color Oops con Acondicionador Extra,https://www.fravega.com/p/removedor-de-tinte-para-cabello-color-oops-con-acondicionador-extra-22721279/,89749.0,58336.85,1,True
FRA-perfume-revlon-charlie-blue-edt-para-muj,Fravega,OTRAS,Belleza y Cuidado Personal,Perfume Revlon Charlie Blue EDT para mujer 100 ml/3.4 fl.oz,https://www.fravega.com/p/perfume-revlon-charlie-blue-edt-para-mujer-100-ml-3-4-fl-oz-22826743/,80664.0,75017.52,1,True
FRA-tableta-samsung-galaxy-tab-s6-lite-sm-p6,Fravega,SAMSUNG,Belleza y Cuidado Personal,Tableta Samsung Galaxy Tab S6 Lite SM-P610N de 64 GB con WiF,https://www.fravega.com/p/tableta-samsung-galaxy-tab-s6-lite-sm-p610n-de-64-gb-con-wif-22833623/,1062811.0,903389.35,1,True
FRA-perfume-jean-paul-gaultier-le-male-elixi,Fravega,OTRAS,Belleza y Cuidado Personal,Perfume Jean Paul Gaultier Le Male Elixir Parfum 125ml,https://www.fravega.com/p/perfume-jean-paul-gaultier-le-male-elixir-parfum-125ml-990153115/,285000.0,228000.0,1,True
FRA-dercos-anticaspa-shampoo-cuero-cabelludo,Fravega,OTRAS,Belleza y Cuidado Personal,Dercos Anticaspa Shampoo Cuero Cabelludo Sensible x 200 ml,https://www.fravega.com/p/dercos-anticaspa-shampoo-cuero-cabelludo-sensible-x-200-ml-21402467/,45024.0,37209.92,1,True
FRA-givenchy-organza-3-3-oz-eau-de-parfum-sp,Fravega,OTRAS,Belleza y Cuidado Personal,Givenchy ORGANZA 3.3 OZ EAU DE PARFUM SPRAY NUEVO,https://www.fravega.com/p/givenchy-organza-3-3-oz-eau-de-parfum-spray-nuevo-22711682/,243540.0,158301.0,1,True
FRA-loreal-paris-everpure-kit-de-champu-y-22,Fravega,OTRAS,Belleza y Cuidado Personal,LOreal Paris EverPure - Kit de champú y,https://www.fravega.com/p/loreal-paris-everpure-kit-de-champu-y-22597966/,104160.0,78120.0,1,True
FRA-perfume-liquid-brun-french-avenue-100ml-,Fravega,OTRAS,Belleza y Cuidado Personal,Perfume Liquid Brun French Avenue 100ml Edp Arabe,https://www.fravega.com/p/perfume-liquid-brun-french-avenue-100ml-edp-arabe-22599035/,137999.0,103499.0,1,True
FRA-dercos-anticaspa-shampoo-cabello-normal-,Fravega,OTRAS,Belleza y Cuidado Personal,Dercos Anticaspa Shampoo Cabello Normal A Graso X 200Ml,https://www.fravega.com/p/dercos-anticaspa-shampoo-cabello-normal-a-graso-x-200ml-21402461/,45024.0,37209.92,1,True
FRA-perfume-armaf-club-de-nuit-precieux-1-ex,Fravega,OTRAS,Belleza y Cuidado Personal,"Perfume Armaf Club De Nuit Precieux, 1 extracto de perfume,",https://www.fravega.com/p/perfume-armaf-club-de-nuit-precieux-1-extracto-de-perfume--22802957/,180435.0,167804.55,1,True
FRA-tangle-teezer-el-mejor-cepillo-desenreda,Fravega,OTRAS,Belleza y Cuidado Personal,"Tangle Teezer , El mejor cepillo desenredante para",https://www.fravega.com/p/tangle-teezer-el-mejor-cepillo-desenredante-para-22659249/,103950.0,77963.0,1,True
FRA-perfume-al-haramain-amber-oud-gold-editi,Fravega,OTRAS,Belleza y Cuidado Personal,Perfume Al Haramain Amber Oud Gold Edition 100,https://www.fravega.com/p/perfume-al-haramain-amber-oud-gold-edition-100-22475032/,160699.0,149450.07,1,True
FRA-serum-capilar-kerastase-nutritive-8hr-ma,Fravega,OTRAS,Belleza y Cuidado Personal,Sérum capilar KERASTASE Nutritive 8HR Magic Night 30 ml,https://www.fravega.com/p/serum-capilar-kerastase-nutritive-8hr-magic-night-30-ml-22908791/,89688.0,86100.48,1,True
FRA-shampoo-kerastase-densifique-bain-densit,Fravega,OTRAS,Belleza y Cuidado Personal,Shampoo Kerastase Densifique Bain Densite Hombre 250mL,https://www.fravega.com/p/shampoo-kerastase-densifique-bain-densite-hombre-250ml-22772382/,173176.0,166248.96,1,True
FRA-perfume-dolce--gabbana-the-one-eau-de-pa,Fravega,OTRAS,Belleza y Cuidado Personal,"Perfume Dolce & Gabbana The One Eau de Parfum para hombre, 1",https://www.fravega.com/p/perfume-dolce--gabbana-the-one-eau-de-parfum-para-hombre-1-22803145/,187249.0,174141.57,1,True
FRA-corta-cabello-gama-pro-82-beccp000000066,Fravega,GAMA,Belleza y Cuidado Personal,Corta Cabello Gama Pro 82 (beccp0000000666),https://www.fravega.com/p/corta-cabello-gama-pro-82-beccp0000000666--21626141/,45099.0,40814.0,1,True
FRA-griferia-cocina-moderna-canilla-monocoma,Fravega,OTRAS,Herramientas,Grifería Cocina Moderna Canilla Monocomando Extensible Negro Mate Waggs,https://www.fravega.com/p/griferia-cocina-moderna-canilla-monocomando-extensible-negro-mate-waggs-22084863/,111986.0,62399.0,1,True
FRA-kit-de-herramientas-daewoo-set-96-pzs-da,Fravega,OTRAS,Herramientas,Kit de Herramientas Daewoo Set 96 Pzs DAHTS96 Tubos c/ Maletín,https://www.fravega.com/p/kit-de-herramientas-daewoo-set-96-pzs-dahts96-tubos-c-maletin-311011/,129999.0,89999.0,1,True
FRA-griferia-eurogrif-monocomando-cocina-roc,Fravega,OTRAS,Herramientas,Griferia Eurogrif Monocomando Cocina Rociador Flexible Gourmet,https://www.fravega.com/p/griferia-eurogrif-monocomando-cocina-rociador-flexible-gourmet-311354/,59999.0,49999.0,1,True
FRA-griferia-mezcladora-pico-curva-abieta-es,Fravega,OTRAS,Herramientas,Griferia Mezcladora Pico Curva Abieta Estrella GF032,https://www.fravega.com/p/griferia-mezcladora-pico-curva-abieta-estrella-gf032-22742469/,27500.0,19000.0,1,True
FRA-kit-de-herramientas-daewoo-set-108-pzs-d,Fravega,OTRAS,Herramientas,Kit de Herramientas Daewoo Set 108 Pzs DWS108B Llaves Tubo Criquet,https://www.fravega.com/p/kit-de-herramientas-daewoo-set-108-pzs-dws108b-llaves-tubo-criquet-311001/,124999.0,99999.0,1,True
FRA-bomba-periferica-elevadora-lusqtoff-cpm1,Fravega,HP,Herramientas,Bomba Periférica Elevadora Lusqtoff Cpm150 0.5hp 35l/min 220,https://www.fravega.com/p/bomba-periferica-elevadora-lusqtoff-cpm150-0-5hp-35l-min-220-990019877/,75999.0,59999.0,1,True
FRA-generador-electrico-2500w-verde-y-negro-,Fravega,OTRAS,Herramientas,Generador Eléctrico 2500W Verde y Negro GE-PH2500AL,https://www.fravega.com/p/generador-electrico-2500w-verde-y-negro-ge-ph2500al-990237621/,389399.0,267999.0,1,True
FRA-escalera-articulada-black-decker-4x4-16-,Fravega,BLACK+DECKER,Herramientas,Escalera Articulada Black+decker 4x4 16 Escalones,https://www.fravega.com/p/escalera-articulada-black-decker-4x4-16-escalones-22605136/,249986.11,209988.33,1,True
FRA-rotomartillo-stanley-sthr1232k-ar-311124,Fravega,OTRAS,Herramientas,Rotomartillo Stanley STHR1232K-AR,https://www.fravega.com/p/rotomartillo-stanley-sthr1232k-ar-311124/,399999.0,299999.0,1,True
FRA-pistola-de-pintura-daewoo-hvlp-600ml-dw9,Fravega,OTRAS,Herramientas,Pistola de Pintura Daewoo HVLP 600ml DW9U,https://www.fravega.com/p/pistola-de-pintura-daewoo-hvlp-600ml-dw9u-310771/,69999.0,39999.0,1,True
FRA-flor-ducha-cuadrada-cano-brazo-cromado-a,Fravega,ACER,Herramientas,Flor Ducha Cuadrada + Caño Brazo Cromado Acero Inoxidable,https://www.fravega.com/p/flor-ducha-cuadrada-cano-brazo-cromado-acero-inoxidable-21453607/,26951.63,19166.66,1,True
FRA-revestimiento-wall-panel-decorativo-pare,Fravega,OTRAS,Herramientas,"Revestimiento Wall Panel Decorativo Pared Varillado Acanalado Eps Sólido Liston De 290x1,2x12cm Acabado Mate Color Teka Marca Homeco.",https://www.fravega.com/p/revestimiento-wall-panel-decorativo-pared-varillado-acanalado-eps-solido-liston-de-290x1-2x12cm-acabado-mate-color-teka-marca-homeco--22716869/,16534.39,13599.0,1,True
FRA-set-herramientas-manuales-black--decker-,Fravega,OTRAS,Herramientas,Set Herramientas Manuales Black & Decker 152 Pzs BMT152C-AR,https://www.fravega.com/p/set-herramientas-manuales-black--decker-152-pzs-bmt152c-ar-310584/,94999.0,69999.0,1,True
FRA-amoladora-angular-black--decker-g720n-ar,Fravega,OTRAS,Herramientas,Amoladora Angular Black & Decker G720N-AR,https://www.fravega.com/p/amoladora-angular-black--decker-g720n-ar-310339/,72999.0,64999.0,1,True
FRA-amoladora-bosch-gws-700-professional-115,Fravega,BOSCH,Herramientas,Amoladora Bosch GWS 700 Professional 115mm 12000 RPM 220v,https://www.fravega.com/p/amoladora-bosch-gws-700-professional-115mm-12000-rpm-220v-310453/,124999.0,84999.0,1,True
FRA-motosierra-explosicion-52cc-espada-50cm-,Fravega,LG,Herramientas,Motosierra Explosicion 52cc Espada 50cm 20 PuLG Motor 2.5hp,https://www.fravega.com/p/motosierra-explosicion-52cc-espada-50cm-20-pulg-motor-2-5hp-22808505/,209248.76,111759.0,1,True
FRA-escalera-de-aluminio-4x4-articulada-16-e,Fravega,OTRAS,Herramientas,"Escalera de Aluminio 4x4 Articulada 16 Escalones Garden Life Negra Multipropósito 4,35 mts",https://www.fravega.com/p/escalera-de-aluminio-4x4-articulada-16-escalones-garden-life-negra-multiproposito-4-35-mts-310998/,244999.0,159999.0,1,True
FRA-revestimiento-wall-panel-decorativo-pare,Fravega,OTRAS,Herramientas,"Revestimiento Wall Panel Decorativo Pared Varillado Acanalado Eps Sólido Liston De 290x1,2x12cm Acabado Mate Color Roble Marca Homeco.",https://www.fravega.com/p/revestimiento-wall-panel-decorativo-pared-varillado-acanalado-eps-solido-liston-de-290x1-2x12cm-acabado-mate-color-roble-marca-homeco--22716868/,16534.39,13599.0,1,True
FRA-hidrolavadora-karcher-1300w-k-compacta-2,Fravega,OTRAS,Herramientas,Hidrolavadora Karcher 1300w K Compacta 220v Alta Presión Autostop,https://www.fravega.com/p/hidrolavadora-karcher-1300w-k-compacta-220v-alta-presion-autostop-311113/,199999.0,139999.0,1,True
FRA-revestimiento-wall-panel-decorativo-pare,Fravega,OTRAS,Herramientas,"Revestimiento Wall Panel Decorativo Pared Varillado Acanalado Eps Sólido Liston De 290x1,2x12cm Acabado Mate Color BlancoMarca Homeco.",https://www.fravega.com/p/revestimiento-wall-panel-decorativo-pared-varillado-acanalado-eps-solido-liston-de-290x1-2x12cm-acabado-mate-color-blancomarca-homeco--22716870/,16534.39,13599.0,1,True
FRA-amoladora-angular-taladro-percutor-daewo,Fravega,OTRAS,Herramientas,Amoladora Angular + Taladro Percutor Daewoo 750w Combo Pack,https://www.fravega.com/p/amoladora-angular-taladro-percutor-daewoo-750w-combo-pack-311188/,129999.0,77999.0,1,True
FRA-bomba-presurizadora-120w-2-banos-vasser-,Fravega,OTRAS,Herramientas,Bomba Presurizadora 120w 2 Banos Vasser By Motorarg Presion,https://www.fravega.com/p/bomba-presurizadora-120w-2-banos-vasser-by-motorarg-presion-22744477/,84800.8,47869.0,1,True
FRA-rotomartillo-taladro-percutor-lusqtoff-8,Fravega,OTRAS,Herramientas,Rotomartillo Taladro Percutor Lusqtoff 850W SDS Plus RML850-7,https://www.fravega.com/p/rotomartillo-taladro-percutor-lusqtoff-850w-sds-plus-rml850-7-22631705/,149856.0,82559.0,1,True
FRA-hidrolavadora-philco-pro-1400w-110bar-co,Fravega,PHILCO,Herramientas,Hidrolavadora Philco Pro 1400w 110bar con Autostop,https://www.fravega.com/p/hidrolavadora-philco-pro-1400w-110bar-con-autostop-311251/,149999.0,99999.0,1,True
FRA-hidrolavadora-admiral-1400w-110-bar-con-,Fravega,OTRAS,Herramientas,Hidrolavadora Admiral 1400w 110 Bar con Autostop + Accesorios Alta Presión,https://www.fravega.com/p/hidrolavadora-admiral-1400w-110-bar-con-autostop-accesorios-alta-presion-311358/,149999.0,99999.0,1,True
FRA-hidrolavadora-daewoo-inalambrica-dax65-l,Fravega,OTRAS,Herramientas,Hidrolavadora Daewoo Inalámbrica DAX65-LI Pistola Portátil c/ Maletín y 2 Baterías,https://www.fravega.com/p/hidrolavadora-daewoo-inalambrica-dax65-li-pistola-portatil-c-maletin-y-2-baterias-311107/,149999.0,99999.0,1,True
FRA-griferia-cocina-moderna-canilla-monocoma,Fravega,OTRAS,Herramientas,Grifería Cocina Moderna Canilla Monocomando Extensible Negro Mate Waggs,https://www.fravega.com/p/griferia-cocina-moderna-canilla-monocomando-extensible-negro-mate-waggs-22084863/,111986.0,62399.0,1,True
FRA-kit-de-herramientas-daewoo-set-96-pzs-da,Fravega,OTRAS,Herramientas,Kit de Herramientas Daewoo Set 96 Pzs DAHTS96 Tubos c/ Maletín,https://www.fravega.com/p/kit-de-herramientas-daewoo-set-96-pzs-dahts96-tubos-c-maletin-311011/,129999.0,89999.0,1,True
FRA-griferia-eurogrif-monocomando-cocina-roc,Fravega,OTRAS,Herramientas,Griferia Eurogrif Monocomando Cocina Rociador Flexible Gourmet,https://www.fravega.com/p/griferia-eurogrif-monocomando-cocina-rociador-flexible-gourmet-311354/,59999.0,49999.0,1,True
FRA-griferia-mezcladora-pico-curva-abieta-es,Fravega,OTRAS,Herramientas,Griferia Mezcladora Pico Curva Abieta Estrella GF032,https://www.fravega.com/p/griferia-mezcladora-pico-curva-abieta-estrella-gf032-22742469/,27500.0,19000.0,1,True
FRA-kit-de-herramientas-daewoo-set-108-pzs-d,Fravega,OTRAS,Herramientas,Kit de Herramientas Daewoo Set 108 Pzs DWS108B Llaves Tubo Criquet,https://www.fravega.com/p/kit-de-herramientas-daewoo-set-108-pzs-dws108b-llaves-tubo-criquet-311001/,124999.0,99999.0,1,True
FRA-bomba-periferica-elevadora-lusqtoff-cpm1,Fravega,HP,Herramientas,Bomba Periférica Elevadora Lusqtoff Cpm150 0.5hp 35l/min 220,https://www.fravega.com/p/bomba-periferica-elevadora-lusqtoff-cpm150-0-5hp-35l-min-220-990019877/,75999.0,59999.0,1,True
FRA-generador-electrico-2500w-verde-y-negro-,Fravega,OTRAS,Herramientas,Generador Eléctrico 2500W Verde y Negro GE-PH2500AL,https://www.fravega.com/p/generador-electrico-2500w-verde-y-negro-ge-ph2500al-990237621/,389399.0,267999.0,1,True
FRA-escalera-articulada-black-decker-4x4-16-,Fravega,BLACK+DECKER,Herramientas,Escalera Articulada Black+decker 4x4 16 Escalones,https://www.fravega.com/p/escalera-articulada-black-decker-4x4-16-escalones-22605136/,249986.11,209988.33,1,True
FRA-rotomartillo-stanley-sthr1232k-ar-311124,Fravega,OTRAS,Herramientas,Rotomartillo Stanley STHR1232K-AR,https://www.fravega.com/p/rotomartillo-stanley-sthr1232k-ar-311124/,399999.0,299999.0,1,True
FRA-pistola-de-pintura-daewoo-hvlp-600ml-dw9,Fravega,OTRAS,Herramientas,Pistola de Pintura Daewoo HVLP 600ml DW9U,https://www.fravega.com/p/pistola-de-pintura-daewoo-hvlp-600ml-dw9u-310771/,69999.0,39999.0,1,True
FRA-flor-ducha-cuadrada-cano-brazo-cromado-a,Fravega,ACER,Herramientas,Flor Ducha Cuadrada + Caño Brazo Cromado Acero Inoxidable,https://www.fravega.com/p/flor-ducha-cuadrada-cano-brazo-cromado-acero-inoxidable-21453607/,26951.63,19166.66,1,True
FRA-revestimiento-wall-panel-decorativo-pare,Fravega,OTRAS,Herramientas,"Revestimiento Wall Panel Decorativo Pared Varillado Acanalado Eps Sólido Liston De 290x1,2x12cm Acabado Mate Color Teka Marca Homeco.",https://www.fravega.com/p/revestimiento-wall-panel-decorativo-pared-varillado-acanalado-eps-solido-liston-de-290x1-2x12cm-acabado-mate-color-teka-marca-homeco--22716869/,16534.39,13599.0,1,True
FRA-set-herramientas-manuales-black--decker-,Fravega,OTRAS,Herramientas,Set Herramientas Manuales Black & Decker 152 Pzs BMT152C-AR,https://www.fravega.com/p/set-herramientas-manuales-black--decker-152-pzs-bmt152c-ar-310584/,94999.0,69999.0,1,True
FRA-amoladora-angular-black--decker-g720n-ar,Fravega,OTRAS,Herramientas,Amoladora Angular Black & Decker G720N-AR,https://www.fravega.com/p/amoladora-angular-black--decker-g720n-ar-310339/,72999.0,64999.0,1,True
FRA-amoladora-bosch-gws-700-professional-115,Fravega,BOSCH,Herramientas,Amoladora Bosch GWS 700 Professional 115mm 12000 RPM 220v,https://www.fravega.com/p/amoladora-bosch-gws-700-professional-115mm-12000-rpm-220v-310453/,124999.0,84999.0,1,True
FRA-motosierra-explosicion-52cc-espada-50cm-,Fravega,LG,Herramientas,Motosierra Explosicion 52cc Espada 50cm 20 PuLG Motor 2.5hp,https://www.fravega.com/p/motosierra-explosicion-52cc-espada-50cm-20-pulg-motor-2-5hp-22808505/,209248.76,111759.0,1,True
FRA-escalera-de-aluminio-4x4-articulada-16-e,Fravega,OTRAS,Herramientas,"Escalera de Aluminio 4x4 Articulada 16 Escalones Garden Life Negra Multipropósito 4,35 mts",https://www.fravega.com/p/escalera-de-aluminio-4x4-articulada-16-escalones-garden-life-negra-multiproposito-4-35-mts-310998/,244999.0,159999.0,1,True
FRA-revestimiento-wall-panel-decorativo-pare,Fravega,OTRAS,Herramientas,"Revestimiento Wall Panel Decorativo Pared Varillado Acanalado Eps Sólido Liston De 290x1,2x12cm Acabado Mate Color Roble Marca Homeco.",https://www.fravega.com/p/revestimiento-wall-panel-decorativo-pared-varillado-acanalado-eps-solido-liston-de-290x1-2x12cm-acabado-mate-color-roble-marca-homeco--22716868/,16534.39,13599.0,1,True
FRA-hidrolavadora-karcher-1300w-k-compacta-2,Fravega,OTRAS,Herramientas,Hidrolavadora Karcher 1300w K Compacta 220v Alta Presión Autostop,https://www.fravega.com/p/hidrolavadora-karcher-1300w-k-compacta-220v-alta-presion-autostop-311113/,199999.0,139999.0,1,True
FRA-revestimiento-wall-panel-decorativo-pare,Fravega,OTRAS,Herramientas,"Revestimiento Wall Panel Decorativo Pared Varillado Acanalado Eps Sólido Liston De 290x1,2x12cm Acabado Mate Color BlancoMarca Homeco.",https://www.fravega.com/p/revestimiento-wall-panel-decorativo-pared-varillado-acanalado-eps-solido-liston-de-290x1-2x12cm-acabado-mate-color-blancomarca-homeco--22716870/,16534.39,13599.0,1,True
FRA-amoladora-angular-taladro-percutor-daewo,Fravega,OTRAS,Herramientas,Amoladora Angular + Taladro Percutor Daewoo 750w Combo Pack,https://www.fravega.com/p/amoladora-angular-taladro-percutor-daewoo-750w-combo-pack-311188/,129999.0,77999.0,1,True
FRA-bomba-presurizadora-120w-2-banos-vasser-,Fravega,OTRAS,Herramientas,Bomba Presurizadora 120w 2 Banos Vasser By Motorarg Presion,https://www.fravega.com/p/bomba-presurizadora-120w-2-banos-vasser-by-motorarg-presion-22744477/,84800.8,47869.0,1,True
FRA-rotomartillo-taladro-percutor-lusqtoff-8,Fravega,OTRAS,Herramientas,Rotomartillo Taladro Percutor Lusqtoff 850W SDS Plus RML850-7,https://www.fravega.com/p/rotomartillo-taladro-percutor-lusqtoff-850w-sds-plus-rml850-7-22631705/,149856.0,82559.0,1,True
FRA-hidrolavadora-philco-pro-1400w-110bar-co,Fravega,PHILCO,Herramientas,Hidrolavadora Philco Pro 1400w 110bar con Autostop,https://www.fravega.com/p/hidrolavadora-philco-pro-1400w-110bar-con-autostop-311251/,149999.0,99999.0,1,True
FRA-hidrolavadora-admiral-1400w-110-bar-con-,Fravega,OTRAS,Herramientas,Hidrolavadora Admiral 1400w 110 Bar con Autostop + Accesorios Alta Presión,https://www.fravega.com/p/hidrolavadora-admiral-1400w-110-bar-con-autostop-accesorios-alta-presion-311358/,149999.0,99999.0,1,True
FRA-hidrolavadora-daewoo-inalambrica-dax65-l,Fravega,OTRAS,Herramientas,Hidrolavadora Daewoo Inalámbrica DAX65-LI Pistola Portátil c/ Maletín y 2 Baterías,https://www.fravega.com/p/hidrolavadora-daewoo-inalambrica-dax65-li-pistola-portatil-c-maletin-y-2-baterias-311107/,149999.0,99999.0,1,True
FRA-griferia-cocina-moderna-canilla-monocoma,Fravega,OTRAS,Herramientas,Grifería Cocina Moderna Canilla Monocomando Extensible Negro Mate Waggs,https://www.fravega.com/p/griferia-cocina-moderna-canilla-monocomando-extensible-negro-mate-waggs-22084863/,111986.0,62399.0,1,True
FRA-kit-de-herramientas-daewoo-set-96-pzs-da,Fravega,OTRAS,Herramientas,Kit de Herramientas Daewoo Set 96 Pzs DAHTS96 Tubos c/ Maletín,https://www.fravega.com/p/kit-de-herramientas-daewoo-set-96-pzs-dahts96-tubos-c-maletin-311011/,129999.0,89999.0,1,True
FRA-griferia-eurogrif-monocomando-cocina-roc,Fravega,OTRAS,Herramientas,Griferia Eurogrif Monocomando Cocina Rociador Flexible Gourmet,https://www.fravega.com/p/griferia-eurogrif-monocomando-cocina-rociador-flexible-gourmet-311354/,59999.0,49999.0,1,True
FRA-griferia-mezcladora-pico-curva-abieta-es,Fravega,OTRAS,Herramientas,Griferia Mezcladora Pico Curva Abieta Estrella GF032,https://www.fravega.com/p/griferia-mezcladora-pico-curva-abieta-estrella-gf032-22742469/,27500.0,19000.0,1,True
FRA-kit-de-herramientas-daewoo-set-108-pzs-d,Fravega,OTRAS,Herramientas,Kit de Herramientas Daewoo Set 108 Pzs DWS108B Llaves Tubo Criquet,https://www.fravega.com/p/kit-de-herramientas-daewoo-set-108-pzs-dws108b-llaves-tubo-criquet-311001/,124999.0,99999.0,1,True
FRA-bomba-periferica-elevadora-lusqtoff-cpm1,Fravega,HP,Herramientas,Bomba Periférica Elevadora Lusqtoff Cpm150 0.5hp 35l/min 220,https://www.fravega.com/p/bomba-periferica-elevadora-lusqtoff-cpm150-0-5hp-35l-min-220-990019877/,75999.0,59999.0,1,True
FRA-generador-electrico-2500w-verde-y-negro-,Fravega,OTRAS,Herramientas,Generador Eléctrico 2500W Verde y Negro GE-PH2500AL,https://www.fravega.com/p/generador-electrico-2500w-verde-y-negro-ge-ph2500al-990237621/,389399.0,267999.0,1,True
FRA-escalera-articulada-black-decker-4x4-16-,Fravega,BLACK+DECKER,Herramientas,Escalera Articulada Black+decker 4x4 16 Escalones,https://www.fravega.com/p/escalera-articulada-black-decker-4x4-16-escalones-22605136/,249986.11,209988.33,1,True
FRA-rotomartillo-stanley-sthr1232k-ar-311124,Fravega,OTRAS,Herramientas,Rotomartillo Stanley STHR1232K-AR,https://www.fravega.com/p/rotomartillo-stanley-sthr1232k-ar-311124/,399999.0,299999.0,1,True
FRA-pistola-de-pintura-daewoo-hvlp-600ml-dw9,Fravega,OTRAS,Herramientas,Pistola de Pintura Daewoo HVLP 600ml DW9U,https://www.fravega.com/p/pistola-de-pintura-daewoo-hvlp-600ml-dw9u-310771/,69999.0,39999.0,1,True
FRA-flor-ducha-cuadrada-cano-brazo-cromado-a,Fravega,ACER,Herramientas,Flor Ducha Cuadrada + Caño Brazo Cromado Acero Inoxidable,https://www.fravega.com/p/flor-ducha-cuadrada-cano-brazo-cromado-acero-inoxidable-21453607/,26951.63,19166.66,1,True
FRA-revestimiento-wall-panel-decorativo-pare,Fravega,OTRAS,Herramientas,"Revestimiento Wall Panel Decorativo Pared Varillado Acanalado Eps Sólido Liston De 290x1,2x12cm Acabado Mate Color Teka Marca Homeco.",https://www.fravega.com/p/revestimiento-wall-panel-decorativo-pared-varillado-acanalado-eps-solido-liston-de-290x1-2x12cm-acabado-mate-color-teka-marca-homeco--22716869/,16534.39,13599.0,1,True
FRA-set-herramientas-manuales-black--decker-,Fravega,OTRAS,Herramientas,Set Herramientas Manuales Black & Decker 152 Pzs BMT152C-AR,https://www.fravega.com/p/set-herramientas-manuales-black--decker-152-pzs-bmt152c-ar-310584/,94999.0,69999.0,1,True
FRA-amoladora-angular-black--decker-g720n-ar,Fravega,OTRAS,Herramientas,Amoladora Angular Black & Decker G720N-AR,https://www.fravega.com/p/amoladora-angular-black--decker-g720n-ar-310339/,72999.0,64999.0,1,True
FRA-amoladora-bosch-gws-700-professional-115,Fravega,BOSCH,Herramientas,Amoladora Bosch GWS 700 Professional 115mm 12000 RPM 220v,https://www.fravega.com/p/amoladora-bosch-gws-700-professional-115mm-12000-rpm-220v-310453/,124999.0,84999.0,1,True
FRA-motosierra-explosicion-52cc-espada-50cm-,Fravega,LG,Herramientas,Motosierra Explosicion 52cc Espada 50cm 20 PuLG Motor 2.5hp,https://www.fravega.com/p/motosierra-explosicion-52cc-espada-50cm-20-pulg-motor-2-5hp-22808505/,209248.76,111759.0,1,True
FRA-escalera-de-aluminio-4x4-articulada-16-e,Fravega,OTRAS,Herramientas,"Escalera de Aluminio 4x4 Articulada 16 Escalones Garden Life Negra Multipropósito 4,35 mts",https://www.fravega.com/p/escalera-de-aluminio-4x4-articulada-16-escalones-garden-life-negra-multiproposito-4-35-mts-310998/,244999.0,159999.0,1,True
FRA-revestimiento-wall-panel-decorativo-pare,Fravega,OTRAS,Herramientas,"Revestimiento Wall Panel Decorativo Pared Varillado Acanalado Eps Sólido Liston De 290x1,2x12cm Acabado Mate Color Roble Marca Homeco.",https://www.fravega.com/p/revestimiento-wall-panel-decorativo-pared-varillado-acanalado-eps-solido-liston-de-290x1-2x12cm-acabado-mate-color-roble-marca-homeco--22716868/,16534.39,13599.0,1,True
FRA-hidrolavadora-karcher-1300w-k-compacta-2,Fravega,OTRAS,Herramientas,Hidrolavadora Karcher 1300w K Compacta 220v Alta Presión Autostop,https://www.fravega.com/p/hidrolavadora-karcher-1300w-k-compacta-220v-alta-presion-autostop-311113/,199999.0,139999.0,1,True
FRA-revestimiento-wall-panel-decorativo-pare,Fravega,OTRAS,Herramientas,"Revestimiento Wall Panel Decorativo Pared Varillado Acanalado Eps Sólido Liston De 290x1,2x12cm Acabado Mate Color BlancoMarca Homeco.",https://www.fravega.com/p/revestimiento-wall-panel-decorativo-pared-varillado-acanalado-eps-solido-liston-de-290x1-2x12cm-acabado-mate-color-blancomarca-homeco--22716870/,16534.39,13599.0,1,True
FRA-amoladora-angular-taladro-percutor-daewo,Fravega,OTRAS,Herramientas,Amoladora Angular + Taladro Percutor Daewoo 750w Combo Pack,https://www.fravega.com/p/amoladora-angular-taladro-percutor-daewoo-750w-combo-pack-311188/,129999.0,77999.0,1,True
FRA-bomba-presurizadora-120w-2-banos-vasser-,Fravega,OTRAS,Herramientas,Bomba Presurizadora 120w 2 Banos Vasser By Motorarg Presion,https://www.fravega.com/p/bomba-presurizadora-120w-2-banos-vasser-by-motorarg-presion-22744477/,84800.8,47869.0,1,True
FRA-rotomartillo-taladro-percutor-lusqtoff-8,Fravega,OTRAS,Herramientas,Rotomartillo Taladro Percutor Lusqtoff 850W SDS Plus RML850-7,https://www.fravega.com/p/rotomartillo-taladro-percutor-lusqtoff-850w-sds-plus-rml850-7-22631705/,149856.0,82559.0,1,True
FRA-hidrolavadora-philco-pro-1400w-110bar-co,Fravega,PHILCO,Herramientas,Hidrolavadora Philco Pro 1400w 110bar con Autostop,https://www.fravega.com/p/hidrolavadora-philco-pro-1400w-110bar-con-autostop-311251/,149999.0,99999.0,1,True
FRA-hidrolavadora-admiral-1400w-110-bar-con-,Fravega,OTRAS,Herramientas,Hidrolavadora Admiral 1400w 110 Bar con Autostop + Accesorios Alta Presión,https://www.fravega.com/p/hidrolavadora-admiral-1400w-110-bar-con-autostop-accesorios-alta-presion-311358/,149999.0,99999.0,1,True
FRA-hidrolavadora-daewoo-inalambrica-dax65-l,Fravega,OTRAS,Herramientas,Hidrolavadora Daewoo Inalámbrica DAX65-LI Pistola Portátil c/ Maletín y 2 Baterías,https://www.fravega.com/p/hidrolavadora-daewoo-inalambrica-dax65-li-pistola-portatil-c-maletin-y-2-baterias-311107/,149999.0,99999.0,1,True
FRA-griferia-cocina-moderna-canilla-monocoma,Fravega,OTRAS,Herramientas,Grifería Cocina Moderna Canilla Monocomando Extensible Negro Mate Waggs,https://www.fravega.com/p/griferia-cocina-moderna-canilla-monocomando-extensible-negro-mate-waggs-22084863/,111986.0,62399.0,1,True
FRA-kit-de-herramientas-daewoo-set-96-pzs-da,Fravega,OTRAS,Herramientas,Kit de Herramientas Daewoo Set 96 Pzs DAHTS96 Tubos c/ Maletín,https://www.fravega.com/p/kit-de-herramientas-daewoo-set-96-pzs-dahts96-tubos-c-maletin-311011/,129999.0,89999.0,1,True
FRA-griferia-eurogrif-monocomando-cocina-roc,Fravega,OTRAS,Herramientas,Griferia Eurogrif Monocomando Cocina Rociador Flexible Gourmet,https://www.fravega.com/p/griferia-eurogrif-monocomando-cocina-rociador-flexible-gourmet-311354/,59999.0,49999.0,1,True
FRA-griferia-mezcladora-pico-curva-abieta-es,Fravega,OTRAS,Herramientas,Griferia Mezcladora Pico Curva Abieta Estrella GF032,https://www.fravega.com/p/griferia-mezcladora-pico-curva-abieta-estrella-gf032-22742469/,27500.0,19000.0,1,True
FRA-kit-de-herramientas-daewoo-set-108-pzs-d,Fravega,OTRAS,Herramientas,Kit de Herramientas Daewoo Set 108 Pzs DWS108B Llaves Tubo Criquet,https://www.fravega.com/p/kit-de-herramientas-daewoo-set-108-pzs-dws108b-llaves-tubo-criquet-311001/,124999.0,99999.0,1,True
FRA-bomba-periferica-elevadora-lusqtoff-cpm1,Fravega,HP,Herramientas,Bomba Periférica Elevadora Lusqtoff Cpm150 0.5hp 35l/min 220,https://www.fravega.com/p/bomba-periferica-elevadora-lusqtoff-cpm150-0-5hp-35l-min-220-990019877/,75999.0,59999.0,1,True
FRA-generador-electrico-2500w-verde-y-negro-,Fravega,OTRAS,Herramientas,Generador Eléctrico 2500W Verde y Negro GE-PH2500AL,https://www.fravega.com/p/generador-electrico-2500w-verde-y-negro-ge-ph2500al-990237621/,389399.0,267999.0,1,True
FRA-escalera-articulada-black-decker-4x4-16-,Fravega,BLACK+DECKER,Herramientas,Escalera Articulada Black+decker 4x4 16 Escalones,https://www.fravega.com/p/escalera-articulada-black-decker-4x4-16-escalones-22605136/,249986.11,209988.33,1,True
FRA-rotomartillo-stanley-sthr1232k-ar-311124,Fravega,OTRAS,Herramientas,Rotomartillo Stanley STHR1232K-AR,https://www.fravega.com/p/rotomartillo-stanley-sthr1232k-ar-311124/,399999.0,299999.0,1,True
FRA-pistola-de-pintura-daewoo-hvlp-600ml-dw9,Fravega,OTRAS,Herramientas,Pistola de Pintura Daewoo HVLP 600ml DW9U,https://www.fravega.com/p/pistola-de-pintura-daewoo-hvlp-600ml-dw9u-310771/,69999.0,39999.0,1,True
FRA-flor-ducha-cuadrada-cano-brazo-cromado-a,Fravega,ACER,Herramientas,Flor Ducha Cuadrada + Caño Brazo Cromado Acero Inoxidable,https://www.fravega.com/p/flor-ducha-cuadrada-cano-brazo-cromado-acero-inoxidable-21453607/,26951.63,19166.66,1,True
FRA-revestimiento-wall-panel-decorativo-pare,Fravega,OTRAS,Herramientas,"Revestimiento Wall Panel Decorativo Pared Varillado Acanalado Eps Sólido Liston De 290x1,2x12cm Acabado Mate Color Teka Marca Homeco.",https://www.fravega.com/p/revestimiento-wall-panel-decorativo-pared-varillado-acanalado-eps-solido-liston-de-290x1-2x12cm-acabado-mate-color-teka-marca-homeco--22716869/,16534.39,13599.0,1,True
FRA-set-herramientas-manuales-black--decker-,Fravega,OTRAS,Herramientas,Set Herramientas Manuales Black & Decker 152 Pzs BMT152C-AR,https://www.fravega.com/p/set-herramientas-manuales-black--decker-152-pzs-bmt152c-ar-310584/,94999.0,69999.0,1,True
FRA-amoladora-angular-black--decker-g720n-ar,Fravega,OTRAS,Herramientas,Amoladora Angular Black & Decker G720N-AR,https://www.fravega.com/p/amoladora-angular-black--decker-g720n-ar-310339/,72999.0,64999.0,1,True
FRA-amoladora-bosch-gws-700-professional-115,Fravega,BOSCH,Herramientas,Amoladora Bosch GWS 700 Professional 115mm 12000 RPM 220v,https://www.fravega.com/p/amoladora-bosch-gws-700-professional-115mm-12000-rpm-220v-310453/,124999.0,84999.0,1,True
FRA-motosierra-explosicion-52cc-espada-50cm-,Fravega,LG,Herramientas,Motosierra Explosicion 52cc Espada 50cm 20 PuLG Motor 2.5hp,https://www.fravega.com/p/motosierra-explosicion-52cc-espada-50cm-20-pulg-motor-2-5hp-22808505/,209248.76,111759.0,1,True
FRA-escalera-de-aluminio-4x4-articulada-16-e,Fravega,OTRAS,Herramientas,"Escalera de Aluminio 4x4 Articulada 16 Escalones Garden Life Negra Multipropósito 4,35 mts",https://www.fravega.com/p/escalera-de-aluminio-4x4-articulada-16-escalones-garden-life-negra-multiproposito-4-35-mts-310998/,244999.0,159999.0,1,True
FRA-revestimiento-wall-panel-decorativo-pare,Fravega,OTRAS,Herramientas,"Revestimiento Wall Panel Decorativo Pared Varillado Acanalado Eps Sólido Liston De 290x1,2x12cm Acabado Mate Color Roble Marca Homeco.",https://www.fravega.com/p/revestimiento-wall-panel-decorativo-pared-varillado-acanalado-eps-solido-liston-de-290x1-2x12cm-acabado-mate-color-roble-marca-homeco--22716868/,16534.39,13599.0,1,True
FRA-hidrolavadora-karcher-1300w-k-compacta-2,Fravega,OTRAS,Herramientas,Hidrolavadora Karcher 1300w K Compacta 220v Alta Presión Autostop,https://www.fravega.com/p/hidrolavadora-karcher-1300w-k-compacta-220v-alta-presion-autostop-311113/,199999.0,139999.0,1,True
FRA-revestimiento-wall-panel-decorativo-pare,Fravega,OTRAS,Herramientas,"Revestimiento Wall Panel Decorativo Pared Varillado Acanalado Eps Sólido Liston De 290x1,2x12cm Acabado Mate Color BlancoMarca Homeco.",https://www.fravega.com/p/revestimiento-wall-panel-decorativo-pared-varillado-acanalado-eps-solido-liston-de-290x1-2x12cm-acabado-mate-color-blancomarca-homeco--22716870/,16534.39,13599.0,1,True
FRA-amoladora-angular-taladro-percutor-daewo,Fravega,OTRAS,Herramientas,Amoladora Angular + Taladro Percutor Daewoo 750w Combo Pack,https://www.fravega.com/p/amoladora-angular-taladro-percutor-daewoo-750w-combo-pack-311188/,129999.0,77999.0,1,True
FRA-bomba-presurizadora-120w-2-banos-vasser-,Fravega,OTRAS,Herramientas,Bomba Presurizadora 120w 2 Banos Vasser By Motorarg Presion,https://www.fravega.com/p/bomba-presurizadora-120w-2-banos-vasser-by-motorarg-presion-22744477/,84800.8,47869.0,1,True
FRA-rotomartillo-taladro-percutor-lusqtoff-8,Fravega,OTRAS,Herramientas,Rotomartillo Taladro Percutor Lusqtoff 850W SDS Plus RML850-7,https://www.fravega.com/p/rotomartillo-taladro-percutor-lusqtoff-850w-sds-plus-rml850-7-22631705/,149856.0,82559.0,1,True
FRA-hidrolavadora-philco-pro-1400w-110bar-co,Fravega,PHILCO,Herramientas,Hidrolavadora Philco Pro 1400w 110bar con Autostop,https://www.fravega.com/p/hidrolavadora-philco-pro-1400w-110bar-con-autostop-311251/,149999.0,99999.0,1,True
FRA-hidrolavadora-admiral-1400w-110-bar-con-,Fravega,OTRAS,Herramientas,Hidrolavadora Admiral 1400w 110 Bar con Autostop + Accesorios Alta Presión,https://www.fravega.com/p/hidrolavadora-admiral-1400w-110-bar-con-autostop-accesorios-alta-presion-311358/,149999.0,99999.0,1,True
FRA-hidrolavadora-daewoo-inalambrica-dax65-l,Fravega,OTRAS,Herramientas,Hidrolavadora Daewoo Inalámbrica DAX65-LI Pistola Portátil c/ Maletín y 2 Baterías,https://www.fravega.com/p/hidrolavadora-daewoo-inalambrica-dax65-li-pistola-portatil-c-maletin-y-2-baterias-311107/,149999.0,99999.0,1,True
FRA-griferia-cocina-moderna-canilla-monocoma,Fravega,OTRAS,Herramientas,Grifería Cocina Moderna Canilla Monocomando Extensible Negro Mate Waggs,https://www.fravega.com/p/griferia-cocina-moderna-canilla-monocomando-extensible-negro-mate-waggs-22084863/,111986.0,62399.0,1,True
FRA-kit-de-herramientas-daewoo-set-96-pzs-da,Fravega,OTRAS,Herramientas,Kit de Herramientas Daewoo Set 96 Pzs DAHTS96 Tubos c/ Maletín,https://www.fravega.com/p/kit-de-herramientas-daewoo-set-96-pzs-dahts96-tubos-c-maletin-311011/,129999.0,89999.0,1,True
FRA-griferia-eurogrif-monocomando-cocina-roc,Fravega,OTRAS,Herramientas,Griferia Eurogrif Monocomando Cocina Rociador Flexible Gourmet,https://www.fravega.com/p/griferia-eurogrif-monocomando-cocina-rociador-flexible-gourmet-311354/,59999.0,49999.0,1,True
FRA-griferia-mezcladora-pico-curva-abieta-es,Fravega,OTRAS,Herramientas,Griferia Mezcladora Pico Curva Abieta Estrella GF032,https://www.fravega.com/p/griferia-mezcladora-pico-curva-abieta-estrella-gf032-22742469/,27500.0,19000.0,1,True
FRA-kit-de-herramientas-daewoo-set-108-pzs-d,Fravega,OTRAS,Herramientas,Kit de Herramientas Daewoo Set 108 Pzs DWS108B Llaves Tubo Criquet,https://www.fravega.com/p/kit-de-herramientas-daewoo-set-108-pzs-dws108b-llaves-tubo-criquet-311001/,124999.0,99999.0,1,True
FRA-bomba-periferica-elevadora-lusqtoff-cpm1,Fravega,HP,Herramientas,Bomba Periférica Elevadora Lusqtoff Cpm150 0.5hp 35l/min 220,https://www.fravega.com/p/bomba-periferica-elevadora-lusqtoff-cpm150-0-5hp-35l-min-220-990019877/,75999.0,59999.0,1,True
FRA-generador-electrico-2500w-verde-y-negro-,Fravega,OTRAS,Herramientas,Generador Eléctrico 2500W Verde y Negro GE-PH2500AL,https://www.fravega.com/p/generador-electrico-2500w-verde-y-negro-ge-ph2500al-990237621/,389399.0,267999.0,1,True
FRA-escalera-articulada-black-decker-4x4-16-,Fravega,BLACK+DECKER,Herramientas,Escalera Articulada Black+decker 4x4 16 Escalones,https://www.fravega.com/p/escalera-articulada-black-decker-4x4-16-escalones-22605136/,249986.11,209988.33,1,True
FRA-rotomartillo-stanley-sthr1232k-ar-311124,Fravega,OTRAS,Herramientas,Rotomartillo Stanley STHR1232K-AR,https://www.fravega.com/p/rotomartillo-stanley-sthr1232k-ar-311124/,399999.0,299999.0,1,True
FRA-pistola-de-pintura-daewoo-hvlp-600ml-dw9,Fravega,OTRAS,Herramientas,Pistola de Pintura Daewoo HVLP 600ml DW9U,https://www.fravega.com/p/pistola-de-pintura-daewoo-hvlp-600ml-dw9u-310771/,69999.0,39999.0,1,True
FRA-flor-ducha-cuadrada-cano-brazo-cromado-a,Fravega,ACER,Herramientas,Flor Ducha Cuadrada + Caño Brazo Cromado Acero Inoxidable,https://www.fravega.com/p/flor-ducha-cuadrada-cano-brazo-cromado-acero-inoxidable-21453607/,26951.63,19166.66,1,True
FRA-revestimiento-wall-panel-decorativo-pare,Fravega,OTRAS,Herramientas,"Revestimiento Wall Panel Decorativo Pared Varillado Acanalado Eps Sólido Liston De 290x1,2x12cm Acabado Mate Color Teka Marca Homeco.",https://www.fravega.com/p/revestimiento-wall-panel-decorativo-pared-varillado-acanalado-eps-solido-liston-de-290x1-2x12cm-acabado-mate-color-teka-marca-homeco--22716869/,16534.39,13599.0,1,True
FRA-set-herramientas-manuales-black--decker-,Fravega,OTRAS,Herramientas,Set Herramientas Manuales Black & Decker 152 Pzs BMT152C-AR,https://www.fravega.com/p/set-herramientas-manuales-black--decker-152-pzs-bmt152c-ar-310584/,94999.0,69999.0,1,True
FRA-amoladora-angular-black--decker-g720n-ar,Fravega,OTRAS,Herramientas,Amoladora Angular Black & Decker G720N-AR,https://www.fravega.com/p/amoladora-angular-black--decker-g720n-ar-310339/,72999.0,64999.0,1,True
FRA-amoladora-bosch-gws-700-professional-115,Fravega,BOSCH,Herramientas,Amoladora Bosch GWS 700 Professional 115mm 12000 RPM 220v,https://www.fravega.com/p/amoladora-bosch-gws-700-professional-115mm-12000-rpm-220v-310453/,124999.0,84999.0,1,True
FRA-motosierra-explosicion-52cc-espada-50cm-,Fravega,LG,Herramientas,Motosierra Explosicion 52cc Espada 50cm 20 PuLG Motor 2.5hp,https://www.fravega.com/p/motosierra-explosicion-52cc-espada-50cm-20-pulg-motor-2-5hp-22808505/,209248.76,111759.0,1,True
FRA-escalera-de-aluminio-4x4-articulada-16-e,Fravega,OTRAS,Herramientas,"Escalera de Aluminio 4x4 Articulada 16 Escalones Garden Life Negra Multipropósito 4,35 mts",https://www.fravega.com/p/escalera-de-aluminio-4x4-articulada-16-escalones-garden-life-negra-multiproposito-4-35-mts-310998/,244999.0,159999.0,1,True
FRA-revestimiento-wall-panel-decorativo-pare,Fravega,OTRAS,Herramientas,"Revestimiento Wall Panel Decorativo Pared Varillado Acanalado Eps Sólido Liston De 290x1,2x12cm Acabado Mate Color Roble Marca Homeco.",https://www.fravega.com/p/revestimiento-wall-panel-decorativo-pared-varillado-acanalado-eps-solido-liston-de-290x1-2x12cm-acabado-mate-color-roble-marca-homeco--22716868/,16534.39,13599.0,1,True
FRA-hidrolavadora-karcher-1300w-k-compacta-2,Fravega,OTRAS,Herramientas,Hidrolavadora Karcher 1300w K Compacta 220v Alta Presión Autostop,https://www.fravega.com/p/hidrolavadora-karcher-1300w-k-compacta-220v-alta-presion-autostop-311113/,199999.0,139999.0,1,True
FRA-revestimiento-wall-panel-decorativo-pare,Fravega,OTRAS,Herramientas,"Revestimiento Wall Panel Decorativo Pared Varillado Acanalado Eps Sólido Liston De 290x1,2x12cm Acabado Mate Color BlancoMarca Homeco.",https://www.fravega.com/p/revestimiento-wall-panel-decorativo-pared-varillado-acanalado-eps-solido-liston-de-290x1-2x12cm-acabado-mate-color-blancomarca-homeco--22716870/,16534.39,13599.0,1,True
FRA-amoladora-angular-taladro-percutor-daewo,Fravega,OTRAS,Herramientas,Amoladora Angular + Taladro Percutor Daewoo 750w Combo Pack,https://www.fravega.com/p/amoladora-angular-taladro-percutor-daewoo-750w-combo-pack-311188/,129999.0,77999.0,1,True
FRA-bomba-presurizadora-120w-2-banos-vasser-,Fravega,OTRAS,Herramientas,Bomba Presurizadora 120w 2 Banos Vasser By Motorarg Presion,https://www.fravega.com/p/bomba-presurizadora-120w-2-banos-vasser-by-motorarg-presion-22744477/,84800.8,47869.0,1,True
FRA-rotomartillo-taladro-percutor-lusqtoff-8,Fravega,OTRAS,Herramientas,Rotomartillo Taladro Percutor Lusqtoff 850W SDS Plus RML850-7,https://www.fravega.com/p/rotomartillo-taladro-percutor-lusqtoff-850w-sds-plus-rml850-7-22631705/,149856.0,82559.0,1,True
FRA-hidrolavadora-philco-pro-1400w-110bar-co,Fravega,PHILCO,Herramientas,Hidrolavadora Philco Pro 1400w 110bar con Autostop,https://www.fravega.com/p/hidrolavadora-philco-pro-1400w-110bar-con-autostop-311251/,149999.0,99999.0,1,True
FRA-hidrolavadora-admiral-1400w-110-bar-con-,Fravega,OTRAS,Herramientas,Hidrolavadora Admiral 1400w 110 Bar con Autostop + Accesorios Alta Presión,https://www.fravega.com/p/hidrolavadora-admiral-1400w-110-bar-con-autostop-accesorios-alta-presion-311358/,149999.0,99999.0,1,True
FRA-hidrolavadora-daewoo-inalambrica-dax65-l,Fravega,OTRAS,Herramientas,Hidrolavadora Daewoo Inalámbrica DAX65-LI Pistola Portátil c/ Maletín y 2 Baterías,https://www.fravega.com/p/hidrolavadora-daewoo-inalambrica-dax65-li-pistola-portatil-c-maletin-y-2-baterias-311107/,149999.0,99999.0,1,True
FRA-parlante-portatil-philco-94sph609-401481,Fravega,PHILCO,Audio,Parlante Portátil Philco 94SPH609,https://www.fravega.com/p/parlante-portatil-philco-94sph609-401481/,63999.0,39999.0,1,True
FRA-auriculares-inalambricos-motorola-buds-0,Fravega,MOTOROLA,Audio,Auriculares Inalámbricos Motorola Buds 065 Negro,https://www.fravega.com/p/auriculares-inalambricos-motorola-buds-065-negro-596464/,59999.0,39999.0,1,True
FRA-sistema-de-audio-noblex-mnx1800-9800-wat,Fravega,NOBLEX,Audio,Sistema de Audio Noblex MNX1800 9800 Watts,https://www.fravega.com/p/sistema-de-audio-noblex-mnx1800-9800-watts-401520/,669999.0,529999.0,1,True
FRA-auriculares-sony-wi-c100-bz-negro-596231,Fravega,SONY,Audio,Auriculares Sony WI-C100/BZ Negro,https://www.fravega.com/p/auriculares-sony-wi-c100-bz-negro-596231/,69999.0,59999.0,1,True
FRA-parlante-portatil-bluetooth-jbl-charge-6,Fravega,OTRAS,Audio,Parlante Portátil Bluetooth JBL Charge 6 Black,https://www.fravega.com/p/parlante-portatil-bluetooth-jbl-charge-6-black-401736/,449999.0,371900.0,1,True
FRA-auricular-xiaomi-redmi-buds-5-pro-midnig,Fravega,XIAOMI,Audio,Auricular Xiaomi Redmi Buds 5 Pro Midnight Black Color Negro,https://www.fravega.com/p/auricular-xiaomi-redmi-buds-5-pro-midnight-black-color-negro-22652382/,137999.0,109999.0,1,True
FRA-sistema-de-sonido-parlante-philco-tdp215,Fravega,PHILCO,Audio,Sistema de Sonido Parlante Philco TDP215,https://www.fravega.com/p/sistema-de-sonido-parlante-philco-tdp215-401698/,769999.0,549999.0,1,True
FRA-auriculares-bt-noblex-94hp350btw-white-5,Fravega,NOBLEX,Audio,Auriculares BT Noblex 94HP350BTW White,https://www.fravega.com/p/auriculares-bt-noblex-94hp350btw-white-596221/,55999.0,47999.0,1,True
FRA-parlante-portatil-panacom-sp-3044-401645,Fravega,OTRAS,Audio,Parlante Portátil Panacom SP-3044,https://www.fravega.com/p/parlante-portatil-panacom-sp-3044-401645/,89999.0,39999.0,1,True
FRA-auriculares-philips-tae2146bk-00-596766,Fravega,PHILIPS,Audio,Auriculares Philips TAE2146BK/00,https://www.fravega.com/p/auriculares-philips-tae2146bk-00-596766/,14999.0,11999.0,1,True
FRA-audifonos-inalambricos-xiaomi-redmi-buds,Fravega,XIAOMI,Audio,Audifonos Inalambricos Xiaomi Redmi Buds 6 Play Bt 5.4 Color Sky Blue,https://www.fravega.com/p/audifonos-inalambricos-xiaomi-redmi-buds-6-play-bt-5-4-color-sky-blue-22803217/,37999.0,29999.0,1,True
FRA-auriculares-sony-wf-c710n-bzuc-596812,Fravega,SONY,Audio,Auriculares Sony WF-C710N/BZUC,https://www.fravega.com/p/auriculares-sony-wf-c710n-bzuc-596812/,199999.0,179999.0,1,True
FRA-parlante-portatil-bluetooth-philco-djp11,Fravega,PHILCO,Audio,Parlante Portátil Bluetooth Philco DJP11,https://www.fravega.com/p/parlante-portatil-bluetooth-philco-djp11-401443/,83999.0,59999.0,1,True
FRA-parlante-philips-bt-tax400b-00-401533,Fravega,PHILIPS,Audio,Parlante Philips BT TAX400B/00,https://www.fravega.com/p/parlante-philips-bt-tax400b-00-401533/,649999.0,499999.0,1,True
FRA-auriculares-monster-xkt10-yellow-596350,Fravega,OTRAS,Audio,Auriculares Monster XKT10 Yellow,https://www.fravega.com/p/auriculares-monster-xkt10-yellow-596350/,67999.0,49999.0,1,True
FRA-auriculares-bluetooth-jbl-tune-buds-2-bl,Fravega,OTRAS,Audio,Auriculares Bluetooth JBL Tune Buds 2 Blancos,https://www.fravega.com/p/auriculares-bluetooth-jbl-tune-buds-2-blancos-596963/,199999.0,165288.43,1,True
FRA-torre-de-sonido-aiwa-aw-t381-7000-watts-,Fravega,OTRAS,Audio,Torre de Sonido Aiwa AW-T381 7000 Watts + Micrófono,https://www.fravega.com/p/torre-de-sonido-aiwa-aw-t381-7000-watts-microfono-401702/,279999.0,179999.0,1,True
FRA-auriculares-jbl-tune-520-blanco-596029,Fravega,OTRAS,Audio,Auriculares JBL TUNE 520 Blanco,https://www.fravega.com/p/auriculares-jbl-tune-520-blanco-596029/,108999.0,79999.0,1,True
FRA-auriculares-admiral-ad-f9-negro-596383,Fravega,OTRAS,Audio,Auriculares Admiral AD-F9 Negro,https://www.fravega.com/p/auriculares-admiral-ad-f9-negro-596383/,12999.0,6499.0,1,True
FRA-auriculares-inalambricos-aiwa-twa-100-ne,Fravega,OTRAS,Audio,Auriculares Inalámbricos Aiwa TWA-100 Negro,https://www.fravega.com/p/auriculares-inalambricos-aiwa-twa-100-negro-596089/,44999.0,12999.0,1,True
FRA-auricular-aiwa-twa-80b-blanco-595837,Fravega,OTRAS,Audio,Auricular Aiwa TWA-80B Blanco,https://www.fravega.com/p/auricular-aiwa-twa-80b-blanco-595837/,29999.0,10999.0,1,True
FRA-auriculares-admiral-ad-m90-negro-596931,Fravega,OTRAS,Audio,Auriculares Admiral AD-M90 Negro,https://www.fravega.com/p/auriculares-admiral-ad-m90-negro-596931/,15999.0,7999.0,1,True
FRA-auriculares-admiral-ad-k6-negro-596363,Fravega,OTRAS,Audio,Auriculares Admiral AD-K6 Negro,https://www.fravega.com/p/auriculares-admiral-ad-k6-negro-596363/,12999.0,6499.0,1,True
FRA-auricular-aiwa-twa-70n-negro-595753,Fravega,OTRAS,Audio,Auricular Aiwa TWA-70N Negro,https://www.fravega.com/p/auricular-aiwa-twa-70n-negro-595753/,39999.0,12999.0,1,True
FRA-auriculares-xiaomi-redmi-buds-6-play-blu,Fravega,XIAOMI,Audio,Auriculares Xiaomi Redmi Buds 6 Play Bluetooth 5.4 White,https://www.fravega.com/p/auriculares-xiaomi-redmi-buds-6-play-bluetooth-5-4-white-22624553/,34999.0,27499.0,1,True
FRA-parlante-portatil-jbl-go-4-red-402040,Fravega,OTRAS,Audio,Parlante Portátil JBL Go 4 Red,https://www.fravega.com/p/parlante-portatil-jbl-go-4-red-402040/,101999.0,69999.0,1,True
FRA-auriculares-soundcore-space-one-negro--5,Fravega,OTRAS,Audio,Auriculares Soundcore Space One Negro,https://www.fravega.com/p/auriculares-soundcore-space-one-negro--596476/,399999.0,199999.0,1,True
FRA-auriculares-xiaomi-redmi-buds-6-play-neg,Fravega,XIAOMI,Audio,Auriculares Xiaomi Redmi Buds 6 Play Negro,https://www.fravega.com/p/auriculares-xiaomi-redmi-buds-6-play-negro-596467/,37999.0,35999.0,1,True
FRA-auriculares-ear-jbl-c50hi-cable-auxiliar,Fravega,OTRAS,Audio,Auriculares In-Ear JBL C50HI Cable Auxiliar 3.5mm Con Microfono,https://www.fravega.com/p/auriculares-ear-jbl-c50hi-cable-auxiliar-3-5mm-con-microfono-990285956/,10601.0,9540.9,1,True
FRA-auricular-aiwa-twa-7b-blanco-595814,Fravega,OTRAS,Audio,Auricular Aiwa TWA-7B Blanco,https://www.fravega.com/p/auricular-aiwa-twa-7b-blanco-595814/,39999.0,10999.0,1,True
FRA-auricular-con-vincha-aiwa-aw-avb602n-597,Fravega,OTRAS,Audio,Auricular con Vincha Aiwa AW-AVB602N,https://www.fravega.com/p/auricular-con-vincha-aiwa-aw-avb602n-597402/,71099.0,59999.0,1,True
FRA-parlante-portatil-philco-94sph609-401481,Fravega,PHILCO,Audio,Parlante Portátil Philco 94SPH609,https://www.fravega.com/p/parlante-portatil-philco-94sph609-401481/,63999.0,39999.0,1,True
FRA-auriculares-inalambricos-motorola-buds-0,Fravega,MOTOROLA,Audio,Auriculares Inalámbricos Motorola Buds 065 Negro,https://www.fravega.com/p/auriculares-inalambricos-motorola-buds-065-negro-596464/,59999.0,39999.0,1,True
FRA-sistema-de-audio-noblex-mnx1800-9800-wat,Fravega,NOBLEX,Audio,Sistema de Audio Noblex MNX1800 9800 Watts,https://www.fravega.com/p/sistema-de-audio-noblex-mnx1800-9800-watts-401520/,669999.0,529999.0,1,True
FRA-auriculares-sony-wi-c100-bz-negro-596231,Fravega,SONY,Audio,Auriculares Sony WI-C100/BZ Negro,https://www.fravega.com/p/auriculares-sony-wi-c100-bz-negro-596231/,69999.0,59999.0,1,True
FRA-parlante-portatil-bluetooth-jbl-charge-6,Fravega,OTRAS,Audio,Parlante Portátil Bluetooth JBL Charge 6 Black,https://www.fravega.com/p/parlante-portatil-bluetooth-jbl-charge-6-black-401736/,449999.0,371900.0,1,True
FRA-auricular-xiaomi-redmi-buds-5-pro-midnig,Fravega,XIAOMI,Audio,Auricular Xiaomi Redmi Buds 5 Pro Midnight Black Color Negro,https://www.fravega.com/p/auricular-xiaomi-redmi-buds-5-pro-midnight-black-color-negro-22652382/,137999.0,109999.0,1,True
FRA-sistema-de-sonido-parlante-philco-tdp215,Fravega,PHILCO,Audio,Sistema de Sonido Parlante Philco TDP215,https://www.fravega.com/p/sistema-de-sonido-parlante-philco-tdp215-401698/,769999.0,549999.0,1,True
FRA-auriculares-bt-noblex-94hp350btw-white-5,Fravega,NOBLEX,Audio,Auriculares BT Noblex 94HP350BTW White,https://www.fravega.com/p/auriculares-bt-noblex-94hp350btw-white-596221/,55999.0,47999.0,1,True
FRA-parlante-portatil-panacom-sp-3044-401645,Fravega,OTRAS,Audio,Parlante Portátil Panacom SP-3044,https://www.fravega.com/p/parlante-portatil-panacom-sp-3044-401645/,89999.0,39999.0,1,True
FRA-auriculares-philips-tae2146bk-00-596766,Fravega,PHILIPS,Audio,Auriculares Philips TAE2146BK/00,https://www.fravega.com/p/auriculares-philips-tae2146bk-00-596766/,14999.0,11999.0,1,True
FRA-audifonos-inalambricos-xiaomi-redmi-buds,Fravega,XIAOMI,Audio,Audifonos Inalambricos Xiaomi Redmi Buds 6 Play Bt 5.4 Color Sky Blue,https://www.fravega.com/p/audifonos-inalambricos-xiaomi-redmi-buds-6-play-bt-5-4-color-sky-blue-22803217/,37999.0,29999.0,1,True
FRA-auriculares-sony-wf-c710n-bzuc-596812,Fravega,SONY,Audio,Auriculares Sony WF-C710N/BZUC,https://www.fravega.com/p/auriculares-sony-wf-c710n-bzuc-596812/,199999.0,179999.0,1,True
FRA-parlante-portatil-bluetooth-philco-djp11,Fravega,PHILCO,Audio,Parlante Portátil Bluetooth Philco DJP11,https://www.fravega.com/p/parlante-portatil-bluetooth-philco-djp11-401443/,83999.0,59999.0,1,True
FRA-parlante-philips-bt-tax400b-00-401533,Fravega,PHILIPS,Audio,Parlante Philips BT TAX400B/00,https://www.fravega.com/p/parlante-philips-bt-tax400b-00-401533/,649999.0,499999.0,1,True
FRA-auriculares-monster-xkt10-yellow-596350,Fravega,OTRAS,Audio,Auriculares Monster XKT10 Yellow,https://www.fravega.com/p/auriculares-monster-xkt10-yellow-596350/,67999.0,49999.0,1,True
FRA-auriculares-bluetooth-jbl-tune-buds-2-bl,Fravega,OTRAS,Audio,Auriculares Bluetooth JBL Tune Buds 2 Blancos,https://www.fravega.com/p/auriculares-bluetooth-jbl-tune-buds-2-blancos-596963/,199999.0,165288.43,1,True
FRA-torre-de-sonido-aiwa-aw-t381-7000-watts-,Fravega,OTRAS,Audio,Torre de Sonido Aiwa AW-T381 7000 Watts + Micrófono,https://www.fravega.com/p/torre-de-sonido-aiwa-aw-t381-7000-watts-microfono-401702/,279999.0,179999.0,1,True
FRA-auriculares-jbl-tune-520-blanco-596029,Fravega,OTRAS,Audio,Auriculares JBL TUNE 520 Blanco,https://www.fravega.com/p/auriculares-jbl-tune-520-blanco-596029/,108999.0,79999.0,1,True
FRA-auriculares-ear-jbl-c50hi-cable-auxiliar,Fravega,OTRAS,Audio,Auriculares In-Ear JBL C50HI Cable Auxiliar 3.5mm Con Microfono,https://www.fravega.com/p/auriculares-ear-jbl-c50hi-cable-auxiliar-3-5mm-con-microfono-990285956/,10601.0,9540.9,1,True
FRA-auricular-aiwa-twa-7b-blanco-595814,Fravega,OTRAS,Audio,Auricular Aiwa TWA-7B Blanco,https://www.fravega.com/p/auricular-aiwa-twa-7b-blanco-595814/,39999.0,10999.0,1,True
FRA-auricular-con-vincha-aiwa-aw-avb602n-597,Fravega,OTRAS,Audio,Auricular con Vincha Aiwa AW-AVB602N,https://www.fravega.com/p/auricular-con-vincha-aiwa-aw-avb602n-597402/,71099.0,59999.0,1,True
FRA-parlante-portatil-bluetooth-jbl-go-essen,Fravega,OTRAS,Audio,Parlante Portátil Bluetooth JBL GO Essential Negro,https://www.fravega.com/p/parlante-portatil-bluetooth-jbl-go-essential-negro-401234/,71999.0,59503.31,1,True
FRA-auriculares-xiaomi-redmi-buds-6-play-blu,Fravega,XIAOMI,Audio,Auriculares Xiaomi Redmi Buds 6 Play Bluetooth 5.4 Rose,https://www.fravega.com/p/auriculares-xiaomi-redmi-buds-6-play-bluetooth-5-4-rose-22624555/,37999.0,29999.0,1,True
FRA-auriculares-inalambricos-sony-wh-ch520-b,Fravega,SONY,Audio,Auriculares Inalámbricos Sony WH-CH520/BZ Negro,https://www.fravega.com/p/auriculares-inalambricos-sony-wh-ch520-bz-negro-596844/,109999.0,99999.0,1,True
FRA-auriculares-motorola-moto-buds-065-tofu-,Fravega,MOTOROLA,Audio,Auriculares Motorola Moto Buds 065 Tofu,https://www.fravega.com/p/auriculares-motorola-moto-buds-065-tofu-596314/,59999.0,39999.0,1,True
FRA-parlante-soundcore-bt-boom-2--401585,Fravega,OTRAS,Audio,Parlante Soundcore BT Boom 2,https://www.fravega.com/p/parlante-soundcore-bt-boom-2--401585/,599999.0,279999.0,1,True
FRA-parlante-jbl-flip-7-negro-401562,Fravega,OTRAS,Audio,Parlante JBL Flip 7 Negro,https://www.fravega.com/p/parlante-jbl-flip-7-negro-401562/,329999.0,272726.45,1,True
FRA-auriculares-inalambricos-tws-soundcore-b,Fravega,OTRAS,Audio,Auriculares Inalámbricos Tws Soundcore By Anker P25i Black Negro,https://www.fravega.com/p/auriculares-inalambricos-tws-soundcore-by-anker-p25i-black-negro-990283265/,43999.0,36362.81,1,True
FRA-auriculares-inalambricos-sony-wf-c510-bz,Fravega,SONY,Audio,Auriculares Inalámbricos Sony WF-C510/BZ Negro,https://www.fravega.com/p/auriculares-inalambricos-sony-wf-c510-bz-negro-596855/,139999.0,109999.0,1,True
FRA-parlante-portatil-philco-94sph609-401481,Fravega,PHILCO,Audio,Parlante Portátil Philco 94SPH609,https://www.fravega.com/p/parlante-portatil-philco-94sph609-401481/,63999.0,39999.0,1,True
FRA-auriculares-inalambricos-motorola-buds-0,Fravega,MOTOROLA,Audio,Auriculares Inalámbricos Motorola Buds 065 Negro,https://www.fravega.com/p/auriculares-inalambricos-motorola-buds-065-negro-596464/,59999.0,39999.0,1,True
FRA-sistema-de-audio-noblex-mnx1800-9800-wat,Fravega,NOBLEX,Audio,Sistema de Audio Noblex MNX1800 9800 Watts,https://www.fravega.com/p/sistema-de-audio-noblex-mnx1800-9800-watts-401520/,669999.0,529999.0,1,True
FRA-auriculares-sony-wi-c100-bz-negro-596231,Fravega,SONY,Audio,Auriculares Sony WI-C100/BZ Negro,https://www.fravega.com/p/auriculares-sony-wi-c100-bz-negro-596231/,69999.0,59999.0,1,True
FRA-parlante-portatil-bluetooth-jbl-charge-6,Fravega,OTRAS,Audio,Parlante Portátil Bluetooth JBL Charge 6 Black,https://www.fravega.com/p/parlante-portatil-bluetooth-jbl-charge-6-black-401736/,449999.0,371900.0,1,True
FRA-auricular-xiaomi-redmi-buds-5-pro-midnig,Fravega,XIAOMI,Audio,Auricular Xiaomi Redmi Buds 5 Pro Midnight Black Color Negro,https://www.fravega.com/p/auricular-xiaomi-redmi-buds-5-pro-midnight-black-color-negro-22652382/,137999.0,109999.0,1,True
FRA-sistema-de-sonido-parlante-philco-tdp215,Fravega,PHILCO,Audio,Sistema de Sonido Parlante Philco TDP215,https://www.fravega.com/p/sistema-de-sonido-parlante-philco-tdp215-401698/,769999.0,549999.0,1,True
FRA-auriculares-bt-noblex-94hp350btw-white-5,Fravega,NOBLEX,Audio,Auriculares BT Noblex 94HP350BTW White,https://www.fravega.com/p/auriculares-bt-noblex-94hp350btw-white-596221/,55999.0,47999.0,1,True
FRA-parlante-portatil-panacom-sp-3044-401645,Fravega,OTRAS,Audio,Parlante Portátil Panacom SP-3044,https://www.fravega.com/p/parlante-portatil-panacom-sp-3044-401645/,89999.0,39999.0,1,True
FRA-auriculares-philips-tae2146bk-00-596766,Fravega,PHILIPS,Audio,Auriculares Philips TAE2146BK/00,https://www.fravega.com/p/auriculares-philips-tae2146bk-00-596766/,14999.0,11999.0,1,True
FRA-audifonos-inalambricos-xiaomi-redmi-buds,Fravega,XIAOMI,Audio,Audifonos Inalambricos Xiaomi Redmi Buds 6 Play Bt 5.4 Color Sky Blue,https://www.fravega.com/p/audifonos-inalambricos-xiaomi-redmi-buds-6-play-bt-5-4-color-sky-blue-22803217/,37999.0,29999.0,1,True
FRA-auriculares-sony-wf-c710n-bzuc-596812,Fravega,SONY,Audio,Auriculares Sony WF-C710N/BZUC,https://www.fravega.com/p/auriculares-sony-wf-c710n-bzuc-596812/,199999.0,179999.0,1,True
FRA-parlante-portatil-bluetooth-philco-djp11,Fravega,PHILCO,Audio,Parlante Portátil Bluetooth Philco DJP11,https://www.fravega.com/p/parlante-portatil-bluetooth-philco-djp11-401443/,83999.0,59999.0,1,True
FRA-parlante-philips-bt-tax400b-00-401533,Fravega,PHILIPS,Audio,Parlante Philips BT TAX400B/00,https://www.fravega.com/p/parlante-philips-bt-tax400b-00-401533/,649999.0,499999.0,1,True
FRA-auriculares-monster-xkt10-yellow-596350,Fravega,OTRAS,Audio,Auriculares Monster XKT10 Yellow,https://www.fravega.com/p/auriculares-monster-xkt10-yellow-596350/,67999.0,49999.0,1,True
FRA-auriculares-bluetooth-jbl-tune-buds-2-bl,Fravega,OTRAS,Audio,Auriculares Bluetooth JBL Tune Buds 2 Blancos,https://www.fravega.com/p/auriculares-bluetooth-jbl-tune-buds-2-blancos-596963/,199999.0,165288.43,1,True
FRA-torre-de-sonido-aiwa-aw-t381-7000-watts-,Fravega,OTRAS,Audio,Torre de Sonido Aiwa AW-T381 7000 Watts + Micrófono,https://www.fravega.com/p/torre-de-sonido-aiwa-aw-t381-7000-watts-microfono-401702/,279999.0,179999.0,1,True
FRA-auriculares-inalambricos-thinkplus-livep,Fravega,OTRAS,Audio,Auriculares Inalambricos Thinkplus Livepods Lp40 Pro Bt Negro,https://www.fravega.com/p/auriculares-inalambricos-thinkplus-livepods-lp40-pro-bt-negro-22724643/,39479.0,38118.0,1,True
FRA-auriculares-motorola-by-bose-motobuds-pu,Fravega,MOTOROLA,Audio,Auriculares Motorola By Bose MotoBuds+ Pumice Stone,https://www.fravega.com/p/auriculares-motorola-by-bose-motobuds-pumice-stone--596132/,399999.0,330577.69,1,True
FRA-torre-de-sonido-portatil-jvc-4800w-con-m,Fravega,OTRAS,Audio,Torre de Sonido Portátil JVC 4800W Con Micrófono XS-LA5214PB,https://www.fravega.com/p/torre-de-sonido-portatil-jvc-4800w-con-microfono-xs-la5214pb-990199687/,345399.0,204999.0,1,True
FRA-auriculares-inalambricos-gamer-bluetooth,Fravega,LENOVO,Audio,Auriculares Inalambricos Gamer Bluetooth Lenovo Inear Negro,https://www.fravega.com/p/auriculares-inalambricos-gamer-bluetooth-lenovo-inear-negro-22809232/,27021.86,22518.0,1,True
FRA-auricular-jbl-tune-flex-tws-blanco-59605,Fravega,OTRAS,Audio,Auricular JBL Tune Flex TWS Blanco,https://www.fravega.com/p/auricular-jbl-tune-flex-tws-blanco-596055/,184999.0,129999.0,1,True
FRA-sistema-de-sonido-philco-tp12000-7800-wa,Fravega,PHILCO,Audio,Sistema de Sonido Philco TP12000 7800 Watts,https://www.fravega.com/p/sistema-de-sonido-philco-tp12000-7800-watts-401697/,369999.0,299999.0,1,True
FRA-auriculares-inalambrico-inear-xiaomi-red,Fravega,XIAOMI,Audio,Auriculares Inalambrico Inear Xiaomi Redmi Buds 6 Play Negro - Negro,https://www.fravega.com/p/auriculares-inalambrico-inear-xiaomi-redmi-buds-6-play-negro-negro-22724644/,34941.83,29118.0,1,True
FRA-auriculares-ear-jbl-c50hi-cable-auxiliar,Fravega,OTRAS,Audio,Auriculares In-Ear JBL C50HI Cable Auxiliar Blanco,https://www.fravega.com/p/auriculares-ear-jbl-c50hi-cable-auxiliar-blanco-990285960/,10601.0,9540.9,1,True
FRA-sistema-sonido-philco-94djp41-401509,Fravega,PHILCO,Audio,Sistema Sonido Philco 94DJP41,https://www.fravega.com/p/sistema-sonido-philco-94djp41-401509/,179999.0,129999.0,1,True
FRA-microfono-inalambrico-corbatero-alta-cal,Fravega,OTRAS,Audio,Micrófono Inalámbrico Corbatero Alta Calidad de Sonido Waggs,https://www.fravega.com/p/microfono-inalambrico-corbatero-alta-calidad-de-sonido-waggs-22086887/,15386.0,12089.0,1,True
FRA-parlante-portatil-philco-94sph609-401481,Fravega,PHILCO,Audio,Parlante Portátil Philco 94SPH609,https://www.fravega.com/p/parlante-portatil-philco-94sph609-401481/,63999.0,39999.0,1,True
FRA-auriculares-inalambricos-motorola-buds-0,Fravega,MOTOROLA,Audio,Auriculares Inalámbricos Motorola Buds 065 Negro,https://www.fravega.com/p/auriculares-inalambricos-motorola-buds-065-negro-596464/,59999.0,39999.0,1,True
FRA-sistema-de-audio-noblex-mnx1800-9800-wat,Fravega,NOBLEX,Audio,Sistema de Audio Noblex MNX1800 9800 Watts,https://www.fravega.com/p/sistema-de-audio-noblex-mnx1800-9800-watts-401520/,669999.0,529999.0,1,True
FRA-auriculares-sony-wi-c100-bz-negro-596231,Fravega,SONY,Audio,Auriculares Sony WI-C100/BZ Negro,https://www.fravega.com/p/auriculares-sony-wi-c100-bz-negro-596231/,69999.0,59999.0,1,True
FRA-parlante-portatil-bluetooth-jbl-charge-6,Fravega,OTRAS,Audio,Parlante Portátil Bluetooth JBL Charge 6 Black,https://www.fravega.com/p/parlante-portatil-bluetooth-jbl-charge-6-black-401736/,449999.0,371900.0,1,True
FRA-auricular-xiaomi-redmi-buds-5-pro-midnig,Fravega,XIAOMI,Audio,Auricular Xiaomi Redmi Buds 5 Pro Midnight Black Color Negro,https://www.fravega.com/p/auricular-xiaomi-redmi-buds-5-pro-midnight-black-color-negro-22652382/,137999.0,109999.0,1,True
FRA-sistema-de-sonido-parlante-philco-tdp215,Fravega,PHILCO,Audio,Sistema de Sonido Parlante Philco TDP215,https://www.fravega.com/p/sistema-de-sonido-parlante-philco-tdp215-401698/,769999.0,549999.0,1,True
FRA-auriculares-bt-noblex-94hp350btw-white-5,Fravega,NOBLEX,Audio,Auriculares BT Noblex 94HP350BTW White,https://www.fravega.com/p/auriculares-bt-noblex-94hp350btw-white-596221/,55999.0,47999.0,1,True
FRA-parlante-portatil-panacom-sp-3044-401645,Fravega,OTRAS,Audio,Parlante Portátil Panacom SP-3044,https://www.fravega.com/p/parlante-portatil-panacom-sp-3044-401645/,89999.0,39999.0,1,True
FRA-auriculares-philips-tae2146bk-00-596766,Fravega,PHILIPS,Audio,Auriculares Philips TAE2146BK/00,https://www.fravega.com/p/auriculares-philips-tae2146bk-00-596766/,14999.0,11999.0,1,True
FRA-audifonos-inalambricos-xiaomi-redmi-buds,Fravega,XIAOMI,Audio,Audifonos Inalambricos Xiaomi Redmi Buds 6 Play Bt 5.4 Color Sky Blue,https://www.fravega.com/p/audifonos-inalambricos-xiaomi-redmi-buds-6-play-bt-5-4-color-sky-blue-22803217/,37999.0,29999.0,1,True
FRA-auriculares-sony-wf-c710n-bzuc-596812,Fravega,SONY,Audio,Auriculares Sony WF-C710N/BZUC,https://www.fravega.com/p/auriculares-sony-wf-c710n-bzuc-596812/,199999.0,179999.0,1,True
FRA-parlante-portatil-bluetooth-philco-djp11,Fravega,PHILCO,Audio,Parlante Portátil Bluetooth Philco DJP11,https://www.fravega.com/p/parlante-portatil-bluetooth-philco-djp11-401443/,83999.0,59999.0,1,True
FRA-parlante-philips-bt-tax400b-00-401533,Fravega,PHILIPS,Audio,Parlante Philips BT TAX400B/00,https://www.fravega.com/p/parlante-philips-bt-tax400b-00-401533/,649999.0,499999.0,1,True
FRA-auriculares-monster-xkt10-yellow-596350,Fravega,OTRAS,Audio,Auriculares Monster XKT10 Yellow,https://www.fravega.com/p/auriculares-monster-xkt10-yellow-596350/,67999.0,49999.0,1,True
FRA-auriculares-bluetooth-jbl-tune-buds-2-bl,Fravega,OTRAS,Audio,Auriculares Bluetooth JBL Tune Buds 2 Blancos,https://www.fravega.com/p/auriculares-bluetooth-jbl-tune-buds-2-blancos-596963/,199999.0,165288.43,1,True
FRA-torre-de-sonido-aiwa-aw-t381-7000-watts-,Fravega,OTRAS,Audio,Torre de Sonido Aiwa AW-T381 7000 Watts + Micrófono,https://www.fravega.com/p/torre-de-sonido-aiwa-aw-t381-7000-watts-microfono-401702/,279999.0,179999.0,1,True
FRA-auriculares-inalambricos-proline-rosa-bl,Fravega,OTRAS,Audio,Auriculares Inalámbricos Proline Rosa Bluetooth PLA5,https://www.fravega.com/p/auriculares-inalambricos-proline-rosa-bluetooth-pla5-990153003/,31899.0,6999.0,1,True
FRA-auriculares-inalambricos-gadnic-a164-vin,Fravega,OTRAS,Audio,Auriculares Inalámbricos Gadnic A164 Vincha Cancelación de Ruido,https://www.fravega.com/p/auriculares-inalambricos-gadnic-a164-vincha-cancelacion-de-ruido-990159742/,70134.0,53949.0,1,True
FRA-auriculares-con-display-suono-ayv0309-ro,Fravega,OTRAS,Audio,Auriculares con Display Suono AYV0309 Rosa,https://www.fravega.com/p/auriculares-con-display-suono-ayv0309-rosa-596247/,29999.0,19999.0,1,True
FRA-auriculares-bluetooth-jbl-tune-buds-2-ne,Fravega,OTRAS,Audio,Auriculares Bluetooth JBL Tune Buds 2 Negros,https://www.fravega.com/p/auriculares-bluetooth-jbl-tune-buds-2-negros-596991/,199999.0,165288.43,1,True
FRA-microfono-inalambrico-dji-mic-mini-2-tx-,Fravega,OTRAS,Audio,Microfono Inalambrico DJI Mic Mini 2 TX + 1 RX + Estuche Carga 400 m Cancelación Ruido Doble Canal Autonomía 48 h,https://www.fravega.com/p/microfono-inalambrico-dji-mic-mini-2-tx-1-rx-estuche-carga-400-m-cancelacion-ruido-doble-canal-autonomia-48-h-22866241/,489999.0,301989.0,1,True
FRA-auriculares-dekkin-manos-libres-conexion,Fravega,OTRAS,Audio,Auriculares Dekkin Manos Libres Conexión Usb C Au-068,https://www.fravega.com/p/auriculares-dekkin-manos-libres-conexion-usb-c-au-068-990144922/,18570.0,12999.01,1,True
FRA-parlante-portatil-bluetooth-jbl-go-essen,Fravega,OTRAS,Audio,Parlante Portátil Bluetooth JBL GO Essential Rojo,https://www.fravega.com/p/parlante-portatil-bluetooth-jbl-go-essential-rojo-401271/,71999.0,49999.0,1,True
FRA-auriculares-inalambricos-gadnic-vincha-b,Fravega,OTRAS,Audio,Auriculares Inalámbricos Gadnic Vincha Bluetooth 5.0,https://www.fravega.com/p/auriculares-inalambricos-gadnic-vincha-bluetooth-5-0-990160774/,47059.0,36199.0,1,True
FRA-auriculares-samsung-tipo-c-eo-ic100-9900,Fravega,SAMSUNG,Audio,Auriculares Samsung Tipo C Eo-ic100,https://www.fravega.com/p/auriculares-samsung-tipo-c-eo-ic100-990016643/,46999.0,38842.15,1,True
FRA-auriculares-vincha-plegable-telefunken-h,Fravega,OTRAS,Audio,Auriculares Vincha Plegable Telefunken H-300 Cable 1.2m Over Ear Negro,https://www.fravega.com/p/auriculares-vincha-plegable-telefunken-h-300-cable-1-2m-over-ear-negro-21194288/,25299.0,15179.0,1,True
FRA-auriculares-inalambricos-noblex-hp350bt-,Fravega,NOBLEX,Audio,Auriculares Inalámbricos Noblex Hp350bt Bluetooth 5.0,https://www.fravega.com/p/auriculares-inalambricos-noblex-hp350bt-bluetooth-5-0-21203098/,62499.0,44999.0,1,True
FRA-auriculares-jbl-quantum-100m2-negro-3425,Fravega,OTRAS,Audio,Auriculares JBL Quantum 100M2 Negro,https://www.fravega.com/p/auriculares-jbl-quantum-100m2-negro-342520/,89999.0,79999.0,1,True
FRA-philco-prc38-radio-am-fm-analogica-de-bo,Fravega,PHILCO,Audio,Philco Prc38 Radio Am/fm Analogica De Bolsillo C/parlante,https://www.fravega.com/p/philco-prc38-radio-am-fm-analogica-de-bolsillo-c-parlante-20024135/,29999.0,23399.0,1,True
FRA-auriculares-inalambricos-con-bluetooth-n,Fravega,PHILCO,Audio,Auriculares Inalámbricos con Bluetooth Negro Philco Plegables AP1706B,https://www.fravega.com/p/auriculares-inalambricos-con-bluetooth-negro-philco-plegables-ap1706b-990173178/,57199.0,35999.0,1,True
FRA-parlante-portatil-philco-94sph609-401481,Fravega,PHILCO,Audio,Parlante Portátil Philco 94SPH609,https://www.fravega.com/p/parlante-portatil-philco-94sph609-401481/,63999.0,39999.0,1,True
FRA-auriculares-inalambricos-motorola-buds-0,Fravega,MOTOROLA,Audio,Auriculares Inalámbricos Motorola Buds 065 Negro,https://www.fravega.com/p/auriculares-inalambricos-motorola-buds-065-negro-596464/,59999.0,39999.0,1,True
FRA-sistema-de-audio-noblex-mnx1800-9800-wat,Fravega,NOBLEX,Audio,Sistema de Audio Noblex MNX1800 9800 Watts,https://www.fravega.com/p/sistema-de-audio-noblex-mnx1800-9800-watts-401520/,669999.0,529999.0,1,True
FRA-auriculares-sony-wi-c100-bz-negro-596231,Fravega,SONY,Audio,Auriculares Sony WI-C100/BZ Negro,https://www.fravega.com/p/auriculares-sony-wi-c100-bz-negro-596231/,69999.0,59999.0,1,True
FRA-parlante-portatil-bluetooth-jbl-charge-6,Fravega,OTRAS,Audio,Parlante Portátil Bluetooth JBL Charge 6 Black,https://www.fravega.com/p/parlante-portatil-bluetooth-jbl-charge-6-black-401736/,449999.0,371900.0,1,True
FRA-auricular-xiaomi-redmi-buds-5-pro-midnig,Fravega,XIAOMI,Audio,Auricular Xiaomi Redmi Buds 5 Pro Midnight Black Color Negro,https://www.fravega.com/p/auricular-xiaomi-redmi-buds-5-pro-midnight-black-color-negro-22652382/,137999.0,109999.0,1,True
FRA-sistema-de-sonido-parlante-philco-tdp215,Fravega,PHILCO,Audio,Sistema de Sonido Parlante Philco TDP215,https://www.fravega.com/p/sistema-de-sonido-parlante-philco-tdp215-401698/,769999.0,549999.0,1,True
FRA-auriculares-bt-noblex-94hp350btw-white-5,Fravega,NOBLEX,Audio,Auriculares BT Noblex 94HP350BTW White,https://www.fravega.com/p/auriculares-bt-noblex-94hp350btw-white-596221/,55999.0,47999.0,1,True
FRA-parlante-portatil-panacom-sp-3044-401645,Fravega,OTRAS,Audio,Parlante Portátil Panacom SP-3044,https://www.fravega.com/p/parlante-portatil-panacom-sp-3044-401645/,89999.0,39999.0,1,True
FRA-auriculares-philips-tae2146bk-00-596766,Fravega,PHILIPS,Audio,Auriculares Philips TAE2146BK/00,https://www.fravega.com/p/auriculares-philips-tae2146bk-00-596766/,14999.0,11999.0,1,True
FRA-audifonos-inalambricos-xiaomi-redmi-buds,Fravega,XIAOMI,Audio,Audifonos Inalambricos Xiaomi Redmi Buds 6 Play Bt 5.4 Color Sky Blue,https://www.fravega.com/p/audifonos-inalambricos-xiaomi-redmi-buds-6-play-bt-5-4-color-sky-blue-22803217/,37999.0,29999.0,1,True
FRA-auriculares-sony-wf-c710n-bzuc-596812,Fravega,SONY,Audio,Auriculares Sony WF-C710N/BZUC,https://www.fravega.com/p/auriculares-sony-wf-c710n-bzuc-596812/,199999.0,179999.0,1,True
FRA-parlante-portatil-bluetooth-philco-djp11,Fravega,PHILCO,Audio,Parlante Portátil Bluetooth Philco DJP11,https://www.fravega.com/p/parlante-portatil-bluetooth-philco-djp11-401443/,83999.0,59999.0,1,True
FRA-parlante-philips-bt-tax400b-00-401533,Fravega,PHILIPS,Audio,Parlante Philips BT TAX400B/00,https://www.fravega.com/p/parlante-philips-bt-tax400b-00-401533/,649999.0,499999.0,1,True
FRA-auriculares-monster-xkt10-yellow-596350,Fravega,OTRAS,Audio,Auriculares Monster XKT10 Yellow,https://www.fravega.com/p/auriculares-monster-xkt10-yellow-596350/,67999.0,49999.0,1,True
FRA-auriculares-bluetooth-jbl-tune-buds-2-bl,Fravega,OTRAS,Audio,Auriculares Bluetooth JBL Tune Buds 2 Blancos,https://www.fravega.com/p/auriculares-bluetooth-jbl-tune-buds-2-blancos-596963/,199999.0,165288.43,1,True
FRA-torre-de-sonido-aiwa-aw-t381-7000-watts-,Fravega,OTRAS,Audio,Torre de Sonido Aiwa AW-T381 7000 Watts + Micrófono,https://www.fravega.com/p/torre-de-sonido-aiwa-aw-t381-7000-watts-microfono-401702/,279999.0,179999.0,1,True
FRA-auriculares-inalambricos-con-bluetooth-n,Fravega,PHILCO,Audio,Auriculares Inalámbricos con Bluetooth Negro Philco Plegables AP1706B,https://www.fravega.com/p/auriculares-inalambricos-con-bluetooth-negro-philco-plegables-ap1706b-990173178/,57199.0,35999.0,1,True
FRA-auriculares-inalambricos-bluetooth-xinji,Fravega,OTRAS,Audio,Auriculares Inalámbricos Bluetooth Xinji M1 Negros Reacondicionado,https://www.fravega.com/p/auriculares-inalambricos-bluetooth-xinji-m1-negros-reacondicionado-470969/,6999.0,5784.3,1,True
FRA-sistema-de-sonido-parlante-noblex-sq208g,Fravega,NOBLEX,Audio,Sistema de Sonido Parlante Noblex SQ208G1,https://www.fravega.com/p/sistema-de-sonido-parlante-noblex-sq208g1-401695/,469999.0,349999.0,1,True
FRA-parlante-portatil-inalambrico-ult-field-,Fravega,OTRAS,Audio,Parlante portátil inalámbrico ULT FIELD 3 SRS-ULT30,https://www.fravega.com/p/parlante-portatil-inalambrico-ult-field-3-srs-ult30-401603/,749999.0,619833.88,1,True
FRA-sistema-de-audio-philips-tax5509-77-4015,Fravega,PHILIPS,Audio,Sistema de Audio Philips TAX5509/77,https://www.fravega.com/p/sistema-de-audio-philips-tax5509-77-401511/,861909.0,649999.0,1,True
FRA-auriculares-deportivos-bluetooth-tipo-ar,Fravega,LENOVO,Audio,Auriculares Deportivos Bluetooth Tipo Aro Resistencia al sudor y agua Lenovo Ea330,https://www.fravega.com/p/auriculares-deportivos-bluetooth-tipo-aro-resistencia-al-sudor-y-agua-lenovo-ea330-22501022/,42990.0,38691.0,1,True
FRA-philco-prc38-radio-am-fm-analogica-de-bo,Fravega,PHILCO,Audio,Philco Prc38 Radio Am/fm Analogica De Bolsillo C/parlante,https://www.fravega.com/p/philco-prc38-radio-am-fm-analogica-de-bolsillo-c-parlante-20024135/,29999.0,23399.0,1,True
FRA-auriculares-vincha-noga-unicorn-manos-li,Fravega,OTRAS,Audio,Auriculares Vincha Noga Unicorn Manos Libres Celular Tablet Violeta,https://www.fravega.com/p/auriculares-vincha-noga-unicorn-manos-libres-celular-tablet-violeta-990152498/,21821.0,6999.0,1,True
FRA-auriculares-ear-sony-bt-inalambricos-wi-,Fravega,SONY,Audio,Auriculares In Ear Sony BT Inalámbricos WI-C100 Negro,https://www.fravega.com/p/auriculares-ear-sony-bt-inalambricos-wi-c100-negro-990007735/,69999.0,53999.0,1,True
FRA-parlante-portatil-jbl-charge-5-negro-401,Fravega,OTRAS,Audio,Parlante Portatil JBL Charge 5 Negro,https://www.fravega.com/p/parlante-portatil-jbl-charge-5-negro-401879/,399999.0,349999.0,1,True
FRA-microfono-profesional-corbatero-noax-ina,Fravega,OTRAS,Audio,Micrófono Profesional Corbatero Noax Inalámbrico Type-c 2en1,https://www.fravega.com/p/microfono-profesional-corbatero-noax-inalambrico-type-c-2en1-22330432/,19299.0,16799.0,1,True
FRA-tocadiscos-gris-gadnic-td33-bluetooth-po,Fravega,OTRAS,Audio,Tocadiscos Gris Gadnic TD33 Bluetooth Portátil 3 Velocidades FM USB Aux-In RCA SD,https://www.fravega.com/p/tocadiscos-gris-gadnic-td33-bluetooth-portatil-3-velocidades-fm-usb-aux-rca-sd-20057974/,205018.0,157706.0,1,True
FRA-auricular-inalambrico-rockspace-ken-brow,Fravega,OTRAS,Audio,Auricular Inalámbrico Rockspace Ken Brown Multifunción,https://www.fravega.com/p/auricular-inalambrico-rockspace-ken-brown-multifuncion-20057359/,48959.83,24005.9,1,True
FRA-auriculares-jbl-wave-beam-2-black-990289,Fravega,OTRAS,Audio,Auriculares JBL Wave Beam 2 Black,https://www.fravega.com/p/auriculares-jbl-wave-beam-2-black-990289768/,162498.75,129999.0,1,True
FRA-patacleta-love-078-blanco-350922,Fravega,OTRAS,Juguetes,Patacleta Love 078 Blanco,https://www.fravega.com/p/patacleta-love-078-blanco-350922/,59999.0,26999.0,1,True
FRA-disney-woody-interactive-talking-figura-,Fravega,OTRAS,Juguetes,Disney Woody Interactive Talking Figura de acción,https://www.fravega.com/p/disney-woody-interactive-talking-figura-de-accion-22615159/,188595.0,122587.0,1,True
FRA-moto-a-bateria-3006-love-351354,Fravega,OTRAS,Juguetes,Moto a Batería 3006 Love,https://www.fravega.com/p/moto-a-bateria-3006-love-351354/,199999.0,129999.0,1,True
FRA-campeones-del-mundo-x-65-figuras-2-exhib,Fravega,OTRAS,Juguetes,CAMPEONES DEL MUNDO x 65 figuras + 2 exhibidores | MAYORISTA,https://www.fravega.com/p/campeones-del-mundo-x-65-figuras-2-exhibidores-mayorista-990293154/,974990.0,487495.0,1,True
FRA-camara-de-impresion-instantanea-de-jugue,Fravega,OTRAS,Juguetes,Cámara de Impresión Instantánea de Juguete,https://www.fravega.com/p/camara-de-impresion-instantanea-de-juguete-351360/,74999.0,41999.0,1,True
FRA-gatitos-explosivos-exploding-kittens-jue,Fravega,OTRAS,Juguetes,Gatitos Explosivos - Exploding Kittens - Juego De Cartas (Original),https://www.fravega.com/p/gatitos-explosivos-exploding-kittens-juego-de-cartas-original--990236340/,51991.0,40990.0,1,True
FRA-auto-a-bateria-mecano-3052-rojo-12v-con-,Fravega,OTRAS,Juguetes,Auto a Bateria Mecano 3052 Rojo 12V con control remoto,https://www.fravega.com/p/auto-a-bateria-mecano-3052-rojo-12v-con-control-remoto-20060688/,452300.0,249999.0,1,True
FRA-camicleta-stark-r12-blanco-violeta-35094,Fravega,OTRAS,Juguetes,Camicleta Stark R12 Blanco Violeta,https://www.fravega.com/p/camicleta-stark-r12-blanco-violeta-350942/,99999.0,69999.0,1,True
FRA-autos-clasicos-de-coleccion-iii-x-8-auto,Fravega,OTRAS,Juguetes,Autos Clásicos de Colección III x 8 autos,https://www.fravega.com/p/autos-clasicos-de-coleccion-iii-x-8-autos-990286236/,174990.0,104994.0,1,True
FRA-triciclo-evolutivo-infantil-3-1-mu-color,Fravega,OTRAS,Juguetes,Triciclo Evolutivo Infantil 3 en 1 MU Color Negro 1-5 Años,https://www.fravega.com/p/triciclo-evolutivo-infantil-3-1-mu-color-negro-1-5-anos-351045/,212999.0,109999.0,1,True
FRA-muneca-mini-barbieland-pop-reveal-351147,Fravega,OTRAS,Juguetes,Muñeca Mini Barbieland Pop Reveal,https://www.fravega.com/p/muneca-mini-barbieland-pop-reveal-351147/,19999.0,8999.0,1,True
FRA-catan-juego-de-mesa-devir-40-4011-at-990,Fravega,OTRAS,Juguetes,Catan Juego de Mesa Devir 40-4011 At,https://www.fravega.com/p/catan-juego-de-mesa-devir-40-4011-at-990165684/,124990.0,109990.0,1,True
FRA-muneca-barbie-stacie-con-mascota-351227,Fravega,OTRAS,Juguetes,Muñeca Barbie Stacie con Mascota,https://www.fravega.com/p/muneca-barbie-stacie-con-mascota-351227/,69999.0,31999.0,1,True
FRA-juego-de-mesa-taco-gato-cabra-queso-pizz,Fravega,OTRAS,Juguetes,Juego De Mesa Taco Gato Cabra Queso Pizza Tgcqp Buro,https://www.fravega.com/p/juego-de-mesa-taco-gato-cabra-queso-pizza-tgcqp-buro-990159423/,19350.0,16915.0,1,True
FRA-mis-primeros-trabajos-new-plast-351200,Fravega,OTRAS,Juguetes,Mis Primeros Trabajos New Plast,https://www.fravega.com/p/mis-primeros-trabajos-new-plast-351200/,59999.0,39999.0,1,True
FRA-pizarra-magica-12-color-3852-351633,Fravega,OTRAS,Juguetes,Pizarra Mágica 12 Color 3852,https://www.fravega.com/p/pizarra-magica-12-color-3852-351633/,9999.0,3999.0,1,True
FRA-cuatriciclo-a-bateria-stark-naranja-3510,Fravega,OTRAS,Juguetes,Cuatriciclo a Batería Stark Naranja,https://www.fravega.com/p/cuatriciclo-a-bateria-stark-naranja-351048/,149999.0,129999.0,1,True
FRA-juego-de-mesa-ludo-matic-1209799-9901528,Fravega,OTRAS,Juguetes,Juego De Mesa Ludo Matic 1209799,https://www.fravega.com/p/juego-de-mesa-ludo-matic-1209799-990152877/,6490.0,5363.64,1,True
FRA-mi-cocina-duravit-33-piezas-990049214,Fravega,OTRAS,Juguetes,Mi Cocina Duravit 33 Piezas,https://www.fravega.com/p/mi-cocina-duravit-33-piezas-990049214/,30990.0,24789.98,1,True
FRA-mesa-y-bancos-sillas-infantil-montessori,Fravega,OTRAS,Juguetes,Mesa Y Bancos Sillas Infantil Montessori Aprendizaje Niño - Blanco,https://www.fravega.com/p/mesa-y-bancos-sillas-infantil-montessori-aprendizaje-nino-blanco-22646756/,165000.0,81950.0,1,True
FRA-kit-baulero-con-mesa-montessori-22646763,Fravega,OTRAS,Juguetes,Kit Baulero con Mesa Montessori,https://www.fravega.com/p/kit-baulero-con-mesa-montessori-22646763/,253000.0,125950.0,1,True
FRA-muneco-gummymals-oso-rojo-mascota-intera,Fravega,OTRAS,Juguetes,Muñeco Gummymals Oso Rojo Mascota Interactiva Gum001-r,https://www.fravega.com/p/muneco-gummymals-oso-rojo-mascota-interactiva-gum001-r-990177119/,59990.0,19990.0,1,True
FRA-cama-elastica-gadnic-244-cm-8-ft-con-red,Fravega,OTRAS,Juguetes,Cama Elástica Gadnic 244 cm 8 ft Con Red De Protección,https://www.fravega.com/p/cama-elastica-gadnic-244-cm-8-ft-con-red-de-proteccion-990284287/,441219.0,339398.99,1,True
FRA-juego-ditoys-puppy-house-perro-blanco-35,Fravega,OTRAS,Juguetes,Juego Ditoys Puppy House Perro Blanco,https://www.fravega.com/p/juego-ditoys-puppy-house-perro-blanco-350823/,24999.0,18999.0,1,True
FRA-juego-duravit-girabola-676-990055698,Fravega,OTRAS,Juguetes,Juego Duravit Girabola 676,https://www.fravega.com/p/juego-duravit-girabola-676-990055698/,9390.0,7990.01,1,True
FRA-patacleta-love-078-negro-350889,Fravega,OTRAS,Juguetes,Patacleta Love 078 Negro,https://www.fravega.com/p/patacleta-love-078-negro-350889/,59999.0,26999.0,1,True
FRA-alfombra-sensorial-inflable-love-4230-si,Fravega,OTRAS,Juguetes,Alfombra Sensorial Inflable Love 4230 Sirena,https://www.fravega.com/p/alfombra-sensorial-inflable-love-4230-sirena-680846/,11399.0,6999.0,1,True
FRA-patacleta-love-078-blanco-350922,Fravega,OTRAS,Juguetes,Patacleta Love 078 Blanco,https://www.fravega.com/p/patacleta-love-078-blanco-350922/,59999.0,26999.0,1,True
FRA-disney-woody-interactive-talking-figura-,Fravega,OTRAS,Juguetes,Disney Woody Interactive Talking Figura de acción,https://www.fravega.com/p/disney-woody-interactive-talking-figura-de-accion-22615159/,188595.0,122587.0,1,True
FRA-moto-a-bateria-3006-love-351354,Fravega,OTRAS,Juguetes,Moto a Batería 3006 Love,https://www.fravega.com/p/moto-a-bateria-3006-love-351354/,199999.0,129999.0,1,True
FRA-campeones-del-mundo-x-65-figuras-2-exhib,Fravega,OTRAS,Juguetes,CAMPEONES DEL MUNDO x 65 figuras + 2 exhibidores | MAYORISTA,https://www.fravega.com/p/campeones-del-mundo-x-65-figuras-2-exhibidores-mayorista-990293154/,974990.0,487495.0,1,True
FRA-camara-de-impresion-instantanea-de-jugue,Fravega,OTRAS,Juguetes,Cámara de Impresión Instantánea de Juguete,https://www.fravega.com/p/camara-de-impresion-instantanea-de-juguete-351360/,74999.0,41999.0,1,True
FRA-gatitos-explosivos-exploding-kittens-jue,Fravega,OTRAS,Juguetes,Gatitos Explosivos - Exploding Kittens - Juego De Cartas (Original),https://www.fravega.com/p/gatitos-explosivos-exploding-kittens-juego-de-cartas-original--990236340/,51991.0,40990.0,1,True
FRA-camicleta-stark-r12-blanco-violeta-35094,Fravega,OTRAS,Juguetes,Camicleta Stark R12 Blanco Violeta,https://www.fravega.com/p/camicleta-stark-r12-blanco-violeta-350942/,99999.0,69999.0,1,True
FRA-autos-clasicos-de-coleccion-iii-x-8-auto,Fravega,OTRAS,Juguetes,Autos Clásicos de Colección III x 8 autos,https://www.fravega.com/p/autos-clasicos-de-coleccion-iii-x-8-autos-990286236/,174990.0,104994.0,1,True
FRA-triciclo-evolutivo-infantil-3-1-mu-color,Fravega,OTRAS,Juguetes,Triciclo Evolutivo Infantil 3 en 1 MU Color Negro 1-5 Años,https://www.fravega.com/p/triciclo-evolutivo-infantil-3-1-mu-color-negro-1-5-anos-351045/,212999.0,109999.0,1,True
FRA-muneca-mini-barbieland-pop-reveal-351147,Fravega,OTRAS,Juguetes,Muñeca Mini Barbieland Pop Reveal,https://www.fravega.com/p/muneca-mini-barbieland-pop-reveal-351147/,19999.0,8999.0,1,True
FRA-catan-juego-de-mesa-devir-40-4011-at-990,Fravega,OTRAS,Juguetes,Catan Juego de Mesa Devir 40-4011 At,https://www.fravega.com/p/catan-juego-de-mesa-devir-40-4011-at-990165684/,124990.0,109990.0,1,True
FRA-muneca-barbie-stacie-con-mascota-351227,Fravega,OTRAS,Juguetes,Muñeca Barbie Stacie con Mascota,https://www.fravega.com/p/muneca-barbie-stacie-con-mascota-351227/,69999.0,31999.0,1,True
FRA-juego-de-mesa-taco-gato-cabra-queso-pizz,Fravega,OTRAS,Juguetes,Juego De Mesa Taco Gato Cabra Queso Pizza Tgcqp Buro,https://www.fravega.com/p/juego-de-mesa-taco-gato-cabra-queso-pizza-tgcqp-buro-990159423/,19350.0,16915.0,1,True
FRA-set-de-walkie-talkie-spiderman-ditoys-35,Fravega,OTRAS,Juguetes,Set de Walkie Talkie Spiderman Ditoys,https://www.fravega.com/p/set-de-walkie-talkie-spiderman-ditoys-351215/,34999.0,19999.0,1,True
FRA-juego-de-mesa-basta-juego-de-palabras-11,Fravega,OTRAS,Juguetes,Juego De Mesa Basta Juego De Palabras 1100 Shine,https://www.fravega.com/p/juego-de-mesa-basta-juego-de-palabras-1100-shine-990242478/,24990.0,20652.89,1,True
FRA-bicicleta-camicleta-de-equilibrio-mecano,Fravega,OTRAS,Juguetes,Bicicleta Camicleta de equilibrio Mecano 077 Negro,https://www.fravega.com/p/bicicleta-camicleta-de-equilibrio-mecano-077-negro-351066/,59999.0,39999.0,1,True
FRA-auto-a-radio-control-spiderman-con-volan,Fravega,OTRAS,Juguetes,Auto a Radio Control Spiderman con Volante Ditoys,https://www.fravega.com/p/auto-a-radio-control-spiderman-con-volante-ditoys-351070/,24999.0,17999.0,1,True
FRA-cama-elastica-6ft-1-83m-red-de-seguridad,Fravega,OTRAS,Juguetes,"Cama Elástica 6ft 1,83m Red de Seguridad 100kg Azul",https://www.fravega.com/p/cama-elastica-6ft-1-83m-red-de-seguridad-100kg-azul-351431/,399999.0,269999.0,1,True
FRA-mesa-y-bancos-sillas-infantil-montessori,Fravega,OTRAS,Juguetes,Mesa Y Bancos Sillas Infantil Montessori Aprendizaje Niño - Blanco,https://www.fravega.com/p/mesa-y-bancos-sillas-infantil-montessori-aprendizaje-nino-blanco-22646756/,165000.0,81950.0,1,True
FRA-puzzle-rompecabeza-1000-pzs-mapamundi-an,Fravega,OTRAS,Juguetes,Puzzle Rompecabeza 1000 Pzs Mapamundi Antiguo 88319 1979870 Shine,https://www.fravega.com/p/puzzle-rompecabeza-1000-pzs-mapamundi-antiguo-88319-1979870-shine--990049564/,20990.0,14990.0,1,True
FRA-bloques-de-construccion-gadnic-magnetico,Fravega,OTRAS,Juguetes,Bloques De Construcción Gadnic Magnéticos 120 Piezas De Juguetes Para Niños,https://www.fravega.com/p/bloques-de-construccion-gadnic-magneticos-120-piezas-de-juguetes-para-ninos-990072122/,111088.0,85452.0,1,True
FRA-duravit-tiempo-libre-limpieza-505-990157,Fravega,OTRAS,Juguetes,Duravit Tiempo Libre Limpieza 505,https://www.fravega.com/p/duravit-tiempo-libre-limpieza-505-990157821/,9500.0,6990.0,1,True
FRA-juego-mesa-y-sillas-infantil-montessori-,Fravega,OTRAS,Juguetes,Juego Mesa Y Sillas Infantil Montessori Con Respaldo Niño - Blanco,https://www.fravega.com/p/juego-mesa-y-sillas-infantil-montessori-con-respaldo-nino-blanco-22646764/,220000.0,120000.0,1,True
FRA-duravit-mini-moldes-8-piezas-apilables-6,Fravega,OTRAS,Juguetes,Duravit Mini Moldes 8 Piezas Apilables 658,https://www.fravega.com/p/duravit-mini-moldes-8-piezas-apilables-658-990054118/,4290.0,3432.0,1,True
FRA-puzzle-1000-piezas-girasoles-de-van-gogh,Fravega,OTRAS,Juguetes,Puzzle 1000 Piezas Girasoles De Van Gogh 1970525,https://www.fravega.com/p/puzzle-1000-piezas-girasoles-de-van-gogh-1970525-990142703/,22460.0,13990.0,1,True
FRA-juego-de-mesa-uno-de-mattel-351305,Fravega,OTRAS,Juguetes,Juego de Mesa Uno de Mattel,https://www.fravega.com/p/juego-de-mesa-uno-de-mattel-351305/,19999.0,10999.0,1,True
FRA-kit-baulero-con-mesa-montessori-22646763,Fravega,OTRAS,Juguetes,Kit Baulero con Mesa Montessori,https://www.fravega.com/p/kit-baulero-con-mesa-montessori-22646763/,253000.0,125950.0,1,True
FRA-mini-trampolin-vxplay-1mts-gimnasia-fitn,Fravega,OTRAS,Juguetes,Mini Trampolin Vxplay 1mts Gimnasia Fitness,https://www.fravega.com/p/mini-trampolin-vxplay-1mts-gimnasia-fitness-22656914/,92742.0,76646.28,1,True
FRA-patacleta-love-078-blanco-350922,Fravega,OTRAS,Juguetes,Patacleta Love 078 Blanco,https://www.fravega.com/p/patacleta-love-078-blanco-350922/,59999.0,26999.0,1,True
FRA-disney-woody-interactive-talking-figura-,Fravega,OTRAS,Juguetes,Disney Woody Interactive Talking Figura de acción,https://www.fravega.com/p/disney-woody-interactive-talking-figura-de-accion-22615159/,188595.0,122587.0,1,True
FRA-moto-a-bateria-3006-love-351354,Fravega,OTRAS,Juguetes,Moto a Batería 3006 Love,https://www.fravega.com/p/moto-a-bateria-3006-love-351354/,199999.0,129999.0,1,True
FRA-campeones-del-mundo-x-65-figuras-2-exhib,Fravega,OTRAS,Juguetes,CAMPEONES DEL MUNDO x 65 figuras + 2 exhibidores | MAYORISTA,https://www.fravega.com/p/campeones-del-mundo-x-65-figuras-2-exhibidores-mayorista-990293154/,974990.0,487495.0,1,True
FRA-camara-de-impresion-instantanea-de-jugue,Fravega,OTRAS,Juguetes,Cámara de Impresión Instantánea de Juguete,https://www.fravega.com/p/camara-de-impresion-instantanea-de-juguete-351360/,74999.0,41999.0,1,True
FRA-gatitos-explosivos-exploding-kittens-jue,Fravega,OTRAS,Juguetes,Gatitos Explosivos - Exploding Kittens - Juego De Cartas (Original),https://www.fravega.com/p/gatitos-explosivos-exploding-kittens-juego-de-cartas-original--990236340/,51991.0,40990.0,1,True
FRA-auto-a-bateria-mecano-3052-rojo-12v-con-,Fravega,OTRAS,Juguetes,Auto a Bateria Mecano 3052 Rojo 12V con control remoto,https://www.fravega.com/p/auto-a-bateria-mecano-3052-rojo-12v-con-control-remoto-20060688/,452300.0,249999.0,1,True
FRA-camicleta-stark-r12-blanco-violeta-35094,Fravega,OTRAS,Juguetes,Camicleta Stark R12 Blanco Violeta,https://www.fravega.com/p/camicleta-stark-r12-blanco-violeta-350942/,99999.0,69999.0,1,True
FRA-autos-clasicos-de-coleccion-iii-x-8-auto,Fravega,OTRAS,Juguetes,Autos Clásicos de Colección III x 8 autos,https://www.fravega.com/p/autos-clasicos-de-coleccion-iii-x-8-autos-990286236/,174990.0,104994.0,1,True
FRA-triciclo-evolutivo-infantil-3-1-mu-color,Fravega,OTRAS,Juguetes,Triciclo Evolutivo Infantil 3 en 1 MU Color Negro 1-5 Años,https://www.fravega.com/p/triciclo-evolutivo-infantil-3-1-mu-color-negro-1-5-anos-351045/,212999.0,109999.0,1,True
FRA-muneca-mini-barbieland-pop-reveal-351147,Fravega,OTRAS,Juguetes,Muñeca Mini Barbieland Pop Reveal,https://www.fravega.com/p/muneca-mini-barbieland-pop-reveal-351147/,19999.0,8999.0,1,True
FRA-catan-juego-de-mesa-devir-40-4011-at-990,Fravega,OTRAS,Juguetes,Catan Juego de Mesa Devir 40-4011 At,https://www.fravega.com/p/catan-juego-de-mesa-devir-40-4011-at-990165684/,124990.0,109990.0,1,True
FRA-muneca-barbie-stacie-con-mascota-351227,Fravega,OTRAS,Juguetes,Muñeca Barbie Stacie con Mascota,https://www.fravega.com/p/muneca-barbie-stacie-con-mascota-351227/,69999.0,31999.0,1,True
FRA-juego-de-mesa-taco-gato-cabra-queso-pizz,Fravega,OTRAS,Juguetes,Juego De Mesa Taco Gato Cabra Queso Pizza Tgcqp Buro,https://www.fravega.com/p/juego-de-mesa-taco-gato-cabra-queso-pizza-tgcqp-buro-990159423/,19350.0,16915.0,1,True
FRA-bloques-de-construccion-gadnic-magnetico,Fravega,OTRAS,Juguetes,Bloques De Construcción Gadnic Magnéticos 120 Piezas De Juguetes Para Niños,https://www.fravega.com/p/bloques-de-construccion-gadnic-magneticos-120-piezas-de-juguetes-para-ninos-990072122/,111088.0,85452.0,1,True
FRA-juego-mesa-y-sillas-infantil-montessori-,Fravega,OTRAS,Juguetes,Juego Mesa Y Sillas Infantil Montessori Con Respaldo Niño - Blanco,https://www.fravega.com/p/juego-mesa-y-sillas-infantil-montessori-con-respaldo-nino-blanco-22646764/,220000.0,120000.0,1,True
FRA-puzzle-1000-piezas-girasoles-de-van-gogh,Fravega,OTRAS,Juguetes,Puzzle 1000 Piezas Girasoles De Van Gogh 1970525,https://www.fravega.com/p/puzzle-1000-piezas-girasoles-de-van-gogh-1970525-990142703/,22460.0,13990.0,1,True
FRA-duravit-mini-moldes-8-piezas-apilables-6,Fravega,OTRAS,Juguetes,Duravit Mini Moldes 8 Piezas Apilables 658,https://www.fravega.com/p/duravit-mini-moldes-8-piezas-apilables-658-990054118/,4290.0,3432.0,1,True
FRA-juego-de-mesa-uno-de-mattel-351305,Fravega,OTRAS,Juguetes,Juego de Mesa Uno de Mattel,https://www.fravega.com/p/juego-de-mesa-uno-de-mattel-351305/,19999.0,10999.0,1,True
FRA-mini-trampolin-vxplay-1mts-gimnasia-fitn,Fravega,OTRAS,Juguetes,Mini Trampolin Vxplay 1mts Gimnasia Fitness,https://www.fravega.com/p/mini-trampolin-vxplay-1mts-gimnasia-fitness-22656914/,92742.0,76646.28,1,True
FRA-duravit-masa-pack-kitchen-729-990160106,Fravega,OTRAS,Juguetes,Duravit Masa Pack Kitchen 729,https://www.fravega.com/p/duravit-masa-pack-kitchen-729-990160106/,8750.0,6495.0,1,True
FRA-puzzle-1000-pzs-viajero-el-espacio-88316,Fravega,OTRAS,Juguetes,Puzzle 1000 Pzs Viajero en el Espacio 88316 1979228 Shine,https://www.fravega.com/p/puzzle-1000-pzs-viajero-el-espacio-88316-1979228-shine-990150083/,20990.0,14990.0,1,True
FRA-duravit-camion-volcador-grande-77-cm-art,Fravega,OTRAS,Juguetes,Duravit Camión Volcador Grande 77 Cm Art 202,https://www.fravega.com/p/duravit-camion-volcador-grande-77-cm-art-202-990056782/,40590.0,32490.0,1,True
FRA-bloques-magneticos-cubos-steam-minecraft,Fravega,OTRAS,Juguetes,Bloques Magnéticos Cubos Steam Minecraft Shine 2960033 88,https://www.fravega.com/p/bloques-magneticos-cubos-steam-minecraft-shine-2960033-88-990263351/,66990.0,49990.0,1,True
FRA-toy-story-jessie-muneco-soft-40cm-dny305,Fravega,OTRAS,Juguetes,Toy Story Jessie Muñeco Soft 40cm Dny3051,https://www.fravega.com/p/toy-story-jessie-muneco-soft-40cm-dny3051-990259209/,44990.0,32990.0,1,True
FRA-pizarra-doble-40-x-60-cm-4060d-shine-990,Fravega,OTRAS,Juguetes,Pizarra Doble 40 X 60 Cm 4060d Shine,https://www.fravega.com/p/pizarra-doble-40-x-60-cm-4060d-shine-990242450/,19990.0,15990.0,1,True
FRA-alfombra-de-agua-121-bebesit-marina-cele,Fravega,OTRAS,Juguetes,Alfombra de agua 121 Bebesit Marina Celeste,https://www.fravega.com/p/alfombra-de-agua-121-bebesit-marina-celeste-990230120/,27120.0,16657.01,1,True
FRA-rodacross-tobogan-elefante-clasica-99016,Fravega,OTRAS,Juguetes,Rodacross Tobogan Elefante Clasica,https://www.fravega.com/p/rodacross-tobogan-elefante-clasica-990166961/,144990.0,99990.0,1,True
FRA-patacleta-love-078-blanco-350922,Fravega,OTRAS,Juguetes,Patacleta Love 078 Blanco,https://www.fravega.com/p/patacleta-love-078-blanco-350922/,59999.0,26999.0,1,True
FRA-disney-woody-interactive-talking-figura-,Fravega,OTRAS,Juguetes,Disney Woody Interactive Talking Figura de acción,https://www.fravega.com/p/disney-woody-interactive-talking-figura-de-accion-22615159/,188595.0,122587.0,1,True
FRA-moto-a-bateria-3006-love-351354,Fravega,OTRAS,Juguetes,Moto a Batería 3006 Love,https://www.fravega.com/p/moto-a-bateria-3006-love-351354/,199999.0,129999.0,1,True
FRA-campeones-del-mundo-x-65-figuras-2-exhib,Fravega,OTRAS,Juguetes,CAMPEONES DEL MUNDO x 65 figuras + 2 exhibidores | MAYORISTA,https://www.fravega.com/p/campeones-del-mundo-x-65-figuras-2-exhibidores-mayorista-990293154/,974990.0,487495.0,1,True
FRA-camara-de-impresion-instantanea-de-jugue,Fravega,OTRAS,Juguetes,Cámara de Impresión Instantánea de Juguete,https://www.fravega.com/p/camara-de-impresion-instantanea-de-juguete-351360/,74999.0,41999.0,1,True
FRA-gatitos-explosivos-exploding-kittens-jue,Fravega,OTRAS,Juguetes,Gatitos Explosivos - Exploding Kittens - Juego De Cartas (Original),https://www.fravega.com/p/gatitos-explosivos-exploding-kittens-juego-de-cartas-original--990236340/,51991.0,40990.0,1,True
FRA-camicleta-stark-r12-blanco-violeta-35094,Fravega,OTRAS,Juguetes,Camicleta Stark R12 Blanco Violeta,https://www.fravega.com/p/camicleta-stark-r12-blanco-violeta-350942/,99999.0,69999.0,1,True
FRA-autos-clasicos-de-coleccion-iii-x-8-auto,Fravega,OTRAS,Juguetes,Autos Clásicos de Colección III x 8 autos,https://www.fravega.com/p/autos-clasicos-de-coleccion-iii-x-8-autos-990286236/,174990.0,104994.0,1,True
FRA-triciclo-evolutivo-infantil-3-1-mu-color,Fravega,OTRAS,Juguetes,Triciclo Evolutivo Infantil 3 en 1 MU Color Negro 1-5 Años,https://www.fravega.com/p/triciclo-evolutivo-infantil-3-1-mu-color-negro-1-5-anos-351045/,212999.0,109999.0,1,True
FRA-muneca-mini-barbieland-pop-reveal-351147,Fravega,OTRAS,Juguetes,Muñeca Mini Barbieland Pop Reveal,https://www.fravega.com/p/muneca-mini-barbieland-pop-reveal-351147/,19999.0,8999.0,1,True
FRA-catan-juego-de-mesa-devir-40-4011-at-990,Fravega,OTRAS,Juguetes,Catan Juego de Mesa Devir 40-4011 At,https://www.fravega.com/p/catan-juego-de-mesa-devir-40-4011-at-990165684/,124990.0,109990.0,1,True
FRA-muneca-barbie-stacie-con-mascota-351227,Fravega,OTRAS,Juguetes,Muñeca Barbie Stacie con Mascota,https://www.fravega.com/p/muneca-barbie-stacie-con-mascota-351227/,69999.0,31999.0,1,True
FRA-juego-de-mesa-taco-gato-cabra-queso-pizz,Fravega,OTRAS,Juguetes,Juego De Mesa Taco Gato Cabra Queso Pizza Tgcqp Buro,https://www.fravega.com/p/juego-de-mesa-taco-gato-cabra-queso-pizza-tgcqp-buro-990159423/,19350.0,16915.0,1,True
FRA-bloques-magneticos-cubos-steam-minecraft,Fravega,OTRAS,Juguetes,Bloques Magnéticos Cubos Steam Minecraft Shine 2960033 88,https://www.fravega.com/p/bloques-magneticos-cubos-steam-minecraft-shine-2960033-88-990263351/,66990.0,49990.0,1,True
FRA-cama-elastica-gadnic-244-cm-8-ft-con-red,Fravega,OTRAS,Juguetes,Cama Elástica Gadnic 244 cm 8 ft Con Red De Protección,https://www.fravega.com/p/cama-elastica-gadnic-244-cm-8-ft-con-red-de-proteccion-990284287/,441219.0,339398.99,1,True
FRA-set-banco-herramientas-de-juguete-mi-pri,Fravega,OTRAS,Juguetes,Set Banco Herramientas de Juguete Mi Primer Taller 27 Piezas Infantil Niños Niñas,https://www.fravega.com/p/set-banco-herramientas-de-juguete-mi-primer-taller-27-piezas-infantil-ninos-ninas-20076125/,35990.0,26990.01,1,True
FRA-auto-a-bateria-blanco-wmt-918-990060747,Fravega,OTRAS,Juguetes,Auto A Bateria Blanco Wmt-918,https://www.fravega.com/p/auto-a-bateria-blanco-wmt-918-990060747/,499990.0,279989.99,1,True
FRA-elmers-activador-para-hacer-slime-209030,Fravega,ACER,Juguetes,Elmers Activador Para Hacer Slime 2090307 Neasl,https://www.fravega.com/p/elmers-activador-para-hacer-slime-2090307-neasl-990142343/,10990.0,9990.0,1,True
FRA-puzzle-1000-piezas-camino-de-otono-dorad,Fravega,OTRAS,Juguetes,Puzzle 1000 Piezas Camino De Otoño Dorado 1959143,https://www.fravega.com/p/puzzle-1000-piezas-camino-de-otono-dorado-1959143-990142699/,22460.0,13990.0,1,True
FRA-juego-barril-pirata-1651678-envio-normal,Fravega,OTRAS,Juguetes,Juego Barril Pirata 1651678 Envio Normal,https://www.fravega.com/p/juego-barril-pirata-1651678-envio-normal-990151424/,8990.0,7990.01,1,True
FRA-pistola-de-burbujas-multiples-kun-bu02-3,Fravega,OTRAS,Juguetes,Pistola de Burbujas Múltiples Kun BU02,https://www.fravega.com/p/pistola-de-burbujas-multiples-kun-bu02-350940/,29999.0,9999.0,1,True
FRA-juego-para-ninos-kun-mi-primer-mini-coci,Fravega,OTRAS,Juguetes,Juego para Niños Kun Mi Primer Mini Cocina 7956,https://www.fravega.com/p/juego-para-ninos-kun-mi-primer-mini-cocina-7956-350996/,29999.0,17999.0,1,True
FRA-bote-avengers-high-boat-ditoys-351324,Fravega,OTRAS,Juguetes,Bote Avengers High Boat Ditoys,https://www.fravega.com/p/bote-avengers-high-boat-ditoys-351324/,29999.0,15999.0,1,True
FRA-triciclo-bebesit-rojo-360-joy-3-con-luz-,Fravega,OTRAS,Juguetes,Triciclo Bebesit rojo 360° Joy 3 con luz y barra de empuje,https://www.fravega.com/p/triciclo-bebesit-rojo-360-joy-3-con-luz-y-barra-de-empuje-990182779/,279117.0,174070.99,1,True
FRA-muneca-barbie-unicornio-rosa-351168,Fravega,OTRAS,Juguetes,Muñeca Barbie Unicornio Rosa,https://www.fravega.com/p/muneca-barbie-unicornio-rosa-351168/,49999.0,31999.0,1,True
FRA-didactico-texturas-toca-y-sonrie-animale,Fravega,OTRAS,Juguetes,Didáctico Texturas Toca Y Sonríe  Animales Del Mar List-565,https://www.fravega.com/p/didactico-texturas-toca-y-sonrie-animales-del-mar-list-565-990259158/,14001.0,10989.99,1,True
FRA-patacleta-love-078-blanco-350922,Fravega,OTRAS,Juguetes,Patacleta Love 078 Blanco,https://www.fravega.com/p/patacleta-love-078-blanco-350922/,59999.0,26999.0,1,True
FRA-disney-woody-interactive-talking-figura-,Fravega,OTRAS,Juguetes,Disney Woody Interactive Talking Figura de acción,https://www.fravega.com/p/disney-woody-interactive-talking-figura-de-accion-22615159/,188595.0,122587.0,1,True
FRA-moto-a-bateria-3006-love-351354,Fravega,OTRAS,Juguetes,Moto a Batería 3006 Love,https://www.fravega.com/p/moto-a-bateria-3006-love-351354/,199999.0,129999.0,1,True
FRA-campeones-del-mundo-x-65-figuras-2-exhib,Fravega,OTRAS,Juguetes,CAMPEONES DEL MUNDO x 65 figuras + 2 exhibidores | MAYORISTA,https://www.fravega.com/p/campeones-del-mundo-x-65-figuras-2-exhibidores-mayorista-990293154/,974990.0,487495.0,1,True
FRA-camara-de-impresion-instantanea-de-jugue,Fravega,OTRAS,Juguetes,Cámara de Impresión Instantánea de Juguete,https://www.fravega.com/p/camara-de-impresion-instantanea-de-juguete-351360/,74999.0,41999.0,1,True
FRA-gatitos-explosivos-exploding-kittens-jue,Fravega,OTRAS,Juguetes,Gatitos Explosivos - Exploding Kittens - Juego De Cartas (Original),https://www.fravega.com/p/gatitos-explosivos-exploding-kittens-juego-de-cartas-original--990236340/,51991.0,40990.0,1,True
FRA-camicleta-stark-r12-blanco-violeta-35094,Fravega,OTRAS,Juguetes,Camicleta Stark R12 Blanco Violeta,https://www.fravega.com/p/camicleta-stark-r12-blanco-violeta-350942/,99999.0,69999.0,1,True
FRA-autos-clasicos-de-coleccion-iii-x-8-auto,Fravega,OTRAS,Juguetes,Autos Clásicos de Colección III x 8 autos,https://www.fravega.com/p/autos-clasicos-de-coleccion-iii-x-8-autos-990286236/,174990.0,104994.0,1,True
FRA-triciclo-evolutivo-infantil-3-1-mu-color,Fravega,OTRAS,Juguetes,Triciclo Evolutivo Infantil 3 en 1 MU Color Negro 1-5 Años,https://www.fravega.com/p/triciclo-evolutivo-infantil-3-1-mu-color-negro-1-5-anos-351045/,212999.0,109999.0,1,True
FRA-muneca-mini-barbieland-pop-reveal-351147,Fravega,OTRAS,Juguetes,Muñeca Mini Barbieland Pop Reveal,https://www.fravega.com/p/muneca-mini-barbieland-pop-reveal-351147/,19999.0,8999.0,1,True
FRA-catan-juego-de-mesa-devir-40-4011-at-990,Fravega,OTRAS,Juguetes,Catan Juego de Mesa Devir 40-4011 At,https://www.fravega.com/p/catan-juego-de-mesa-devir-40-4011-at-990165684/,124990.0,109990.0,1,True
FRA-muneca-barbie-stacie-con-mascota-351227,Fravega,OTRAS,Juguetes,Muñeca Barbie Stacie con Mascota,https://www.fravega.com/p/muneca-barbie-stacie-con-mascota-351227/,69999.0,31999.0,1,True
FRA-juego-de-mesa-taco-gato-cabra-queso-pizz,Fravega,OTRAS,Juguetes,Juego De Mesa Taco Gato Cabra Queso Pizza Tgcqp Buro,https://www.fravega.com/p/juego-de-mesa-taco-gato-cabra-queso-pizza-tgcqp-buro-990159423/,19350.0,16915.0,1,True
FRA-auto-carrera-para-armar-a-friccion-woody,Fravega,OTRAS,Juguetes,Auto Carrera Para Armar A Fricción Woody Toy Story Ikdis058 - Woody,https://www.fravega.com/p/auto-carrera-para-armar-a-friccion-woody-toy-story-ikdis058-woody-990266044/,25990.0,20990.0,1,True
FRA-pizarra-magica-luz-led-acrilico-40cmx30-,Fravega,OTRAS,Juguetes,Pizarra Mágica Luz Led Acrílico 40cmx30.5cm Usb Accesorios Color Transparente,https://www.fravega.com/p/pizarra-magica-luz-led-acrilico-40cmx30-5cm-usb-accesorios-color-transparente-22647392/,28854.0,25969.0,1,True
FRA-par-de-walkie-talkie-con-video-para-nino,Fravega,OTRAS,Juguetes,Par de Walkie Talkie con Video para Niños D23 Doble Camara Pantalla Hd,https://www.fravega.com/p/par-de-walkie-talkie-con-video-para-ninos-d23-doble-camara-pantalla-hd--22737311/,71419.0,49333.33,1,True
FRA-juego-mesa-y-sillas-infantil-con-respald,Fravega,OTRAS,Juguetes,Juego Mesa Y Sillas Infantil Con Respaldo Y Juguetero Blanco,https://www.fravega.com/p/juego-mesa-y-sillas-infantil-con-respaldo-y-juguetero-blanco-22815290/,280000.0,170000.0,1,True
FRA-moto-a-bateria-honda-cbr1000-cosco-blanc,Fravega,OTRAS,Juguetes,Moto a Batería Honda CBR1000 Cosco Blanca,https://www.fravega.com/p/moto-a-bateria-honda-cbr1000-cosco-blanca-990291962/,499999.0,269999.0,1,True
FRA-cuatriciclo-a-bateria-12v-azul-con-contr,Fravega,OTRAS,Juguetes,Cuatriciclo A Bateria 12V Azul Con Control Remoto Musica Usb Luces,https://www.fravega.com/p/cuatriciclo-a-bateria-12v-azul-con-control-remoto-musica-usb-luces-351062/,399999.0,269999.0,1,True
FRA-bicicleta-camicleta-de-equilibrio-mecano,Fravega,OTRAS,Juguetes,Bicicleta Camicleta de equilibrio Mecano 077 Rosa,https://www.fravega.com/p/bicicleta-camicleta-de-equilibrio-mecano-077-rosa-351068/,59999.0,39999.0,1,True
FRA-mini-tramp-negro-trampolin-profesional-c,Fravega,OTRAS,Juguetes,Mini Tramp Negro Trampolin Profesional Cama Elastica Deporte Gym,https://www.fravega.com/p/mini-tramp-negro-trampolin-profesional-cama-elastica-deporte-gym-20025857/,166650.0,96990.0,1,True
FRA-duravit-banco-de-herramientas-32-piezas-,Fravega,OTRAS,Juguetes,Duravit Banco De Herramientas 32 Piezas 412,https://www.fravega.com/p/duravit-banco-de-herramientas-32-piezas-412-990054120/,32990.0,24990.0,1,True
FRA-minico-black-panther-wakanda-forever-598,Fravega,OTRAS,Juguetes,Minico Black Panther Wakanda Forever 59821 Iron Studios,https://www.fravega.com/p/minico-black-panther-wakanda-forever-59821-iron-studios-990055712/,89990.0,32990.0,1,True
FRA-muneca-pinypon-moto-con-figura-350550,Fravega,OTRAS,Juguetes,Muñeca Pinypon Moto con Figura,https://www.fravega.com/p/muneca-pinypon-moto-con-figura-350550/,44999.0,29999.0,1,True
FRA-juego-de-mesa-ditoys-crocky-attack-35078,Fravega,OTRAS,Juguetes,Juego de Mesa Ditoys Crocky Attack,https://www.fravega.com/p/juego-de-mesa-ditoys-crocky-attack-350789/,19999.0,13999.0,1,True
FRA-auto-a-bateria-negro-wmt-808-990060735,Fravega,OTRAS,Juguetes,Auto A Bateria Negro Wmt-808,https://www.fravega.com/p/auto-a-bateria-negro-wmt-808-990060735/,419990.0,249990.01,1,True
FRA-monopatin-infantil-priori-sk-3288-celest,Fravega,OTRAS,Juguetes,Monopatín Infantil Priori SK 3288 Celeste,https://www.fravega.com/p/monopatin-infantil-priori-sk-3288-celeste-350512/,59999.0,39999.0,1,True
FRA-puzzle-1000-pzs-taverna-saint-88016-1489,Fravega,OTRAS,Juguetes,Puzzle 1000 Pzs Taverna Saint 88016 1489439 Shine,https://www.fravega.com/p/puzzle-1000-pzs-taverna-saint-88016-1489439-shine-990143164/,20990.0,12990.0,1,True
FRA-manta-didactica-roff-gimnasio-proyector-,Fravega,OTRAS,Bebés y Primera Infancia,Manta Didáctica Roff Gimnasio Proyector Música Y Juguetes Bebe Verde,https://www.fravega.com/p/manta-didactica-roff-gimnasio-proyector-musica-y-juguetes-bebe-verde-680638/,95999.0,79338.02,1,True
FRA-alfombra-infantil-mawe-by-gadnic-antides,Fravega,OTRAS,Bebés y Primera Infancia,Alfombra Infantil Mawe By Gadnic Antideslizante e Impermeable Para Bebes,https://www.fravega.com/p/alfombra-infantil-mawe-by-gadnic-antideslizante-e-impermeable-para-bebes-990265932/,66494.0,51149.0,1,True
FRA-alfombra-sensorial-inflable-con-agua-y-a,Fravega,OTRAS,Bebés y Primera Infancia,Alfombra Sensorial Inflable con Agua y Aire Love 4230 Peces,https://www.fravega.com/p/alfombra-sensorial-inflable-con-agua-y-aire-love-4230-peces-680591/,10999.0,6999.0,1,True
FRA-mochila-porta-bebe-gadnic-ergonomica-20k,Fravega,OTRAS,Bebés y Primera Infancia,Mochila Porta Bebe Gadnic Ergonomica 20kg 3 en 1,https://www.fravega.com/p/mochila-porta-bebe-gadnic-ergonomica-20kg-3-1-990164232/,105624.0,81248.98,1,True
FRA-booster-para-ninos-love-2052-680464,Fravega,OSTER,Bebés y Primera Infancia,Booster Para Niños Love 2052,https://www.fravega.com/p/booster-para-ninos-love-2052-680464/,39999.0,24999.0,1,True
FRA-corralito-gimnasio-para-bebe-love-hex-gr,Fravega,OTRAS,Bebés y Primera Infancia,Corralito Gimnasio Para Bebé Love Hex Gris 880,https://www.fravega.com/p/corralito-gimnasio-para-bebe-love-hex-gris-880-680908/,69999.0,49999.0,1,True
FRA-coche-de-paseo-love-smart-1008-gris-6806,Fravega,OTRAS,Bebés y Primera Infancia,Coche de Paseo Love Smart 1008 Gris,https://www.fravega.com/p/coche-de-paseo-love-smart-1008-gris-680686/,249999.0,159999.0,1,True
FRA-caminador-con-musica-bebesit-1226-rosa-6,Fravega,OTRAS,Bebés y Primera Infancia,Caminador con Música Bebesit 1226 Rosa,https://www.fravega.com/p/caminador-con-musica-bebesit-1226-rosa-680474/,59999.0,44999.0,1,True
FRA-mamadera-avent-natural-response-scy903-0,Fravega,OTRAS,Bebés y Primera Infancia,Mamadera Avent Natural Response SCY903 01 260 Ml,https://www.fravega.com/p/mamadera-avent-natural-response-scy903-01-260-ml-680690/,44999.0,34999.0,1,True
FRA-banadera-love-plegable-con-reductor-y-te,Fravega,OTRAS,Bebés y Primera Infancia,Bañadera Love Plegable con Reductor y Termómetro B324 Gris,https://www.fravega.com/p/banadera-love-plegable-con-reductor-y-termometro-b324-gris-680905/,49999.0,29999.0,1,True
FRA-cochecito-de-bebe-paraguita-mu-reforzado,Fravega,OTRAS,Bebés y Primera Infancia,Cochecito de Bebe Paraguita MU Reforzado Color Gris,https://www.fravega.com/p/cochecito-de-bebe-paraguita-mu-reforzado-color-gris-680669/,99999.0,59999.0,1,True
FRA-silla-de-comer-love-610-gris-680424,Fravega,OTRAS,Bebés y Primera Infancia,Silla de Comer Love 610 Gris,https://www.fravega.com/p/silla-de-comer-love-610-gris-680424/,44999.0,29999.0,1,True
FRA-coche-de-paseo-con-manillar-rebatible-gr,Fravega,OTRAS,Bebés y Primera Infancia,Coche de paseo con manillar rebatible GRIS CLARO,https://www.fravega.com/p/coche-de-paseo-con-manillar-rebatible-gris-claro-990297613/,268213.0,187749.0,1,True
FRA-cochecito-paseo-bebesit-travel-system-eo,Fravega,OTRAS,Bebés y Primera Infancia,Cochecito Paseo Bebesit Travel System Eos con huevito Gris oscuro,https://www.fravega.com/p/cochecito-paseo-bebesit-travel-system-eos-con-huevito-gris-oscuro-990173490/,324956.0,227469.0,1,True
FRA-cochecito-de-bebe-paseo-mu-reforzado-col,Fravega,OTRAS,Bebés y Primera Infancia,Cochecito de Bebe Paseo MU Reforzado Color Gris,https://www.fravega.com/p/cochecito-de-bebe-paseo-mu-reforzado-color-gris-680778/,219999.0,119999.0,1,True
FRA-chicco-cochecito-goody-xplus-black-re-lu,Fravega,CHICCO,Bebés y Primera Infancia,Chicco Cochecito Goody Xplus Black Re_lux 08087040560000,https://www.fravega.com/p/chicco-cochecito-goody-xplus-black-re-lux-08087040560000-990249433/,499990.0,299990.0,1,True
FRA-cochecito-de-bebe-paseo-mu-reforzado-col,Fravega,OTRAS,Bebés y Primera Infancia,Cochecito de Bebe Paseo MU Reforzado Color Azul,https://www.fravega.com/p/cochecito-de-bebe-paseo-mu-reforzado-color-azul-680820/,219999.0,119999.0,1,True
FRA-cochecito-de-paseo-bebesit-eos-c-bandeja,Fravega,OTRAS,Bebés y Primera Infancia,Cochecito de paseo Bebesit Eos C/bandeja Superior Verde 1337-J,https://www.fravega.com/p/cochecito-de-paseo-bebesit-eos-c-bandeja-superior-verde-1337-j-990052856/,180470.0,126329.0,1,True
FRA-cochecito-bebes-3-1-traful-mawe-by-gadni,Fravega,OTRAS,Bebés y Primera Infancia,Cochecito Bebes 3 en 1 Traful Mawe by Gadnic Huevito Travel System,https://www.fravega.com/p/cochecito-bebes-3-1-traful-mawe-by-gadnic-huevito-travel-system-990286488/,566409.0,435699.0,1,True
FRA-cochecito-de-paseo-ultracompacto-bebesit,Fravega,OTRAS,Bebés y Primera Infancia,Cochecito de Paseo UltraCompacto Bebesit Negro,https://www.fravega.com/p/cochecito-de-paseo-ultracompacto-bebesit-negro-990245839/,165327.0,115729.0,1,True
FRA-cochecito-paraguitas-bebesit-neuf-1058-a,Fravega,OTRAS,Bebés y Primera Infancia,Cochecito Paragüitas Bebesit Neuf 1058-A,https://www.fravega.com/p/cochecito-paraguitas-bebesit-neuf-1058-a-990052853/,119984.0,83988.99,1,True
FRA-cochecito-de-paseo-c-huevito-ultraplegab,Fravega,OTRAS,Bebés y Primera Infancia,Cochecito De Paseo C/Huevito Ultraplegable Azul + Caminador Musical - Celeste,https://www.fravega.com/p/cochecito-de-paseo-c-huevito-ultraplegable-azul-caminador-musical-celeste-990297637/,423756.0,296629.0,1,True
FRA-cochecito-travel-system-infanti-padua-2g,Fravega,OTRAS,Bebés y Primera Infancia,Cochecito Travel System Infanti Padua 2G Negro,https://www.fravega.com/p/cochecito-travel-system-infanti-padua-2g-negro-990275243/,899999.0,445999.0,1,True
FRA-chicco-coche-de-paseo-glee-playful-black,Fravega,CHICCO,Bebés y Primera Infancia,Chicco Coche De Paseo Glee Playful Black 0808706875 27680 Negro,https://www.fravega.com/p/chicco-coche-de-paseo-glee-playful-black-0808706875-27680-negro-990267983/,499990.0,219990.0,1,True
FRA-booster-s-respaldo-gofit-backless-410070,Fravega,OSTER,Bebés y Primera Infancia,Booster S/respaldo Gofit Backless (410070/10938),https://www.fravega.com/p/booster-s-respaldo-gofit-backless-410070-10938--990249437/,149990.0,129990.0,1,True
FRA-cochecito-de-paseo-compacto-con-manija-v,Fravega,OTRAS,Bebés y Primera Infancia,Cochecito de Paseo Compacto Con Manija Verde Oscuro Bebesit,https://www.fravega.com/p/cochecito-de-paseo-compacto-con-manija-verde-oscuro-bebesit-990245852/,191399.0,133979.0,1,True
FRA-manta-didactica-roff-gimnasio-proyector-,Fravega,OTRAS,Bebés y Primera Infancia,Manta Didáctica Roff Gimnasio Proyector Música Y Juguetes Bebe Verde,https://www.fravega.com/p/manta-didactica-roff-gimnasio-proyector-musica-y-juguetes-bebe-verde-680638/,95999.0,79338.02,1,True
FRA-alfombra-infantil-mawe-by-gadnic-antides,Fravega,OTRAS,Bebés y Primera Infancia,Alfombra Infantil Mawe By Gadnic Antideslizante e Impermeable Para Bebes,https://www.fravega.com/p/alfombra-infantil-mawe-by-gadnic-antideslizante-e-impermeable-para-bebes-990265932/,66494.0,51149.0,1,True
FRA-alfombra-sensorial-inflable-con-agua-y-a,Fravega,OTRAS,Bebés y Primera Infancia,Alfombra Sensorial Inflable con Agua y Aire Love 4230 Peces,https://www.fravega.com/p/alfombra-sensorial-inflable-con-agua-y-aire-love-4230-peces-680591/,10999.0,6999.0,1,True
FRA-mochila-porta-bebe-gadnic-ergonomica-20k,Fravega,OTRAS,Bebés y Primera Infancia,Mochila Porta Bebe Gadnic Ergonomica 20kg 3 en 1,https://www.fravega.com/p/mochila-porta-bebe-gadnic-ergonomica-20kg-3-1-990164232/,105624.0,81248.98,1,True
FRA-booster-para-ninos-love-2052-680464,Fravega,OSTER,Bebés y Primera Infancia,Booster Para Niños Love 2052,https://www.fravega.com/p/booster-para-ninos-love-2052-680464/,39999.0,24999.0,1,True
FRA-corralito-gimnasio-para-bebe-love-hex-gr,Fravega,OTRAS,Bebés y Primera Infancia,Corralito Gimnasio Para Bebé Love Hex Gris 880,https://www.fravega.com/p/corralito-gimnasio-para-bebe-love-hex-gris-880-680908/,69999.0,49999.0,1,True
FRA-coche-de-paseo-love-smart-1008-gris-6806,Fravega,OTRAS,Bebés y Primera Infancia,Coche de Paseo Love Smart 1008 Gris,https://www.fravega.com/p/coche-de-paseo-love-smart-1008-gris-680686/,249999.0,159999.0,1,True
FRA-caminador-con-musica-bebesit-1226-rosa-6,Fravega,OTRAS,Bebés y Primera Infancia,Caminador con Música Bebesit 1226 Rosa,https://www.fravega.com/p/caminador-con-musica-bebesit-1226-rosa-680474/,59999.0,44999.0,1,True
FRA-mamadera-avent-natural-response-scy903-0,Fravega,OTRAS,Bebés y Primera Infancia,Mamadera Avent Natural Response SCY903 01 260 Ml,https://www.fravega.com/p/mamadera-avent-natural-response-scy903-01-260-ml-680690/,44999.0,34999.0,1,True
FRA-banadera-love-plegable-con-reductor-y-te,Fravega,OTRAS,Bebés y Primera Infancia,Bañadera Love Plegable con Reductor y Termómetro B324 Gris,https://www.fravega.com/p/banadera-love-plegable-con-reductor-y-termometro-b324-gris-680905/,49999.0,29999.0,1,True
FRA-cochecito-de-bebe-paraguita-mu-reforzado,Fravega,OTRAS,Bebés y Primera Infancia,Cochecito de Bebe Paraguita MU Reforzado Color Gris,https://www.fravega.com/p/cochecito-de-bebe-paraguita-mu-reforzado-color-gris-680669/,99999.0,59999.0,1,True
FRA-silla-de-comer-love-610-gris-680424,Fravega,OTRAS,Bebés y Primera Infancia,Silla de Comer Love 610 Gris,https://www.fravega.com/p/silla-de-comer-love-610-gris-680424/,44999.0,29999.0,1,True
FRA-coche-bebesit-paraguitas-neuf-negro-y-bo,Fravega,OTRAS,Bebés y Primera Infancia,COCHE  BEBESIT PARAGÜITAS NEUF NEGRO Y BORDO,https://www.fravega.com/p/coche-bebesit-paraguitas-neuf-negro-y-bordo-990076685/,118499.0,82949.0,1,True
FRA-cochecito-bebesit-travel-system-1337-eos,Fravega,OTRAS,Bebés y Primera Infancia,Cochecito Bebesit travel system  1337 EOS azul,https://www.fravega.com/p/cochecito-bebesit-travel-system-1337-eos-azul-990169806/,504190.0,376838.0,1,True
FRA-cochecito-paraguita-cartan-stl100-beige-,Fravega,OTRAS,Bebés y Primera Infancia,Cochecito Paraguita Cartan STL100 Beige,https://www.fravega.com/p/cochecito-paraguita-cartan-stl100-beige-21456990/,127990.0,105776.86,1,True
FRA-coche-bebe-paraguita-plegable-negro-con-,Fravega,OTRAS,Bebés y Primera Infancia,Coche Bebe Paraguita Plegable Negro Con Capota Reclinable Ultra Liviano,https://www.fravega.com/p/coche-bebe-paraguita-plegable-negro-con-capota-reclinable-ultra-liviano-22482447/,127990.0,105776.86,1,True
FRA-coche-bebe-paraguita-plegable-beige-con-,Fravega,OTRAS,Bebés y Primera Infancia,Coche Bebe Paraguita Plegable Beige Con Capota Reclinable Ultra Liviano,https://www.fravega.com/p/coche-bebe-paraguita-plegable-beige-con-capota-reclinable-ultra-liviano-22482453/,127990.0,105776.86,1,True
FRA-cochecito-de-paseo-ultracompacto-bebesit,Fravega,OTRAS,Bebés y Primera Infancia,Cochecito de Paseo UltraCompacto Bebesit Beige,https://www.fravega.com/p/cochecito-de-paseo-ultracompacto-bebesit-beige-990245846/,176856.0,123799.0,1,True
FRA-cochecito-de-paseo-compacto-con-manija-v,Fravega,OTRAS,Bebés y Primera Infancia,Cochecito de Paseo Compacto Con Manija Verde Oscuro Bebesit,https://www.fravega.com/p/cochecito-de-paseo-compacto-con-manija-verde-oscuro-bebesit-990245852/,191399.0,133979.0,1,True
FRA-booster-s-respaldo-gofit-backless-410070,Fravega,OSTER,Bebés y Primera Infancia,Booster S/respaldo Gofit Backless (410070/10938),https://www.fravega.com/p/booster-s-respaldo-gofit-backless-410070-10938--990249437/,149990.0,129990.0,1,True
FRA-chicco-coche-de-paseo-glee-playful-black,Fravega,CHICCO,Bebés y Primera Infancia,Chicco Coche De Paseo Glee Playful Black 0808706875 27680 Negro,https://www.fravega.com/p/chicco-coche-de-paseo-glee-playful-black-0808706875-27680-negro-990267983/,499990.0,219990.0,1,True
FRA-cochecito-travel-system-infanti-padua-2g,Fravega,OTRAS,Bebés y Primera Infancia,Cochecito Travel System Infanti Padua 2G Negro,https://www.fravega.com/p/cochecito-travel-system-infanti-padua-2g-negro-990275243/,899999.0,445999.0,1,True
FRA-coche-cuna-de-bebes-reforzado-de-mickey-,Fravega,OTRAS,Bebés y Primera Infancia,Coche Cuna de Bebes Reforzado de Mickey Gris,https://www.fravega.com/p/coche-cuna-de-bebes-reforzado-de-mickey-gris-22721654/,169720.0,130555.0,1,True
FRA-cochecito-de-paseo-c-huevito-ultraplegab,Fravega,OTRAS,Bebés y Primera Infancia,Cochecito De Paseo C/Huevito Ultraplegable Azul + Caminador Musical - Celeste,https://www.fravega.com/p/cochecito-de-paseo-c-huevito-ultraplegable-azul-caminador-musical-celeste-990297637/,423756.0,296629.0,1,True
FRA-cochecito-con-moises-y-huevito-3-1-bring,Fravega,OTRAS,Bebés y Primera Infancia,Cochecito con Moises y Huevito 3 en 1 Bring Tryp rojo 5430,https://www.fravega.com/p/cochecito-con-moises-y-huevito-3-1-bring-tryp-rojo-5430-10007005/,492000.0,393599.0,1,True
FRA-cochecito-de-bebe-paraguitas-mini-cooper,Fravega,OTRAS,Bebés y Primera Infancia,Cochecito de Bebe Paragüitas Mini Cooper Buggy Blue,https://www.fravega.com/p/cochecito-de-bebe-paraguitas-mini-cooper-buggy-blue-10006858/,293000.0,234399.0,1,True
FRA-cochecito-de-bebe-paraguitas-mini-cooper,Fravega,OTRAS,Bebés y Primera Infancia,Cochecito de Bebe Paragüitas Mini Cooper Buggy Black Jack,https://www.fravega.com/p/cochecito-de-bebe-paraguitas-mini-cooper-buggy-black-jack-10006856/,293000.0,234399.0,1,True
FRA-manta-didactica-roff-gimnasio-proyector-,Fravega,OTRAS,Bebés y Primera Infancia,Manta Didáctica Roff Gimnasio Proyector Música Y Juguetes Bebe Verde,https://www.fravega.com/p/manta-didactica-roff-gimnasio-proyector-musica-y-juguetes-bebe-verde-680638/,95999.0,79338.02,1,True
FRA-alfombra-infantil-mawe-by-gadnic-antides,Fravega,OTRAS,Bebés y Primera Infancia,Alfombra Infantil Mawe By Gadnic Antideslizante e Impermeable Para Bebes,https://www.fravega.com/p/alfombra-infantil-mawe-by-gadnic-antideslizante-e-impermeable-para-bebes-990265932/,66494.0,51149.0,1,True
FRA-alfombra-sensorial-inflable-con-agua-y-a,Fravega,OTRAS,Bebés y Primera Infancia,Alfombra Sensorial Inflable con Agua y Aire Love 4230 Peces,https://www.fravega.com/p/alfombra-sensorial-inflable-con-agua-y-aire-love-4230-peces-680591/,10999.0,6999.0,1,True
FRA-mochila-porta-bebe-gadnic-ergonomica-20k,Fravega,OTRAS,Bebés y Primera Infancia,Mochila Porta Bebe Gadnic Ergonomica 20kg 3 en 1,https://www.fravega.com/p/mochila-porta-bebe-gadnic-ergonomica-20kg-3-1-990164232/,105624.0,81248.98,1,True
FRA-booster-para-ninos-love-2052-680464,Fravega,OSTER,Bebés y Primera Infancia,Booster Para Niños Love 2052,https://www.fravega.com/p/booster-para-ninos-love-2052-680464/,39999.0,24999.0,1,True
FRA-corralito-gimnasio-para-bebe-love-hex-gr,Fravega,OTRAS,Bebés y Primera Infancia,Corralito Gimnasio Para Bebé Love Hex Gris 880,https://www.fravega.com/p/corralito-gimnasio-para-bebe-love-hex-gris-880-680908/,69999.0,49999.0,1,True
FRA-coche-de-paseo-love-smart-1008-gris-6806,Fravega,OTRAS,Bebés y Primera Infancia,Coche de Paseo Love Smart 1008 Gris,https://www.fravega.com/p/coche-de-paseo-love-smart-1008-gris-680686/,249999.0,159999.0,1,True
FRA-caminador-con-musica-bebesit-1226-rosa-6,Fravega,OTRAS,Bebés y Primera Infancia,Caminador con Música Bebesit 1226 Rosa,https://www.fravega.com/p/caminador-con-musica-bebesit-1226-rosa-680474/,59999.0,44999.0,1,True
FRA-mamadera-avent-natural-response-scy903-0,Fravega,OTRAS,Bebés y Primera Infancia,Mamadera Avent Natural Response SCY903 01 260 Ml,https://www.fravega.com/p/mamadera-avent-natural-response-scy903-01-260-ml-680690/,44999.0,34999.0,1,True
FRA-banadera-love-plegable-con-reductor-y-te,Fravega,OTRAS,Bebés y Primera Infancia,Bañadera Love Plegable con Reductor y Termómetro B324 Gris,https://www.fravega.com/p/banadera-love-plegable-con-reductor-y-termometro-b324-gris-680905/,49999.0,29999.0,1,True
FRA-cochecito-de-bebe-paraguita-mu-reforzado,Fravega,OTRAS,Bebés y Primera Infancia,Cochecito de Bebe Paraguita MU Reforzado Color Gris,https://www.fravega.com/p/cochecito-de-bebe-paraguita-mu-reforzado-color-gris-680669/,99999.0,59999.0,1,True
FRA-silla-de-comer-love-610-gris-680424,Fravega,OTRAS,Bebés y Primera Infancia,Silla de Comer Love 610 Gris,https://www.fravega.com/p/silla-de-comer-love-610-gris-680424/,44999.0,29999.0,1,True
FRA-cochecito-de-bebe-paraguitas-mini-cooper,Fravega,OTRAS,Bebés y Primera Infancia,Cochecito de Bebe Paragüitas Mini Cooper Buggy XL Black Jack,https://www.fravega.com/p/cochecito-de-bebe-paraguitas-mini-cooper-buggy-xl-black-jack-10008123/,320200.0,256099.0,1,True
FRA-cochecito-de-bebe-paraguitas-mini-cooper,Fravega,OTRAS,Bebés y Primera Infancia,Cochecito de Bebé Paragüitas Mini Cooper Buggy XL Blazing Red,https://www.fravega.com/p/cochecito-de-bebe-paraguitas-mini-cooper-buggy-xl-blazing-red-10008090/,320200.0,256099.0,1,True
FRA-cochecito-de-bebe-paraguitas-mini-cooper,Fravega,OTRAS,Bebés y Primera Infancia,Cochecito de Bebe Paragüitas Mini Cooper Buggy Blazing Red,https://www.fravega.com/p/cochecito-de-bebe-paraguitas-mini-cooper-buggy-blazing-red-10006860/,293000.0,234399.0,1,True
FRA-cochecito-de-paseo-3-ruedas-love-297-roj,Fravega,OTRAS,Bebés y Primera Infancia,Cochecito de Paseo 3 Ruedas Love 297 Rojo 07,https://www.fravega.com/p/cochecito-de-paseo-3-ruedas-love-297-rojo-07-50005386/,149300.0,119399.0,1,True
FRA-discontinuado-cochecito-de-paseo-bright-,Fravega,OTRAS,Bebés y Primera Infancia,DISCONTINUADO - Cochecito de Paseo Bright starts Baby Jogger City Versa,https://www.fravega.com/p/discontinuado-cochecito-de-paseo-bright-starts-baby-jogger-city-versa-50005421/,1801400.0,1441099.0,1,True
FRA-cochecito-de-paseo-3-ruedas-love-297-lin,Fravega,OTRAS,Bebés y Primera Infancia,Cochecito de Paseo 3 Ruedas Love 297 Linen 07,https://www.fravega.com/p/cochecito-de-paseo-3-ruedas-love-297-linen-07-50005408/,149300.0,119399.0,1,True
FRA-coche-paraguita-bebesit-1058-neuf-negro-,Fravega,OTRAS,Bebés y Primera Infancia,Coche Paraguita Bebesit 1058 Neuf Negro Rojo,https://www.fravega.com/p/coche-paraguita-bebesit-1058-neuf-negro-rojo-50012677/,234928.0,143215.0,1,True
FRA-coche-paraguita-bebesit-1058-neuf-negro-,Fravega,OTRAS,Bebés y Primera Infancia,Coche Paraguita Bebesit 1058 Neuf Negro Bordo,https://www.fravega.com/p/coche-paraguita-bebesit-1058-neuf-negro-bordo-50012680/,234928.0,143215.0,1,True
FRA-coche-paraguita-bebesit-1058-neuf-negro-,Fravega,OTRAS,Bebés y Primera Infancia,Coche Paraguita Bebesit 1058 Neuf Negro,https://www.fravega.com/p/coche-paraguita-bebesit-1058-neuf-negro-50012683/,234928.0,143215.0,1,True
FRA-coche-paraguita-bebesit-1058-neuf-negro-,Fravega,OTRAS,Bebés y Primera Infancia,Coche Paraguita Bebesit 1058 Neuf Negro Verde,https://www.fravega.com/p/coche-paraguita-bebesit-1058-neuf-negro-verde-50012679/,234928.0,143215.0,1,True
FRA-coche-paraguitas-bebesit-1052-tours-negr,Fravega,OTRAS,Bebés y Primera Infancia,Coche Paraguitas Bebesit 1052 Tours Negro Lila,https://www.fravega.com/p/coche-paraguitas-bebesit-1052-tours-negro-lila-50012675/,175388.0,115986.99,1,True
FRA-coche-paraguitas-bebesit-1052-tours-negr,Fravega,OTRAS,Bebés y Primera Infancia,Coche Paraguitas Bebesit 1052 Tours Negro Celeste,https://www.fravega.com/p/coche-paraguitas-bebesit-1052-tours-negro-celeste-50012678/,175388.0,115986.99,1,True
FRA-coche-paraguitas-bebesit-1052-tours-negr,Fravega,OTRAS,Bebés y Primera Infancia,Coche Paraguitas Bebesit 1052 Tours Negro Verde,https://www.fravega.com/p/coche-paraguitas-bebesit-1052-tours-negro-verde-50012673/,175388.0,115986.99,1,True
FRA-coche-paraguitas-con-multiposiciones-dis,Fravega,OTRAS,Bebés y Primera Infancia,Coche Paraguitas con Multiposiciones Disney Gris y Rojo Mickey,https://www.fravega.com/p/coche-paraguitas-con-multiposiciones-disney-gris-y-rojo-mickey-50017015/,154280.0,100359.0,1,True
FRA-coche-paraguitas-con-multiposiciones-dis,Fravega,OTRAS,Bebés y Primera Infancia,Coche Paraguitas con Multiposiciones Disney Negro y Rojo Mickey,https://www.fravega.com/p/coche-paraguitas-con-multiposiciones-disney-negro-y-rojo-mickey-50017017/,154280.0,100359.0,1,True
FRA-manta-didactica-roff-gimnasio-proyector-,Fravega,OTRAS,Bebés y Primera Infancia,Manta Didáctica Roff Gimnasio Proyector Música Y Juguetes Bebe Verde,https://www.fravega.com/p/manta-didactica-roff-gimnasio-proyector-musica-y-juguetes-bebe-verde-680638/,95999.0,79338.02,1,True
FRA-alfombra-infantil-mawe-by-gadnic-antides,Fravega,OTRAS,Bebés y Primera Infancia,Alfombra Infantil Mawe By Gadnic Antideslizante e Impermeable Para Bebes,https://www.fravega.com/p/alfombra-infantil-mawe-by-gadnic-antideslizante-e-impermeable-para-bebes-990265932/,66494.0,51149.0,1,True
FRA-alfombra-sensorial-inflable-con-agua-y-a,Fravega,OTRAS,Bebés y Primera Infancia,Alfombra Sensorial Inflable con Agua y Aire Love 4230 Peces,https://www.fravega.com/p/alfombra-sensorial-inflable-con-agua-y-aire-love-4230-peces-680591/,10999.0,6999.0,1,True
FRA-mochila-porta-bebe-gadnic-ergonomica-20k,Fravega,OTRAS,Bebés y Primera Infancia,Mochila Porta Bebe Gadnic Ergonomica 20kg 3 en 1,https://www.fravega.com/p/mochila-porta-bebe-gadnic-ergonomica-20kg-3-1-990164232/,105624.0,81248.98,1,True
FRA-booster-para-ninos-love-2052-680464,Fravega,OSTER,Bebés y Primera Infancia,Booster Para Niños Love 2052,https://www.fravega.com/p/booster-para-ninos-love-2052-680464/,39999.0,24999.0,1,True
FRA-corralito-gimnasio-para-bebe-love-hex-gr,Fravega,OTRAS,Bebés y Primera Infancia,Corralito Gimnasio Para Bebé Love Hex Gris 880,https://www.fravega.com/p/corralito-gimnasio-para-bebe-love-hex-gris-880-680908/,69999.0,49999.0,1,True
FRA-coche-de-paseo-love-smart-1008-gris-6806,Fravega,OTRAS,Bebés y Primera Infancia,Coche de Paseo Love Smart 1008 Gris,https://www.fravega.com/p/coche-de-paseo-love-smart-1008-gris-680686/,249999.0,159999.0,1,True
FRA-caminador-con-musica-bebesit-1226-rosa-6,Fravega,OTRAS,Bebés y Primera Infancia,Caminador con Música Bebesit 1226 Rosa,https://www.fravega.com/p/caminador-con-musica-bebesit-1226-rosa-680474/,59999.0,44999.0,1,True
FRA-mamadera-avent-natural-response-scy903-0,Fravega,OTRAS,Bebés y Primera Infancia,Mamadera Avent Natural Response SCY903 01 260 Ml,https://www.fravega.com/p/mamadera-avent-natural-response-scy903-01-260-ml-680690/,44999.0,34999.0,1,True
FRA-banadera-love-plegable-con-reductor-y-te,Fravega,OTRAS,Bebés y Primera Infancia,Bañadera Love Plegable con Reductor y Termómetro B324 Gris,https://www.fravega.com/p/banadera-love-plegable-con-reductor-y-termometro-b324-gris-680905/,49999.0,29999.0,1,True
FRA-cochecito-de-bebe-paraguita-mu-reforzado,Fravega,OTRAS,Bebés y Primera Infancia,Cochecito de Bebe Paraguita MU Reforzado Color Gris,https://www.fravega.com/p/cochecito-de-bebe-paraguita-mu-reforzado-color-gris-680669/,99999.0,59999.0,1,True
FRA-silla-de-comer-love-610-gris-680424,Fravega,OTRAS,Bebés y Primera Infancia,Silla de Comer Love 610 Gris,https://www.fravega.com/p/silla-de-comer-love-610-gris-680424/,44999.0,29999.0,1,True
FRA-cochecito-moises-love-smart-1009-negro-g,Fravega,OTRAS,Bebés y Primera Infancia,Cochecito Moises Love Smart 1009 Negro Gold 2 en 1,https://www.fravega.com/p/cochecito-moises-love-smart-1009-negro-gold-2-1-20060568/,301200.0,240899.0,1,True
FRA-cochecito-moises-love-smart-1009-linen-0,Fravega,OTRAS,Bebés y Primera Infancia,Cochecito Moises Love Smart 1009 Linen 08 2 en 1,https://www.fravega.com/p/cochecito-moises-love-smart-1009-linen-08-2-1-20060569/,301200.0,240899.0,1,True
FRA-cochecito-huevito-love-smart-1010-azul--,Fravega,OTRAS,Bebés y Primera Infancia,Cochecito Huevito Love Smart 1010 Azul,https://www.fravega.com/p/cochecito-huevito-love-smart-1010-azul--20060572/,652900.0,522299.0,1,True
FRA-cochecito-love-smart-1011-rojo-ultrapleg,Fravega,OTRAS,Bebés y Primera Infancia,Cochecito Love Smart 1011 Rojo Ultraplegable,https://www.fravega.com/p/cochecito-love-smart-1011-rojo-ultraplegable-20060575/,243700.0,194899.0,1,True
FRA-cochecito-de-paseo-bebesit-1390-aeris-gr,Fravega,OTRAS,Bebés y Primera Infancia,Cochecito de Paseo Bebesit 1390 Aeris Gris,https://www.fravega.com/p/cochecito-de-paseo-bebesit-1390-aeris-gris-680929/,299999.0,154999.0,1,True
FRA-coche-cuna-de-bebe-travel-system-disney-,Fravega,OTRAS,Bebés y Primera Infancia,Coche Cuna de Bebe Travel System Disney Celeste Mickey,https://www.fravega.com/p/coche-cuna-de-bebe-travel-system-disney-celeste-mickey-20293896/,337520.0,236030.0,1,True
FRA-coche-cuna-de-bebe-con-3-posiciones-fiat,Fravega,OTRAS,Bebés y Primera Infancia,Coche Cuna de Bebe con 3 Posiciones Fiat Gris,https://www.fravega.com/p/coche-cuna-de-bebe-con-3-posiciones-fiat-gris-20363804/,190410.0,146470.0,1,True
FRA-cochecito-travel-system-gris-claro-con-m,Fravega,OTRAS,Bebés y Primera Infancia,Cochecito Travel System Gris Claro con Manillar Rebatible,https://www.fravega.com/p/cochecito-travel-system-gris-claro-con-manillar-rebatible-990049447/,9999999.0,497994.0,1,True
FRA-cochecito-de-paseo-eos-verde-oscuro-9900,Fravega,OTRAS,Bebés y Primera Infancia,Cochecito de Paseo EOS Verde Oscuro,https://www.fravega.com/p/cochecito-de-paseo-eos-verde-oscuro-990049444/,279172.0,179195.0,1,True
FRA-cochecito-travel-system-azul-con-manilla,Fravega,OTRAS,Bebés y Primera Infancia,Cochecito Travel System Azul con Manillar Rebatible,https://www.fravega.com/p/cochecito-travel-system-azul-con-manillar-rebatible-990049445/,642339.0,531842.0,1,True
FRA-coche-paraguitas-de-bebe-disney-3-posici,Fravega,OTRAS,Bebés y Primera Infancia,Coche Paraguitas de Bebe Disney 3 Posiciones Negro,https://www.fravega.com/p/coche-paraguitas-de-bebe-disney-3-posiciones-negro-20458410/,154280.0,100359.0,1,True
FRA-coche-paraguitas-de-bebe-disney-3-posici,Fravega,OTRAS,Bebés y Primera Infancia,Coche Paraguitas de Bebe Disney 3 Posiciones Negro Rojo,https://www.fravega.com/p/coche-paraguitas-de-bebe-disney-3-posiciones-negro-rojo-20458414/,154280.0,100359.0,1,True
FRA-coche-paraguitas-de-bebe-disney-3-posici,Fravega,OTRAS,Bebés y Primera Infancia,Coche Paraguitas de Bebe Disney 3 Posiciones Celeste,https://www.fravega.com/p/coche-paraguitas-de-bebe-disney-3-posiciones-celeste-20458415/,154280.0,100359.0,1,True
FRA-coche-paraguitas-de-bebe-fiat-3-posicion,Fravega,OTRAS,Bebés y Primera Infancia,Coche Paraguitas de Bebe Fiat 3 Posiciones Celeste,https://www.fravega.com/p/coche-paraguitas-de-bebe-fiat-3-posiciones-celeste-20458416/,154280.0,100359.0,1,True
FRA-coche-paraguitas-de-bebe-fiat-3-posicion,Fravega,OTRAS,Bebés y Primera Infancia,Coche Paraguitas de Bebe Fiat 3 Posiciones Negro,https://www.fravega.com/p/coche-paraguitas-de-bebe-fiat-3-posiciones-negro-20458417/,154280.0,100359.0,1,True
FRA-manta-didactica-roff-gimnasio-proyector-,Fravega,OTRAS,Bebés y Primera Infancia,Manta Didáctica Roff Gimnasio Proyector Música Y Juguetes Bebe Verde,https://www.fravega.com/p/manta-didactica-roff-gimnasio-proyector-musica-y-juguetes-bebe-verde-680638/,95999.0,79338.02,1,True
FRA-alfombra-infantil-mawe-by-gadnic-antides,Fravega,OTRAS,Bebés y Primera Infancia,Alfombra Infantil Mawe By Gadnic Antideslizante e Impermeable Para Bebes,https://www.fravega.com/p/alfombra-infantil-mawe-by-gadnic-antideslizante-e-impermeable-para-bebes-990265932/,66494.0,51149.0,1,True
FRA-alfombra-sensorial-inflable-con-agua-y-a,Fravega,OTRAS,Bebés y Primera Infancia,Alfombra Sensorial Inflable con Agua y Aire Love 4230 Peces,https://www.fravega.com/p/alfombra-sensorial-inflable-con-agua-y-aire-love-4230-peces-680591/,10999.0,6999.0,1,True
FRA-mochila-porta-bebe-gadnic-ergonomica-20k,Fravega,OTRAS,Bebés y Primera Infancia,Mochila Porta Bebe Gadnic Ergonomica 20kg 3 en 1,https://www.fravega.com/p/mochila-porta-bebe-gadnic-ergonomica-20kg-3-1-990164232/,105624.0,81248.98,1,True
FRA-booster-para-ninos-love-2052-680464,Fravega,OSTER,Bebés y Primera Infancia,Booster Para Niños Love 2052,https://www.fravega.com/p/booster-para-ninos-love-2052-680464/,39999.0,24999.0,1,True
FRA-corralito-gimnasio-para-bebe-love-hex-gr,Fravega,OTRAS,Bebés y Primera Infancia,Corralito Gimnasio Para Bebé Love Hex Gris 880,https://www.fravega.com/p/corralito-gimnasio-para-bebe-love-hex-gris-880-680908/,69999.0,49999.0,1,True
FRA-coche-de-paseo-love-smart-1008-gris-6806,Fravega,OTRAS,Bebés y Primera Infancia,Coche de Paseo Love Smart 1008 Gris,https://www.fravega.com/p/coche-de-paseo-love-smart-1008-gris-680686/,249999.0,159999.0,1,True
FRA-caminador-con-musica-bebesit-1226-rosa-6,Fravega,OTRAS,Bebés y Primera Infancia,Caminador con Música Bebesit 1226 Rosa,https://www.fravega.com/p/caminador-con-musica-bebesit-1226-rosa-680474/,59999.0,44999.0,1,True
FRA-mamadera-avent-natural-response-scy903-0,Fravega,OTRAS,Bebés y Primera Infancia,Mamadera Avent Natural Response SCY903 01 260 Ml,https://www.fravega.com/p/mamadera-avent-natural-response-scy903-01-260-ml-680690/,44999.0,34999.0,1,True
FRA-banadera-love-plegable-con-reductor-y-te,Fravega,OTRAS,Bebés y Primera Infancia,Bañadera Love Plegable con Reductor y Termómetro B324 Gris,https://www.fravega.com/p/banadera-love-plegable-con-reductor-y-termometro-b324-gris-680905/,49999.0,29999.0,1,True
FRA-cochecito-de-bebe-paraguita-mu-reforzado,Fravega,OTRAS,Bebés y Primera Infancia,Cochecito de Bebe Paraguita MU Reforzado Color Gris,https://www.fravega.com/p/cochecito-de-bebe-paraguita-mu-reforzado-color-gris-680669/,99999.0,59999.0,1,True
FRA-silla-de-comer-love-610-gris-680424,Fravega,OTRAS,Bebés y Primera Infancia,Silla de Comer Love 610 Gris,https://www.fravega.com/p/silla-de-comer-love-610-gris-680424/,44999.0,29999.0,1,True
FRA-cochecito-de-paseo-bebesit-eos-c-bandeja,Fravega,OTRAS,Bebés y Primera Infancia,Cochecito de paseo Bebesit Eos C/bandeja Superior Gris 1337-L,https://www.fravega.com/p/cochecito-de-paseo-bebesit-eos-c-bandeja-superior-gris-1337-l-990052858/,178627.0,125039.0,1,True
FRA-cochecito-bebesit-1052-tours-paraguita-n,Fravega,OTRAS,Bebés y Primera Infancia,Cochecito Bebesit 1052 Tours Paraguita Negro Lima,https://www.fravega.com/p/cochecito-bebesit-1052-tours-paraguita-negro-lima-990054592/,175388.0,115986.99,1,True
FRA-cochecito-de-bebe-paraguitas-bebesit-neu,Fravega,OTRAS,Bebés y Primera Infancia,Cochecito De Bebe Paraguitas Bebesit Neuf 1058d Negro Rojo,https://www.fravega.com/p/cochecito-de-bebe-paraguitas-bebesit-neuf-1058d-negro-rojo-21182921/,164337.47,152599.0,1,True
FRA-cochecito-de-paseo-plegado-automatico-ul,Fravega,OTRAS,Bebés y Primera Infancia,Cochecito de paseo Plegado Automatico ultra plegable Love 1012 Gris,https://www.fravega.com/p/cochecito-de-paseo-plegado-automatico-ultra-plegable-love-1012-gris-21183777/,295400.0,236299.0,1,True
FRA-coche-cuna-de-bebe-con-3-posiciones-disn,Fravega,OTRAS,Bebés y Primera Infancia,Coche Cuna de Bebe con 3 Posiciones Disney Negro Gris,https://www.fravega.com/p/coche-cuna-de-bebe-con-3-posiciones-disney-negro-gris-21186011/,190410.0,146470.0,1,True
FRA-coche-cuna-de-bebe-con-3-posiciones-disn,Fravega,OTRAS,Bebés y Primera Infancia,Coche Cuna de Bebe con 3 Posiciones Disney Negro Rosa,https://www.fravega.com/p/coche-cuna-de-bebe-con-3-posiciones-disney-negro-rosa-21186086/,190410.0,146470.0,1,True
FRA-cochecito-de-paseo-bebesit-1390-f-c-mani,Fravega,OTRAS,Bebés y Primera Infancia,Cochecito De Paseo Bebesit 1390-f C/manillar Rosa,https://www.fravega.com/p/cochecito-de-paseo-bebesit-1390-f-c-manillar-rosa-21187846/,293136.39,272198.0,1,True
FRA-cochecito-de-paseo-bebesit-eos-gris-oscu,Fravega,OTRAS,Bebés y Primera Infancia,Cochecito de Paseo Bebesit EOS Gris Oscuro,https://www.fravega.com/p/cochecito-de-paseo-bebesit-eos-gris-oscuro-990074229/,279172.0,179195.0,1,True
FRA-cochecito-de-paseo-azul-con-manillar-reb,Fravega,OTRAS,Bebés y Primera Infancia,Cochecito de Paseo  Azul con Manillar Rebatible 1390,https://www.fravega.com/p/cochecito-de-paseo-azul-con-manillar-rebatible-1390-990076388/,423144.0,272688.0,1,True
FRA-cochecito-de-paseo-con-manillar-rebatibl,Fravega,OTRAS,Bebés y Primera Infancia,Cochecito de Paseo con Manillar Rebatible Rosado,https://www.fravega.com/p/cochecito-de-paseo-con-manillar-rebatible-rosado-990076416/,423144.0,272688.0,1,True
FRA-coche-bebesit-paraguitas-neuf-negro-y-ro,Fravega,OTRAS,Bebés y Primera Infancia,COCHE BEBESIT PARAGÜITAS NEUF NEGRO Y ROJO,https://www.fravega.com/p/coche-bebesit-paraguitas-neuf-negro-y-rojo-990076677/,124399.0,87079.01,1,True
FRA-cochecito-de-paseo-con-manillar-rebatibl,Fravega,OTRAS,Bebés y Primera Infancia,Cochecito de Paseo con Manillar Rebatible Gris Claro,https://www.fravega.com/p/cochecito-de-paseo-con-manillar-rebatible-gris-claro-990142448/,423144.0,272688.0,1,True
FRA-coche-paraguitas-de-bebe-fiat-plegable-l,Fravega,OTRAS,Bebés y Primera Infancia,Coche Paraguitas de Bebe Fiat Plegable Liviano Verde,https://www.fravega.com/p/coche-paraguitas-de-bebe-fiat-plegable-liviano-verde-21220695/,141030.0,90540.0,1,True
FRA-coche-paraguitas-de-bebe-fiat-plegable-l,Fravega,OTRAS,Bebés y Primera Infancia,Coche Paraguitas de Bebe Fiat Plegable Liviano Rojo,https://www.fravega.com/p/coche-paraguitas-de-bebe-fiat-plegable-liviano-rojo-21220696/,141030.0,90540.0,1,True
FRA-manta-didactica-roff-gimnasio-proyector-,Fravega,OTRAS,Bebés y Primera Infancia,Manta Didáctica Roff Gimnasio Proyector Música Y Juguetes Bebe Verde,https://www.fravega.com/p/manta-didactica-roff-gimnasio-proyector-musica-y-juguetes-bebe-verde-680638/,95999.0,79338.02,1,True
FRA-alfombra-infantil-mawe-by-gadnic-antides,Fravega,OTRAS,Bebés y Primera Infancia,Alfombra Infantil Mawe By Gadnic Antideslizante e Impermeable Para Bebes,https://www.fravega.com/p/alfombra-infantil-mawe-by-gadnic-antideslizante-e-impermeable-para-bebes-990265932/,66494.0,51149.0,1,True
FRA-alfombra-sensorial-inflable-con-agua-y-a,Fravega,OTRAS,Bebés y Primera Infancia,Alfombra Sensorial Inflable con Agua y Aire Love 4230 Peces,https://www.fravega.com/p/alfombra-sensorial-inflable-con-agua-y-aire-love-4230-peces-680591/,10999.0,6999.0,1,True
FRA-mochila-porta-bebe-gadnic-ergonomica-20k,Fravega,OTRAS,Bebés y Primera Infancia,Mochila Porta Bebe Gadnic Ergonomica 20kg 3 en 1,https://www.fravega.com/p/mochila-porta-bebe-gadnic-ergonomica-20kg-3-1-990164232/,105624.0,81248.98,1,True
FRA-booster-para-ninos-love-2052-680464,Fravega,OSTER,Bebés y Primera Infancia,Booster Para Niños Love 2052,https://www.fravega.com/p/booster-para-ninos-love-2052-680464/,39999.0,24999.0,1,True
FRA-corralito-gimnasio-para-bebe-love-hex-gr,Fravega,OTRAS,Bebés y Primera Infancia,Corralito Gimnasio Para Bebé Love Hex Gris 880,https://www.fravega.com/p/corralito-gimnasio-para-bebe-love-hex-gris-880-680908/,69999.0,49999.0,1,True
FRA-coche-de-paseo-love-smart-1008-gris-6806,Fravega,OTRAS,Bebés y Primera Infancia,Coche de Paseo Love Smart 1008 Gris,https://www.fravega.com/p/coche-de-paseo-love-smart-1008-gris-680686/,249999.0,159999.0,1,True
FRA-caminador-con-musica-bebesit-1226-rosa-6,Fravega,OTRAS,Bebés y Primera Infancia,Caminador con Música Bebesit 1226 Rosa,https://www.fravega.com/p/caminador-con-musica-bebesit-1226-rosa-680474/,59999.0,44999.0,1,True
FRA-mamadera-avent-natural-response-scy903-0,Fravega,OTRAS,Bebés y Primera Infancia,Mamadera Avent Natural Response SCY903 01 260 Ml,https://www.fravega.com/p/mamadera-avent-natural-response-scy903-01-260-ml-680690/,44999.0,34999.0,1,True
FRA-banadera-love-plegable-con-reductor-y-te,Fravega,OTRAS,Bebés y Primera Infancia,Bañadera Love Plegable con Reductor y Termómetro B324 Gris,https://www.fravega.com/p/banadera-love-plegable-con-reductor-y-termometro-b324-gris-680905/,49999.0,29999.0,1,True
FRA-cochecito-de-bebe-paraguita-mu-reforzado,Fravega,OTRAS,Bebés y Primera Infancia,Cochecito de Bebe Paraguita MU Reforzado Color Gris,https://www.fravega.com/p/cochecito-de-bebe-paraguita-mu-reforzado-color-gris-680669/,99999.0,59999.0,1,True
FRA-silla-de-comer-love-610-gris-680424,Fravega,OTRAS,Bebés y Primera Infancia,Silla de Comer Love 610 Gris,https://www.fravega.com/p/silla-de-comer-love-610-gris-680424/,44999.0,29999.0,1,True
FRA-practicuna-love-beige-893-colchon-de-reg,Fravega,OTRAS,Bebés y Primera Infancia,Practicuna Love Beige 893 + Colchón de regalo,https://www.fravega.com/p/practicuna-love-beige-893-colchon-de-regalo-681170/,199999.0,134999.0,1,True
FRA-cuna-colecho-convertible-5-1-escritorio-,Fravega,OTRAS,Bebés y Primera Infancia,Cuna Colecho Convertible 5 En 1 Escritorio + Placard + Chifonier,https://www.fravega.com/p/cuna-colecho-convertible-5-1-escritorio-placard-chifonier-21255998/,798000.0,598500.0,1,True
FRA-practicuna-love-gris-833-colchon-de-rega,Fravega,OTRAS,Bebés y Primera Infancia,Practicuna Love Gris 833 + Colchón de regalo,https://www.fravega.com/p/practicuna-love-gris-833-colchon-de-regalo-680966/,199999.0,134999.0,1,True
FRA-corralito-plegable-bebe-hexagonal-mawe-b,Fravega,OTRAS,Bebés y Primera Infancia,Corralito Plegable Bebe Hexagonal Mawe by Gadnic Tela Oxford 210D,https://www.fravega.com/p/corralito-plegable-bebe-hexagonal-mawe-by-gadnic-tela-oxford-210d-990290154/,102374.0,78749.0,1,True
FRA-colchon-para-practicuna-70x100x10-215002,Fravega,OTRAS,Bebés y Primera Infancia,Colchón Para Practicuna 70x100x10,https://www.fravega.com/p/colchon-para-practicuna-70x100x10-21500213/,72772.0,50940.0,1,True
FRA-cuna-colecho-near-crib-cosco-gris-990291,Fravega,OTRAS,Bebés y Primera Infancia,Cuna Colecho Near Crib Cosco Gris,https://www.fravega.com/p/cuna-colecho-near-crib-cosco-gris-990291950/,499999.0,189999.0,1,True
FRA-practicuna-colecho-bebesit-gris-con-mosq,Fravega,OTRAS,Bebés y Primera Infancia,Practicuna Colecho Bebesit Gris Con Mosquitero,https://www.fravega.com/p/practicuna-colecho-bebesit-gris-con-mosquitero-990173487/,216113.0,151279.0,1,True
FRA-corralito-inflable-my-first-gym-intex-68,Fravega,OTRAS,Bebés y Primera Infancia,Corralito Inflable My First Gym Intex,https://www.fravega.com/p/corralito-inflable-my-first-gym-intex-680745/,59999.0,39999.0,1,True
FRA-practicuna-funky-fresh-luna-funkyeco-par,Fravega,OTRAS,Bebés y Primera Infancia,Practicuna Funky Fresh Luna Funkyeco Para Bebés Color Rosa,https://www.fravega.com/p/practicuna-funky-fresh-luna-funkyeco-para-bebes-color-rosa-22467279/,178698.0,89349.0,1,True
FRA-colchon-80x140x10-cuna-funcional--215002,Fravega,OTRAS,Bebés y Primera Infancia,Colchón 80x140x10 Cuna Funcional,https://www.fravega.com/p/colchon-80x140x10-cuna-funcional--21500217/,96697.0,67688.0,1,True
FRA-colchon-de-cuna-60x120x10-21500208,Fravega,OTRAS,Bebés y Primera Infancia,Colchón De Cuna 60x120x10,https://www.fravega.com/p/colchon-de-cuna-60x120x10-21500208/,71258.0,49881.0,1,True
FRA-corralito-hexagonal-playard-cosco-grey-9,Fravega,OTRAS,Bebés y Primera Infancia,Corralito Hexagonal Playard Cosco Grey,https://www.fravega.com/p/corralito-hexagonal-playard-cosco-grey-990291963/,199999.0,64999.0,1,True
FRA-cuna-colecho-near-crib-cosco-rosa-990291,Fravega,OTRAS,Bebés y Primera Infancia,Cuna Colecho Near Crib Cosco Rosa,https://www.fravega.com/p/cuna-colecho-near-crib-cosco-rosa-990291952/,499999.0,189999.0,1,True
FRA-manta-didactica-roff-gimnasio-proyector-,Fravega,OTRAS,Bebés y Primera Infancia,Manta Didáctica Roff Gimnasio Proyector Música Y Juguetes Bebe Verde,https://www.fravega.com/p/manta-didactica-roff-gimnasio-proyector-musica-y-juguetes-bebe-verde-680638/,95999.0,79338.02,1,True
FRA-alfombra-infantil-mawe-by-gadnic-antides,Fravega,OTRAS,Bebés y Primera Infancia,Alfombra Infantil Mawe By Gadnic Antideslizante e Impermeable Para Bebes,https://www.fravega.com/p/alfombra-infantil-mawe-by-gadnic-antideslizante-e-impermeable-para-bebes-990265932/,66494.0,51149.0,1,True
FRA-alfombra-sensorial-inflable-con-agua-y-a,Fravega,OTRAS,Bebés y Primera Infancia,Alfombra Sensorial Inflable con Agua y Aire Love 4230 Peces,https://www.fravega.com/p/alfombra-sensorial-inflable-con-agua-y-aire-love-4230-peces-680591/,10999.0,6999.0,1,True
FRA-mochila-porta-bebe-gadnic-ergonomica-20k,Fravega,OTRAS,Bebés y Primera Infancia,Mochila Porta Bebe Gadnic Ergonomica 20kg 3 en 1,https://www.fravega.com/p/mochila-porta-bebe-gadnic-ergonomica-20kg-3-1-990164232/,105624.0,81248.98,1,True
FRA-booster-para-ninos-love-2052-680464,Fravega,OSTER,Bebés y Primera Infancia,Booster Para Niños Love 2052,https://www.fravega.com/p/booster-para-ninos-love-2052-680464/,39999.0,24999.0,1,True
FRA-corralito-gimnasio-para-bebe-love-hex-gr,Fravega,OTRAS,Bebés y Primera Infancia,Corralito Gimnasio Para Bebé Love Hex Gris 880,https://www.fravega.com/p/corralito-gimnasio-para-bebe-love-hex-gris-880-680908/,69999.0,49999.0,1,True
FRA-coche-de-paseo-love-smart-1008-gris-6806,Fravega,OTRAS,Bebés y Primera Infancia,Coche de Paseo Love Smart 1008 Gris,https://www.fravega.com/p/coche-de-paseo-love-smart-1008-gris-680686/,249999.0,159999.0,1,True
FRA-caminador-con-musica-bebesit-1226-rosa-6,Fravega,OTRAS,Bebés y Primera Infancia,Caminador con Música Bebesit 1226 Rosa,https://www.fravega.com/p/caminador-con-musica-bebesit-1226-rosa-680474/,59999.0,44999.0,1,True
FRA-mamadera-avent-natural-response-scy903-0,Fravega,OTRAS,Bebés y Primera Infancia,Mamadera Avent Natural Response SCY903 01 260 Ml,https://www.fravega.com/p/mamadera-avent-natural-response-scy903-01-260-ml-680690/,44999.0,34999.0,1,True
FRA-banadera-love-plegable-con-reductor-y-te,Fravega,OTRAS,Bebés y Primera Infancia,Bañadera Love Plegable con Reductor y Termómetro B324 Gris,https://www.fravega.com/p/banadera-love-plegable-con-reductor-y-termometro-b324-gris-680905/,49999.0,29999.0,1,True
FRA-cochecito-de-bebe-paraguita-mu-reforzado,Fravega,OTRAS,Bebés y Primera Infancia,Cochecito de Bebe Paraguita MU Reforzado Color Gris,https://www.fravega.com/p/cochecito-de-bebe-paraguita-mu-reforzado-color-gris-680669/,99999.0,59999.0,1,True
FRA-silla-de-comer-love-610-gris-680424,Fravega,OTRAS,Bebés y Primera Infancia,Silla de Comer Love 610 Gris,https://www.fravega.com/p/silla-de-comer-love-610-gris-680424/,44999.0,29999.0,1,True
FRA-corralito-inflable-baby-gym-intex-19611-,Fravega,OTRAS,Bebés y Primera Infancia,Corralito Inflable Baby Gym Intex 19611 Amarillo,https://www.fravega.com/p/corralito-inflable-baby-gym-intex-19611-amarillo-680706/,79999.0,49999.0,1,True
FRA-colchon-50x100x10-cuna--21500206,Fravega,OTRAS,Bebés y Primera Infancia,Colchón 50x100x10 Cuna,https://www.fravega.com/p/colchon-50x100x10-cuna--21500206/,59457.0,41620.0,1,True
FRA-practicuna-funky-fresh-luna-funkyeco-par,Fravega,OTRAS,Bebés y Primera Infancia,Practicuna Funky Fresh Luna Funkyeco Para Bebés Color Gris Oscuro,https://www.fravega.com/p/practicuna-funky-fresh-luna-funkyeco-para-bebes-color-gris-oscuro-22467269/,178698.0,89349.0,1,True
FRA-colchon-de-espuma-cannon-cuna-infantil-9,Fravega,OTRAS,Bebés y Primera Infancia,Colchon De Espuma Cannon Cuna Infantil  97cm X 65cm X 10cm,https://www.fravega.com/p/colchon-de-espuma-cannon-cuna-infantil-97cm-x-65cm-x-10cm-22731879/,142906.71,132699.0,1,True
FRA-pelotero-montessori-bebes-ninos-rigido-9,Fravega,OTRAS,Bebés y Primera Infancia,Pelotero Montessori Bebes Niños Rígido 90cm  Gris Corralito,https://www.fravega.com/p/pelotero-montessori-bebes-ninos-rigido-90cm-gris-corralito-22766203/,120000.0,79999.0,1,True
FRA-corral-para-bebes-mawe-by-gadnic-120cm-a,Fravega,OTRAS,Bebés y Primera Infancia,Corral Para Bebes Mawe By Gadnic 120cm Alfombra Anillos De Agarre Espuma Protectora,https://www.fravega.com/p/corral-para-bebes-mawe-by-gadnic-120cm-alfombra-anillos-de-agarre-espuma-protectora-990290157/,233900.0,179922.99,1,True
FRA-corralito-hexagonal-playard-cosco-grey-9,Fravega,OTRAS,Bebés y Primera Infancia,Corralito Hexagonal Playard Cosco Grey,https://www.fravega.com/p/corralito-hexagonal-playard-cosco-grey-990291963/,199999.0,64999.0,1,True
FRA-cuna-colecho-near-crib-cosco-rosa-990291,Fravega,OTRAS,Bebés y Primera Infancia,Cuna Colecho Near Crib Cosco Rosa,https://www.fravega.com/p/cuna-colecho-near-crib-cosco-rosa-990291952/,499999.0,189999.0,1,True
FRA-corralito-inflable-cuadrado-baby-gym-int,Fravega,OTRAS,Bebés y Primera Infancia,Corralito inflable Cuadrado Baby Gym Intex,https://www.fravega.com/p/corralito-inflable-cuadrado-baby-gym-intex-10015568/,111054.0,99949.0,1,True
FRA-corralito-inflable-redondo-intex-my-firs,Fravega,OTRAS,Bebés y Primera Infancia,Corralito Inflable Redondo Intex My First Gym,https://www.fravega.com/p/corralito-inflable-redondo-intex-my-first-gym-10015570/,83290.0,74961.0,1,True
FRA-vibrador-para-cuna-love-800-negro-500055,Fravega,OTRAS,Bebés y Primera Infancia,Vibrador para Cuna Love 800 Negro,https://www.fravega.com/p/vibrador-para-cuna-love-800-negro-50005528/,17000.0,13599.0,1,True
FRA-practicuna-colecho-bebesit-rosa-50039697,Fravega,OTRAS,Bebés y Primera Infancia,Practicuna Colecho Bebesit Rosa,https://www.fravega.com/p/practicuna-colecho-bebesit-rosa-50039697/,292954.0,191464.0,1,True
FRA-practicuna-colecho-bebesit-celeste-50039,Fravega,OTRAS,Bebés y Primera Infancia,Practicuna Colecho Bebesit Celeste,https://www.fravega.com/p/practicuna-colecho-bebesit-celeste-50039696/,292954.0,191464.0,1,True
FRA-practicuna-bebesit-2105-cambiador-mosqui,Fravega,OTRAS,Bebés y Primera Infancia,Practicuna Bebesit 2105 Cambiador Mosquitero,https://www.fravega.com/p/practicuna-bebesit-2105-cambiador-mosquitero-990024538/,230087.0,148787.0,1,True
FRA-corralito-bebes-y-ninos-1-20x1-20x60-mon,Fravega,OTRAS,Bebés y Primera Infancia,Corralito Bebés Y Niños (1.20x1.20x60) Montessori,https://www.fravega.com/p/corralito-bebes-y-ninos-1-20x1-20x60-montessori-20348968/,228332.5,109450.0,1,True
FRA-manta-didactica-roff-gimnasio-proyector-,Fravega,OTRAS,Bebés y Primera Infancia,Manta Didáctica Roff Gimnasio Proyector Música Y Juguetes Bebe Verde,https://www.fravega.com/p/manta-didactica-roff-gimnasio-proyector-musica-y-juguetes-bebe-verde-680638/,95999.0,79338.02,1,True
FRA-alfombra-infantil-mawe-by-gadnic-antides,Fravega,OTRAS,Bebés y Primera Infancia,Alfombra Infantil Mawe By Gadnic Antideslizante e Impermeable Para Bebes,https://www.fravega.com/p/alfombra-infantil-mawe-by-gadnic-antideslizante-e-impermeable-para-bebes-990265932/,66494.0,51149.0,1,True
FRA-alfombra-sensorial-inflable-con-agua-y-a,Fravega,OTRAS,Bebés y Primera Infancia,Alfombra Sensorial Inflable con Agua y Aire Love 4230 Peces,https://www.fravega.com/p/alfombra-sensorial-inflable-con-agua-y-aire-love-4230-peces-680591/,10999.0,6999.0,1,True
FRA-mochila-porta-bebe-gadnic-ergonomica-20k,Fravega,OTRAS,Bebés y Primera Infancia,Mochila Porta Bebe Gadnic Ergonomica 20kg 3 en 1,https://www.fravega.com/p/mochila-porta-bebe-gadnic-ergonomica-20kg-3-1-990164232/,105624.0,81248.98,1,True
FRA-booster-para-ninos-love-2052-680464,Fravega,OSTER,Bebés y Primera Infancia,Booster Para Niños Love 2052,https://www.fravega.com/p/booster-para-ninos-love-2052-680464/,39999.0,24999.0,1,True
FRA-corralito-gimnasio-para-bebe-love-hex-gr,Fravega,OTRAS,Bebés y Primera Infancia,Corralito Gimnasio Para Bebé Love Hex Gris 880,https://www.fravega.com/p/corralito-gimnasio-para-bebe-love-hex-gris-880-680908/,69999.0,49999.0,1,True
FRA-coche-de-paseo-love-smart-1008-gris-6806,Fravega,OTRAS,Bebés y Primera Infancia,Coche de Paseo Love Smart 1008 Gris,https://www.fravega.com/p/coche-de-paseo-love-smart-1008-gris-680686/,249999.0,159999.0,1,True
FRA-caminador-con-musica-bebesit-1226-rosa-6,Fravega,OTRAS,Bebés y Primera Infancia,Caminador con Música Bebesit 1226 Rosa,https://www.fravega.com/p/caminador-con-musica-bebesit-1226-rosa-680474/,59999.0,44999.0,1,True
FRA-mamadera-avent-natural-response-scy903-0,Fravega,OTRAS,Bebés y Primera Infancia,Mamadera Avent Natural Response SCY903 01 260 Ml,https://www.fravega.com/p/mamadera-avent-natural-response-scy903-01-260-ml-680690/,44999.0,34999.0,1,True
FRA-banadera-love-plegable-con-reductor-y-te,Fravega,OTRAS,Bebés y Primera Infancia,Bañadera Love Plegable con Reductor y Termómetro B324 Gris,https://www.fravega.com/p/banadera-love-plegable-con-reductor-y-termometro-b324-gris-680905/,49999.0,29999.0,1,True
FRA-cochecito-de-bebe-paraguita-mu-reforzado,Fravega,OTRAS,Bebés y Primera Infancia,Cochecito de Bebe Paraguita MU Reforzado Color Gris,https://www.fravega.com/p/cochecito-de-bebe-paraguita-mu-reforzado-color-gris-680669/,99999.0,59999.0,1,True
FRA-silla-de-comer-love-610-gris-680424,Fravega,OTRAS,Bebés y Primera Infancia,Silla de Comer Love 610 Gris,https://www.fravega.com/p/silla-de-comer-love-610-gris-680424/,44999.0,29999.0,1,True
FRA-cuna-de-viaje-3-1-swift-beyond-graphite-,Fravega,OTRAS,Bebés y Primera Infancia,CUNA DE VIAJE 3 EN 1 SWIFT BEYOND GRAPHITE ECO MAXI COSI,https://www.fravega.com/p/cuna-de-viaje-3-1-swift-beyond-graphite-eco-maxi-cosi-990275588/,999999.0,735999.0,1,True
FRA-cuna-moises-para-bebe-esmeralda-gris-saf,Fravega,OTRAS,Bebés y Primera Infancia,CUNA MOISES PARA BEBE ESMERALDA GRIS SAFETY 1ST,https://www.fravega.com/p/cuna-moises-para-bebe-esmeralda-gris-safety-1st-990275465/,289999.0,149999.0,1,True
FRA-cuna-colecho-iora-air-maxi-cosi-beyond-g,Fravega,OTRAS,Bebés y Primera Infancia,CUNA COLECHO IORA AIR MAXI COSI BEYOND GREY ECO,https://www.fravega.com/p/cuna-colecho-iora-air-maxi-cosi-beyond-grey-eco-990275273/,899999.0,797999.0,1,True
FRA-cuna-colecho-tori-beyond-graphite-eco-ma,Fravega,OTRAS,Bebés y Primera Infancia,CUNA COLECHO TORI BEYOND GRAPHITE ECO MAXI COSI,https://www.fravega.com/p/cuna-colecho-tori-beyond-graphite-eco-maxi-cosi-990275272/,799999.0,469999.0,1,True
FRA-cuna-moises-colecho-bebe-gema-marengo-sa,Fravega,OTRAS,Bebés y Primera Infancia,CUNA MOISES COLECHO BEBE GEMA MARENGO SAFETY 1ST,https://www.fravega.com/p/cuna-moises-colecho-bebe-gema-marengo-safety-1st-990275269/,355999.0,249999.0,1,True
FRA-cuna-colecho-iora-beyond-graphite-eco-99,Fravega,OTRAS,Bebés y Primera Infancia,Cuna colecho Iora Beyond Graphite Eco,https://www.fravega.com/p/cuna-colecho-iora-beyond-graphite-eco-990275264/,999999.0,668999.0,1,True
FRA-cuna-colecho-moises-bebe-gema-gris-safet,Fravega,OTRAS,Bebés y Primera Infancia,CUNA COLECHO MOISES BEBE GEMA GRIS SAFETY 1ST,https://www.fravega.com/p/cuna-colecho-moises-bebe-gema-gris-safety-1st-990275262/,355999.0,249999.0,1,True
FRA-cuna-colecho-infanti-better-together-gri,Fravega,OTRAS,Bebés y Primera Infancia,Cuna colecho Infanti Better Together gris oscuro,https://www.fravega.com/p/cuna-colecho-infanti-better-together-gris-oscuro-990275261/,499999.0,299999.0,1,True
FRA-cuna-colecho-infanti-better-together-gri,Fravega,OTRAS,Bebés y Primera Infancia,Cuna colecho Infanti Better Together gris claro,https://www.fravega.com/p/cuna-colecho-infanti-better-together-gris-claro-990275260/,499999.0,299999.0,1,True
FRA-corralito-bebesit-2119-gris-990239661,Fravega,OTRAS,Bebés y Primera Infancia,Corralito Bebesit 2119 Gris,https://www.fravega.com/p/corralito-bebesit-2119-gris-990239661/,86473.0,61390.0,1,True
FRA-corralito-bebesit-2119-rosa-990235534,Fravega,OTRAS,Bebés y Primera Infancia,Corralito Bebesit 2119 Rosa,https://www.fravega.com/p/corralito-bebesit-2119-rosa-990235534/,86473.0,61390.0,1,True
FRA-corralito-bebesit-2119-celeste-990235533,Fravega,OTRAS,Bebés y Primera Infancia,Corralito Bebesit 2119 Celeste,https://www.fravega.com/p/corralito-bebesit-2119-celeste-990235533/,86473.0,61390.0,1,True
FRA-bebesit-practicuna-colecho-rosa-gris-202,Fravega,OTRAS,Bebés y Primera Infancia,Bebesit Practicuna Colecho Rosa-gris 2021-b,https://www.fravega.com/p/bebesit-practicuna-colecho-rosa-gris-2021-b-990227958/,174999.99,139999.99,1,True
FRA-practicuna-cuna-plegable-felcraft-deluxe,Fravega,OTRAS,Bebés y Primera Infancia,Practicuna Cuna Plegable Felcraft Deluxe Cambiador Y Movil,https://www.fravega.com/p/practicuna-cuna-plegable-felcraft-deluxe-cambiador-y-movil-990178956/,409119.0,338114.88,1,True
FRA-chicco-luz-de-noche-goodnight-bear-blue-,Fravega,CHICCO,Bebés y Primera Infancia,Chicco Luz De Noche Goodnight Bear Blue 91562,https://www.fravega.com/p/chicco-luz-de-noche-goodnight-bear-blue-91562-990052273/,84990.0,54990.0,1,True
FRA-manta-didactica-roff-gimnasio-proyector-,Fravega,OTRAS,Bebés y Primera Infancia,Manta Didáctica Roff Gimnasio Proyector Música Y Juguetes Bebe Verde,https://www.fravega.com/p/manta-didactica-roff-gimnasio-proyector-musica-y-juguetes-bebe-verde-680638/,95999.0,79338.02,1,True
FRA-alfombra-infantil-mawe-by-gadnic-antides,Fravega,OTRAS,Bebés y Primera Infancia,Alfombra Infantil Mawe By Gadnic Antideslizante e Impermeable Para Bebes,https://www.fravega.com/p/alfombra-infantil-mawe-by-gadnic-antideslizante-e-impermeable-para-bebes-990265932/,66494.0,51149.0,1,True
FRA-alfombra-sensorial-inflable-con-agua-y-a,Fravega,OTRAS,Bebés y Primera Infancia,Alfombra Sensorial Inflable con Agua y Aire Love 4230 Peces,https://www.fravega.com/p/alfombra-sensorial-inflable-con-agua-y-aire-love-4230-peces-680591/,10999.0,6999.0,1,True
FRA-mochila-porta-bebe-gadnic-ergonomica-20k,Fravega,OTRAS,Bebés y Primera Infancia,Mochila Porta Bebe Gadnic Ergonomica 20kg 3 en 1,https://www.fravega.com/p/mochila-porta-bebe-gadnic-ergonomica-20kg-3-1-990164232/,105624.0,81248.98,1,True
FRA-booster-para-ninos-love-2052-680464,Fravega,OSTER,Bebés y Primera Infancia,Booster Para Niños Love 2052,https://www.fravega.com/p/booster-para-ninos-love-2052-680464/,39999.0,24999.0,1,True
FRA-corralito-gimnasio-para-bebe-love-hex-gr,Fravega,OTRAS,Bebés y Primera Infancia,Corralito Gimnasio Para Bebé Love Hex Gris 880,https://www.fravega.com/p/corralito-gimnasio-para-bebe-love-hex-gris-880-680908/,69999.0,49999.0,1,True
FRA-coche-de-paseo-love-smart-1008-gris-6806,Fravega,OTRAS,Bebés y Primera Infancia,Coche de Paseo Love Smart 1008 Gris,https://www.fravega.com/p/coche-de-paseo-love-smart-1008-gris-680686/,249999.0,159999.0,1,True
FRA-caminador-con-musica-bebesit-1226-rosa-6,Fravega,OTRAS,Bebés y Primera Infancia,Caminador con Música Bebesit 1226 Rosa,https://www.fravega.com/p/caminador-con-musica-bebesit-1226-rosa-680474/,59999.0,44999.0,1,True
FRA-mamadera-avent-natural-response-scy903-0,Fravega,OTRAS,Bebés y Primera Infancia,Mamadera Avent Natural Response SCY903 01 260 Ml,https://www.fravega.com/p/mamadera-avent-natural-response-scy903-01-260-ml-680690/,44999.0,34999.0,1,True
FRA-banadera-love-plegable-con-reductor-y-te,Fravega,OTRAS,Bebés y Primera Infancia,Bañadera Love Plegable con Reductor y Termómetro B324 Gris,https://www.fravega.com/p/banadera-love-plegable-con-reductor-y-termometro-b324-gris-680905/,49999.0,29999.0,1,True
FRA-cochecito-de-bebe-paraguita-mu-reforzado,Fravega,OTRAS,Bebés y Primera Infancia,Cochecito de Bebe Paraguita MU Reforzado Color Gris,https://www.fravega.com/p/cochecito-de-bebe-paraguita-mu-reforzado-color-gris-680669/,99999.0,59999.0,1,True
FRA-silla-de-comer-love-610-gris-680424,Fravega,OTRAS,Bebés y Primera Infancia,Silla de Comer Love 610 Gris,https://www.fravega.com/p/silla-de-comer-love-610-gris-680424/,44999.0,29999.0,1,True
FRA-proyector-cuna-chicco-next2moon-musica-c,Fravega,CHICCO,Bebés y Primera Infancia,Proyector Cuna Chicco Next2moon Música Clásica 9828,https://www.fravega.com/p/proyector-cuna-chicco-next2moon-musica-clasica-9828-990052271/,129990.0,89989.99,1,True
FRA-chicco-carrusel-next2-dreams-3-1-76271-9,Fravega,CHICCO,Bebés y Primera Infancia,Chicco Carrusel Next2 Dreams 3 En 1 76271,https://www.fravega.com/p/chicco-carrusel-next2-dreams-3-1-76271-990052224/,149990.0,79990.0,1,True
FRA-practicuna-bebesit-2105-cambiador-mosqui,Fravega,OTRAS,Bebés y Primera Infancia,Practicuna Bebesit 2105 Cambiador Mosquitero,https://www.fravega.com/p/practicuna-bebesit-2105-cambiador-mosquitero-990024538/,230087.0,148787.0,1,True
FRA-practicuna-colecho-bebesit-rosa-50039697,Fravega,OTRAS,Bebés y Primera Infancia,Practicuna Colecho Bebesit Rosa,https://www.fravega.com/p/practicuna-colecho-bebesit-rosa-50039697/,292954.0,191464.0,1,True
FRA-practicuna-colecho-bebesit-celeste-50039,Fravega,OTRAS,Bebés y Primera Infancia,Practicuna Colecho Bebesit Celeste,https://www.fravega.com/p/practicuna-colecho-bebesit-celeste-50039696/,292954.0,191464.0,1,True
FRA-vibrador-para-cuna-love-800-negro-500055,Fravega,OTRAS,Bebés y Primera Infancia,Vibrador para Cuna Love 800 Negro,https://www.fravega.com/p/vibrador-para-cuna-love-800-negro-50005528/,17000.0,13599.0,1,True
FRA-alberca-de-pelotas-de-espuma-shjade-shj-,Fravega,OTRAS,Bebés y Primera Infancia,Alberca de Pelotas de Espuma SHJADE SHJ-2001 de,https://www.fravega.com/p/alberca-de-pelotas-de-espuma-shjade-shj-2001-de-22940359/,214272.0,160704.0,1,True
FRA-anillos-de-dominadas-para-bebe-tdgbih-se,Fravega,OTRAS,Bebés y Primera Infancia,Anillos de dominadas para bebe TDGBIH set de 4,https://www.fravega.com/p/anillos-de-dominadas-para-bebe-tdgbih-set-de-4-22934559/,72912.0,54684.0,1,True
FRA-organizador-colgante-de-panales-surebaby,Fravega,LG,Bebés y Primera Infancia,Organizador Colgante De Pañales Surebaby 3 En 1,https://www.fravega.com/p/organizador-colgante-de-panales-surebaby-3-1-22933225/,132165.0,99124.0,1,True
FRA-sillon-peluche-puff-cama-infantiles-pleg,Fravega,OTRAS,Bebés y Primera Infancia,"Sillón Peluche Puff Cama Infantiles,plegable De Sherpa  Gris",https://www.fravega.com/p/sillon-peluche-puff-cama-infantiles-plegable-de-sherpa-gris-22766232/,150000.0,99999.0,1,True
FRA-practicuna-corralito-plegable-transporta,Fravega,OTRAS,Bebés y Primera Infancia,Practicuna Corralito Plegable Transportable Bebesit 2105-ad Celeste Lisa,https://www.fravega.com/p/practicuna-corralito-plegable-transportable-bebesit-2105-ad-celeste-lisa-22722753/,151737.47,140899.0,1,True
FRA-practicuna-corralito-plegable-transporta,Fravega,OTRAS,Bebés y Primera Infancia,Practicuna Corralito Plegable Transportable Bebesit 2105-ab Gris Liso,https://www.fravega.com/p/practicuna-corralito-plegable-transportable-bebesit-2105-ab-gris-liso-22696833/,153137.47,142199.0,1,True
FRA-corralito-hexagonal-bebesit-2119c-rosa-e,Fravega,OTRAS,Bebés y Primera Infancia,Corralito Hexagonal Bebesit 2119c Rosa Estructura De Cano Rosa,https://www.fravega.com/p/corralito-hexagonal-bebesit-2119c-rosa-estructura-de-cano-rosa-22656767/,71937.48,66799.0,1,True
FRA-corralito-hexagonal-bebesit-2119b-celest,Fravega,OTRAS,Bebés y Primera Infancia,Corralito Hexagonal Bebesit 2119b Celeste Estructura De Cano Celeste,https://www.fravega.com/p/corralito-hexagonal-bebesit-2119b-celeste-estructura-de-cano-celeste-22656764/,71937.48,66799.0,1,True
FRA-movil-musical-suenos-de-cuna-zorro-winfu,Fravega,OTRAS,Bebés y Primera Infancia,Movil Musical Sueños De Cuna Zorro Winfun,https://www.fravega.com/p/movil-musical-suenos-de-cuna-zorro-winfun-22537973/,106625.0,82399.0,1,True
FRA-manta-didactica-roff-gimnasio-proyector-,Fravega,OTRAS,Bebés y Primera Infancia,Manta Didáctica Roff Gimnasio Proyector Música Y Juguetes Bebe Verde,https://www.fravega.com/p/manta-didactica-roff-gimnasio-proyector-musica-y-juguetes-bebe-verde-680638/,95999.0,79338.02,1,True
FRA-alfombra-infantil-mawe-by-gadnic-antides,Fravega,OTRAS,Bebés y Primera Infancia,Alfombra Infantil Mawe By Gadnic Antideslizante e Impermeable Para Bebes,https://www.fravega.com/p/alfombra-infantil-mawe-by-gadnic-antideslizante-e-impermeable-para-bebes-990265932/,66494.0,51149.0,1,True
FRA-alfombra-sensorial-inflable-con-agua-y-a,Fravega,OTRAS,Bebés y Primera Infancia,Alfombra Sensorial Inflable con Agua y Aire Love 4230 Peces,https://www.fravega.com/p/alfombra-sensorial-inflable-con-agua-y-aire-love-4230-peces-680591/,10999.0,6999.0,1,True
FRA-mochila-porta-bebe-gadnic-ergonomica-20k,Fravega,OTRAS,Bebés y Primera Infancia,Mochila Porta Bebe Gadnic Ergonomica 20kg 3 en 1,https://www.fravega.com/p/mochila-porta-bebe-gadnic-ergonomica-20kg-3-1-990164232/,105624.0,81248.98,1,True
FRA-booster-para-ninos-love-2052-680464,Fravega,OSTER,Bebés y Primera Infancia,Booster Para Niños Love 2052,https://www.fravega.com/p/booster-para-ninos-love-2052-680464/,39999.0,24999.0,1,True
FRA-corralito-gimnasio-para-bebe-love-hex-gr,Fravega,OTRAS,Bebés y Primera Infancia,Corralito Gimnasio Para Bebé Love Hex Gris 880,https://www.fravega.com/p/corralito-gimnasio-para-bebe-love-hex-gris-880-680908/,69999.0,49999.0,1,True
FRA-coche-de-paseo-love-smart-1008-gris-6806,Fravega,OTRAS,Bebés y Primera Infancia,Coche de Paseo Love Smart 1008 Gris,https://www.fravega.com/p/coche-de-paseo-love-smart-1008-gris-680686/,249999.0,159999.0,1,True
FRA-caminador-con-musica-bebesit-1226-rosa-6,Fravega,OTRAS,Bebés y Primera Infancia,Caminador con Música Bebesit 1226 Rosa,https://www.fravega.com/p/caminador-con-musica-bebesit-1226-rosa-680474/,59999.0,44999.0,1,True
FRA-mamadera-avent-natural-response-scy903-0,Fravega,OTRAS,Bebés y Primera Infancia,Mamadera Avent Natural Response SCY903 01 260 Ml,https://www.fravega.com/p/mamadera-avent-natural-response-scy903-01-260-ml-680690/,44999.0,34999.0,1,True
FRA-banadera-love-plegable-con-reductor-y-te,Fravega,OTRAS,Bebés y Primera Infancia,Bañadera Love Plegable con Reductor y Termómetro B324 Gris,https://www.fravega.com/p/banadera-love-plegable-con-reductor-y-termometro-b324-gris-680905/,49999.0,29999.0,1,True
FRA-cochecito-de-bebe-paraguita-mu-reforzado,Fravega,OTRAS,Bebés y Primera Infancia,Cochecito de Bebe Paraguita MU Reforzado Color Gris,https://www.fravega.com/p/cochecito-de-bebe-paraguita-mu-reforzado-color-gris-680669/,99999.0,59999.0,1,True
FRA-silla-de-comer-love-610-gris-680424,Fravega,OTRAS,Bebés y Primera Infancia,Silla de Comer Love 610 Gris,https://www.fravega.com/p/silla-de-comer-love-610-gris-680424/,44999.0,29999.0,1,True
FRA-colgante-con-vibracion-abeja-phi-phi-toy,Fravega,LG,Bebés y Primera Infancia,Colgante Con Vibración Abeja - Phi Phi Toys,https://www.fravega.com/p/colgante-con-vibracion-abeja-phi-phi-toys-22469259/,32442.0,24299.0,1,True
FRA-dolce-bambino-sonajero-vaquita-22469246,Fravega,OTRAS,Bebés y Primera Infancia,Dolce Bambino Sonajero Vaquita,https://www.fravega.com/p/dolce-bambino-sonajero-vaquita-22469246/,31399.0,25950.0,1,True
FRA-barral-para-cuna-y-cochecitos-pollito-ph,Fravega,OTRAS,Bebés y Primera Infancia,Barral Para Cuna Y Cochecitos Pollito Phi Phi Toys,https://www.fravega.com/p/barral-para-cuna-y-cochecitos-pollito-phi-phi-toys-22464870/,30588.85,27699.0,1,True
FRA-bimbi-tira-de-cuna-animalitos-para-bebe-,Fravega,OTRAS,Bebés y Primera Infancia,Bimbi Tira De Cuna Animalitos Para Bebe,https://www.fravega.com/p/bimbi-tira-de-cuna-animalitos-para-bebe-22182053/,26500.0,20499.0,1,True
FRA-practicuna-funky-fresh-luna-funkyeco-par,Fravega,OTRAS,Bebés y Primera Infancia,Practicuna Funky Fresh Luna Funkyeco Para Bebés Color Negro,https://www.fravega.com/p/practicuna-funky-fresh-luna-funkyeco-para-bebes-color-negro-22081623/,178698.0,92029.0,1,True
FRA-colchon-piero-foam-ii-2-plazas-190x140x2,Fravega,OTRAS,Bebés y Primera Infancia,Colchón Piero Foam II 2 Plazas 190x140x23 Jackard Matelasse 85 Kg,https://www.fravega.com/p/colchon-piero-foam-ii-2-plazas-190x140x23-jackard-matelasse-85-kg-22008149/,752665.0,451599.0,1,True
FRA-colchon-piero-body-pro-1-plaza-190x80x18,Fravega,OTRAS,Bebés y Primera Infancia,Colchón Piero Body Pro 1 Plaza 190x80x18 Espuma,https://www.fravega.com/p/colchon-piero-body-pro-1-plaza-190x80x18-espuma--21998695/,391498.0,234899.0,1,True
FRA-tira-sonajero-para-cochecito-monstruitos,Fravega,OTRAS,Bebés y Primera Infancia,Tira Sonajero Para Cochecito Monstruitos 26 Cm - Phiphi Toys,https://www.fravega.com/p/tira-sonajero-para-cochecito-monstruitos-26-cm-phiphi-toys-21917185/,43347.0,33499.0,1,True
FRA-cuna-colecho-bebekids-altura-regulable-r,Fravega,OTRAS,Bebés y Primera Infancia,Cuna Colecho Bebekids Altura Regulable Ruedas y colchon,https://www.fravega.com/p/cuna-colecho-bebekids-altura-regulable-ruedas-y-colchon-21915820/,387900.0,293900.0,1,True
FRA-cangrejo-colgante-didactico-de-peluche-p,Fravega,LG,Bebés y Primera Infancia,Cangrejo Colgante Didactico De Peluche - Phi Phi Toys,https://www.fravega.com/p/cangrejo-colgante-didactico-de-peluche-phi-phi-toys-21748407/,32220.0,25899.0,1,True
FRA-sonajero-cunero-mono-peluche-winfun-2174,Fravega,OTRAS,Bebés y Primera Infancia,Sonajero Cunero Mono Peluche - Winfun,https://www.fravega.com/p/sonajero-cunero-mono-peluche-winfun-21748360/,27428.7,21099.0,1,True
FRA-peluche-cunero-musical-gorrion-25cm-cele,Fravega,OTRAS,Bebés y Primera Infancia,Peluche Cunero Musical Gorrion 25cm Celeste - Phi Phi Toys,https://www.fravega.com/p/peluche-cunero-musical-gorrion-25cm-celeste-phi-phi-toys-21712404/,33385.0,25799.0,1,True
FRA-barral-de-cuna-unicornio-phi-phi-toys-21,Fravega,OTRAS,Bebés y Primera Infancia,Barral De Cuna Unicornio - Phi Phi Toys,https://www.fravega.com/p/barral-de-cuna-unicornio-phi-phi-toys-21688959/,33126.0,25599.0,1,True
FRA-bimbi-tira-de-cuna-ositos-con-sonido-tip,Fravega,OTRAS,Bebés y Primera Infancia,Bimbi Tira De Cuna Ositos Con Sonido Tipo Sonajero,https://www.fravega.com/p/bimbi-tira-de-cuna-ositos-con-sonido-tipo-sonajero-21520534/,26908.7,20699.0,1,True
FRA-cunero-musical-giratorio-osos-happy-shak,Fravega,OTRAS,Bebés y Primera Infancia,Cunero Musical Giratorio Osos Happy Shaking Bell,https://www.fravega.com/p/cunero-musical-giratorio-osos-happy-shaking-bell-21518349/,55640.0,42999.0,1,True
