sku_original,competidor,marca,categoria,nombre_producto,url_producto,precio_regular,precio_oferta,cuotas,hay_stock
FRA-celular-tcl-k70-power-4gb-256gb-case-afa,Fravega,TCL,Smartphones,Celular TCL K70 Power 4GB + 256GB + Case AFA,https://www.fravega.com/p/celular-tcl-k70-power-4gb-256gb-case-afa-783097/,389999.0,322313.0,1,True
FRA-celular-zte-v80-pro-8-gb-256-gb-negro-78,Fravega,ZTE,Smartphones,Celular ZTE V80 PRO 8 GB 256 GB Negro,https://www.fravega.com/p/celular-zte-v80-pro-8-gb-256-gb-negro-782438/,484999.0,449999.0,1,True
FRA-celular-samsung-galaxy-s25-fe-5g-256gb-j,Fravega,SAMSUNG,Smartphones,Celular Samsung Galaxy S25 FE 5G 256GB Jet Black,https://www.fravega.com/p/celular-samsung-galaxy-s25-fe-5g-256gb-jet-black-782880/,1799999.0,1599999.0,1,True
FRA-celular-motorola-g17-4gb-128gb-782866,Fravega,MOTOROLA,Smartphones,Celular Motorola G17 4GB 128GB,https://www.fravega.com/p/celular-motorola-g17-4gb-128gb-782866/,399999.0,299999.0,1,True
FRA-celular-motorola-g06-nfc-4gb-128gb-verde,Fravega,MOTOROLA,Smartphones,Celular Motorola G06 NFC 4GB 128GB Verde,https://www.fravega.com/p/celular-motorola-g06-nfc-4gb-128gb-verde-783092/,329999.0,249999.0,1,True
FRA-celular-motorola-g06-nfc-4gb-64gb-naranj,Fravega,MOTOROLA,Smartphones,Celular Motorola G06 NFC 4GB 64GB Naranja,https://www.fravega.com/p/celular-motorola-g06-nfc-4gb-64gb-naranja-783095/,259999.0,189999.0,1,True
FRA-celular-galaxy-a16-4g-blue-black-782588,Fravega,OTRAS,Smartphones,Celular Galaxy A16 4G Blue Black,https://www.fravega.com/p/celular-galaxy-a16-4g-blue-black-782588/,469999.0,329999.0,1,True
FRA-celular-motorola-razr-fold-16gb-1tb-blac,Fravega,MOTOROLA,Smartphones,Celular Motorola Razr Fold 16GB 1TB Blackened,https://www.fravega.com/p/celular-motorola-razr-fold-16gb-1tb-blackened-783100/,3699999.0,2799999.0,1,True
FRA-celular-motorola-g67-256gb-4gb-artic-sea,Fravega,MOTOROLA,Smartphones,Celular Motorola G67 256gb 4gb Artic Seal,https://www.fravega.com/p/celular-motorola-g67-256gb-4gb-artic-seal-22766751/,835667.48,515189.0,1,True
FRA-celular-samsung-galaxy-a16-lte-4gb-128gb,Fravega,SAMSUNG,Smartphones,Celular Samsung Galaxy A16 LTE 4GB 128GB Gris,https://www.fravega.com/p/celular-samsung-galaxy-a16-lte-4gb-128gb-gris-782877/,469999.0,329999.0,1,True
FRA-celular-xiaomi-redmi-note-15-8gb-256gb-b,Fravega,XIAOMI,Smartphones,Celular Xiaomi Redmi Note 15 8GB 256GB Black,https://www.fravega.com/p/celular-xiaomi-redmi-note-15-8gb-256gb-black-782936/,749999.0,619834.0,1,True
FRA-celular-samsung-s26-12gb-512gb-violeta-7,Fravega,SAMSUNG,Smartphones,Celular Samsung S26+ 12GB 512GB Violeta,https://www.fravega.com/p/celular-samsung-s26-12gb-512gb-violeta-782580/,3299999.0,2727271.9,1,True
FRA-celular-samsung-galaxy-z-fold-7-1tb-jet-,Fravega,SAMSUNG,Smartphones,Celular Samsung Galaxy Z Fold 7 1TB Jet Black,https://www.fravega.com/p/celular-samsung-galaxy-z-fold-7-1tb-jet-black-782481/,4599999.0,3801652.07,1,True
FRA-celular-samsung-galaxy-a07-64gb-negro-78,Fravega,SAMSUNG,Smartphones,Celular Samsung Galaxy A07 64GB Negro,https://www.fravega.com/p/celular-samsung-galaxy-a07-64gb-negro-782721/,299999.0,247933.0,1,True
FRA-celular-xiaomi-redmi-15c-4gb-128gb-black,Fravega,XIAOMI,Smartphones,Celular Xiaomi Redmi 15C 4GB 128GB Black,https://www.fravega.com/p/celular-xiaomi-redmi-15c-4gb-128gb-black-782956/,399999.0,330578.0,1,True
FRA-celular-nubia-neo-3-gt-5g-256gb-grey-782,Fravega,OTRAS,Smartphones,Celular Nubia Neo 3 GT 5G 256GB Grey,https://www.fravega.com/p/celular-nubia-neo-3-gt-5g-256gb-grey-782579/,689999.0,570247.0,1,True
FRA-celular-tcl-k70-power-4gb-256gb-case-afa,Fravega,TCL,Smartphones,Celular TCL K70 Power 4GB + 256GB + Case AFA,https://www.fravega.com/p/celular-tcl-k70-power-4gb-256gb-case-afa-783097/,389999.0,322313.0,1,True
FRA-celular-zte-v80-pro-8-gb-256-gb-negro-78,Fravega,ZTE,Smartphones,Celular ZTE V80 PRO 8 GB 256 GB Negro,https://www.fravega.com/p/celular-zte-v80-pro-8-gb-256-gb-negro-782438/,484999.0,449999.0,1,True
FRA-celular-samsung-galaxy-s25-fe-5g-256gb-b,Fravega,SAMSUNG,Smartphones,Celular Samsung Galaxy S25 FE 5G 256GB Blanco,https://www.fravega.com/p/celular-samsung-galaxy-s25-fe-5g-256gb-blanco-782716/,1799999.0,1599999.0,1,True
FRA-celular-samsung-galaxy-a37-5g-8gb-256gb-,Fravega,SAMSUNG,Smartphones,Celular Samsung Galaxy A37 5G 8GB 256GB Gris,https://www.fravega.com/p/celular-samsung-galaxy-a37-5g-8gb-256gb-gris-783024/,1149999.0,899999.0,1,True
FRA-iphone-15-128gb-black-782468,Fravega,OTRAS,Smartphones,iPhone 15 128GB Black,https://www.fravega.com/p/iphone-15-128gb-black-782468/,1749999.0,1446280.17,1,True
FRA-celular-motorola-g17-4gb-256gb-782883,Fravega,MOTOROLA,Smartphones,Celular Motorola G17 4GB 256GB,https://www.fravega.com/p/celular-motorola-g17-4gb-256gb-782883/,449999.0,349999.0,1,True
FRA-celular-motorola-edge-70-fusion-8gb-256g,Fravega,MOTOROLA,Smartphones,Celular Motorola Edge 70 Fusion 8GB 256GB,https://www.fravega.com/p/celular-motorola-edge-70-fusion-8gb-256gb-782913/,999999.0,849999.0,1,True
FRA-celular-samsung-galaxy-a17-128gb-negro-7,Fravega,SAMSUNG,Smartphones,Celular Samsung Galaxy A17 128GB Negro,https://www.fravega.com/p/celular-samsung-galaxy-a17-128gb-negro-782838/,489999.0,429999.0,1,True
FRA-celular-xiaomi-redmi-note-14-128gb-midni,Fravega,XIAOMI,Smartphones,Celular Xiaomi Redmi Note 14 128GB Midnight Black,https://www.fravega.com/p/celular-xiaomi-redmi-note-14-128gb-midnight-black-782554/,529999.0,438016.0,1,True
FRA-celular-samsung-galaxy-a07-128gb-negro-7,Fravega,SAMSUNG,Smartphones,Celular Samsung Galaxy A07 128GB Negro,https://www.fravega.com/p/celular-samsung-galaxy-a07-128gb-negro-782739/,349999.0,289999.0,1,True
FRA-celular-samsung-galaxy-a17-128gb-gris-78,Fravega,SAMSUNG,Smartphones,Celular Samsung Galaxy A17 128GB Gris,https://www.fravega.com/p/celular-samsung-galaxy-a17-128gb-gris-782808/,489999.0,429999.0,1,True
FRA-celular-motorola-gmax-8gb-256gb-overture,Fravega,MOTOROLA,Smartphones,Celular Motorola GMAX 8GB 256GB Overture,https://www.fravega.com/p/celular-motorola-gmax-8gb-256gb-overture-783084/,899999.0,749999.0,1,True
FRA-celular-xiaomi-redmi-note-14-pro-256gb-a,Fravega,XIAOMI,Smartphones,Celular Xiaomi Redmi Note 14 Pro 256GB Aurora Purple,https://www.fravega.com/p/celular-xiaomi-redmi-note-14-pro-256gb-aurora-purple-782600/,799999.0,661156.0,1,True
FRA-celular-samsung-galaxy-a17-5g-256gb-gray,Fravega,SAMSUNG,Smartphones,Celular Samsung Galaxy A17 5G 256GB Gray,https://www.fravega.com/p/celular-samsung-galaxy-a17-5g-256gb-gray-782853/,769999.0,636362.81,1,True
FRA-celular-tecno-spark-30-pro-128gb-obsidia,Fravega,OTRAS,Smartphones,Celular Tecno Spark 30 Pro 128GB Obsidian Edge,https://www.fravega.com/p/celular-tecno-spark-30-pro-128gb-obsidian-edge-783067/,299999.0,247933.06,1,True
FRA-celular-motorola-g77-8gb-256gb-782745,Fravega,MOTOROLA,Smartphones,Celular Motorola G77 8GB 256GB,https://www.fravega.com/p/celular-motorola-g77-8gb-256gb-782745/,799999.0,649999.0,1,True
FRA-celular-samsung-galaxy-a16-lte-4gb-128gb,Fravega,SAMSUNG,Smartphones,Celular Samsung Galaxy A16 LTE 4GB 128GB Green,https://www.fravega.com/p/celular-samsung-galaxy-a16-lte-4gb-128gb-green-782810/,469999.0,329999.0,1,True
FRA-celular-tcl-k70-power-4gb-256gb-case-afa,Fravega,TCL,Smartphones,Celular TCL K70 Power 4GB + 256GB + Case AFA,https://www.fravega.com/p/celular-tcl-k70-power-4gb-256gb-case-afa-783097/,389999.0,322313.0,1,True
FRA-celular-zte-v80-pro-8-gb-256-gb-negro-78,Fravega,ZTE,Smartphones,Celular ZTE V80 PRO 8 GB 256 GB Negro,https://www.fravega.com/p/celular-zte-v80-pro-8-gb-256-gb-negro-782438/,484999.0,449999.0,1,True
FRA-celular-motorola-g67-4gb-256gb-782593,Fravega,MOTOROLA,Smartphones,Celular Motorola G67 4GB 256GB,https://www.fravega.com/p/celular-motorola-g67-4gb-256gb-782593/,699999.0,549999.0,1,True
FRA-celular-moto-g17-4-128gb-evening-blue-99,Fravega,OTRAS,Smartphones,Celular Moto G17 4+128GB Evening Blue,https://www.fravega.com/p/celular-moto-g17-4-128gb-evening-blue-990297863/,480541.0,336379.0,1,True
FRA-celular-motorola-g06-4gb-128gb-verde-782,Fravega,MOTOROLA,Smartphones,Celular Motorola G06 4GB 128GB Verde,https://www.fravega.com/p/celular-motorola-g06-4gb-128gb-verde-782567/,259999.0,214875.21,1,True
FRA-celular-motorola-g06-nfc-4gb-64gb-azul-7,Fravega,MOTOROLA,Smartphones,Celular Motorola G06 NFC 4GB 64GB Azul,https://www.fravega.com/p/celular-motorola-g06-nfc-4gb-64gb-azul-783096/,259999.0,189999.0,1,True
FRA-celular-xiaomi-redmi-note-15-pro-8gb-256,Fravega,XIAOMI,Smartphones,Celular Xiaomi Redmi Note 15 Pro 8GB 256GB Black,https://www.fravega.com/p/celular-xiaomi-redmi-note-15-pro-8gb-256gb-black-782927/,899999.0,743801.0,1,True
FRA-celular-motorola-edge-70-12gb-512gb-7825,Fravega,MOTOROLA,Smartphones,Celular Motorola EDGE 70 12GB 512GB,https://www.fravega.com/p/celular-motorola-edge-70-12gb-512gb-782528/,1499999.0,1199999.0,1,True
FRA-celular-motorola-gmax-8gb-256gb-blue-ato,Fravega,MOTOROLA,Smartphones,Celular Motorola GMAX 8GB 256GB Blue Atoll,https://www.fravega.com/p/celular-motorola-gmax-8gb-256gb-blue-atoll-783082/,899999.0,749999.0,1,True
FRA-celular-moto-motorola-g24-power-128-8gb-,Fravega,MOTOROLA,Smartphones,Celular Moto Motorola G24 Power 128/8GB Celeste,https://www.fravega.com/p/celular-moto-motorola-g24-power-128-8gb-celeste-990190458/,514998.0,308998.99,1,True
FRA-celular-xiaomi-redmi-note-15-8gb-256gb-p,Fravega,XIAOMI,Smartphones,Celular Xiaomi Redmi Note 15 8GB 256GB Purple,https://www.fravega.com/p/celular-xiaomi-redmi-note-15-8gb-256gb-purple-782939/,749999.0,619834.0,1,True
FRA-motorola-moto-g77-256gb-8gb-shaded-spruc,Fravega,MOTOROLA,Smartphones,Motorola Moto G77 256gb 8gb Shaded Spruce,https://www.fravega.com/p/motorola-moto-g77-256gb-8gb-shaded-spruce-22894084/,955146.48,684649.0,1,True
FRA-celular-samsung-galaxy-a57-5g-8gb-256gb-,Fravega,SAMSUNG,Smartphones,Celular Samsung Galaxy A57 5G 8GB 256GB Gris,https://www.fravega.com/p/celular-samsung-galaxy-a57-5g-8gb-256gb-gris-783021/,1349999.0,1115701.65,1,True
FRA-celular-xiaomi-redmi-14c-4-256gb-midnigh,Fravega,XIAOMI,Smartphones,Celular Xiaomi Redmi 14C 4/256GB Midnight Black,https://www.fravega.com/p/celular-xiaomi-redmi-14c-4-256gb-midnight-black-782596/,399999.0,330578.0,1,True
FRA-celular-xiaomi-redmi-note-14-pro-256gb-o,Fravega,XIAOMI,Smartphones,Celular Xiaomi Redmi Note 14 Pro 256GB Ocean Blue,https://www.fravega.com/p/celular-xiaomi-redmi-note-14-pro-256gb-ocean-blue-782632/,799999.0,661156.0,1,True
FRA-celular-motorola-edge-70-12gb-512gb-7824,Fravega,MOTOROLA,Smartphones,Celular Motorola EDGE 70 12GB 512GB,https://www.fravega.com/p/celular-motorola-edge-70-12gb-512gb-782437/,1499999.0,1199999.0,1,True
FRA-celular-tecno-pova-6-12-256gb-blue-78237,Fravega,OTRAS,Smartphones,Celular Tecno Pova 6 12/256GB Blue,https://www.fravega.com/p/celular-tecno-pova-6-12-256gb-blue-782377/,449999.0,371900.0,1,True
FRA-celular-tcl-k70-power-4gb-256gb-case-afa,Fravega,TCL,Smartphones,Celular TCL K70 Power 4GB + 256GB + Case AFA,https://www.fravega.com/p/celular-tcl-k70-power-4gb-256gb-case-afa-783097/,389999.0,322313.0,1,True
FRA-celular-tcl-nxt-paper-70-pro-5g-8gb-256g,Fravega,TCL,Smartphones,Celular TCL NXT Paper 70 Pro 5G 8GB 256GB,https://www.fravega.com/p/celular-tcl-nxt-paper-70-pro-5g-8gb-256gb-783098/,699999.0,578512.0,1,True
FRA-celular-motorola-edge-70-pro-12gb-512gb-,Fravega,MOTOROLA,Smartphones,Celular Motorola Edge 70 Pro 12GB 512GB Lily White,https://www.fravega.com/p/celular-motorola-edge-70-pro-12gb-512gb-lily-white-783086/,1699999.0,1499999.0,1,True
FRA-celular-moto-g17-4-256gb-alaskan-blue-99,Fravega,OTRAS,Smartphones,Celular Moto G17 4+256GB Alaskan Blue,https://www.fravega.com/p/celular-moto-g17-4-256gb-alaskan-blue-990297861/,585827.0,410078.99,1,True
FRA-celular-xiaomi-redmi-note-14-128gb-ocean,Fravega,XIAOMI,Smartphones,Celular Xiaomi Redmi Note 14 128GB Ocean Blue,https://www.fravega.com/p/celular-xiaomi-redmi-note-14-128gb-ocean-blue-783639/,529999.0,438016.0,1,True
FRA-celular-samsung-galaxy-a57-5g-8gb-256gb-,Fravega,SAMSUNG,Smartphones,Celular Samsung Galaxy A57 5G 8GB 256GB Violeta,https://www.fravega.com/p/celular-samsung-galaxy-a57-5g-8gb-256gb-violeta-783109/,1349999.0,1115701.65,1,True
FRA-celular-motorola-edge-70-pro-12gb-512gb-,Fravega,MOTOROLA,Smartphones,Celular Motorola Edge 70 Pro 12GB 512GB Lily Titan,https://www.fravega.com/p/celular-motorola-edge-70-pro-12gb-512gb-lily-titan-783087/,1699999.0,1499999.0,1,True
FRA-celular-xiaomi-redmi-note-15-pro-8gb-256,Fravega,XIAOMI,Smartphones,Celular Xiaomi Redmi Note 15 Pro 8GB 256GB Grey,https://www.fravega.com/p/celular-xiaomi-redmi-note-15-pro-8gb-256gb-grey-782931/,899999.0,743801.0,1,True
FRA-celular-samsung-galaxy-a07-128gb-lila-78,Fravega,SAMSUNG,Smartphones,Celular Samsung Galaxy A07 128GB Lila,https://www.fravega.com/p/celular-samsung-galaxy-a07-128gb-lila-782590/,349999.0,289999.0,1,True
FRA-motorola-moto-g17-256gb-4gb-alaskan-blue,Fravega,MOTOROLA,Smartphones,Motorola Moto G17 256gb 4gb Alaskan Blue,https://www.fravega.com/p/motorola-moto-g17-256gb-4gb-alaskan-blue-22766766/,384925.43,314869.0,1,True
FRA-celular-xiaomi-redmi-note-15-pro-8gb-256,Fravega,XIAOMI,Smartphones,Celular Xiaomi Redmi Note 15 Pro 8GB 256GB Blue,https://www.fravega.com/p/celular-xiaomi-redmi-note-15-pro-8gb-256gb-blue-782929/,899999.0,743801.0,1,True
FRA-celular-motorola-g67-4gb-256gb-782665,Fravega,MOTOROLA,Smartphones,Celular Motorola G67 4GB 256GB,https://www.fravega.com/p/celular-motorola-g67-4gb-256gb-782665/,699999.0,549999.0,1,True
FRA-celular-xiaomi-redmi-note-15-8gb-256gb-b,Fravega,XIAOMI,Smartphones,Celular Xiaomi Redmi Note 15 8GB 256GB Blue,https://www.fravega.com/p/celular-xiaomi-redmi-note-15-8gb-256gb-blue-782937/,749999.0,619834.0,1,True
FRA-celular-samsung-galaxy-a56-5g-256gb-grap,Fravega,SAMSUNG,Smartphones,Celular Samsung Galaxy A56 5G 256GB Graphite,https://www.fravega.com/p/celular-samsung-galaxy-a56-5g-256gb-graphite-782762/,1199999.0,991734.71,1,True
FRA-celular-zte-a56-pro-4gb-128gb-gray-78245,Fravega,ZTE,Smartphones,Celular ZTE A56 Pro 4GB 128GB Gray,https://www.fravega.com/p/celular-zte-a56-pro-4gb-128gb-gray-782455/,269999.0,249999.0,1,True
FRA-celular-motorola-g47-4gb-128gb-impenetra,Fravega,MOTOROLA,Smartphones,Celular Motorola G47 4GB 128GB Impenetrable,https://www.fravega.com/p/celular-motorola-g47-4gb-128gb-impenetrable-783081/,549999.0,419999.0,1,True
FRA-celular-enova-e10-view-max-blanco-3-32gb,Fravega,OTRAS,Smartphones,"Celular enova E10 View Max Blanco 3-32GB - 30+5MP - 6.75"" Android 14",https://www.fravega.com/p/celular-enova-e10-view-max-blanco-3-32gb-30-5mp-6-75-android-14-22617506/,174998.75,119999.0,1,True
FRA-celular-tcl-k70-power-4gb-256gb-case-afa,Fravega,TCL,Smartphones,Celular TCL K70 Power 4GB + 256GB + Case AFA,https://www.fravega.com/p/celular-tcl-k70-power-4gb-256gb-case-afa-783097/,389999.0,322313.0,1,True
FRA-celular-zte-v80-pro-8-gb-256-gb-negro-78,Fravega,ZTE,Smartphones,Celular ZTE V80 PRO 8 GB 256 GB Negro,https://www.fravega.com/p/celular-zte-v80-pro-8-gb-256-gb-negro-782438/,484999.0,449999.0,1,True
FRA-celular-nubia-focus-2-5g-black-8gb-256gb,Fravega,OTRAS,Smartphones,Celular Nubia Focus 2 5G Black 8GB 256GB,https://www.fravega.com/p/celular-nubia-focus-2-5g-black-8gb-256gb-782724/,449999.0,371900.0,1,True
FRA-celular-motorola-g15-4-gb-256-gb-naranja,Fravega,MOTOROLA,Smartphones,Celular Motorola G15 4 GB 256 GB Naranja,https://www.fravega.com/p/celular-motorola-g15-4-gb-256-gb-naranja-782816/,349999.0,289255.37,1,True
FRA-celular-motorola-razr-70-8gb-256gb-viole,Fravega,MOTOROLA,Smartphones,Celular Motorola Razr 70 8GB 256GB Violet Ice,https://www.fravega.com/p/celular-motorola-razr-70-8gb-256gb-violet-ice-783090/,1799999.0,1299999.0,1,True
FRA-celular-motorola-g47-4gb-128gb-fuchsia-r,Fravega,MOTOROLA,Smartphones,Celular Motorola G47 4GB 128GB Fuchsia Red,https://www.fravega.com/p/celular-motorola-g47-4gb-128gb-fuchsia-red-783080/,549999.0,419999.0,1,True
FRA-celular-samsung-galaxy-a07-128gb-verde-7,Fravega,SAMSUNG,Smartphones,Celular Samsung Galaxy A07 128GB Verde,https://www.fravega.com/p/celular-samsung-galaxy-a07-128gb-verde-782682/,349999.0,289999.0,1,True
FRA-celular-xiaomi-17t-pro-12gb-512gb-blue-7,Fravega,XIAOMI,Smartphones,Celular Xiaomi 17T Pro 12GB 512GB Blue,https://www.fravega.com/p/celular-xiaomi-17t-pro-12gb-512gb-blue-782967/,2499999.0,2066115.0,1,True
FRA-celular-nubia-music-2-4gb-128gb-auricula,Fravega,OTRAS,Smartphones,Celular Nubia Music 2 4GB 128GB + Auriculares I66SE WHITE,https://www.fravega.com/p/celular-nubia-music-2-4gb-128gb-auriculares-i66se-white-782671/,289999.0,259999.0,1,True
FRA-celular-xiaomi-17t-12gb-512gb-black-7829,Fravega,XIAOMI,Smartphones,Celular Xiaomi 17T 12GB 512GB Black,https://www.fravega.com/p/celular-xiaomi-17t-12gb-512gb-black-782961/,1999999.0,1652892.0,1,True
FRA-iphone-17-256gb-negro-783324,Fravega,OTRAS,Smartphones,iPhone 17 256GB Negro,https://www.fravega.com/p/iphone-17-256gb-negro-783324/,2549999.0,1802374.19,1,True
FRA-celular-moto-g67-256gb-4gb-arctic-seal-9,Fravega,OTRAS,Smartphones,Celular Moto G67 256GB 4GB Arctic Seal,https://www.fravega.com/p/celular-moto-g67-256gb-4gb-arctic-seal-990297853/,823756.0,576629.0,1,True
FRA-celular-xiaomi-redmi-15c-4gb-256gb-black,Fravega,XIAOMI,Smartphones,Celular Xiaomi Redmi 15C 4GB 256GB Black,https://www.fravega.com/p/celular-xiaomi-redmi-15c-4gb-256gb-black-782948/,449999.0,371900.0,1,True
FRA-celular-samsung-galaxy-s25-ultra-256gb-t,Fravega,SAMSUNG,Smartphones,Celular Samsung Galaxy S25 Ultra 256GB Titanium Black,https://www.fravega.com/p/celular-samsung-galaxy-s25-ultra-256gb-titanium-black-782902/,2799999.0,2314048.76,1,True
FRA-celular-moto-g17-4-256gb-bordeaux-990297,Fravega,OTRAS,Smartphones,Celular Moto G17 4+256GB Bordeaux,https://www.fravega.com/p/celular-moto-g17-4-256gb-bordeaux-990297791/,614756.0,430329.0,1,True
FRA-iphone-17-256gb-blanco-783325,Fravega,OTRAS,Smartphones,iPhone 17 256GB Blanco,https://www.fravega.com/p/iphone-17-256gb-blanco-783325/,2549999.0,1802374.19,1,True
FRA-celular-tcl-nxt-paper-70-pro-5g-8gb-256g,Fravega,TCL,Smartphones,Celular TCL NXT Paper 70 Pro 5G 8GB 256GB,https://www.fravega.com/p/celular-tcl-nxt-paper-70-pro-5g-8gb-256gb-783098/,699999.0,578512.0,1,True
FRA-smart-tv-samsung-50-led-4k-crystal-uhd-u,Fravega,SAMSUNG,Televisores,"Smart TV Samsung 50"" LED 4K Crystal UHD U8000F",https://www.fravega.com/p/smart-tv-samsung-50-led-4k-crystal-uhd-u8000f-503041/,749999.0,699999.0,1,True
FRA-smart-tv-led-43-philips-43pfd6910-77-502,Fravega,PHILIPS,Televisores,"Smart TV LED 43"" Philips 43PFD6910/77",https://www.fravega.com/p/smart-tv-led-43-philips-43pfd6910-77-502789/,629999.0,399999.0,1,True
FRA-smart-tv-tcl-55-4k-uhd-led-55v6c-google-,Fravega,TCL,Televisores,Smart TV TCL 55” 4K UHD LED 55V6C Google TV,https://www.fravega.com/p/smart-tv-tcl-55-4k-uhd-led-55v6c-google-tv-503060/,899999.0,743801.0,1,True
FRA-smart-tv-tcl-65-qled-65p8k-b-503027,Fravega,TCL,Televisores,"Smart TV TCL 65"" QLED 65P8K-B",https://www.fravega.com/p/smart-tv-tcl-65-qled-65p8k-b-503027/,1399999.0,1157024.0,1,True
FRA-smart-tv-samsung-full-hd-43-un43f6000fgx,Fravega,SAMSUNG,Televisores,Smart TV Samsung Full HD 43” UN43F6000FGXZB,https://www.fravega.com/p/smart-tv-samsung-full-hd-43-un43f6000fgxzb-503210/,579999.0,479999.0,1,True
FRA-smart-tv-samsung-qled-4k-uhd-55-qn55q6fa,Fravega,SAMSUNG,Televisores,Smart TV Samsung QLED 4K UHD 55” QN55Q6FAAG,https://www.fravega.com/p/smart-tv-samsung-qled-4k-uhd-55-qn55q6faag-502993/,949999.0,879999.0,1,True
FRA-tv-led-50-noblex-vidaa-marvel1dv50v-uhd-,Fravega,NOBLEX,Televisores,"TV LED 50"" Noblex Vidaa MARVEL1DV50V UHD",https://www.fravega.com/p/tv-led-50-noblex-vidaa-marvel1dv50v-uhd-503146/,549999.0,454545.0,1,True
FRA-smart-tv-philips-led-50-4k-uhd-titan-os-,Fravega,PHILIPS,Televisores,Smart TV Philips LED 50” 4K UHD Titan OS 50PUD7309/77,https://www.fravega.com/p/smart-tv-philips-led-50-4k-uhd-titan-os-50pud7309-77-502852/,849999.0,699999.0,1,True
FRA-smart-tv-samsung-85-qled-4k-q7-tizen-os-,Fravega,SAMSUNG,Televisores,Smart TV Samsung 85” QLED 4K Q7 Tizen OS,https://www.fravega.com/p/smart-tv-samsung-85-qled-4k-q7-tizen-os-503003/,4249999.0,3599999.0,1,True
FRA-smart-tv-samsung-qled-4k-uhd-65-qn65q6fa,Fravega,SAMSUNG,Televisores,Smart TV Samsung QLED 4K UHD 65” QN65Q6FAAG,https://www.fravega.com/p/smart-tv-samsung-qled-4k-uhd-65-qn65q6faag-503022/,1499999.0,1399999.0,1,True
FRA-smart-tv-philips-qled-4k-55-55pud8250-77,Fravega,PHILIPS,Televisores,Smart TV Philips QLED 4K 55” 55PUD8250/77,https://www.fravega.com/p/smart-tv-philips-qled-4k-55-55pud8250-77-502897/,1299999.0,849999.0,1,True
FRA-smart-tv-samsung-50-led-4k-crystal-uhd-u,Fravega,SAMSUNG,Televisores,"Smart TV Samsung 50"" LED 4K Crystal UHD UN50U8000FGCZB",https://www.fravega.com/p/smart-tv-samsung-50-led-4k-crystal-uhd-un50u8000fgczb-503013/,899999.0,699999.0,1,True
FRA-smart-tv-noblex-4k-50-dv50x6500f--502907,Fravega,NOBLEX,Televisores,"Smart TV Noblex 4K 50"" DV50X6500F",https://www.fravega.com/p/smart-tv-noblex-4k-50-dv50x6500f--502907/,499999.0,413222.0,1,True
FRA-smart-tv-tcl-65-4k-uhd-led-65v6c-f-googl,Fravega,TCL,Televisores,Smart TV TCL 65” 4K UHD LED 65V6C-F Google TV,https://www.fravega.com/p/smart-tv-tcl-65-4k-uhd-led-65v6c-f-google-tv-503081/,1299999.0,1074379.0,1,True
FRA-smart-tv-55-sansei-4k-google-tv-tds2555u,Fravega,OTRAS,Televisores,"Smart TV 55"" Sansei 4K Google TV TDS2555UIGS",https://www.fravega.com/p/smart-tv-55-sansei-4k-google-tv-tds2555uigs-990247404/,963599.0,645999.0,1,True
FRA-smart-tv-hisense-70-4k-uhd-70a6n-503182,Fravega,HISENSE,Televisores,"Smart TV Hisense 70"" 4K UHD 70A6N",https://www.fravega.com/p/smart-tv-hisense-70-4k-uhd-70a6n-503182/,1199999.0,1099999.0,1,True
FRA-smart-tv-noblex-65-4k-uhd-dl65x8500f-qle,Fravega,NOBLEX,Televisores,Smart TV Noblex 65” 4K UHD DL65X8500F QLED,https://www.fravega.com/p/smart-tv-noblex-65-4k-uhd-dl65x8500f-qled-502931/,1499999.0,999999.0,1,True
FRA-smart-tv-samsung-75-4k-uhd-qn75qn70fagcz,Fravega,SAMSUNG,Televisores,"Smart TV Samsung 75"" 4K UHD QN75QN70FAGCZB Neo QLED",https://www.fravega.com/p/smart-tv-samsung-75-4k-uhd-qn75qn70fagczb-neo-qled-502817/,4369999.0,3499999.0,1,True
FRA-smart-tv-samsung-65-oled-s90hae-4k-22958,Fravega,SAMSUNG,Televisores,"Smart Tv Samsung 65"" OLED S90HAE 4K",https://www.fravega.com/p/smart-tv-samsung-65-oled-s90hae-4k-22958190/,4816149.0,4816149.0,1,True
FRA-tv-led-65-noblex-vidaa-starwars-uh-50314,Fravega,NOBLEX,Televisores,"TV LED 65"" Noblex Vidaa Starwars UH",https://www.fravega.com/p/tv-led-65-noblex-vidaa-starwars-uh-503148/,1399999.0,1099999.0,1,True
FRA-smart-tv-samsung-hd-32-un32h5000fgc-5030,Fravega,SAMSUNG,Televisores,Smart TV Samsung HD 32” UN32H5000FGC,https://www.fravega.com/p/smart-tv-samsung-hd-32-un32h5000fgc-503063/,379999.0,319999.0,1,True
FRA-tv-led-noblex-hd-40-dv40x5100f-502877,Fravega,NOBLEX,Televisores,TV Led Noblex HD 40” DV40X5100F,https://www.fravega.com/p/tv-led-noblex-hd-40-dv40x5100f-502877/,399999.0,379999.0,1,True
FRA-smart-tv-led-32-philips-32phd6910-77-502,Fravega,PHILIPS,Televisores,"Smart TV Led 32"" Philips 32PHD6910/77",https://www.fravega.com/p/smart-tv-led-32-philips-32phd6910-77-502788/,419999.0,309999.0,1,True
FRA-tv-led-32-noblex-vidaa-mickey1dv32v-hd--,Fravega,NOBLEX,Televisores,"TV LED 32"" Noblex Vidaa MICKEY1DV32V HD",https://www.fravega.com/p/tv-led-32-noblex-vidaa-mickey1dv32v-hd--503147/,319999.0,289999.0,1,True
FRA-smart-tv-noblex-hd-32-dv32x5050f-503188,Fravega,NOBLEX,Televisores,Smart TV Noblex HD 32” DV32X5050F,https://www.fravega.com/p/smart-tv-noblex-hd-32-dv32x5050f-503188/,299999.0,259999.0,1,True
FRA-smart-tv-samsung-65-led-4k-crystal-uhd-u,Fravega,SAMSUNG,Televisores,"Smart TV Samsung 65"" LED 4K Crystal UHD U8000F",https://www.fravega.com/p/smart-tv-samsung-65-led-4k-crystal-uhd-u8000f-503076/,1299999.0,1199999.0,1,True
FRA-smart-tv-mini-led-4k-uhd-55-tcl-55c6k-f-,Fravega,TCL,Televisores,Smart TV Mini LED 4K UHD 55” TCL 55C6K-F,https://www.fravega.com/p/smart-tv-mini-led-4k-uhd-55-tcl-55c6k-f-503079/,1299999.0,1074379.0,1,True
FRA-smart-tv-tcl-55-qled-55c655-502785,Fravega,TCL,Televisores,Smart TV TCL 55” QLED 55C655,https://www.fravega.com/p/smart-tv-tcl-55-qled-55c655-502785/,999999.0,826445.0,1,True
FRA-smart-tv-philips-58-led-4k-uhd-58pud7310,Fravega,PHILIPS,Televisores,Smart TV Philips 58” LED 4K UHD 58PUD7310/77 Google TV WiFi,https://www.fravega.com/p/smart-tv-philips-58-led-4k-uhd-58pud7310-77-google-tv-wifi-503083/,999999.0,889999.0,1,True
FRA-smart-tv-philips-70-4k-uhd-70pud7908-77-,Fravega,PHILIPS,Televisores,"Smart TV Philips 70"" 4K UHD 70PUD7908/77",https://www.fravega.com/p/smart-tv-philips-70-4k-uhd-70pud7908-77-502021/,1699999.0,1404958.0,1,True
FRA-tv-noblex-75-uhd-4k-led-x8-series-dv75x8,Fravega,NOBLEX,Televisores,TV Noblex 75” UHD 4K LED X8 Series DV75X8580 Google TV,https://www.fravega.com/p/tv-noblex-75-uhd-4k-led-x8-series-dv75x8580-google-tv-502794/,1599999.0,1322313.22,1,True
FRA-smart-tv-43-enova-led-full-hd-google-tv-,Fravega,OTRAS,Televisores,Smart Tv 43 Enova Led Full Hd Google Tv,https://www.fravega.com/p/smart-tv-43-enova-led-full-hd-google-tv-22860073/,606248.75,469999.0,1,True
FRA-smart-tv-40-hisense-hd-led-vidaa-40a42k-,Fravega,HISENSE,Televisores,"Smart TV 40"" Hisense HD LED VIDAA 40A42K",https://www.fravega.com/p/smart-tv-40-hisense-hd-led-vidaa-40a42k-990245181/,536799.0,369999.0,1,True
FRA-smart-tv-philips-75-led-4k-uhd-75pud8100,Fravega,PHILIPS,Televisores,"Smart TV Philips 75"" LED 4K UHD 75PUD8100/77 Ambilight Titan OS WiFi",https://www.fravega.com/p/smart-tv-philips-75-led-4k-uhd-75pud8100-77-ambilight-titan-os-wifi-503085/,2399999.0,1799999.0,1,True
FRA-smart-tv-enova-32-led-hd-google-tv-te32h,Fravega,OTRAS,Televisores,"Smart TV enova 32"" LED HD Google TV TE32HG11",https://www.fravega.com/p/smart-tv-enova-32-led-hd-google-tv-te32hg11-22699349/,399998.75,309999.0,1,True
FRA-smart-tv-philips-65-led-4k-uhd-65pud8100,Fravega,PHILIPS,Televisores,"Smart TV Philips 65"" LED 4K UHD 65PUD8100/77 Ambilight Titan OS WiFi",https://www.fravega.com/p/smart-tv-philips-65-led-4k-uhd-65pud8100-77-ambilight-titan-os-wifi-503084/,1599999.0,1199999.0,1,True
FRA-tv-led-kanji-hd-24-24mt005-2-503070,Fravega,OTRAS,Televisores,TV LED Kanji HD 24” 24MT005-2,https://www.fravega.com/p/tv-led-kanji-hd-24-24mt005-2-503070/,199999.0,139999.0,1,True
FRA-smart-tv-lg-uhd-ai-75-uhd-4k-procesador-,Fravega,LG,Televisores,"Smart TV LG UHD AI 75"" UHD 4K Procesador Alpha 7 8va Gen con Inteligencia Artificial 75UA8550PSA",https://www.fravega.com/p/smart-tv-lg-uhd-ai-75-uhd-4k-procesador-alpha-7-8va-gen-con-inteligencia-artificial-75ua8550psa-503112/,1799999.0,1699999.0,1,True
FRA-smart-tv-philco-32-hd-vidaa-pld32hs24vh-,Fravega,PHILCO,Televisores,"Smart TV Philco 32"" HD VIDAA PLD32HS24VH",https://www.fravega.com/p/smart-tv-philco-32-hd-vidaa-pld32hs24vh-990245091/,351999.0,275999.0,1,True
FRA-smart-tv-samsung-qled-4k-uhd-75-qn75q7fa,Fravega,SAMSUNG,Televisores,Smart TV Samsung QLED 4K UHD 75” QN75Q7FAAGCZB,https://www.fravega.com/p/smart-tv-samsung-qled-4k-uhd-75-qn75q7faagczb-503123/,2599999.0,2148759.5,1,True
FRA-tv-led-philips-55-uhd-55pud7309-77-50279,Fravega,PHILIPS,Televisores,"TV LED Philips 55"" UHD 55PUD7309/77",https://www.fravega.com/p/tv-led-philips-55-uhd-55pud7309-77-502793/,999999.0,749999.0,1,True
FRA-smart-tv-tcl-full-hd-qled-50-50s5k-f-502,Fravega,TCL,Televisores,Smart TV TCL Full HD QLED 50” 50S5K-F,https://www.fravega.com/p/smart-tv-tcl-full-hd-qled-50-50s5k-f-502700/,749999.0,619834.0,1,True
FRA-smart-tv-rca-qled-uhd-4k-55-ql55th300-50,Fravega,OTRAS,Televisores,Smart TV RCA QLED UHD 4K 55” QL55TH300,https://www.fravega.com/p/smart-tv-rca-qled-uhd-4k-55-ql55th300-503247/,949999.0,749999.0,1,True
FRA-smart-tv-tcl-85-4k-mini-led-85c6k-google,Fravega,TCL,Televisores,Smart TV TCL 85” 4K Mini LED 85C6K Google TV-RV,https://www.fravega.com/p/smart-tv-tcl-85-4k-mini-led-85c6k-google-tv-rv-502900/,3799999.0,3140495.0,1,True
FRA-tv-philips-24-led-hd-24phd5565-77-502091,Fravega,PHILIPS,Televisores,"TV Philips 24"" LED HD 24PHD5565/77",https://www.fravega.com/p/tv-philips-24-led-hd-24phd5565-77-502091/,259999.0,209999.0,1,True
FRA-smart-tv-philco-32-hd-vidaa-pld32hs24vh-,Fravega,PHILCO,Televisores,"Smart TV Philco 32"" HD VIDAA PLD32HS24VH",https://www.fravega.com/p/smart-tv-philco-32-hd-vidaa-pld32hs24vh-990245091/,351999.0,275999.0,1,True
FRA-smart-tv-55-sansei-4k-google-tv-tds2555u,Fravega,OTRAS,Televisores,"Smart TV 55"" Sansei 4K Google TV TDS2555UIGS",https://www.fravega.com/p/smart-tv-55-sansei-4k-google-tv-tds2555uigs-990247404/,963599.0,645999.0,1,True
FRA-smart-tv-rca-uhd-4k-75-g75p7uhd-503175,Fravega,OTRAS,Televisores,Smart TV RCA UHD 4K 75” G75P7UHD,https://www.fravega.com/p/smart-tv-rca-uhd-4k-75-g75p7uhd-503175/,1399999.0,1157024.0,1,True
FRA-smart-tv-samsung-65-4k-uhd-neo-qled-qn65,Fravega,SAMSUNG,Televisores,Smart TV Samsung 65” 4K UHD Neo QLED QN65QN70H,https://www.fravega.com/p/smart-tv-samsung-65-4k-uhd-neo-qled-qn65qn70h--502977/,2379999.0,1809885.17,1,True
FRA-smart-tv-samsung-85-qled-4k-q7-tizen-os-,Fravega,SAMSUNG,Televisores,Smart TV Samsung 85” QLED 4K Q7 Tizen OS,https://www.fravega.com/p/smart-tv-samsung-85-qled-4k-q7-tizen-os-502802/,3999999.0,3599999.0,1,True
FRA-smart-tv-samsung-70-crystal-uhd-4k-u8000,Fravega,SAMSUNG,Televisores,"Smart TV Samsung 70"" Crystal UHD 4K U8000H",https://www.fravega.com/p/smart-tv-samsung-70-crystal-uhd-4k-u8000h-22950841/,1780689.0,1780689.0,1,True
FRA-smart-tv-led-fhd-43-bgh-vidaa-b4325fh5-9,Fravega,BGH,Televisores,"Smart TV LED FHD 43"" BGH VIDAA B4325FH5",https://www.fravega.com/p/smart-tv-led-fhd-43-bgh-vidaa-b4325fh5-990247262/,629999.0,540599.0,1,True
FRA-smart-tv-hyundai-32-hd-android-tv-990288,Fravega,OTRAS,Televisores,"Smart Tv Hyundai 32"" HD Android Tv",https://www.fravega.com/p/smart-tv-hyundai-32-hd-android-tv-990288988/,370544.0,333490.0,1,True
FRA-smart-tv-samsung-4k-uhd-55-oled-vision-a,Fravega,SAMSUNG,Televisores,"Smart TV Samsung 4K UHD 55"" OLED Vision AI Smart TV QN55S85H",https://www.fravega.com/p/smart-tv-samsung-4k-uhd-55-oled-vision-ai-smart-tv-qn55s85h-502974/,2899999.0,2049758.98,1,True
FRA-smart-tv-40-philips-fhd-google-40pfd6920,Fravega,PHILIPS,Televisores,"Smart TV 40"" Philips FHD Google 40PFD6920/77",https://www.fravega.com/p/smart-tv-40-philips-fhd-google-40pfd6920-77-990258450/,671427.0,469999.01,1,True
FRA-tv-led-noblex-db24x4000-24-hd-990247407,Fravega,NOBLEX,Televisores,Tv Led Noblex Db24x4000 24 HD,https://www.fravega.com/p/tv-led-noblex-db24x4000-24-hd-990247407/,197999.0,176999.01,1,True
FRA-smart-tv-rca-uhd-4k-65-g65p7uhd-503246,Fravega,OTRAS,Televisores,Smart TV RCA UHD 4K 65” G65P7UHD,https://www.fravega.com/p/smart-tv-rca-uhd-4k-65-g65p7uhd-503246/,1199999.0,959999.0,1,True
FRA-smart-tv-tcl-85-qled-4k-uhd-p8k-google-t,Fravega,TCL,Televisores,Smart TV TCL 85” QLED 4K UHD P8K Google TV,https://www.fravega.com/p/smart-tv-tcl-85-qled-4k-uhd-p8k-google-tv-502876/,3299999.0,2727272.0,1,True
FRA-smart-tv-samsung-43-full-hd-f6000-230052,Fravega,SAMSUNG,Televisores,"Smart TV Samsung 43"" Full HD F6000",https://www.fravega.com/p/smart-tv-samsung-43-full-hd-f6000-23005214/,553489.0,553489.0,1,True
FRA-smart-tv-noblex-de-50-pulgadas-4k-con-go,Fravega,LG,Televisores,Smart TV Noblex de 50 Pulgadas 4K con Google TV,https://www.fravega.com/p/smart-tv-noblex-de-50-pulgadas-4k-con-google-tv-990295879/,824999.99,669999.0,1,True
FRA-smart-tv-lg-43-pulgadas-lr6750psa-ai-ful,Fravega,LG,Televisores,Smart Tv LG 43 Pulgadas LR6750PSA AI Full HD,https://www.fravega.com/p/smart-tv-lg-43-pulgadas-lr6750psa-ai-full-hd-990274748/,692999.0,569999.0,1,True
FRA-smart-tv-samsung-43-crystal-uhd-4k-u8000,Fravega,SAMSUNG,Televisores,Smart TV Samsung 43 Crystal UHD 4K U8000H,https://www.fravega.com/p/smart-tv-samsung-43-crystal-uhd-4k-u8000h-22957689/,973812.69,790249.0,1,True
FRA-smart-tv-tcl-55-pulgadas-4k-uhd-google-t,Fravega,TCL,Televisores,Smart Tv TCL 55 Pulgadas 4K UHD Google Tv 55V6C-F,https://www.fravega.com/p/smart-tv-tcl-55-pulgadas-4k-uhd-google-tv-55v6c-f-990275082/,1249998.0,749998.99,1,True
FRA-smart-tv-43-pulgadas-4k-ultra-hd-43ur875,Fravega,LG,Televisores,Smart Tv 43 Pulgadas 4K Ultra HD 43UR8750 LG,https://www.fravega.com/p/smart-tv-43-pulgadas-4k-ultra-hd-43ur8750-lg-990274753/,868999.0,749998.99,1,True
FRA-smart-tv-75-noblex-4k-google-tv-dv75x858,Fravega,NOBLEX,Televisores,"Smart TV 75"" Noblex 4K Google TV DV75X8580",https://www.fravega.com/p/smart-tv-75-noblex-4k-google-tv-dv75x8580-990263919/,1869999.0,1799999.0,1,True
FRA-smart-tv-samsung-4k-uhd-98-un98du9000gx-,Fravega,SAMSUNG,Televisores,Smart TV Samsung 4K UHD 98” UN98DU9000GX,https://www.fravega.com/p/smart-tv-samsung-4k-uhd-98-un98du9000gx-503086/,5999999.0,4562737.0,1,True
FRA-smart-tv-32-qled-tcl-fhd-32s5k-hdr-10-go,Fravega,TCL,Televisores,Smart Tv 32 Qled Tcl Fhd 32s5k Hdr 10 Google Tv,https://www.fravega.com/p/smart-tv-32-qled-tcl-fhd-32s5k-hdr-10-google-tv-22830606/,417598.84,345123.0,1,True
FRA-tv-led-bgh-43-b4326fgsg-fhd-android-tv-s,Fravega,BGH,Televisores,"Tv Led Bgh 43"" B4326Fgsg Fhd Android Tv Smart",https://www.fravega.com/p/tv-led-bgh-43-b4326fgsg-fhd-android-tv-smart-990297586/,765713.0,535999.0,1,True
FRA-smart-tv-qled-65-admiral-ad65g4fn-502963,Fravega,OTRAS,Televisores,"Smart TV QLED 65"" Admiral AD65G4FN",https://www.fravega.com/p/smart-tv-qled-65-admiral-ad65g4fn-502963/,1049999.0,999999.0,1,True
FRA-smart-tv-samsung-55-4k-neo-qled-qn70f-50,Fravega,SAMSUNG,Televisores,"Smart TV Samsung 55"" 4K Neo QLED QN70F",https://www.fravega.com/p/smart-tv-samsung-55-4k-neo-qled-qn70f-502816/,2759999.0,2280990.91,1,True
FRA-tv-32-noblex-android-21244167,Fravega,NOBLEX,Televisores,"Tv 32"" Noblex Android",https://www.fravega.com/p/tv-32-noblex-android-21244167/,399999.0,329999.0,1,True
FRA-smart-tv-led-noblex-55-pulgadas-4k-uhd-g,Fravega,LG,Televisores,Smart TV LED Noblex 55 Pulgadas 4K UHD Google TV Bluetooth DV55X8580,https://www.fravega.com/p/smart-tv-led-noblex-55-pulgadas-4k-uhd-google-tv-bluetooth-dv55x8580-990295753/,973499.0,791999.0,1,True
FRA-smart-tv-hisense-qled-50-uhd-4k-google-t,Fravega,HISENSE,Televisores,Smart TV Hisense Qled 50'' UHD 4K Google Tv 50Q6N,https://www.fravega.com/p/smart-tv-hisense-qled-50-uhd-4k-google-tv-50q6n-990292664/,955899.0,779999.0,1,True
FRA-smart-tv-lg-qned-55-ultra-hd-ai-thinq-55,Fravega,LG,Televisores,"Smart TV LG QNED 55"" Ultra HD AI ThinQ 55QNED82ASG",https://www.fravega.com/p/smart-tv-lg-qned-55-ultra-hd-ai-thinq-55qned82asg-990283458/,1759999.0,1599999.0,1,True
FRA-smart-tv-samsung-oled-4k-77-tizen-os-s90,Fravega,SAMSUNG,Televisores,"Smart TV Samsung OLED 4K 77"" Tizen OS S90D",https://www.fravega.com/p/smart-tv-samsung-oled-4k-77-tizen-os-s90d-503110/,7899999.0,6528924.79,1,True
FRA-smart-tv-samsung-55-4k-uhd-neo-qled-qn55,Fravega,SAMSUNG,Televisores,Smart TV Samsung 55” 4K UHD Neo QLED QN55QN70H,https://www.fravega.com/p/smart-tv-samsung-55-4k-uhd-neo-qled-qn55qn70h--502969/,1999999.0,1652891.74,1,True
FRA-smart-tv-led-philips-85-4k-uhd-85pug8209,Fravega,PHILIPS,Televisores,Smart TV LED Philips 85” 4K UHD 85PUG8209/59,https://www.fravega.com/p/smart-tv-led-philips-85-4k-uhd-85pug8209-59-502930/,3349999.0,2768594.0,1,True
FRA-notebook-hp-250r-g10-core-5-120u-15-6-hd,Fravega,HP,Notebooks,Notebook Hp 250r G10 Core 5 120u 15.6 Hd 16gb 512gb Ssd Windows 11 Home,https://www.fravega.com/p/notebook-hp-250r-g10-core-5-120u-15-6-hd-16gb-512gb-ssd-windows-11-home-22951836/,2029187.34,1560913.34,1,True
FRA-notebook-hp-15-fd0331la-core-3-100u-16gb,Fravega,HP,Notebooks,Notebook Hp 15-fd0331la Core 3 100u 16gb 512gb Ssd 15.6 W11h,https://www.fravega.com/p/notebook-hp-15-fd0331la-core-3-100u-16gb-512gb-ssd-15-6-w11h-22934564/,2071214.94,1659999.0,1,True
FRA-notebook-lenovo-ideapad-slim-3-intel-n10,Fravega,LENOVO,Notebooks,Notebook Lenovo Ideapad Slim 3 Intel N100 8gb 128gb Ssd W11h,https://www.fravega.com/p/notebook-lenovo-ideapad-slim-3-intel-n100-8gb-128gb-ssd-w11h-22941024/,914938.65,709999.0,1,True
FRA-notebook-exo-14-intel-n4020-4gb-128gb-em,Fravega,OTRAS,Notebooks,"Notebook Exo 14"" Intel N4020 4GB 128GB eMMC Smart XR2 Windows 11",https://www.fravega.com/p/notebook-exo-14-intel-n4020-4gb-128gb-emmc-smart-xr2-windows-11-364985/,499999.0,369999.0,1,True
FRA-samsung-galaxy-book-4-15-6-fhd-intel-cor,Fravega,SAMSUNG,Notebooks,"Samsung Galaxy Book 4 15,6” FHD Intel Core i3 8GB 512GB NP750XGJ-KS3AR",https://www.fravega.com/p/samsung-galaxy-book-4-15-6-fhd-intel-core-i3-8gb-512gb-np750xgj-ks3ar-364935/,2299999.0,1899999.0,1,True
FRA-notebook-gfast-15-6-amd-ryzen-5-8gb-240g,Fravega,OTRAS,Notebooks,"Notebook Gfast 15,6” AMD Ryzen 5 8GB  240GB SSD N-537R",https://www.fravega.com/p/notebook-gfast-15-6-amd-ryzen-5-8gb-240gb-ssd-n-537r-365003/,1499999.0,799999.0,1,True
FRA-samsung-galaxy-book-4-15-6-fhd-intel-cor,Fravega,SAMSUNG,Notebooks,"Samsung Galaxy Book 4 15,6” FHD Intel Core i3 8GB 512GB NP750XGJ-KS3AR",https://www.fravega.com/p/samsung-galaxy-book-4-15-6-fhd-intel-core-i3-8gb-512gb-np750xgj-ks3ar-365069/,2199999.0,1899999.0,1,True
FRA-notebook-acer-aspire-lite-15-intel-core-,Fravega,ACER,Notebooks,Notebook Acer Aspire Lite 15 Intel Core i5 16GB 512GB AL15-52P-51UH,https://www.fravega.com/p/notebook-acer-aspire-lite-15-intel-core-i5-16gb-512gb-al15-52p-51uh-364920/,2999999.0,1849999.0,1,True
FRA-notebook-lenovo-v15-g4-amd-ryzen-7-7730u,Fravega,LENOVO,Notebooks,"Notebook Lenovo V15 G4 AMD Ryzen 7 7730U Ram 16GB, SSD 512GB 15.6?FHD Gris Windows 11",https://www.fravega.com/p/notebook-lenovo-v15-g4-amd-ryzen-7-7730u-ram-16gb-ssd-512gb-15-6-fhd-gris-windows-11-23036129/,1874999.0,1499999.0,1,True
FRA-notebook-gfast-15-6-amd-ryzen-7-8gb-240g,Fravega,OTRAS,Notebooks,"Notebook Gfast 15,6” AMD Ryzen 7 8GB  240GB SSD N-755R",https://www.fravega.com/p/notebook-gfast-15-6-amd-ryzen-7-8gb-240gb-ssd-n-755r-364959/,1349999.0,1199999.0,1,True
FRA-notebook-hp-15-6-amd-ryzen-5-8gb-512gb-1,Fravega,HP,Notebooks,"Notebook HP 15,6"" AMD Ryzen 5 8GB 512GB 15-FC0251LA + Mochila",https://www.fravega.com/p/notebook-hp-15-6-amd-ryzen-5-8gb-512gb-15-fc0251la-mochila-364837/,2199999.0,1399999.0,1,True
FRA-samsung-galaxy-book-4-15-6-fhd-intel-cor,Fravega,SAMSUNG,Notebooks,"Samsung Galaxy Book 4 15,6” FHD Intel Core i7 32GB 1TB NP750XGJ-KG1AR",https://www.fravega.com/p/samsung-galaxy-book-4-15-6-fhd-intel-core-i7-32gb-1tb-np750xgj-kg1ar-365072/,3699999.0,3499999.0,1,True
FRA-notebook-acer-aspire-go-15-intel-core-i5,Fravega,ACER,Notebooks,Notebook Acer Aspire Go 15 Intel Core i5 16GB 512GB AG15-71P-51VE Verde,https://www.fravega.com/p/notebook-acer-aspire-go-15-intel-core-i5-16gb-512gb-ag15-71p-51ve-verde-364921/,2999999.0,2149999.0,1,True
FRA-notebook-lenovo-ideapad-1-15ijl7-celeron,Fravega,LENOVO,Notebooks,Notebook Lenovo Ideapad 1 15ijl7 Celeron N4500 4gb 128gb,https://www.fravega.com/p/notebook-lenovo-ideapad-1-15ijl7-celeron-n4500-4gb-128gb-22923781/,922348.0,638999.0,1,True
FRA-notebook-acer-aspire-lite-intel-core-i5-,Fravega,ACER,Notebooks,Notebook Acer Aspire Lite Intel Core i5 8GB 512GB AL16-52P-579C,https://www.fravega.com/p/notebook-acer-aspire-lite-intel-core-i5-8gb-512gb-al16-52p-579c-364913/,1999999.0,1679999.0,1,True
FRA-notebook-lenovo-ideapad-1-15ijl7-celeron,Fravega,LENOVO,Notebooks,Notebook Lenovo Ideapad 1 15ijl7 Celeron N4500 8gb 128gb,https://www.fravega.com/p/notebook-lenovo-ideapad-1-15ijl7-celeron-n4500-8gb-128gb-22924752/,1024648.0,682999.0,1,True
FRA-notebook-asus-e1504fa-bq2783-ryzen-5-40-,Fravega,ASUS,Notebooks,Notebook Asus E1504fa-bq2783 Ryzen 5 40 8gb 512gb Ssd Win,https://www.fravega.com/p/notebook-asus-e1504fa-bq2783-ryzen-5-40-8gb-512gb-ssd-win-23006549/,1412856.0,1119999.0,1,True
FRA-notebook-asus-vivobook-go-15-6-fhd-n100-,Fravega,ASUS,Notebooks,"Notebook Asus Vivobook Go 15.6"" FHD N100 4GB 128GB UFS 2.1 Windows 11 E1504GA-BQ346W",https://www.fravega.com/p/notebook-asus-vivobook-go-15-6-fhd-n100-4gb-128gb-ufs-2-1-windows-11-e1504ga-bq346w-990250705/,1096699.0,521999.01,1,True
FRA-notebook-asus-vivobook-i5-8gb-512gb-ssd-,Fravega,ASUS,Notebooks,"Notebook Asus Vivobook I5 8GB 512GB Ssd 15.6"" FHD Español Color Azul X1504ZA-NJ027",https://www.fravega.com/p/notebook-asus-vivobook-i5-8gb-512gb-ssd-15-6-fhd-espanol-color-azul-x1504za-nj027-990304890/,2020699.0,949999.0,1,True
FRA-notebook-acer-nitro-lite-intel-core-i5-8,Fravega,ACER,Notebooks,Notebook Acer Nitro Lite Intel Core i5 8GB 512GB NL16-71G-580G,https://www.fravega.com/p/notebook-acer-nitro-lite-intel-core-i5-8gb-512gb-nl16-71g-580g-364912/,2999999.0,2399999.0,1,True
FRA-notebook-lenovo-v15-g4-amd-ryzen-5-7520u,Fravega,LENOVO,Notebooks,Notebook Lenovo V15 G4 Amd Ryzen 5 7520u 16gb 512gb Fhd 15.6 Windows 11 Home,https://www.fravega.com/p/notebook-lenovo-v15-g4-amd-ryzen-5-7520u-16gb-512gb-fhd-15-6-windows-11-home-22957706/,2308653.51,1775887.32,1,True
FRA-notebook-hp-15-fd0331la-core-3-100u-8gb-,Fravega,HP,Notebooks,Notebook Hp 15-fd0331la Core 3 100u 8gb 512gb Ssd 15.6 W11h,https://www.fravega.com/p/notebook-hp-15-fd0331la-core-3-100u-8gb-512gb-ssd-15-6-w11h-22934548/,1304999.1,1003845.47,1,True
FRA-notebook-lenovo-ideapad-slim-3-15-6-ryze,Fravega,LENOVO,Notebooks,"Notebook Lenovo Ideapad Slim 3 15.6"" Ryzen 7 5825U 16GB 512GB Teclado Retroiluminado Color Artic Gray",https://www.fravega.com/p/notebook-lenovo-ideapad-slim-3-15-6-ryzen-7-5825u-16gb-512gb-teclado-retroiluminado-color-artic-gray-22883775/,1974999.0,1579999.0,1,True
FRA-notebook-acer-aspire-go-15-ryzen-7-7730u,Fravega,ACER,Notebooks,Notebook Acer Aspire Go 15 Ryzen 7 7730u 16gb 512gb Win,https://www.fravega.com/p/notebook-acer-aspire-go-15-ryzen-7-7730u-16gb-512gb-win-23005030/,2102098.0,1436999.0,1,True
FRA-notebook-acer-aspire-go-15-ryzen-7-7730u,Fravega,ACER,Notebooks,Notebook Acer Aspire Go 15 Ryzen 7 7730u 16gb 512gb Win S12,https://www.fravega.com/p/notebook-acer-aspire-go-15-ryzen-7-7730u-16gb-512gb-win-s12-23005032/,2824798.0,1938358.0,1,True
FRA-notebook-hp-14-intel-core-5-8gb-512gb-om,Fravega,HP,Notebooks,"Notebook HP 14"" Intel Core 5 8GB 512GB OmniBook 3 14-HU0050LA",https://www.fravega.com/p/notebook-hp-14-intel-core-5-8gb-512gb-omnibook-3-14-hu0050la-364858/,2199999.0,1599999.0,1,True
FRA-notebook-lenovo-ideapad-slim-3-intel-n10,Fravega,LENOVO,Notebooks,Notebook Lenovo Ideapad Slim 3 Intel N100 8gb 128gb Ssd W11h,https://www.fravega.com/p/notebook-lenovo-ideapad-slim-3-intel-n100-8gb-128gb-ssd-w11h-22941026/,1175696.17,909999.0,1,True
FRA-notebook-asus-tuf-a15-gaming-fa506nf-15-,Fravega,ASUS,Notebooks,"Notebook ASUS TUF A15 GAMING FA506NF 15.6"" 165HZ WQHD RYZEN 7 16GB 512GB SSD RTX4050 --GB WIN11",https://www.fravega.com/p/notebook-asus-tuf-a15-gaming-fa506nf-15-6-165hz-wqhd-ryzen-7-16gb-512gb-ssd-rtx4050-gb-win11-990298402/,5382299.0,1999999.01,1,True
FRA-notebook-exo-14-intel-n4020-4gb-128emmc-,Fravega,OTRAS,Notebooks,Notebook Exo 14´ Intel N4020 4GB 128eMMC RX38 Windows 11,https://www.fravega.com/p/notebook-exo-14-intel-n4020-4gb-128emmc-rx38-windows-11-22612161/,459999.0,359999.0,1,True
FRA-notebook-hp-14-em0002-4gb-ram-128gb-ssd-,Fravega,HP,Notebooks,"Notebook Hp 14-em0002 4gb Ram 128gb Ssd Athlon 7120u 14"" Hd Moonlight Blue",https://www.fravega.com/p/notebook-hp-14-em0002-4gb-ram-128gb-ssd-athlon-7120u-14-hd-moonlight-blue-22819531/,749999.0,599999.0,1,True
FRA-notebook-asus-vivobook-go-15-6-fhd-n100-,Fravega,ASUS,Notebooks,"Notebook Asus Vivobook Go 15.6"" FHD N100 4GB 256GB E1504GA-BQ645",https://www.fravega.com/p/notebook-asus-vivobook-go-15-6-fhd-n100-4gb-256gb-e1504ga-bq645-990250704/,1145099.0,543999.0,1,True
FRA-notebook-asus-vivobook-go-15-6-fhd-core-,Fravega,ASUS,Notebooks,"Notebook Asus Vivobook Go 15.6"" FHD Core I3-N305 8GB 256GB UFS 2.1 Windows 11 E1504GA-BQ061W",https://www.fravega.com/p/notebook-asus-vivobook-go-15-6-fhd-core-i3-n305-8gb-256gb-ufs-2-1-windows-11-e1504ga-bq061w-990250701/,1737999.0,818999.0,1,True
FRA-notebook-lenovo-ideapad-slim-3-intel-n10,Fravega,LENOVO,Notebooks,Notebook Lenovo Ideapad Slim 3 Intel N100 8gb 128gb Ssd W11h,https://www.fravega.com/p/notebook-lenovo-ideapad-slim-3-intel-n100-8gb-128gb-ssd-w11h-22941025/,1099999.0,829999.0,1,True
FRA-notebook-hp-250r-g10-core-5-120u-15-6-hd,Fravega,HP,Notebooks,Notebook Hp 250r G10 Core 5 120u 15.6 Hd 16gb 512gb Ssd Windows 11 Home,https://www.fravega.com/p/notebook-hp-250r-g10-core-5-120u-15-6-hd-16gb-512gb-ssd-windows-11-home-22951836/,2029187.34,1560913.34,1,True
FRA-notebook-hp-15-fd0331la-core-3-100u-16gb,Fravega,HP,Notebooks,Notebook Hp 15-fd0331la Core 3 100u 16gb 512gb Ssd 15.6 W11h,https://www.fravega.com/p/notebook-hp-15-fd0331la-core-3-100u-16gb-512gb-ssd-15-6-w11h-22934564/,2071214.94,1659999.0,1,True
FRA-notebook-philco-14-amd-ryzen-3-3200u-4gb,Fravega,PHILCO,Notebooks,"Notebook Philco 14"" AMD Ryzen 3-3200U 4GB 128GB SSD Windows 11 Home N14PR3200",https://www.fravega.com/p/notebook-philco-14-amd-ryzen-3-3200u-4gb-128gb-ssd-windows-11-home-n14pr3200-990228710/,867899.0,415999.0,1,True
FRA-notebook-hp-15-fd0331la-core-3-100u-8gb-,Fravega,HP,Notebooks,Notebook Hp 15-fd0331la Core 3 100u 8gb 512gb Ssd 15.6 W11h,https://www.fravega.com/p/notebook-hp-15-fd0331la-core-3-100u-8gb-512gb-ssd-15-6-w11h-22934562/,1676923.85,1289999.0,1,True
FRA-notebook-lenovo-ideapad-15arp10-r7-7735h,Fravega,LENOVO,Notebooks,Notebook Lenovo Ideapad 15arp10 R7 7735hs 16gb 512gb Ssd,https://www.fravega.com/p/notebook-lenovo-ideapad-15arp10-r7-7735hs-16gb-512gb-ssd-23005188/,2531635.0,1694999.0,1,True
FRA-notebook-hp-15-fd0331la-core-3-100u-16gb,Fravega,HP,Notebooks,Notebook Hp 15-fd0331la Core 3 100u 16gb 512gb Ssd 15.6 W11h,https://www.fravega.com/p/notebook-hp-15-fd0331la-core-3-100u-16gb-512gb-ssd-15-6-w11h-22934553/,1885853.29,1449999.0,1,True
FRA-notebook-hp-250r-g10-core-5-120u-15-6-hd,Fravega,HP,Notebooks,Notebook Hp 250r G10 Core 5 120u 15.6 Hd 16gb 512gb Ssd,https://www.fravega.com/p/notebook-hp-250r-g10-core-5-120u-15-6-hd-16gb-512gb-ssd-22926079/,2180226.34,1677097.18,1,True
FRA-notebook-asus-vivobook-i5-8gb-512gb-ssd-,Fravega,ASUS,Notebooks,"Notebook Asus Vivobook I5 8GB 512GB Ssd 15.6"" FHD Español Color Azul X1504ZA-NJ027",https://www.fravega.com/p/notebook-asus-vivobook-i5-8gb-512gb-ssd-15-6-fhd-espanol-color-azul-x1504za-nj027-990304890/,2020699.0,949999.0,1,True
FRA-notebook-asus-vivobook-15-ryzen-5-8gb-51,Fravega,ASUS,Notebooks,Notebook Asus Vivobook 15 Ryzen 5 8gb 512gb Ssd Win,https://www.fravega.com/p/notebook-asus-vivobook-15-ryzen-5-8gb-512gb-ssd-win-23006138/,1501427.0,1121999.0,1,True
FRA-notebook-lenovo-ideapad-15amn8-r5-7520u-,Fravega,LENOVO,Notebooks,Notebook Lenovo Ideapad 15amn8 R5 7520u 16gb 512gb Win,https://www.fravega.com/p/notebook-lenovo-ideapad-15amn8-r5-7520u-16gb-512gb-win-23005221/,2001427.0,1393999.0,1,True
FRA-notebook-acer-aspire-go-15-ryzen-7-7730u,Fravega,ACER,Notebooks,Notebook Acer Aspire Go 15 Ryzen 7 7730u 16gb 512gb Win Si9,https://www.fravega.com/p/notebook-acer-aspire-go-15-ryzen-7-7730u-16gb-512gb-win-si9-23005029/,2684548.0,1841415.0,1,True
FRA-notebook-lenovo-ideapad-15arp10-r7-7735h,Fravega,LENOVO,Notebooks,Notebook Lenovo Ideapad 15arp10 R7 7735hs 16gb 512gb Ssd S12,https://www.fravega.com/p/notebook-lenovo-ideapad-15arp10-r7-7735hs-16gb-512gb-ssd-s12-23005186/,3281817.0,2286372.0,1,True
FRA-apple-macbook-air-13-m2-24gb-512gb-midni,Fravega,APPLE,Notebooks,"Apple Macbook Air 13"" M2 24GB 512GB Midnight",https://www.fravega.com/p/apple-macbook-air-13-m2-24gb-512gb-midnight-22652387/,3674622.62,3320389.0,1,True
FRA-notebook-exo-rm84-14-intel-n4020-4gb-128,Fravega,OTRAS,Notebooks,Notebook Exo RM84 14 Intel N4020 4GB 128GB W11,https://www.fravega.com/p/notebook-exo-rm84-14-intel-n4020-4gb-128gb-w11-21194747/,459999.0,425999.0,1,True
FRA-notebook-lenovo-ideapad-15amn8-r5-7520u-,Fravega,LENOVO,Notebooks,Notebook Lenovo Ideapad 15amn8 R5 7520u 16gb 512gb Win S12,https://www.fravega.com/p/notebook-lenovo-ideapad-15amn8-r5-7520u-16gb-512gb-win-s12-23005222/,2612856.0,1880355.0,1,True
FRA-notebook-exo-r34-intel-n4020-14-1-4gb-12,Fravega,OTRAS,Notebooks,"Notebook Exo R34 Intel N4020 14,1 4GB 128GB Windows 11",https://www.fravega.com/p/notebook-exo-r34-intel-n4020-14-1-4gb-128gb-windows-11-20458266/,499999.0,459999.0,1,True
FRA-notebook-hp-250r-g10-core-5-120u-15-6-hd,Fravega,HP,Notebooks,Notebook Hp 250r G10 Core 5 120u 15.6 Hd 16gb 512gb Ssd Windows 11 Home,https://www.fravega.com/p/notebook-hp-250r-g10-core-5-120u-15-6-hd-16gb-512gb-ssd-windows-11-home-22951836/,2029187.34,1560913.34,1,True
FRA-notebook-hp-15-fd0331la-core-3-100u-16gb,Fravega,HP,Notebooks,Notebook Hp 15-fd0331la Core 3 100u 16gb 512gb Ssd 15.6 W11h,https://www.fravega.com/p/notebook-hp-15-fd0331la-core-3-100u-16gb-512gb-ssd-15-6-w11h-22934564/,2071214.94,1659999.0,1,True
FRA-notebook-acer-aspire-go-15-ryzen-7-7730u,Fravega,ACER,Notebooks,Notebook Acer Aspire Go 15 Ryzen 7 7730u 16gb 512gb Win 6si,https://www.fravega.com/p/notebook-acer-aspire-go-15-ryzen-7-7730u-16gb-512gb-win-6si-23005031/,2522848.0,1726576.0,1,True
FRA-notebook-hp-255r-g10-ryzen-7-7735u-16gb-,Fravega,HP,Notebooks,Notebook Hp 255r G10 Ryzen 7 7735u 16gb 512gb Ssd Win,https://www.fravega.com/p/notebook-hp-255r-g10-ryzen-7-7735u-16gb-512gb-ssd-win-23004520/,2606998.0,1724999.0,1,True
FRA-notebook-hp-255r-g10-ryzen-5-7535u-16gb-,Fravega,HP,Notebooks,Notebook Hp 255r G10 Ryzen 5 7535u 16gb 512gb Ssd 15.6 Windows 11 Home,https://www.fravega.com/p/notebook-hp-255r-g10-ryzen-5-7535u-16gb-512gb-ssd-15-6-windows-11-home-22973265/,2303501.67,1771924.36,1,True
FRA-notebook-ideapad-slim-3-8va-gen-15-amd-r,Fravega,OTRAS,Notebooks,"Notebook IdeaPad Slim 3  8va Gen 15"" AMD Ryzen 3",https://www.fravega.com/p/notebook-ideapad-slim-3-8va-gen-15-amd-ryzen-3-22063341/,1899999.0,1039999.0,1,True
FRA-notebook-lenovo-ideapad-slim-3-amd-ryzen,Fravega,LENOVO,Notebooks,"Notebook Lenovo IdeaPad Slim 3 AMD Ryzen 7-8840HS 16GB RAM 512GB SSD Pantalla 15""",https://www.fravega.com/p/notebook-lenovo-ideapad-slim-3-amd-ryzen-7-8840hs-16gb-ram-512gb-ssd-pantalla-15--23021133/,2622000.0,1942000.0,1,True
FRA-notebook-hp-255r-g10-amd-ryzen-5-7535u-r,Fravega,HP,Notebooks,"Notebook HP 255R G10 AMD Ryzen 5 7535U, Ram 24GB DDR5, SSD 512GB 15.6?FHD Silver Windows 11",https://www.fravega.com/p/notebook-hp-255r-g10-amd-ryzen-5-7535u-ram-24gb-ddr5-ssd-512gb-15-6-fhd-silver-windows-11-23019194/,1812999.0,1449999.0,1,True
FRA-notebook-asus-vivobook-15-ryzen-5-8gb-51,Fravega,ASUS,Notebooks,Notebook Asus Vivobook 15 Ryzen 5 8gb 512gb Ssd Win S12,https://www.fravega.com/p/notebook-asus-vivobook-15-ryzen-5-8gb-512gb-ssd-win-s12-23006141/,1969999.0,1520680.0,1,True
FRA-notebook-asus-vivobook-x1404va-intel-cor,Fravega,ASUS,Notebooks,Notebook Asus Vivobook X1404VA Intel Core i5-1334U 16 GB 512 GB,https://www.fravega.com/p/notebook-asus-vivobook-x1404va-intel-core-i5-1334u-16-gb-512-gb-22647094/,1916077.79,1609505.35,1,True
FRA-notebook-gadnic-14-pulgadas-intel-celero,Fravega,LG,Notebooks,Notebook Gadnic 14 Pulgadas Intel Celeron N4500 RAM 4GB SSD 128GB Cámara Frontal Con Soporte,https://www.fravega.com/p/notebook-gadnic-14-pulgadas-intel-celeron-n4500-ram-4gb-ssd-128gb-camara-frontal-con-soporte-990284559/,700439.0,538798.99,1,True
FRA-notebook-samsung-galaxy-book-4-i38gb-ram,Fravega,SAMSUNG,Notebooks,Notebook Samsung Galaxy Book 4 I38GB RAM 256GB SSD,https://www.fravega.com/p/notebook-samsung-galaxy-book-4-i38gb-ram-256gb-ssd-990264071/,2019744.0,1553649.0,1,True
FRA-reacondicionado-notebook-acer-al15-31p-c,Fravega,ACER,Notebooks,"Reacondicionado Notebook Acer AL15-31P-C28L 15,6” IPS Intel Celeron N4500 8GB 256GB SSD W11",https://www.fravega.com/p/reacondicionado-notebook-acer-al15-31p-c28l-15-6-ips-intel-celeron-n4500-8gb-256gb-ssd-w11-470986/,459999.0,380164.0,1,True
FRA-apple-macbook-neo-13-8gb-ram-512gb-silve,Fravega,APPLE,Notebooks,"Apple MacBook Neo 13"" 8GB RAM 512GB Silver",https://www.fravega.com/p/apple-macbook-neo-13-8gb-ram-512gb-silver-23036608/,4999998.0,4399999.0,1,True
FRA-notebook-asus-vivobook-intel-core-7-150u,Fravega,ASUS,Notebooks,Notebook Asus Vivobook Intel Core 7 150u 16gb 512gb Win,https://www.fravega.com/p/notebook-asus-vivobook-intel-core-7-150u-16gb-512gb-win-23009347/,2369999.0,1694999.0,1,True
FRA-notebook-hp-14-dq6011dx-n150-n-4gb-128gb,Fravega,HP,Notebooks,Notebook Hp 14 Dq6011dx N150 N 4gb 128gb Ssd,https://www.fravega.com/p/notebook-hp-14-dq6011dx-n150-n-4gb-128gb-ssd--23005124/,904198.0,582999.0,1,True
FRA-notebook-hp-250r-g10-core-5-120u-15-6-hd,Fravega,HP,Notebooks,Notebook Hp 250r G10 Core 5 120u 15.6 Hd 16gb 512gb Ssd Windows 11 Home,https://www.fravega.com/p/notebook-hp-250r-g10-core-5-120u-15-6-hd-16gb-512gb-ssd-windows-11-home-22951836/,2029187.34,1560913.34,1,True
FRA-notebook-hp-15-fd0331la-core-3-100u-16gb,Fravega,HP,Notebooks,Notebook Hp 15-fd0331la Core 3 100u 16gb 512gb Ssd 15.6 W11h,https://www.fravega.com/p/notebook-hp-15-fd0331la-core-3-100u-16gb-512gb-ssd-15-6-w11h-22934564/,2071214.94,1659999.0,1,True
FRA-notebook-acer-aspire-go-15-ryzen-7-7730u,Fravega,ACER,Notebooks,Notebook Acer Aspire Go 15 Ryzen 7 7730u 16gb 512gb Win Csi,https://www.fravega.com/p/notebook-acer-aspire-go-15-ryzen-7-7730u-16gb-512gb-win-csi-23005028/,2389198.0,1634892.0,1,True
FRA-notebook-hp-250r-g10-core-5-120u-15-6-hd,Fravega,HP,Notebooks,Notebook Hp 250r G10 Core 5 120u 15.6 Hd 16gb 512gb Ssd Windows 11 Home,https://www.fravega.com/p/notebook-hp-250r-g10-core-5-120u-15-6-hd-16gb-512gb-ssd-windows-11-home-22951844/,2228637.38,1719999.0,1,True
FRA-notebook-lenovo-ideapad-slim-3-r7-5825u-,Fravega,LENOVO,Notebooks,Notebook Lenovo Ideapad Slim 3 R7-5825U 16GB 1TB Tactil,https://www.fravega.com/p/notebook-lenovo-ideapad-slim-3-r7-5825u-16gb-1tb-tactil-22855805/,2437705.84,2047672.91,1,True
FRA-notebook-hp-15-fc0372la-amd-ryzen-7-16gb,Fravega,HP,Notebooks,Notebook Hp 15-fc0372la Amd Ryzen 7 16gb Ram  512gb M2 Win11 Plateado,https://www.fravega.com/p/notebook-hp-15-fc0372la-amd-ryzen-7-16gb-ram-512gb-m2-win11-plateado-990290390/,3699999.0,2008999.0,1,True
FRA-samsung-galaxy-book-4-15-6-fhd-intel-cor,Fravega,SAMSUNG,Notebooks,"Samsung Galaxy Book 4 15,6” FHD Intel Core i5 16GB 512GB NP750XGJ-KS2AR",https://www.fravega.com/p/samsung-galaxy-book-4-15-6-fhd-intel-core-i5-16gb-512gb-np750xgj-ks2ar-364936/,2499999.0,2299999.0,1,True
FRA-notebook-lenovo-v15-g4-amd-ryzen-7-7730u,Fravega,LENOVO,Notebooks,"Notebook Lenovo V15 G4 AMD Ryzen 7 7730U Ram 16GB, SSD 512GB 15.6?FHD Gris Windows 11",https://www.fravega.com/p/notebook-lenovo-v15-g4-amd-ryzen-7-7730u-ram-16gb-ssd-512gb-15-6-fhd-gris-windows-11-23041167/,2499999.0,1999999.0,1,True
FRA-notebook-lenovo-ideapad-slim-3-15amn8-ry,Fravega,LENOVO,Notebooks,Notebook Lenovo Ideapad Slim 3 15amn8 Ryzen 5 7520u 16gb 512gb,https://www.fravega.com/p/notebook-lenovo-ideapad-slim-3-15amn8-ryzen-5-7520u-16gb-512gb-23016968/,1845453.0,1423999.0,1,True
FRA-notebook-asus-vivobook-15-ryzen-5-8gb-51,Fravega,ASUS,Notebooks,Notebook Asus Vivobook 15 Ryzen 5 8gb 512gb Ssd Win Si9,https://www.fravega.com/p/notebook-asus-vivobook-15-ryzen-5-8gb-512gb-ssd-win-si9-23006140/,1879999.0,1443419.0,1,True
FRA-notebook-asus-vivobook-15-core-5-120u-16,Fravega,ASUS,Notebooks,Notebook Asus Vivobook 15 Core 5 120u 16gb 512gb SSD Windows 11 Home,https://www.fravega.com/p/notebook-asus-vivobook-15-core-5-120u-16gb-512gb-ssd-windows-11-home-23001373/,2455132.12,2034986.9,1,True
FRA-notebook-hp-15-fd0331la-core-3-100u-16gb,Fravega,HP,Notebooks,Notebook Hp 15-fd0331la Core 3 100u 16gb 512gb Ssd 15.6 W11h,https://www.fravega.com/p/notebook-hp-15-fd0331la-core-3-100u-16gb-512gb-ssd-15-6-w11h-22934549/,1611840.42,1239877.25,1,True
FRA-notebook-hp-240-intel-core-7-16gb-ram-51,Fravega,HP,Notebooks,"Notebook HP 240 Intel Core 7 16gb RAM 512gb SSD 14"" Windows 11 Pro",https://www.fravega.com/p/notebook-hp-240-intel-core-7-16gb-ram-512gb-ssd-14-windows-11-pro--990300728/,1872147.81,1694251.0,1,True
FRA-reacondicionada-notebook-acer-16-intel-c,Fravega,ACER,Notebooks,Reacondicionada Notebook Acer 16” Intel Core i3 de 8 núcleos 8GB 512GB SSD Aspire Lite 16,https://www.fravega.com/p/reacondicionada-notebook-acer-16-intel-core-i3-de-8-nucleos-8gb-512gb-ssd-aspire-lite-16-470877/,849999.0,769229.86,1,True
FRA-notebook-acer-aspire-lite-intel-core-3-8,Fravega,ACER,Notebooks,Notebook Acer Aspire Lite Intel Core 3 8GB 512GB AL15-33P-316C,https://www.fravega.com/p/notebook-acer-aspire-lite-intel-core-3-8gb-512gb-al15-33p-316c-364735/,1399999.0,1349999.0,1,True
FRA-notebook-lenovo-v15-g5-core-i7-13620h-16,Fravega,LENOVO,Notebooks,Notebook Lenovo V15 G5 Core I7-13620h 16gb Ssd 1tb 15.6 Fhd Windows 11 Home,https://www.fravega.com/p/notebook-lenovo-v15-g5-core-i7-13620h-16gb-ssd-1tb-15-6-fhd-windows-11-home-23051955/,3337537.05,2567336.19,1,True
FRA-notebook-asus-vivobook-15-ryzen-5-7520u-,Fravega,ASUS,Notebooks,Notebook Asus Vivobook 15 Ryzen 5 7520u 16gb 512gb Win,https://www.fravega.com/p/notebook-asus-vivobook-15-ryzen-5-7520u-16gb-512gb-win-23036560/,1847998.0,1337999.0,1,True
FRA-videojuego-marvel-s-wolverine-para-plays,Fravega,OTRAS,Gaming y Videojuegos,Videojuego Marvel's Wolverine para Playstation 5,https://www.fravega.com/p/videojuego-marvel-s-wolverine-para-playstation-5-342638/,174999.0,144627.27,1,True
FRA-ps5-playstation-5-con-astro-bot-y-gran-t,Fravega,OTRAS,Gaming y Videojuegos,PS5 PlayStation 5 con Astro Bot y Gran Turismo 7 Digital Bundle 2,https://www.fravega.com/p/ps5-playstation-5-con-astro-bot-y-gran-turismo-7-digital-bundle-2--342667/,1899999.0,1570247.0,1,True
FRA-joystick-ps5-dualsense-techno-red-amer-3,Fravega,OTRAS,Gaming y Videojuegos,Joystick PS5 Dualsense TECHNO RED AMER,https://www.fravega.com/p/joystick-ps5-dualsense-techno-red-amer-342664/,199999.0,165288.43,1,True
FRA-joystick-ps5-sony-dualsense-midnight-bla,Fravega,SONY,Gaming y Videojuegos,Joystick Ps5 Sony DualSense Midnight Black,https://www.fravega.com/p/joystick-ps5-sony-dualsense-midnight-black-342688/,174999.0,144627.27,1,True
FRA-joystick-ps5-dualsense-white-amer-342665,Fravega,OTRAS,Gaming y Videojuegos,Joystick PS5 Dualsense  WHITE AMER,https://www.fravega.com/p/joystick-ps5-dualsense-white-amer-342665/,179999.0,148759.5,1,True
FRA-ps5-estacion-de-recarga-para-el-dualsens,Fravega,OTRAS,Gaming y Videojuegos,PS5 Estación de recarga para el DualSense,https://www.fravega.com/p/ps5-estacion-de-recarga-para-el-dualsense-342659/,84999.0,79999.0,1,True
FRA-consola-nintendo-switch-2-342626,Fravega,OTRAS,Gaming y Videojuegos,Consola Nintendo Switch 2,https://www.fravega.com/p/consola-nintendo-switch-2-342626/,1699999.0,1404958.0,1,True
FRA-control-inalambrico-ps5-dualsense-chroma,Fravega,OTRAS,Gaming y Videojuegos,Control Inalámbrico PS5 Dualsense Chroma Indigo,https://www.fravega.com/p/control-inalambrico-ps5-dualsense-chroma-indigo--342685/,185999.0,153718.18,1,True
FRA-joystick-ps5-dualsense-cosmic-red-amer-3,Fravega,OTRAS,Gaming y Videojuegos,Joystick PS5 Dualsense COSMIC RED AMER,https://www.fravega.com/p/joystick-ps5-dualsense-cosmic-red-amer-342692/,179999.0,148759.5,1,True
FRA-joystick-para-ps4-negro-inalambrico-negr,Fravega,OTRAS,Gaming y Videojuegos,Joystick Para Ps4 Negro Inalambrico Negro,https://www.fravega.com/p/joystick-para-ps4-negro-inalambrico-negro-22714834/,54999.0,34999.0,1,True
FRA-ps5-playstation-5-slim-edicion-digital-1,Fravega,OTRAS,Gaming y Videojuegos,Ps5 Playstation 5 Slim Edicion Digital 1Tb Blanco,https://www.fravega.com/p/ps5-playstation-5-slim-edicion-digital-1tb-blanco-23004676/,3706514.63,2068919.01,1,True
FRA-ps5-playstation-5-pro-cfi-7020-2tb-digit,Fravega,OTRAS,Gaming y Videojuegos,Ps5 Playstation 5 Pro Cfi-7020 2Tb Digital Color Blanco 2024,https://www.fravega.com/p/ps5-playstation-5-pro-cfi-7020-2tb-digital-color-blanco-2024-23004674/,5581576.07,3240129.43,1,True
FRA-ps5-playstation-5-slim-blanco-4k-825-gb-,Fravega,OTRAS,Gaming y Videojuegos,PS5 PlayStation 5 Slim Blanco 4K 825 GB Digital,https://www.fravega.com/p/ps5-playstation-5-slim-blanco-4k-825-gb-digital-22913217/,2367185.64,1535728.92,1,True
FRA-joystick-ps5-inalambrico-sony-playstatio,Fravega,SONY,Gaming y Videojuegos,Joystick PS5 Inalámbrico Sony PlayStation 5 DualSense Blanco,https://www.fravega.com/p/joystick-ps5-inalambrico-sony-playstation-5-dualsense-blanco-990005985/,189999.0,167999.0,1,True
FRA-videojuego-nintendo-switch-2-pokemon-leg,Fravega,OTRAS,Gaming y Videojuegos,Videojuego Nintendo Switch 2 Pokémon Legends: Z-A,https://www.fravega.com/p/videojuego-nintendo-switch-2-pokemon-legends-z-a-342797/,164999.0,136363.0,1,True
FRA-videojuego-marvel-s-wolverine-para-plays,Fravega,OTRAS,Gaming y Videojuegos,Videojuego Marvel's Wolverine para Playstation 5,https://www.fravega.com/p/videojuego-marvel-s-wolverine-para-playstation-5-342638/,174999.0,144627.27,1,True
FRA-consola-retro-portatil-sup-400-juegos-1-,Fravega,OTRAS,Gaming y Videojuegos,Consola Retro Portatil Sup 400 Juegos en 1 + Joystick Ideal Regalo,https://www.fravega.com/p/consola-retro-portatil-sup-400-juegos-1-joystick-ideal-regalo--22663304/,37999.0,28999.0,1,True
FRA-joystick-ps5-dualsense-starlight-blue-am,Fravega,OTRAS,Gaming y Videojuegos,Joystick PS5 Dualsense STARLIGHT BLUE AMER,https://www.fravega.com/p/joystick-ps5-dualsense-starlight-blue-amer-342696/,174999.0,144627.27,1,True
FRA-joystick-ps5-dualsense-chroma-teal-34268,Fravega,OTRAS,Gaming y Videojuegos,Joystick PS5 Dualsense CHROMA TEAL,https://www.fravega.com/p/joystick-ps5-dualsense-chroma-teal-342684/,185999.0,153718.18,1,True
FRA-ps5-playstation-5-slim-edicion-digital-1,Fravega,OTRAS,Gaming y Videojuegos,Ps5 Playstation 5 Slim Edicion Digital 1Tb Blanco,https://www.fravega.com/p/ps5-playstation-5-slim-edicion-digital-1tb-blanco-23004721/,2857892.85,2000524.99,1,True
FRA-ps5-playstation-5-slim-blanco-4k-825-gb-,Fravega,OTRAS,Gaming y Videojuegos,Ps5 Playstation 5 Slim Blanco 4K 825 Gb Digital,https://www.fravega.com/p/ps5-playstation-5-slim-blanco-4k-825-gb-digital-23004677/,3314059.91,1858231.99,1,True
FRA-ps5-playstation-5-pro-cfi-7020-2tb-digit,Fravega,OTRAS,Gaming y Videojuegos,Ps5 Playstation 5 Pro Cfi-7020 2Tb Digital Color Blanco 2024,https://www.fravega.com/p/ps5-playstation-5-pro-cfi-7020-2tb-digital-color-blanco-2024-23004623/,4475739.6,3133017.71,1,True
FRA-sony-playstation-5-digital-edition-825gb,Fravega,SONY,Gaming y Videojuegos,Sony PlayStation 5 Digital Edition 825GB Slim + 2 Joystick Original,https://www.fravega.com/p/sony-playstation-5-digital-edition-825gb-slim-2-joystick-original-22969704/,2849999.0,2599999.0,1,True
FRA-consola-retro-game-stick-m15-plus-pro-2-,Fravega,OTRAS,Gaming y Videojuegos,Consola Retro Game Stick M15 Plus Pro + 2 Joysticks + 20mil Juegos FULL Emulador 3D,https://www.fravega.com/p/consola-retro-game-stick-m15-plus-pro-2-joysticks-20mil-juegos-full-emulador-3d--21456157/,121999.0,79999.0,1,True
FRA-control-inalambrico-dualsense-rhythm-blu,Fravega,OTRAS,Gaming y Videojuegos,Control Inalámbrico DualSense Rhythm Blue,https://www.fravega.com/p/control-inalambrico-dualsense-rhythm-blue-342720/,199999.0,165288.43,1,True
FRA-joystick-sony-ps5-dualsense-cobalt-blue-,Fravega,SONY,Gaming y Videojuegos,Joystick Sony PS5 DualSense Cobalt Blue,https://www.fravega.com/p/joystick-sony-ps5-dualsense-cobalt-blue-342718/,189999.0,179999.0,1,True
FRA-joystick-ps5-dualsense-first-light-le-am,Fravega,OTRAS,Gaming y Videojuegos,Joystick PS5 Dualsense  FIRST LIGHT LE AMER,https://www.fravega.com/p/joystick-ps5-dualsense-first-light-le-amer-342691/,197999.0,163635.54,1,True
FRA-sony-playstation-5-digital-edition-825gb,Fravega,SONY,Gaming y Videojuegos,Sony PlayStation 5 Digital Edition 825GB Slim + Joystick DualSense Original PS5,https://www.fravega.com/p/sony-playstation-5-digital-edition-825gb-slim-joystick-dualsense-original-ps5-23009963/,2999999.0,2299999.0,1,True
FRA-ps5-playstation-5-slim-edicion-digital-1,Fravega,OTRAS,Gaming y Videojuegos,PS5 Playstation 5 Slim Edicion Digital 1TB Blanco,https://www.fravega.com/p/ps5-playstation-5-slim-edicion-digital-1tb-blanco-22913218/,2647510.44,1709850.42,1,True
FRA-game-stick-k8-la-mejor-consola-retro-40-,Fravega,OTRAS,Gaming y Videojuegos,Game Stick K8  La mejor Consola RETRO 40.000 juegos K8 La mas completa FULL Dos joystick Inalámbricos,https://www.fravega.com/p/game-stick-k8-la-mejor-consola-retro-40-000-juegos-k8-la-mas-completa-full-dos-joystick-inalambricos--22470655/,179999.0,108999.0,1,True
FRA-joystick-para-pc-notebook-usb-analogico-,Fravega,OTRAS,Gaming y Videojuegos,Joystick Para Pc Notebook Usb Analogico Con Vibracion Color,https://www.fravega.com/p/joystick-para-pc-notebook-usb-analogico-con-vibracion-color-21922974/,19999.0,14999.0,1,True
FRA-videojuego-marvel-s-wolverine-para-plays,Fravega,OTRAS,Gaming y Videojuegos,Videojuego Marvel's Wolverine para Playstation 5,https://www.fravega.com/p/videojuego-marvel-s-wolverine-para-playstation-5-342638/,174999.0,144627.27,1,True
FRA-consola-retro-game-stick-x2-plus-64gb-4k,Fravega,OTRAS,Gaming y Videojuegos,Consola Retro Game Stick x2 Plus 64GB 4K HDMI 35.000 Juegos,https://www.fravega.com/p/consola-retro-game-stick-x2-plus-64gb-4k-hdmi-35-000-juegos-21457950/,107999.0,87990.0,1,True
FRA-sega-hdmi-688-juegos-2-joysticks-inalamb,Fravega,OTRAS,Gaming y Videojuegos,Sega Hdmi 688 Juegos 2 Joysticks Inalambricos,https://www.fravega.com/p/sega-hdmi-688-juegos-2-joysticks-inalambricos-21313129/,64999.0,39999.0,1,True
FRA-ps5-playstation-5-slim-digital-juegos-as,Fravega,OTRAS,Gaming y Videojuegos,PS5 Playstation 5 Slim Digital Juegos Astro Bot Gt7,https://www.fravega.com/p/ps5-playstation-5-slim-digital-juegos-astro-bot-gt7-990268436/,2399999.0,1899999.0,1,True
FRA-ps5-playstation-5-slim-blanco-4k-825-gb-,Fravega,OTRAS,Gaming y Videojuegos,Ps5 Playstation 5 Slim Blanco 4K 825 Gb Digital,https://www.fravega.com/p/ps5-playstation-5-slim-blanco-4k-825-gb-digital-23004793/,2566861.2,1796802.83,1,True
FRA-xbox-series-s-512gb-robot-white-23004742,Fravega,OTRAS,Gaming y Videojuegos,Xbox Series S 512Gb Robot White,https://www.fravega.com/p/xbox-series-s-512gb-robot-white-23004742/,3357665.99,1681568.97,1,True
FRA-ps5-playstation-5-pro-cfi-7020-2tb-digit,Fravega,OTRAS,Gaming y Videojuegos,PS5 PlayStation 5 Pro CFI-7020 2TB Digital Color Blanco 2024,https://www.fravega.com/p/ps5-playstation-5-pro-cfi-7020-2tb-digital-color-blanco-2024-22913220/,3986840.04,2677792.92,1,True
FRA-joystick-inalambrico-bluetooth-para-play,Fravega,OTRAS,Gaming y Videojuegos,Joystick Inalámbrico Bluetooth Para Playstation 3 Rojo,https://www.fravega.com/p/joystick-inalambrico-bluetooth-para-playstation-3-rojo--22815570/,36448.65,24299.1,1,True
FRA-ventilador-humificador-portatil-con-luce,Fravega,OTRAS,Gaming y Videojuegos,Ventilador Humificador Portátil Con Luces Led Climatizador De Aire Dehuka,https://www.fravega.com/p/ventilador-humificador-portatil-con-luces-led-climatizador-de-aire-dehuka-22481531/,19038.0,12423.0,1,True
FRA-consola-retro-game-stick-lite-4k-hdmi-64,Fravega,OTRAS,Gaming y Videojuegos,Consola Retro Game Stick Lite 4k Hdmi 64gb 20.000 Juegos,https://www.fravega.com/p/consola-retro-game-stick-lite-4k-hdmi-64gb-20-000-juegos-21457948/,81899.0,64999.0,1,True
FRA-control-inalambrico-ps5-dualsense-chroma,Fravega,OTRAS,Gaming y Videojuegos,Control Inalámbrico PS5 Dualsense Chroma Pearl,https://www.fravega.com/p/control-inalambrico-ps5-dualsense-chroma-pearl-342686/,299999.0,247933.06,1,True
FRA-auriculares-sony-ps5-pulse-elite-342658,Fravega,SONY,Gaming y Videojuegos,Auriculares Sony PS5 Pulse Elite,https://www.fravega.com/p/auriculares-sony-ps5-pulse-elite-342658/,434999.0,359503.31,1,True
FRA-ps5-playstation-5-slim-con-lectora-de-1t,Fravega,SONY,Gaming y Videojuegos,Ps5 Playstation 5 Slim Con Lectora De 1Tb + Fc 26 Dig Sony Color Blanco,https://www.fravega.com/p/ps5-playstation-5-slim-con-lectora-de-1tb-fc-26-dig-sony-color-blanco-23004670/,3793726.79,2159213.44,1,True
FRA-xbox-series-s-1t-robot-white-23004644,Fravega,OTRAS,Gaming y Videojuegos,Xbox Series S 1T Robot White,https://www.fravega.com/p/xbox-series-s-1t-robot-white-23004644/,2657400.0,2336040.0,1,True
FRA-ps5-playstation-5-slim-1tb-standard-colo,Fravega,OTRAS,Gaming y Videojuegos,PS5 PlayStation 5 Slim 1TB Standard Color Blanco,https://www.fravega.com/p/ps5-playstation-5-slim-1tb-standard-color-blanco-22913216/,2663084.04,1796370.42,1,True
FRA-control-joystick-inalambrico-compatible-,Fravega,OTRAS,Gaming y Videojuegos,Control Joystick Inalambrico Compatible Con ps4 AZUL,https://www.fravega.com/p/control-joystick-inalambrico-compatible-con-ps4-azul-21923163/,39999.0,26999.0,1,True
FRA-videojuego-marvel-s-wolverine-para-plays,Fravega,OTRAS,Gaming y Videojuegos,Videojuego Marvel's Wolverine para Playstation 5,https://www.fravega.com/p/videojuego-marvel-s-wolverine-para-playstation-5-342638/,174999.0,144627.27,1,True
FRA-control-joystick-inalambrico-compatible-,Fravega,OTRAS,Gaming y Videojuegos,Control Joystick Inalambrico Compatible Con ps4 Blanco,https://www.fravega.com/p/control-joystick-inalambrico-compatible-con-ps4-blanco-21923141/,39999.0,26999.0,1,True
FRA-nintendo-switch-pro-controller-342670,Fravega,OTRAS,Gaming y Videojuegos,Nintendo Switch Pro Controller,https://www.fravega.com/p/nintendo-switch-pro-controller-342670/,289999.0,239669.0,1,True
FRA-joystick-ps5-dualsense-marathon-le-amer-,Fravega,OTRAS,Gaming y Videojuegos,Joystick PS5 Dualsense MARATHON LE - AMER,https://www.fravega.com/p/joystick-ps5-dualsense-marathon-le-amer-342657/,199999.0,165288.43,1,True
FRA-juego-ea-fifa-25-ps4-342553,Fravega,OTRAS,Gaming y Videojuegos,Juego EA FIFA 25 PS4,https://www.fravega.com/p/juego-ea-fifa-25-ps4-342553/,99999.0,82644.0,1,True
FRA-consola-nintendo-switch-2-256gb-edicion-,Fravega,OTRAS,Gaming y Videojuegos,Consola Nintendo Switch 2 256Gb Edición Con Juego Mario Kart World Hdr Negro,https://www.fravega.com/p/consola-nintendo-switch-2-256gb-edicion-con-juego-mario-kart-world-hdr-negro-23004666/,3158168.17,1739148.03,1,True
FRA-consola-nintendo-switch-2-negro-23004661,Fravega,OTRAS,Gaming y Videojuegos,Consola Nintendo Switch 2 Negro,https://www.fravega.com/p/consola-nintendo-switch-2-negro-23004661/,2932506.71,1637076.06,1,True
FRA-xbox-series-x-standar-1-tb-23004648,Fravega,OTRAS,Gaming y Videojuegos,Xbox Series X Standar 1 Tb,https://www.fravega.com/p/xbox-series-x-standar-1-tb-23004648/,4862075.75,3115811.01,1,True
FRA-ps5-playstation-5-slim-con-lectora-de-1t,Fravega,SONY,Gaming y Videojuegos,Ps5 Playstation 5 Slim Con Lectora De 1Tb + Fc 26 Dig Sony Color Blanco,https://www.fravega.com/p/ps5-playstation-5-slim-con-lectora-de-1tb-fc-26-dig-sony-color-blanco-23004600/,2982620.7,2087834.48,1,True
FRA-unidad-de-disco-p-consola-playstation-5-,Fravega,OTRAS,Gaming y Videojuegos,Unidad De Disco P/ Consola Playstation 5 Edición Digital Ps5 Color Blanco,https://www.fravega.com/p/unidad-de-disco-p-consola-playstation-5-edicion-digital-ps5-color-blanco-23004542/,1068346.79,510358.54,1,True
FRA-juguete-cactus-bailar-canta-repite-voz-c,Fravega,OTRAS,Gaming y Videojuegos,Juguete Cactus Bailar Canta Repite Voz con Luz Tiktok,https://www.fravega.com/p/juguete-cactus-bailar-canta-repite-voz-con-luz-tiktok-22926925/,9504.0,8079.0,1,True
FRA-parlante-lenovo-k3-pro-think-plus-portat,Fravega,LENOVO,Gaming y Videojuegos,Parlante Lenovo K3 Pro Think Plus Portatil Bluetooth 5.0 Tws Color Negro,https://www.fravega.com/p/parlante-lenovo-k3-pro-think-plus-portatil-bluetooth-5-0-tws-color-negro-22809236/,20359.0,18199.0,1,True
FRA-consola-super-mini-drive-level-up-joysti,Fravega,OTRAS,Gaming y Videojuegos,Consola Super Mini Drive Level Up Joysticks Inalámbricos +1000 Juegos Retro,https://www.fravega.com/p/consola-super-mini-drive-level-up-joysticks-inalambricos-1000-juegos-retro-22539983/,84999.0,66999.0,1,True
FRA-kit-estuche-protector-vidrio-templado-ac,Fravega,OTRAS,Gaming y Videojuegos,Kit Estuche Protector Vidrio Templado Accesorio Para Nintendo Switch Dehuka Negro,https://www.fravega.com/p/kit-estuche-protector-vidrio-templado-accesorio-para-nintendo-switch-dehuka-negro-22481599/,25671.0,18394.0,1,True
FRA-estuche-con-16-accesorios-compatibles-co,Fravega,OTRAS,Gaming y Videojuegos,Estuche Con 16 Accesorios Compatibles Con Nintendo Switch Oled,https://www.fravega.com/p/estuche-con-16-accesorios-compatibles-con-nintendo-switch-oled-22481483/,62808.0,57061.0,1,True
FRA-control-joystick-inalambrico-compatible-,Fravega,OTRAS,Gaming y Videojuegos,Control Joystick Inalambrico Compatible Con ps4 Verde Alpino,https://www.fravega.com/p/control-joystick-inalambrico-compatible-con-ps4-verde-alpino-21923174/,39999.0,26999.0,1,True
FRA-videojuego-marvel-s-wolverine-para-plays,Fravega,OTRAS,Gaming y Videojuegos,Videojuego Marvel's Wolverine para Playstation 5,https://www.fravega.com/p/videojuego-marvel-s-wolverine-para-playstation-5-342638/,174999.0,144627.27,1,True
FRA-control-joystick-inalambrico-compatible-,Fravega,OTRAS,Gaming y Videojuegos,Control Joystick Inalambrico Compatible Con ps4 ROJO,https://www.fravega.com/p/control-joystick-inalambrico-compatible-con-ps4-rojo-21923152/,39999.0,26999.0,1,True
FRA-consola-de-juegos-portatil-powkiddy-arca,Fravega,LG,Gaming y Videojuegos,Consola de Juegos Portátil Powkiddy Arcade Pantalla 3.5 pulgadas Codigo Abierto,https://www.fravega.com/p/consola-de-juegos-portatil-powkiddy-arcade-pantalla-3-5-pulgadas-codigo-abierto-990184362/,184794.0,142149.0,1,True
FRA-videojuego-nintendo-switch-2-super-mario,Fravega,OTRAS,Gaming y Videojuegos,Videojuego Nintendo Switch 2 Super Mario Galaxy + Super Mario Galaxy 2,https://www.fravega.com/p/videojuego-nintendo-switch-2-super-mario-galaxy-super-mario-galaxy-2-342798/,164999.0,136363.0,1,True
FRA-juego-ps4-the-last-of-us-part-ii-remaste,Fravega,OTRAS,Gaming y Videojuegos,Juego PS4 The Last of Us Part II Remastered HITS,https://www.fravega.com/p/juego-ps4-the-last-of-us-part-ii-remastered-hits-342740/,51999.0,42974.0,1,True
FRA-control-inalambrico-dualsense-edge-midni,Fravega,OTRAS,Gaming y Videojuegos,Control Inalámbrico DualSense Edge Midnight Black,https://www.fravega.com/p/control-inalambrico-dualsense-edge-midnight-black-342722/,559999.0,462809.09,1,True
FRA-playstation-vr2-342721,Fravega,OTRAS,Gaming y Videojuegos,PlayStation VR2,https://www.fravega.com/p/playstation-vr2-342721/,1299999.0,1074379.34,1,True
FRA-joystick-ps5-dualsense-remix-green-amer-,Fravega,OTRAS,Gaming y Videojuegos,Joystick PS5 Dualsense  REMIX GREEN AMER,https://www.fravega.com/p/joystick-ps5-dualsense-remix-green-amer-342663/,199999.0,165288.43,1,True
FRA-joystick-compatible-ps4-tunado-funda-sil,Fravega,OTRAS,Gaming y Videojuegos,JOYSTICK COMPATIBLE PS4 TUÑADO FUNDA SILICONA ROJO,https://www.fravega.com/p/joystick-compatible-ps4-tunado-funda-silicona-rojo-23051807/,30303.0,22727.0,1,True
FRA-joystick-inalambrico-playstation-4-gener,Fravega,OTRAS,Gaming y Videojuegos,Joystick Inalámbrico Playstation 4 Genérico Argentina Messi,https://www.fravega.com/p/joystick-inalambrico-playstation-4-generico-argentina-messi-23022939/,57399.0,43999.0,1,True
FRA-adaptador-conversor-displayport-a-vga-ne,Fravega,OTRAS,Gaming y Videojuegos,ADAPTADOR CONVERSOR DISPLAYPORT A VGA NETMAK NM-C105,https://www.fravega.com/p/adaptador-conversor-displayport-a-vga-netmak-nm-c105-23019031/,8959.0,8699.0,1,True
FRA-nintendo-lite-switch-lite-32gb-standard-,Fravega,OTRAS,Gaming y Videojuegos,Nintendo Lite Switch Lite 32Gb Standard Color Coral 2019,https://www.fravega.com/p/nintendo-lite-switch-lite-32gb-standard-color-coral-2019-23004671/,1329983.27,719736.94,1,True
FRA-ps5-playstation-5-slim-1tb-spiderman-2-c,Fravega,OTRAS,Gaming y Videojuegos,Ps5 Playstation 5 Slim 1Tb Spiderman 2 Color Blanco Lectora,https://www.fravega.com/p/ps5-playstation-5-slim-1tb-spiderman-2-color-blanco-lectora-23004662/,4033560.23,2330642.01,1,True
FRA-joystick-inalambrico-para-playstation-ps,Fravega,OTRAS,Gaming y Videojuegos,Joystick Inalámbrico para Playstation PS3 Rojo Eléctrico,https://www.fravega.com/p/joystick-inalambrico-para-playstation-ps3-rojo-electrico-23001410/,31299.0,25990.0,1,True
FRA-gamepad-joystick-inalambrico-netmak-nm-n,Fravega,OTRAS,Gaming y Videojuegos,Gamepad Joystick Inalámbrico Netmak NM-Nitro 5 en 1 Bluetooth PS4 PS3 PC Switch Android iOS + Soporte Celular,https://www.fravega.com/p/gamepad-joystick-inalambrico-netmak-nm-nitro-5-1-bluetooth-ps4-ps3-pc-switch-android-ios-soporte-celular-22929204/,34900.0,31900.0,1,True
FRA-control-joystick-inalambrico-compatible-,Fravega,OTRAS,Gaming y Videojuegos,Control Joystick Inalambrico Compatible Con ps4 Naranja,https://www.fravega.com/p/control-joystick-inalambrico-compatible-con-ps4-naranja-22883572/,39999.0,26999.0,1,True
FRA-heladera-electrolux-inverter-no-frost-in,Fravega,OTRAS,Heladeras,Heladera Electrolux Inverter No Frost Inverter Bottom Freezer IB6S 429Lts,https://www.fravega.com/p/heladera-electrolux-inverter-no-frost-inverter-bottom-freezer-ib6s-429lts-161282/,1499999.0,1239669.0,1,True
FRA-heladera-no-frost-side-by-side-electrolu,Fravega,OTRAS,Heladeras,Heladera No Frost Side by Side Electrolux ES40S 431 Lts,https://www.fravega.com/p/heladera-no-frost-side-by-side-electrolux-es40s-431-lts-161236/,2024899.0,1899999.0,1,True
FRA-heladera-samsung-rt38cg6720s9b3-no-frost,Fravega,SAMSUNG,Heladeras,Heladera Samsung RT38CG6720S9B3 No Frost Inverter 384 L,https://www.fravega.com/p/heladera-samsung-rt38cg6720s9b3-no-frost-inverter-384-l--161202/,1509999.0,1279999.0,1,True
FRA-freezer-horizontal-gafa-316l-gris-invert,Fravega,GAFA,Heladeras,Freezer Horizontal Gafa 316L Gris Inverter con Función Turbo FGHI302P-L,https://www.fravega.com/p/freezer-horizontal-gafa-316l-gris-inverter-con-funcion-turbo-fghi302p-l-990304006/,987443.0,728733.0,1,True
FRA-freezers-inverter-gafa-fghi302b-l-316-lt,Fravega,GAFA,Heladeras,Freezers Inverter Gafa FGHI302B-L 316 Lts,https://www.fravega.com/p/freezers-inverter-gafa-fghi302b-l-316-lts-161414/,863699.0,799999.0,1,True
FRA-heladera-con-freezer-ciclica-314-lts-bla,Fravega,DREAN,Heladeras,Heladera con freezer Cíclica 314 Lts Black Steel Drean HDR320F50N,https://www.fravega.com/p/heladera-con-freezer-ciclica-314-lts-black-steel-drean-hdr320f50n-990190147/,1195998.7,809999.0,1,True
FRA-heladera-185lts-con-dispenser-plateada-p,Fravega,PHILCO,Heladeras,Heladera 185Lts con Dispenser Plateada Philco PHSD179PD2,https://www.fravega.com/p/heladera-185lts-con-dispenser-plateada-philco-phsd179pd2-990175374/,677599.0,449999.0,1,True
FRA-heladera-ciclica-midea-mdrt33-240-litros,Fravega,MIDEA,Heladeras,Heladera Cíclica Midea MDRT33 240 Litros,https://www.fravega.com/p/heladera-ciclica-midea-mdrt33-240-litros-161314/,778999.0,699999.0,1,True
FRA-heladera-samsung-inverter-rb31fsrndsa-no,Fravega,SAMSUNG,Heladeras,Heladera Samsung Inverter RB31FSRNDSA No Frost Bottom 328 L,https://www.fravega.com/p/heladera-samsung-inverter-rb31fsrndsa-no-frost-bottom-328-l-160856/,1869999.0,1589499.0,1,True
FRA-heladera-drean-no-frost-rda250fvrt-250lt,Fravega,DREAN,Heladeras,Heladera Drean No Frost RDA250FVRT 250Lts Grafito,https://www.fravega.com/p/heladera-drean-no-frost-rda250fvrt-250lts-grafito-161330/,849999.0,702479.0,1,True
FRA-heladera-kanji-kjh-hd260-w-ciclica-260-l,Fravega,OTRAS,Heladeras,Heladera Kanji KJH-HD260-W Cíclica 260 Lts Blanco,https://www.fravega.com/p/heladera-kanji-kjh-hd260-w-ciclica-260-lts-blanco-161476/,759999.0,599999.0,1,True
FRA-heladera-electrolux-inverter-top-freezer,Fravega,OTRAS,Heladeras,Heladera Electrolux Inverter Top Freezer No Frost AutoSense IW46S 424Lts Plata,https://www.fravega.com/p/heladera-electrolux-inverter-top-freezer-no-frost-autosense-iw46s-424lts-plata-160930/,1502399.0,1399999.0,1,True
FRA-heladera-drean-ciclica-hdr400f41n-396lts,Fravega,DREAN,Heladeras,Heladera Drean Cíclica HDR400F41N 396Lts Black Steel,https://www.fravega.com/p/heladera-drean-ciclica-hdr400f41n-396lts-black-steel-990199696/,1502798.7,949999.0,1,True
FRA-heladera-gafa-257l-top-freezer-puerta-re,Fravega,GAFA,Heladeras,Heladera Gafa 257L Top Freezer Puerta Reversible Blanca HGF252B,https://www.fravega.com/p/heladera-gafa-257l-top-freezer-puerta-reversible-blanca-hgf252b-161316/,742899.0,729999.0,1,True
FRA-heladera-whirlpool-wrm42mk-inverter-no-f,Fravega,WHIRLPOOL,Heladeras,Heladera Whirlpool WRM42MK Inverter No Frost Top Freezer 386 Litros Inoxidable,https://www.fravega.com/p/heladera-whirlpool-wrm42mk-inverter-no-frost-top-freezer-386-litros-inoxidable-161513/,1199999.0,991735.0,1,True
FRA-heladera-drean-no-frost-rdp410zrt-415lts,Fravega,DREAN,Heladeras,Heladera Drean No Frost RDP410ZRT 415Lts Steel,https://www.fravega.com/p/heladera-drean-no-frost-rdp410zrt-415lts-steel-161331/,1199999.0,991735.0,1,True
FRA-heladera-gafa-350l-no-frost-top-freezer-,Fravega,GAFA,Heladeras,Heladera Gafa 350L No Frost Top Freezer Inverter Negra HGNF340N,https://www.fravega.com/p/heladera-gafa-350l-no-frost-top-freezer-inverter-negra-hgnf340n-990304008/,1178332.0,933239.0,1,True
FRA-freezer-gafa-fghi400b-xl-402l-160962,Fravega,GAFA,Heladeras,Freezer Gafa FGHI400B-XL 402L,https://www.fravega.com/p/freezer-gafa-fghi400b-xl-402l-160962/,1099999.0,909090.0,1,True
FRA-freezers-inverter-gafa-fghi102b-s-100-lt,Fravega,GAFA,Heladeras,Freezers Inverter Gafa FGHI102B-S 100 Lts,https://www.fravega.com/p/freezers-inverter-gafa-fghi102b-s-100-lts-161412/,510599.0,469999.0,1,True
FRA-heladera-electrolux-no-frost-inverter-mu,Fravega,OTRAS,Heladeras,Heladera Electrolux No Frost Inverter Multidoor IM7S 480Lts Gris,https://www.fravega.com/p/heladera-electrolux-no-frost-inverter-multidoor-im7s-480lts-gris-161283/,1907299.0,1799999.0,1,True
FRA-heladera-gafa-265l-bottom-freezer-puerta,Fravega,GAFA,Heladeras,Heladera Gafa 265L Bottom Freezer Puerta Reversible Plata HGBF270P,https://www.fravega.com/p/heladera-gafa-265l-bottom-freezer-puerta-reversible-plata-hgbf270p-990259019/,925443.0,774596.0,1,True
FRA-heladera-ciclica-admiral-ad-hl-df2-285-1,Fravega,OTRAS,Heladeras,Heladera Cíclica Admiral AD-HL DF2-285-1 208 Lts Grafito/Negro,https://www.fravega.com/p/heladera-ciclica-admiral-ad-hl-df2-285-1-208-lts-grafito-negro-161194/,599999.0,495867.0,1,True
FRA--freezer-midea-fc-mj6war1-160-lt-160516,Fravega,MIDEA,Heladeras,Freezer Midea FC-MJ6WAR1 160 Lt,https://www.fravega.com/p/-freezer-midea-fc-mj6war1-160-lt-160516/,842999.0,749999.0,1,True
FRA-heladera-admiral-ad-hl285-b-ciclica-208-,Fravega,OTRAS,Heladeras,Heladera Admiral AD-HL285 B Cíclica 208 L Blanca,https://www.fravega.com/p/heladera-admiral-ad-hl285-b-ciclica-208-l-blanca-161065/,549999.0,454545.0,1,True
FRA-heladera-whirlpool-no-frost-340-lts-wrm4,Fravega,WHIRLPOOL,Heladeras,Heladera Whirlpool No Frost 340 Lts WRM40MK,https://www.fravega.com/p/heladera-whirlpool-no-frost-340-lts-wrm40mk-161336/,959999.0,899999.0,1,True
FRA-heladera-electrolux-inverter-no-frost-if,Fravega,OTRAS,Heladeras,Heladera Electrolux Inverter No Frost IF43S 390L​ts,https://www.fravega.com/p/heladera-electrolux-inverter-no-frost-if43s-390lts-160984/,1287699.0,1099999.0,1,True
FRA-heladera-drean-hdr280f50b-ciclica-277-l-,Fravega,DREAN,Heladeras,Heladera Drean HDR280F50B Cíclica 277 L Blanca,https://www.fravega.com/p/heladera-drean-hdr280f50b-ciclica-277-l-blanca-161046/,749999.0,619834.0,1,True
FRA-heladera-samsung-inverter-no-frost-299l-,Fravega,SAMSUNG,Heladeras,Heladera Samsung Inverter No Frost 299L RT29K507JS8,https://www.fravega.com/p/heladera-samsung-inverter-no-frost-299l-rt29k507js8-160955/,1099999.0,934999.0,1,True
FRA-heladera-samsung-no-frost-inverter-rt29k,Fravega,SAMSUNG,Heladeras,Heladera Samsung No Frost Inverter RT29K577JS8 308Lts,https://www.fravega.com/p/heladera-samsung-no-frost-inverter-rt29k577js8-308lts-160752/,1189999.0,999999.0,1,True
FRA-freezers-inverter-gafa-fghi202b-m-200-lt,Fravega,GAFA,Heladeras,Freezers Inverter Gafa FGHI202B-M 200 Lts,https://www.fravega.com/p/freezers-inverter-gafa-fghi202b-m-200-lts-161264/,642199.0,619999.0,1,True
FRA-heladera-hisense-rt1n240ned1-top-mount-d,Fravega,HISENSE,Heladeras,Heladera Hisense RT1N240NED1 Top Mount Defrost 240 Lts Silver,https://www.fravega.com/p/heladera-hisense-rt1n240ned1-top-mount-defrost-240-lts-silver-161376/,745999.0,599999.0,1,True
FRA-freezer-philco-phch410bm-410-litros-1605,Fravega,PHILCO,Heladeras,Freezer Philco PHCH410BM 410 Litros,https://www.fravega.com/p/freezer-philco-phch410bm-410-litros-160587/,1199999.0,849999.0,1,True
FRA-freezer-philco-phch249bi-horizontal-inve,Fravega,PHILCO,Heladeras,Freezer Philco PHCH249BI Horizontal Inverter 249 L,https://www.fravega.com/p/freezer-philco-phch249bi-horizontal-inverter-249-l-161294/,879999.0,649999.0,1,True
FRA-heladera-gafa-no-frost-inverter-water-di,Fravega,GAFA,Heladeras,Heladera Gafa No Frost Inverter Water Dispenser HGNW333P 354Lts Plata,https://www.fravega.com/p/heladera-gafa-no-frost-inverter-water-dispenser-hgnw333p-354lts-plata-161223/,1132699.0,999999.0,1,True
FRA-freezer-gafa-fghi400b-xl-402l-160962,Fravega,GAFA,Heladeras,Freezer Gafa FGHI400B-XL 402L,https://www.fravega.com/p/freezer-gafa-fghi400b-xl-402l-160962/,1099999.0,909090.0,1,True
FRA-heladera-drean-no-frost-rda250fvrt-250lt,Fravega,DREAN,Heladeras,Heladera Drean No Frost RDA250FVRT 250Lts Grafito,https://www.fravega.com/p/heladera-drean-no-frost-rda250fvrt-250lts-grafito-161330/,849999.0,702479.0,1,True
FRA-heladera-whirlpool-inverter-no-frost-bot,Fravega,WHIRLPOOL,Heladeras,Heladera Whirlpool Inverter No Frost Bottom Freezer Inox  397 Litros WRE45MK,https://www.fravega.com/p/heladera-whirlpool-inverter-no-frost-bottom-freezer-inox-397-litros-wre45mk-161487/,1649999.0,1363636.0,1,True
FRA-heladera-drean-ciclica-hdr320f50e-314lts,Fravega,DREAN,Heladeras,Heladera Drean Cíclica HDR320F50E 314Lts Gris,https://www.fravega.com/p/heladera-drean-ciclica-hdr320f50e-314lts-gris-161270/,889999.0,735536.0,1,True
FRA-freezer-vertical-whirlpool-evox-231-lts-,Fravega,WHIRLPOOL,Heladeras,Freezer Vertical Whirlpool Evox 231 Lts,https://www.fravega.com/p/freezer-vertical-whirlpool-evox-231-lts-161382/,1299999.0,1199999.0,1,True
FRA-heladera-gafa-hgnw340p-no-frost-inverter,Fravega,GAFA,Heladeras,Heladera Gafa HGNW340P No Frost Inverter 348L Dispenser Plateada,https://www.fravega.com/p/heladera-gafa-hgnw340p-no-frost-inverter-348l-dispenser-plateada--161306/,1132699.0,1019999.0,1,True
FRA-heladera-electrolux-inverter-no-frost-in,Fravega,OTRAS,Heladeras,Heladera Electrolux Inverter No Frost Inverter Bottom Freezer IB6S 429Lts,https://www.fravega.com/p/heladera-electrolux-inverter-no-frost-inverter-bottom-freezer-ib6s-429lts-161282/,1499999.0,1239669.0,1,True
FRA-heladera-gafa-hgnf255b-no-frost-inverter,Fravega,GAFA,Heladeras,Heladera Gafa HGNF255B No Frost Inverter 259L Plateada,https://www.fravega.com/p/heladera-gafa-hgnf255b-no-frost-inverter-259l-plateada--161304/,939199.0,869999.0,1,True
FRA-heladera-gafa-hgnf255b-no-frost-inverter,Fravega,GAFA,Heladeras,Heladera Gafa HGNF255B No Frost Inverter 259L Blanca,https://www.fravega.com/p/heladera-gafa-hgnf255b-no-frost-inverter-259l-blanca--161302/,892499.0,829999.0,1,True
FRA-heladera-drean-ciclica-rzd215pvarx0-215l,Fravega,DREAN,Heladeras,Heladera Drean Cíclica RZD215PVARX0 215Lts Inox,https://www.fravega.com/p/heladera-drean-ciclica-rzd215pvarx0-215lts-inox-161398/,699999.0,578512.0,1,True
FRA-freezer-horizontal-inverter-philco-phch0,Fravega,PHILCO,Heladeras,Freezer Horizontal Inverter Philco PHCH099BI 99 Litros,https://www.fravega.com/p/freezer-horizontal-inverter-philco-phch099bi-99-litros-161312/,679999.0,449999.0,1,True
FRA-freezer-bambi-fh3300-290-litros-161295,Fravega,OTRAS,Heladeras,Freezer Bambi FH3300 290 Litros,https://www.fravega.com/p/freezer-bambi-fh3300-290-litros-161295/,799999.0,569999.0,1,True
FRA-heladera-no-frost-midea-mdrt489mte46adw-,Fravega,MIDEA,Heladeras,Heladera No Frost Midea MDRT489MTE46ADW 340 Litros,https://www.fravega.com/p/heladera-no-frost-midea-mdrt489mte46adw-340-litros-161122/,1019999.0,949999.0,1,True
FRA-heladera-drean-ciclica-con-dispenser-hdr,Fravega,DREAN,Heladeras,Heladera Drean Cíclica con Dispenser HDR400F41E 396Lts Gris,https://www.fravega.com/p/heladera-drean-ciclica-con-dispenser-hdr400f41e-396lts-gris-161271/,1099999.0,1069999.0,1,True
FRA-freezer-inelro-inverter-fih-550a-470lts-,Fravega,OTRAS,Heladeras,Freezer Inelro Inverter FIH 550A++ 470Lts,https://www.fravega.com/p/freezer-inelro-inverter-fih-550a-470lts-161109/,1399999.0,1299999.0,1,True
FRA-heladera-ciclica-midea-mdrt414fge50a-295,Fravega,MIDEA,Heladeras,Heladera Cíclica Midea MDRT414FGE50A 295 L,https://www.fravega.com/p/heladera-ciclica-midea-mdrt414fge50a-295-l-161262/,853999.0,749999.0,1,True
FRA-heladera-drean-no-frost-rda250fvrt-250lt,Fravega,DREAN,Heladeras,Heladera Drean No Frost RDA250FVRT 250Lts Grafito,https://www.fravega.com/p/heladera-drean-no-frost-rda250fvrt-250lts-grafito-161330/,849999.0,702479.0,1,True
FRA-heladera-side-by-side-inverter-no-frost-,Fravega,DREAN,Heladeras,Heladera Side by Side Inverter No Frost  Drean DSP472LKRSS0 472 Lts,https://www.fravega.com/p/heladera-side-by-side-inverter-no-frost-drean-dsp472lkrss0-472-lts-161512/,1599999.0,1499999.0,1,True
FRA-heladera-bgh-brc310i2a-combi-no-frost-da,Fravega,BGH,Heladeras,Heladera BGH BRC310I2A Combi No Frost Dark Inox 312 Lts,https://www.fravega.com/p/heladera-bgh-brc310i2a-combi-no-frost-dark-inox-312-lts-161447/,1299999.0,1074379.0,1,True
FRA-freezer-bambi-fh4100-360-litros-blanco-1,Fravega,OTRAS,Heladeras,Freezer Bambi FH4100 360 Litros Blanco,https://www.fravega.com/p/freezer-bambi-fh4100-360-litros-blanco-161300/,899999.0,649999.0,1,True
FRA-heladera-midea-470l-inverter-no-frost-md,Fravega,MIDEA,Heladeras,Heladera Midea 470L Inverter No Frost MDRT645MTE46ADW Inoxidable,https://www.fravega.com/p/heladera-midea-470l-inverter-no-frost-mdrt645mte46adw-inoxidable-161054/,1426999.0,1299999.0,1,True
FRA-heladera-drean-no-frost-rzn262fxarx0-262,Fravega,DREAN,Heladeras,Heladera Drean No Frost RZN262FXARX0 262 Lts,https://www.fravega.com/p/heladera-drean-no-frost-rzn262fxarx0-262-lts-161477/,869999.0,719007.0,1,True
FRA-freezer-horizontal-gafa-200l-blanco-inve,Fravega,GAFA,Heladeras,Freezer Horizontal Gafa 200L Blanco Inverter con Función Turbo FGHI202B-M,https://www.fravega.com/p/freezer-horizontal-gafa-200l-blanco-inverter-con-funcion-turbo-fghi202b-m-990304013/,713554.0,597245.0,1,True
FRA-heladera-exhibidora-vertical-teora-tev50,Fravega,OTRAS,Heladeras,Heladera Exhibidora Vertical Teora TEV500 450lts Blanca,https://www.fravega.com/p/heladera-exhibidora-vertical-teora-tev500-450lts-blanca-21194271/,1440900.0,1239900.0,1,True
FRA-heladera-whirlpool-wrm42mb-inverter-no-f,Fravega,WHIRLPOOL,Heladeras,Heladera Whirlpool WRM42MB Inverter No Frost Top Freezer - 407 / 386 Litros,https://www.fravega.com/p/heladera-whirlpool-wrm42mb-inverter-no-frost-top-freezer-407-386-litros-161748/,1099999.0,909090.0,1,True
FRA-freezers-inverter-gafa-fghi102b-s-100-lt,Fravega,GAFA,Heladeras,Freezers Inverter Gafa FGHI102B-S 100 Lts,https://www.fravega.com/p/freezers-inverter-gafa-fghi102b-s-100-lts-161412/,510599.0,469999.0,1,True
FRA-cava-de-vinos-vondom-para-12-botellas-es,Fravega,OTRAS,Heladeras,Cava de Vinos Vondom para 12 Botellas Estantes de Madera,https://www.fravega.com/p/cava-de-vinos-vondom-para-12-botellas-estantes-de-madera-161130/,279999.0,249999.0,1,True
FRA-exhibidora-inelro-mt17ng-r290-460lts-160,Fravega,OTRAS,Heladeras,Exhibidora Inelro MT17NG R290 460Lts,https://www.fravega.com/p/exhibidora-inelro-mt17ng-r290-460lts-160938/,2256999.0,1299999.0,1,True
FRA-freezer-horizontal-gafa-100l-gris-invert,Fravega,GAFA,Heladeras,Freezer Horizontal Gafa 100L Gris Inverter con Función Turbo FGHI102P-S,https://www.fravega.com/p/freezer-horizontal-gafa-100l-gris-inverter-con-funcion-turbo-fghi102p-s-990292265/,584332.0,462791.0,1,True
FRA-freezer-eslabon-de-lujo-evu20mb-vertical,Fravega,OTRAS,Heladeras,Freezer Eslabón de Lujo EVU20MB Vertical 142 Lts,https://www.fravega.com/p/freezer-eslabon-de-lujo-evu20mb-vertical-142-lts-161232/,819999.0,749999.0,1,True
FRA-freezer-vondom-fr55-85lt-acero-inoxidabl,Fravega,ACER,Heladeras,Freezer Vondom FR55 85Lt Acero Inoxidable,https://www.fravega.com/p/freezer-vondom-fr55-85lt-acero-inoxidable-160155/,649999.0,537189.0,1,True
FRA-heladera-gafa-no-frost-inverter-water-di,Fravega,GAFA,Heladeras,Heladera Gafa No Frost Inverter Water Dispenser HGNW251P 262Lts Plata,https://www.fravega.com/p/heladera-gafa-no-frost-inverter-water-dispenser-hgnw251p-262lts-plata-161221/,1032999.0,949999.0,1,True
FRA-heladera-gafa-hgnw255p-no-frost-inverter,Fravega,GAFA,Heladeras,Heladera Gafa HGNW255P No Frost Inverter 257L Dispenser Plateada,https://www.fravega.com/p/heladera-gafa-hgnw255p-no-frost-inverter-257l-dispenser-plateada--161305/,1032999.0,889999.0,1,True
FRA-freezer-gafa-fghi400b-xl-402l-160962,Fravega,GAFA,Heladeras,Freezer Gafa FGHI400B-XL 402L,https://www.fravega.com/p/freezer-gafa-fghi400b-xl-402l-160962/,1099999.0,909090.0,1,True
FRA-heladera-drean-no-frost-rda250fvrt-250lt,Fravega,DREAN,Heladeras,Heladera Drean No Frost RDA250FVRT 250Lts Grafito,https://www.fravega.com/p/heladera-drean-no-frost-rda250fvrt-250lts-grafito-161330/,849999.0,702479.0,1,True
FRA-freezer-vertical-siam-151-lts-neto-negro,Fravega,OTRAS,Heladeras,Freezer Vertical Siam 151 Lts Neto Negro 6 Cajones FSI-CV181N,https://www.fravega.com/p/freezer-vertical-siam-151-lts-neto-negro-6-cajones-fsi-cv181n-990232847/,822799.0,629999.0,1,True
FRA-freezer-vertical-siam-fsi-cv181b-181-lit,Fravega,OTRAS,Heladeras,Freezer Vertical Siam Fsi-cv181b 181 Litros 6 Estantes Color Blanco,https://www.fravega.com/p/freezer-vertical-siam-fsi-cv181b-181-litros-6-estantes-color-blanco-20057475/,981199.0,655999.0,1,True
FRA-cava-de-vinos-electrolux-para-12-botella,Fravega,OTRAS,Heladeras,Cava de Vinos Electrolux para 12 Botellas ERW125XAMB,https://www.fravega.com/p/cava-de-vinos-electrolux-para-12-botellas-erw125xamb-160223/,389199.0,269999.0,1,True
FRA-freezer-inverter-horizontal-midea-mdrc41,Fravega,MIDEA,Heladeras,Freezer Inverter Horizontal Midea MDRC411FZE01 285 Litros,https://www.fravega.com/p/freezer-inverter-horizontal-midea-mdrc411fze01-285-litros-161391/,862999.0,749999.0,1,True
FRA-heladera-midea-mdrb424fge46a-w-inverter-,Fravega,MIDEA,Heladeras,Heladera Midea MDRB424FGE46A-W Inverter Combi No Frost 300 Lts Inoxidable,https://www.fravega.com/p/heladera-midea-mdrb424fge46a-w-inverter-combi-no-frost-300-lts-inoxidable-161180/,1299999.0,1199999.0,1,True
FRA-heladera-gafa-319l-top-freezer-puerta-re,Fravega,GAFA,Heladeras,Heladera Gafa 319L Top Freezer Puerta Reversible Plata HGF311P,https://www.fravega.com/p/heladera-gafa-319l-top-freezer-puerta-reversible-plata-hgf311p-990268011/,969110.0,811145.0,1,True
FRA-heladera-whirlpool-no-frost-454-lts-wrm5,Fravega,WHIRLPOOL,Heladeras,Heladera Whirlpool No Frost 454 Lts WRM53MK,https://www.fravega.com/p/heladera-whirlpool-no-frost-454-lts-wrm53mk-161458/,1399999.0,1157023.97,1,True
FRA-heladera-samsung-inverter-rt47cg6722s9b3,Fravega,SAMSUNG,Heladeras,Heladera Samsung Inverter RT47CG6722S9B3 470 Lts,https://www.fravega.com/p/heladera-samsung-inverter-rt47cg6722s9b3-470-lts-161249/,1799999.0,1529999.0,1,True
FRA-rejilla-master-4300-briket-21350934,Fravega,OTRAS,Heladeras,Rejilla Master 4300 Briket,https://www.fravega.com/p/rejilla-master-4300-briket-21350934/,45148.95,37313.0,1,True
FRA-freezer-inverter-horizontal-midea-mdrc28,Fravega,MIDEA,Heladeras,Freezer Inverter Horizontal Midea MDRC284FZE01 194 Litros,https://www.fravega.com/p/freezer-inverter-horizontal-midea-mdrc284fze01-194-litros-161392/,691999.0,599999.0,1,True
FRA-heladera-samsung-inverter-no-frost-407-l,Fravega,SAMSUNG,Heladeras,Heladera Samsung Inverter No Frost 407 Lts RT42CG6720S9B3,https://www.fravega.com/p/heladera-samsung-inverter-no-frost-407-lts-rt42cg6720s9b3-161238/,1699999.0,1444999.0,1,True
FRA-heladera-whirlpool-wrm42mk-inverter-no-f,Fravega,WHIRLPOOL,Heladeras,Heladera Whirlpool WRM42MK Inverter No Frost Top Freezer 386 Litros Inoxidable,https://www.fravega.com/p/heladera-whirlpool-wrm42mk-inverter-no-frost-top-freezer-386-litros-inoxidable-161496/,1199999.0,991735.0,1,True
FRA-heladera-electrolux-inverter-top-freezer,Fravega,OTRAS,Heladeras,Heladera Electrolux Inverter Top Freezer No Frost 508L Plata IT70S,https://www.fravega.com/p/heladera-electrolux-inverter-top-freezer-no-frost-508l-plata-it70s-161267/,1788499.0,1599999.0,1,True
FRA-heladera-ciclica-gafa-257-lts-hgf252p-16,Fravega,GAFA,Heladeras,Heladera Cíclica GAFA 257 Lts HGF252P,https://www.fravega.com/p/heladera-ciclica-gafa-257-lts-hgf252p-161157/,793399.0,749999.0,1,True
FRA-heladera-whirlpool-wrm46mk-xpert-inverte,Fravega,WHIRLPOOL,Heladeras,Heladera Whirlpool WRM46MK Xpert Inverter No Frost Top Freezer 383 Litros,https://www.fravega.com/p/heladera-whirlpool-wrm46mk-xpert-inverter-no-frost-top-freezer-383-litros-161527/,1299999.0,1074379.0,1,True
FRA-lavarropas-gafa-lgs055w-carga-superior-f,Fravega,LG,Lavado,"Lavarropas Gafa LGS055W Carga Superior Fuzzy 5,5 Kg 650 RPM Blanco",https://www.fravega.com/p/lavarropas-gafa-lgs055w-carga-superior-fuzzy-5-5-kg-650-rpm-blanco-170845/,581299.0,529999.0,1,True
FRA-secarropas-electrolux-premium-care-7kg-b,Fravega,OTRAS,Lavado,Secarropas Electrolux Premium Care 7kg Blanco ESEB7,https://www.fravega.com/p/secarropas-electrolux-premium-care-7kg-blanco-eseb7-280293/,910499.0,799999.0,1,True
FRA-lavarropas-drean-inverter-7kg-grafito-lf,Fravega,DREAN,Lavado,Lavarropas Drean Inverter 7Kg Grafito LFDR0710ISG0,https://www.fravega.com/p/lavarropas-drean-inverter-7kg-grafito-lfdr0710isg0--170821/,825999.0,682644.0,1,True
FRA-lavarropas-drean-inverter-9kg-lfdr0914is,Fravega,DREAN,Lavado,Lavarropas Drean Inverter 9Kg LFDR0914ISG Grafito,https://www.fravega.com/p/lavarropas-drean-inverter-9kg-lfdr0914isg-grafito-170819/,1149999.0,1099999.0,1,True
FRA-lavarropas-smartlife-6k-sl-wmu061000w-17,Fravega,OTRAS,Lavado,Lavarropas Smartlife 6K SL-WMU061000W,https://www.fravega.com/p/lavarropas-smartlife-6k-sl-wmu061000w-170465/,689999.0,519999.0,1,True
FRA-lavarropas-carga-superior-gafa-fuzzyfit-,Fravega,GAFA,Lavado,Lavarropas Carga Superior Gafa FuzzyFit 7kg Blanco,https://www.fravega.com/p/lavarropas-carga-superior-gafa-fuzzyfit-7kg-blanco-50029870/,707221.0,607856.0,1,True
FRA-lavarropa-samsung-carga-frontal-6-5-kg-s,Fravega,SAMSUNG,Lavado,"Lavarropa Samsung Carga Frontal 6,5 Kg Silver WW65A4000SU",https://www.fravega.com/p/lavarropa-samsung-carga-frontal-6-5-kg-silver-ww65a4000su-170419/,944999.0,755999.0,1,True
FRA-lavasecarropas-electrolux-10-5kg-7kg-lsc,Fravega,OTRAS,Lavado,"Lavasecarropas Electrolux 10,5Kg 7KG LSC11",https://www.fravega.com/p/lavasecarropas-electrolux-10-5kg-7kg-lsc11-171092/,1199999.0,1085972.0,1,True
FRA-lavavajillas-admiral-ad-lvd1305se-13-cub,Fravega,OTRAS,Lavado,Lavavajillas Admiral AD-LVD1305SE 13 Cubiertos Inox,https://www.fravega.com/p/lavavajillas-admiral-ad-lvd1305se-13-cubiertos-inox-170467/,699999.0,599999.0,1,True
FRA-secarropas-centrifugo-codini-advance-ad6,Fravega,OTRAS,Lavado,Secarropas Centrífugo Codini Advance AD65 Blanco 2800 RPM,https://www.fravega.com/p/secarropas-centrifugo-codini-advance-ad65-blanco-2800-rpm-289175/,236999.0,199999.0,1,True
FRA-lavasecarropas-carga-frontal-samsung-dig,Fravega,SAMSUNG,Lavado,Lavasecarropas Carga Frontal Samsung Digital Inverter con Ecobubble 11kg + 7kg,https://www.fravega.com/p/lavasecarropas-carga-frontal-samsung-digital-inverter-con-ecobubble-11kg-7kg-170569/,1799999.0,1399999.0,1,True
FRA-secarropas-koh-i-noor-centrifugo-linea-a,Fravega,ACER,Lavado,"Secarropas KOH-I-NOOR Centrífugo Línea Acero 5,5Kg. A-655/2",https://www.fravega.com/p/secarropas-koh-i-noor-centrifugo-linea-acero-5-5kg-a-655-2-50021264/,379900.0,278900.0,1,True
FRA-secarropas-centrifugo-koh-i-noor-a-665-2,Fravega,OTRAS,Lavado,"Secarropas Centrifugo KOH-I-NOOR A-665/2 6,5 Kg",https://www.fravega.com/p/secarropas-centrifugo-koh-i-noor-a-665-2-6-5-kg-280026/,400999.0,369999.0,1,True
FRA-lavarropas-lg-carga-frontal-12kg-ai-dd-i,Fravega,LG,Lavado,Lavarropas LG Carga Frontal 12Kg AI DD Inverter Gris Oscuro WM12BVC4S6,https://www.fravega.com/p/lavarropas-lg-carga-frontal-12kg-ai-dd-inverter-gris-oscuro-wm12bvc4s6-990295685/,1539999.0,1399999.0,1,True
FRA-lavarropas-philco-11-kg-carga-frontal-in,Fravega,PHILCO,Lavado,Lavarropas Philco 11 Kg Carga Frontal Inverter Grey PHLF117GN,https://www.fravega.com/p/lavarropas-philco-11-kg-carga-frontal-inverter-grey-phlf117gn-990284913/,1099999.0,819999.0,1,True
FRA-lavarropas-midea-8-kg-mf100w80b-t-a1-col,Fravega,MIDEA,Lavado,Lavarropas Midea 8 Kg  Mf100w80b/t-a1 - Color Titanio,https://www.fravega.com/p/lavarropas-midea-8-kg-mf100w80b-t-a1-color-titanio-990289056/,1014999.0,699998.99,1,True
FRA-lavavajillas-inverter-whirlpool-14-cubie,Fravega,WHIRLPOOL,Lavado,Lavavajillas Inverter Whirlpool 14 Cubiertos WLV14BY  Blanco,https://www.fravega.com/p/lavavajillas-inverter-whirlpool-14-cubiertos-wlv14by-blanco-10014511/,1379999.0,999999.0,1,True
FRA-lavarropas-gafa-lgs055w-carga-superior-f,Fravega,LG,Lavado,"Lavarropas Gafa LGS055W Carga Superior Fuzzy 5,5 Kg 650 RPM Blanco",https://www.fravega.com/p/lavarropas-gafa-lgs055w-carga-superior-fuzzy-5-5-kg-650-rpm-blanco-170845/,581299.0,529999.0,1,True
FRA-secarropas-electrolux-premium-care-7kg-b,Fravega,OTRAS,Lavado,Secarropas Electrolux Premium Care 7kg Blanco ESEB7,https://www.fravega.com/p/secarropas-electrolux-premium-care-7kg-blanco-eseb7-280293/,910499.0,799999.0,1,True
FRA-lavarropas-philco-11-kg-carga-frontal-in,Fravega,PHILCO,Lavado,Lavarropas Philco 11 Kg Carga Frontal Inverter Blanco PHLF117BN,https://www.fravega.com/p/lavarropas-philco-11-kg-carga-frontal-inverter-blanco-phlf117bn-990284577/,1044999.0,734998.99,1,True
FRA-lavarropas-carga-superior-gafa-digifit-6,Fravega,GAFA,Lavado,"Lavarropas Carga Superior Gafa DigiFit 6,5kg Blanco",https://www.fravega.com/p/lavarropas-carga-superior-gafa-digifit-6-5kg-blanco-50029845/,665443.0,571948.0,1,True
FRA-lavarropas-automatico-carga-superior-phi,Fravega,PHILCO,Lavado,Lavarropas Automático Carga Superior Philco 5 Kg 700 RPM PHLS67GN,https://www.fravega.com/p/lavarropas-automatico-carga-superior-philco-5-kg-700-rpm-phls67gn--170703/,549999.0,469999.0,1,True
FRA-lavarropas-drean-concept-neo-fuzzy-6-5-k,Fravega,DREAN,Lavado,"Lavarropas Drean Concept Neo Fuzzy 6,5 Kg Gris",https://www.fravega.com/p/lavarropas-drean-concept-neo-fuzzy-6-5-kg-gris-170718/,638999.0,619999.0,1,True
FRA-lavarropas-drean-concept-neo-fuzzy-6-5-k,Fravega,DREAN,Lavado,"Lavarropas Drean Concept Neo Fuzzy 6,5 Kg Blanco",https://www.fravega.com/p/lavarropas-drean-concept-neo-fuzzy-6-5-kg-blanco-170702/,619999.0,599999.0,1,True
FRA-lavarropas-automatico-carga-frontal-inve,Fravega,OTRAS,Lavado,Lavarropas Automático Carga Frontal Inverter Smartlife 8Kg 1400 RPM SL-WM26I081400,https://www.fravega.com/p/lavarropas-automatico-carga-frontal-inverter-smartlife-8kg-1400-rpm-sl-wm26i081400-170814/,764999.0,699999.0,1,True
FRA-lavarropas-carga-frontal-electrolux-8-5k,Fravega,OTRAS,Lavado,"Lavarropas Carga Frontal Electrolux 8,5kg blanco Inverter ELAF208W",https://www.fravega.com/p/lavarropas-carga-frontal-electrolux-8-5kg-blanco-inverter-elaf208w-990268583/,999221.0,791383.0,1,True
FRA-lavarropas-whirlpool-carga-frontal-7kg-i,Fravega,WHIRLPOOL,Lavado,Lavarropas Whirlpool Carga Frontal 7kg Inverter Titanium,https://www.fravega.com/p/lavarropas-whirlpool-carga-frontal-7kg-inverter-titanium-170822/,879999.0,727272.0,1,True
FRA-lavarropas-automatico-carga-frontal-inve,Fravega,MIDEA,Lavado,"Lavarropas Automático Carga Frontal Inverter Midea 11,5 Kg 1400 RPM MF200W115WB/T-A1",https://www.fravega.com/p/lavarropas-automatico-carga-frontal-inverter-midea-11-5-kg-1400-rpm-mf200w115wb-t-a1-170565/,1144999.0,949999.0,1,True
FRA-lavarropas-philco-phlf111dgn2-carga-fron,Fravega,PHILCO,Lavado,Lavarropas Philco PHLF111DGN2 Carga Frontal Inverter 1400 RPM 11 Kg,https://www.fravega.com/p/lavarropas-philco-phlf111dgn2-carga-frontal-inverter-1400-rpm-11-kg-170927/,1199999.0,899999.0,1,True
FRA-lavarropas-semiautomatico-carga-superior,Fravega,DREAN,Lavado,Lavarropas Semiautomático Carga Superior Drean LTDR87SB0 8Kg,https://www.fravega.com/p/lavarropas-semiautomatico-carga-superior-drean-ltdr87sb0-8kg-170787/,335999.0,299999.0,1,True
FRA-lavarropas-midea-carga-frontal-6kg-1000r,Fravega,MIDEA,Lavado,Lavarropas Midea Carga Frontal 6kg 1000rpm MF100 Titanium,https://www.fravega.com/p/lavarropas-midea-carga-frontal-6kg-1000rpm-mf100-titanium-170550/,819999.0,619999.0,1,True
FRA-lavasecarropas-whirlpool-carga-frontal-9,Fravega,WHIRLPOOL,Lavado,"Lavasecarropas Whirlpool Carga Frontal 9,5/6kg Blanco WNC95ABDNA",https://www.fravega.com/p/lavasecarropas-whirlpool-carga-frontal-9-5-6kg-blanco-wnc95abdna-170428/,1729999.0,1499999.0,1,True
FRA-lavasecarropas-drean-carga-frontal-8-kg-,Fravega,DREAN,Lavado,Lavasecarropas Drean Carga Frontal 8 Kg LSCDR0805SG0,https://www.fravega.com/p/lavasecarropas-drean-carga-frontal-8-kg-lscdr0805sg0-170555/,1199999.0,991735.0,1,True
FRA-lavasecarropas-carga-frontal-inverter-mi,Fravega,MIDEA,Lavado,Lavasecarropas Carga Frontal Inverter Midea 12kg 8Kg 1400rpm MF200D120B/T-A1,https://www.fravega.com/p/lavasecarropas-carga-frontal-inverter-midea-12kg-8kg-1400rpm-mf200d120b-t-a1-170500/,1699999.0,1299999.0,1,True
FRA-lavarropas-gafa-lgs055w-carga-superior-f,Fravega,LG,Lavado,"Lavarropas Gafa LGS055W Carga Superior Fuzzy 5,5 Kg 650 RPM Blanco",https://www.fravega.com/p/lavarropas-gafa-lgs055w-carga-superior-fuzzy-5-5-kg-650-rpm-blanco-170845/,581299.0,529999.0,1,True
FRA-lavarropas-automatico-philco-9-5kg-600-r,Fravega,PHILCO,Lavado,Lavarropas Automatico Philco 9.5kg 600 RPM PHCS1402B2,https://www.fravega.com/p/lavarropas-automatico-philco-9-5kg-600-rpm-phcs1402b2-990249918/,948199.0,700999.0,1,True
FRA-lavarropas-automatico-inverter-drean-7-k,Fravega,DREAN,Lavado,Lavarropas Automático Inverter Drean 7 Kg 1400 RPM LTDRI0714PB0,https://www.fravega.com/p/lavarropas-automatico-inverter-drean-7-kg-1400-rpm-ltdri0714pb0-170731/,1099999.0,909090.0,1,True
FRA-lavarropas-carga-frontal-9-5kg-1400-rpm-,Fravega,SAMSUNG,Lavado,Lavarropas Carga Frontal 9.5Kg 1400 RPM Samsung WW95AA046BWU,https://www.fravega.com/p/lavarropas-carga-frontal-9-5kg-1400-rpm-samsung-ww95aa046bwu-170401/,1345999.0,1049999.0,1,True
FRA-lavarropas-automatico-inverter-drean-11-,Fravega,LG,Lavado,Lavarropas Automático Inverter Drean 11 Kg 700 RPM LPDR1165LG,https://www.fravega.com/p/lavarropas-automatico-inverter-drean-11-kg-700-rpm-lpdr1165lg-170475/,1049999.0,950225.34,1,True
FRA-lavasecarropas-tcl-inverter-10-6kg-c2210,Fravega,TCL,Lavado,Lavasecarropas TCL Inverter 10/6KG C2210WDG Grafito,https://www.fravega.com/p/lavasecarropas-tcl-inverter-10-6kg-c2210wdg-grafito-170654/,1299999.0,1099999.0,1,True
FRA-lavarropas-carga-frontal-electrolux-7kg-,Fravega,OTRAS,Lavado,Lavarropas Carga Frontal Electrolux 7kg blanco Inverter ELAF207W,https://www.fravega.com/p/lavarropas-carga-frontal-electrolux-7kg-blanco-inverter-elaf207w-990268582/,875443.0,772141.0,1,True
FRA-lavarropas-electrolux-lfc11-carga-fronta,Fravega,OTRAS,Lavado,"Lavarropas Electrolux LFC11 Carga Frontal Inverter 10,5kg 1200 RPM",https://www.fravega.com/p/lavarropas-electrolux-lfc11-carga-frontal-inverter-10-5kg-1200-rpm-170831/,1059999.0,999999.0,1,True
FRA-lavarropas-automatico-inverter-drean-8kg,Fravega,DREAN,Lavado,Lavarropas Automático Inverter Drean 8Kg 1400 RPM LCFDR0814SB1,https://www.fravega.com/p/lavarropas-automatico-inverter-drean-8kg-1400-rpm-lcfdr0814sb1-170931/,969999.0,899999.0,1,True
FRA-lavasecarropas-hisense-wd1i1141bw-11-7-k,Fravega,HISENSE,Lavado,Lavasecarropas Hisense WD1I1141BW 11/7 Kg Blanco,https://www.fravega.com/p/lavasecarropas-hisense-wd1i1141bw-11-7-kg-blanco-170756/,1051599.0,999999.0,1,True
FRA-lavavajillas-electrolux-ls14e-14-cubiert,Fravega,OTRAS,Lavado,Lavavajillas Electrolux LS14E 14 Cubiertos,https://www.fravega.com/p/lavavajillas-electrolux-ls14e-14-cubiertos-170792/,1143999.0,949999.0,1,True
FRA-lavarropas-bgh-inverter-carga-frontal-9k,Fravega,BGH,Lavado,Lavarropas BGH Inverter Carga Frontal 9kg 1400 RPM BWFS09S25AR,https://www.fravega.com/p/lavarropas-bgh-inverter-carga-frontal-9kg-1400-rpm-bwfs09s25ar-170827/,999999.0,899999.0,1,True
FRA-lavasecarropas-carga-frontal-noblex-10-5,Fravega,NOBLEX,Lavado,"Lavasecarropas Carga frontal Noblex 10,5 Kg 7 Kg 1200 RPM NOLS1057DGN",https://www.fravega.com/p/lavasecarropas-carga-frontal-noblex-10-5-kg-7-kg-1200-rpm-nols1057dgn--170909/,1599999.0,1099999.0,1,True
FRA-lavarropas-candy-ro1696dwh7-1-12-carga-f,Fravega,OTRAS,Lavado,Lavarropas Candy RO1696DWH7/1-12 Carga Frontal Inverter 9kg,https://www.fravega.com/p/lavarropas-candy-ro1696dwh7-1-12-carga-frontal-inverter-9kg-170420/,1499999.0,799999.0,1,True
FRA-secarropas-centrifugo-drean-qv-6-5kg-281,Fravega,DREAN,Lavado,Secarropas Centrifugo Drean QV 6.5Kg,https://www.fravega.com/p/secarropas-centrifugo-drean-qv-6-5kg-281852/,253999.0,229999.0,1,True
FRA-lavavajillas-inverter-midea-de-415xar1-1,Fravega,MIDEA,Lavado,Lavavajillas Inverter Midea DE-415XAR1 15C,https://www.fravega.com/p/lavavajillas-inverter-midea-de-415xar1-15c-170723/,1249999.0,1199999.0,1,True
FRA-lavarropas-automatico-carga-frontal-inve,Fravega,PHILCO,Lavado,Lavarropas Automático Carga Frontal Inverter Philco 6 Kg 1200 RPM PHLF64BN,https://www.fravega.com/p/lavarropas-automatico-carga-frontal-inverter-philco-6-kg-1200-rpm-phlf64bn-170774/,719999.0,619999.0,1,True
FRA-lavarropas-gafa-lgs055w-carga-superior-f,Fravega,LG,Lavado,"Lavarropas Gafa LGS055W Carga Superior Fuzzy 5,5 Kg 650 RPM Blanco",https://www.fravega.com/p/lavarropas-gafa-lgs055w-carga-superior-fuzzy-5-5-kg-650-rpm-blanco-170845/,581299.0,529999.0,1,True
FRA-secarropas-electrolux-premium-care-7kg-b,Fravega,OTRAS,Lavado,Secarropas Electrolux Premium Care 7kg Blanco ESEB7,https://www.fravega.com/p/secarropas-electrolux-premium-care-7kg-blanco-eseb7-280293/,910499.0,799999.0,1,True
FRA-lavarropas-carga-superior-whirlpool-9-kg,Fravega,WHIRLPOOL,Lavado,Lavarropas Carga Superior Whirlpool 9 Kg WW09HBB,https://www.fravega.com/p/lavarropas-carga-superior-whirlpool-9-kg-ww09hbb-170458/,849999.0,702479.0,1,True
FRA-lavarropas-inverter-samsung-ww65a4000eeu,Fravega,SAMSUNG,Lavado,"Lavarropas Inverter Samsung WW65A4000EEU 6,5KG Blanco",https://www.fravega.com/p/lavarropas-inverter-samsung-ww65a4000eeu-6-5kg-blanco-170405/,899999.0,699999.0,1,True
FRA-secarropas-centrifugo-koh-i-noor-c-755-2,Fravega,OTRAS,Lavado,Secarropas Centrifugo KOH-I-NOOR C-755/2 5.5Kg,https://www.fravega.com/p/secarropas-centrifugo-koh-i-noor-c-755-2-5-5kg-280017/,299999.0,239999.0,1,True
FRA-lavarropas-carga-frontal-electrolux-8-5k,Fravega,OTRAS,Lavado,"Lavarropas Carga Frontal Electrolux 8,5kg Gris Ónix Inverter ELAF208S",https://www.fravega.com/p/lavarropas-carga-frontal-electrolux-8-5kg-gris-onix-inverter-elaf208s-990268584/,1050554.0,926589.0,1,True
FRA-lavasecarropas-smartlife-11-5kg-sl-wdi11,Fravega,OTRAS,Lavado,Lavasecarropas Smartlife 11.5KG SL-WDI11581400G Gris,https://www.fravega.com/p/lavasecarropas-smartlife-11-5kg-sl-wdi11581400g-gris-170564/,1299999.0,1099999.0,1,True
FRA-secarropas-centrifugo-ecologico-koh-i-no,Fravega,OTRAS,Lavado,"Secarropas Centrífugo Ecológico Koh-I-Noor N-755/Eco 5,5 Kg Negro",https://www.fravega.com/p/secarropas-centrifugo-ecologico-koh-i-noor-n-755-eco-5-5-kg-negro-280054/,309999.0,229999.0,1,True
FRA-secarropas-koh-i-noor-acero-inoxidable-a,Fravega,ACER,Lavado,Secarropas Koh-i-noor Acero Inoxidable A-665/2 2800rpm 6.5kg,https://www.fravega.com/p/secarropas-koh-i-noor-acero-inoxidable-a-665-2-2800rpm-6-5kg-21961203/,499999.0,374999.0,1,True
FRA-lavarropas-semiautomatico-carga-superior,Fravega,OTRAS,Lavado,Lavarropas Semiautomático Carga Superior Columbia 7 Kg LSC-7001,https://www.fravega.com/p/lavarropas-semiautomatico-carga-superior-columbia-7-kg-lsc-7001-170358/,236999.0,199999.0,1,True
FRA-lavarropas-automatico-inverter-drean-10-,Fravega,DREAN,Lavado,"Lavarropas Automático Inverter Drean 10,5Kg 1200 RPM LCFDR1012SB1",https://www.fravega.com/p/lavarropas-automatico-inverter-drean-10-5kg-1200-rpm-lcfdr1012sb1-170933/,1099999.0,1049999.0,1,True
FRA-lavavajillas-electrolux-ls10e-10-cubiert,Fravega,OTRAS,Lavado,Lavavajillas Electrolux LS10E 10 Cubiertos,https://www.fravega.com/p/lavavajillas-electrolux-ls10e-10-cubiertos-170791/,1039999.0,849999.0,1,True
FRA-lavavajillas-15-cubiertos-inoxidable-dre,Fravega,DREAN,Lavado,Lavavajillas 15 cubiertos Inoxidable Drean LVDR1506CI0,https://www.fravega.com/p/lavavajillas-15-cubiertos-inoxidable-drean-lvdr1506ci0-170689/,1199999.0,991735.0,1,True
FRA-lavarropas-whirlpool-carga-frontal-7kg-i,Fravega,WHIRLPOOL,Lavado,Lavarropas Whirlpool Carga Frontal 7kg Inverter Blanco,https://www.fravega.com/p/lavarropas-whirlpool-carga-frontal-7kg-inverter-blanco-170823/,819999.0,677685.0,1,True
FRA-lavarropas-hisense-wf3s8043bw-8-kg-bco-1,Fravega,HISENSE,Lavado,Lavarropas Hisense WF3S8043BW 8 Kg BCO,https://www.fravega.com/p/lavarropas-hisense-wf3s8043bw-8-kg-bco-170809/,759999.0,699999.0,1,True
FRA-lavavajillas-sobre-mesada-philco-phlj05b,Fravega,PHILCO,Lavado,Lavavajillas Sobre Mesada Philco PHLJ05B 5 Cubiertos Blanco,https://www.fravega.com/p/lavavajillas-sobre-mesada-philco-phlj05b-5-cubiertos-blanco-170320/,616399.0,415999.0,1,True
FRA-secarropas-centrifugo-drean-qv-5-5kg-281,Fravega,DREAN,Lavado,Secarropas Centrifugo Drean QV 5.5Kg,https://www.fravega.com/p/secarropas-centrifugo-drean-qv-5-5kg-281791/,239999.0,204999.0,1,True
FRA-lavarropas-gafa-lgs055w-carga-superior-f,Fravega,LG,Lavado,"Lavarropas Gafa LGS055W Carga Superior Fuzzy 5,5 Kg 650 RPM Blanco",https://www.fravega.com/p/lavarropas-gafa-lgs055w-carga-superior-fuzzy-5-5-kg-650-rpm-blanco-170845/,581299.0,529999.0,1,True
FRA-secarropas-electrolux-premium-care-7kg-b,Fravega,OTRAS,Lavado,Secarropas Electrolux Premium Care 7kg Blanco ESEB7,https://www.fravega.com/p/secarropas-electrolux-premium-care-7kg-blanco-eseb7-280293/,910499.0,799999.0,1,True
FRA-lavavajillas-bgh-blvm14s25-14-cubiertos-,Fravega,BGH,Lavado,Lavavajillas BGH BLVM14S25 14 Cubiertos Silver,https://www.fravega.com/p/lavavajillas-bgh-blvm14s25-14-cubiertos-silver-171163/,899999.0,849999.0,1,True
FRA-lavasecarropas-smartlife-inverter-11-5kg,Fravega,OTRAS,Lavado,Lavasecarropas Smartlife Inverter 11.5KG SL-WDI11581400W Blanco,https://www.fravega.com/p/lavasecarropas-smartlife-inverter-11-5kg-sl-wdi11581400w-blanco-170528/,1245999.0,999999.0,1,True
FRA-lavavajillas-whirlpool-wsfo3t2x-sense-in,Fravega,WHIRLPOOL,Lavado,Lavavajillas Whirlpool WSFO3T2X Sense Inverter 10C Inox,https://www.fravega.com/p/lavavajillas-whirlpool-wsfo3t2x-sense-inverter-10c-inox-170194/,1199999.0,991735.0,1,True
FRA-secarropas-centrifugo-koh-i-noor-b-665-2,Fravega,OTRAS,Lavado,"Secarropas Centrifugo KOH-I-NOOR B-665/2 6,5 Kg",https://www.fravega.com/p/secarropas-centrifugo-koh-i-noor-b-665-2-6-5-kg-280029/,309499.0,279999.0,1,True
FRA-combo-lavarropa-codini-10kgs-secarropas-,Fravega,OTRAS,Lavado,Combo Lavarropa Codini 10kgs + Secarropas Codini Advance 6.5kgs Blanco,https://www.fravega.com/p/combo-lavarropa-codini-10kgs-secarropas-codini-advance-6-5kgs-blanco-22461857/,469999.0,389999.0,1,True
FRA-lavarropas-carga-frontal-inverter-whirlp,Fravega,WHIRLPOOL,Lavado,Lavarropas Carga Frontal Inverter Whirlpool 9kg 1400rpm WNQ90AS Gris,https://www.fravega.com/p/lavarropas-carga-frontal-inverter-whirlpool-9kg-1400rpm-wnq90as-gris-170446/,1249999.0,1033057.02,1,True
FRA-lavarropas-automatico-inverter-drean-6kg,Fravega,DREAN,Lavado,Lavarropas Automático Inverter Drean 6Kg 1000 RPM LCFDR0610LB1,https://www.fravega.com/p/lavarropas-automatico-inverter-drean-6kg-1000-rpm-lcfdr0610lb1-170930/,749999.0,699999.0,1,True
FRA-lavarropas-automatico-inverter-drean-6kg,Fravega,DREAN,Lavado,Lavarropas Automático Inverter Drean 6Kg 800 RPM LCFDR0608LB1,https://www.fravega.com/p/lavarropas-automatico-inverter-drean-6kg-800-rpm-lcfdr0608lb1-170928/,699999.0,649999.0,1,True
FRA-lavarropas-electrolux-elac014s-carga-sup,Fravega,OTRAS,Lavado,"Lavarropas Electrolux ELAC014S Carga Superior Premiun Care 7,5 Kg Silver",https://www.fravega.com/p/lavarropas-electrolux-elac014s-carga-superior-premiun-care-7-5-kg-silver-170765/,823999.0,719999.0,1,True
FRA-lavarropas-carga-superior-whirlpool-wwi0,Fravega,WHIRLPOOL,Lavado,"Lavarropas Carga Superior Whirlpool WWI06AW 6,5kg 720 RPM Blanco",https://www.fravega.com/p/lavarropas-carga-superior-whirlpool-wwi06aw-6-5kg-720-rpm-blanco-170724/,689999.0,570247.0,1,True
FRA-lavarropas-carga-superior-6-5-kg-800-rpm,Fravega,DREAN,Lavado,"Lavarropas Carga Superior 6,5 Kg 800 RPM Gris Drean LSDR0680TS0",https://www.fravega.com/p/lavarropas-carga-superior-6-5-kg-800-rpm-gris-drean-lsdr0680ts0-990278485/,773188.79,529999.0,1,True
FRA-secarropas-por-calor-columbia-scp-6000-2,Fravega,OTRAS,Lavado,Secarropas por Calor Columbia SCP 6000,https://www.fravega.com/p/secarropas-por-calor-columbia-scp-6000-280008/,219999.0,199999.0,1,True
FRA-lavavajilla-drean-lvdr1306ci-13c-inoxida,Fravega,DREAN,Lavado,Lavavajilla Drean LVDR1306CI 13C Inoxidable,https://www.fravega.com/p/lavavajilla-drean-lvdr1306ci-13c-inoxidable-170637/,875499.0,723553.0,1,True
FRA-lavarropas-semiautomatico-codini-4051-10,Fravega,OTRAS,Lavado,Lavarropas Semiautomatico Codini 4051 10KG,https://www.fravega.com/p/lavarropas-semiautomatico-codini-4051-10kg-170055/,229999.0,189999.0,1,True
FRA-lavarropas-hisense-wf3s1043bw-10-5-kg-17,Fravega,HISENSE,Lavado,"Lavarropas Hisense WF3S1043BW 10,5 Kg",https://www.fravega.com/p/lavarropas-hisense-wf3s1043bw-10-5-kg-170808/,899999.0,814479.0,1,True
FRA-aire-acondicionado-lg-inverter-dualcool-,Fravega,LG,Aires Acondicionados,Aire Acondicionado LG Inverter DUALCOOL WiFi Frío/Calor 6000 Frigorías S4-W24K231E,https://www.fravega.com/p/aire-acondicionado-lg-inverter-dualcool-wifi-frio-calor-6000-frigorias-s4-w24k231e-990247379/,2364999.0,2149999.0,1,True
FRA-aire-acondicionado-lg-inverter-artcool-f,Fravega,LG,Aires Acondicionados,Aire Acondicionado LG Inverter ARTCOOL Frío/Calor 4500 Frigorías,https://www.fravega.com/p/aire-acondicionado-lg-inverter-artcool-frio-calor-4500-frigorias-990247378/,2419999.0,2199999.0,1,True
FRA-aire-acondicionado-split-inverter-midea-,Fravega,MIDEA,Aires Acondicionados,Aire Acondicionado Split Inverter Midea FC 5800W 5000F MSZIC-18H-N81E,https://www.fravega.com/p/aire-acondicionado-split-inverter-midea-fc-5800w-5000f-mszic-18h-n81e-21061/,1199999.0,991734.71,1,True
FRA-aire-acondicionado-philco-inverter-3200f,Fravega,PHILCO,Aires Acondicionados,Aire Acondicionado Philco Inverter 3200F 3750W PHIN37HA2AN,https://www.fravega.com/p/aire-acondicionado-philco-inverter-3200f-3750w-phin37ha2an-21134/,799999.0,661156.0,1,True
FRA-aire-acondicionado-carrier-inverter-spli,Fravega,OTRAS,Aires Acondicionados,Aire Acondicionado Carrier Inverter Split Frío/Calor 53HVP12N81E 3600W 3100F,https://www.fravega.com/p/aire-acondicionado-carrier-inverter-split-frio-calor-53hvp12n81e-3600w-3100f-21055/,999999.0,826445.0,1,True
FRA-aire-acondicionado-bgh-split-inverter-fr,Fravega,BGH,Aires Acondicionados,Aire Acondicionado Bgh Split Inverter Frio/calor 3100F 3650W Blanco BSI37WCNX,https://www.fravega.com/p/aire-acondicionado-bgh-split-inverter-frio-calor-3100f-3650w-blanco-bsi37wcnx-21206/,949999.0,785123.0,1,True
FRA-aire-acondicionado-philco-inverter-4700f,Fravega,PHILCO,Aires Acondicionados,Aire Acondicionado Philco Inverter 4700F 5500W PHIN55HA2AN,https://www.fravega.com/p/aire-acondicionado-philco-inverter-4700f-5500w-phin55ha2an-21135/,1192899.0,985867.0,1,True
FRA-aire-acondicionado-portatil-admiral-ad-p,Fravega,OTRAS,Aires Acondicionados,Aire Acondicionado Portátil Admiral AD-PX12 3000F 3500W,https://www.fravega.com/p/aire-acondicionado-portatil-admiral-ad-px12-3000f-3500w-20949/,599999.0,495867.0,1,True
FRA-aire-acondicionado-split-frio-calor-hise,Fravega,HISENSE,Aires Acondicionados,Aire Acondicionado Split Frío/Calor Hisense 3400W 2900F 34HR4SVRKG03PX4,https://www.fravega.com/p/aire-acondicionado-split-frio-calor-hisense-3400w-2900f-34hr4svrkg03px4-20890/,799999.0,649999.0,1,True
FRA-aire-acondicionado-lg-inverter-lg-dualco,Fravega,LG,Aires Acondicionados,Aire Acondicionado LG Inverter LG DUALCOOL WiFi Frío Calor 4500 Frigorías S4-W18KL31A,https://www.fravega.com/p/aire-acondicionado-lg-inverter-lg-dualcool-wifi-frio-calor-4500-frigorias-s4-w18kl31a-990247383/,1704999.0,1549998.99,1,True
FRA-aire-acondicionado-bgh-split-on-off-2408,Fravega,BGH,Aires Acondicionados,Aire Acondicionado BGH Split On/Off 2408 fg BS26WCDW,https://www.fravega.com/p/aire-acondicionado-bgh-split-on-off-2408-fg-bs26wcdw-990257511/,1065999.0,769999.0,1,True
FRA-aire-acondicionado-comfee-inverter-frio-,Fravega,OTRAS,Aires Acondicionados,Aire Acondicionado Comfee Inverter Frío/calor 3105 Fg Blanco Blanco,https://www.fravega.com/p/aire-acondicionado-comfee-inverter-frio-calor-3105-fg-blanco-blanco-990304157/,1143999.0,669999.0,1,True
FRA-aire-acondicionado-split-frio-calor-bgh-,Fravega,BGH,Aires Acondicionados,Aire Acondicionado Split Frío/Calor BGH 4644F BS54WCDW,https://www.fravega.com/p/aire-acondicionado-split-frio-calor-bgh-4644f-bs54wcdw-990257512/,2139999.0,1179999.01,1,True
FRA-aire-acondicionado-split-frio-calor-hise,Fravega,HISENSE,Aires Acondicionados,Aire Acondicionado Split Frío/Calor Hisense 2750W 2300F 27HR4SYRKG00N,https://www.fravega.com/p/aire-acondicionado-split-frio-calor-hisense-2750w-2300f-27hr4syrkg00n-20889/,699999.0,599999.0,1,True
FRA-aire-acondicionado-split-inverter-midea-,Fravega,MIDEA,Aires Acondicionados,Aire Acondicionado Split Inverter Midea FC 3600W 3100F MSZIC-12H-N81E,https://www.fravega.com/p/aire-acondicionado-split-inverter-midea-fc-3600w-3100f-mszic-12h-n81e-21060/,749999.0,619834.0,1,True
FRA-aire-acondicionado-spit-inverter-sansei-,Fravega,OTRAS,Aires Acondicionados,Aire Acondicionado Spit Inverter Sansei Frio Calor SAIN37HA2AN,https://www.fravega.com/p/aire-acondicionado-spit-inverter-sansei-frio-calor-sain37ha2an-990301171/,989999.0,779999.0,1,True
FRA-aire-acondicionado-lg-inverter-dualcool-,Fravega,LG,Aires Acondicionados,Aire Acondicionado LG Inverter DUALCOOL WiFi Frío/Calor 6000 Frigorías S4-W24K231E,https://www.fravega.com/p/aire-acondicionado-lg-inverter-dualcool-wifi-frio-calor-6000-frigorias-s4-w24k231e-990247379/,2364999.0,2149999.0,1,True
FRA-aire-acondicionado-lg-inverter-artcool-f,Fravega,LG,Aires Acondicionados,Aire Acondicionado LG Inverter ARTCOOL Frío/Calor 4500 Frigorías,https://www.fravega.com/p/aire-acondicionado-lg-inverter-artcool-frio-calor-4500-frigorias-990247378/,2419999.0,2199999.0,1,True
FRA-aire-acondicionado-split-frio-calor-inve,Fravega,HISENSE,Aires Acondicionados,Aire Acondicionado Split Frío/Calor Inverter Hisense 5500W 4700F 55UR4SXSCA,https://www.fravega.com/p/aire-acondicionado-split-frio-calor-inverter-hisense-5500w-4700f-55ur4sxsca-20907/,1499999.0,1299999.0,1,True
FRA-aire-portatil-smart-midea-3010-kcal-h-fr,Fravega,MIDEA,Aires Acondicionados,Aire Portátil Smart Midea 3010 Kcal/h Frío Calor Blanco,https://www.fravega.com/p/aire-portatil-smart-midea-3010-kcal-h-frio-calor-blanco-990244780/,967999.0,619999.0,1,True
FRA-aire-acondicionado-split-frio-calor-liko,Fravega,OTRAS,Aires Acondicionados,Aire Acondicionado Split Frío/Calor Likon 2700F LKS35WCEW,https://www.fravega.com/p/aire-acondicionado-split-frio-calor-likon-2700f-lks35wcew-990247260/,999999.0,703699.0,1,True
FRA-aire-acondicionado-ventana-frio-solo-phi,Fravega,PHILCO,Aires Acondicionados,Aire Acondicionado Ventana Frío Solo Philco PHW32CA3AN 2838F 3300W,https://www.fravega.com/p/aire-acondicionado-ventana-frio-solo-philco-phw32ca3an-2838f-3300w-21116/,831710.0,687363.64,1,True
FRA-aire-acondicionado-split-frio-calor-bgh-,Fravega,BGH,Aires Acondicionados,Aire Acondicionado Split Frío/Calor BGH Silent Air Inverter 3000F BSI35WCLW,https://www.fravega.com/p/aire-acondicionado-split-frio-calor-bgh-silent-air-inverter-3000f-bsi35wclw-990241444/,1999999.0,929998.99,1,True
FRA-aire-acondicionado-carrier-inverter-spli,Fravega,OTRAS,Aires Acondicionados,Aire Acondicionado Carrier Inverter Split Frío/Calor 53HVP22N81E 6800W 5900F,https://www.fravega.com/p/aire-acondicionado-carrier-inverter-split-frio-calor-53hvp22n81e-6800w-5900f-21059/,1799999.0,1487602.48,1,True
FRA-aire-acondicionado-bgh-split-inverter-fr,Fravega,BGH,Aires Acondicionados,Aire Acondicionado BGH Split Inverter Frío/Calor 4600F WiFi,https://www.fravega.com/p/aire-acondicionado-bgh-split-inverter-frio-calor-4600f-wifi-990303293/,2225999.0,1329999.0,1,True
FRA-aire-acondicionado-split-frio-calor-phil,Fravega,PHILCO,Aires Acondicionados,Aire Acondicionado Split Frío/Calor Philco 4400F 5200W PHS50HA4CN,https://www.fravega.com/p/aire-acondicionado-split-frio-calor-philco-4400f-5200w-phs50ha4cn-21136/,993999.0,821487.0,1,True
FRA-aire-acondicionado-split-frio-calor-hise,Fravega,HISENSE,Aires Acondicionados,Aire Acondicionado Split Frío/Calor Hisense 5200W 4400F 52HR4SXSKG00PX4N,https://www.fravega.com/p/aire-acondicionado-split-frio-calor-hisense-5200w-4400f-52hr4sxskg00px4n-20917/,1299999.0,1099999.0,1,True
FRA-aire-acondicionado-split-frio-calor-bgh-,Fravega,BGH,Aires Acondicionados,Aire Acondicionado Split Frío/Calor BGH Inverter 4730F BSI55WCNX,https://www.fravega.com/p/aire-acondicionado-split-frio-calor-bgh-inverter-4730f-bsi55wcnx-990249355/,2659998.0,1239999.0,1,True
FRA-aire-acondicionado-surrey-portatil-551px,Fravega,SURREY,Aires Acondicionados,Aire Acondicionado Surrey Portátil 551PXQ12N81F,https://www.fravega.com/p/aire-acondicionado-surrey-portatil-551pxq12n81f-21080/,888999.0,699999.0,1,True
FRA-aire-acondicionado-split-frio-calor-phil,Fravega,PHILCO,Aires Acondicionados,Aire Acondicionado Split Frío/Calor Philco 5400F 6300W  PHS60HA4CN,https://www.fravega.com/p/aire-acondicionado-split-frio-calor-philco-5400f-6300w-phs60ha4cn-20644/,1299999.0,1074379.0,1,True
FRA-aire-acondicionado-split-frio-calor-sams,Fravega,SAMSUNG,Aires Acondicionados,Aire Acondicionado Split Frío/Calor Samsung Inverter 4500F AR40F18,https://www.fravega.com/p/aire-acondicionado-split-frio-calor-samsung-inverter-4500f-ar40f18-990257268/,2399999.0,1599999.0,1,True
FRA-aire-acondicionado-split-frio-calor-sams,Fravega,SAMSUNG,Aires Acondicionados,Aire Acondicionado Split Frío/Calor Samsung Inverter 2580F AR40F12,https://www.fravega.com/p/aire-acondicionado-split-frio-calor-samsung-inverter-2580f-ar40f12-990257267/,1629999.0,949999.0,1,True
FRA-aire-acondicionado-split-tcl-taca-3350w-,Fravega,TCL,Aires Acondicionados,Aire Acondicionado Split TCL TACA-3350W ELITE 2800F 3350W,https://www.fravega.com/p/aire-acondicionado-split-tcl-taca-3350w-elite-2800f-3350w-20777/,749999.0,699999.0,1,True
FRA-aire-acondicionado-carrier-inverter-spli,Fravega,OTRAS,Aires Acondicionados,Aire Acondicionado Carrier Inverter Split Frío/Calor 53HVP18N81E 5800W 5000F,https://www.fravega.com/p/aire-acondicionado-carrier-inverter-split-frio-calor-53hvp18n81e-5800w-5000f-21056/,1499999.0,1239668.6,1,True
FRA-aire-acondicionado-frio-calor-bgh-split-,Fravega,BGH,Aires Acondicionados,Aire Acondicionado Frío/Calor BGH Split Inverter 3139F BSI37WCNX,https://www.fravega.com/p/aire-acondicionado-frio-calor-bgh-split-inverter-3139f-bsi37wcnx-990249086/,1599999.0,949999.0,1,True
FRA-aire-acondicionado-split-frio-calor-bgh-,Fravega,BGH,Aires Acondicionados,Aire Acondicionado Split Frío/Calor BGH Inverter 10550W BSI106WCAWS,https://www.fravega.com/p/aire-acondicionado-split-frio-calor-bgh-inverter-10550w-bsi106wcaws-20974/,2499999.0,2066114.88,1,True
FRA-aire-acondicionado-split-frio-calor-bgh-,Fravega,BGH,Aires Acondicionados,Aire Acondicionado Split Frío/Calor BGH 3100F BS35WCDW,https://www.fravega.com/p/aire-acondicionado-split-frio-calor-bgh-3100f-bs35wcdw-990247363/,1099999.0,846599.01,1,True
FRA-aire-acondicionado-ventana-frio-solo-phi,Fravega,PHILCO,Aires Acondicionados,Aire Acondicionado Ventana Frío Solo Philco PHW25CA3AN 2150F 2500W,https://www.fravega.com/p/aire-acondicionado-ventana-frio-solo-philco-phw25ca3an-2150f-2500w-20575/,889999.0,649999.0,1,True
FRA-aire-acondicionado-hyundai-inverter-con-,Fravega,OTRAS,Aires Acondicionados,Aire Acondicionado Hyundai Inverter con Wi-Fi 3200W F/C,https://www.fravega.com/p/aire-acondicionado-hyundai-inverter-con-wi-fi-3200w-f-c-990195325/,1055554.0,999998.99,1,True
FRA-aire-acondicionado-ventana-midea-mvf18cf,Fravega,MIDEA,Aires Acondicionados,Aire Acondicionado Ventana Midea MVF18CFN81F,https://www.fravega.com/p/aire-acondicionado-ventana-midea-mvf18cfn81f-21416/,1299999.0,1099999.0,1,True
FRA-aire-acondicionado-ventana-midea-mvf12cf,Fravega,MIDEA,Aires Acondicionados,Aire Acondicionado Ventana Midea MVF12CFN81F,https://www.fravega.com/p/aire-acondicionado-ventana-midea-mvf12cfn81f-21415/,899999.0,799999.0,1,True
FRA-aire-acondicionado-lg-inverter-artcool-f,Fravega,LG,Aires Acondicionados,Aire Acondicionado LG Inverter ARTCOOL Frío/Calor 6000W S4-W24K2RPE,https://www.fravega.com/p/aire-acondicionado-lg-inverter-artcool-frio-calor-6000w-s4-w24k2rpe-990247382/,3079999.0,2699999.0,1,True
FRA-aire-acondicionado-lg-3600w-frio-calor-s,Fravega,LG,Aires Acondicionados,Aire Acondicionado LG 3600W Frio Calor Split Dual Inverter Wifi S4-W12JA31A,https://www.fravega.com/p/aire-acondicionado-lg-3600w-frio-calor-split-dual-inverter-wifi-s4-w12ja31a-50040485/,1899999.0,1291999.0,1,True
FRA-kit-instalacion-sansei-universal-3m-aa-3,Fravega,OTRAS,Aires Acondicionados,Kit instalación Sansei Universal 3m AA 3000/4500fg (1/4”-1/2”) SAKITAACU1214A3,https://www.fravega.com/p/kit-instalacion-sansei-universal-3m-aa-3000-4500fg-1-4-1-2-sakitaacu1214a3-990252070/,105599.0,59999.0,1,True
FRA-aire-acondicionado-enova-ventana-inverte,Fravega,OTRAS,Aires Acondicionados,Aire Acondicionado enova ventana inverter solo frío 3510W 3024 fg Frío AEV12IF10,https://www.fravega.com/p/aire-acondicionado-enova-ventana-inverter-solo-frio-3510w-3024-fg-frio-aev12if10-22639474/,1149998.75,859999.0,1,True
FRA-aire-acondicionado-ventana-midea-mvf09cf,Fravega,MIDEA,Aires Acondicionados,Aire Acondicionado Ventana Midea MVF09CFN81F,https://www.fravega.com/p/aire-acondicionado-ventana-midea-mvf09cfn81f-21414/,799999.0,699999.0,1,True
FRA-aire-acondicionado-split-frio-calor-sams,Fravega,SAMSUNG,Aires Acondicionados,Aire Acondicionado Split Frío/Calor Samsung Inverter 5200F AR40F24,https://www.fravega.com/p/aire-acondicionado-split-frio-calor-samsung-inverter-5200f-ar40f24-990257266/,2699999.0,1899999.0,1,True
FRA-aire-acondicionado-lg-inverter-artcool-f,Fravega,LG,Aires Acondicionados,Aire Acondicionado LG Inverter ARTCOOL Frío/Calor 4500 Frigorías,https://www.fravega.com/p/aire-acondicionado-lg-inverter-artcool-frio-calor-4500-frigorias-990247378/,2419999.0,2199999.0,1,True
FRA-aire-acondicionado-lg-inverter-dualcool-,Fravega,LG,Aires Acondicionados,Aire Acondicionado LG Inverter DUALCOOL WiFi Frío/Calor 6000 Frigorías S4-W24K231E,https://www.fravega.com/p/aire-acondicionado-lg-inverter-dualcool-wifi-frio-calor-6000-frigorias-s4-w24k231e-990247379/,2364999.0,2149999.0,1,True
FRA-aire-acondicionado-lg-inverter-artcool-f,Fravega,LG,Aires Acondicionados,Aire Acondicionado LG Inverter ARTCOOL Frío/Calor 4500 Frigorías,https://www.fravega.com/p/aire-acondicionado-lg-inverter-artcool-frio-calor-4500-frigorias-990247378/,2419999.0,2199999.0,1,True
FRA-aire-acondicionado-philco-split-2924f-34,Fravega,PHILCO,Aires Acondicionados,Aire Acondicionado Philco Split 2924F 3400W Frío/Calor,https://www.fravega.com/p/aire-acondicionado-philco-split-2924f-3400w-frio-calor-990210134/,1024633.0,870939.0,1,True
FRA-aire-acondicionado-hisense-frio-calor-fr,Fravega,HISENSE,Aires Acondicionados,Aire Acondicionado Hisense Frio Calor Fresh Master AS12UW5RXJQJ00PI,https://www.fravega.com/p/aire-acondicionado-hisense-frio-calor-fresh-master-as12uw5rxjqj00pi-990207253/,1759999.0,1469999.0,1,True
FRA-nuevo-aire-acondicionado-r32-philco-inve,Fravega,PHILCO,Aires Acondicionados,Nuevo Aire Acondicionado R32 PHILCO Inverter 3750W,https://www.fravega.com/p/nuevo-aire-acondicionado-r32-philco-inverter-3750w-22715978/,1099000.0,899000.0,1,True
FRA-nuevo-aire-acondicionado-philco-8000w-r3,Fravega,PHILCO,Aires Acondicionados,NUEVO Aire Acondicionado PHILCO 8000W R32 F/C,https://www.fravega.com/p/nuevo-aire-acondicionado-philco-8000w-r32-f-c--22708058/,1999000.0,1599999.0,1,True
FRA-aire-acondicionado-samsung-3000w-inverte,Fravega,SAMSUNG,Aires Acondicionados,Aire Acondicionado SAMSUNG 3000W Inverter F/C,https://www.fravega.com/p/aire-acondicionado-samsung-3000w-inverter-f-c-22672826/,1399000.0,1099000.0,1,True
FRA-aire-acondicionado-lg-dual-cool-inverter,Fravega,LG,Aires Acondicionados,Aire acondicionado LG Dual cool Inverter Wifi 4500 Fg S4-W18KL31A,https://www.fravega.com/p/aire-acondicionado-lg-dual-cool-inverter-wifi-4500-fg-s4-w18kl31a-990144931/,2285713.0,1599999.0,1,True
FRA-aire-acondicionado-bgh-3500w-f-c-inverte,Fravega,BGH,Aires Acondicionados,Aire Acondicionado Bgh 3500w F/c Inverter,https://www.fravega.com/p/aire-acondicionado-bgh-3500w-f-c-inverter-22941827/,1024127.0,846386.0,1,True
FRA-pack-x-2-mini-aire-acondicionado-portati,Fravega,OTRAS,Aires Acondicionados,Pack x 2 Mini Aire Acondicionado Portatil Recargable Humidificador Frio Personal Usb,https://www.fravega.com/p/pack-x-2-mini-aire-acondicionado-portatil-recargable-humidificador-frio-personal-usb-22646253/,67990.0,47990.0,1,True
FRA-aire-acondicionado-hyundai-wifi-inverter,Fravega,OTRAS,Aires Acondicionados,Aire Acondicionado HYUNDAI WIFI INVERTER 3200 W F/C Efic A++,https://www.fravega.com/p/aire-acondicionado-hyundai-wifi-inverter-3200-w-f-c-efic-a--22638865/,1299000.0,949000.0,1,True
FRA-aire-acondicionado-piso-techo-siam-on-of,Fravega,OTRAS,Aires Acondicionados,Aire Acondicionado Piso Techo SIAM On Off 6 Tn 18000 frig F/C,https://www.fravega.com/p/aire-acondicionado-piso-techo-siam-on-off-6-tn-18000-frig-f-c-21499537/,3999000.0,3199000.0,1,True
FRA-aire-acondicionado-inverter-admiral-ad12,Fravega,OTRAS,Aires Acondicionados,Aire Acondicionado Inverter Admiral AD12AGINV 2900F 3400W,https://www.fravega.com/p/aire-acondicionado-inverter-admiral-ad12aginv-2900f-3400w-21006/,899999.0,743800.83,1,True
FRA-aire-acondicionado-tcl-split-frio-calor-,Fravega,TCL,Aires Acondicionados,Aire Acondicionado TCL Split Frío/Calor 5400W Elite On/Off,https://www.fravega.com/p/aire-acondicionado-tcl-split-frio-calor-5400w-elite-on-off-20967/,1299999.0,1074379.34,1,True
FRA-aire-acondicionado-split-surrey-frio-cal,Fravega,SURREY,Aires Acondicionados,Aire Acondicionado Split Surrey Frío Calor 2950F 3430W 553GFQ1201F,https://www.fravega.com/p/aire-acondicionado-split-surrey-frio-calor-2950f-3430w-553gfq1201f-20773/,999999.0,899999.0,1,True
FRA-aire-acondicionado-ventana-frio-solo-phi,Fravega,PHILCO,Aires Acondicionados,Aire Acondicionado Ventana Frío Solo Philco PHW50CA3AN 4386F 5100W,https://www.fravega.com/p/aire-acondicionado-ventana-frio-solo-philco-phw50ca3an-4386f-5100w-20505/,1399999.0,1099999.0,1,True
FRA-aire-acondicionado-philco-split-frio-cal,Fravega,PHILCO,Aires Acondicionados,Aire Acondicionado Philco Split Frío/calor 5418 Frigorías Blanco 220v Phs60ha4cn,https://www.fravega.com/p/aire-acondicionado-philco-split-frio-calor-5418-frigorias-blanco-220v-phs60ha4cn-20059707/,1699000.0,1399000.0,1,True
FRA-aire-acondicionado-lg-inverter-dualcool-,Fravega,LG,Aires Acondicionados,Aire Acondicionado LG Inverter DUALCOOL WiFi Frío/Calor 6000 Frigorías S4-W24K231E,https://www.fravega.com/p/aire-acondicionado-lg-inverter-dualcool-wifi-frio-calor-6000-frigorias-s4-w24k231e-990247379/,2364999.0,2149999.0,1,True
FRA-aire-acondicionado-lg-inverter-artcool-f,Fravega,LG,Aires Acondicionados,Aire Acondicionado LG Inverter ARTCOOL Frío/Calor 4500 Frigorías,https://www.fravega.com/p/aire-acondicionado-lg-inverter-artcool-frio-calor-4500-frigorias-990247378/,2419999.0,2199999.0,1,True
FRA-aire-acondicionado-split-hitachi-3600w-f,Fravega,OTRAS,Aires Acondicionados,Aire Acondicionado Split Hitachi 3600w F/c 3600fcinv Neo Plus Blanco,https://www.fravega.com/p/aire-acondicionado-split-hitachi-3600w-f-c-3600fcinv-neo-plus-blanco-990301000/,972300.0,768117.0,1,True
FRA-aire-acondicionado-split-bgh-bs54wcdw-54,Fravega,BGH,Aires Acondicionados,AIRE ACONDICIONADO SPLIT BGH BS54WCDW 5400W FRIO CALOR ON OFF BLANCO,https://www.fravega.com/p/aire-acondicionado-split-bgh-bs54wcdw-5400w-frio-calor-on-off-blanco-990300782/,1619374.0,1295499.0,1,True
FRA-aire-acondicionado-split-bgh-bs35wcdw-36,Fravega,BGH,Aires Acondicionados,AIRE ACONDICIONADO SPLIT BGH BS35WCDW 3600 WTS FRIO CALOR ON OFF BLANCO,https://www.fravega.com/p/aire-acondicionado-split-bgh-bs35wcdw-3600-wts-frio-calor-on-off-blanco-990300780/,1097749.0,878199.0,1,True
FRA-combo-aire-acondicionado-split-frio-calo,Fravega,BGH,Aires Acondicionados,Combo Aire Acondicionado Split Frío/Calor BGH Inverter 4730F BSI55WCNX + Camiseta BGH adidas Talle L,https://www.fravega.com/p/combo-aire-acondicionado-split-frio-calor-bgh-inverter-4730f-bsi55wcnx-camiseta-bgh-adidas-talle-l-990295577/,2689997.0,1229999.0,1,True
FRA-combo-aire-acondicionado-bgh-split-inver,Fravega,BGH,Aires Acondicionados,Combo Aire Acondicionado BGH Split Inverter Frio/Calor 3100F + Camiseta BGH adidas Talle L,https://www.fravega.com/p/combo-aire-acondicionado-bgh-split-inverter-frio-calor-3100f-camiseta-bgh-adidas-talle-l-990295576/,1329998.0,916999.0,1,True
FRA-aire-acondicionado-siam-split-frio-calor,Fravega,OTRAS,Aires Acondicionados,Aire Acondicionado Siam Split Frío/calor SMS60HA4CN,https://www.fravega.com/p/aire-acondicionado-siam-split-frio-calor-sms60ha4cn-990291417/,1528999.0,1199999.0,1,True
FRA-aire-acondicionado-inverter-siam-in52ha3,Fravega,OTRAS,Aires Acondicionados,Aire Acondicionado Inverter Siam In52ha3bn 4472fg Frio/calor Blanco,https://www.fravega.com/p/aire-acondicionado-inverter-siam-in52ha3bn-4472fg-frio-calor-blanco-990291092/,1412459.0,1271213.1,1,True
FRA-aire-acondicionado-likon-split-inverter-,Fravega,OTRAS,Aires Acondicionados,Aire Acondicionado Likon Split Inverter Frío/Calor 3000F,https://www.fravega.com/p/aire-acondicionado-likon-split-inverter-frio-calor-3000f-990290214/,1299999.0,815999.0,1,True
FRA-aire-acondicionado-philco-split-inverter,Fravega,PHILCO,Aires Acondicionados,Aire Acondicionado Philco Split Inverter 3225F Frío/Calor,https://www.fravega.com/p/aire-acondicionado-philco-split-inverter-3225f-frio-calor-990278955/,1196986.0,1017439.0,1,True
FRA-aire-acondicionado-tcl-frio-calor-3400fc,Fravega,TCL,Aires Acondicionados,Aire acondicionado TCL Frío/Calor 3400FCSD/TPRO 3400W Inverter,https://www.fravega.com/p/aire-acondicionado-tcl-frio-calor-3400fcsd-tpro-3400w-inverter-990266028/,1199999.0,991735.0,1,True
FRA-split-comfee-inverter-r-32-4601-kcal-h-f,Fravega,OTRAS,Aires Acondicionados,Split Comfee Inverter R-32 4601 kCal/h Frío Calor,https://www.fravega.com/p/split-comfee-inverter-r-32-4601-kcal-h-frio-calor-990175070/,1799999.0,1219999.0,1,True
FRA-aire-acondicionado-lg-split-inverter-art,Fravega,LG,Aires Acondicionados,Aire acondicionado LG Split inverter art cool 4500 Fg S4-W18KLRPA,https://www.fravega.com/p/aire-acondicionado-lg-split-inverter-art-cool-4500-fg-s4-w18klrpa-990052874/,3428570.0,2399999.0,1,True
FRA-aire-acondicionado-lg-dualcool-inverter-,Fravega,LG,Aires Acondicionados,Aire Acondicionado LG Dualcool Inverter Frío Calor 6000fg,https://www.fravega.com/p/aire-acondicionado-lg-dualcool-inverter-frio-calor-6000fg-990006458/,2840999.0,2045998.99,1,True
FRA-aires-acondicionado-multisplit-hisense-i,Fravega,HISENSE,Aires Acondicionados,Aires Acondicionado Multisplit HISENSE Inverter Configuración 3a1 UE 7.1kw F/c Color Blanco,https://www.fravega.com/p/aires-acondicionado-multisplit-hisense-inverter-configuracion-3a1-ue-7-1kw-f-c-color-blanco-23001335/,4999000.0,3999000.0,1,True
FRA-caloventor-electrico-estufa-portatil-wag,Fravega,OTRAS,Aires Acondicionados,Caloventor Electrico Estufa Portatil Waggs Regulable Negro,https://www.fravega.com/p/caloventor-electrico-estufa-portatil-waggs-regulable-negro-22852620/,67195.69,32999.0,1,True
FRA-aspiradora-ciclonica-electrolux-2200w-ea,Fravega,OTRAS,Pequeños Electrodomésticos,Aspiradora Ciclónica Electrolux 2200W EasyBox con Boquilla PET EAS41,https://www.fravega.com/p/aspiradora-ciclonica-electrolux-2200w-easybox-con-boquilla-pet-eas41-60425/,244999.0,199999.0,1,True
FRA-xiaomi-robot-vacuum-5-pro-eu-23020525,Fravega,XIAOMI,Pequeños Electrodomésticos,Xiaomi Robot Vacuum 5 Pro EU,https://www.fravega.com/p/xiaomi-robot-vacuum-5-pro-eu-23020525/,1799999.0,1625999.0,1,True
FRA-yogurtera-yelmo-yg-1700-12707,Fravega,OTRAS,Pequeños Electrodomésticos,Yogurtera Yelmo YG-1700,https://www.fravega.com/p/yogurtera-yelmo-yg-1700-12707/,54599.0,36999.0,1,True
FRA-mixer-kanji-3-1-800w-lic-bl0800la02-kjn-,Fravega,OTRAS,Pequeños Electrodomésticos,Mixer Kanji 3 en 1 800W LIC-BL0800LA02-KJN,https://www.fravega.com/p/mixer-kanji-3-1-800w-lic-bl0800la02-kjn-180574/,59999.0,39999.0,1,True
FRA-freidora-de-aire-atma-con-visor-fr246abp,Fravega,ATMA,Pequeños Electrodomésticos,Freidora de Aire ATMA con Visor FR246ABP 6Lts Negro,https://www.fravega.com/p/freidora-de-aire-atma-con-visor-fr246abp-6lts-negro-13898/,189999.0,109999.0,1,True
FRA-pava-electrica-kanji-home-con-corte-mate,Fravega,OTRAS,Pequeños Electrodomésticos,Pava Eléctrica Kanji Home con Corte Mate KJH-PE15002M,https://www.fravega.com/p/pava-electrica-kanji-home-con-corte-mate-kjh-pe15002m--13629/,29999.0,20999.0,1,True
FRA-pava-electrica-winco-w1704-acero-14324,Fravega,ACER,Pequeños Electrodomésticos,Pava Eléctrica Winco W1704 Acero,https://www.fravega.com/p/pava-electrica-winco-w1704-acero-14324/,29999.0,16999.0,1,True
FRA-pava-electrica-ultracomb-pe-4930-con-pan,Fravega,OTRAS,Pequeños Electrodomésticos,Pava Eléctrica Ultracomb PE-4930 Con Pantalla Táctil Y Selector De Temperatura Negro,https://www.fravega.com/p/pava-electrica-ultracomb-pe-4930-con-pantalla-tactil-y-selector-de-temperatura-negro-14350/,89999.0,61999.0,1,True
FRA-cafetera-de-filtro-atma-ca2180p-14442,Fravega,ATMA,Pequeños Electrodomésticos,Cafetera de FIltro ATMA CA2180P,https://www.fravega.com/p/cafetera-de-filtro-atma-ca2180p-14442/,49999.0,28999.0,1,True
FRA-aspiradora-philco-stick-vertical-2-1-hvc,Fravega,PHILCO,Pequeños Electrodomésticos,Aspiradora Philco Stick Vertical 2 en 1 HVCPH177PI,https://www.fravega.com/p/aspiradora-philco-stick-vertical-2-1-hvcph177pi--60288/,129999.0,54999.0,1,True
FRA-cortabarba-philips-oneblade-qp2724-10-30,Fravega,PHILIPS,Pequeños Electrodomésticos,Cortabarba Philips Oneblade QP2724/10,https://www.fravega.com/p/cortabarba-philips-oneblade-qp2724-10-30337/,64899.0,60999.0,1,True
FRA-pava-electrica-yelmo-1-7lts-pe-3902k--12,Fravega,OTRAS,Pequeños Electrodomésticos,Pava Eléctrica Yelmo 1.7Lts PE-3902K,https://www.fravega.com/p/pava-electrica-yelmo-1-7lts-pe-3902k--12346/,49999.0,29999.0,1,True
FRA-tostadora-kanji-negra-800w-kjh-tm800-05-,Fravega,OTRAS,Pequeños Electrodomésticos,Tostadora Kanji Negra 800W KJH-TM800-05,https://www.fravega.com/p/tostadora-kanji-negra-800w-kjh-tm800-05-14175/,39999.0,27999.0,1,True
FRA-depiladora-ipl-philips-lumea-prestige-br,Fravega,PHILIPS,Pequeños Electrodomésticos,Depiladora IPL Philips Lumea Prestige BRI947/30,https://www.fravega.com/p/depiladora-ipl-philips-lumea-prestige-bri947-30-13275/,999999.0,659999.0,1,True
FRA-microondas-atma-watds20ubp-20-litros-110,Fravega,ATMA,Pequeños Electrodomésticos,Microondas Atma WATDS20UBP 20 Litros,https://www.fravega.com/p/microondas-atma-watds20ubp-20-litros-110197/,239999.0,199999.0,1,True
FRA-secador-de-pelo-gama-mistral-ceramic-ion,Fravega,GAMA,Pequeños Electrodomésticos,Secador de Pelo GAMA Mistral Ceramic Ion,https://www.fravega.com/p/secador-de-pelo-gama-mistral-ceramic-ion-13349/,74999.0,53999.0,1,True
FRA-mixer-3-1-electrolux-efficient-600w-eib2,Fravega,OTRAS,Pequeños Electrodomésticos,Mixer 3 en 1 Electrolux Efficient 600W EIB20,https://www.fravega.com/p/mixer-3-1-electrolux-efficient-600w-eib20-180384/,110999.0,79999.0,1,True
FRA-aspiradora-ciclonica-electrolux-2200w-ea,Fravega,OTRAS,Pequeños Electrodomésticos,Aspiradora Ciclónica Electrolux 2200W EasyBox con Boquilla PET EAS41,https://www.fravega.com/p/aspiradora-ciclonica-electrolux-2200w-easybox-con-boquilla-pet-eas41-60425/,244999.0,199999.0,1,True
FRA-xiaomi-robot-vacuum-5-pro-eu-23020525,Fravega,XIAOMI,Pequeños Electrodomésticos,Xiaomi Robot Vacuum 5 Pro EU,https://www.fravega.com/p/xiaomi-robot-vacuum-5-pro-eu-23020525/,1799999.0,1625999.0,1,True
FRA-cafetera-moulinex-genio-s-plus-negra-134,Fravega,OTRAS,Pequeños Electrodomésticos,Cafetera Moulinex Genio S Plus Negra,https://www.fravega.com/p/cafetera-moulinex-genio-s-plus-negra-13414/,312690.0,187499.0,1,True
FRA-cortabarba-philips-oneblade-qp2824-10-fa,Fravega,PHILIPS,Pequeños Electrodomésticos,Cortabarba Philips Oneblade QP2824/10 Face & Body,https://www.fravega.com/p/cortabarba-philips-oneblade-qp2824-10-face--body-30356/,89999.0,79999.0,1,True
FRA-freidora-de-aire-peabody-pe-afw520n-5-2l,Fravega,OTRAS,Pequeños Electrodomésticos,"Freidora de Aire Peabody PE-AFW520N 5,2Lts",https://www.fravega.com/p/freidora-de-aire-peabody-pe-afw520n-5-2lts-14090/,109999.0,89999.0,1,True
FRA-cafetera-nespresso-inissia-black-13916,Fravega,OTRAS,Pequeños Electrodomésticos,Cafetera Nespresso Inissia Black,https://www.fravega.com/p/cafetera-nespresso-inissia-black-13916/,363900.0,181950.0,1,True
FRA-plancha-a-vapor-philips-dst5010-2400-wat,Fravega,PHILIPS,Pequeños Electrodomésticos,Plancha a Vapor Philips DST5010 2400 Watts Gris,https://www.fravega.com/p/plancha-a-vapor-philips-dst5010-2400-watts-gris-250220/,119999.0,109999.0,1,True
FRA-freidora-de-aire-atma-con-visor-fr246awp,Fravega,ATMA,Pequeños Electrodomésticos,Freidora de Aire ATMA con Visor FR246AWP 6Lts Blanco,https://www.fravega.com/p/freidora-de-aire-atma-con-visor-fr246awp-6lts-blanco-14102/,189999.0,99999.0,1,True
FRA-repuesto-cuchillas-x2-para-cortabarba-ph,Fravega,PHILIPS,Pequeños Electrodomésticos,Repuesto Cuchillas x2 para Cortabarba Philips OneBlade,https://www.fravega.com/p/repuesto-cuchillas-x2-para-cortabarba-philips-oneblade-30460/,31499.0,29999.0,1,True
FRA-planchita-de-pelo-allure-pl1010ap-titani,Fravega,OTRAS,Pequeños Electrodomésticos,Planchita de Pelo Allure PL1010AP Titanium Ion,https://www.fravega.com/p/planchita-de-pelo-allure-pl1010ap-titanium-ion-13892/,34999.0,22999.0,1,True
FRA-plancha-a-vapor-ultracomb-pl-4170-250316,Fravega,OTRAS,Pequeños Electrodomésticos,Plancha A Vapor Ultracomb PL-4170,https://www.fravega.com/p/plancha-a-vapor-ultracomb-pl-4170-250316/,42999.0,26999.0,1,True
FRA-yogurtera-westinghouse-wh-yog2-silver-14,Fravega,OTRAS,Pequeños Electrodomésticos,Yogurtera Westinghouse WH-YOG2 Silver,https://www.fravega.com/p/yogurtera-westinghouse-wh-yog2-silver-14299/,59999.0,39999.0,1,True
FRA-pava-electrica-philco-peph1182ip-inoxida,Fravega,PHILCO,Pequeños Electrodomésticos,Pava Eléctrica Philco PEPH1182IP Inoxidable,https://www.fravega.com/p/pava-electrica-philco-peph1182ip-inoxidable-14055/,41999.0,26999.0,1,True
FRA-secador-de-pelo-profesional-remington-si,Fravega,REMINGTON,Pequeños Electrodomésticos,Secador de Pelo Profesional Remington Silk AC9096 2400W,https://www.fravega.com/p/secador-de-pelo-profesional-remington-silk-ac9096-2400w-11933/,104999.0,84799.0,1,True
FRA-licuadora-mondial-pratic-power-550w-1-6l,Fravega,OTRAS,Pequeños Electrodomésticos,"Licuadora Mondial Pratic Power 550W 1,6Lts L-98-B Negro",https://www.fravega.com/p/licuadora-mondial-pratic-power-550w-1-6lts-l-98-b-negro-180525/,59999.0,44999.0,1,True
FRA-freidora-de-aire-atma-y-hornito-electric,Fravega,ATMA,Pequeños Electrodomésticos,Freidora de Aire Atma y Hornito Eléctrico HGFA2323PI 23Lts Silver,https://www.fravega.com/p/freidora-de-aire-atma-y-hornito-electrico-hgfa2323pi-23lts-silver-240247/,299999.0,149999.0,1,True
FRA-planchita-de-pelo-admiral-ad-pl001-ceram,Fravega,OTRAS,Pequeños Electrodomésticos,Planchita de Pelo Admiral AD-PL001 Ceramic 230,https://www.fravega.com/p/planchita-de-pelo-admiral-ad-pl001-ceramic-230-14214/,39999.0,19999.0,1,True
FRA-aspiradora-ciclonica-electrolux-2200w-ea,Fravega,OTRAS,Pequeños Electrodomésticos,Aspiradora Ciclónica Electrolux 2200W EasyBox con Boquilla PET EAS41,https://www.fravega.com/p/aspiradora-ciclonica-electrolux-2200w-easybox-con-boquilla-pet-eas41-60425/,244999.0,199999.0,1,True
FRA-xiaomi-robot-vacuum-5-pro-eu-23020525,Fravega,XIAOMI,Pequeños Electrodomésticos,Xiaomi Robot Vacuum 5 Pro EU,https://www.fravega.com/p/xiaomi-robot-vacuum-5-pro-eu-23020525/,1799999.0,1625999.0,1,True
FRA-afeitadora-electrica-inalambrica-philco-,Fravega,PHILCO,Pequeños Electrodomésticos,Afeitadora Eléctrica Inalámbrica Philco AE5105,https://www.fravega.com/p/afeitadora-electrica-inalambrica-philco-ae5105-30464/,54999.0,34999.0,1,True
FRA-pava-electrica-atma-pe1821rap-1-7-litros,Fravega,ATMA,Pequeños Electrodomésticos,"Pava Eléctrica ATMA PE1821RAP 1,7 litros",https://www.fravega.com/p/pava-electrica-atma-pe1821rap-1-7-litros-13610/,55999.0,35999.0,1,True
FRA-horno-freidora-de-aire-atma-airfryer-17l,Fravega,ATMA,Pequeños Electrodomésticos,Horno Freidora de Aire Atma AirFryer 17Lts HGFAB1725,https://www.fravega.com/p/horno-freidora-de-aire-atma-airfryer-17lts-hgfab1725-14494/,249999.0,109999.0,1,True
FRA-planchita-de-pelo-gama-elegance-bella-to,Fravega,GAMA,Pequeños Electrodomésticos,Planchita de Pelo GAMA Elegance Bella Tourmaline ION 230°C,https://www.fravega.com/p/planchita-de-pelo-gama-elegance-bella-tourmaline-ion-230c-13040/,77999.0,59999.0,1,True
FRA-multigroom-all-one-philips-mg3911-15-inc,Fravega,PHILIPS,Pequeños Electrodomésticos,Multigroom All-in-One Philips MG3911/15 incluye 7 accesorios,https://www.fravega.com/p/multigroom-all-one-philips-mg3911-15-incluye-7-accesorios-30397/,58999.0,48999.0,1,True
FRA-microondas-gafa-20l-negro-6-niveles-de-p,Fravega,GAFA,Pequeños Electrodomésticos,Microondas Gafa 20L Negro 6 niveles de potencia y Limpia Fácil MG20AB,https://www.fravega.com/p/microondas-gafa-20l-negro-6-niveles-de-potencia-y-limpia-facil-mg20ab-990288978/,217332.0,177995.0,1,True
FRA-freidora-de-aire-digital-atma-fr246gap-6,Fravega,ATMA,Pequeños Electrodomésticos,Freidora de Aire Digital ATMA FR246GAP 6Lt,https://www.fravega.com/p/freidora-de-aire-digital-atma-fr246gap-6lt-13988/,189999.0,99999.0,1,True
FRA-microondas-mecanico-bgh-b118mn25-18-litr,Fravega,BGH,Pequeños Electrodomésticos,Microondas Mecánico BGH B118MN25 18 Litros,https://www.fravega.com/p/microondas-mecanico-bgh-b118mn25-18-litros-110414/,199999.0,169999.0,1,True
FRA-freidora-de-aire-admiral-ad-af505-6-3-li,Fravega,OTRAS,Pequeños Electrodomésticos,"Freidora de Aire Admiral AD-AF505 6,3 Litros",https://www.fravega.com/p/freidora-de-aire-admiral-ad-af505-6-3-litros-13978/,149999.0,89999.0,1,True
FRA-yogurtera-electrica-suono-greek-para-yog,Fravega,OTRAS,Pequeños Electrodomésticos,Yogurtera Eléctrica Suono Greek para Yogurt Griego Casero 2L,https://www.fravega.com/p/yogurtera-electrica-suono-greek-para-yogurt-griego-casero-2l-990232955/,74879.0,43791.0,1,True
FRA-freidora-de-aire-philips-na12000-4-2-lit,Fravega,PHILIPS,Pequeños Electrodomésticos,"Freidora de Aire Philips NA12000 4,2 Litros",https://www.fravega.com/p/freidora-de-aire-philips-na12000-4-2-litros-14092/,159999.0,89999.0,1,True
FRA-microondas-digital-atma-matdb20ubn-20-lt,Fravega,ATMA,Pequeños Electrodomésticos,Microondas Digital ATMA MATDB20UBN 20 Lts,https://www.fravega.com/p/microondas-digital-atma-matdb20ubn-20-lts-110305/,239999.0,199999.0,1,True
FRA-tostadora-suono-2-rebanadas-7-niveles-in,Fravega,OTRAS,Pequeños Electrodomésticos,Tostadora Suono 2 Rebanadas 7 Niveles Inox,https://www.fravega.com/p/tostadora-suono-2-rebanadas-7-niveles-inox-14377/,49999.0,29999.0,1,True
FRA-pava-electrica-philips-digital-hd9396-90,Fravega,PHILIPS,Pequeños Electrodomésticos,"Pava Eléctrica Philips Digital HD9396/90 1,7 Lts",https://www.fravega.com/p/pava-electrica-philips-digital-hd9396-90-1-7-lts-14287/,99999.0,94999.0,1,True
FRA-aspiradora-ciclonica-electrolux-2200w-ea,Fravega,OTRAS,Pequeños Electrodomésticos,Aspiradora Ciclónica Electrolux 2200W EasyBox con Boquilla PET EAS41,https://www.fravega.com/p/aspiradora-ciclonica-electrolux-2200w-easybox-con-boquilla-pet-eas41-60425/,244999.0,199999.0,1,True
FRA-xiaomi-robot-vacuum-5-pro-eu-23020525,Fravega,XIAOMI,Pequeños Electrodomésticos,Xiaomi Robot Vacuum 5 Pro EU,https://www.fravega.com/p/xiaomi-robot-vacuum-5-pro-eu-23020525/,1799999.0,1625999.0,1,True
FRA-depiladora-electrica-philips-bre227-00-1,Fravega,PHILIPS,Pequeños Electrodomésticos,Depiladora Eléctrica Philips BRE227/00,https://www.fravega.com/p/depiladora-electrica-philips-bre227-00-14404/,79999.0,66999.0,1,True
FRA-cafetera-dolce-gusto-hero-genio-s-athrac,Fravega,OTRAS,Pequeños Electrodomésticos,Cafetera Dolce Gusto Hero Genio S Athracite Gris,https://www.fravega.com/p/cafetera-dolce-gusto-hero-genio-s-athracite-gris-14203/,312690.0,187499.0,1,True
FRA-aspiradora-de-mano-yelmo-recargable-as-3,Fravega,OTRAS,Pequeños Electrodomésticos,Aspiradora de Mano Yelmo Recargable AS-3240 Auto y Hogar,https://www.fravega.com/p/aspiradora-de-mano-yelmo-recargable-as-3240-auto-y-hogar-60323/,59999.0,37999.0,1,True
FRA-yogurtera-yg-1704-4-jarros-720ml-super-c,Fravega,OTRAS,Pequeños Electrodomésticos,Yogurtera Yg 1704 4 Jarros 720ml Super Compacta 20w,https://www.fravega.com/p/yogurtera-yg-1704-4-jarros-720ml-super-compacta-20w-21506842/,59999.0,27099.0,1,True
FRA-cafetera-expresso-smartlife-sl-ec5501-14,Fravega,OTRAS,Pequeños Electrodomésticos,Cafetera Expresso Smartlife SL-EC5501,https://www.fravega.com/p/cafetera-expresso-smartlife-sl-ec5501-14038/,159999.0,119999.0,1,True
FRA-secador-de-pelo-remington-on-the-go-d150,Fravega,REMINGTON,Pequeños Electrodomésticos,Secador de Pelo Remington On The Go D1500,https://www.fravega.com/p/secador-de-pelo-remington-on-the-go-d1500-12408/,54999.0,34999.0,1,True
FRA-microondas-electrolux-emdm25g-25lts-plat,Fravega,OTRAS,Pequeños Electrodomésticos,Microondas Electrolux EMDM25G 25Lts Plata,https://www.fravega.com/p/microondas-electrolux-emdm25g-25lts-plata-110265/,299999.0,249999.0,1,True
FRA-cafetera-express-smartlife-digital-latte,Fravega,OTRAS,Pequeños Electrodomésticos,Cafetera Express Smartlife Digital Latte Semi Automática SL-ECDM5406,https://www.fravega.com/p/cafetera-express-smartlife-digital-latte-semi-automatica-sl-ecdm5406-14062/,399999.0,299999.0,1,True
FRA-pava-electrica-smartlife-digital-1-7-lts,Fravega,OTRAS,Pequeños Electrodomésticos,"Pava Eléctrica Smartlife Digital 1,7 Lts SL-EKD1520 Inox",https://www.fravega.com/p/pava-electrica-smartlife-digital-1-7-lts-sl-ekd1520-inox-14028/,94999.0,59999.0,1,True
FRA-aspiradora-electrolux-stk12-2en1-60206,Fravega,OTRAS,Pequeños Electrodomésticos,Aspiradora Electrolux STK12 2EN1,https://www.fravega.com/p/aspiradora-electrolux-stk12-2en1-60206/,99999.0,84999.0,1,True
FRA-tostadora-kanji-blanca-800w-kjh-tm800-04,Fravega,OTRAS,Pequeños Electrodomésticos,Tostadora Kanji Blanca 800W KJH-TM800-04,https://www.fravega.com/p/tostadora-kanji-blanca-800w-kjh-tm800-04-12736/,39999.0,25999.0,1,True
FRA-microondas-whirlpool-wms20bs-20l-negro-1,Fravega,WHIRLPOOL,Pequeños Electrodomésticos,Microondas Whirlpool WMS20BS 20L Negro,https://www.fravega.com/p/microondas-whirlpool-wms20bs-20l-negro-110208/,289999.0,239999.0,1,True
FRA-freidora-de-aire-y-hornito-peabody-pe-af,Fravega,OTRAS,Pequeños Electrodomésticos,Freidora de Aire y Hornito Peabody PE-AFO120N 12 Litros,https://www.fravega.com/p/freidora-de-aire-y-hornito-peabody-pe-afo120n-12-litros-13863/,289999.0,179999.0,1,True
FRA-balanza-digital-de-cocina-icare-tm-801-n,Fravega,OTRAS,Pequeños Electrodomésticos,Balanza Digital de Cocina iCare TM-801 N/D,https://www.fravega.com/p/balanza-digital-de-cocina-icare-tm-801-n-d-20022096/,22907.0,10000.0,1,True
FRA-cafetera-oster-bvstdc4404--13725,Fravega,OSTER,Pequeños Electrodomésticos,Cafetera Oster BVSTDC4404,https://www.fravega.com/p/cafetera-oster-bvstdc4404--13725/,179999.0,139999.0,1,True
FRA-aspiradora-ciclonica-electrolux-2200w-ea,Fravega,OTRAS,Pequeños Electrodomésticos,Aspiradora Ciclónica Electrolux 2200W EasyBox con Boquilla PET EAS41,https://www.fravega.com/p/aspiradora-ciclonica-electrolux-2200w-easybox-con-boquilla-pet-eas41-60425/,244999.0,199999.0,1,True
FRA-xiaomi-robot-vacuum-5-pro-eu-23020525,Fravega,XIAOMI,Pequeños Electrodomésticos,Xiaomi Robot Vacuum 5 Pro EU,https://www.fravega.com/p/xiaomi-robot-vacuum-5-pro-eu-23020525/,1799999.0,1625999.0,1,True
FRA-cafetera-dolce-gusto-genio-s-blanca-pv24,Fravega,OTRAS,Pequeños Electrodomésticos,Cafetera Dolce Gusto Genio S Blanca PV240158,https://www.fravega.com/p/cafetera-dolce-gusto-genio-s-blanca-pv240158-13935/,312690.0,187499.0,1,True
FRA-mixer-atma-lmat8528bp-5en1-180522,Fravega,ATMA,Pequeños Electrodomésticos,Mixer Atma LMAT8528BP 5EN1,https://www.fravega.com/p/mixer-atma-lmat8528bp-5en1-180522/,99999.0,84999.0,1,True
FRA-mixer-philco-4-1-600w-lmph8508np-180532,Fravega,PHILCO,Pequeños Electrodomésticos,Mixer Philco 4 en 1 600W LMPH8508NP,https://www.fravega.com/p/mixer-philco-4-1-600w-lmph8508np-180532/,99999.0,69999.0,1,True
FRA-multigroom-trimmer-philips-serie-7000-mg,Fravega,PHILIPS,Pequeños Electrodomésticos,Multigroom Trimmer Philips Serie 7000 MG7935/15 16 en 1,https://www.fravega.com/p/multigroom-trimmer-philips-serie-7000-mg7935-15-16-1-30474/,126999.0,115999.0,1,True
FRA-pava-electrica-electrolux-efficient-1-8l,Fravega,OTRAS,Pequeños Electrodomésticos,"Pava Eléctrica Electrolux Efficient 1,8Lts EEK11",https://www.fravega.com/p/pava-electrica-electrolux-efficient-1-8lts-eek11-14569/,58999.0,39999.0,1,True
FRA-plancha-seca-atma-pas1217pi--250144,Fravega,ATMA,Pequeños Electrodomésticos,Plancha Seca ATMA PAS1217PI,https://www.fravega.com/p/plancha-seca-atma-pas1217pi--250144/,42999.0,34999.0,1,True
FRA-mixer-oster-fpsthb2801-con-accesorios-80,Fravega,OSTER,Pequeños Electrodomésticos,Mixer Oster FPSTHB2801 con Accesorios 800W,https://www.fravega.com/p/mixer-oster-fpsthb2801-con-accesorios-800w-180299/,199999.0,139999.0,1,True
FRA-steamer-atma-gs2200pi-1400-watts-250133,Fravega,ATMA,Pequeños Electrodomésticos,Steamer ATMA GS2200PI 1400 watts,https://www.fravega.com/p/steamer-atma-gs2200pi-1400-watts-250133/,75999.0,49999.0,1,True
FRA-cepillo-secador-gama-multistyler-uniq-fl,Fravega,GAMA,Pequeños Electrodomésticos,Cepillo Secador Gama Multistyler Uniq Flow 4 En 1,https://www.fravega.com/p/cepillo-secador-gama-multistyler-uniq-flow-4-1-14464/,359999.0,299999.0,1,True
FRA-cafetera-expreso-digital-smartlife-sl-ec,Fravega,OTRAS,Pequeños Electrodomésticos,Cafetera Expreso Digital Smartlife SL-ECD5403N,https://www.fravega.com/p/cafetera-expreso-digital-smartlife-sl-ecd5403n-14045/,219999.0,169999.0,1,True
FRA-pochoclera-ultracomb-po2703-dulces-o-sal,Fravega,OTRAS,Pequeños Electrodomésticos,Pochoclera Ultracomb PO2703 Dulces o Salados Brazo agitador,https://www.fravega.com/p/pochoclera-ultracomb-po2703-dulces-o-salados-brazo-agitador-14321/,59999.0,49999.0,1,True
FRA-freidora-de-aire-y-hornito-electrico-phi,Fravega,PHILIPS,Pequeños Electrodomésticos,Freidora de Aire y Hornito Eléctrico Philips AI551/07,https://www.fravega.com/p/freidora-de-aire-y-hornito-electrico-philips-ai551-07-14337/,524999.0,329999.0,1,True
FRA-pava-electrica-atma-peat1351wp-1-8-litro,Fravega,ATMA,Pequeños Electrodomésticos,"Pava Eléctrica Atma PEAT1351WP 1,8 Litros",https://www.fravega.com/p/pava-electrica-atma-peat1351wp-1-8-litros-14145/,47999.0,34999.0,1,True
FRA-waflera-atma-toy-story-woody-mw013wtsdn-,Fravega,ATMA,Pequeños Electrodomésticos,Waflera Atma Toy Story Woody MW013WTSDN,https://www.fravega.com/p/waflera-atma-toy-story-woody-mw013wtsdn-14425/,39999.0,38999.0,1,True
FRA-microondas-mecanico-smartlife-sl-mwo20mm,Fravega,OTRAS,Pequeños Electrodomésticos,Microondas Mecánico Smartlife SL-MWO20MMB 20 Litros Negro,https://www.fravega.com/p/microondas-mecanico-smartlife-sl-mwo20mmb-20-litros-negro-110422/,179999.0,143999.0,1,True
FRA-sillon-de-3-cuerpos-esquinero-convertibl,Fravega,OTRAS,Muebles,Sillón de 3 Cuerpos Esquinero Convertible American Wood Chenille Gris,https://www.fravega.com/p/sillon-de-3-cuerpos-esquinero-convertible-american-wood-chenille-gris-50000857/,2129863.0,799999.0,1,True
FRA-placard-ropero-infantil-2-puertas-4-cubo,Fravega,OTRAS,Muebles,Placard Ropero Infantil 2 Puertas 4 Cubos 150x87 Diseños Modernos Blanco,https://www.fravega.com/p/placard-ropero-infantil-2-puertas-4-cubos-150x87-disenos-modernos-blanco-22634299/,204998.75,147999.0,1,True
FRA-juego-de-comedor-analu-6-sillas-madesa-1,Fravega,OTRAS,Muebles,Juego de comedor Analu 6 sillas Madesa 136 Cm,https://www.fravega.com/p/juego-de-comedor-analu-6-sillas-madesa-136-cm-22707584/,499998.0,349919.0,1,True
FRA-placard-madesa-reno-3-puertas-corredizas,Fravega,OTRAS,Muebles,Placard Madesa Reno 3 Puertas Corredizas 4 Cajones 180 Cm,https://www.fravega.com/p/placard-madesa-reno-3-puertas-corredizas-4-cajones-180-cm-22742410/,1109998.0,699919.0,1,True
FRA-placard-180x180-cm-cubos-disenos-moderno,Fravega,OTRAS,Muebles,Placard 180x180 cm cubos Diseños Modernos Blanco,https://www.fravega.com/p/placard-180x180-cm-cubos-disenos-modernos-blanco--21295674/,494998.75,469999.0,1,True
FRA-biblioteca-centro-estant-l9bl-blanca-180,Fravega,OTRAS,Muebles,Biblioteca Centro Estant L9BL Blanca 180 x 41 cm,https://www.fravega.com/p/biblioteca-centro-estant-l9bl-blanca-180-x-41-cm-600837/,99999.0,74999.0,1,True
FRA-placard-ropero-puertas-corredizas-con-es,Fravega,OTRAS,Muebles,Placard Ropero Puertas Corredizas Con Espejo 2.00 X 2.00 Carpinteria Rivadavia,https://www.fravega.com/p/placard-ropero-puertas-corredizas-con-espejo-2-00-x-2-00-carpinteria-rivadavia-22927461/,903018.0,722414.0,1,True
FRA-silla-oficina-ultimate-ut-j03-601491,Fravega,OTRAS,Muebles,Silla Oficina Ultimate UT-J03,https://www.fravega.com/p/silla-oficina-ultimate-ut-j03-601491/,199999.0,99999.0,1,True
FRA-comoda-mallorca-negro-paraiso-20242083,Fravega,OTRAS,Muebles,Comoda Mallorca negro paraiso,https://www.fravega.com/p/comoda-mallorca-negro-paraiso-20242083/,241780.0,184600.0,1,True
FRA-silla-de-oficina-sillon-mesh-respaldo-al,Fravega,OTRAS,Muebles,Silla de Oficina Sillon Mesh Respaldo Alto Ergonomica Escritorio PC,https://www.fravega.com/p/silla-de-oficina-sillon-mesh-respaldo-alto-ergonomica-escritorio-pc-22882143/,199886.0,99446.25,1,True
FRA-placard-ropero-120x180-puertas-corrediza,Fravega,OTRAS,Muebles,Placard Ropero 120x180 Puertas Corredizas Blanco,https://www.fravega.com/p/placard-ropero-120x180-puertas-corredizas-blanco-22581730/,399998.75,305999.0,1,True
FRA-despensero-2-maxi-puertas-centro-estant-,Fravega,OTRAS,Muebles,Despensero 2 Maxi Puertas Centro Estant DIS4 Blanco 180 x 60 cm,https://www.fravega.com/p/despensero-2-maxi-puertas-centro-estant-dis4-blanco-180-x-60-cm-600010/,199999.0,149999.0,1,True
FRA-maquillador-tocador-con-espejo-hollywood,Fravega,OTRAS,Muebles,Maquillador Tocador con Espejo Hollywood 11 Cajones 1.20m Escritorio Dormitorio (Blanco) + Puff Baulero de regalo,https://www.fravega.com/p/maquillador-tocador-con-espejo-hollywood-11-cajones-1-20m-escritorio-dormitorio-blanco-puff-baulero-de-regalo--22881769/,723597.0,489441.0,1,True
FRA-silla-de-oficina-premium-ultimate-ut-c34,Fravega,OTRAS,Muebles,Silla de Oficina Premium Ultimate UT-C340W Blanco,https://www.fravega.com/p/silla-de-oficina-premium-ultimate-ut-c340w-blanco-601654/,149999.0,99999.0,1,True
FRA-cama-box-2-plazas-140-o-160-con-cajones-,Fravega,OTRAS,Muebles,Cama Box 2 Plazas 140 O 160 Con Cajones Zapatero Color Blanco,https://www.fravega.com/p/cama-box-2-plazas-140-o-160-con-cajones-zapatero-color-blanco-22946318/,689441.0,389441.0,1,True
FRA-organizador-de-ropa-para-cajon-m002-wagg,Fravega,OTRAS,Muebles,Organizador de Ropa para Cajon M002 Waggs 4 Piezas 45 Divisiones Beige,https://www.fravega.com/p/organizador-de-ropa-para-cajon-m002-waggs-4-piezas-45-divisiones-beige-21453959/,23786.0,15299.0,1,True
FRA-mueble-de-cocina-completo-madesa-emilly-,Fravega,OTRAS,Muebles,"Mueble De Cocina Completo Madesa Emilly Con Bajo Mesada, Alacena Y Despensero",https://www.fravega.com/p/mueble-de-cocina-completo-madesa-emilly-con-bajo-mesada-alacena-y-despensero-22627211/,509972.0,299919.0,1,True
FRA-set-x4-sillas-de-diseno-allegra-negra-li,Fravega,OTRAS,Muebles,Set x4 Sillas de Diseño Allegra Negra Living Comedor Cocina,https://www.fravega.com/p/set-x4-sillas-de-diseno-allegra-negra-living-comedor-cocina-601611/,199999.0,118999.0,1,True
FRA-pack-20-perchas-de-madera-lustrada-barni,Fravega,OTRAS,Muebles,Pack 20 Perchas de Madera Lustrada Barnizada de Excelente Calidad Waggs,https://www.fravega.com/p/pack-20-perchas-de-madera-lustrada-barnizada-de-excelente-calidad-waggs-21201400/,45990.0,25729.0,1,True
FRA-comoda-infantil-cajonera-6-cajones-para-,Fravega,OTRAS,Muebles,Cómoda Infantil Cajonera 6 Cajones Para Dormitorio Madesa,https://www.fravega.com/p/comoda-infantil-cajonera-6-cajones-para-dormitorio-madesa-22742348/,629998.0,299919.0,1,True
FRA-placard-xl-240x183-blanco-2-puertas-corr,Fravega,OTRAS,Muebles,Placard XL 240x183 Blanco 2 Puertas Corredizas 4 Cajones Cajones- Rieles y Perfiles de Aluminio,https://www.fravega.com/p/placard-xl-240x183-blanco-2-puertas-corredizas-4-cajones-cajones-rieles-y-perfiles-de-aluminio--22872475/,880000.0,690552.0,1,True
FRA-silla-de-oficina-ergonomica-ultimate-ut-,Fravega,OTRAS,Muebles,Silla de Oficina Ergonómica Ultimate UT-C329-1,https://www.fravega.com/p/silla-de-oficina-ergonomica-ultimate-ut-c329-1-601728/,199999.0,99999.0,1,True
FRA-placard-ropero-puertas-corredizas-con-es,Fravega,OTRAS,Muebles,Placard Ropero Puertas Corredizas Con Espejo 2.00 X 2.00 Carpinteria Rivadavia,https://www.fravega.com/p/placard-ropero-puertas-corredizas-con-espejo-2-00-x-2-00-carpinteria-rivadavia-22625778/,794245.0,635396.0,1,True
FRA-sillon-mesh-ejecutivo-respaldo-alto-sill,Fravega,OTRAS,Muebles,Sillon Mesh Ejecutivo Respaldo Alto Silla Escritorio Pc,https://www.fravega.com/p/sillon-mesh-ejecutivo-respaldo-alto-silla-escritorio-pc-22768546/,138950.0,90317.0,1,True
FRA-placard-ropero-con-baulera-alzada-puerta,Fravega,OTRAS,Muebles,Placard Ropero con Baulera Alzada Puertas Corredizas 240x235,https://www.fravega.com/p/placard-ropero-con-baulera-alzada-puertas-corredizas-240x235-22927456/,1108770.0,887016.0,1,True
FRA-juego-de-comedor-cocina-madesa-havana-co,Fravega,OTRAS,Muebles,Juego De Comedor Cocina Madesa Havana Conjunto Mesa con 4 Sillas,https://www.fravega.com/p/juego-de-comedor-cocina-madesa-havana-conjunto-mesa-con-4-sillas-22627150/,589972.0,299919.0,1,True
FRA-juego-de-comedor-cocina-jaine-madesa-mes,Fravega,OTRAS,Muebles,Juego De Comedor Cocina Jaíne Madesa Mesa Con 6 Sillas,https://www.fravega.com/p/juego-de-comedor-cocina-jaine-madesa-mesa-con-6-sillas-22627125/,659972.0,349919.0,1,True
FRA-sillon-gerencial-ergonomico-elegante-con,Fravega,OTRAS,Muebles,Sillón Gerencial Ergonómico Elegante Con Apoya Pies Baires4,https://www.fravega.com/p/sillon-gerencial-ergonomico-elegante-con-apoya-pies-baires4-22768517/,229288.0,171966.0,1,True
FRA-placard-ropero-180x180-puertas-corrediza,Fravega,OTRAS,Muebles,Placard Ropero 180x180 Puertas Corredizas Blanco con 2 Perchas de Regalo,https://www.fravega.com/p/placard-ropero-180x180-puertas-corredizas-blanco-con-2-perchas-de-regalo-22617892/,589998.75,526999.0,1,True
FRA-placard-ropero-con-baulera-alzada-puerta,Fravega,OTRAS,Muebles,Placard Ropero con Baulera Alzada Puertas Corredizas 240 x 235 Cm,https://www.fravega.com/p/placard-ropero-con-baulera-alzada-puertas-corredizas-240-x-235-cm-21230021/,975214.0,780171.0,1,True
FRA-placard-ropero-madesa-tokio-2-puertas-co,Fravega,OTRAS,Muebles,Placard Ropero Madesa Tokio 2 Puertas Corredizas 2 Cajones,https://www.fravega.com/p/placard-ropero-madesa-tokio-2-puertas-corredizas-2-cajones-22742243/,909998.0,449919.0,1,True
FRA-placard-ropero-de-esquina-modulado-disen,Fravega,OTRAS,Muebles,Placard Ropero De Esquina Modulado Diseño Moderno 310cm,https://www.fravega.com/p/placard-ropero-de-esquina-modulado-diseno-moderno-310cm-22742017/,2099998.0,1189919.0,1,True
FRA-silla-de-oficina-hb-mesh-103-601673,Fravega,OTRAS,Muebles,Silla de Oficina HB Mesh 103,https://www.fravega.com/p/silla-de-oficina-hb-mesh-103-601673/,89999.0,69999.0,1,True
FRA-placard-180x240cm-blanco-con-8-cubos-y-4,Fravega,OTRAS,Muebles,Placard 180x240cm Blanco con 8 Cubos y 4 Cajones,https://www.fravega.com/p/placard-180x240cm-blanco-con-8-cubos-y-4-cajones-22869619/,960000.0,764152.0,1,True
FRA-placard-200x180-cm-cubos-disenos-moderno,Fravega,OTRAS,Muebles,Placard 200x180 cm cubos Diseños Modernos Blanco,https://www.fravega.com/p/placard-200x180-cm-cubos-disenos-modernos-blanco-21454370/,677498.75,549999.0,1,True
FRA-escritorio-centro-estant-sc80bl-blanco-8,Fravega,OTRAS,Muebles,Escritorio Centro Estant SC80BL Blanco 82 x 44 cm,https://www.fravega.com/p/escritorio-centro-estant-sc80bl-blanco-82-x-44-cm-600944/,129999.0,89999.0,1,True
FRA-cama-box-160-2-plazas-queen-con-zapatero,Fravega,OTRAS,Muebles,"Cama Box 160 2 Plazas Queen con Zapateros, Bauleras y Cajones Blanco Centro Estant",https://www.fravega.com/p/cama-box-160-2-plazas-queen-con-zapateros-bauleras-y-cajones-blanco-centro-estant-22715855/,700200.0,390000.0,1,True
FRA-organizador-de-zapatos-y-ropa-con-8-ganc,Fravega,OTRAS,Muebles,Organizador De Zapatos Y Ropa Con 8 Ganchos Y 5 Niveles 80x172x26cm Marca HomeCo. Color Negro,https://www.fravega.com/p/organizador-de-zapatos-y-ropa-con-8-ganchos-y-5-niveles-80x172x26cm-marca-homeco-color-negro-22635122/,67040.48,24418.9,1,True
FRA-silla-de-escritorio-celta-blanca-neumati,Fravega,OTRAS,Muebles,Silla De Escritorio Celta Blanca Neumática Mesh Baires4,https://www.fravega.com/p/silla-de-escritorio-celta-blanca-neumatica-mesh-baires4-22768547/,104208.0,77114.0,1,True
FRA-despensero-1-puerta-evo5-centro-estant-b,Fravega,OTRAS,Muebles,Despensero 1 puerta EVO5 Centro Estant blanco paraiso Alto 180 x Ancho 39 cm,https://www.fravega.com/p/despensero-1-puerta-evo5-centro-estant-blanco-paraiso-alto-180-x-ancho-39-cm-601638/,129999.0,89999.0,1,True
FRA-organizador-zapatero-botinero-waggs-marr,Fravega,OTRAS,Muebles,Organizador Zapatero Botinero Waggs Marrón 12 Niveles 36 Pares,https://www.fravega.com/p/organizador-zapatero-botinero-waggs-marron-12-niveles-36-pares-22708130/,46186.0,23699.0,1,True
FRA-rack-panel-tv-solus-70-pulgadas-negro-ca,Fravega,LG,Muebles,Rack Panel TV SOLUS 70 Pulgadas Negro Carpinteria Rivadavia,https://www.fravega.com/p/rack-panel-tv-solus-70-pulgadas-negro-carpinteria-rivadavia-22701366/,283299.0,226639.0,1,True
FRA-biblioteca-centro-estant-l9n-negro-180-x,Fravega,OTRAS,Muebles,Biblioteca Centro Estant L9N Negro 180 x 41 cm,https://www.fravega.com/p/biblioteca-centro-estant-l9n-negro-180-x-41-cm-601111/,89999.0,69999.0,1,True
FRA-perchero-organizador-doble-barral-metali,Fravega,OTRAS,Muebles,Perchero Organizador Doble Barral Metálico Waggs con Estante,https://www.fravega.com/p/perchero-organizador-doble-barral-metalico-waggs-con-estante-22617150/,67185.99,33599.0,1,True
FRA-placard-ropero-puertas-corredizas-180x18,Fravega,OTRAS,Muebles,Placard Ropero Puertas Corredizas 180x180 Blanco con 2 Perchas de Regalo,https://www.fravega.com/p/placard-ropero-puertas-corredizas-180x180-blanco-con-2-perchas-de-regalo-22617493/,494998.75,475999.0,1,True
FRA-baul-juguetero-montessori-biblioteca-inf,Fravega,OTRAS,Muebles,"Baúl Juguetero Montessori, Biblioteca Infantil, Organizador - Blanco - Juguetero Montessori",https://www.fravega.com/p/baul-juguetero-montessori-biblioteca-infantil-organizador-blanco-juguetero-montessori-22646748/,118800.0,62000.0,1,True
FRA-mesa-de-luz-orlandi-venecia-60-x-42-cm-6,Fravega,OTRAS,Muebles,Mesa de Luz Orlandi Venecia 60 x 42 cm,https://www.fravega.com/p/mesa-de-luz-orlandi-venecia-60-x-42-cm-601215/,70999.0,49999.0,1,True
FRA-placard-ropero-madesa-tokio-2-puertas-co,Fravega,OTRAS,Muebles,Placard Ropero Madesa Tokio 2 Puertas Corredizas 2 Cajones,https://www.fravega.com/p/placard-ropero-madesa-tokio-2-puertas-corredizas-2-cajones-22742243/,909998.0,449919.0,1,True
FRA-placard-ropero-de-esquina-modulado-disen,Fravega,OTRAS,Muebles,Placard Ropero De Esquina Modulado Diseño Moderno 310cm,https://www.fravega.com/p/placard-ropero-de-esquina-modulado-diseno-moderno-310cm-22742017/,2099998.0,1189919.0,1,True
FRA-comoda-mallorca-blanco-paraiso-50001494,Fravega,OTRAS,Muebles,Comoda Mallorca blanco paraiso,https://www.fravega.com/p/comoda-mallorca-blanco-paraiso-50001494/,300454.0,184600.0,1,True
FRA-despensero-organizador-multifuncion-180-,Fravega,OTRAS,Muebles,Despensero Organizador Multifuncion 180 X 60 Moderno Blanco,https://www.fravega.com/p/despensero-organizador-multifuncion-180-x-60-moderno-blanco-22708524/,157579.0,126063.0,1,True
FRA-botinero-24-pares-centro-estant-b24bl-bl,Fravega,OTRAS,Muebles,Botinero 24 Pares Centro Estant B24BL Blanco 153 x 61 cm,https://www.fravega.com/p/botinero-24-pares-centro-estant-b24bl-blanco-153-x-61-cm-601109/,229999.0,155999.0,1,True
FRA-panel-para-tv-hasta-55-con-luces-led-y-d,Fravega,OTRAS,Muebles,Panel para TV hasta 55” con Luces LED y Detalles Varillado – Rack TV Moderno Flotante,https://www.fravega.com/p/panel-para-tv-hasta-55-con-luces-led-y-detalles-varillado--rack-tv-moderno-flotante-22619371/,416340.0,333074.0,1,True
FRA-placard-ropero-150x180-puertas-corrediza,Fravega,OTRAS,Muebles,Placard Ropero 150x180 Puertas Corredizas Blanco,https://www.fravega.com/p/placard-ropero-150x180-puertas-corredizas-blanco-22581788/,444998.75,355999.0,1,True
FRA-placard-200x180-cm-cubos-disenos-moderno,Fravega,OTRAS,Muebles,Placard 200x180 cm cubos Diseños Modernos Blanco Paris,https://www.fravega.com/p/placard-200x180-cm-cubos-disenos-modernos-blanco-paris-21295689/,569998.75,493999.0,1,True
FRA-panel-negro-cinamomo-varillado-para-tv-h,Fravega,OTRAS,Muebles,"Panel Negro Cinamomo Varillado para TV hasta 55"" Carpinteria Rivadavia",https://www.fravega.com/p/panel-negro-cinamomo-varillado-para-tv-hasta-55-carpinteria-rivadavia-22701359/,229312.0,183452.0,1,True
FRA-placard-ropero-con-baulera-200x233-cm-di,Fravega,OTRAS,Muebles,Placard Ropero con Baulera 200x233 cm Diseños Modernos Blanco  Placard Ropero con Baulera 200x233 cm Diseños Modernos Blanco,https://www.fravega.com/p/placard-ropero-con-baulera-200x233-cm-disenos-modernos-blanco-placard-ropero-con-baulera-200x233-cm-disenos-modernos-blanco-21454547/,892498.75,726999.0,1,True
FRA-respaldo-de-cama-centro-estant-dali-140-,Fravega,OTRAS,Muebles,Respaldo de cama Centro Estant Dali 140-160 Negro Paraiso,https://www.fravega.com/p/respaldo-de-cama-centro-estant-dali-140-160-negro-paraiso-21184405/,196658.0,125400.0,1,True
FRA-mesa-de-luz-orlandi-abedul-601344,Fravega,OTRAS,Muebles,Mesa de Luz Orlandi Abedul,https://www.fravega.com/p/mesa-de-luz-orlandi-abedul-601344/,69999.0,46999.0,1,True
FRA-respaldo-de-cama-centro-estant-dali-140-,Fravega,OTRAS,Muebles,Respaldo de Cama Centro Estant Dali 140-160 Blanco Paraiso,https://www.fravega.com/p/respaldo-de-cama-centro-estant-dali-140-160-blanco-paraiso-50022494/,196658.0,125400.0,1,True
FRA-organizador-de-escritorio-porta-lapices-,Fravega,OTRAS,Muebles,Organizador De Escritorio Porta Lapices Soporte Libros Waggs,https://www.fravega.com/p/organizador-de-escritorio-porta-lapices-soporte-libros-waggs-21454255/,37786.0,22949.0,1,True
FRA-placard-ropero-vestidor-puertas-corrediz,Fravega,OTRAS,Muebles,Placard Ropero Vestidor Puertas Corredizas con Baulera 180 x 235,https://www.fravega.com/p/placard-ropero-vestidor-puertas-corredizas-con-baulera-180-x-235-21230020/,805582.0,644466.0,1,True
FRA-sillon-living-esquinero-3-cuerpos-chenil,Fravega,OTRAS,Muebles,Sillon Living Esquinero 3 Cuerpos Chenille Gris Oscuro + Manta + Vaso de Regalo | Promo Invierno,https://www.fravega.com/p/sillon-living-esquinero-3-cuerpos-chenille-gris-oscuro-manta-vaso-de-regalo-promo-invierno-22924551/,2129863.0,799999.0,1,True
FRA-placard-ropero-150x180-puertas-corrediza,Fravega,OTRAS,Muebles,Placard Ropero 150x180 Puertas Corredizas Blanco,https://www.fravega.com/p/placard-ropero-150x180-puertas-corredizas-blanco-22605105/,511248.75,393999.0,1,True
FRA-mueble-rack-para-tv-madesa-reims-modular,Fravega,OTRAS,Muebles,Mueble Rack Para Tv Madesa Reims Modular Para Tv De Hasta 75,https://www.fravega.com/p/mueble-rack-para-tv-madesa-reims-modular-para-tv-de-hasta-75-22627330/,419972.0,179919.0,1,True
FRA-ropero-max-madesa-placard-de-2-puertas-c,Fravega,OTRAS,Muebles,Ropero Max Madesa Placard De 2 Puertas Corredizas 1 Espejo,https://www.fravega.com/p/ropero-max-madesa-placard-de-2-puertas-corredizas-1-espejo-22626747/,549972.0,419919.0,1,True
FRA-escritorio-madesa-9424-gamer-para-ordena,Fravega,OTRAS,Muebles,"Escritorio Madesa 9424 Gamer Para Ordenador, Color Negro Y Azul",https://www.fravega.com/p/escritorio-madesa-9424-gamer-para-ordenador-color-negro-y-azul-22737269/,259998.0,119919.0,1,True
FRA-placard-ropero-140x180-cm-disenos-modern,Fravega,OTRAS,Muebles,Placard Ropero 140x180 cm Diseños Modernos Blanco,https://www.fravega.com/p/placard-ropero-140x180-cm-disenos-modernos-blanco-21454356/,544998.75,449999.0,1,True
FRA-mesita-de-luz-1-cajon-con-patas-estilo-r,Fravega,OTRAS,Muebles,Mesita De Luz 1 Cajón Con Patas Estilo Retro Madesa,https://www.fravega.com/p/mesita-de-luz-1-cajon-con-patas-estilo-retro-madesa-22742442/,139998.0,59919.0,1,True
FRA-placard-madesa-max-2-puertas-corredizas-,Fravega,OTRAS,Muebles,Placard Madesa Max 2 Puertas Corredizas 2 Cajones 119x183 Cm,https://www.fravega.com/p/placard-madesa-max-2-puertas-corredizas-2-cajones-119x183-cm-22626732/,419972.0,299919.0,1,True
FRA-mesa-de-luz-orlandi-jacaranda--601500,Fravega,OTRAS,Muebles,Mesa de Luz Orlandi Jacaranda,https://www.fravega.com/p/mesa-de-luz-orlandi-jacaranda--601500/,70999.0,49999.0,1,True
FRA-placard-240-perfileria-de-aluminio-carpi,Fravega,OTRAS,Muebles,Placard 240 Perfileria de Aluminio Carpinteria Rivadavia Linea Delta,https://www.fravega.com/p/placard-240-perfileria-de-aluminio-carpinteria-rivadavia-linea-delta-20017411/,748900.0,599120.0,1,True
FRA-mueble-organizador-alacena-despensero-co,Fravega,OTRAS,Muebles,Mueble Organizador Alacena Despensero Cocina Blanco 4 Puerta Blanco,https://www.fravega.com/p/mueble-organizador-alacena-despensero-cocina-blanco-4-puerta-blanco-22919965/,157691.0,126153.0,1,True
FRA-escritorio-maquillador-mueble-tocador-co,Fravega,OTRAS,Muebles,Escritorio Maquillador Mueble Tocador Con Espejo Juvenil con Cajones Color Blanco Dormitorio,https://www.fravega.com/p/escritorio-maquillador-mueble-tocador-con-espejo-juvenil-con-cajones-color-blanco-dormitorio-22881773/,399846.0,189221.0,1,True
FRA-juego-de-mesa-eames-140x80-4-sillas-tuli,Fravega,OTRAS,Muebles,Juego de Mesa Eames 140x80 + 4 Sillas Tulip Baires4,https://www.fravega.com/p/juego-de-mesa-eames-140x80-4-sillas-tulip-baires4-22745262/,436379.0,344739.0,1,True
FRA--placard-vestidor-180x180-cm-cubos-disen,Fravega,OTRAS,Muebles,Placard Vestidor 180x180 cm cubos Diseños Modernos Blanco,https://www.fravega.com/p/-placard-vestidor-180x180-cm-cubos-disenos-modernos-blanco-21295817/,471248.75,369999.0,1,True
FRA-zapatero-organizador-de-zapatos-3-nivele,Fravega,OTRAS,Muebles,Zapatero Organizador De Zapatos 3 Niveles Hogar Actual,https://www.fravega.com/p/zapatero-organizador-de-zapatos-3-niveles-hogar-actual-990274937/,20499.0,14199.0,1,True
FRA-alacena-orlandi-1-20-blanco--601754,Fravega,OTRAS,Muebles,"Alacena Orlandi 1,20 Blanco",https://www.fravega.com/p/alacena-orlandi-1-20-blanco--601754/,114999.0,79999.0,1,True
FRA-mesa-tv-rack-economica-pintada-de-negro-,Fravega,OTRAS,Muebles,Mesa Tv Rack Económica Pintada De Negro - Mdf Mudanza Living,https://www.fravega.com/p/mesa-tv-rack-economica-pintada-de-negro-mdf-mudanza-living-22834454/,109000.0,70700.0,1,True
FRA-escritorio-gamer-moderno-madesa-para-pc-,Fravega,OTRAS,Muebles,Escritorio Gamer Moderno Madesa Para Pc Y Consola 9424,https://www.fravega.com/p/escritorio-gamer-moderno-madesa-para-pc-y-consola-9424-22737253/,259998.0,119919.0,1,True
FRA-placard-corredizas-con-espejo-y-baulera-,Fravega,OTRAS,Muebles,Placard Corredizas Con Espejo Y Baulera 2.00 x 2.40 - Carpinteria Rivadavia,https://www.fravega.com/p/placard-corredizas-con-espejo-y-baulera-2-00-x-2-40-carpinteria-rivadavia-21704063/,982082.0,785666.0,1,True
FRA-combo-2230-zeta-pillow-140x190-sommier-c,Fravega,OTRAS,Colchones y Sommiers,Combo 2230 ZETA PILLOW 140x190 Sommier + Colchón + Respaldo y 2 almohadas de regalo,https://www.fravega.com/p/combo-2230-zeta-pillow-140x190-sommier-colchon-respaldo-y-2-almohadas-de-regalo-23012805/,3356524.0,999000.0,1,True
FRA-combo-sommier-colchon-respaldo-y-1-almoh,Fravega,OTRAS,Colchones y Sommiers,Combo Sommier + Colchón + Respaldo y 1 almohada de regalo 2230 SYRMA 80x190 Espuma Alta Densidad,https://www.fravega.com/p/combo-sommier-colchon-respaldo-y-1-almohada-de-regalo-2230-syrma-80x190-espuma-alta-densidad-22709039/,1099656.0,529000.0,1,True
FRA-conjunto-sommier-y-colchon-nap-franklin-,Fravega,OTRAS,Colchones y Sommiers,Conjunto Sommier y Colchón NAP Franklin 2 Plazas (140x190 cm) - Espuma Alta Densidad,https://www.fravega.com/p/conjunto-sommier-y-colchon-nap-franklin-2-plazas-140x190-cm-espuma-alta-densidad-610868/,539999.0,379999.0,1,True
FRA-combo-2230-norcee-140x190-sommier-colcho,Fravega,OTRAS,Colchones y Sommiers,Combo 2230 NORCEE 140x190 Sommier + Colchón + Respaldo y 2 almohadas de regalo Espuma Alta Densidad,https://www.fravega.com/p/combo-2230-norcee-140x190-sommier-colchon-respaldo-y-2-almohadas-de-regalo-espuma-alta-densidad-22708009/,3552337.0,999000.0,1,True
FRA-conjunto-sommier-y-colchon-elite-sonar-2,Fravega,OTRAS,Colchones y Sommiers,Conjunto Sommier y Colchón Elite Soñar 2 Plazas 140x190 cm,https://www.fravega.com/p/conjunto-sommier-y-colchon-elite-sonar-2-plazas-140x190-cm-610926/,710999.0,549999.0,1,True
FRA-sommier-y-colchon-bicama-de-resortes-1-1,Fravega,OTRAS,Colchones y Sommiers,Sommier y Colchón Bicama de Resortes 1 1/2 Plaza Inducol Agra 100x200 Cm,https://www.fravega.com/p/sommier-y-colchon-bicama-de-resortes-1-1-2-plaza-inducol-agra-100x200-cm-20190986/,1559998.0,935999.0,1,True
FRA-conjunto-sommier-y-colchon-suavestar-del,Fravega,OTRAS,Colchones y Sommiers,Conjunto Sommier y Colchón Suavestar Deluxe 2 Plazas 140x190 cm,https://www.fravega.com/p/conjunto-sommier-y-colchon-suavestar-deluxe-2-plazas-140x190-cm-610593/,799999.0,599999.0,1,True
FRA-colchon-y-sommier-arcoiris-rio-2-plazas-,Fravega,OTRAS,Colchones y Sommiers,Colchón y Sommier Arcoiris Rio 2 Plazas 140x190 Resortes,https://www.fravega.com/p/colchon-y-sommier-arcoiris-rio-2-plazas-140x190-resortes-20007026/,1337880.0,559900.0,1,True
FRA-colchon-suavestar-sport-espuma-2-plazas-,Fravega,OTRAS,Colchones y Sommiers,Colchón Suavestar Sport  Espuma 2 Plazas 140x190 cm,https://www.fravega.com/p/colchon-suavestar-sport-espuma-2-plazas-140x190-cm-610657/,599999.0,459999.0,1,True
FRA-sommier-y-colchon-cannon-reims-pillow-to,Fravega,OTRAS,Colchones y Sommiers,Sommier Y Colchón Cannon Reims Pillow Top 200X200X30 King,https://www.fravega.com/p/sommier-y-colchon-cannon-reims-pillow-top-200x200x30-king-990194788/,2852352.0,1426176.0,1,True
FRA-conjunto-sommier-y-colchon-suavestar-cen,Fravega,OTRAS,Colchones y Sommiers,Conjunto Sommier y Colchón Suavestar Centuria Queen (2 Plazas y Media) (160x200 cm) - Espuma 35 kg/m³,https://www.fravega.com/p/conjunto-sommier-y-colchon-suavestar-centuria-queen-2-plazas-y-media-160x200-cm-espuma-35-kg-m-610628/,1499999.0,1100999.0,1,True
FRA-conjunto-sommier-y-colchon-suavestar-spo,Fravega,OTRAS,Colchones y Sommiers,Conjunto Sommier y Colchón Suavestar Sport 1 Plaza y Media 100x190 cm,https://www.fravega.com/p/conjunto-sommier-y-colchon-suavestar-sport-1-plaza-y-media-100x190-cm-610923/,699999.0,559999.0,1,True
FRA-combo-sommier-colchon-respaldo-2-almohad,Fravega,OTRAS,Colchones y Sommiers,Combo Sommier + Colchón + Respaldo + 2 almohadas 2230 SYRMA 140x190 Espuma Alta Densidad,https://www.fravega.com/p/combo-sommier-colchon-respaldo-2-almohadas-2230-syrma-140x190-espuma-alta-densidad-22652849/,2649076.0,720000.0,1,True
FRA-combo-x-2-twin-2230-colchon-y-sommier-sy,Fravega,OTRAS,Colchones y Sommiers,COMBO X 2 TWIN 2230 - Colchon y Sommier SYRMA 80x190 Espuma,https://www.fravega.com/p/combo-x-2-twin-2230-colchon-y-sommier-syrma-80x190-espuma-22822991/,1560516.0,719000.0,1,True
FRA-conjunto-colchon-y-sommier-resortes-sona,Fravega,OTRAS,Colchones y Sommiers,Conjunto Colchón y Sommier Resortes Soñar Elite 1 1/2 Plaza 100 x 190 cm,https://www.fravega.com/p/conjunto-colchon-y-sommier-resortes-sonar-elite-1-1-2-plaza-100-x-190-cm-610927/,499999.0,399999.0,1,True
FRA-sommier-y-colchon-cannon-sublime-euro-pi,Fravega,OTRAS,Colchones y Sommiers,Sommier y Colchón Cannon Sublime Euro Pillow 200x180,https://www.fravega.com/p/sommier-y-colchon-cannon-sublime-euro-pillow-200x180-990218847/,4235286.0,1694113.99,1,True
FRA-conjunto-sommier-y-colchon-de-resortes-k,Fravega,OTRAS,Colchones y Sommiers,Conjunto Sommier y Colchón de resortes King Koil Lexington Queen Size 160x200 cm,https://www.fravega.com/p/conjunto-sommier-y-colchon-de-resortes-king-koil-lexington-queen-size-160x200-cm-50003050/,3976665.0,2385999.0,1,True
FRA-combo-2230-zeta-pillow-140x190-sommier-c,Fravega,OTRAS,Colchones y Sommiers,Combo 2230 ZETA PILLOW 140x190 Sommier + Colchón + Respaldo y 2 almohadas de regalo,https://www.fravega.com/p/combo-2230-zeta-pillow-140x190-sommier-colchon-respaldo-y-2-almohadas-de-regalo-23012805/,3356524.0,999000.0,1,True
FRA-combo-sommier-colchon-respaldo-y-1-almoh,Fravega,OTRAS,Colchones y Sommiers,Combo Sommier + Colchón + Respaldo y 1 almohada de regalo 2230 SYRMA 80x190 Espuma Alta Densidad,https://www.fravega.com/p/combo-sommier-colchon-respaldo-y-1-almohada-de-regalo-2230-syrma-80x190-espuma-alta-densidad-22709039/,1099656.0,529000.0,1,True
FRA-conjunto-sommier-y-colchon-nap-franklin-,Fravega,OTRAS,Colchones y Sommiers,Conjunto Sommier y Colchón NAP Franklin 2 Plazas (140x190 cm) - Espuma Alta Densidad,https://www.fravega.com/p/conjunto-sommier-y-colchon-nap-franklin-2-plazas-140x190-cm-espuma-alta-densidad-610868/,539999.0,379999.0,1,True
FRA-combo-2230-norcee-140x190-sommier-colcho,Fravega,OTRAS,Colchones y Sommiers,Combo 2230 NORCEE 140x190 Sommier + Colchón + Respaldo y 2 almohadas de regalo Espuma Alta Densidad,https://www.fravega.com/p/combo-2230-norcee-140x190-sommier-colchon-respaldo-y-2-almohadas-de-regalo-espuma-alta-densidad-22708009/,3552337.0,999000.0,1,True
FRA-conjunto-sommier-y-colchon-elite-sonar-2,Fravega,OTRAS,Colchones y Sommiers,Conjunto Sommier y Colchón Elite Soñar 2 Plazas 140x190 cm,https://www.fravega.com/p/conjunto-sommier-y-colchon-elite-sonar-2-plazas-140x190-cm-610926/,710999.0,549999.0,1,True
FRA-sommier-y-colchon-bicama-de-resortes-1-1,Fravega,OTRAS,Colchones y Sommiers,Sommier y Colchón Bicama de Resortes 1 1/2 Plaza Inducol Agra 100x200 Cm,https://www.fravega.com/p/sommier-y-colchon-bicama-de-resortes-1-1-2-plaza-inducol-agra-100x200-cm-20190986/,1559998.0,935999.0,1,True
FRA-conjunto-sommier-y-colchon-suavestar-del,Fravega,OTRAS,Colchones y Sommiers,Conjunto Sommier y Colchón Suavestar Deluxe 2 Plazas 140x190 cm,https://www.fravega.com/p/conjunto-sommier-y-colchon-suavestar-deluxe-2-plazas-140x190-cm-610593/,799999.0,599999.0,1,True
FRA-colchon-y-sommier-arcoiris-rio-2-plazas-,Fravega,OTRAS,Colchones y Sommiers,Colchón y Sommier Arcoiris Rio 2 Plazas 140x190 Resortes,https://www.fravega.com/p/colchon-y-sommier-arcoiris-rio-2-plazas-140x190-resortes-20007026/,1337880.0,559900.0,1,True
FRA-colchon-suavestar-sport-espuma-2-plazas-,Fravega,OTRAS,Colchones y Sommiers,Colchón Suavestar Sport  Espuma 2 Plazas 140x190 cm,https://www.fravega.com/p/colchon-suavestar-sport-espuma-2-plazas-140x190-cm-610657/,599999.0,459999.0,1,True
FRA-sommier-y-colchon-cannon-reims-pillow-to,Fravega,OTRAS,Colchones y Sommiers,Sommier Y Colchón Cannon Reims Pillow Top 200X200X30 King,https://www.fravega.com/p/sommier-y-colchon-cannon-reims-pillow-top-200x200x30-king-990194788/,2852352.0,1426176.0,1,True
FRA-conjunto-sommier-y-colchon-suavestar-cen,Fravega,OTRAS,Colchones y Sommiers,Conjunto Sommier y Colchón Suavestar Centuria Queen (2 Plazas y Media) (160x200 cm) - Espuma 35 kg/m³,https://www.fravega.com/p/conjunto-sommier-y-colchon-suavestar-centuria-queen-2-plazas-y-media-160x200-cm-espuma-35-kg-m-610628/,1499999.0,1100999.0,1,True
FRA-conjunto-sommier-y-colchon-suavestar-spo,Fravega,OTRAS,Colchones y Sommiers,Conjunto Sommier y Colchón Suavestar Sport 1 Plaza y Media 100x190 cm,https://www.fravega.com/p/conjunto-sommier-y-colchon-suavestar-sport-1-plaza-y-media-100x190-cm-610923/,699999.0,559999.0,1,True
FRA-combo-sommier-colchon-respaldo-2-almohad,Fravega,OTRAS,Colchones y Sommiers,Combo Sommier + Colchón + Respaldo + 2 almohadas 2230 SYRMA 140x190 Espuma Alta Densidad,https://www.fravega.com/p/combo-sommier-colchon-respaldo-2-almohadas-2230-syrma-140x190-espuma-alta-densidad-22652849/,2649076.0,720000.0,1,True
FRA-combo-x-2-twin-2230-colchon-y-sommier-sy,Fravega,OTRAS,Colchones y Sommiers,COMBO X 2 TWIN 2230 - Colchon y Sommier SYRMA 80x190 Espuma,https://www.fravega.com/p/combo-x-2-twin-2230-colchon-y-sommier-syrma-80x190-espuma-22822991/,1560516.0,719000.0,1,True
FRA-conjunto-colchon-y-sommier-resortes-sona,Fravega,OTRAS,Colchones y Sommiers,Conjunto Colchón y Sommier Resortes Soñar Elite 1 1/2 Plaza 100 x 190 cm,https://www.fravega.com/p/conjunto-colchon-y-sommier-resortes-sonar-elite-1-1-2-plaza-100-x-190-cm-610927/,499999.0,399999.0,1,True
FRA-sommier-y-colchon-cannon-sublime-euro-pi,Fravega,OTRAS,Colchones y Sommiers,Sommier y Colchón Cannon Sublime Euro Pillow 200x180,https://www.fravega.com/p/sommier-y-colchon-cannon-sublime-euro-pillow-200x180-990218847/,4235286.0,1694113.99,1,True
FRA-conjunto-sommier-y-colchon-de-resortes-k,Fravega,OTRAS,Colchones y Sommiers,Conjunto Sommier y Colchón de resortes King Koil Lexington Queen Size 160x200 cm,https://www.fravega.com/p/conjunto-sommier-y-colchon-de-resortes-king-koil-lexington-queen-size-160x200-cm-50003050/,3976665.0,2385999.0,1,True
FRA-combo-2230-zeta-pillow-140x190-sommier-c,Fravega,OTRAS,Colchones y Sommiers,Combo 2230 ZETA PILLOW 140x190 Sommier + Colchón + Respaldo y 2 almohadas de regalo,https://www.fravega.com/p/combo-2230-zeta-pillow-140x190-sommier-colchon-respaldo-y-2-almohadas-de-regalo-23012805/,3356524.0,999000.0,1,True
FRA-combo-sommier-colchon-respaldo-y-1-almoh,Fravega,OTRAS,Colchones y Sommiers,Combo Sommier + Colchón + Respaldo y 1 almohada de regalo 2230 SYRMA 80x190 Espuma Alta Densidad,https://www.fravega.com/p/combo-sommier-colchon-respaldo-y-1-almohada-de-regalo-2230-syrma-80x190-espuma-alta-densidad-22709039/,1099656.0,529000.0,1,True
FRA-conjunto-sommier-y-colchon-nap-franklin-,Fravega,OTRAS,Colchones y Sommiers,Conjunto Sommier y Colchón NAP Franklin 2 Plazas (140x190 cm) - Espuma Alta Densidad,https://www.fravega.com/p/conjunto-sommier-y-colchon-nap-franklin-2-plazas-140x190-cm-espuma-alta-densidad-610868/,539999.0,379999.0,1,True
FRA-combo-2230-norcee-140x190-sommier-colcho,Fravega,OTRAS,Colchones y Sommiers,Combo 2230 NORCEE 140x190 Sommier + Colchón + Respaldo y 2 almohadas de regalo Espuma Alta Densidad,https://www.fravega.com/p/combo-2230-norcee-140x190-sommier-colchon-respaldo-y-2-almohadas-de-regalo-espuma-alta-densidad-22708009/,3552337.0,999000.0,1,True
FRA-conjunto-sommier-y-colchon-elite-sonar-2,Fravega,OTRAS,Colchones y Sommiers,Conjunto Sommier y Colchón Elite Soñar 2 Plazas 140x190 cm,https://www.fravega.com/p/conjunto-sommier-y-colchon-elite-sonar-2-plazas-140x190-cm-610926/,710999.0,549999.0,1,True
FRA-sommier-y-colchon-bicama-de-resortes-1-1,Fravega,OTRAS,Colchones y Sommiers,Sommier y Colchón Bicama de Resortes 1 1/2 Plaza Inducol Agra 100x200 Cm,https://www.fravega.com/p/sommier-y-colchon-bicama-de-resortes-1-1-2-plaza-inducol-agra-100x200-cm-20190986/,1559998.0,935999.0,1,True
FRA-conjunto-sommier-y-colchon-suavestar-del,Fravega,OTRAS,Colchones y Sommiers,Conjunto Sommier y Colchón Suavestar Deluxe 2 Plazas 140x190 cm,https://www.fravega.com/p/conjunto-sommier-y-colchon-suavestar-deluxe-2-plazas-140x190-cm-610593/,799999.0,599999.0,1,True
FRA-colchon-y-sommier-arcoiris-rio-2-plazas-,Fravega,OTRAS,Colchones y Sommiers,Colchón y Sommier Arcoiris Rio 2 Plazas 140x190 Resortes,https://www.fravega.com/p/colchon-y-sommier-arcoiris-rio-2-plazas-140x190-resortes-20007026/,1337880.0,559900.0,1,True
FRA-colchon-suavestar-sport-espuma-2-plazas-,Fravega,OTRAS,Colchones y Sommiers,Colchón Suavestar Sport  Espuma 2 Plazas 140x190 cm,https://www.fravega.com/p/colchon-suavestar-sport-espuma-2-plazas-140x190-cm-610657/,599999.0,459999.0,1,True
FRA-sommier-y-colchon-cannon-reims-pillow-to,Fravega,OTRAS,Colchones y Sommiers,Sommier Y Colchón Cannon Reims Pillow Top 200X200X30 King,https://www.fravega.com/p/sommier-y-colchon-cannon-reims-pillow-top-200x200x30-king-990194788/,2852352.0,1426176.0,1,True
FRA-conjunto-sommier-y-colchon-suavestar-cen,Fravega,OTRAS,Colchones y Sommiers,Conjunto Sommier y Colchón Suavestar Centuria Queen (2 Plazas y Media) (160x200 cm) - Espuma 35 kg/m³,https://www.fravega.com/p/conjunto-sommier-y-colchon-suavestar-centuria-queen-2-plazas-y-media-160x200-cm-espuma-35-kg-m-610628/,1499999.0,1100999.0,1,True
FRA-conjunto-sommier-y-colchon-suavestar-spo,Fravega,OTRAS,Colchones y Sommiers,Conjunto Sommier y Colchón Suavestar Sport 1 Plaza y Media 100x190 cm,https://www.fravega.com/p/conjunto-sommier-y-colchon-suavestar-sport-1-plaza-y-media-100x190-cm-610923/,699999.0,559999.0,1,True
FRA-combo-sommier-colchon-respaldo-2-almohad,Fravega,OTRAS,Colchones y Sommiers,Combo Sommier + Colchón + Respaldo + 2 almohadas 2230 SYRMA 140x190 Espuma Alta Densidad,https://www.fravega.com/p/combo-sommier-colchon-respaldo-2-almohadas-2230-syrma-140x190-espuma-alta-densidad-22652849/,2649076.0,720000.0,1,True
FRA-combo-x-2-twin-2230-colchon-y-sommier-sy,Fravega,OTRAS,Colchones y Sommiers,COMBO X 2 TWIN 2230 - Colchon y Sommier SYRMA 80x190 Espuma,https://www.fravega.com/p/combo-x-2-twin-2230-colchon-y-sommier-syrma-80x190-espuma-22822991/,1560516.0,719000.0,1,True
FRA-conjunto-colchon-y-sommier-resortes-sona,Fravega,OTRAS,Colchones y Sommiers,Conjunto Colchón y Sommier Resortes Soñar Elite 1 1/2 Plaza 100 x 190 cm,https://www.fravega.com/p/conjunto-colchon-y-sommier-resortes-sonar-elite-1-1-2-plaza-100-x-190-cm-610927/,499999.0,399999.0,1,True
FRA-sommier-y-colchon-cannon-sublime-euro-pi,Fravega,OTRAS,Colchones y Sommiers,Sommier y Colchón Cannon Sublime Euro Pillow 200x180,https://www.fravega.com/p/sommier-y-colchon-cannon-sublime-euro-pillow-200x180-990218847/,4235286.0,1694113.99,1,True
FRA-conjunto-sommier-y-colchon-de-resortes-k,Fravega,OTRAS,Colchones y Sommiers,Conjunto Sommier y Colchón de resortes King Koil Lexington Queen Size 160x200 cm,https://www.fravega.com/p/conjunto-sommier-y-colchon-de-resortes-king-koil-lexington-queen-size-160x200-cm-50003050/,3976665.0,2385999.0,1,True
FRA-combo-2230-zeta-pillow-140x190-sommier-c,Fravega,OTRAS,Colchones y Sommiers,Combo 2230 ZETA PILLOW 140x190 Sommier + Colchón + Respaldo y 2 almohadas de regalo,https://www.fravega.com/p/combo-2230-zeta-pillow-140x190-sommier-colchon-respaldo-y-2-almohadas-de-regalo-23012805/,3356524.0,999000.0,1,True
FRA-combo-sommier-colchon-respaldo-y-1-almoh,Fravega,OTRAS,Colchones y Sommiers,Combo Sommier + Colchón + Respaldo y 1 almohada de regalo 2230 SYRMA 80x190 Espuma Alta Densidad,https://www.fravega.com/p/combo-sommier-colchon-respaldo-y-1-almohada-de-regalo-2230-syrma-80x190-espuma-alta-densidad-22709039/,1099656.0,529000.0,1,True
FRA-conjunto-sommier-y-colchon-nap-franklin-,Fravega,OTRAS,Colchones y Sommiers,Conjunto Sommier y Colchón NAP Franklin 2 Plazas (140x190 cm) - Espuma Alta Densidad,https://www.fravega.com/p/conjunto-sommier-y-colchon-nap-franklin-2-plazas-140x190-cm-espuma-alta-densidad-610868/,539999.0,379999.0,1,True
FRA-combo-2230-norcee-140x190-sommier-colcho,Fravega,OTRAS,Colchones y Sommiers,Combo 2230 NORCEE 140x190 Sommier + Colchón + Respaldo y 2 almohadas de regalo Espuma Alta Densidad,https://www.fravega.com/p/combo-2230-norcee-140x190-sommier-colchon-respaldo-y-2-almohadas-de-regalo-espuma-alta-densidad-22708009/,3552337.0,999000.0,1,True
FRA-conjunto-sommier-y-colchon-elite-sonar-2,Fravega,OTRAS,Colchones y Sommiers,Conjunto Sommier y Colchón Elite Soñar 2 Plazas 140x190 cm,https://www.fravega.com/p/conjunto-sommier-y-colchon-elite-sonar-2-plazas-140x190-cm-610926/,710999.0,549999.0,1,True
FRA-sommier-y-colchon-bicama-de-resortes-1-1,Fravega,OTRAS,Colchones y Sommiers,Sommier y Colchón Bicama de Resortes 1 1/2 Plaza Inducol Agra 100x200 Cm,https://www.fravega.com/p/sommier-y-colchon-bicama-de-resortes-1-1-2-plaza-inducol-agra-100x200-cm-20190986/,1559998.0,935999.0,1,True
FRA-conjunto-sommier-y-colchon-suavestar-del,Fravega,OTRAS,Colchones y Sommiers,Conjunto Sommier y Colchón Suavestar Deluxe 2 Plazas 140x190 cm,https://www.fravega.com/p/conjunto-sommier-y-colchon-suavestar-deluxe-2-plazas-140x190-cm-610593/,799999.0,599999.0,1,True
FRA-colchon-y-sommier-arcoiris-rio-2-plazas-,Fravega,OTRAS,Colchones y Sommiers,Colchón y Sommier Arcoiris Rio 2 Plazas 140x190 Resortes,https://www.fravega.com/p/colchon-y-sommier-arcoiris-rio-2-plazas-140x190-resortes-20007026/,1337880.0,559900.0,1,True
FRA-colchon-suavestar-sport-espuma-2-plazas-,Fravega,OTRAS,Colchones y Sommiers,Colchón Suavestar Sport  Espuma 2 Plazas 140x190 cm,https://www.fravega.com/p/colchon-suavestar-sport-espuma-2-plazas-140x190-cm-610657/,599999.0,459999.0,1,True
FRA-sommier-y-colchon-cannon-reims-pillow-to,Fravega,OTRAS,Colchones y Sommiers,Sommier Y Colchón Cannon Reims Pillow Top 200X200X30 King,https://www.fravega.com/p/sommier-y-colchon-cannon-reims-pillow-top-200x200x30-king-990194788/,2852352.0,1426176.0,1,True
FRA-conjunto-sommier-y-colchon-suavestar-cen,Fravega,OTRAS,Colchones y Sommiers,Conjunto Sommier y Colchón Suavestar Centuria Queen (2 Plazas y Media) (160x200 cm) - Espuma 35 kg/m³,https://www.fravega.com/p/conjunto-sommier-y-colchon-suavestar-centuria-queen-2-plazas-y-media-160x200-cm-espuma-35-kg-m-610628/,1499999.0,1100999.0,1,True
FRA-conjunto-sommier-y-colchon-suavestar-spo,Fravega,OTRAS,Colchones y Sommiers,Conjunto Sommier y Colchón Suavestar Sport 1 Plaza y Media 100x190 cm,https://www.fravega.com/p/conjunto-sommier-y-colchon-suavestar-sport-1-plaza-y-media-100x190-cm-610923/,699999.0,559999.0,1,True
FRA-combo-sommier-colchon-respaldo-2-almohad,Fravega,OTRAS,Colchones y Sommiers,Combo Sommier + Colchón + Respaldo + 2 almohadas 2230 SYRMA 140x190 Espuma Alta Densidad,https://www.fravega.com/p/combo-sommier-colchon-respaldo-2-almohadas-2230-syrma-140x190-espuma-alta-densidad-22652849/,2649076.0,720000.0,1,True
FRA-combo-x-2-twin-2230-colchon-y-sommier-sy,Fravega,OTRAS,Colchones y Sommiers,COMBO X 2 TWIN 2230 - Colchon y Sommier SYRMA 80x190 Espuma,https://www.fravega.com/p/combo-x-2-twin-2230-colchon-y-sommier-syrma-80x190-espuma-22822991/,1560516.0,719000.0,1,True
FRA-conjunto-colchon-y-sommier-resortes-sona,Fravega,OTRAS,Colchones y Sommiers,Conjunto Colchón y Sommier Resortes Soñar Elite 1 1/2 Plaza 100 x 190 cm,https://www.fravega.com/p/conjunto-colchon-y-sommier-resortes-sonar-elite-1-1-2-plaza-100-x-190-cm-610927/,499999.0,399999.0,1,True
FRA-sommier-y-colchon-cannon-sublime-euro-pi,Fravega,OTRAS,Colchones y Sommiers,Sommier y Colchón Cannon Sublime Euro Pillow 200x180,https://www.fravega.com/p/sommier-y-colchon-cannon-sublime-euro-pillow-200x180-990218847/,4235286.0,1694113.99,1,True
FRA-conjunto-sommier-y-colchon-de-resortes-k,Fravega,OTRAS,Colchones y Sommiers,Conjunto Sommier y Colchón de resortes King Koil Lexington Queen Size 160x200 cm,https://www.fravega.com/p/conjunto-sommier-y-colchon-de-resortes-king-koil-lexington-queen-size-160x200-cm-50003050/,3976665.0,2385999.0,1,True
FRA-combo-2230-zeta-pillow-140x190-sommier-c,Fravega,OTRAS,Colchones y Sommiers,Combo 2230 ZETA PILLOW 140x190 Sommier + Colchón + Respaldo y 2 almohadas de regalo,https://www.fravega.com/p/combo-2230-zeta-pillow-140x190-sommier-colchon-respaldo-y-2-almohadas-de-regalo-23012805/,3356524.0,999000.0,1,True
FRA-combo-sommier-colchon-respaldo-y-1-almoh,Fravega,OTRAS,Colchones y Sommiers,Combo Sommier + Colchón + Respaldo y 1 almohada de regalo 2230 SYRMA 80x190 Espuma Alta Densidad,https://www.fravega.com/p/combo-sommier-colchon-respaldo-y-1-almohada-de-regalo-2230-syrma-80x190-espuma-alta-densidad-22709039/,1099656.0,529000.0,1,True
FRA-conjunto-sommier-y-colchon-nap-franklin-,Fravega,OTRAS,Colchones y Sommiers,Conjunto Sommier y Colchón NAP Franklin 2 Plazas (140x190 cm) - Espuma Alta Densidad,https://www.fravega.com/p/conjunto-sommier-y-colchon-nap-franklin-2-plazas-140x190-cm-espuma-alta-densidad-610868/,539999.0,379999.0,1,True
FRA-combo-2230-norcee-140x190-sommier-colcho,Fravega,OTRAS,Colchones y Sommiers,Combo 2230 NORCEE 140x190 Sommier + Colchón + Respaldo y 2 almohadas de regalo Espuma Alta Densidad,https://www.fravega.com/p/combo-2230-norcee-140x190-sommier-colchon-respaldo-y-2-almohadas-de-regalo-espuma-alta-densidad-22708009/,3552337.0,999000.0,1,True
FRA-conjunto-sommier-y-colchon-elite-sonar-2,Fravega,OTRAS,Colchones y Sommiers,Conjunto Sommier y Colchón Elite Soñar 2 Plazas 140x190 cm,https://www.fravega.com/p/conjunto-sommier-y-colchon-elite-sonar-2-plazas-140x190-cm-610926/,710999.0,549999.0,1,True
FRA-sommier-y-colchon-bicama-de-resortes-1-1,Fravega,OTRAS,Colchones y Sommiers,Sommier y Colchón Bicama de Resortes 1 1/2 Plaza Inducol Agra 100x200 Cm,https://www.fravega.com/p/sommier-y-colchon-bicama-de-resortes-1-1-2-plaza-inducol-agra-100x200-cm-20190986/,1559998.0,935999.0,1,True
FRA-conjunto-sommier-y-colchon-suavestar-del,Fravega,OTRAS,Colchones y Sommiers,Conjunto Sommier y Colchón Suavestar Deluxe 2 Plazas 140x190 cm,https://www.fravega.com/p/conjunto-sommier-y-colchon-suavestar-deluxe-2-plazas-140x190-cm-610593/,799999.0,599999.0,1,True
FRA-colchon-y-sommier-arcoiris-rio-2-plazas-,Fravega,OTRAS,Colchones y Sommiers,Colchón y Sommier Arcoiris Rio 2 Plazas 140x190 Resortes,https://www.fravega.com/p/colchon-y-sommier-arcoiris-rio-2-plazas-140x190-resortes-20007026/,1337880.0,559900.0,1,True
FRA-colchon-suavestar-sport-espuma-2-plazas-,Fravega,OTRAS,Colchones y Sommiers,Colchón Suavestar Sport  Espuma 2 Plazas 140x190 cm,https://www.fravega.com/p/colchon-suavestar-sport-espuma-2-plazas-140x190-cm-610657/,599999.0,459999.0,1,True
FRA-sommier-y-colchon-cannon-reims-pillow-to,Fravega,OTRAS,Colchones y Sommiers,Sommier Y Colchón Cannon Reims Pillow Top 200X200X30 King,https://www.fravega.com/p/sommier-y-colchon-cannon-reims-pillow-top-200x200x30-king-990194788/,2852352.0,1426176.0,1,True
FRA-conjunto-sommier-y-colchon-suavestar-cen,Fravega,OTRAS,Colchones y Sommiers,Conjunto Sommier y Colchón Suavestar Centuria Queen (2 Plazas y Media) (160x200 cm) - Espuma 35 kg/m³,https://www.fravega.com/p/conjunto-sommier-y-colchon-suavestar-centuria-queen-2-plazas-y-media-160x200-cm-espuma-35-kg-m-610628/,1499999.0,1100999.0,1,True
FRA-conjunto-sommier-y-colchon-suavestar-spo,Fravega,OTRAS,Colchones y Sommiers,Conjunto Sommier y Colchón Suavestar Sport 1 Plaza y Media 100x190 cm,https://www.fravega.com/p/conjunto-sommier-y-colchon-suavestar-sport-1-plaza-y-media-100x190-cm-610923/,699999.0,559999.0,1,True
FRA-combo-sommier-colchon-respaldo-2-almohad,Fravega,OTRAS,Colchones y Sommiers,Combo Sommier + Colchón + Respaldo + 2 almohadas 2230 SYRMA 140x190 Espuma Alta Densidad,https://www.fravega.com/p/combo-sommier-colchon-respaldo-2-almohadas-2230-syrma-140x190-espuma-alta-densidad-22652849/,2649076.0,720000.0,1,True
FRA-combo-x-2-twin-2230-colchon-y-sommier-sy,Fravega,OTRAS,Colchones y Sommiers,COMBO X 2 TWIN 2230 - Colchon y Sommier SYRMA 80x190 Espuma,https://www.fravega.com/p/combo-x-2-twin-2230-colchon-y-sommier-syrma-80x190-espuma-22822991/,1560516.0,719000.0,1,True
FRA-conjunto-colchon-y-sommier-resortes-sona,Fravega,OTRAS,Colchones y Sommiers,Conjunto Colchón y Sommier Resortes Soñar Elite 1 1/2 Plaza 100 x 190 cm,https://www.fravega.com/p/conjunto-colchon-y-sommier-resortes-sonar-elite-1-1-2-plaza-100-x-190-cm-610927/,499999.0,399999.0,1,True
FRA-sommier-y-colchon-cannon-sublime-euro-pi,Fravega,OTRAS,Colchones y Sommiers,Sommier y Colchón Cannon Sublime Euro Pillow 200x180,https://www.fravega.com/p/sommier-y-colchon-cannon-sublime-euro-pillow-200x180-990218847/,4235286.0,1694113.99,1,True
FRA-conjunto-sommier-y-colchon-de-resortes-k,Fravega,OTRAS,Colchones y Sommiers,Conjunto Sommier y Colchón de resortes King Koil Lexington Queen Size 160x200 cm,https://www.fravega.com/p/conjunto-sommier-y-colchon-de-resortes-king-koil-lexington-queen-size-160x200-cm-50003050/,3976665.0,2385999.0,1,True
FRA-scooter-electrico-xiaomi-6-ultra-2304127,Fravega,XIAOMI,Deportes y Fitness,Scooter Eléctrico Xiaomi 6 Ultra,https://www.fravega.com/p/scooter-electrico-xiaomi-6-ultra-23041270/,2708999.0,2238842.0,1,True
FRA-bicicleta-spinning-fija-admiral-ad-fbs4-,Fravega,OTRAS,Deportes y Fitness,Bicicleta Spinning Fija Admiral AD-FBS4 4 kg,https://www.fravega.com/p/bicicleta-spinning-fija-admiral-ad-fbs4-4-kg-562179/,249999.0,199999.0,1,True
FRA-multigimnasio-admiral-ad-fmg100-100-kg-m,Fravega,OTRAS,Deportes y Fitness,Multigimnasio Admiral AD-FMG100 100 kg multigym,https://www.fravega.com/p/multigimnasio-admiral-ad-fmg100-100-kg-multigym-562264/,1199999.0,999999.0,1,True
FRA-multigimnasio-admiral-ad-fmg45-45-kg-mul,Fravega,OTRAS,Deportes y Fitness,Multigimnasio Admiral AD-FMG45 45 kg multigym,https://www.fravega.com/p/multigimnasio-admiral-ad-fmg45-45-kg-multigym-562252/,729999.0,499999.0,1,True
FRA-kit-mancuernas-barra-y-pesas-trexa-tx-fb,Fravega,OTRAS,Deportes y Fitness,"Kit Mancuernas, Barra y Pesas Trexa TX-FBM20 20 kg",https://www.fravega.com/p/kit-mancuernas-barra-y-pesas-trexa-tx-fbm20-20-kg-562150/,69999.0,39999.0,1,True
FRA-yoga-mat-trexa-tx-fym10g-10mm-gris-56210,Fravega,OTRAS,Deportes y Fitness,Yoga Mat Trexa TX-FYM10G 10mm Gris,https://www.fravega.com/p/yoga-mat-trexa-tx-fym10g-10mm-gris-562108/,29999.0,15999.0,1,True
FRA-bicicleta-peretti-roja-mtb-rodado-26-dob,Fravega,OTRAS,Deportes y Fitness,Bicicleta Peretti Roja MTB Rodado 26 Doble Suspensión 21 Velocidades,https://www.fravega.com/p/bicicleta-peretti-roja-mtb-rodado-26-doble-suspension-21-velocidades-561116/,299999.0,149999.0,1,True
FRA-cinta-de-correr-caminadora-admiral-ad-fc,Fravega,OTRAS,Deportes y Fitness,Cinta de correr caminadora Admiral AD-FCC12 12 km/h plana con barral,https://www.fravega.com/p/cinta-de-correr-caminadora-admiral-ad-fcc12-12-km-h-plana-con-barral-562486/,449999.0,399999.0,1,True
FRA-kit-mancuernas-barra-y-pesas-trexa-tx-fb,Fravega,OTRAS,Deportes y Fitness,"Kit Mancuernas, Barra y Pesas Trexa TX-FBM30 30 kg",https://www.fravega.com/p/kit-mancuernas-barra-y-pesas-trexa-tx-fbm30-30-kg-562617/,79999.0,59999.0,1,True
FRA-bicicleta-fija-admiral-ad-fbm1-mecanica-,Fravega,OTRAS,Deportes y Fitness,Bicicleta Fija Admiral AD-FBM1 mecánica,https://www.fravega.com/p/bicicleta-fija-admiral-ad-fbm1-mecanica-561939/,199999.0,129999.0,1,True
FRA-bicicleta-mountain-bike-slp-10-pro-lady-,Fravega,OTRAS,Deportes y Fitness,Bicicleta Mountain Bike SLP 10 Pro Lady Talle 18,https://www.fravega.com/p/bicicleta-mountain-bike-slp-10-pro-lady-talle-18-563146/,499999.0,309999.0,1,True
FRA-bicicleta-mountain-bike-slp-5-pro-rodado,Fravega,OTRAS,Deportes y Fitness,Bicicleta Mountain Bike SLP 5 Pro Rodado 29  Talle 20 Shimano Negro Gris Blanco,https://www.fravega.com/p/bicicleta-mountain-bike-slp-5-pro-rodado-29-talle-20-shimano-negro-gris-blanco-563147/,499999.0,289999.0,1,True
FRA-bicicleta-mountain-bike-slp-5-pro-rodado,Fravega,OTRAS,Deportes y Fitness,Bicicleta Mountain Bike SLP 5 Pro Rodado 29 Talle 18 Shimano Blanco Negro Rojo,https://www.fravega.com/p/bicicleta-mountain-bike-slp-5-pro-rodado-29-talle-18-shimano-blanco-negro-rojo-563230/,499999.0,259999.0,1,True
FRA-banco-de-pesas-y-abdominales-admiral-ad-,Fravega,OTRAS,Deportes y Fitness,Banco de pesas y abdominales Admiral AD-FBP1 curvo,https://www.fravega.com/p/banco-de-pesas-y-abdominales-admiral-ad-fbp1-curvo-562744/,149999.0,79999.0,1,True
FRA-inflador-portatil-digital-compresor-aire,Fravega,OTRAS,Deportes y Fitness,Inflador Portátil Digital Compresor Aire 2600mAh Auto Moto Bici LED USB,https://www.fravega.com/p/inflador-portatil-digital-compresor-aire-2600mah-auto-moto-bici-led-usb-563001/,69999.0,49999.0,1,True
FRA-bicicleta-mountain-bike-slp-5-pro-rodado,Fravega,OTRAS,Deportes y Fitness,Bicicleta Mountain Bike SLP 5 Pro Rodado 29” T20 VR7NG11VR8,https://www.fravega.com/p/bicicleta-mountain-bike-slp-5-pro-rodado-29-t20-vr7ng11vr8-562447/,499999.0,289999.0,1,True
FRA-scooter-electrico-xiaomi-6-ultra-2304127,Fravega,XIAOMI,Deportes y Fitness,Scooter Eléctrico Xiaomi 6 Ultra,https://www.fravega.com/p/scooter-electrico-xiaomi-6-ultra-23041270/,2708999.0,2238842.0,1,True
FRA-mat-de-yoga-enrollable-color-rosa-gfitne,Fravega,OTRAS,Deportes y Fitness,Mat de Yoga enrollable Color Rosa Gfitness,https://www.fravega.com/p/mat-de-yoga-enrollable-color-rosa-gfitness-21916759/,45655.0,15999.0,1,True
FRA-trampolin-de-entrenamiento-trexa-tx-ft1-,Fravega,OTRAS,Deportes y Fitness,Trampolín de entrenamiento Trexa TX-FT1 cama elástica,https://www.fravega.com/p/trampolin-de-entrenamiento-trexa-tx-ft1-cama-elastica-562763/,139999.0,89999.0,1,True
FRA-bicicleta-mountain-bike-nordic-x2-0-roda,Fravega,OTRAS,Deportes y Fitness,Bicicleta Mountain Bike Nordic X2.0 Rodado 29 T20,https://www.fravega.com/p/bicicleta-mountain-bike-nordic-x2-0-rodado-29-t20-562999/,599999.0,279999.0,1,True
FRA-bicicleta-mtb-overtech-r29-q3-con-suspen,Fravega,OTRAS,Deportes y Fitness,Bicicleta Mtb Overtech R29 Q3 Con Suspensión Tamaño Del Cuadro Xl Negro/azul/blanco,https://www.fravega.com/p/bicicleta-mtb-overtech-r29-q3-con-suspension-tamano-del-cuadro-xl-negro-azul-blanco-22104483/,449999.0,229999.0,1,True
FRA-porta-celular-accesorio-para-bicicleta-a,Fravega,OTRAS,Deportes y Fitness,Porta Celular Accesorio Para Bicicleta Arrow MB-02,https://www.fravega.com/p/porta-celular-accesorio-para-bicicleta-arrow-mb-02-990258396/,78099.0,12999.01,1,True
FRA-bandas-elasticas-isometricas-de-resisten,Fravega,OTRAS,Deportes y Fitness,Bandas Elasticas Isometricas de Resistencia Waggs Set x 5,https://www.fravega.com/p/bandas-elasticas-isometricas-de-resistencia-waggs-set-x-5-21182263/,17997.98,8999.0,1,True
FRA-bicicleta-mtb-overtech-r29-q3-con-suspen,Fravega,OTRAS,Deportes y Fitness,Bicicleta Mtb Overtech R29 Q3 Con Suspensión Tamaño Del Cuadro S Negro/rosa/blanco,https://www.fravega.com/p/bicicleta-mtb-overtech-r29-q3-con-suspension-tamano-del-cuadro-s-negro-rosa-blanco-22104558/,449999.0,229999.0,1,True
FRA-bicicleta-infantil-flower-nathor-rodado-,Fravega,OTRAS,Deportes y Fitness,Bicicleta Infantil Flower Nathor Rodado 12 Rosa,https://www.fravega.com/p/bicicleta-infantil-flower-nathor-rodado-12-rosa--563074/,149999.0,89999.0,1,True
FRA-banda-de-resistencia-para-ejercicios-aer,Fravega,OTRAS,Deportes y Fitness,Banda De Resistencia Para Ejercicios Aerobicos SP0001,https://www.fravega.com/p/banda-de-resistencia-para-ejercicios-aerobicos-sp0001-990230673/,21999.0,8999.0,1,True
FRA-banco-de-pesas-admiral-reclinable-ejerci,Fravega,OTRAS,Deportes y Fitness,Banco de Pesas Admiral Reclinable Ejercicio Fitness Gym,https://www.fravega.com/p/banco-de-pesas-admiral-reclinable-ejercicio-fitness-gym-563728/,199999.0,179999.0,1,True
FRA-bicicleta-mountain-bike-slp-5-pro-r29-t1,Fravega,OTRAS,Deportes y Fitness,Bicicleta Mountain Bike SLP 5 PRO R29 T18 CELESTE NEGRO,https://www.fravega.com/p/bicicleta-mountain-bike-slp-5-pro-r29-t18-celeste-negro--562529/,499999.0,289999.0,1,True
FRA-bicicleta-gross-mtb-rodado-29-mountain-b,Fravega,OTRAS,Deportes y Fitness,Bicicleta Gross MTB Rodado 29 Mountain Bike Aluminio 21v Cambios Shimano Gris Negro,https://www.fravega.com/p/bicicleta-gross-mtb-rodado-29-mountain-bike-aluminio-21v-cambios-shimano-gris-negro-562847/,599999.0,329999.0,1,True
FRA-bicicleta-fija-spinning-profesional-sbn2,Fravega,OTRAS,Deportes y Fitness,Bicicleta Fija Spinning Profesional Sbn2000,https://www.fravega.com/p/bicicleta-fija-spinning-profesional-sbn2000-20008831/,749990.0,359990.0,1,True
FRA-soga-de-salto-fitness-proline-gp-sogapvc,Fravega,OTRAS,Deportes y Fitness,Soga De Salto Fitness Proline GP-SOGAPVC1-P,https://www.fravega.com/p/soga-de-salto-fitness-proline-gp-sogapvc1-p-990243305/,16499.0,4998.97,1,True
FRA-bicicleta-de-paseo-olmo-amelie-rapide-r2,Fravega,OTRAS,Deportes y Fitness,Bicicleta de Paseo Olmo Amelie Rapide R26 T18,https://www.fravega.com/p/bicicleta-de-paseo-olmo-amelie-rapide-r26-t18-562628/,549999.0,469999.0,1,True
FRA-scooter-electrico-xiaomi-6-ultra-2304127,Fravega,XIAOMI,Deportes y Fitness,Scooter Eléctrico Xiaomi 6 Ultra,https://www.fravega.com/p/scooter-electrico-xiaomi-6-ultra-23041270/,2708999.0,2238842.0,1,True
FRA-bicicleta-mountain-bike-slp-5-pro-rodado,Fravega,OTRAS,Deportes y Fitness,Bicicleta Mountain Bike SLP 5 Pro Rodado 29” T18 RJ9BA7NR4,https://www.fravega.com/p/bicicleta-mountain-bike-slp-5-pro-rodado-29-t18-rj9ba7nr4-562331/,599999.0,289999.0,1,True
FRA-bicicleta-spinning-fija-15kg-de-fuerza-p,Fravega,OTRAS,Deportes y Fitness,Bicicleta Spinning Fija 15kg De Fuerza Profesional Reforzada Ajustable Ejercicio Indoor 120kg Bluetooth Nictom Bs03 Cuadro Con Resorte Negro,https://www.fravega.com/p/bicicleta-spinning-fija-15kg-de-fuerza-profesional-reforzada-ajustable-ejercicio-indoor-120kg-bluetooth-nictom-bs03-cuadro-con-resorte-negro-22832103/,399999.0,329999.0,1,True
FRA-banda-elastica-8-fitness-con-agarres-pro,Fravega,OTRAS,Deportes y Fitness,Banda Elastica 8 Fitness Con Agarres Proline GP-BANDA8FIT1-P,https://www.fravega.com/p/banda-elastica-8-fitness-con-agarres-proline-gp-banda8fit1-p-990243324/,17599.0,4998.97,1,True
FRA-barra-paralelas-push-up-proline-gp-pushu,Fravega,OTRAS,Deportes y Fitness,Barra Paralelas Push Up Proline GP-PUSHUP1PP-P,https://www.fravega.com/p/barra-paralelas-push-up-proline-gp-pushup1pp-p-990243303/,19799.0,6999.0,1,True
FRA-arco-de-futbol-exahome-200x150-20001593,Fravega,OTRAS,Deportes y Fitness,Arco de Fútbol Exahome 200x150,https://www.fravega.com/p/arco-de-futbol-exahome-200x150-20001593/,86990.0,76990.0,1,True
FRA-bicicleta-olmo-mint-r24-ng-fc-562653,Fravega,OTRAS,Deportes y Fitness,Bicicleta Olmo Mint R24 NG/FC,https://www.fravega.com/p/bicicleta-olmo-mint-r24-ng-fc-562653/,599999.0,319999.0,1,True
FRA-bicicleta-thron-mtb-rodado-29-mountain-b,Fravega,OTRAS,Deportes y Fitness,Bicicleta Thron MTB Rodado 29 Mountain Bike Aluminio 21v Cambios Shimano Negro,https://www.fravega.com/p/bicicleta-thron-mtb-rodado-29-mountain-bike-aluminio-21v-cambios-shimano-negro-562880/,599999.0,334999.0,1,True
FRA-bicicleta-nordic-x1-0-mountain-bike-roda,Fravega,OTRAS,Deportes y Fitness,Bicicleta Nordic x1.0 Mountain Bike Rodado 29 Talle 18 Negro Dorado Rojo Shimano,https://www.fravega.com/p/bicicleta-nordic-x1-0-mountain-bike-rodado-29-talle-18-negro-dorado-rojo-shimano-562865/,499999.0,239999.0,1,True
FRA-cinta-de-correr-caminadora-admiral-ad-fc,Fravega,OTRAS,Deportes y Fitness,Cinta de correr caminadora Admiral AD-FCC21 20 km/h plegable digital,https://www.fravega.com/p/cinta-de-correr-caminadora-admiral-ad-fcc21-20-km-h-plegable-digital-562473/,1299999.0,1074379.0,1,True
FRA-monopatin-electrico-kanji-scooter-350w-2,Fravega,OTRAS,Deportes y Fitness,Monopatín Eléctrico Kanji Scooter 350W 25km/h,https://www.fravega.com/p/monopatin-electrico-kanji-scooter-350w-25km-h-562410/,999999.0,609999.0,1,True
FRA-kit-de-entrenamiento-gadnic-rolo-yoga-fi,Fravega,OTRAS,Deportes y Fitness,Kit de Entrenamiento Gadnic Rolo Yoga FITNES22 Recuperación Muscular Bolas,https://www.fravega.com/p/kit-de-entrenamiento-gadnic-rolo-yoga-fitnes22-recuperacion-muscular-bolas-562126/,89999.0,29999.0,1,True
FRA-bicicleta-mtb-overtech-q3-r29-gris-negro,Fravega,OTRAS,Deportes y Fitness,Bicicleta Mtb Overtech Q3 R29 Gris/Negro M,https://www.fravega.com/p/bicicleta-mtb-overtech-q3-r29-gris-negro-m-22885581/,449999.0,229999.0,1,True
FRA-bicicleta-topmega-mtb-tigris-aluminio-r2,Fravega,OTRAS,Deportes y Fitness,Bicicleta TopMega MTB Tigris Aluminio R29 21VEL Gris Celeste Talle M 1011854,https://www.fravega.com/p/bicicleta-topmega-mtb-tigris-aluminio-r29-21vel-gris-celeste-talle-m-1011854-22613827/,592460.0,379999.0,1,True
FRA-manopla-de-boxeo-proline-negro-y-blanco-,Fravega,OTRAS,Deportes y Fitness,Manopla De Boxeo Proline Negro y Blanco MU3-3BOXMITBW,https://www.fravega.com/p/manopla-de-boxeo-proline-negro-y-blanco-mu3-3boxmitbw-990290268/,39599.0,22998.99,1,True
FRA-kit-x-5-bandas-elasticas-force-by-gadnic,Fravega,OTRAS,Deportes y Fitness,Kit x 5 Bandas Elásticas Force By Gadnic Isométricas,https://www.fravega.com/p/kit-x-5-bandas-elasticas-force-by-gadnic-isometricas-990276586/,34124.0,26249.0,1,True
FRA-scooter-electrico-xiaomi-6-ultra-2304127,Fravega,XIAOMI,Deportes y Fitness,Scooter Eléctrico Xiaomi 6 Ultra,https://www.fravega.com/p/scooter-electrico-xiaomi-6-ultra-23041270/,2708999.0,2238842.0,1,True
FRA-bicicleta-jeico-mtb-k1-r24-acero-21v-v-b,Fravega,ACER,Deportes y Fitness,Bicicleta Jeico MTB K1 R24 Acero 21v V-Brake Talle M Naranja,https://www.fravega.com/p/bicicleta-jeico-mtb-k1-r24-acero-21v-v-brake-talle-m-naranja-990244463/,405053.0,263563.0,1,True
FRA-bicicleta-trexa-trx-6-0-mtb-r29-t20-alum,Fravega,OTRAS,Deportes y Fitness,Bicicleta Trexa TRX 6.0 MTB R29 T20 Aluminio Blanca,https://www.fravega.com/p/bicicleta-trexa-trx-6-0-mtb-r29-t20-aluminio-blanca-563007/,599999.0,269999.0,1,True
FRA-bicicleta-infantil-slp-max-r16-afa-rodad,Fravega,OTRAS,Deportes y Fitness,Bicicleta Infantil SLP MAX R16 AFA Rodado 16 con Estabilizadores,https://www.fravega.com/p/bicicleta-infantil-slp-max-r16-afa-rodado-16-con-estabilizadores-562652/,249999.0,149999.0,1,True
FRA-bicicleta-olmo-mint-r24-blanco-562614,Fravega,OTRAS,Deportes y Fitness,Bicicleta Olmo Mint R24 Blanco,https://www.fravega.com/p/bicicleta-olmo-mint-r24-blanco-562614/,459999.0,319999.0,1,True
FRA-bicicleta-fija-spinning-s6000-22910520,Fravega,OTRAS,Deportes y Fitness,BICICLETA FIJA SPINNING S6000,https://www.fravega.com/p/bicicleta-fija-spinning-s6000-22910520/,519990.0,274990.0,1,True
FRA-bicicleta-mtb-overtech-q3-r29-rosa-gris-,Fravega,OTRAS,Deportes y Fitness,Bicicleta Mtb Overtech Q3 R29 Rosa/Gris S,https://www.fravega.com/p/bicicleta-mtb-overtech-q3-r29-rosa-gris-s-22884725/,449999.0,229999.0,1,True
FRA-bicicleta-mtb-overtech-r29-q3-con-suspen,Fravega,OTRAS,Deportes y Fitness,Bicicleta Mtb Overtech R29 Q3 Con Suspensión Tamaño Del Cuadro M Negro/rosa/blanco,https://www.fravega.com/p/bicicleta-mtb-overtech-r29-q3-con-suspension-tamano-del-cuadro-m-negro-rosa-blanco-22104560/,449999.0,229999.0,1,True
FRA-bicicleta-mountain-bike-slp-5-pro-rodado,Fravega,OTRAS,Deportes y Fitness,Bicicleta Mountain Bike SLP 5 Pro Rodado 29 Talle 18 Shimano Verde Amarillo Negro,https://www.fravega.com/p/bicicleta-mountain-bike-slp-5-pro-rodado-29-talle-18-shimano-verde-amarillo-negro-563148/,499999.0,289999.0,1,True
FRA-bicicleta-infantil-nathor-r12-mechanic-5,Fravega,OTRAS,Deportes y Fitness,Bicicleta Infantil Nathor R12 Mechanic,https://www.fravega.com/p/bicicleta-infantil-nathor-r12-mechanic-562601/,149999.0,79999.0,1,True
FRA-multigimnasio-65kg-randers-arg-63150-990,Fravega,OTRAS,Deportes y Fitness,Multigimnasio 65Kg Randers ARG-63150,https://www.fravega.com/p/multigimnasio-65kg-randers-arg-63150-990276833/,1370007.0,1132237.0,1,True
FRA-bicicleta-jeico-mtb-k1-r24-acero-21v-v-b,Fravega,ACER,Deportes y Fitness,Bicicleta Jeico MTB K1 R24 Acero 21v V-Brake Talle M Azul,https://www.fravega.com/p/bicicleta-jeico-mtb-k1-r24-acero-21v-v-brake-talle-m-azul-990244464/,405053.0,263563.0,1,True
FRA-bicicleta-infantil-apollo-nathor-rodado-,Fravega,OTRAS,Deportes y Fitness,Bicicleta Infantil Apollo Nathor Rodado 16 Negra y Verde,https://www.fravega.com/p/bicicleta-infantil-apollo-nathor-rodado-16-negra-y-verde--563075/,299999.0,199999.0,1,True
FRA-bicicleta-peretti-rodado-12-acero-cross-,Fravega,ACER,Deportes y Fitness,Bicicleta Peretti Rodado 12 Acero CROSS Rosa,https://www.fravega.com/p/bicicleta-peretti-rodado-12-acero-cross-rosa-561854/,149999.0,69999.0,1,True
FRA-pedalera-bicicleta-fija-doble-rehabilita,Fravega,OTRAS,Deportes y Fitness,Pedalera Bicicleta Fija Doble Rehabilitacion Piernas Brazos,https://www.fravega.com/p/pedalera-bicicleta-fija-doble-rehabilitacion-piernas-brazos-22551601/,113990.0,64990.0,1,True
FRA-barra-olimpica-crossfit-gadnic-20kg-400k,Fravega,ACER,Deportes y Fitness,Barra Olímpica Crossfit GADNIC 20kg 400kg Acero Cromado 220m 50mm,https://www.fravega.com/p/barra-olimpica-crossfit-gadnic-20kg-400kg-acero-cromado-220m-50mm-990282178/,403454.0,310349.0,1,True
FRA-scooter-electrico-xiaomi-6-ultra-2304127,Fravega,XIAOMI,Deportes y Fitness,Scooter Eléctrico Xiaomi 6 Ultra,https://www.fravega.com/p/scooter-electrico-xiaomi-6-ultra-23041270/,2708999.0,2238842.0,1,True
FRA-bicicleta-mtb-rodado-29-slp-10-pro-2025-,Fravega,OTRAS,Deportes y Fitness,Bicicleta Mtb Rodado 29 Slp 10 Pro 2025 T20 Shimano Aluminio Blanco con Negro,https://www.fravega.com/p/bicicleta-mtb-rodado-29-slp-10-pro-2025-t20-shimano-aluminio-blanco-con-negro-990234563/,499999.0,340999.01,1,True
FRA-bicicleta-thron-mtb-rodado-29-mountain-b,Fravega,OTRAS,Deportes y Fitness,Bicicleta Thron MTB Rodado 29 Mountain Bike Aluminio 21v Cambios Shimano Verde,https://www.fravega.com/p/bicicleta-thron-mtb-rodado-29-mountain-bike-aluminio-21v-cambios-shimano-verde-562887/,599999.0,334999.0,1,True
FRA-maquina-de-remo-admiral-ad-fmr1-simulado,Fravega,OTRAS,Deportes y Fitness,Máquina de remo Admiral AD-FMR1 simulador,https://www.fravega.com/p/maquina-de-remo-admiral-ad-fmr1-simulador-562798/,599999.0,449999.0,1,True
FRA-bicicleta-olmo-tiny-r16-rosa--562597,Fravega,OTRAS,Deportes y Fitness,Bicicleta Olmo Tiny R16 Rosa,https://www.fravega.com/p/bicicleta-olmo-tiny-r16-rosa--562597/,599999.0,299999.0,1,True
FRA-cinta-de-correr-caminadora-admiral-ad-fc,Fravega,OTRAS,Deportes y Fitness,Cinta de correr caminadora Admiral AD-FCC22 16 km/h plegable digital,https://www.fravega.com/p/cinta-de-correr-caminadora-admiral-ad-fcc22-16-km-h-plegable-digital-562414/,1699999.0,999999.0,1,True
FRA-caminadora-overtech-ov-106-2-5hp-12-km-h,Fravega,HP,Deportes y Fitness,Caminadora Overtech OV-106 2.5HP 12 km/h 110kg Manubrio LED,https://www.fravega.com/p/caminadora-overtech-ov-106-2-5hp-12-km-h-110kg-manubrio-led-22958119/,999999.0,549999.0,1,True
FRA-marcador-contador-para-puntos-juegos-y-s,Fravega,OTRAS,Deportes y Fitness,"Marcador Contador para Puntos, Juegos y Sets de Pádel, Tenis y Squash Negro",https://www.fravega.com/p/marcador-contador-para-puntos-juegos-y-sets-de-padel-tenis-y-squash-negro-22639197/,15795.0,14216.0,1,True
FRA-bicicleta-mtb-overtech-q5-r29-21v-con-sh,Fravega,OTRAS,Deportes y Fitness,"Bicicleta Mtb Overtech Q5 R29, 21V con Shimano, Con suspensión, Azul/Azul/Blanco L",https://www.fravega.com/p/bicicleta-mtb-overtech-q5-r29-21v-con-shimano-con-suspension-azul-azul-blanco-l-22491752/,499999.0,269999.0,1,True
FRA-bicicleta-mtb-overtech-r29-q3-con-suspen,Fravega,OTRAS,Deportes y Fitness,Bicicleta Mtb Overtech R29 Q3 Con Suspensión Tamaño Del Cuadro L Negro/rojo/blanco,https://www.fravega.com/p/bicicleta-mtb-overtech-r29-q3-con-suspension-tamano-del-cuadro-l-negro-rojo-blanco-22104452/,449999.0,229999.0,1,True
FRA-bicicleta-mtb-overtech-mountain-bike-q6-,Fravega,OTRAS,Deportes y Fitness,Bicicleta Mtb Overtech Mountain Bike Q6 R29 Aluminio 21v Freno A Disco Talle S Negro/Rojo/Blanco,https://www.fravega.com/p/bicicleta-mtb-overtech-mountain-bike-q6-r29-aluminio-21v-freno-a-disco-talle-s-negro-rojo-blanco-21192795/,599999.0,289999.0,1,True
FRA-maquina-boxeo-inteligente-randers-arg-bo,Fravega,OTRAS,Deportes y Fitness,Maquina Boxeo Inteligente Randers ARG-BOX Avanzado,https://www.fravega.com/p/maquina-boxeo-inteligente-randers-arg-box-avanzado-990234078/,82559.0,68231.0,1,True
FRA-bicicleta-mountain-bike-slp-5-pro-rodado,Fravega,OTRAS,Deportes y Fitness,Bicicleta Mountain Bike SLP 5 Pro Rodado 29” T18 NG7VR4VR5,https://www.fravega.com/p/bicicleta-mountain-bike-slp-5-pro-rodado-29-t18-ng7vr4vr5-562287/,499999.0,289999.0,1,True
FRA-reacondicionado-bicicleta-mountain-bike-,Fravega,OTRAS,Deportes y Fitness,Reacondicionado Bicicleta Mountain Bike SLP 5 Pro Rodado 29” T20 NG7VR4VR5,https://www.fravega.com/p/reacondicionado-bicicleta-mountain-bike-slp-5-pro-rodado-29-t20-ng7vr4vr5-470769/,199999.0,165288.0,1,True
FRA-bicicleta-fija-spinning-profesional-gym-,Fravega,OTRAS,Deportes y Fitness,Bicicleta Fija Spinning Profesional Gym 8 Niveles 28 Kgs con App Bluetooth,https://www.fravega.com/p/bicicleta-fija-spinning-profesional-gym-8-niveles-28-kgs-con-app-bluetooth-22624184/,600000.0,450000.0,1,True
FRA-lubricante-profesional-ugnis-fit-para-ci,Fravega,OTRAS,Deportes y Fitness,Lubricante Profesional Ugnis Fit Para Cintas de Caminar y Correr de Silicona Premium en Aerosol 440 cc,https://www.fravega.com/p/lubricante-profesional-ugnis-fit-para-cintas-de-caminar-y-correr-de-silicona-premium-aerosol-440-cc-22513716/,14900.0,13900.0,1,True
FRA-set-herramientas-manuales-black--decker-,Fravega,OTRAS,Herramientas,Set Herramientas Manuales Black & Decker 152 Pzs BMT152C-AR,https://www.fravega.com/p/set-herramientas-manuales-black--decker-152-pzs-bmt152c-ar-310584/,94999.0,74999.0,1,True
FRA-hidrolavadora-karcher-1300w-k-compacta-2,Fravega,OTRAS,Herramientas,Hidrolavadora Karcher 1300w K Compacta 220v Alta Presión Autostop,https://www.fravega.com/p/hidrolavadora-karcher-1300w-k-compacta-220v-alta-presion-autostop-311113/,199999.0,139999.0,1,True
FRA-set-herramientas-juego-46-pzas-tubos-lla,Fravega,OTRAS,Herramientas,Set Herramientas Juego 46 Pzas Tubos Llaves Puntas,https://www.fravega.com/p/set-herramientas-juego-46-pzas-tubos-llaves-puntas-311281/,19999.0,14999.0,1,True
FRA-hidrolavadora-daewoo-dax65-100-1600w-100,Fravega,OTRAS,Herramientas,Hidrolavadora Daewoo DAX65-100 1600W 100 bar con Autostop,https://www.fravega.com/p/hidrolavadora-daewoo-dax65-100-1600w-100-bar-con-autostop-310342/,229999.0,169999.0,1,True
FRA-desmalezadora-naftera-cilindraje-52-cc-m,Fravega,HP,Herramientas,"Desmalezadora Naftera Cilindraje 52 Cc Motor 2,2 Hp + Acc + ACEITE Lusqtoff",https://www.fravega.com/p/desmalezadora-naftera-cilindraje-52-cc-motor-2-2-hp-acc-aceite-lusqtoff-22655531/,229599.0,124389.0,1,True
FRA-hidrolavadora-daewoo-1400w-90-bar-con-au,Fravega,OTRAS,Herramientas,Hidrolavadora Daewoo 1400w 90 Bar con Autostop + Accesorios,https://www.fravega.com/p/hidrolavadora-daewoo-1400w-90-bar-con-autostop-accesorios-311494/,149999.0,119999.0,1,True
FRA-taladro-percutor-inalambrico-goodyear-21,Fravega,OTRAS,Herramientas,Taladro Percutor Inalambrico Goodyear 21v 10mm Fs Azul 50hz,https://www.fravega.com/p/taladro-percutor-inalambrico-goodyear-21v-10mm-fs-azul-50hz-22626889/,79999.0,64799.19,1,True
FRA-hidrolavadora-admiral-1400w-110-bar-con-,Fravega,OTRAS,Herramientas,Hidrolavadora Admiral 1400w 110 Bar con Autostop + Accesorios Alta Presión,https://www.fravega.com/p/hidrolavadora-admiral-1400w-110-bar-con-autostop-accesorios-alta-presion-311358/,149999.0,99999.0,1,True
FRA-lijadora-orbital-black--decker-bs200-ar-,Fravega,OTRAS,Herramientas,Lijadora Orbital Black & Decker BS200-AR,https://www.fravega.com/p/lijadora-orbital-black--decker-bs200-ar-310392/,79999.0,59999.0,1,True
FRA-escalera-de-aluminio-4x4-articulada-16-e,Fravega,OTRAS,Herramientas,"Escalera de Aluminio 4x4 Articulada 16 Escalones Garden Life TE1700 Multipropósito 4,35 mts",https://www.fravega.com/p/escalera-de-aluminio-4x4-articulada-16-escalones-garden-life-te1700-multiproposito-4-35-mts-310862/,249999.0,181799.0,1,True
FRA-bordeadora-inalambrica-daewoo-dalbc-20wh,Fravega,OTRAS,Herramientas,Bordeadora Inalámbrica Daewoo DALBC-20WH con 2 Baterías 21v,https://www.fravega.com/p/bordeadora-inalambrica-daewoo-dalbc-20wh-con-2-baterias-21v-311276/,149999.0,114999.0,1,True
FRA-hidrolavadora-bosch-ghp-200-1700w-profes,Fravega,HP,Herramientas,Hidrolavadora Bosch GHP 200 1700w Profesional Alta Presión + Accesorios,https://www.fravega.com/p/hidrolavadora-bosch-ghp-200-1700w-profesional-alta-presion-accesorios-311235/,479999.0,357999.0,1,True
FRA-nivel-laser-verde-10-metros-tripode-pleg,Fravega,OTRAS,Herramientas,Nivel Laser Verde 10 Metros + Tripode Plegable Lusqtoff,https://www.fravega.com/p/nivel-laser-verde-10-metros-tripode-plegable-lusqtoff-22880691/,127639.0,68079.0,1,True
FRA-rotomartillo-taladro-percutor-lusqtoff-8,Fravega,OTRAS,Herramientas,Rotomartillo Taladro Percutor Lusqtoff 850W SDS Plus RML850-7,https://www.fravega.com/p/rotomartillo-taladro-percutor-lusqtoff-850w-sds-plus-rml850-7-22631705/,163209.0,90499.0,1,True
FRA-escalera-de-aluminio-4x3-articulada-12-e,Fravega,OTRAS,Herramientas,Escalera de Aluminio 4x3 Articulada 12 Escalones Garden Life 3.42 mts Multipropósito,https://www.fravega.com/p/escalera-de-aluminio-4x3-articulada-12-escalones-garden-life-3-42-mts-multiproposito-311015/,179999.0,149999.0,1,True
FRA-set-herramientas-manuales-black--decker-,Fravega,OTRAS,Herramientas,Set Herramientas Manuales Black & Decker 152 Pzs BMT152C-AR,https://www.fravega.com/p/set-herramientas-manuales-black--decker-152-pzs-bmt152c-ar-310584/,94999.0,74999.0,1,True
FRA-hidrolavadora-karcher-1300w-k-compacta-2,Fravega,OTRAS,Herramientas,Hidrolavadora Karcher 1300w K Compacta 220v Alta Presión Autostop,https://www.fravega.com/p/hidrolavadora-karcher-1300w-k-compacta-220v-alta-presion-autostop-311113/,199999.0,139999.0,1,True
FRA-set-herramientas-juego-46-pzas-tubos-lla,Fravega,OTRAS,Herramientas,Set Herramientas Juego 46 Pzas Tubos Llaves Puntas,https://www.fravega.com/p/set-herramientas-juego-46-pzas-tubos-llaves-puntas-311281/,19999.0,14999.0,1,True
FRA-hidrolavadora-daewoo-dax65-100-1600w-100,Fravega,OTRAS,Herramientas,Hidrolavadora Daewoo DAX65-100 1600W 100 bar con Autostop,https://www.fravega.com/p/hidrolavadora-daewoo-dax65-100-1600w-100-bar-con-autostop-310342/,229999.0,169999.0,1,True
FRA-desmalezadora-naftera-cilindraje-52-cc-m,Fravega,HP,Herramientas,"Desmalezadora Naftera Cilindraje 52 Cc Motor 2,2 Hp + Acc + ACEITE Lusqtoff",https://www.fravega.com/p/desmalezadora-naftera-cilindraje-52-cc-motor-2-2-hp-acc-aceite-lusqtoff-22655531/,229599.0,124389.0,1,True
FRA-hidrolavadora-daewoo-1400w-90-bar-con-au,Fravega,OTRAS,Herramientas,Hidrolavadora Daewoo 1400w 90 Bar con Autostop + Accesorios,https://www.fravega.com/p/hidrolavadora-daewoo-1400w-90-bar-con-autostop-accesorios-311494/,149999.0,119999.0,1,True
FRA-taladro-percutor-inalambrico-goodyear-21,Fravega,OTRAS,Herramientas,Taladro Percutor Inalambrico Goodyear 21v 10mm Fs Azul 50hz,https://www.fravega.com/p/taladro-percutor-inalambrico-goodyear-21v-10mm-fs-azul-50hz-22626889/,79999.0,64799.19,1,True
FRA-hidrolavadora-admiral-1400w-110-bar-con-,Fravega,OTRAS,Herramientas,Hidrolavadora Admiral 1400w 110 Bar con Autostop + Accesorios Alta Presión,https://www.fravega.com/p/hidrolavadora-admiral-1400w-110-bar-con-autostop-accesorios-alta-presion-311358/,149999.0,99999.0,1,True
FRA-lijadora-orbital-black--decker-bs200-ar-,Fravega,OTRAS,Herramientas,Lijadora Orbital Black & Decker BS200-AR,https://www.fravega.com/p/lijadora-orbital-black--decker-bs200-ar-310392/,79999.0,59999.0,1,True
FRA-escalera-de-aluminio-4x4-articulada-16-e,Fravega,OTRAS,Herramientas,"Escalera de Aluminio 4x4 Articulada 16 Escalones Garden Life TE1700 Multipropósito 4,35 mts",https://www.fravega.com/p/escalera-de-aluminio-4x4-articulada-16-escalones-garden-life-te1700-multiproposito-4-35-mts-310862/,249999.0,181799.0,1,True
FRA-bordeadora-inalambrica-daewoo-dalbc-20wh,Fravega,OTRAS,Herramientas,Bordeadora Inalámbrica Daewoo DALBC-20WH con 2 Baterías 21v,https://www.fravega.com/p/bordeadora-inalambrica-daewoo-dalbc-20wh-con-2-baterias-21v-311276/,149999.0,114999.0,1,True
FRA-hidrolavadora-bosch-ghp-200-1700w-profes,Fravega,HP,Herramientas,Hidrolavadora Bosch GHP 200 1700w Profesional Alta Presión + Accesorios,https://www.fravega.com/p/hidrolavadora-bosch-ghp-200-1700w-profesional-alta-presion-accesorios-311235/,479999.0,357999.0,1,True
FRA-nivel-laser-verde-10-metros-tripode-pleg,Fravega,OTRAS,Herramientas,Nivel Laser Verde 10 Metros + Tripode Plegable Lusqtoff,https://www.fravega.com/p/nivel-laser-verde-10-metros-tripode-plegable-lusqtoff-22880691/,127639.0,68079.0,1,True
FRA-rotomartillo-taladro-percutor-lusqtoff-8,Fravega,OTRAS,Herramientas,Rotomartillo Taladro Percutor Lusqtoff 850W SDS Plus RML850-7,https://www.fravega.com/p/rotomartillo-taladro-percutor-lusqtoff-850w-sds-plus-rml850-7-22631705/,163209.0,90499.0,1,True
FRA-escalera-de-aluminio-4x3-articulada-12-e,Fravega,OTRAS,Herramientas,Escalera de Aluminio 4x3 Articulada 12 Escalones Garden Life 3.42 mts Multipropósito,https://www.fravega.com/p/escalera-de-aluminio-4x3-articulada-12-escalones-garden-life-3-42-mts-multiproposito-311015/,179999.0,149999.0,1,True
FRA-set-herramientas-manuales-black--decker-,Fravega,OTRAS,Herramientas,Set Herramientas Manuales Black & Decker 152 Pzs BMT152C-AR,https://www.fravega.com/p/set-herramientas-manuales-black--decker-152-pzs-bmt152c-ar-310584/,94999.0,74999.0,1,True
FRA-hidrolavadora-karcher-1300w-k-compacta-2,Fravega,OTRAS,Herramientas,Hidrolavadora Karcher 1300w K Compacta 220v Alta Presión Autostop,https://www.fravega.com/p/hidrolavadora-karcher-1300w-k-compacta-220v-alta-presion-autostop-311113/,199999.0,139999.0,1,True
FRA-set-herramientas-juego-46-pzas-tubos-lla,Fravega,OTRAS,Herramientas,Set Herramientas Juego 46 Pzas Tubos Llaves Puntas,https://www.fravega.com/p/set-herramientas-juego-46-pzas-tubos-llaves-puntas-311281/,19999.0,14999.0,1,True
FRA-hidrolavadora-daewoo-dax65-100-1600w-100,Fravega,OTRAS,Herramientas,Hidrolavadora Daewoo DAX65-100 1600W 100 bar con Autostop,https://www.fravega.com/p/hidrolavadora-daewoo-dax65-100-1600w-100-bar-con-autostop-310342/,229999.0,169999.0,1,True
FRA-desmalezadora-naftera-cilindraje-52-cc-m,Fravega,HP,Herramientas,"Desmalezadora Naftera Cilindraje 52 Cc Motor 2,2 Hp + Acc + ACEITE Lusqtoff",https://www.fravega.com/p/desmalezadora-naftera-cilindraje-52-cc-motor-2-2-hp-acc-aceite-lusqtoff-22655531/,229599.0,124389.0,1,True
FRA-hidrolavadora-daewoo-1400w-90-bar-con-au,Fravega,OTRAS,Herramientas,Hidrolavadora Daewoo 1400w 90 Bar con Autostop + Accesorios,https://www.fravega.com/p/hidrolavadora-daewoo-1400w-90-bar-con-autostop-accesorios-311494/,149999.0,119999.0,1,True
FRA-taladro-percutor-inalambrico-goodyear-21,Fravega,OTRAS,Herramientas,Taladro Percutor Inalambrico Goodyear 21v 10mm Fs Azul 50hz,https://www.fravega.com/p/taladro-percutor-inalambrico-goodyear-21v-10mm-fs-azul-50hz-22626889/,79999.0,64799.19,1,True
FRA-hidrolavadora-admiral-1400w-110-bar-con-,Fravega,OTRAS,Herramientas,Hidrolavadora Admiral 1400w 110 Bar con Autostop + Accesorios Alta Presión,https://www.fravega.com/p/hidrolavadora-admiral-1400w-110-bar-con-autostop-accesorios-alta-presion-311358/,149999.0,99999.0,1,True
FRA-lijadora-orbital-black--decker-bs200-ar-,Fravega,OTRAS,Herramientas,Lijadora Orbital Black & Decker BS200-AR,https://www.fravega.com/p/lijadora-orbital-black--decker-bs200-ar-310392/,79999.0,59999.0,1,True
FRA-escalera-de-aluminio-4x4-articulada-16-e,Fravega,OTRAS,Herramientas,"Escalera de Aluminio 4x4 Articulada 16 Escalones Garden Life TE1700 Multipropósito 4,35 mts",https://www.fravega.com/p/escalera-de-aluminio-4x4-articulada-16-escalones-garden-life-te1700-multiproposito-4-35-mts-310862/,249999.0,181799.0,1,True
FRA-bordeadora-inalambrica-daewoo-dalbc-20wh,Fravega,OTRAS,Herramientas,Bordeadora Inalámbrica Daewoo DALBC-20WH con 2 Baterías 21v,https://www.fravega.com/p/bordeadora-inalambrica-daewoo-dalbc-20wh-con-2-baterias-21v-311276/,149999.0,114999.0,1,True
FRA-hidrolavadora-bosch-ghp-200-1700w-profes,Fravega,HP,Herramientas,Hidrolavadora Bosch GHP 200 1700w Profesional Alta Presión + Accesorios,https://www.fravega.com/p/hidrolavadora-bosch-ghp-200-1700w-profesional-alta-presion-accesorios-311235/,479999.0,357999.0,1,True
FRA-nivel-laser-verde-10-metros-tripode-pleg,Fravega,OTRAS,Herramientas,Nivel Laser Verde 10 Metros + Tripode Plegable Lusqtoff,https://www.fravega.com/p/nivel-laser-verde-10-metros-tripode-plegable-lusqtoff-22880691/,127639.0,68079.0,1,True
FRA-rotomartillo-taladro-percutor-lusqtoff-8,Fravega,OTRAS,Herramientas,Rotomartillo Taladro Percutor Lusqtoff 850W SDS Plus RML850-7,https://www.fravega.com/p/rotomartillo-taladro-percutor-lusqtoff-850w-sds-plus-rml850-7-22631705/,163209.0,90499.0,1,True
FRA-escalera-de-aluminio-4x3-articulada-12-e,Fravega,OTRAS,Herramientas,Escalera de Aluminio 4x3 Articulada 12 Escalones Garden Life 3.42 mts Multipropósito,https://www.fravega.com/p/escalera-de-aluminio-4x3-articulada-12-escalones-garden-life-3-42-mts-multiproposito-311015/,179999.0,149999.0,1,True
FRA-set-herramientas-manuales-black--decker-,Fravega,OTRAS,Herramientas,Set Herramientas Manuales Black & Decker 152 Pzs BMT152C-AR,https://www.fravega.com/p/set-herramientas-manuales-black--decker-152-pzs-bmt152c-ar-310584/,94999.0,74999.0,1,True
FRA-hidrolavadora-karcher-1300w-k-compacta-2,Fravega,OTRAS,Herramientas,Hidrolavadora Karcher 1300w K Compacta 220v Alta Presión Autostop,https://www.fravega.com/p/hidrolavadora-karcher-1300w-k-compacta-220v-alta-presion-autostop-311113/,199999.0,139999.0,1,True
FRA-set-herramientas-juego-46-pzas-tubos-lla,Fravega,OTRAS,Herramientas,Set Herramientas Juego 46 Pzas Tubos Llaves Puntas,https://www.fravega.com/p/set-herramientas-juego-46-pzas-tubos-llaves-puntas-311281/,19999.0,14999.0,1,True
FRA-hidrolavadora-daewoo-dax65-100-1600w-100,Fravega,OTRAS,Herramientas,Hidrolavadora Daewoo DAX65-100 1600W 100 bar con Autostop,https://www.fravega.com/p/hidrolavadora-daewoo-dax65-100-1600w-100-bar-con-autostop-310342/,229999.0,169999.0,1,True
FRA-desmalezadora-naftera-cilindraje-52-cc-m,Fravega,HP,Herramientas,"Desmalezadora Naftera Cilindraje 52 Cc Motor 2,2 Hp + Acc + ACEITE Lusqtoff",https://www.fravega.com/p/desmalezadora-naftera-cilindraje-52-cc-motor-2-2-hp-acc-aceite-lusqtoff-22655531/,229599.0,124389.0,1,True
FRA-hidrolavadora-daewoo-1400w-90-bar-con-au,Fravega,OTRAS,Herramientas,Hidrolavadora Daewoo 1400w 90 Bar con Autostop + Accesorios,https://www.fravega.com/p/hidrolavadora-daewoo-1400w-90-bar-con-autostop-accesorios-311494/,149999.0,119999.0,1,True
FRA-taladro-percutor-inalambrico-goodyear-21,Fravega,OTRAS,Herramientas,Taladro Percutor Inalambrico Goodyear 21v 10mm Fs Azul 50hz,https://www.fravega.com/p/taladro-percutor-inalambrico-goodyear-21v-10mm-fs-azul-50hz-22626889/,79999.0,64799.19,1,True
FRA-hidrolavadora-admiral-1400w-110-bar-con-,Fravega,OTRAS,Herramientas,Hidrolavadora Admiral 1400w 110 Bar con Autostop + Accesorios Alta Presión,https://www.fravega.com/p/hidrolavadora-admiral-1400w-110-bar-con-autostop-accesorios-alta-presion-311358/,149999.0,99999.0,1,True
FRA-lijadora-orbital-black--decker-bs200-ar-,Fravega,OTRAS,Herramientas,Lijadora Orbital Black & Decker BS200-AR,https://www.fravega.com/p/lijadora-orbital-black--decker-bs200-ar-310392/,79999.0,59999.0,1,True
FRA-escalera-de-aluminio-4x4-articulada-16-e,Fravega,OTRAS,Herramientas,"Escalera de Aluminio 4x4 Articulada 16 Escalones Garden Life TE1700 Multipropósito 4,35 mts",https://www.fravega.com/p/escalera-de-aluminio-4x4-articulada-16-escalones-garden-life-te1700-multiproposito-4-35-mts-310862/,249999.0,181799.0,1,True
FRA-bordeadora-inalambrica-daewoo-dalbc-20wh,Fravega,OTRAS,Herramientas,Bordeadora Inalámbrica Daewoo DALBC-20WH con 2 Baterías 21v,https://www.fravega.com/p/bordeadora-inalambrica-daewoo-dalbc-20wh-con-2-baterias-21v-311276/,149999.0,114999.0,1,True
FRA-hidrolavadora-bosch-ghp-200-1700w-profes,Fravega,HP,Herramientas,Hidrolavadora Bosch GHP 200 1700w Profesional Alta Presión + Accesorios,https://www.fravega.com/p/hidrolavadora-bosch-ghp-200-1700w-profesional-alta-presion-accesorios-311235/,479999.0,357999.0,1,True
FRA-nivel-laser-verde-10-metros-tripode-pleg,Fravega,OTRAS,Herramientas,Nivel Laser Verde 10 Metros + Tripode Plegable Lusqtoff,https://www.fravega.com/p/nivel-laser-verde-10-metros-tripode-plegable-lusqtoff-22880691/,127639.0,68079.0,1,True
FRA-rotomartillo-taladro-percutor-lusqtoff-8,Fravega,OTRAS,Herramientas,Rotomartillo Taladro Percutor Lusqtoff 850W SDS Plus RML850-7,https://www.fravega.com/p/rotomartillo-taladro-percutor-lusqtoff-850w-sds-plus-rml850-7-22631705/,163209.0,90499.0,1,True
FRA-escalera-de-aluminio-4x3-articulada-12-e,Fravega,OTRAS,Herramientas,Escalera de Aluminio 4x3 Articulada 12 Escalones Garden Life 3.42 mts Multipropósito,https://www.fravega.com/p/escalera-de-aluminio-4x3-articulada-12-escalones-garden-life-3-42-mts-multiproposito-311015/,179999.0,149999.0,1,True
FRA-set-herramientas-manuales-black--decker-,Fravega,OTRAS,Herramientas,Set Herramientas Manuales Black & Decker 152 Pzs BMT152C-AR,https://www.fravega.com/p/set-herramientas-manuales-black--decker-152-pzs-bmt152c-ar-310584/,94999.0,74999.0,1,True
FRA-hidrolavadora-karcher-1300w-k-compacta-2,Fravega,OTRAS,Herramientas,Hidrolavadora Karcher 1300w K Compacta 220v Alta Presión Autostop,https://www.fravega.com/p/hidrolavadora-karcher-1300w-k-compacta-220v-alta-presion-autostop-311113/,199999.0,139999.0,1,True
FRA-set-herramientas-juego-46-pzas-tubos-lla,Fravega,OTRAS,Herramientas,Set Herramientas Juego 46 Pzas Tubos Llaves Puntas,https://www.fravega.com/p/set-herramientas-juego-46-pzas-tubos-llaves-puntas-311281/,19999.0,14999.0,1,True
FRA-hidrolavadora-daewoo-dax65-100-1600w-100,Fravega,OTRAS,Herramientas,Hidrolavadora Daewoo DAX65-100 1600W 100 bar con Autostop,https://www.fravega.com/p/hidrolavadora-daewoo-dax65-100-1600w-100-bar-con-autostop-310342/,229999.0,169999.0,1,True
FRA-desmalezadora-naftera-cilindraje-52-cc-m,Fravega,HP,Herramientas,"Desmalezadora Naftera Cilindraje 52 Cc Motor 2,2 Hp + Acc + ACEITE Lusqtoff",https://www.fravega.com/p/desmalezadora-naftera-cilindraje-52-cc-motor-2-2-hp-acc-aceite-lusqtoff-22655531/,229599.0,124389.0,1,True
FRA-hidrolavadora-daewoo-1400w-90-bar-con-au,Fravega,OTRAS,Herramientas,Hidrolavadora Daewoo 1400w 90 Bar con Autostop + Accesorios,https://www.fravega.com/p/hidrolavadora-daewoo-1400w-90-bar-con-autostop-accesorios-311494/,149999.0,119999.0,1,True
FRA-taladro-percutor-inalambrico-goodyear-21,Fravega,OTRAS,Herramientas,Taladro Percutor Inalambrico Goodyear 21v 10mm Fs Azul 50hz,https://www.fravega.com/p/taladro-percutor-inalambrico-goodyear-21v-10mm-fs-azul-50hz-22626889/,79999.0,64799.19,1,True
FRA-hidrolavadora-admiral-1400w-110-bar-con-,Fravega,OTRAS,Herramientas,Hidrolavadora Admiral 1400w 110 Bar con Autostop + Accesorios Alta Presión,https://www.fravega.com/p/hidrolavadora-admiral-1400w-110-bar-con-autostop-accesorios-alta-presion-311358/,149999.0,99999.0,1,True
FRA-lijadora-orbital-black--decker-bs200-ar-,Fravega,OTRAS,Herramientas,Lijadora Orbital Black & Decker BS200-AR,https://www.fravega.com/p/lijadora-orbital-black--decker-bs200-ar-310392/,79999.0,59999.0,1,True
FRA-escalera-de-aluminio-4x4-articulada-16-e,Fravega,OTRAS,Herramientas,"Escalera de Aluminio 4x4 Articulada 16 Escalones Garden Life TE1700 Multipropósito 4,35 mts",https://www.fravega.com/p/escalera-de-aluminio-4x4-articulada-16-escalones-garden-life-te1700-multiproposito-4-35-mts-310862/,249999.0,181799.0,1,True
FRA-bordeadora-inalambrica-daewoo-dalbc-20wh,Fravega,OTRAS,Herramientas,Bordeadora Inalámbrica Daewoo DALBC-20WH con 2 Baterías 21v,https://www.fravega.com/p/bordeadora-inalambrica-daewoo-dalbc-20wh-con-2-baterias-21v-311276/,149999.0,114999.0,1,True
FRA-hidrolavadora-bosch-ghp-200-1700w-profes,Fravega,HP,Herramientas,Hidrolavadora Bosch GHP 200 1700w Profesional Alta Presión + Accesorios,https://www.fravega.com/p/hidrolavadora-bosch-ghp-200-1700w-profesional-alta-presion-accesorios-311235/,479999.0,357999.0,1,True
FRA-nivel-laser-verde-10-metros-tripode-pleg,Fravega,OTRAS,Herramientas,Nivel Laser Verde 10 Metros + Tripode Plegable Lusqtoff,https://www.fravega.com/p/nivel-laser-verde-10-metros-tripode-plegable-lusqtoff-22880691/,127639.0,68079.0,1,True
FRA-rotomartillo-taladro-percutor-lusqtoff-8,Fravega,OTRAS,Herramientas,Rotomartillo Taladro Percutor Lusqtoff 850W SDS Plus RML850-7,https://www.fravega.com/p/rotomartillo-taladro-percutor-lusqtoff-850w-sds-plus-rml850-7-22631705/,163209.0,90499.0,1,True
FRA-escalera-de-aluminio-4x3-articulada-12-e,Fravega,OTRAS,Herramientas,Escalera de Aluminio 4x3 Articulada 12 Escalones Garden Life 3.42 mts Multipropósito,https://www.fravega.com/p/escalera-de-aluminio-4x3-articulada-12-escalones-garden-life-3-42-mts-multiproposito-311015/,179999.0,149999.0,1,True
FRA-torre-de-audio-jvc-bluetooth-con-microfo,Fravega,OTRAS,Audio,Torre de Audio JVC Bluetooth Con Micrófono XS-LA5214PBN,https://www.fravega.com/p/torre-de-audio-jvc-bluetooth-con-microfono-xs-la5214pbn-990304807/,322299.0,229999.0,1,True
FRA-parlante-jbl-flip-7-azul-401563,Fravega,OTRAS,Audio,Parlante JBL Flip 7 Azul,https://www.fravega.com/p/parlante-jbl-flip-7-azul-401563/,329999.0,272726.0,1,True
FRA-auriculares-jbl-tune-520-blanco-596029,Fravega,OTRAS,Audio,Auriculares JBL TUNE 520 Blanco,https://www.fravega.com/p/auriculares-jbl-tune-520-blanco-596029/,108999.0,79999.0,1,True
FRA-auriculares-xiaomi-redmi-buds-6-play-blu,Fravega,XIAOMI,Audio,Auriculares Xiaomi Redmi Buds 6 Play Bluetooth 5.4 Rose,https://www.fravega.com/p/auriculares-xiaomi-redmi-buds-6-play-bluetooth-5-4-rose-22624555/,32999.0,25799.0,1,True
FRA-parlante-portatil-philco-94sph609-401481,Fravega,PHILCO,Audio,Parlante Portátil Philco 94SPH609,https://www.fravega.com/p/parlante-portatil-philco-94sph609-401481/,63999.0,35999.0,1,True
FRA-auriculares-inalambrico-inear-xiaomi-red,Fravega,XIAOMI,Audio,Auriculares Inalambrico Inear Xiaomi Redmi Buds 6 Play Negro - Negro,https://www.fravega.com/p/auriculares-inalambrico-inear-xiaomi-redmi-buds-6-play-negro-negro-22724644/,27319.0,23999.0,1,True
FRA-auriculares-admiral-ad-m90-negro-596931,Fravega,OTRAS,Audio,Auriculares Admiral AD-M90 Negro,https://www.fravega.com/p/auriculares-admiral-ad-m90-negro-596931/,15999.0,7999.0,1,True
FRA-auriculares-xiaomi-redmi-buds-6-play-neg,Fravega,XIAOMI,Audio,Auriculares Xiaomi Redmi Buds 6 Play Negro,https://www.fravega.com/p/auriculares-xiaomi-redmi-buds-6-play-negro-596467/,37999.0,35999.0,1,True
FRA-parlante-bluetooth-suono-5-3-tws-ipx4-ti,Fravega,OTRAS,Audio,Parlante Bluetooth Suono 5.3 TWS IPX4 Tipo C,https://www.fravega.com/p/parlante-bluetooth-suono-5-3-tws-ipx4-tipo-c-990262206/,31999.0,15999.0,1,True
FRA-auriculares-inalambricos-bluetooth-admir,Fravega,OTRAS,Audio,Auriculares Inalámbricos Bluetooth Admiral AD-K6 Negro,https://www.fravega.com/p/auriculares-inalambricos-bluetooth-admiral-ad-k6-negro-596363/,12999.0,7499.0,1,True
FRA-auriculares-soundcore-space-one-negro--5,Fravega,OTRAS,Audio,Auriculares Soundcore Space One Negro,https://www.fravega.com/p/auriculares-soundcore-space-one-negro--596476/,399999.0,149999.0,1,True
FRA-auriculares-sony-wf-c710n-bzuc-596812,Fravega,SONY,Audio,Auriculares Sony WF-C710N/BZUC,https://www.fravega.com/p/auriculares-sony-wf-c710n-bzuc-596812/,199999.0,165288.0,1,True
FRA-auriculares-inalambricos-bluetooth-admir,Fravega,OTRAS,Audio,Auriculares Inalámbricos Bluetooth Admiral AD-F9 Negro,https://www.fravega.com/p/auriculares-inalambricos-bluetooth-admiral-ad-f9-negro-596383/,12999.0,7499.0,1,True
FRA-auriculares-inalambricos-bluetooth-aiwa-,Fravega,OTRAS,Audio,Auriculares Inalámbricos Bluetooth Aiwa TWA-7B Blanco,https://www.fravega.com/p/auriculares-inalambricos-bluetooth-aiwa-twa-7b-blanco-595814/,39999.0,10999.0,1,True
FRA-parlante-portatil-bluetooth-jbl-go-essen,Fravega,OTRAS,Audio,Parlante Portátil Bluetooth JBL GO Essential Negro,https://www.fravega.com/p/parlante-portatil-bluetooth-jbl-go-essential-negro-401234/,71999.0,54999.0,1,True
FRA-auriculares-ear-gamer-inalambricos-lenov,Fravega,LENOVO,Audio,Auriculares In-ear Gamer Inalambricos Lenovo Livepods Lp40 N Negro,https://www.fravega.com/p/auriculares-ear-gamer-inalambricos-lenovo-livepods-lp40-n-negro-22724640/,19879.0,17799.0,1,True
FRA-torre-de-audio-jvc-bluetooth-con-microfo,Fravega,OTRAS,Audio,Torre de Audio JVC Bluetooth Con Micrófono XS-LA5214PBN,https://www.fravega.com/p/torre-de-audio-jvc-bluetooth-con-microfono-xs-la5214pbn-990304807/,322299.0,229999.0,1,True
FRA-parlante-jbl-flip-7-azul-401563,Fravega,OTRAS,Audio,Parlante JBL Flip 7 Azul,https://www.fravega.com/p/parlante-jbl-flip-7-azul-401563/,329999.0,272726.0,1,True
FRA-auriculares-inalambricos-motorola-buds-0,Fravega,MOTOROLA,Audio,Auriculares Inalámbricos Motorola Buds 065 Negro,https://www.fravega.com/p/auriculares-inalambricos-motorola-buds-065-negro-596464/,59999.0,39999.0,1,True
FRA-auriculares-xiaomi-redmi-buds-6-play-blu,Fravega,XIAOMI,Audio,Auriculares Xiaomi Redmi Buds 6 Play Bluetooth 5.4 Black Negro,https://www.fravega.com/p/auriculares-xiaomi-redmi-buds-6-play-bluetooth-5-4-black-negro-22624554/,34999.0,27999.0,1,True
FRA-auriculares-ear-jbl-c50hi-cable-auxiliar,Fravega,OTRAS,Audio,Auriculares In-Ear JBL C50HI Cable Auxiliar 3.5mm Con Microfono,https://www.fravega.com/p/auriculares-ear-jbl-c50hi-cable-auxiliar-3-5mm-con-microfono-990285956/,10601.0,9540.9,1,True
FRA-auriculares-inalambricos-bluetooth-phili,Fravega,PHILIPS,Audio,Auriculares Inalámbricos Bluetooth Philips TAT1300BK,https://www.fravega.com/p/auriculares-inalambricos-bluetooth-philips-tat1300bk-597113/,49999.0,44999.0,1,True
FRA-auriculares-xiaomi-redmi-buds-6-play-blu,Fravega,XIAOMI,Audio,Auriculares Xiaomi Redmi Buds 6 Play Bluetooth 5.4 White,https://www.fravega.com/p/auriculares-xiaomi-redmi-buds-6-play-bluetooth-5-4-white-22624553/,34999.0,27999.0,1,True
FRA-auriculares-admiral-ad-f9-negro-597117,Fravega,OTRAS,Audio,Auriculares Admiral AD-F9 Negro,https://www.fravega.com/p/auriculares-admiral-ad-f9-negro-597117/,12999.0,7999.0,1,True
FRA-auricular-jbl-tune-flex-tws-blanco-59605,Fravega,OTRAS,Audio,Auricular JBL Tune Flex TWS Blanco,https://www.fravega.com/p/auricular-jbl-tune-flex-tws-blanco-596055/,184999.0,129999.0,1,True
FRA-auriculares-ear-philips-taue100bk-00-595,Fravega,PHILIPS,Audio,Auriculares In Ear Philips TAUE100BK/00,https://www.fravega.com/p/auriculares-ear-philips-taue100bk-00-595378/,12539.0,9999.0,1,True
FRA-auriculares-inalambricos-lenovo-thinkplu,Fravega,LENOVO,Audio,Auriculares inalámbricos Lenovo ThinkPlus XT80 negro,https://www.fravega.com/p/auriculares-inalambricos-lenovo-thinkplus-xt80-negro-22490578/,39990.0,35991.0,1,True
FRA-auriculares-jbl-tune-520-bluetooth-on-ea,Fravega,OTRAS,Audio,Auriculares Jbl Tune 520 Bluetooth On Ear Negro,https://www.fravega.com/p/auriculares-jbl-tune-520-bluetooth-on-ear-negro-990288266/,85499.0,76949.1,1,True
FRA-audifonos-inalambricos-xiaomi-redmi-buds,Fravega,XIAOMI,Audio,Audifonos Inalambricos Xiaomi Redmi Buds 6 Play Bt 5.4 Color Sky Blue,https://www.fravega.com/p/audifonos-inalambricos-xiaomi-redmi-buds-6-play-bt-5-4-color-sky-blue-22803217/,34999.0,27999.0,1,True
FRA-auriculares-inalambricos-suono-bluetooth,Fravega,OTRAS,Audio,Auriculares Inalámbricos Suono Bluetooth ANC Almohadillas,https://www.fravega.com/p/auriculares-inalambricos-suono-bluetooth-anc-almohadillas-990262211/,44904.0,28749.0,1,True
FRA-auricular-aiwa-twa-70n-negro-595753,Fravega,OTRAS,Audio,Auricular Aiwa TWA-70N Negro,https://www.fravega.com/p/auricular-aiwa-twa-70n-negro-595753/,39999.0,12999.0,1,True
FRA-parlante-portatil-bluetooth-jbl-charge-6,Fravega,OTRAS,Audio,Parlante Portátil Bluetooth JBL Charge 6 Black,https://www.fravega.com/p/parlante-portatil-bluetooth-jbl-charge-6-black-401736/,449999.0,371900.0,1,True
FRA-soundbar-samsung-hw-b450f-zb-502958,Fravega,SAMSUNG,Audio,Soundbar Samsung HW-B450F/ZB,https://www.fravega.com/p/soundbar-samsung-hw-b450f-zb-502958/,449999.0,371900.0,1,True
FRA-torre-de-audio-jvc-bluetooth-con-microfo,Fravega,OTRAS,Audio,Torre de Audio JVC Bluetooth Con Micrófono XS-LA5214PBN,https://www.fravega.com/p/torre-de-audio-jvc-bluetooth-con-microfono-xs-la5214pbn-990304807/,322299.0,229999.0,1,True
FRA-parlante-jbl-flip-7-azul-401563,Fravega,OTRAS,Audio,Parlante JBL Flip 7 Azul,https://www.fravega.com/p/parlante-jbl-flip-7-azul-401563/,329999.0,272726.0,1,True
FRA-auriculares-philips-tae2146bk-00-596766,Fravega,PHILIPS,Audio,Auriculares Philips TAE2146BK/00,https://www.fravega.com/p/auriculares-philips-tae2146bk-00-596766/,14999.0,12999.0,1,True
FRA-torre-de-sonido-aiwa-aw-t381-7000-watts-,Fravega,OTRAS,Audio,Torre de Sonido Aiwa AW-T381 7000 Watts + Micrófono,https://www.fravega.com/p/torre-de-sonido-aiwa-aw-t381-7000-watts-microfono-401702/,279999.0,179999.0,1,True
FRA-parlante-portatil-bluetooth-jbl-go-essen,Fravega,OTRAS,Audio,Parlante Portátil Bluetooth JBL GO Essential Rojo,https://www.fravega.com/p/parlante-portatil-bluetooth-jbl-go-essential-rojo-401271/,71999.0,59503.31,1,True
FRA-auriculares-inalambricos-tws-soundcore-b,Fravega,OTRAS,Audio,Auriculares Inalámbricos Tws Soundcore By Anker P25i Black Negro,https://www.fravega.com/p/auriculares-inalambricos-tws-soundcore-by-anker-p25i-black-negro-990283265/,43999.0,39998.98,1,True
FRA-auriculares-inalambricos-xiaomi-redmi-bu,Fravega,XIAOMI,Audio,AURICULARES INALAMBRICOS XIAOMI REDMI BUDS 6 PLAY BT 5.4 BLANCO 600mAh 10M M2420E1,https://www.fravega.com/p/auriculares-inalambricos-xiaomi-redmi-buds-6-play-bt-5-4-blanco-600mah-10m-m2420e1-22859405/,30919.0,26999.0,1,True
FRA-auriculares-ear-jbl-c50hi-cable-auxiliar,Fravega,OTRAS,Audio,Auriculares In-Ear JBL C50HI Cable Auxiliar Blanco,https://www.fravega.com/p/auriculares-ear-jbl-c50hi-cable-auxiliar-blanco-990285960/,10601.0,9540.9,1,True
FRA-auriculares-monster-xkt10-green-596374,Fravega,OTRAS,Audio,Auriculares Monster XKT10 Green,https://www.fravega.com/p/auriculares-monster-xkt10-green-596374/,89999.0,59999.0,1,True
FRA-auriculares-xiaomi-redmi-buds-8-active-b,Fravega,XIAOMI,Audio,Auriculares Xiaomi Redmi Buds 8 Active Bluetooth Negro,https://www.fravega.com/p/auriculares-xiaomi-redmi-buds-8-active-bluetooth-negro-22802876/,69999.0,55999.0,1,True
FRA-auriculares-bt-noblex-94hp350btw-white-5,Fravega,NOBLEX,Audio,Auriculares BT Noblex 94HP350BTW White,https://www.fravega.com/p/auriculares-bt-noblex-94hp350btw-white-596221/,55999.0,39999.0,1,True
FRA-auriculares-inalambricos-gadnic-vincha-b,Fravega,OTRAS,Audio,Auriculares Inalámbricos Gadnic Vincha Bluetooth 5.0,https://www.fravega.com/p/auriculares-inalambricos-gadnic-vincha-bluetooth-5-0-990160774/,47254.0,36349.01,1,True
FRA-auriculares-jbl-tune-720bt-black-9900623,Fravega,OTRAS,Audio,Auriculares Jbl Tune 720bt Black,https://www.fravega.com/p/auriculares-jbl-tune-720bt-black-990062303/,185499.0,131999.0,1,True
FRA-auriculares-philips-shl5005-00-negros--5,Fravega,PHILIPS,Audio,Auriculares Philips SHL5005/00 Negros,https://www.fravega.com/p/auriculares-philips-shl5005-00-negros--595022/,37779.0,29999.0,1,True
FRA-auriculares-jbl-tune-770nc-noise-canceli,Fravega,OTRAS,Audio,Auriculares Jbl Tune 770nc Noise Canceling Over Ear Black,https://www.fravega.com/p/auriculares-jbl-tune-770nc-noise-canceling-over-ear-black-990076397/,253899.0,177998.99,1,True
FRA-auriculares-deportivos-inalambricos-clip,Fravega,LENOVO,Audio,Auriculares Deportivos Inalambricos Clip Ear Resistencia al sudor y agua Lenovo Ea330,https://www.fravega.com/p/auriculares-deportivos-inalambricos-clip-ear-resistencia-al-sudor-y-agua-lenovo-ea330-22501027/,42990.0,38691.0,1,True
FRA-auriculares-inalambricos-noblex-hp350bt-,Fravega,NOBLEX,Audio,Auriculares Inalámbricos Noblex Hp350bt Bluetooth 5.0,https://www.fravega.com/p/auriculares-inalambricos-noblex-hp350bt-bluetooth-5-0-21203098/,62499.0,45999.0,1,True
FRA-torre-de-audio-jvc-bluetooth-con-microfo,Fravega,OTRAS,Audio,Torre de Audio JVC Bluetooth Con Micrófono XS-LA5214PBN,https://www.fravega.com/p/torre-de-audio-jvc-bluetooth-con-microfono-xs-la5214pbn-990304807/,322299.0,229999.0,1,True
FRA-parlante-jbl-flip-7-azul-401563,Fravega,OTRAS,Audio,Parlante JBL Flip 7 Azul,https://www.fravega.com/p/parlante-jbl-flip-7-azul-401563/,329999.0,272726.0,1,True
FRA-audifonos-lenovo-livepods-lp75-bluetooth,Fravega,LENOVO,Audio,Audífonos Lenovo Livepods Lp75 Bluetooth 5.3 Running Negro,https://www.fravega.com/p/audifonos-lenovo-livepods-lp75-bluetooth-5-3-running-negro-22491879/,44990.0,40491.0,1,True
FRA-auriculares-inalambricos-gadnic-a164-vin,Fravega,OTRAS,Audio,Auriculares Inalámbricos Gadnic A164 Vincha Cancelación de Ruido,https://www.fravega.com/p/auriculares-inalambricos-gadnic-a164-vincha-cancelacion-de-ruido-990159742/,71434.0,54949.0,1,True
FRA-sistema-sonido-philco-94djp41-401509,Fravega,PHILCO,Audio,Sistema Sonido Philco 94DJP41,https://www.fravega.com/p/sistema-sonido-philco-94djp41-401509/,199999.0,119999.0,1,True
FRA-radio-philco-prm90-dual-am-fm-bluetooth-,Fravega,PHILCO,Audio,Radio Philco Prm90 Dual Am Fm Bluetooth Color Negro,https://www.fravega.com/p/radio-philco-prm90-dual-am-fm-bluetooth-color-negro-22839511/,99999.0,64999.0,1,True
FRA-auriculares-lenovo-xg02-black-21257203,Fravega,LENOVO,Audio,Auriculares Lenovo XG02 Black,https://www.fravega.com/p/auriculares-lenovo-xg02-black-21257203/,59999.0,24999.0,1,True
FRA-parlante-portatil-t-go-bahamas-8-pulgada,Fravega,LG,Audio,Parlante portátil T-GO Bahamas 8 pulgadas Bluetooth USB Radio FM Luces Led Microfono,https://www.fravega.com/p/parlante-portatil-t-go-bahamas-8-pulgadas-bluetooth-usb-radio-fm-luces-led-microfono-990185541/,99999.0,59990.0,1,True
FRA-jbl-tune-720bt-auriculares-inalambricos-,Fravega,OTRAS,Audio,Jbl Tune 720bt - Auriculares Inalámbricos Color Negro,https://www.fravega.com/p/jbl-tune-720bt-auriculares-inalambricos-color-negro-23044129/,126057.05,96000.0,1,True
FRA-auricular-mut-x2pro-sin-microfono-para-e,Fravega,OTRAS,Audio,"Auricular mut x2pro sin microfono para estudios profesionales, gamer, show en vivos",https://www.fravega.com/p/auricular-mut-x2pro-sin-microfono-para-estudios-profesionales-gamer-show-vivos-22841713/,16759.0,15199.0,1,True
FRA-auriculares-bluetooth-a6s-tws-rosa-21923,Fravega,OTRAS,Audio,Auriculares Bluetooth A6s TWS Rosa,https://www.fravega.com/p/auriculares-bluetooth-a6s-tws-rosa-21923518/,15500.0,12999.0,1,True
FRA-philco-prc38-radio-am-fm-analogica-de-bo,Fravega,PHILCO,Audio,Philco Prc38 Radio Am/fm Analogica De Bolsillo C/parlante,https://www.fravega.com/p/philco-prc38-radio-am-fm-analogica-de-bolsillo-c-parlante-20024135/,29999.0,23399.0,1,True
FRA-auriculares-inalambricos-sony-wh-ch520-c,Fravega,SONY,Audio,Auriculares Inalámbricos Sony WH-CH520/CZ Beige,https://www.fravega.com/p/auriculares-inalambricos-sony-wh-ch520-cz-beige-596833/,109999.0,99999.0,1,True
FRA-auriculares-sony-wi-c100-bz-negro-596231,Fravega,SONY,Audio,Auriculares Sony WI-C100/BZ Negro,https://www.fravega.com/p/auriculares-sony-wi-c100-bz-negro-596231/,69999.0,59999.0,1,True
FRA-sistema-de-audio-philips-tax5509-77-4015,Fravega,PHILIPS,Audio,Sistema de Audio Philips TAX5509/77,https://www.fravega.com/p/sistema-de-audio-philips-tax5509-77-401511/,861909.0,799999.0,1,True
FRA-microfono-inalambrico-dji-mic-mini-2-tx-,Fravega,OTRAS,Audio,Microfono Inalambrico DJI Mic Mini 2 TX + 1 RX + Estuche Carga 400 m Cancelación Ruido Doble Canal Autonomía 48 h,https://www.fravega.com/p/microfono-inalambrico-dji-mic-mini-2-tx-1-rx-estuche-carga-400-m-cancelacion-ruido-doble-canal-autonomia-48-h-22866241/,489999.0,301989.0,1,True
FRA-auriculares-xiaomi-redmi-buds-8-active-b,Fravega,XIAOMI,Audio,Auriculares Xiaomi Redmi Buds 8 Active Bluetooth Blanco,https://www.fravega.com/p/auriculares-xiaomi-redmi-buds-8-active-bluetooth-blanco-22803215/,32999.0,25799.0,1,True
FRA-torre-de-audio-jvc-bluetooth-con-microfo,Fravega,OTRAS,Audio,Torre de Audio JVC Bluetooth Con Micrófono XS-LA5214PBN,https://www.fravega.com/p/torre-de-audio-jvc-bluetooth-con-microfono-xs-la5214pbn-990304807/,322299.0,229999.0,1,True
FRA-parlante-jbl-flip-7-azul-401563,Fravega,OTRAS,Audio,Parlante JBL Flip 7 Azul,https://www.fravega.com/p/parlante-jbl-flip-7-azul-401563/,329999.0,272726.0,1,True
FRA-jbl-quantum-650-22708663,Fravega,OTRAS,Audio,JBL QUANTUM 650,https://www.fravega.com/p/jbl-quantum-650-22708663/,399999.0,249999.0,1,True
FRA-auriculares-jbl-wave-beam-2-pink-9902897,Fravega,OTRAS,Audio,Auriculares JBL Wave Beam 2 Pink,https://www.fravega.com/p/auriculares-jbl-wave-beam-2-pink-990289771/,165373.75,132299.0,1,True
FRA-auriculares-inalambricos-bluetooth-noga-,Fravega,OTRAS,Audio,Auriculares Inalámbricos Bluetooth Noga A915bt Vincha Blanco,https://www.fravega.com/p/auriculares-inalambricos-bluetooth-noga-a915bt-vincha-blanco-22968261/,30000.0,22999.0,1,True
FRA-auriculares-inalambricos-thinkplus-livep,Fravega,OTRAS,Audio,Auriculares Inalambricos Thinkplus Livepods Lp40 Pro Bt Negro,https://www.fravega.com/p/auriculares-inalambricos-thinkplus-livepods-lp40-pro-bt-negro-22724643/,39479.0,34129.0,1,True
FRA-auriculares-c-mic-ear-samsung-jacks-3-5-,Fravega,SAMSUNG,Audio,AURICULARES C/MIC IN EAR SAMSUNG JACKS 3.5 MM EO-IA500BBEGWW NEGRO (8806092697324),https://www.fravega.com/p/auriculares-c-mic-ear-samsung-jacks-3-5-mm-eo-ia500bbegww-negro-8806092697324--22573478/,32087.0,22283.0,1,True
FRA-radio-am-fm-daihatsu-d-rp400-pila-220v-i,Fravega,OTRAS,Audio,Radio Am Fm Daihatsu D-rp400 Pila 220v Impacto Online Negro,https://www.fravega.com/p/radio-am-fm-daihatsu-d-rp400-pila-220v-impacto-online-negro-22512339/,47490.0,45115.5,1,True
FRA-auriculares-deportivos-bluetooth-tipo-ar,Fravega,LENOVO,Audio,Auriculares Deportivos Bluetooth Tipo Aro Resistencia al sudor y agua Lenovo Ea330,https://www.fravega.com/p/auriculares-deportivos-bluetooth-tipo-aro-resistencia-al-sudor-y-agua-lenovo-ea330-22501022/,42990.0,38691.0,1,True
FRA-auricular-bluetooth-blackpoint-i7-microf,Fravega,OTRAS,Audio,Auricular Bluetooth Blackpoint I7 Microfono para llamadas Caja Cargadora,https://www.fravega.com/p/auricular-bluetooth-blackpoint-i7-microfono-para-llamadas-caja-cargadora-21394588/,15000.0,11499.0,1,True
FRA-reproductor-cd-mp3-usb-bluetooth-radio-a,Fravega,PHILCO,Audio,Reproductor Cd Mp3 Usb Bluetooth Radio Am Fm Philco Compacto,https://www.fravega.com/p/reproductor-cd-mp3-usb-bluetooth-radio-am-fm-philco-compacto-21189295/,181110.0,162999.0,1,True
FRA-radio-portatil-gadnic-fm-am-vintage-reca,Fravega,OTRAS,Audio,Radio Portatil Gadnic FM AM Vintage Recargable USB BT TF Bateria 800 mAh Altavoz 3 W,https://www.fravega.com/p/radio-portatil-gadnic-fm-am-vintage-recargable-usb-bt-tf-bateria-800-mah-altavoz-3-w-990285282/,50959.0,39199.0,1,True
FRA-auriculares-inalambricos-samsung-galaxy-,Fravega,SAMSUNG,Audio,Auriculares Inalámbricos Samsung Galaxy Buds3 Fe Black Negro,https://www.fravega.com/p/auriculares-inalambricos-samsung-galaxy-buds3-fe-black-negro-990256682/,365999.0,150429.0,1,True
FRA-auriculares-vincha-noga-unicorn-manos-li,Fravega,OTRAS,Audio,Auriculares Vincha Noga Unicorn Manos Libres Celular Tablet Violeta,https://www.fravega.com/p/auriculares-vincha-noga-unicorn-manos-libres-celular-tablet-violeta-990152498/,21821.0,6999.0,1,True
FRA-auriculares-inalambricos-sony-wf-c510-bz,Fravega,SONY,Audio,Auriculares Inalámbricos Sony WF-C510/BZ Blancos,https://www.fravega.com/p/auriculares-inalambricos-sony-wf-c510-bz-blancos-596673/,112999.0,109999.0,1,True
FRA-auriculares-ear-tws-moonki-mh-tws33-negr,Fravega,OTRAS,Audio,Auriculares In Ear TWS Moonki MH-TWS33 Negro,https://www.fravega.com/p/auriculares-ear-tws-moonki-mh-tws33-negro-595606/,22259.0,17999.0,1,True
FRA-parlante-soundcore-bt-boom-2--401585,Fravega,OTRAS,Audio,Parlante Soundcore BT Boom 2,https://www.fravega.com/p/parlante-soundcore-bt-boom-2--401585/,599999.0,299999.0,1,True
FRA-juego-de-mesa-basta-juego-de-palabras-11,Fravega,OTRAS,Juguetes,Juego De Mesa Basta Juego De Palabras 1100 Shine,https://www.fravega.com/p/juego-de-mesa-basta-juego-de-palabras-1100-shine-990242478/,24990.0,20652.89,1,True
FRA-juego-de-mesa-taco-gato-cabra-queso-pizz,Fravega,OTRAS,Juguetes,Juego De Mesa Taco Gato Cabra Queso Pizza Tgcqp Buro,https://www.fravega.com/p/juego-de-mesa-taco-gato-cabra-queso-pizza-tgcqp-buro-990159423/,21490.0,17991.01,1,True
FRA-pizarra-magica-12-color-3852-351633,Fravega,OTRAS,Juguetes,Pizarra Mágica 12 Color 3852,https://www.fravega.com/p/pizarra-magica-12-color-3852-351633/,9999.0,3999.0,1,True
FRA-patacleta-love-078-negro-350889,Fravega,OTRAS,Juguetes,Patacleta Love 078 Negro,https://www.fravega.com/p/patacleta-love-078-negro-350889/,49999.0,29999.0,1,True
FRA-patacleta-love-078-blanco-350922,Fravega,OTRAS,Juguetes,Patacleta Love 078 Blanco,https://www.fravega.com/p/patacleta-love-078-blanco-350922/,49999.0,29999.0,1,True
FRA-bicicleta-camicleta-de-equilibrio-mecano,Fravega,OTRAS,Juguetes,Bicicleta Camicleta de equilibrio Mecano 077 Negro,https://www.fravega.com/p/bicicleta-camicleta-de-equilibrio-mecano-077-negro-351066/,59999.0,39999.0,1,True
FRA-puzzle-1000-pzs-noche-estrellada-88317-1,Fravega,OTRAS,Juguetes,Puzzle 1000 Pzs Noche Estrellada 88317 1979846 Shine,https://www.fravega.com/p/puzzle-1000-pzs-noche-estrellada-88317-1979846-shine-990143807/,20990.0,14990.0,1,True
FRA-cama-elastica-6ft-1-83m-red-de-seguridad,Fravega,OTRAS,Juguetes,"Cama Elástica 6ft 1,83m Red de Seguridad 100kg Azul",https://www.fravega.com/p/cama-elastica-6ft-1-83m-red-de-seguridad-100kg-azul-351431/,399999.0,269999.0,1,True
FRA-puzzle-1000-pzs-viajero-el-espacio-88316,Fravega,OTRAS,Juguetes,Puzzle 1000 Pzs Viajero en el Espacio 88316 1979228 Shine,https://www.fravega.com/p/puzzle-1000-pzs-viajero-el-espacio-88316-1979228-shine-990150083/,20990.0,14990.0,1,True
FRA-puzzle-rompecabeza-1000-pzs-mapamundi-an,Fravega,OTRAS,Juguetes,Puzzle Rompecabeza 1000 Pzs Mapamundi Antiguo 88319 1979870 Shine,https://www.fravega.com/p/puzzle-rompecabeza-1000-pzs-mapamundi-antiguo-88319-1979870-shine--990049564/,20990.0,14990.0,1,True
FRA-bicicleta-camicleta-de-equilibrio-mecano,Fravega,OTRAS,Juguetes,Bicicleta Camicleta de equilibrio Mecano 077 Rosa,https://www.fravega.com/p/bicicleta-camicleta-de-equilibrio-mecano-077-rosa-351068/,59999.0,39999.0,1,True
FRA-cuatriciclo-a-bateria-12v-azul-con-contr,Fravega,OTRAS,Juguetes,Cuatriciclo A Bateria 12V Azul Con Control Remoto Musica Usb Luces,https://www.fravega.com/p/cuatriciclo-a-bateria-12v-azul-con-control-remoto-musica-usb-luces-351062/,399999.0,264999.0,1,True
FRA-duravit-balde-bloques-1ra-infan-29-p-665,Fravega,OTRAS,Juguetes,Duravit Balde Bloques 1ra Infan 29 P 665,https://www.fravega.com/p/duravit-balde-bloques-1ra-infan-29-p-665-990159769/,9390.0,7990.01,1,True
FRA-juego-de-mesa-uno-de-mattel-351305,Fravega,OTRAS,Juguetes,Juego de Mesa Uno de Mattel,https://www.fravega.com/p/juego-de-mesa-uno-de-mattel-351305/,19999.0,10999.0,1,True
FRA-triciclo-babu-3-1-color-beige-1-5-anos-3,Fravega,OTRAS,Juguetes,Triciclo BABU 3 en 1 Color Beige 1-5 Años,https://www.fravega.com/p/triciclo-babu-3-1-color-beige-1-5-anos-351170/,199999.0,144999.0,1,True
FRA-cuatriciclo-a-bateria-negro-love-3015-35,Fravega,OTRAS,Juguetes,Cuatriciclo a Batería Negro Love 3015,https://www.fravega.com/p/cuatriciclo-a-bateria-negro-love-3015-351355/,219999.0,149999.0,1,True
FRA-mi-cocina-duravit-33-piezas-990049214,Fravega,OTRAS,Juguetes,Mi Cocina Duravit 33 Piezas,https://www.fravega.com/p/mi-cocina-duravit-33-piezas-990049214/,30990.0,24789.98,1,True
FRA-camara-de-impresion-instantanea-de-jugue,Fravega,OTRAS,Juguetes,Cámara de Impresión Instantánea de Juguete,https://www.fravega.com/p/camara-de-impresion-instantanea-de-juguete-351360/,74999.0,49999.0,1,True
FRA-triciclo-babu-3-1-color-negro-1-5-anos-3,Fravega,OTRAS,Juguetes,Triciclo BABU 3 en 1 Color Negro 1-5 Años,https://www.fravega.com/p/triciclo-babu-3-1-color-negro-1-5-anos-351171/,199999.0,144999.0,1,True
FRA-juego-mesa-y-sillas-infantil-con-respald,Fravega,OTRAS,Juguetes,Juego Mesa Y Sillas Infantil Con Respaldo Y Juguetero Blanco,https://www.fravega.com/p/juego-mesa-y-sillas-infantil-con-respaldo-y-juguetero-blanco-22815290/,280000.0,170000.0,1,True
FRA-moto-scooter-a-bateria-6v-blanco-351075,Fravega,OTRAS,Juguetes,Moto Scooter A Bateria 6V Blanco,https://www.fravega.com/p/moto-scooter-a-bateria-6v-blanco-351075/,199999.0,129999.0,1,True
FRA-drone-toysky-s175-max-22919893,Fravega,OTRAS,Juguetes,Drone Toysky S175 Max,https://www.fravega.com/p/drone-toysky-s175-max-22919893/,67473.0,61061.54,1,True
FRA-kit-baulero-con-mesa-montessori-22646763,Fravega,OTRAS,Juguetes,Kit Baulero con Mesa Montessori,https://www.fravega.com/p/kit-baulero-con-mesa-montessori-22646763/,253000.0,125950.0,1,True
FRA-impresora-3d-lapiz-purpura-rp100b-shine-,Fravega,OTRAS,Juguetes,Impresora 3d Lapiz Purpura Rp100b Shine,https://www.fravega.com/p/impresora-3d-lapiz-purpura-rp100b-shine-990250138/,39990.0,39989.99,1,True
FRA-metegol-futbol-con-pie-e182355-990238712,Fravega,OTRAS,Juguetes,Metegol Fútbol Con Pie E182355,https://www.fravega.com/p/metegol-futbol-con-pie-e182355-990238712/,169990.0,109990.0,1,True
FRA-peluche-musical-plim-plim-de-30cm-8401ap,Fravega,OTRAS,Juguetes,Peluche Musical Plim Plim De 30cm 8401ap,https://www.fravega.com/p/peluche-musical-plim-plim-de-30cm-8401ap-990235909/,65990.0,39989.99,1,True
FRA-duravit-juego-set-de-mate-618-990160093,Fravega,OTRAS,Juguetes,Duravit Juego Set De Mate 618,https://www.fravega.com/p/duravit-juego-set-de-mate-618-990160093/,7290.0,6490.0,1,True
FRA-petit-gourmet-juego-de-mate-con-termo-n1,Fravega,OTRAS,Juguetes,Petit Gourmet Juego De Mate Con Termo N106,https://www.fravega.com/p/petit-gourmet-juego-de-mate-con-termo-n106-990159559/,5000.0,4999.99,1,True
FRA-elmers-activador-para-hacer-slime-209030,Fravega,ACER,Juguetes,Elmers Activador Para Hacer Slime 2090307 Neasl,https://www.fravega.com/p/elmers-activador-para-hacer-slime-2090307-neasl-990142343/,10990.0,9990.0,1,True
FRA-juego-duravit-girabola-676-990055698,Fravega,OTRAS,Juguetes,Juego Duravit Girabola 676,https://www.fravega.com/p/juego-duravit-girabola-676-990055698/,9390.0,7990.01,1,True
FRA-palo-saltarin-gadnic-fb100-rojo-351222,Fravega,OTRAS,Juguetes,Palo Saltarín Gadnic FB100 Rojo,https://www.fravega.com/p/palo-saltarin-gadnic-fb100-rojo-351222/,19999.0,16999.0,1,True
FRA-drone-mini-plegable-360-doble-camara-wif,Fravega,OTRAS,Juguetes,Drone Mini Plegable 360° Doble Camara Wifi Principiantes E88,https://www.fravega.com/p/drone-mini-plegable-360-doble-camara-wifi-principiantes-e88-22948178/,54998.75,43999.0,1,True
FRA-cama-elastica-saltarina-reforzada-1-80-m,Fravega,OTRAS,Juguetes,"Cama Elástica Saltarina Reforzada 1,80 Metros Red Protectora",https://www.fravega.com/p/cama-elastica-saltarina-reforzada-1-80-metros-red-protectora-22664298/,262375.0,209900.0,1,True
FRA-puzzle-1000-pzas-el-jardin-de-las-delici,Fravega,OTRAS,Juguetes,Puzzle 1000 Pzas El Jardin De Las Delicias 810-0185 Fd100027,https://www.fravega.com/p/puzzle-1000-pzas-el-jardin-de-las-delicias-810-0185-fd100027-990238356/,19990.0,17990.0,1,True
FRA-juego-de-mesa-crocodile-dentist-2160500-,Fravega,OTRAS,Juguetes,Juego De Mesa Crocodile Dentist 2160500 Cuidado Que Muerde,https://www.fravega.com/p/juego-de-mesa-crocodile-dentist-2160500-cuidado-que-muerde-990236235/,10990.0,10989.99,1,True
FRA-juliana-i-love-unicornios-peinados-con-a,Fravega,OTRAS,Juguetes,Juliana I Love Unicornios Peinados Con Accesorios Sisjul052,https://www.fravega.com/p/juliana-i-love-unicornios-peinados-con-accesorios-sisjul052-990153026/,43770.0,19990.0,1,True
FRA-puzzle-1000-pzs-taverna-saint-88016-1489,Fravega,OTRAS,Juguetes,Puzzle 1000 Pzs Taverna Saint 88016 1489439 Shine,https://www.fravega.com/p/puzzle-1000-pzs-taverna-saint-88016-1489439-shine-990143164/,20990.0,12990.0,1,True
FRA-bloques-de-construccion-gadnic-magnetico,Fravega,OTRAS,Juguetes,Bloques De Construcción Gadnic Magnéticos 120 Piezas De Juguetes Para Niños,https://www.fravega.com/p/bloques-de-construccion-gadnic-magneticos-120-piezas-de-juguetes-para-ninos-990072122/,283984.0,218449.0,1,True
FRA-juego-de-mesa-rummy--burako-clasico-ruib,Fravega,OTRAS,Juguetes,Juego de Mesa Rummy & Burako Clásico Ruibal 1056,https://www.fravega.com/p/juego-de-mesa-rummy--burako-clasico-ruibal-1056-990049691/,105990.0,69990.01,1,True
FRA-trompo-gyro-metal-power-spin--351244,Fravega,OTRAS,Juguetes,Trompo Gyro Metal Power Spin,https://www.fravega.com/p/trompo-gyro-metal-power-spin--351244/,9999.0,7999.0,1,True
FRA-mis-primeros-trabajos-new-plast-351200,Fravega,OTRAS,Juguetes,Mis Primeros Trabajos New Plast,https://www.fravega.com/p/mis-primeros-trabajos-new-plast-351200/,59999.0,39999.0,1,True
FRA-mochila-valija-plegable-disney-cocina-lo,Fravega,OTRAS,Juguetes,Mochila Valija Plegable Disney Cocina Lotso,https://www.fravega.com/p/mochila-valija-plegable-disney-cocina-lotso-351025/,47999.0,36999.0,1,True
FRA-consola-retro-nes-hd-2-joystick-500-jueg,Fravega,OTRAS,Juguetes,Consola Retro Nes Hd + 2 Joystick + 500 Juegos,https://www.fravega.com/p/consola-retro-nes-hd-2-joystick-500-juegos-22949163/,38174.0,31549.0,1,True
FRA-juego-de-mesa-basta-apreta-ya-giantoys-p,Fravega,OTRAS,Juguetes,Juego de Mesa Basta Apretá Ya Giantoys Piensa Rápido y Contesta,https://www.fravega.com/p/juego-de-mesa-basta-apreta-ya-giantoys-piensa-rapido-y-contesta-22485123/,27375.0,21900.0,1,True
FRA-ametralladora-de-juguete-plastico-para-n,Fravega,OTRAS,Juguetes,Ametralladora De Juguete Plástico Para Niños Con Sonido 82761 Parnassa,https://www.fravega.com/p/ametralladora-de-juguete-plastico-para-ninos-con-sonido-82761-parnassa-21916986/,6641.0,4317.0,1,True
FRA-cama-elastica-precio-oferta-2-44-azul-me,Fravega,OTRAS,Juguetes,Cama Elastica Precio Oferta 2.44 Azul Metro Niños Adulto Red,https://www.fravega.com/p/cama-elastica-precio-oferta-2-44-azul-metro-ninos-adulto-red-20025851/,399980.0,329990.0,1,True
FRA-cama-elastica-3-mts-metros-ninos-red-pro,Fravega,OTRAS,Juguetes,Cama Elastica 3 Mts Metros Niños Red Proteccion Grande,https://www.fravega.com/p/cama-elastica-3-mts-metros-ninos-red-proteccion-grande-990289369/,440708.0,396637.2,1,True
FRA-slime-pote-1000gr-colores-surtidos-kl733,Fravega,OTRAS,Juguetes,Slime Pote 1000gr Colores Surtidos Kl733 Shine,https://www.fravega.com/p/slime-pote-1000gr-colores-surtidos-kl733-shine-990279932/,9990.0,8256.2,1,True
FRA-caja-de-gomitas-pulseras-band-77-grs-kl3,Fravega,OTRAS,Juguetes,Caja De Gomitas Pulseras Band 77 Grs Kl369 Shine,https://www.fravega.com/p/caja-de-gomitas-pulseras-band-77-grs-kl369-shine-990279920/,6500.0,5371.9,1,True
FRA-triciclo-multifuncional-plegable-infanti,Fravega,OTRAS,Juguetes,Triciclo multifuncional plegable Infanti JY-T08E gris,https://www.fravega.com/p/triciclo-multifuncional-plegable-infanti-jy-t08e-gris-990275412/,499999.0,292999.0,1,True
FRA-triciclo-bebesit-con-luz-y-barra-empuje-,Fravega,OTRAS,Juguetes,Triciclo Bebesit Con Luz y Barra Empuje Azul 360 Bebesit,https://www.fravega.com/p/triciclo-bebesit-con-luz-y-barra-empuje-azul-360-bebesit-990269135/,185713.0,129999.0,1,True
FRA-pistola-de-agua-automatica-gadnic-luz-le,Fravega,OTRAS,Juguetes,Pistola de Agua Automática Gadnic Luz Led Recargable 10 Metros,https://www.fravega.com/p/pistola-de-agua-automatica-gadnic-luz-led-recargable-10-metros-990265121/,53754.0,41349.0,1,True
FRA-bloques-magneticos-laberinto-bolitas-diy,Fravega,OTRAS,Juguetes,Bloques Magnéticos Laberinto Bolitas Diy 47 Pzs 2169731,https://www.fravega.com/p/bloques-magneticos-laberinto-bolitas-diy-47-pzs-2169731-990263350/,29990.0,19990.0,1,True
FRA-little-live-pets-jirafa-interactiva-2672,Fravega,OTRAS,Juguetes,Little Live Pets Jirafa Interactiva 26722,https://www.fravega.com/p/little-live-pets-jirafa-interactiva-26722-990252051/,179990.0,109990.0,1,True
FRA-rummikub-burako-original-xxl-1610-990249,Fravega,OTRAS,Juguetes,Rummikub Burako Original Xxl 1610,https://www.fravega.com/p/rummikub-burako-original-xxl-1610-990249657/,64990.0,53711.0,1,True
FRA-phi-phi-peluche-bob-esponja-25cm-be001-9,Fravega,OTRAS,Juguetes,Phi Phi Peluche Bob Esponja 25cm Be001,https://www.fravega.com/p/phi-phi-peluche-bob-esponja-25cm-be001-990249621/,29991.0,20990.0,1,True
FRA-cartas-x54-victoria-naipes-poker-bridge-,Fravega,OTRAS,Juguetes,Cartas X54 Victoria Naipes Poker Bridge 01092435 Ruibal,https://www.fravega.com/p/cartas-x54-victoria-naipes-poker-bridge-01092435-ruibal-990244045/,3992.0,3299.17,1,True
FRA-juego-kluster-buro-kltr-990243799,Fravega,OTRAS,Juguetes,Juego Kluster Buró Kltr,https://www.fravega.com/p/juego-kluster-buro-kltr-990243799/,47990.0,40491.0,1,True
FRA-caca-juego-de-mesa-cartas-bureau-de-jueg,Fravega,OTRAS,Juguetes,Caca Juego De Mesa Cartas Bureau De Juegos Buro,https://www.fravega.com/p/caca-juego-de-mesa-cartas-bureau-de-juegos-buro-990243793/,10750.0,8991.0,1,True
FRA-plim-plim-la-granja-rompecabezas-220885-,Fravega,OTRAS,Juguetes,Plim Plim En La Granja Rompecabezas 220885,https://www.fravega.com/p/plim-plim-la-granja-rompecabezas-220885-990242378/,11990.0,9909.09,1,True
FRA-lego-creator-tocadiscos-con-flores-31172,Fravega,OTRAS,Juguetes,Lego Creator Tocadiscos Con Flores 31172,https://www.fravega.com/p/lego-creator-tocadiscos-con-flores-31172-990242172/,219990.0,159990.0,1,True
FRA-juego-de-mesa-magnetismo-2788-990236150,Fravega,OTRAS,Juguetes,Juego De Mesa Magnetismo 2788,https://www.fravega.com/p/juego-de-mesa-magnetismo-2788-990236150/,16900.0,13990.0,1,True
FRA-peluche-musical-plim-plim-huggie-de-30cm,Fravega,OTRAS,Juguetes,Peluche Musical Plim Plim Huggie De 30cm 8401ep,https://www.fravega.com/p/peluche-musical-plim-plim-huggie-de-30cm-8401ep-990236118/,69990.0,59990.0,1,True
FRA-la-granja-de-zenon-peluche-bartolito-bai,Fravega,OTRAS,Juguetes,La Granja De Zenón Peluche Bartolito Bailarín 8028,https://www.fravega.com/p/la-granja-de-zenon-peluche-bartolito-bailarin-8028-990235956/,89990.0,79990.0,1,True
FRA-duravit-balde-accesorios-canasta-532-990,Fravega,OTRAS,Juguetes,Duravit Balde+accesorios Canasta 532,https://www.fravega.com/p/duravit-balde-accesorios-canasta-532-990187769/,8450.0,5890.0,1,True
FRA-fucking-dilema-24003-990178163,Fravega,OTRAS,Juguetes,Fucking Dilema 24003,https://www.fravega.com/p/fucking-dilema-24003-990178163/,32400.0,23990.0,1,True
FRA-triciclo-infantil-con-canasto-celeste-yx,Fravega,OTRAS,Juguetes,Triciclo Infantil Con Canasto Celeste Yx-t02,https://www.fravega.com/p/triciclo-infantil-con-canasto-celeste-yx-t02-990152456/,59990.0,32995.01,1,True
FRA-set-para-tejer-acc-de-lana-6-1-craft-and,Fravega,OTRAS,Juguetes,Set Para Tejer Acc. De Lana 6 En 1 Craft And Play Mm153,https://www.fravega.com/p/set-para-tejer-acc-de-lana-6-1-craft-and-play-mm153-990152196/,39990.0,19990.0,1,True
FRA-juego-barril-pirata-1651678-envio-normal,Fravega,OTRAS,Juguetes,Juego Barril Pirata 1651678 Envio Normal,https://www.fravega.com/p/juego-barril-pirata-1651678-envio-normal-990151424/,8990.0,7430.0,1,True
FRA-bop-it-clasico-new-nueva-version-espanol,Fravega,OTRAS,Juguetes,Bop It Clasico New Nueva Versión En Español E6393,https://www.fravega.com/p/bop-it-clasico-new-nueva-version-espanol-e6393-990145698/,99991.0,82637.19,1,True
FRA-triciclo-2-1-con-barra-de-empuje-azul-99,Fravega,OTRAS,Juguetes,Triciclo 2 En 1 Con Barra De Empuje Azul,https://www.fravega.com/p/triciclo-2-1-con-barra-de-empuje-azul-990144911/,105713.0,73999.0,1,True
FRA-puzzle-1000-piezas-girasoles-de-van-gogh,Fravega,OTRAS,Juguetes,Puzzle 1000 Piezas Girasoles De Van Gogh 1970525,https://www.fravega.com/p/puzzle-1000-piezas-girasoles-de-van-gogh-1970525-990142703/,22460.0,12990.0,1,True
FRA-triciclo-infantil-con-canasto-yx-t02-990,Fravega,OTRAS,Juguetes,Triciclo Infantil Con Canasto Yx-t02,https://www.fravega.com/p/triciclo-infantil-con-canasto-yx-t02-990142388/,59990.0,32995.01,1,True
FRA-mini-tramp-trampolin-randers-arg-068-gim,Fravega,OTRAS,Juguetes,Mini Tramp Trampolin Randers ARG-068 Gimnasia Fitness,https://www.fravega.com/p/mini-tramp-trampolin-randers-arg-068-gimnasia-fitness-990075171/,245952.0,149911.99,1,True
FRA-chicco-smiley-smartphone-didactico-bilin,Fravega,CHICCO,Juguetes,Chicco Smiley Smartphone Didáctico Bilingüe 1116100004,https://www.fravega.com/p/chicco-smiley-smartphone-didactico-bilingue-1116100004-990064590/,44990.0,19990.0,1,True
FRA-cochecito-de-bebe-paraguita-mu-reforzado,Fravega,OTRAS,Bebés y Primera Infancia,Cochecito de Bebe Paraguita MU Reforzado Color Gris,https://www.fravega.com/p/cochecito-de-bebe-paraguita-mu-reforzado-color-gris-680669/,99999.0,69999.0,1,True
FRA-cochecito-de-bebe-paseo-mu-reforzado-col,Fravega,OTRAS,Bebés y Primera Infancia,Cochecito de Bebe Paseo MU Reforzado Color Gris,https://www.fravega.com/p/cochecito-de-bebe-paseo-mu-reforzado-color-gris-680778/,219999.0,119999.0,1,True
FRA-cochecito-de-paseo-ultracompacto-bebesit,Fravega,OTRAS,Bebés y Primera Infancia,Cochecito de Paseo UltraCompacto Bebesit Negro,https://www.fravega.com/p/cochecito-de-paseo-ultracompacto-bebesit-negro-990245839/,162856.0,113999.0,1,True
FRA-cochecito-de-paseo-bebesit-eos-c-bandeja,Fravega,OTRAS,Bebés y Primera Infancia,Cochecito de paseo Bebesit Eos C/bandeja Superior Gris 1337-L,https://www.fravega.com/p/cochecito-de-paseo-bebesit-eos-c-bandeja-superior-gris-1337-l-990052858/,183813.0,128669.0,1,True
FRA-cochecito-de-bebe-travel-system-disney-c,Fravega,OTRAS,Bebés y Primera Infancia,Cochecito de Bebe Travel System Disney con Huevito Negro Minnie Mouse,https://www.fravega.com/p/cochecito-de-bebe-travel-system-disney-con-huevito-negro-minnie-mouse-23017008/,315300.0,242500.0,1,True
FRA-coche-paraguitas-de-bebe-disney-3-posici,Fravega,OTRAS,Bebés y Primera Infancia,Coche Paraguitas de Bebe Disney 3 Posiciones Negro,https://www.fravega.com/p/coche-paraguitas-de-bebe-disney-3-posiciones-negro-20458410/,154280.0,100359.0,1,True
FRA-cochecito-de-paseo-c-huevito-ultraplegab,Fravega,OTRAS,Bebés y Primera Infancia,Cochecito De Paseo C/Huevito Ultraplegable Azul + Caminador Musical - Celeste,https://www.fravega.com/p/cochecito-de-paseo-c-huevito-ultraplegable-azul-caminador-musical-celeste-990297637/,436070.0,305249.0,1,True
FRA-cochecito-bebes-3-1-traful-mawe-by-gadni,Fravega,OTRAS,Bebés y Primera Infancia,Cochecito Bebes 3 en 1 Traful Mawe by Gadnic Huevito Travel System,https://www.fravega.com/p/cochecito-bebes-3-1-traful-mawe-by-gadnic-huevito-travel-system-990286488/,572324.0,440249.0,1,True
FRA-cochecito-travel-system-infanti-padua-2g,Fravega,OTRAS,Bebés y Primera Infancia,Cochecito Travel System Infanti Padua 2G Negro,https://www.fravega.com/p/cochecito-travel-system-infanti-padua-2g-negro-990275243/,899999.0,445999.0,1,True
FRA-booster-s-respaldo-gofit-backless-410070,Fravega,OSTER,Bebés y Primera Infancia,Booster S/respaldo Gofit Backless (410070/10938),https://www.fravega.com/p/booster-s-respaldo-gofit-backless-410070-10938--990249437/,149990.0,129990.0,1,True
FRA-chicco-cochecito-goody-xplus-black-re-lu,Fravega,CHICCO,Bebés y Primera Infancia,Chicco Cochecito Goody Xplus Black Re_lux 08087040560000,https://www.fravega.com/p/chicco-cochecito-goody-xplus-black-re-lux-08087040560000-990249433/,499990.0,299990.0,1,True
FRA-baby-one-triciclo-alfa-360-verde-botr-00,Fravega,OTRAS,Bebés y Primera Infancia,Baby One Triciclo Alfa 360° Verde Botr-001,https://www.fravega.com/p/baby-one-triciclo-alfa-360-verde-botr-001-990246754/,219990.0,129990.0,1,True
FRA-cochecito-de-paseo-ultracompacto-bebesit,Fravega,OTRAS,Bebés y Primera Infancia,Cochecito de Paseo UltraCompacto Bebesit Beige,https://www.fravega.com/p/cochecito-de-paseo-ultracompacto-bebesit-beige-990245846/,175713.0,122999.0,1,True
FRA-cochecito-de-paseo-ultracompacto-bebesit,Fravega,OTRAS,Bebés y Primera Infancia,Cochecito de Paseo UltraCompacto Bebesit Gris,https://www.fravega.com/p/cochecito-de-paseo-ultracompacto-bebesit-gris-990245845/,160000.0,112000.0,1,True
FRA-cochecito-de-paseo-con-manillar-rebatibl,Fravega,OTRAS,Bebés y Primera Infancia,Cochecito de Paseo con Manillar Rebatible Gris Claro,https://www.fravega.com/p/cochecito-de-paseo-con-manillar-rebatible-gris-claro-990142448/,424004.0,350417.0,1,True
FRA-cochecito-de-paseo-azul-con-manillar-reb,Fravega,OTRAS,Bebés y Primera Infancia,Cochecito de Paseo  Azul con Manillar Rebatible 1390,https://www.fravega.com/p/cochecito-de-paseo-azul-con-manillar-rebatible-1390-990076388/,424004.0,350417.0,1,True
FRA-cochecito-de-paseo-eos-verde-oscuro-9900,Fravega,OTRAS,Bebés y Primera Infancia,Cochecito de Paseo EOS Verde Oscuro,https://www.fravega.com/p/cochecito-de-paseo-eos-verde-oscuro-990049444/,295334.0,244078.0,1,True
FRA-cochecito-de-bebe-paseo-mu-reforzado-col,Fravega,OTRAS,Bebés y Primera Infancia,Cochecito de Bebe Paseo MU Reforzado Color Azul,https://www.fravega.com/p/cochecito-de-bebe-paseo-mu-reforzado-color-azul-680820/,219999.0,119999.0,1,True
FRA-coche-cuna-de-bebes-reforzado-de-mickey-,Fravega,OTRAS,Bebés y Primera Infancia,Coche Cuna de Bebes Reforzado de Mickey Gris,https://www.fravega.com/p/coche-cuna-de-bebes-reforzado-de-mickey-gris-22721654/,169720.0,130555.0,1,True
FRA-coche-paraguitas-bebe-reforzado-disney-r,Fravega,OTRAS,Bebés y Primera Infancia,Coche Paraguitas Bebe Reforzado Disney Rojo,https://www.fravega.com/p/coche-paraguitas-bebe-reforzado-disney-rojo-21231872/,168510.0,110890.0,1,True
FRA-cochecito-de-paseo-plegable-reclinable-b,Fravega,OTRAS,Bebés y Primera Infancia,Cochecito De Paseo Plegable Reclinable Bebesit Eos 1337 Gris,https://www.fravega.com/p/cochecito-de-paseo-plegable-reclinable-bebesit-eos-1337-gris-20458681/,202999.0,200699.0,1,True
FRA-coche-cuna-de-bebe-travel-system-disney-,Fravega,OTRAS,Bebés y Primera Infancia,Coche Cuna de Bebe Travel System Disney Rojo Mickey,https://www.fravega.com/p/coche-cuna-de-bebe-travel-system-disney-rojo-mickey-20293912/,315330.0,242560.0,1,True
FRA-cochecito-de-paseo-bebesit-ultracompacto,Fravega,OTRAS,Bebés y Primera Infancia,Cochecito de paseo Bebesit Ultracompacto Beige 1250-C,https://www.fravega.com/p/cochecito-de-paseo-bebesit-ultracompacto-beige-1250-c-990301398/,213343.0,188799.0,1,True
FRA-cochecito-de-paseo-ultracompacto-gris-pa,Fravega,OTRAS,Bebés y Primera Infancia,Cochecito De Paseo Ultracompacto Gris + Pata Pata Musical Con Luz - Verde,https://www.fravega.com/p/cochecito-de-paseo-ultracompacto-gris-pata-pata-musical-con-luz-verde-990297648/,255913.0,179139.0,1,True
FRA-combo-cochecito-bebesit-foldy-1250-trici,Fravega,OTRAS,Bebés y Primera Infancia,Combo Cochecito Bebesit Foldy 1250 + Triciclo Bebesit SL-1701-C Verde,https://www.fravega.com/p/combo-cochecito-bebesit-foldy-1250-triciclo-bebesit-sl-1701-c-verde-990297602/,297784.0,208449.0,1,True
FRA-cochecito-fame-cabin-maxi-cosi-moon-grap,Fravega,OTRAS,Bebés y Primera Infancia,Cochecito Fame Cabin Maxi-Cosi Moon Graphite,https://www.fravega.com/p/cochecito-fame-cabin-maxi-cosi-moon-graphite-990292757/,1999999.0,1599999.0,1,True
FRA-cochecito-3-1-con-base-infanti-noa-verde,Fravega,OTRAS,Bebés y Primera Infancia,Cochecito 3 en 1 con Base Infanti Noa Verde,https://www.fravega.com/p/cochecito-3-1-con-base-infanti-noa-verde-990289227/,999999.0,599990.0,1,True
FRA-cochecito-oxford-twillic-green-990280072,Fravega,OTRAS,Bebés y Primera Infancia,Cochecito Oxford Twillic Green,https://www.fravega.com/p/cochecito-oxford-twillic-green-990280072/,1999999.0,1286999.0,1,True
FRA-capota-de-lluvia-para-cochecitos-lara-so,Fravega,OTRAS,Bebés y Primera Infancia,Capota de lluvia para cochecitos Lara Soho Leona2 Maxi-Cosi,https://www.fravega.com/p/capota-de-lluvia-para-cochecitos-lara-soho-leona2-maxi-cosi-990280071/,259999.0,108999.0,1,True
FRA-coche-paraguitas-adventure-infanti-gris-,Fravega,OTRAS,Bebés y Primera Infancia,Coche paragüitas Adventure Infanti Gris Oscuro,https://www.fravega.com/p/coche-paraguitas-adventure-infanti-gris-oscuro-990280070/,254999.0,149999.0,1,True
FRA-coche-paraguitas-adventure-infanti-negro,Fravega,OTRAS,Bebés y Primera Infancia,Coche paragüitas Adventure Infanti Negro,https://www.fravega.com/p/coche-paraguitas-adventure-infanti-negro-990280068/,254999.0,149999.0,1,True
FRA-cochecito-travel-system-muum-cosco-silve,Fravega,OTRAS,Bebés y Primera Infancia,Cochecito Travel System Muum Cosco Silver,https://www.fravega.com/p/cochecito-travel-system-muum-cosco-silver-990280065/,599999.0,469999.0,1,True
FRA-cochecito-travel-system-muum-cosco-golde,Fravega,OTRAS,Bebés y Primera Infancia,Cochecito Travel System Muum Cosco Golden,https://www.fravega.com/p/cochecito-travel-system-muum-cosco-golden-990280054/,599999.0,469999.0,1,True
FRA-cochecito-infanti-terrain-2g-ultralivian,Fravega,OTRAS,Bebés y Primera Infancia,Cochecito Infanti Terrain 2G ultraliviano Gris Melange,https://www.fravega.com/p/cochecito-infanti-terrain-2g-ultraliviano-gris-melange-990277523/,399999.0,265099.0,1,True
FRA-tabla-para-coches-hop-on-board-990275635,Fravega,OTRAS,Bebés y Primera Infancia,Tabla para coches Hop-on Board,https://www.fravega.com/p/tabla-para-coches-hop-on-board-990275635/,699999.0,367999.0,1,True
FRA-portavasos-para-coches-maxi-cosi-9902756,Fravega,OTRAS,Bebés y Primera Infancia,Portavasos para Coches Maxi-Cosi,https://www.fravega.com/p/portavasos-para-coches-maxi-cosi-990275634/,99999.0,73999.0,1,True
FRA-adaptadores-para-cochecitos-maxi-cosi-99,Fravega,OTRAS,Bebés y Primera Infancia,Adaptadores para cochecitos Maxi-Cosi,https://www.fravega.com/p/adaptadores-para-cochecitos-maxi-cosi-990275633/,99999.0,71999.0,1,True
FRA-soporte-para-telefono-maxi-cosi-99027562,Fravega,OTRAS,Bebés y Primera Infancia,Soporte para teléfono Maxi-Cosi,https://www.fravega.com/p/soporte-para-telefono-maxi-cosi-990275626/,99999.0,73999.0,1,True
FRA-parasol-para-cochecitos-maxi-cosi-black-,Fravega,OTRAS,Bebés y Primera Infancia,Parasol para cochecitos Maxi Cosi Black,https://www.fravega.com/p/parasol-para-cochecitos-maxi-cosi-black-990275624/,199999.0,116999.0,1,True
FRA-parasol-para-cochecitos-maxi-cosi-essent,Fravega,OTRAS,Bebés y Primera Infancia,Parasol para cochecitos Maxi Cosi Essential Graphite,https://www.fravega.com/p/parasol-para-cochecitos-maxi-cosi-essential-graphite-990275623/,199999.0,116999.0,1,True
FRA-capota-solar-para-cochecitos-maxi-cosi-9,Fravega,OTRAS,Bebés y Primera Infancia,Capota solar para cochecitos Maxi Cosi,https://www.fravega.com/p/capota-solar-para-cochecitos-maxi-cosi-990275618/,299999.0,124999.0,1,True
FRA-cochecito-jogger-breeze-3-ruedas-gris-in,Fravega,OTRAS,Bebés y Primera Infancia,Cochecito Jogger Breeze 3 ruedas gris Infanti,https://www.fravega.com/p/cochecito-jogger-breeze-3-ruedas-gris-infanti-990275257/,629999.0,396999.0,1,True
FRA-cochecito-3-1-con-base-infanti-noa-negro,Fravega,OTRAS,Bebés y Primera Infancia,Cochecito 3 en 1 con Base Infanti Noa Negro,https://www.fravega.com/p/cochecito-3-1-con-base-infanti-noa-negro-990275255/,999999.0,599990.0,1,True
FRA-cochecito-zelia-s-trio-3-1-grey-maxi-cos,Fravega,OTRAS,Bebés y Primera Infancia,COCHECITO ZELIA S TRIO 3 EN 1 GREY MAXI COSI,https://www.fravega.com/p/cochecito-zelia-s-trio-3-1-grey-maxi-cosi-990275252/,1999999.0,1231999.0,1,True
FRA-cochecito-zelia-s-trio-3-1-dark-grey-max,Fravega,OTRAS,Bebés y Primera Infancia,COCHECITO ZELIA S TRIO 3 EN 1 DARK GREY MAXI COSI,https://www.fravega.com/p/cochecito-zelia-s-trio-3-1-dark-grey-maxi-cosi-990275251/,1999999.0,1231999.0,1,True
FRA-cochecito-con-huevito-pompeya-infanti-99,Fravega,OTRAS,Bebés y Primera Infancia,Cochecito con huevito Pompeya Infanti,https://www.fravega.com/p/cochecito-con-huevito-pompeya-infanti-990275249/,699999.0,430199.0,1,True
FRA-cochecito-3-1-cloud-infanti-gris-oscuro-,Fravega,OTRAS,Bebés y Primera Infancia,Cochecito 3 en 1 Cloud Infanti Gris oscuro,https://www.fravega.com/p/cochecito-3-1-cloud-infanti-gris-oscuro-990275247/,999999.0,445999.0,1,True
FRA-cochecito-3-1-con-base-infanti-noa-negro,Fravega,OTRAS,Bebés y Primera Infancia,Cochecito 3 en 1 con Base Infanti Noa Negro-Rojo,https://www.fravega.com/p/cochecito-3-1-con-base-infanti-noa-negro-rojo-990275246/,999999.0,599990.0,1,True
FRA-cochecito-jogger-breeze-3-ruedas-verde-i,Fravega,OTRAS,Bebés y Primera Infancia,Cochecito Jogger Breeze 3 ruedas verde Infanti,https://www.fravega.com/p/cochecito-jogger-breeze-3-ruedas-verde-infanti-990275242/,629999.0,396999.0,1,True
FRA-cochecito-3-1-con-base-infanti-noa-gris-,Fravega,OTRAS,Bebés y Primera Infancia,Cochecito 3 en 1 con Base Infanti Noa Gris,https://www.fravega.com/p/cochecito-3-1-con-base-infanti-noa-gris-990275240/,999999.0,599990.0,1,True
FRA-cochecito-leona-2-twillic-graphite-99027,Fravega,OTRAS,Bebés y Primera Infancia,Cochecito Leona 2 Twillic Graphite,https://www.fravega.com/p/cochecito-leona-2-twillic-graphite-990275236/,1199999.0,1029999.0,1,True
FRA-cochecito-leona-2-twillic-truffle-990275,Fravega,OTRAS,Bebés y Primera Infancia,Cochecito Leona 2 Twillic Truffle,https://www.fravega.com/p/cochecito-leona-2-twillic-truffle-990275233/,1199999.0,1029999.0,1,True
FRA-cochecito-infanti-terrain-2g-ultralivian,Fravega,OTRAS,Bebés y Primera Infancia,Cochecito Infanti Terrain 2G ultraliviano Marengo Melange,https://www.fravega.com/p/cochecito-infanti-terrain-2g-ultraliviano-marengo-melange-990275228/,399999.0,265099.0,1,True
FRA-cochecito-soho-essential-green-maxi-cosi,Fravega,OTRAS,Bebés y Primera Infancia,COCHECITO SOHO ESSENTIAL GREEN MAXI COSI,https://www.fravega.com/p/cochecito-soho-essential-green-maxi-cosi-990275227/,999999.0,843999.0,1,True
FRA-coche-paraguitas-adventure-infanti-azul-,Fravega,OTRAS,Bebés y Primera Infancia,Coche paragüitas Adventure Infanti azul,https://www.fravega.com/p/coche-paraguitas-adventure-infanti-azul-990275224/,254999.0,149999.0,1,True
FRA-coche-paraguitas-aike-ultraliviano-negro,Fravega,OTRAS,Bebés y Primera Infancia,Coche paragüitas Aike ultraliviano negro Infanti,https://www.fravega.com/p/coche-paraguitas-aike-ultraliviano-negro-infanti-990275222/,299999.0,141999.0,1,True
FRA-cochecito-fame-maxi-cosi-twillic-black-9,Fravega,OTRAS,Bebés y Primera Infancia,Cochecito Fame Maxi-Cosi Twillic Black,https://www.fravega.com/p/cochecito-fame-maxi-cosi-twillic-black-990275220/,2399999.0,2256999.0,1,True
FRA-cochecito-fame-maxi-cosi-twillic-graphit,Fravega,OTRAS,Bebés y Primera Infancia,Cochecito Fame Maxi-Cosi  Twillic Graphite,https://www.fravega.com/p/cochecito-fame-maxi-cosi-twillic-graphite-990275216/,2399999.0,2256999.0,1,True
FRA-cochecito-leona-2-twillic-green-99027521,Fravega,OTRAS,Bebés y Primera Infancia,Cochecito Leona 2 Twillic Green,https://www.fravega.com/p/cochecito-leona-2-twillic-green-990275212/,1199999.0,1029999.0,1,True
FRA-cochecito-terrain-2g-ultraliviano-gris-i,Fravega,OTRAS,Bebés y Primera Infancia,Cochecito Terrain 2G ultraliviano gris Infanti,https://www.fravega.com/p/cochecito-terrain-2g-ultraliviano-gris-infanti-990275211/,399999.0,265099.0,1,True
FRA-cochecito-ultraliviano-de-bebe-laika-nom,Fravega,OTRAS,Bebés y Primera Infancia,COCHECITO ULTRALIVIANO DE BEBE LAIKA NOMAD BLACK MAXI COSI,https://www.fravega.com/p/cochecito-ultraliviano-de-bebe-laika-nomad-black-maxi-cosi-990275210/,489999.0,436999.0,1,True
FRA-cochecito-infanti-terrain-2g-ultralivian,Fravega,OTRAS,Bebés y Primera Infancia,Cochecito Infanti Terrain 2G ultraliviano negro,https://www.fravega.com/p/cochecito-infanti-terrain-2g-ultraliviano-negro-990275206/,399999.0,265099.0,1,True
FRA-coche-paraguitas-aike-ultraliviano-verde,Fravega,OTRAS,Bebés y Primera Infancia,Coche paragüitas Aike ultraliviano verde Infanti,https://www.fravega.com/p/coche-paraguitas-aike-ultraliviano-verde-infanti-990275203/,299999.0,141999.0,1,True
FRA-cochecito-terrain-2g-ultraliviano-verde-,Fravega,OTRAS,Bebés y Primera Infancia,Cochecito Terrain 2G ultraliviano verde Infanti,https://www.fravega.com/p/cochecito-terrain-2g-ultraliviano-verde-infanti-990275201/,399999.0,265099.0,1,True
FRA-cochecito-quinny-zapp-flex-red-on-graphi,Fravega,OTRAS,Bebés y Primera Infancia,COCHECITO QUINNY ZAPP FLEX RED ON GRAPHITE,https://www.fravega.com/p/cochecito-quinny-zapp-flex-red-on-graphite-990275198/,599999.0,299999.0,1,True
FRA-coche-paraguitas-aike-ultraliviano-infan,Fravega,OTRAS,Bebés y Primera Infancia,Coche paragüitas Aike ultraliviano Infanti gris,https://www.fravega.com/p/coche-paraguitas-aike-ultraliviano-infanti-gris-990275197/,199999.0,141999.0,1,True
FRA-cochecito-leona-2-twillic-black-99027519,Fravega,OTRAS,Bebés y Primera Infancia,Cochecito Leona 2 Twillic Black,https://www.fravega.com/p/cochecito-leona-2-twillic-black-990275196/,1199999.0,1029999.0,1,True
FRA-cochecito-quinny-zapp-flex-black-on-blac,Fravega,OTRAS,Bebés y Primera Infancia,COCHECITO QUINNY ZAPP FLEX BLACK ON BLACK,https://www.fravega.com/p/cochecito-quinny-zapp-flex-black-on-black-990275194/,599999.0,299998.0,1,True
FRA-cochecito-doble-fratello-infanti-negro-9,Fravega,OTRAS,Bebés y Primera Infancia,Cochecito doble Fratello Infanti negro,https://www.fravega.com/p/cochecito-doble-fratello-infanti-negro-990275192/,999999.0,421999.0,1,True
FRA-cochecito-oxford-essential-graphite-maxi,Fravega,OTRAS,Bebés y Primera Infancia,COCHECITO OXFORD ESSENTIAL GRAPHITE MAXI COSI,https://www.fravega.com/p/cochecito-oxford-essential-graphite-maxi-cosi-990275191/,1999999.0,1286999.0,1,True
FRA-cochecito-rocking-infanti-gris-990275189,Fravega,OTRAS,Bebés y Primera Infancia,Cochecito Rocking Infanti gris,https://www.fravega.com/p/cochecito-rocking-infanti-gris-990275189/,499999.0,257999.0,1,True
FRA-cochecito-soho-select-grey-maxi-cosi-990,Fravega,OTRAS,Bebés y Primera Infancia,COCHECITO SOHO SELECT GREY MAXI COSI,https://www.fravega.com/p/cochecito-soho-select-grey-maxi-cosi-990275187/,999999.0,843999.0,1,True
FRA-cochecito-doble-fratello-infanti-gris-99,Fravega,OTRAS,Bebés y Primera Infancia,Cochecito doble Fratello Infanti gris,https://www.fravega.com/p/cochecito-doble-fratello-infanti-gris-990275182/,999999.0,421999.0,1,True
FRA-cochecito-oxford-select-grey-maxi-cosi-9,Fravega,OTRAS,Bebés y Primera Infancia,COCHECITO OXFORD SELECT GREY MAXI COSI,https://www.fravega.com/p/cochecito-oxford-select-grey-maxi-cosi-990275181/,1999999.0,1286999.0,1,True
FRA-moises-fame-twillic-truffle-990275179,Fravega,OTRAS,Bebés y Primera Infancia,Moisés Fame Twillic Truffle,https://www.fravega.com/p/moises-fame-twillic-truffle-990275179/,1099999.0,898999.0,1,True
FRA-alfombra-sensorial-inflable-con-agua-y-a,Fravega,OTRAS,Bebés y Primera Infancia,Alfombra Sensorial Inflable con Agua y Aire Love 4230 Peces,https://www.fravega.com/p/alfombra-sensorial-inflable-con-agua-y-aire-love-4230-peces-680591/,10999.0,6999.0,1,True
FRA-corralito-gimnasio-para-bebe-love-hex-gr,Fravega,OTRAS,Bebés y Primera Infancia,Corralito Gimnasio Para Bebé Love Hex Gris 880,https://www.fravega.com/p/corralito-gimnasio-para-bebe-love-hex-gris-880-680908/,69999.0,49999.0,1,True
FRA-corralito-bebe-mawe-by-gadnic-plegable-t,Fravega,OTRAS,Bebés y Primera Infancia,Corralito Bebe Mawe by Gadnic Plegable Tela Oxford Aro Basquet Red Futbol,https://www.fravega.com/p/corralito-bebe-mawe-by-gadnic-plegable-tela-oxford-aro-basquet-red-futbol-990288860/,371084.0,285448.99,1,True
FRA-practicuna-colecho-bebesit-gris-con-mosq,Fravega,OTRAS,Bebés y Primera Infancia,Practicuna Colecho Bebesit Gris Con Mosquitero,https://www.fravega.com/p/practicuna-colecho-bebesit-gris-con-mosquitero-990173487/,222384.0,155669.0,1,True
FRA-corralito-inflable-baby-gym-intex-19611-,Fravega,OTRAS,Bebés y Primera Infancia,Corralito Inflable Baby Gym Intex 19611 Amarillo,https://www.fravega.com/p/corralito-inflable-baby-gym-intex-19611-amarillo-680706/,79999.0,49999.0,1,True
FRA-corralito-hexagonal-playard-cosco-grey-9,Fravega,OTRAS,Bebés y Primera Infancia,Corralito Hexagonal Playard Cosco Grey,https://www.fravega.com/p/corralito-hexagonal-playard-cosco-grey-990291963/,199999.0,64999.0,1,True
FRA-cuna-colecho-near-crib-cosco-rosa-990291,Fravega,OTRAS,Bebés y Primera Infancia,Cuna Colecho Near Crib Cosco Rosa,https://www.fravega.com/p/cuna-colecho-near-crib-cosco-rosa-990291952/,499999.0,189999.0,1,True
FRA-cuna-colecho-near-crib-cosco-gris-990291,Fravega,OTRAS,Bebés y Primera Infancia,Cuna Colecho Near Crib Cosco Gris,https://www.fravega.com/p/cuna-colecho-near-crib-cosco-gris-990291950/,499999.0,189999.0,1,True
FRA-corral-para-bebes-mawe-by-gadnic-120cm-a,Fravega,OTRAS,Bebés y Primera Infancia,Corral Para Bebes Mawe By Gadnic 120cm Alfombra Anillos De Agarre Espuma Protectora,https://www.fravega.com/p/corral-para-bebes-mawe-by-gadnic-120cm-alfombra-anillos-de-agarre-espuma-protectora-990290157/,365299.0,280999.0,1,True
FRA-corralito-plegable-bebe-hexagonal-mawe-b,Fravega,OTRAS,Bebés y Primera Infancia,Corralito Plegable Bebe Hexagonal Mawe by Gadnic Tela Oxford 210D,https://www.fravega.com/p/corralito-plegable-bebe-hexagonal-mawe-by-gadnic-tela-oxford-210d-990290154/,195779.0,150599.0,1,True
FRA-cuna-colecho-infanti-always-together-2g-,Fravega,OTRAS,Bebés y Primera Infancia,Cuna Colecho Infanti Always Together 2G Marengo,https://www.fravega.com/p/cuna-colecho-infanti-always-together-2g-marengo-990275594/,399999.0,279999.0,1,True
FRA-corralito-inflable-my-first-gym-intex-68,Fravega,OTRAS,Bebés y Primera Infancia,Corralito Inflable My First Gym Intex,https://www.fravega.com/p/corralito-inflable-my-first-gym-intex-680745/,59999.0,39999.0,1,True
FRA-practicuna-colecho-bebesit-gris-50039698,Fravega,OTRAS,Bebés y Primera Infancia,Practicuna Colecho Bebesit Gris,https://www.fravega.com/p/practicuna-colecho-bebesit-gris-50039698/,304647.0,251774.0,1,True
FRA-practicuna-colecho-bebesit-celeste-50039,Fravega,OTRAS,Bebés y Primera Infancia,Practicuna Colecho Bebesit Celeste,https://www.fravega.com/p/practicuna-colecho-bebesit-celeste-50039696/,304647.0,251774.0,1,True
FRA-colchon-de-espuma-cannon-cuna-infantil-9,Fravega,OTRAS,Bebés y Primera Infancia,Colchon De Espuma Cannon Cuna Infantil  97cm X 65cm X 10cm,https://www.fravega.com/p/colchon-de-espuma-cannon-cuna-infantil-97cm-x-65cm-x-10cm-22731879/,186306.71,172999.0,1,True
FRA-practicuna-corralito-plegable-transporta,Fravega,OTRAS,Bebés y Primera Infancia,Practicuna Corralito Plegable Transportable Bebesit 2105-ab Gris Liso,https://www.fravega.com/p/practicuna-corralito-plegable-transportable-bebesit-2105-ab-gris-liso-22696833/,175817.47,163259.0,1,True
FRA-practicuna-funky-fresh-luna-funkyeco-par,Fravega,OTRAS,Bebés y Primera Infancia,Practicuna Funky Fresh Luna Funkyeco Para Bebés Color Rosa,https://www.fravega.com/p/practicuna-funky-fresh-luna-funkyeco-para-bebes-color-rosa-22467279/,181999.0,129999.0,1,True
FRA-practicuna-funky-fresh-luna-funkyeco-par,Fravega,OTRAS,Bebés y Primera Infancia,Practicuna Funky Fresh Luna Funkyeco Para Bebés Color Gris Oscuro,https://www.fravega.com/p/practicuna-funky-fresh-luna-funkyeco-para-bebes-color-gris-oscuro-22467269/,181999.0,129999.0,1,True
FRA-colchon-80x140x10-cuna-funcional--215002,Fravega,OTRAS,Bebés y Primera Infancia,Colchón 80x140x10 Cuna Funcional,https://www.fravega.com/p/colchon-80x140x10-cuna-funcional--21500217/,110664.0,77465.0,1,True
FRA-colchon-para-practicuna-70x100x10-215002,Fravega,OTRAS,Bebés y Primera Infancia,Colchón Para Practicuna 70x100x10,https://www.fravega.com/p/colchon-para-practicuna-70x100x10-21500213/,83283.0,58298.0,1,True
FRA-colchon-de-cuna-60x120x10-21500208,Fravega,OTRAS,Bebés y Primera Infancia,Colchón De Cuna 60x120x10,https://www.fravega.com/p/colchon-de-cuna-60x120x10-21500208/,81551.0,57085.0,1,True
FRA-colchon-50x100x10-cuna--21500206,Fravega,OTRAS,Bebés y Primera Infancia,Colchón 50x100x10 Cuna,https://www.fravega.com/p/colchon-50x100x10-cuna--21500206/,68045.0,47631.0,1,True
FRA-cuna-colecho-convertible-5-1-escritorio-,Fravega,OTRAS,Bebés y Primera Infancia,Cuna Colecho Convertible 5 en 1 Escritorio Con Colchon,https://www.fravega.com/p/cuna-colecho-convertible-5-1-escritorio-con-colchon--21215810/,384900.0,291600.0,1,True
FRA-practicuna-colecho-para-bebe-bebesit-202,Fravega,OTRAS,Bebés y Primera Infancia,Practicuna Colecho Para Bebe Bebesit 2021c Con Mosquitero,https://www.fravega.com/p/practicuna-colecho-para-bebe-bebesit-2021c-con-mosquitero-20415049/,223999.0,220199.0,1,True
FRA-corralito-bebes-y-ninos-1-20x1-20x60-mon,Fravega,OTRAS,Bebés y Primera Infancia,Corralito Bebés Y Niños (1.20x1.20x60) Montessori,https://www.fravega.com/p/corralito-bebes-y-ninos-1-20x1-20x60-montessori-20348968/,228332.5,109450.0,1,True
FRA-corralito-plegable-safety-1st-instapop-d,Fravega,OTRAS,Bebés y Primera Infancia,Corralito Plegable Safety 1st Instapop Dome Con Techo,https://www.fravega.com/p/corralito-plegable-safety-1st-instapop-dome-con-techo-990304023/,699999.0,517999.0,1,True
FRA-corralito-bebesit-primera-infancia-2119-,Fravega,OTRAS,Bebés y Primera Infancia,Corralito Bebesit Primera Infancia 2119-B,https://www.fravega.com/p/corralito-bebesit-primera-infancia-2119-b-990301400/,80568.0,71299.0,1,True
FRA-corralito-bebesit-primera-infancia-2119-,Fravega,OTRAS,Bebés y Primera Infancia,Corralito Bebesit Primera Infancia 2119-C,https://www.fravega.com/p/corralito-bebesit-primera-infancia-2119-c-990301399/,80568.0,71299.0,1,True
FRA-cuna-colecho-near-crib-cosco-marron-9902,Fravega,OTRAS,Bebés y Primera Infancia,Cuna Colecho Near Crib Cosco Marrón,https://www.fravega.com/p/cuna-colecho-near-crib-cosco-marron-990291951/,499999.0,189999.0,1,True
FRA-cuna-colecho-near-crib-cosco-verde-99029,Fravega,OTRAS,Bebés y Primera Infancia,Cuna Colecho Near Crib Cosco Verde,https://www.fravega.com/p/cuna-colecho-near-crib-cosco-verde-990291949/,499999.0,189999.0,1,True
FRA-dispositivo-de-luces-y-sonidos-soothe-99,Fravega,OTRAS,Bebés y Primera Infancia,Dispositivo de Luces y Sonidos Soothe,https://www.fravega.com/p/dispositivo-de-luces-y-sonidos-soothe-990276891/,399999.0,257999.0,1,True
FRA-cuna-de-viaje-3-1-swift-beyond-grey-eco-,Fravega,OTRAS,Bebés y Primera Infancia,CUNA DE VIAJE 3 EN 1 SWIFT BEYOND GREY ECO MAXI COSI,https://www.fravega.com/p/cuna-de-viaje-3-1-swift-beyond-grey-eco-maxi-cosi-990275596/,999999.0,735999.0,1,True
FRA-cuna-colecho-infanti-always-together-2g-,Fravega,OTRAS,Bebés y Primera Infancia,Cuna Colecho Infanti Always Together 2G Mint,https://www.fravega.com/p/cuna-colecho-infanti-always-together-2g-mint-990275590/,399999.0,279999.0,1,True
FRA-cuna-bebe-moises-esmeralda-navy-safety-1,Fravega,OTRAS,Bebés y Primera Infancia,CUNA BEBE MOISES ESMERALDA NAVY SAFETY 1ST,https://www.fravega.com/p/cuna-bebe-moises-esmeralda-navy-safety-1st-990275589/,289999.0,229999.0,1,True
FRA-cuna-de-viaje-3-1-swift-beyond-graphite-,Fravega,OTRAS,Bebés y Primera Infancia,CUNA DE VIAJE 3 EN 1 SWIFT BEYOND GRAPHITE ECO MAXI COSI,https://www.fravega.com/p/cuna-de-viaje-3-1-swift-beyond-graphite-eco-maxi-cosi-990275588/,999999.0,735999.0,1,True
FRA-cuna-moises-para-bebe-esmeralda-gris-saf,Fravega,OTRAS,Bebés y Primera Infancia,CUNA MOISES PARA BEBE ESMERALDA GRIS SAFETY 1ST,https://www.fravega.com/p/cuna-moises-para-bebe-esmeralda-gris-safety-1st-990275465/,289999.0,149999.0,1,True
FRA-cuna-colecho-iora-air-maxi-cosi-beyond-g,Fravega,OTRAS,Bebés y Primera Infancia,CUNA COLECHO IORA AIR MAXI COSI BEYOND GREY ECO,https://www.fravega.com/p/cuna-colecho-iora-air-maxi-cosi-beyond-grey-eco-990275273/,899999.0,797999.0,1,True
FRA-cuna-colecho-tori-beyond-graphite-eco-ma,Fravega,OTRAS,Bebés y Primera Infancia,CUNA COLECHO TORI BEYOND GRAPHITE ECO MAXI COSI,https://www.fravega.com/p/cuna-colecho-tori-beyond-graphite-eco-maxi-cosi-990275272/,799999.0,469999.0,1,True
FRA-cuna-colecho-iora-beyond-green-eco-99027,Fravega,OTRAS,Bebés y Primera Infancia,Cuna colecho Iora Beyond Green Eco,https://www.fravega.com/p/cuna-colecho-iora-beyond-green-eco-990275267/,999999.0,668999.0,1,True
FRA-cuna-colecho-iora-beyond-graphite-eco-99,Fravega,OTRAS,Bebés y Primera Infancia,Cuna colecho Iora Beyond Graphite Eco,https://www.fravega.com/p/cuna-colecho-iora-beyond-graphite-eco-990275264/,999999.0,668999.0,1,True
FRA-cuna-colecho-infanti-better-together-gri,Fravega,OTRAS,Bebés y Primera Infancia,Cuna colecho Infanti Better Together gris oscuro,https://www.fravega.com/p/cuna-colecho-infanti-better-together-gris-oscuro-990275261/,499999.0,299999.0,1,True
FRA-cuna-colecho-infanti-better-together-gri,Fravega,OTRAS,Bebés y Primera Infancia,Cuna colecho Infanti Better Together gris claro,https://www.fravega.com/p/cuna-colecho-infanti-better-together-gris-claro-990275260/,499999.0,299999.0,1,True
FRA-corralito-bebesit-2119-celeste-990235533,Fravega,OTRAS,Bebés y Primera Infancia,Corralito Bebesit 2119 Celeste,https://www.fravega.com/p/corralito-bebesit-2119-celeste-990235533/,90749.0,74999.0,1,True
FRA-practicuna-cuna-plegable-felcraft-deluxe,Fravega,OTRAS,Bebés y Primera Infancia,Practicuna Cuna Plegable Felcraft Deluxe Cambiador Y Movil,https://www.fravega.com/p/practicuna-cuna-plegable-felcraft-deluxe-cambiador-y-movil-990178956/,414659.0,319287.42,1,True
FRA-chicco-luz-de-noche-goodnight-bear-blue-,Fravega,CHICCO,Bebés y Primera Infancia,Chicco Luz De Noche Goodnight Bear Blue 91562,https://www.fravega.com/p/chicco-luz-de-noche-goodnight-bear-blue-91562-990052273/,84990.0,59990.0,1,True
FRA-proyector-cuna-chicco-next2moon-musica-c,Fravega,CHICCO,Bebés y Primera Infancia,Proyector Cuna Chicco Next2moon Música Clásica 9828,https://www.fravega.com/p/proyector-cuna-chicco-next2moon-musica-clasica-9828-990052271/,129990.0,89989.99,1,True
FRA-chicco-carrusel-next2-dreams-3-1-76271-9,Fravega,CHICCO,Bebés y Primera Infancia,Chicco Carrusel Next2 Dreams 3 En 1 76271,https://www.fravega.com/p/chicco-carrusel-next2-dreams-3-1-76271-990052224/,149990.0,99990.0,1,True
FRA-practicuna-colecho-bebesit-rosa-50039697,Fravega,OTRAS,Bebés y Primera Infancia,Practicuna Colecho Bebesit Rosa,https://www.fravega.com/p/practicuna-colecho-bebesit-rosa-50039697/,304647.0,251774.0,1,True
FRA-vibrador-para-cuna-love-800-negro-500055,Fravega,OTRAS,Bebés y Primera Infancia,Vibrador para Cuna Love 800 Negro,https://www.fravega.com/p/vibrador-para-cuna-love-800-negro-50005528/,17000.0,13599.0,1,True
FRA-practicuna-corralito-plegable-transporta,Fravega,OTRAS,Bebés y Primera Infancia,Practicuna Corralito Plegable Transportable Bebesit 2105-ad Celeste Lisa,https://www.fravega.com/p/practicuna-corralito-plegable-transportable-bebesit-2105-ad-celeste-lisa-22722753/,174417.47,161959.0,1,True
FRA-practicuna-corralito-bebesit-rosa-liso-2,Fravega,OTRAS,Bebés y Primera Infancia,Practicuna Corralito Bebesit Rosa Liso,https://www.fravega.com/p/practicuna-corralito-bebesit-rosa-liso-22722663/,175817.47,163259.0,1,True
FRA-movil-cunero-proyector-musical-sonidos-b,Fravega,OTRAS,Bebés y Primera Infancia,Movil Cunero Proyector Musical Sonidos Bebe,https://www.fravega.com/p/movil-cunero-proyector-musical-sonidos-bebe-22650973/,57989.0,47924.79,1,True
FRA-movil-musical-suenos-de-cuna-zorro-winfu,Fravega,OTRAS,Bebés y Primera Infancia,Movil Musical Sueños De Cuna Zorro Winfun,https://www.fravega.com/p/movil-musical-suenos-de-cuna-zorro-winfun-22537973/,106625.0,82399.0,1,True
FRA-colgante-con-vibracion-abeja-phi-phi-toy,Fravega,LG,Bebés y Primera Infancia,Colgante Con Vibración Abeja - Phi Phi Toys,https://www.fravega.com/p/colgante-con-vibracion-abeja-phi-phi-toys-22469259/,32442.0,24299.0,1,True
FRA-dolce-bambino-sonajero-vaquita-22469246,Fravega,OTRAS,Bebés y Primera Infancia,Dolce Bambino Sonajero Vaquita,https://www.fravega.com/p/dolce-bambino-sonajero-vaquita-22469246/,31399.0,25950.0,1,True
FRA-barral-para-cuna-y-cochecitos-pollito-ph,Fravega,OTRAS,Bebés y Primera Infancia,Barral Para Cuna Y Cochecitos Pollito Phi Phi Toys,https://www.fravega.com/p/barral-para-cuna-y-cochecitos-pollito-phi-phi-toys-22464870/,30588.85,27699.0,1,True
FRA-bimbi-tira-de-cuna-animalitos-para-bebe-,Fravega,OTRAS,Bebés y Primera Infancia,Bimbi Tira De Cuna Animalitos Para Bebe,https://www.fravega.com/p/bimbi-tira-de-cuna-animalitos-para-bebe-22182053/,26500.0,20499.0,1,True
FRA-colchon-piero-foam-ii-190x160x23cm-espum,Fravega,OTRAS,Bebés y Primera Infancia,Colchón Piero FOAM II 190x160x23cm Espuma,https://www.fravega.com/p/colchon-piero-foam-ii-190x160x23cm-espuma-22082855/,599999.0,489899.0,1,True
FRA-practicuna-funky-fresh-luna-funkyeco-par,Fravega,OTRAS,Bebés y Primera Infancia,Practicuna Funky Fresh Luna Funkyeco Para Bebés Color Negro,https://www.fravega.com/p/practicuna-funky-fresh-luna-funkyeco-para-bebes-color-negro-22081623/,181999.0,129999.0,1,True
FRA-colchon-piero-body-pro-1-plaza-190x80x18,Fravega,OTRAS,Bebés y Primera Infancia,Colchón Piero Body Pro 1 Plaza 190x80x18 Espuma,https://www.fravega.com/p/colchon-piero-body-pro-1-plaza-190x80x18-espuma--21998695/,408998.0,245399.0,1,True
FRA-tira-sonajero-para-cochecito-monstruitos,Fravega,OTRAS,Bebés y Primera Infancia,Tira Sonajero Para Cochecito Monstruitos 26 Cm - Phiphi Toys,https://www.fravega.com/p/tira-sonajero-para-cochecito-monstruitos-26-cm-phiphi-toys-21917185/,43347.0,33499.0,1,True
FRA-cuna-colecho-bebekids-altura-regulable-r,Fravega,OTRAS,Bebés y Primera Infancia,Cuna Colecho Bebekids Altura Regulable Ruedas y colchon,https://www.fravega.com/p/cuna-colecho-bebekids-altura-regulable-ruedas-y-colchon-21915820/,387900.0,293900.0,1,True
FRA-cangrejo-colgante-didactico-de-peluche-p,Fravega,LG,Bebés y Primera Infancia,Cangrejo Colgante Didactico De Peluche - Phi Phi Toys,https://www.fravega.com/p/cangrejo-colgante-didactico-de-peluche-phi-phi-toys-21748407/,32220.0,25899.0,1,True
FRA-sonajero-cunero-mono-peluche-winfun-2174,Fravega,OTRAS,Bebés y Primera Infancia,Sonajero Cunero Mono Peluche - Winfun,https://www.fravega.com/p/sonajero-cunero-mono-peluche-winfun-21748360/,27428.7,21099.0,1,True
FRA-peluche-cunero-musical-gorrion-25cm-cele,Fravega,OTRAS,Bebés y Primera Infancia,Peluche Cunero Musical Gorrion 25cm Celeste - Phi Phi Toys,https://www.fravega.com/p/peluche-cunero-musical-gorrion-25cm-celeste-phi-phi-toys-21712404/,33385.0,25799.0,1,True
FRA-barral-de-cuna-unicornio-phi-phi-toys-21,Fravega,OTRAS,Bebés y Primera Infancia,Barral De Cuna Unicornio - Phi Phi Toys,https://www.fravega.com/p/barral-de-cuna-unicornio-phi-phi-toys-21688959/,33126.0,25599.0,1,True
FRA-bimbi-tira-de-cuna-ositos-con-sonido-tip,Fravega,OTRAS,Bebés y Primera Infancia,Bimbi Tira De Cuna Ositos Con Sonido Tipo Sonajero,https://www.fravega.com/p/bimbi-tira-de-cuna-ositos-con-sonido-tipo-sonajero-21520534/,26908.7,20699.0,1,True
FRA-cunero-musical-giratorio-osos-happy-shak,Fravega,OTRAS,Bebés y Primera Infancia,Cunero Musical Giratorio Osos Happy Shaking Bell,https://www.fravega.com/p/cunero-musical-giratorio-osos-happy-shaking-bell-21518349/,55640.0,42999.0,1,True
FRA-barral-para-cuna-y-cochecitos-pollito-ro,Fravega,OTRAS,Bebés y Primera Infancia,Barral Para Cuna Y Cochecitos Pollito Rojo Phi Phi Toys,https://www.fravega.com/p/barral-para-cuna-y-cochecitos-pollito-rojo-phi-phi-toys-21477593/,31961.0,24699.0,1,True
FRA-cuna-convertible-antonella-cambiador-col,Fravega,OTRAS,Bebés y Primera Infancia,Cuna Convertible Antonella + Cambiador + Colchon + Ruedas,https://www.fravega.com/p/cuna-convertible-antonella-cambiador-colchon-ruedas-21453651/,492000.0,372700.0,1,True
FRA-cuna-convertible-antonella-con-cambiador,Fravega,OTRAS,Bebés y Primera Infancia,Cuna Convertible Antonella con Cambiador y Ruedas con Freno,https://www.fravega.com/p/cuna-convertible-antonella-con-cambiador-y-ruedas-con-freno-21453645/,419900.0,318100.0,1,True
FRA-tira-de-cuna-payasos-lyon-toys-21359403,Fravega,OTRAS,Bebés y Primera Infancia,Tira De Cuna Payasos Lyon Toys,https://www.fravega.com/p/tira-de-cuna-payasos-lyon-toys-21359403/,24568.7,19399.0,1,True
FRA-cama-montessori-estrella-blanco-y-gris-c,Fravega,OTRAS,Bebés y Primera Infancia,Cama Montessori Estrella Blanco y Gris + Colchon 140x80x12,https://www.fravega.com/p/cama-montessori-estrella-blanco-y-gris-colchon-140x80x12-21296191/,498400.0,377600.0,1,True
FRA-cama-montessori-estrella-blanco-colchon-,Fravega,OTRAS,Bebés y Primera Infancia,Cama Montessori Estrella Blanco + Colchon 140x80x12,https://www.fravega.com/p/cama-montessori-estrella-blanco-colchon-140x80x12-21296185/,498400.0,377600.0,1,True
FRA-cama-montessori-estrella-blanco-y-azul-c,Fravega,OTRAS,Bebés y Primera Infancia,Cama Montessori Estrella Blanco y Azul + Colchon 140x80x12,https://www.fravega.com/p/cama-montessori-estrella-blanco-y-azul-colchon-140x80x12-21296178/,498400.0,377600.0,1,True
