sku_original,competidor,marca,categoria,nombre_producto,url_producto,precio_regular,precio_oferta,cuotas,hay_stock
FRA-smart-tv-samsung-qled-4k-uhd-75-qn75q7fa,Fravega,SAMSUNG,Televisores,Smart TV Samsung QLED 4K UHD 75” QN75Q7FAAGCZB,https://www.fravega.com/p/smart-tv-samsung-qled-4k-uhd-75-qn75q7faagczb-503123/,2549999.0,2199999.0,1,True
FRA-smart-tv-philips-65-led-4k-uhd-65pud8100,Fravega,PHILIPS,Televisores,"Smart TV Philips 65"" LED 4K UHD 65PUD8100/77 Ambilight Titan OS WiFi",https://www.fravega.com/p/smart-tv-philips-65-led-4k-uhd-65pud8100-77-ambilight-titan-os-wifi-503084/,1599999.0,1299999.0,1,True
FRA-smart-tv-samsung-qled-4k-uhd-65-qn65q6fa,Fravega,SAMSUNG,Televisores,Smart TV Samsung QLED 4K UHD 65” QN65Q6FAAG,https://www.fravega.com/p/smart-tv-samsung-qled-4k-uhd-65-qn65q6faag-503022/,1399999.0,1157023.97,1,True
FRA-smart-tv-kanji-32-hd-whaleos-kj-32mt005-,Fravega,OTRAS,Televisores,Smart TV Kanji 32” HD WhaleOS KJ-32MT005-2W,https://www.fravega.com/p/smart-tv-kanji-32-hd-whaleos-kj-32mt005-2w-503140/,329999.0,219999.0,1,True
FRA-smart-tv-samsung-85-qled-4k-q7-tizen-os-,Fravega,SAMSUNG,Televisores,Smart TV Samsung 85” QLED 4K Q7 Tizen OS,https://www.fravega.com/p/smart-tv-samsung-85-qled-4k-q7-tizen-os-503003/,3999999.0,3305784.3,1,True
FRA-smart-tv-samsung-75-led-4k-crystal-uhd-u,Fravega,SAMSUNG,Televisores,"Smart TV Samsung 75"" LED 4K Crystal UHD U8000F",https://www.fravega.com/p/smart-tv-samsung-75-led-4k-crystal-uhd-u8000f-503091/,2299999.0,1899999.0,1,True
FRA-smart-tv-hyundai-65-qled-4k-uhd-android-,Fravega,OTRAS,Televisores,"Smart TV Hyundai 65"" Qled 4K UHD Android TV",https://www.fravega.com/p/smart-tv-hyundai-65-qled-4k-uhd-android-tv-990288987/,2534989.0,1359999.01,1,True
FRA-tv-led-noblex-hd-40-dv40x5100f-502877,Fravega,NOBLEX,Televisores,TV Led Noblex HD 40” DV40X5100F,https://www.fravega.com/p/tv-led-noblex-hd-40-dv40x5100f-502877/,399999.0,299999.0,1,True
FRA-smart-tv-philips-qled-4k-65-65pud8250-77,Fravega,PHILIPS,Televisores,Smart TV Philips QLED 4K 65” 65PUD8250/77,https://www.fravega.com/p/smart-tv-philips-qled-4k-65-65pud8250-77-502912/,1799999.0,1399999.0,1,True
FRA-smart-tv-noblex-75-4k-uhd-dl75x8500f-qle,Fravega,NOBLEX,Televisores,Smart TV Noblex 75” 4K UHD DL75X8500F QLED,https://www.fravega.com/p/smart-tv-noblex-75-4k-uhd-dl75x8500f-qled-502956/,1799999.0,1487602.48,1,True
FRA-smart-tv-samsung-65-led-4k-crystal-uhd-u,Fravega,SAMSUNG,Televisores,"Smart TV Samsung 65"" LED 4K Crystal UHD U8000F",https://www.fravega.com/p/smart-tv-samsung-65-led-4k-crystal-uhd-u8000f-503076/,1449999.0,1198346.28,1,True
FRA-smart-tv-tcl-55-qled-55c655-502785,Fravega,TCL,Televisores,Smart TV TCL 55” QLED 55C655,https://www.fravega.com/p/smart-tv-tcl-55-qled-55c655-502785/,949999.0,899999.0,1,True
FRA-smart-tv-mini-led-4k-75-tcl-75c6k-502973,Fravega,TCL,Televisores,Smart TV Mini LED 4K 75” TCL 75C6K,https://www.fravega.com/p/smart-tv-mini-led-4k-75-tcl-75c6k-502973/,2499999.0,2066114.88,1,True
FRA-smart-tv-samsung-qled-4k-uhd-75-qn75q7fa,Fravega,SAMSUNG,Televisores,Smart TV Samsung QLED 4k UHD 75” QN75Q7FAAG,https://www.fravega.com/p/smart-tv-samsung-qled-4k-uhd-75-qn75q7faag-502970/,2549999.0,2199999.0,1,True
FRA-smart-tv-noblex-4k-uhd-led-58-db58x7580-,Fravega,NOBLEX,Televisores,"Smart TV Noblex 4K UHD LED 58"" DB58X7580",https://www.fravega.com/p/smart-tv-noblex-4k-uhd-led-58-db58x7580-503149/,899999.0,729999.0,1,True
FRA-smart-tv-oled-philips-77-4k-uhd-77oled77,Fravega,PHILIPS,Televisores,Smart TV Oled Philips 77” 4K UHD 77OLED779/77,https://www.fravega.com/p/smart-tv-oled-philips-77-4k-uhd-77oled779-77-502929/,6161499.0,5092147.93,1,True
FRA-smart-tv-noblex-65-4k-uhd-dl65x8500f-qle,Fravega,NOBLEX,Televisores,Smart TV Noblex 65” 4K UHD DL65X8500F QLED,https://www.fravega.com/p/smart-tv-noblex-65-4k-uhd-dl65x8500f-qled-502931/,1499999.0,1199999.0,1,True
FRA-smart-tv-samsung-qled-4k-uhd-55-qn55q6fa,Fravega,SAMSUNG,Televisores,Smart TV Samsung QLED 4K UHD 55” QN55Q6FAAG,https://www.fravega.com/p/smart-tv-samsung-qled-4k-uhd-55-qn55q6faag-502993/,1139999.0,899999.0,1,True
FRA-smart-tv-tcl-85-4k-mini-led-85c6k-google,Fravega,TCL,Televisores,Smart TV TCL 85” 4K Mini LED 85C6K Google TV-RV,https://www.fravega.com/p/smart-tv-tcl-85-4k-mini-led-85c6k-google-tv-rv-502900/,3499999.0,2892561.16,1,True
FRA-smart-tv-enova-32-led-hd-google-tv-te32h,Fravega,OTRAS,Televisores,"Smart TV enova 32"" LED HD Google TV TE32HG11",https://www.fravega.com/p/smart-tv-enova-32-led-hd-google-tv-te32hg11-22699349/,399998.67,299999.0,1,True
FRA-smart-tv-55-hqs-led-4k-vidaa-hqs55x6500-,Fravega,OTRAS,Televisores,"Smart TV 55"" HQS LED 4K VIDAA HQS55X6500",https://www.fravega.com/p/smart-tv-55-hqs-led-4k-vidaa-hqs55x6500-990247412/,845899.0,573999.0,1,True
FRA-smart-tv-philips-75-led-4k-uhd-75pud8100,Fravega,PHILIPS,Televisores,"Smart TV Philips 75"" LED 4K UHD 75PUD8100/77 Ambilight Titan OS WiFi",https://www.fravega.com/p/smart-tv-philips-75-led-4k-uhd-75pud8100-77-ambilight-titan-os-wifi-503085/,2399999.0,1799999.0,1,True
FRA-smart-tv-samsung-50-led-4k-crystal-uhd-u,Fravega,SAMSUNG,Televisores,"Smart TV Samsung 50"" LED 4K Crystal UHD U8000F",https://www.fravega.com/p/smart-tv-samsung-50-led-4k-crystal-uhd-u8000f-503041/,899999.0,679999.0,1,True
FRA-smart-tv-samsung-55-led-4k-crystal-uhd-u,Fravega,SAMSUNG,Televisores,"Smart TV Samsung 55"" LED 4K Crystal UHD U8000F",https://www.fravega.com/p/smart-tv-samsung-55-led-4k-crystal-uhd-u8000f-503065/,999999.0,826445.45,1,True
FRA-smart-tv-tcl-43-qled-fhd-43s5k-google-tv,Fravega,TCL,Televisores,Smart TV TCL 43” QLED FHD 43S5K Google TV,https://www.fravega.com/p/smart-tv-tcl-43-qled-fhd-43s5k-google-tv-502831/,529999.0,499999.0,1,True
FRA-smart-tv-noblex-4k-50-dv50x6500f--502907,Fravega,NOBLEX,Televisores,"Smart TV Noblex 4K 50"" DV50X6500F",https://www.fravega.com/p/smart-tv-noblex-4k-50-dv50x6500f--502907/,599999.0,495866.94,1,True
FRA-tv-led-hd-noblex-roku-43-dr43x3100-50217,Fravega,NOBLEX,Televisores,TV Led HD Noblex Roku 43” DR43X3100,https://www.fravega.com/p/tv-led-hd-noblex-roku-43-dr43x3100-502173/,509999.0,429999.0,1,True
FRA-smart-tv-tcl-55-4k-uhd-led-55v6c-google-,Fravega,TCL,Televisores,Smart TV TCL 55” 4K UHD LED 55V6C Google TV,https://www.fravega.com/p/smart-tv-tcl-55-4k-uhd-led-55v6c-google-tv-503060/,829999.0,799999.0,1,True
FRA-smart-tv-led-43-philips-43pfd6910-77-502,Fravega,PHILIPS,Televisores,"Smart TV LED 43"" Philips 43PFD6910/77",https://www.fravega.com/p/smart-tv-led-43-philips-43pfd6910-77-502789/,629999.0,479999.0,1,True
FRA-smart-tv-samsung-qled-4k-uhd-75-qn75q7fa,Fravega,SAMSUNG,Televisores,Smart TV Samsung QLED 4K UHD 75” QN75Q7FAAGCZB,https://www.fravega.com/p/smart-tv-samsung-qled-4k-uhd-75-qn75q7faagczb-503123/,2549999.0,2199999.0,1,True
FRA-smart-tv-philips-65-led-4k-uhd-65pud8100,Fravega,PHILIPS,Televisores,"Smart TV Philips 65"" LED 4K UHD 65PUD8100/77 Ambilight Titan OS WiFi",https://www.fravega.com/p/smart-tv-philips-65-led-4k-uhd-65pud8100-77-ambilight-titan-os-wifi-503084/,1599999.0,1299999.0,1,True
FRA-smart-tv-samsung-qled-4k-uhd-65-qn65q6fa,Fravega,SAMSUNG,Televisores,Smart TV Samsung QLED 4K UHD 65” QN65Q6FAAG,https://www.fravega.com/p/smart-tv-samsung-qled-4k-uhd-65-qn65q6faag-503022/,1399999.0,1157023.97,1,True
FRA-smart-tv-kanji-32-hd-whaleos-kj-32mt005-,Fravega,OTRAS,Televisores,Smart TV Kanji 32” HD WhaleOS KJ-32MT005-2W,https://www.fravega.com/p/smart-tv-kanji-32-hd-whaleos-kj-32mt005-2w-503140/,329999.0,219999.0,1,True
FRA-smart-tv-samsung-85-qled-4k-q7-tizen-os-,Fravega,SAMSUNG,Televisores,Smart TV Samsung 85” QLED 4K Q7 Tizen OS,https://www.fravega.com/p/smart-tv-samsung-85-qled-4k-q7-tizen-os-503003/,3999999.0,3305784.3,1,True
FRA-smart-tv-samsung-75-led-4k-crystal-uhd-u,Fravega,SAMSUNG,Televisores,"Smart TV Samsung 75"" LED 4K Crystal UHD U8000F",https://www.fravega.com/p/smart-tv-samsung-75-led-4k-crystal-uhd-u8000f-503091/,2299999.0,1899999.0,1,True
FRA-smart-tv-hyundai-65-qled-4k-uhd-android-,Fravega,OTRAS,Televisores,"Smart TV Hyundai 65"" Qled 4K UHD Android TV",https://www.fravega.com/p/smart-tv-hyundai-65-qled-4k-uhd-android-tv-990288987/,2534989.0,1359999.01,1,True
FRA-tv-led-noblex-hd-40-dv40x5100f-502877,Fravega,NOBLEX,Televisores,TV Led Noblex HD 40” DV40X5100F,https://www.fravega.com/p/tv-led-noblex-hd-40-dv40x5100f-502877/,399999.0,299999.0,1,True
FRA-smart-tv-philips-qled-4k-65-65pud8250-77,Fravega,PHILIPS,Televisores,Smart TV Philips QLED 4K 65” 65PUD8250/77,https://www.fravega.com/p/smart-tv-philips-qled-4k-65-65pud8250-77-502912/,1799999.0,1399999.0,1,True
FRA-smart-tv-noblex-75-4k-uhd-dl75x8500f-qle,Fravega,NOBLEX,Televisores,Smart TV Noblex 75” 4K UHD DL75X8500F QLED,https://www.fravega.com/p/smart-tv-noblex-75-4k-uhd-dl75x8500f-qled-502956/,1799999.0,1487602.48,1,True
FRA-smart-tv-samsung-65-led-4k-crystal-uhd-u,Fravega,SAMSUNG,Televisores,"Smart TV Samsung 65"" LED 4K Crystal UHD U8000F",https://www.fravega.com/p/smart-tv-samsung-65-led-4k-crystal-uhd-u8000f-503076/,1449999.0,1198346.28,1,True
FRA-smart-tv-tcl-55-qled-55c655-502785,Fravega,TCL,Televisores,Smart TV TCL 55” QLED 55C655,https://www.fravega.com/p/smart-tv-tcl-55-qled-55c655-502785/,949999.0,899999.0,1,True
FRA-smart-tv-mini-led-4k-75-tcl-75c6k-502973,Fravega,TCL,Televisores,Smart TV Mini LED 4K 75” TCL 75C6K,https://www.fravega.com/p/smart-tv-mini-led-4k-75-tcl-75c6k-502973/,2499999.0,2066114.88,1,True
FRA-smart-tv-samsung-qled-4k-uhd-75-qn75q7fa,Fravega,SAMSUNG,Televisores,Smart TV Samsung QLED 4k UHD 75” QN75Q7FAAG,https://www.fravega.com/p/smart-tv-samsung-qled-4k-uhd-75-qn75q7faag-502970/,2549999.0,2199999.0,1,True
FRA-smart-tv-noblex-4k-uhd-led-58-db58x7580-,Fravega,NOBLEX,Televisores,"Smart TV Noblex 4K UHD LED 58"" DB58X7580",https://www.fravega.com/p/smart-tv-noblex-4k-uhd-led-58-db58x7580-503149/,899999.0,729999.0,1,True
FRA-smart-tv-oled-philips-77-4k-uhd-77oled77,Fravega,PHILIPS,Televisores,Smart TV Oled Philips 77” 4K UHD 77OLED779/77,https://www.fravega.com/p/smart-tv-oled-philips-77-4k-uhd-77oled779-77-502929/,6161499.0,5092147.93,1,True
FRA-smart-tv-noblex-65-4k-uhd-dl65x8500f-qle,Fravega,NOBLEX,Televisores,Smart TV Noblex 65” 4K UHD DL65X8500F QLED,https://www.fravega.com/p/smart-tv-noblex-65-4k-uhd-dl65x8500f-qled-502931/,1499999.0,1199999.0,1,True
FRA-smart-tv-samsung-qled-4k-uhd-55-qn55q6fa,Fravega,SAMSUNG,Televisores,Smart TV Samsung QLED 4K UHD 55” QN55Q6FAAG,https://www.fravega.com/p/smart-tv-samsung-qled-4k-uhd-55-qn55q6faag-502993/,1139999.0,899999.0,1,True
FRA-smart-tv-tcl-85-4k-mini-led-85c6k-google,Fravega,TCL,Televisores,Smart TV TCL 85” 4K Mini LED 85C6K Google TV-RV,https://www.fravega.com/p/smart-tv-tcl-85-4k-mini-led-85c6k-google-tv-rv-502900/,3499999.0,2892561.16,1,True
FRA-smart-tv-enova-32-led-hd-google-tv-te32h,Fravega,OTRAS,Televisores,"Smart TV enova 32"" LED HD Google TV TE32HG11",https://www.fravega.com/p/smart-tv-enova-32-led-hd-google-tv-te32hg11-22699349/,399998.67,299999.0,1,True
FRA-smart-tv-hisense-55-qled-4k-uhd-55q6qv-5,Fravega,HISENSE,Televisores,"Smart TV Hisense 55"" QLED 4K UHD 55Q6QV",https://www.fravega.com/p/smart-tv-hisense-55-qled-4k-uhd-55q6qv-502894/,799999.0,661156.2,1,True
FRA-smart-tv-philips-40-led-full-hd-40pfd692,Fravega,PHILIPS,Televisores,"Smart TV Philips 40"" LED Full HD 40PFD6920/77 Google TV WiFi",https://www.fravega.com/p/smart-tv-philips-40-led-full-hd-40pfd6920-77-google-tv-wifi-503082/,569999.0,429999.0,1,True
FRA-smart-tv-philips-led-50-4k-uhd-titan-os-,Fravega,PHILIPS,Televisores,Smart TV Philips LED 50” 4K UHD Titan OS 50PUD7309/77,https://www.fravega.com/p/smart-tv-philips-led-50-4k-uhd-titan-os-50pud7309-77-502852/,849999.0,649999.0,1,True
FRA-smart-tv-samsung-75-led-crystal-uhd-4k-d,Fravega,SAMSUNG,Televisores,"Smart TV Samsung 75"" LED Crystal UHD 4K DU7000",https://www.fravega.com/p/smart-tv-samsung-75-led-crystal-uhd-4k-du7000-502953/,2199999.0,1899999.0,1,True
FRA-smart-tv-hd-aoc-32-32s5355-77i-502775,Fravega,OTRAS,Televisores,Smart TV  HD AOC 32” 32S5355/77I,https://www.fravega.com/p/smart-tv-hd-aoc-32-32s5355-77i-502775/,299999.0,219999.0,1,True
FRA-smart-tv-hisense-50-qled-4k-uhd-50q6qv-5,Fravega,HISENSE,Televisores,"Smart TV Hisense 50"" QLED 4K UHD 50Q6QV",https://www.fravega.com/p/smart-tv-hisense-50-qled-4k-uhd-50q6qv-502873/,699999.0,578511.57,1,True
FRA-smart-tv-noblex-roku-tv-50-4k-uhd-db50x3,Fravega,NOBLEX,Televisores,Smart TV Noblex Roku TV 50” 4K UHD DB50X350,https://www.fravega.com/p/smart-tv-noblex-roku-tv-50-4k-uhd-db50x350-502909/,679999.0,499999.0,1,True
FRA-smart-tv-qled-50-admiral-ad50g4fn-502896,Fravega,OTRAS,Televisores,"Smart TV QLED 50"" Admiral AD50G4FN",https://www.fravega.com/p/smart-tv-qled-50-admiral-ad50g4fn-502896/,579999.0,519999.0,1,True
FRA-smart-tv-samsung-full-hd-43-un43f6000fgc,Fravega,SAMSUNG,Televisores,Smart TV Samsung Full HD 43” UN43F6000FGC,https://www.fravega.com/p/smart-tv-samsung-full-hd-43-un43f6000fgc-503008/,599999.0,495866.94,1,True
FRA-smart-tv-tcl-4k-uhd-qled-50-50s5k-f-5027,Fravega,TCL,Televisores,Smart TV TCL 4K UHD QLED 50” 50S5K-F,https://www.fravega.com/p/smart-tv-tcl-4k-uhd-qled-50-50s5k-f-502700/,699999.0,578511.57,1,True
FRA-smart-tv-full-hd-aoc-43-43s5355-77i-5027,Fravega,OTRAS,Televisores,Smart TV Full HD AOC 43” 43S5355/77I,https://www.fravega.com/p/smart-tv-full-hd-aoc-43-43s5355-77i-502774/,459999.0,339999.0,1,True
FRA-smart-tv-samsung-75-4k-uhd-qn75qn70fagcz,Fravega,SAMSUNG,Televisores,"Smart TV Samsung 75"" 4K UHD QN75QN70FAGCZB Neo QLED",https://www.fravega.com/p/smart-tv-samsung-75-4k-uhd-qn75qn70fagczb-neo-qled-502910/,4199999.0,3471073.55,1,True
FRA-roku-tv-noblex-fhd-40-db40x3110-503133,Fravega,NOBLEX,Televisores,Roku TV Noblex FHD 40” DB40X3110,https://www.fravega.com/p/roku-tv-noblex-fhd-40-db40x3110-503133/,439999.0,349999.0,1,True
FRA-smart-tv-samsung-qled-4k-uhd-75-qn75q7fa,Fravega,SAMSUNG,Televisores,Smart TV Samsung QLED 4K UHD 75” QN75Q7FAAGCZB,https://www.fravega.com/p/smart-tv-samsung-qled-4k-uhd-75-qn75q7faagczb-503123/,2549999.0,2199999.0,1,True
FRA-smart-tv-philips-65-led-4k-uhd-65pud8100,Fravega,PHILIPS,Televisores,"Smart TV Philips 65"" LED 4K UHD 65PUD8100/77 Ambilight Titan OS WiFi",https://www.fravega.com/p/smart-tv-philips-65-led-4k-uhd-65pud8100-77-ambilight-titan-os-wifi-503084/,1599999.0,1299999.0,1,True
FRA-smart-tv-samsung-qled-4k-uhd-65-qn65q6fa,Fravega,SAMSUNG,Televisores,Smart TV Samsung QLED 4K UHD 65” QN65Q6FAAG,https://www.fravega.com/p/smart-tv-samsung-qled-4k-uhd-65-qn65q6faag-503022/,1399999.0,1157023.97,1,True
FRA-smart-tv-kanji-32-hd-whaleos-kj-32mt005-,Fravega,OTRAS,Televisores,Smart TV Kanji 32” HD WhaleOS KJ-32MT005-2W,https://www.fravega.com/p/smart-tv-kanji-32-hd-whaleos-kj-32mt005-2w-503140/,329999.0,219999.0,1,True
FRA-smart-tv-samsung-85-qled-4k-q7-tizen-os-,Fravega,SAMSUNG,Televisores,Smart TV Samsung 85” QLED 4K Q7 Tizen OS,https://www.fravega.com/p/smart-tv-samsung-85-qled-4k-q7-tizen-os-503003/,3999999.0,3305784.3,1,True
FRA-smart-tv-samsung-75-led-4k-crystal-uhd-u,Fravega,SAMSUNG,Televisores,"Smart TV Samsung 75"" LED 4K Crystal UHD U8000F",https://www.fravega.com/p/smart-tv-samsung-75-led-4k-crystal-uhd-u8000f-503091/,2299999.0,1899999.0,1,True
FRA-smart-tv-hyundai-65-qled-4k-uhd-android-,Fravega,OTRAS,Televisores,"Smart TV Hyundai 65"" Qled 4K UHD Android TV",https://www.fravega.com/p/smart-tv-hyundai-65-qled-4k-uhd-android-tv-990288987/,2534989.0,1359999.01,1,True
FRA-tv-led-noblex-hd-40-dv40x5100f-502877,Fravega,NOBLEX,Televisores,TV Led Noblex HD 40” DV40X5100F,https://www.fravega.com/p/tv-led-noblex-hd-40-dv40x5100f-502877/,399999.0,299999.0,1,True
FRA-smart-tv-philips-qled-4k-65-65pud8250-77,Fravega,PHILIPS,Televisores,Smart TV Philips QLED 4K 65” 65PUD8250/77,https://www.fravega.com/p/smart-tv-philips-qled-4k-65-65pud8250-77-502912/,1799999.0,1399999.0,1,True
FRA-smart-tv-noblex-75-4k-uhd-dl75x8500f-qle,Fravega,NOBLEX,Televisores,Smart TV Noblex 75” 4K UHD DL75X8500F QLED,https://www.fravega.com/p/smart-tv-noblex-75-4k-uhd-dl75x8500f-qled-502956/,1799999.0,1487602.48,1,True
FRA-smart-tv-samsung-65-led-4k-crystal-uhd-u,Fravega,SAMSUNG,Televisores,"Smart TV Samsung 65"" LED 4K Crystal UHD U8000F",https://www.fravega.com/p/smart-tv-samsung-65-led-4k-crystal-uhd-u8000f-503076/,1449999.0,1198346.28,1,True
FRA-smart-tv-tcl-55-qled-55c655-502785,Fravega,TCL,Televisores,Smart TV TCL 55” QLED 55C655,https://www.fravega.com/p/smart-tv-tcl-55-qled-55c655-502785/,949999.0,899999.0,1,True
FRA-smart-tv-mini-led-4k-75-tcl-75c6k-502973,Fravega,TCL,Televisores,Smart TV Mini LED 4K 75” TCL 75C6K,https://www.fravega.com/p/smart-tv-mini-led-4k-75-tcl-75c6k-502973/,2499999.0,2066114.88,1,True
FRA-smart-tv-samsung-qled-4k-uhd-75-qn75q7fa,Fravega,SAMSUNG,Televisores,Smart TV Samsung QLED 4k UHD 75” QN75Q7FAAG,https://www.fravega.com/p/smart-tv-samsung-qled-4k-uhd-75-qn75q7faag-502970/,2549999.0,2199999.0,1,True
FRA-smart-tv-noblex-4k-uhd-led-58-db58x7580-,Fravega,NOBLEX,Televisores,"Smart TV Noblex 4K UHD LED 58"" DB58X7580",https://www.fravega.com/p/smart-tv-noblex-4k-uhd-led-58-db58x7580-503149/,899999.0,729999.0,1,True
FRA-smart-tv-oled-philips-77-4k-uhd-77oled77,Fravega,PHILIPS,Televisores,Smart TV Oled Philips 77” 4K UHD 77OLED779/77,https://www.fravega.com/p/smart-tv-oled-philips-77-4k-uhd-77oled779-77-502929/,6161499.0,5092147.93,1,True
FRA-smart-tv-noblex-65-4k-uhd-dl65x8500f-qle,Fravega,NOBLEX,Televisores,Smart TV Noblex 65” 4K UHD DL65X8500F QLED,https://www.fravega.com/p/smart-tv-noblex-65-4k-uhd-dl65x8500f-qled-502931/,1499999.0,1199999.0,1,True
FRA-smart-tv-samsung-qled-4k-uhd-55-qn55q6fa,Fravega,SAMSUNG,Televisores,Smart TV Samsung QLED 4K UHD 55” QN55Q6FAAG,https://www.fravega.com/p/smart-tv-samsung-qled-4k-uhd-55-qn55q6faag-502993/,1139999.0,899999.0,1,True
FRA-smart-tv-tcl-85-4k-mini-led-85c6k-google,Fravega,TCL,Televisores,Smart TV TCL 85” 4K Mini LED 85C6K Google TV-RV,https://www.fravega.com/p/smart-tv-tcl-85-4k-mini-led-85c6k-google-tv-rv-502900/,3499999.0,2892561.16,1,True
FRA-smart-tv-enova-32-led-hd-google-tv-te32h,Fravega,OTRAS,Televisores,"Smart TV enova 32"" LED HD Google TV TE32HG11",https://www.fravega.com/p/smart-tv-enova-32-led-hd-google-tv-te32hg11-22699349/,399998.67,299999.0,1,True
FRA-tv-noblex-32-led-hd-roku-db32x301-503009,Fravega,NOBLEX,Televisores,"TV Noblex 32"" Led HD Roku DB32X301",https://www.fravega.com/p/tv-noblex-32-led-hd-roku-db32x301-503009/,309999.0,259999.0,1,True
FRA-smart-tv-led-32-philips-32phd6910-77-502,Fravega,PHILIPS,Televisores,"Smart TV Led 32"" Philips 32PHD6910/77",https://www.fravega.com/p/smart-tv-led-32-philips-32phd6910-77-502788/,399999.0,269999.0,1,True
FRA-smart-tv-lg-uhd-ai-75-uhd-4k-procesador-,Fravega,LG,Televisores,"Smart TV LG UHD AI 75"" UHD 4K Procesador Alpha 7 8va Gen con Inteligencia Artificial 75UA8550PSA",https://www.fravega.com/p/smart-tv-lg-uhd-ai-75-uhd-4k-procesador-alpha-7-8va-gen-con-inteligencia-artificial-75ua8550psa-503112/,2099999.0,1735536.36,1,True
FRA-smart-tv-tcl-32-qled-fhd-32s5k-google-tv,Fravega,TCL,Televisores,Smart TV TCL 32” QLED FHD 32S5K Google TV,https://www.fravega.com/p/smart-tv-tcl-32-qled-fhd-32s5k-google-tv-502800/,349999.0,329999.0,1,True
FRA-smart-tv-tcl-75-qled-4k-uhd-p8k-google-t,Fravega,TCL,Televisores,Smart TV TCL 75” QLED 4K UHD P8K Google TV,https://www.fravega.com/p/smart-tv-tcl-75-qled-4k-uhd-p8k-google-tv-502860/,2199999.0,1818180.99,1,True
FRA-smart-tv-tcl-65-qled-65c655a-502692,Fravega,TCL,Televisores,"Smart TV TCL 65"" QLED 65C655A",https://www.fravega.com/p/smart-tv-tcl-65-qled-65c655a-502692/,1399999.0,1157023.97,1,True
FRA-roku-tv-noblex-fhd-43-db43x3110-502908,Fravega,NOBLEX,Televisores,Roku TV Noblex FHD 43” DB43X3110,https://www.fravega.com/p/roku-tv-noblex-fhd-43-db43x3110-502908/,509999.0,399999.0,1,True
FRA-smart-tv-philips-qled-4k-55-55pud8250-77,Fravega,PHILIPS,Televisores,Smart TV Philips QLED 4K 55” 55PUD8250/77,https://www.fravega.com/p/smart-tv-philips-qled-4k-55-55pud8250-77-502897/,1299999.0,899999.0,1,True
FRA-smart-tv-samsung-4k-uhd-55-un55u8000fgcz,Fravega,SAMSUNG,Televisores,Smart TV Samsung 4K UHD 55” UN55U8000FGCZB,https://www.fravega.com/p/smart-tv-samsung-4k-uhd-55-un55u8000fgczb-503126/,999999.0,826445.45,1,True
FRA-smart-tv-tcl-65-qled-65p8k-b-503027,Fravega,TCL,Televisores,"Smart TV TCL 65"" QLED 65P8K-B",https://www.fravega.com/p/smart-tv-tcl-65-qled-65p8k-b-503027/,1399999.0,1157023.97,1,True
FRA-smart-tv-samsung-hd-32-un32h5000fgc-5030,Fravega,SAMSUNG,Televisores,Smart TV Samsung HD 32” UN32H5000FGC,https://www.fravega.com/p/smart-tv-samsung-hd-32-un32h5000fgc-503033/,409999.0,338842.15,1,True
FRA-smart-tv-hisense-43-fhd-43a42k-503064,Fravega,HISENSE,Televisores,Smart TV Hisense 43” FHD 43A42K,https://www.fravega.com/p/smart-tv-hisense-43-fhd-43a42k-503064/,479999.0,369999.0,1,True
FRA-smart-tv-samsung-50-qled-4k-q7-tizen-os-,Fravega,SAMSUNG,Televisores,Smart TV Samsung 50” QLED 4K Q7 Tizen OS,https://www.fravega.com/p/smart-tv-samsung-50-qled-4k-q7-tizen-os-502959/,1049999.0,867767.77,1,True
FRA-tv-led-philips-55-uhd-55pud7309-77-50279,Fravega,PHILIPS,Televisores,"TV LED Philips 55"" UHD 55PUD7309/77",https://www.fravega.com/p/tv-led-philips-55-uhd-55pud7309-77-502793/,999999.0,799999.0,1,True
FRA-smart-tv-led-65-rca-c65and-f-502640,Fravega,OTRAS,Televisores,"Smart TV Led 65"" RCA C65AND-F",https://www.fravega.com/p/smart-tv-led-65-rca-c65and-f-502640/,1149999.0,949999.0,1,True
FRA-smart-tv-samsung-qled-4k-uhd-75-qn75q7fa,Fravega,SAMSUNG,Televisores,Smart TV Samsung QLED 4K UHD 75” QN75Q7FAAGCZB,https://www.fravega.com/p/smart-tv-samsung-qled-4k-uhd-75-qn75q7faagczb-503123/,2549999.0,2199999.0,1,True
FRA-smart-tv-philips-65-led-4k-uhd-65pud8100,Fravega,PHILIPS,Televisores,"Smart TV Philips 65"" LED 4K UHD 65PUD8100/77 Ambilight Titan OS WiFi",https://www.fravega.com/p/smart-tv-philips-65-led-4k-uhd-65pud8100-77-ambilight-titan-os-wifi-503084/,1599999.0,1299999.0,1,True
FRA-smart-tv-samsung-qled-4k-uhd-65-qn65q6fa,Fravega,SAMSUNG,Televisores,Smart TV Samsung QLED 4K UHD 65” QN65Q6FAAG,https://www.fravega.com/p/smart-tv-samsung-qled-4k-uhd-65-qn65q6faag-503022/,1399999.0,1157023.97,1,True
FRA-smart-tv-kanji-32-hd-whaleos-kj-32mt005-,Fravega,OTRAS,Televisores,Smart TV Kanji 32” HD WhaleOS KJ-32MT005-2W,https://www.fravega.com/p/smart-tv-kanji-32-hd-whaleos-kj-32mt005-2w-503140/,329999.0,219999.0,1,True
FRA-smart-tv-samsung-85-qled-4k-q7-tizen-os-,Fravega,SAMSUNG,Televisores,Smart TV Samsung 85” QLED 4K Q7 Tizen OS,https://www.fravega.com/p/smart-tv-samsung-85-qled-4k-q7-tizen-os-503003/,3999999.0,3305784.3,1,True
FRA-smart-tv-samsung-75-led-4k-crystal-uhd-u,Fravega,SAMSUNG,Televisores,"Smart TV Samsung 75"" LED 4K Crystal UHD U8000F",https://www.fravega.com/p/smart-tv-samsung-75-led-4k-crystal-uhd-u8000f-503091/,2299999.0,1899999.0,1,True
FRA-smart-tv-hyundai-65-qled-4k-uhd-android-,Fravega,OTRAS,Televisores,"Smart TV Hyundai 65"" Qled 4K UHD Android TV",https://www.fravega.com/p/smart-tv-hyundai-65-qled-4k-uhd-android-tv-990288987/,2534989.0,1359999.01,1,True
FRA-tv-led-noblex-hd-40-dv40x5100f-502877,Fravega,NOBLEX,Televisores,TV Led Noblex HD 40” DV40X5100F,https://www.fravega.com/p/tv-led-noblex-hd-40-dv40x5100f-502877/,399999.0,299999.0,1,True
FRA-smart-tv-philips-qled-4k-65-65pud8250-77,Fravega,PHILIPS,Televisores,Smart TV Philips QLED 4K 65” 65PUD8250/77,https://www.fravega.com/p/smart-tv-philips-qled-4k-65-65pud8250-77-502912/,1799999.0,1399999.0,1,True
FRA-smart-tv-noblex-75-4k-uhd-dl75x8500f-qle,Fravega,NOBLEX,Televisores,Smart TV Noblex 75” 4K UHD DL75X8500F QLED,https://www.fravega.com/p/smart-tv-noblex-75-4k-uhd-dl75x8500f-qled-502956/,1799999.0,1487602.48,1,True
FRA-smart-tv-samsung-65-led-4k-crystal-uhd-u,Fravega,SAMSUNG,Televisores,"Smart TV Samsung 65"" LED 4K Crystal UHD U8000F",https://www.fravega.com/p/smart-tv-samsung-65-led-4k-crystal-uhd-u8000f-503076/,1449999.0,1198346.28,1,True
FRA-smart-tv-tcl-55-qled-55c655-502785,Fravega,TCL,Televisores,Smart TV TCL 55” QLED 55C655,https://www.fravega.com/p/smart-tv-tcl-55-qled-55c655-502785/,949999.0,899999.0,1,True
FRA-smart-tv-mini-led-4k-75-tcl-75c6k-502973,Fravega,TCL,Televisores,Smart TV Mini LED 4K 75” TCL 75C6K,https://www.fravega.com/p/smart-tv-mini-led-4k-75-tcl-75c6k-502973/,2499999.0,2066114.88,1,True
FRA-smart-tv-samsung-qled-4k-uhd-75-qn75q7fa,Fravega,SAMSUNG,Televisores,Smart TV Samsung QLED 4k UHD 75” QN75Q7FAAG,https://www.fravega.com/p/smart-tv-samsung-qled-4k-uhd-75-qn75q7faag-502970/,2549999.0,2199999.0,1,True
FRA-smart-tv-noblex-4k-uhd-led-58-db58x7580-,Fravega,NOBLEX,Televisores,"Smart TV Noblex 4K UHD LED 58"" DB58X7580",https://www.fravega.com/p/smart-tv-noblex-4k-uhd-led-58-db58x7580-503149/,899999.0,729999.0,1,True
FRA-smart-tv-oled-philips-77-4k-uhd-77oled77,Fravega,PHILIPS,Televisores,Smart TV Oled Philips 77” 4K UHD 77OLED779/77,https://www.fravega.com/p/smart-tv-oled-philips-77-4k-uhd-77oled779-77-502929/,6161499.0,5092147.93,1,True
FRA-smart-tv-noblex-65-4k-uhd-dl65x8500f-qle,Fravega,NOBLEX,Televisores,Smart TV Noblex 65” 4K UHD DL65X8500F QLED,https://www.fravega.com/p/smart-tv-noblex-65-4k-uhd-dl65x8500f-qled-502931/,1499999.0,1199999.0,1,True
FRA-smart-tv-samsung-qled-4k-uhd-55-qn55q6fa,Fravega,SAMSUNG,Televisores,Smart TV Samsung QLED 4K UHD 55” QN55Q6FAAG,https://www.fravega.com/p/smart-tv-samsung-qled-4k-uhd-55-qn55q6faag-502993/,1139999.0,899999.0,1,True
FRA-smart-tv-tcl-85-4k-mini-led-85c6k-google,Fravega,TCL,Televisores,Smart TV TCL 85” 4K Mini LED 85C6K Google TV-RV,https://www.fravega.com/p/smart-tv-tcl-85-4k-mini-led-85c6k-google-tv-rv-502900/,3499999.0,2892561.16,1,True
FRA-smart-tv-enova-32-led-hd-google-tv-te32h,Fravega,OTRAS,Televisores,"Smart TV enova 32"" LED HD Google TV TE32HG11",https://www.fravega.com/p/smart-tv-enova-32-led-hd-google-tv-te32hg11-22699349/,399998.67,299999.0,1,True
FRA-smart-tv-hd-32-rca-c32gl100--502779,Fravega,OTRAS,Televisores,Smart TV HD 32” RCA C32GL100,https://www.fravega.com/p/smart-tv-hd-32-rca-c32gl100--502779/,299999.0,279999.0,1,True
FRA-smart-tv-led-admiral-hd-32-ad32e3e-50285,Fravega,OTRAS,Televisores,"Smart TV LED Admiral HD 32"" AD32E3E",https://www.fravega.com/p/smart-tv-led-admiral-hd-32-ad32e3e-502856/,249999.0,206610.74,1,True
FRA-smart-tv-fhd-40-rca-c40gl100-502781,Fravega,OTRAS,Televisores,Smart TV FHD 40” RCA C40GL100,https://www.fravega.com/p/smart-tv-fhd-40-rca-c40gl100-502781/,409999.0,379999.0,1,True
FRA-tv-hisense-58-4k-led-smart-9158a64n-5027,Fravega,HISENSE,Televisores,TV Hisense 58” 4K LED Smart 9158A64N,https://www.fravega.com/p/tv-hisense-58-4k-led-smart-9158a64n-502798/,899999.0,743800.83,1,True
FRA-smart-tv-philips-50-qled-4k-50pud8250-77,Fravega,PHILIPS,Televisores,"Smart TV Philips 50"" QLED 4K 50PUD8250/77",https://www.fravega.com/p/smart-tv-philips-50-qled-4k-50pud8250-77-502885/,999999.0,749999.0,1,True
FRA-tv-led-32-noblex-vidaa-mickey1dv32v-hd--,Fravega,NOBLEX,Televisores,"TV LED 32"" Noblex Vidaa MICKEY1DV32V HD",https://www.fravega.com/p/tv-led-32-noblex-vidaa-mickey1dv32v-hd--503147/,319999.0,289999.0,1,True
FRA-smart-tv-50-noblex-roku-tv-fhd-db50x3110,Fravega,NOBLEX,Televisores,Smart Tv 50 Noblex Roku Tv Fhd Db50x3110,https://www.fravega.com/p/smart-tv-50-noblex-roku-tv-fhd-db50x3110-990288853/,667699.0,509999.0,1,True
FRA-smart-tv-40-fhd-android-tv-rca-r40and-50,Fravega,OTRAS,Televisores,Smart TV 40” FHD Android TV RCA R40AND,https://www.fravega.com/p/smart-tv-40-fhd-android-tv-rca-r40and-502392/,499999.0,369999.0,1,True
FRA-smart-tv-bgh-50-4k-uhd-google-tv-b5026us,Fravega,BGH,Televisores,Smart TV BGH 50” 4K UHD Google TV B5026US6G,https://www.fravega.com/p/smart-tv-bgh-50-4k-uhd-google-tv-b5026us6g-502820/,629999.0,520660.33,1,True
FRA-smart-tv-samsung-55-4k-neo-qled-qn70f-50,Fravega,SAMSUNG,Televisores,"Smart TV Samsung 55"" 4K Neo QLED QN70F",https://www.fravega.com/p/smart-tv-samsung-55-4k-neo-qled-qn70f-503018/,2299999.0,1900825.62,1,True
FRA-smart-tv-philips-58-led-4k-uhd-58pud7310,Fravega,PHILIPS,Televisores,Smart TV Philips 58” LED 4K UHD 58PUD7310/77 Google TV WiFi,https://www.fravega.com/p/smart-tv-philips-58-led-4k-uhd-58pud7310-77-google-tv-wifi-503083/,999999.0,826445.45,1,True
FRA-smart-tv-samsung-qled-4k-uhd-75-qn75q7fa,Fravega,SAMSUNG,Televisores,Smart TV Samsung QLED 4K UHD 75” QN75Q7FAAGCZB,https://www.fravega.com/p/smart-tv-samsung-qled-4k-uhd-75-qn75q7faagczb-503123/,2549999.0,2199999.0,1,True
FRA-smart-tv-philips-65-led-4k-uhd-65pud8100,Fravega,PHILIPS,Televisores,"Smart TV Philips 65"" LED 4K UHD 65PUD8100/77 Ambilight Titan OS WiFi",https://www.fravega.com/p/smart-tv-philips-65-led-4k-uhd-65pud8100-77-ambilight-titan-os-wifi-503084/,1599999.0,1299999.0,1,True
FRA-smart-tv-samsung-qled-4k-uhd-65-qn65q6fa,Fravega,SAMSUNG,Televisores,Smart TV Samsung QLED 4K UHD 65” QN65Q6FAAG,https://www.fravega.com/p/smart-tv-samsung-qled-4k-uhd-65-qn65q6faag-503022/,1399999.0,1157023.97,1,True
FRA-smart-tv-kanji-32-hd-whaleos-kj-32mt005-,Fravega,OTRAS,Televisores,Smart TV Kanji 32” HD WhaleOS KJ-32MT005-2W,https://www.fravega.com/p/smart-tv-kanji-32-hd-whaleos-kj-32mt005-2w-503140/,329999.0,219999.0,1,True
FRA-smart-tv-samsung-85-qled-4k-q7-tizen-os-,Fravega,SAMSUNG,Televisores,Smart TV Samsung 85” QLED 4K Q7 Tizen OS,https://www.fravega.com/p/smart-tv-samsung-85-qled-4k-q7-tizen-os-503003/,3999999.0,3305784.3,1,True
FRA-smart-tv-samsung-75-led-4k-crystal-uhd-u,Fravega,SAMSUNG,Televisores,"Smart TV Samsung 75"" LED 4K Crystal UHD U8000F",https://www.fravega.com/p/smart-tv-samsung-75-led-4k-crystal-uhd-u8000f-503091/,2299999.0,1899999.0,1,True
FRA-smart-tv-hyundai-65-qled-4k-uhd-android-,Fravega,OTRAS,Televisores,"Smart TV Hyundai 65"" Qled 4K UHD Android TV",https://www.fravega.com/p/smart-tv-hyundai-65-qled-4k-uhd-android-tv-990288987/,2534989.0,1359999.01,1,True
FRA-tv-led-noblex-hd-40-dv40x5100f-502877,Fravega,NOBLEX,Televisores,TV Led Noblex HD 40” DV40X5100F,https://www.fravega.com/p/tv-led-noblex-hd-40-dv40x5100f-502877/,399999.0,299999.0,1,True
FRA-smart-tv-philips-qled-4k-65-65pud8250-77,Fravega,PHILIPS,Televisores,Smart TV Philips QLED 4K 65” 65PUD8250/77,https://www.fravega.com/p/smart-tv-philips-qled-4k-65-65pud8250-77-502912/,1799999.0,1399999.0,1,True
FRA-smart-tv-noblex-75-4k-uhd-dl75x8500f-qle,Fravega,NOBLEX,Televisores,Smart TV Noblex 75” 4K UHD DL75X8500F QLED,https://www.fravega.com/p/smart-tv-noblex-75-4k-uhd-dl75x8500f-qled-502956/,1799999.0,1487602.48,1,True
FRA-smart-tv-samsung-65-led-4k-crystal-uhd-u,Fravega,SAMSUNG,Televisores,"Smart TV Samsung 65"" LED 4K Crystal UHD U8000F",https://www.fravega.com/p/smart-tv-samsung-65-led-4k-crystal-uhd-u8000f-503076/,1449999.0,1198346.28,1,True
FRA-smart-tv-tcl-55-qled-55c655-502785,Fravega,TCL,Televisores,Smart TV TCL 55” QLED 55C655,https://www.fravega.com/p/smart-tv-tcl-55-qled-55c655-502785/,949999.0,899999.0,1,True
FRA-smart-tv-mini-led-4k-75-tcl-75c6k-502973,Fravega,TCL,Televisores,Smart TV Mini LED 4K 75” TCL 75C6K,https://www.fravega.com/p/smart-tv-mini-led-4k-75-tcl-75c6k-502973/,2499999.0,2066114.88,1,True
FRA-smart-tv-samsung-qled-4k-uhd-75-qn75q7fa,Fravega,SAMSUNG,Televisores,Smart TV Samsung QLED 4k UHD 75” QN75Q7FAAG,https://www.fravega.com/p/smart-tv-samsung-qled-4k-uhd-75-qn75q7faag-502970/,2549999.0,2199999.0,1,True
FRA-smart-tv-noblex-4k-uhd-led-58-db58x7580-,Fravega,NOBLEX,Televisores,"Smart TV Noblex 4K UHD LED 58"" DB58X7580",https://www.fravega.com/p/smart-tv-noblex-4k-uhd-led-58-db58x7580-503149/,899999.0,729999.0,1,True
FRA-smart-tv-oled-philips-77-4k-uhd-77oled77,Fravega,PHILIPS,Televisores,Smart TV Oled Philips 77” 4K UHD 77OLED779/77,https://www.fravega.com/p/smart-tv-oled-philips-77-4k-uhd-77oled779-77-502929/,6161499.0,5092147.93,1,True
FRA-smart-tv-noblex-65-4k-uhd-dl65x8500f-qle,Fravega,NOBLEX,Televisores,Smart TV Noblex 65” 4K UHD DL65X8500F QLED,https://www.fravega.com/p/smart-tv-noblex-65-4k-uhd-dl65x8500f-qled-502931/,1499999.0,1199999.0,1,True
FRA-smart-tv-samsung-qled-4k-uhd-55-qn55q6fa,Fravega,SAMSUNG,Televisores,Smart TV Samsung QLED 4K UHD 55” QN55Q6FAAG,https://www.fravega.com/p/smart-tv-samsung-qled-4k-uhd-55-qn55q6faag-502993/,1139999.0,899999.0,1,True
FRA-smart-tv-tcl-85-4k-mini-led-85c6k-google,Fravega,TCL,Televisores,Smart TV TCL 85” 4K Mini LED 85C6K Google TV-RV,https://www.fravega.com/p/smart-tv-tcl-85-4k-mini-led-85c6k-google-tv-rv-502900/,3499999.0,2892561.16,1,True
FRA-smart-tv-enova-32-led-hd-google-tv-te32h,Fravega,OTRAS,Televisores,"Smart TV enova 32"" LED HD Google TV TE32HG11",https://www.fravega.com/p/smart-tv-enova-32-led-hd-google-tv-te32hg11-22699349/,399998.67,299999.0,1,True
FRA-smart-tv-hisense-43-fhd-led-9143a42k-502,Fravega,HISENSE,Televisores,Smart TV Hisense 43” FHD LED 9143A42K,https://www.fravega.com/p/smart-tv-hisense-43-fhd-led-9143a42k-502736/,459999.0,429999.0,1,True
FRA-tv-led-50-noblex-vidaa-marvel1dv50v-uhd-,Fravega,NOBLEX,Televisores,"TV LED 50"" Noblex Vidaa MARVEL1DV50V UHD",https://www.fravega.com/p/tv-led-50-noblex-vidaa-marvel1dv50v-uhd-503146/,659999.0,529999.0,1,True
FRA-tv-led-24-hd-noblex-db24x4000-502300,Fravega,NOBLEX,Televisores,"TV LED 24"" HD Noblex DB24X4000",https://www.fravega.com/p/tv-led-24-hd-noblex-db24x4000-502300/,199999.0,189999.0,1,True
FRA-smart-tv-aoc-55-4k-uhd-55u7345-77i-50312,Fravega,OTRAS,Televisores,Smart TV AOC 55” 4K UHD 55U7345/77I,https://www.fravega.com/p/smart-tv-aoc-55-4k-uhd-55u7345-77i-503129/,819999.0,579999.0,1,True
FRA-smart-tv-rca-4k-uhd-55-g55p7uhd-502939,Fravega,OTRAS,Televisores,Smart TV RCA 4K UHD 55” G55P7UHD,https://www.fravega.com/p/smart-tv-rca-4k-uhd-55-g55p7uhd-502939/,739999.0,629999.0,1,True
FRA-smart-tv-tcl-98-4k-uhd-mini-led-98c6k-f-,Fravega,TCL,Televisores,"Smart TV TCL 98"" 4K UHD Mini LED 98C6K-F",https://www.fravega.com/p/smart-tv-tcl-98-4k-uhd-mini-led-98c6k-f-503073/,5499999.0,4545453.72,1,True
FRA-smart-tv-philips-75-led-4k-uhd-75pud8100,Fravega,PHILIPS,Televisores,"Smart TV Philips 75"" LED 4K UHD 75PUD8100/77 Ambilight Titan OS WiFi",https://www.fravega.com/p/smart-tv-philips-75-led-4k-uhd-75pud8100-77-ambilight-titan-os-wifi-503085/,2399999.0,1799999.0,1,True
FRA-smart-tv-philips-70-4k-uhd-70pud7908-77-,Fravega,PHILIPS,Televisores,"Smart TV Philips 70"" 4K UHD 70PUD7908/77",https://www.fravega.com/p/smart-tv-philips-70-4k-uhd-70pud7908-77-502021/,1949999.0,1599999.0,1,True
FRA-tv-philips-24-led-hd-24phd5565-77-502091,Fravega,PHILIPS,Televisores,"TV Philips 24"" LED HD 24PHD5565/77",https://www.fravega.com/p/tv-philips-24-led-hd-24phd5565-77-502091/,259999.0,209999.0,1,True
FRA-smart-tv-58-noblex-android-tv-db58x7580-,Fravega,NOBLEX,Televisores,Smart Tv 58 Noblex Android Tv Db58x7580,https://www.fravega.com/p/smart-tv-58-noblex-android-tv-db58x7580-990288852/,923999.0,819999.0,1,True
FRA-smart-tv-lg-43-pulgadas-lr6750psa-ai-ful,Fravega,LG,Televisores,Smart Tv LG 43 Pulgadas LR6750PSA AI Full HD,https://www.fravega.com/p/smart-tv-lg-43-pulgadas-lr6750psa-ai-full-hd-990274748/,626999.0,479999.0,1,True
FRA-smart-tv-noblex-qled-98-4k-uhd-dl98x9500,Fravega,NOBLEX,Televisores,Smart TV Noblex QLED 98” 4K UHD DL98X9500,https://www.fravega.com/p/smart-tv-noblex-qled-98-4k-uhd-dl98x9500-503015/,4599999.0,3801652.07,1,True
FRA-smart-tv-philips-43p-4k-uhd-led-google-t,Fravega,PHILIPS,Televisores,Smart TV Philips 43p 4K UHD LED Google Tv 43PUD7408/77,https://www.fravega.com/p/smart-tv-philips-43p-4k-uhd-led-google-tv-43pud7408-77-990170554/,786584.0,550609.0,1,True
FRA-notebook-hp-omen-16-ap0000la-amd-ryzen-a,Fravega,HP,Notebooks,Notebook HP OMEN 16-AP0000LA AMD Ryzen AI 5 340 4.8 GHz 16GB 1TB SSD NVIDIA GEFORCE RTX  5050 8GB GDDR7,https://www.fravega.com/p/notebook-hp-omen-16-ap0000la-amd-ryzen-ai-5-340-4-8-ghz-16gb-1tb-ssd-nvidia-geforce-rtx-5050-8gb-gddr7-364695/,4299999.0,2999999.0,1,True
FRA-notebook-lenovo-15-6-intel-core-i5-8gb-5,Fravega,LENOVO,Notebooks,Notebook Lenovo 15.6” Intel Core i5 8GB 512GB SSD Legion 5 82JK00LVAR,https://www.fravega.com/p/notebook-lenovo-15-6-intel-core-i5-8gb-512gb-ssd-legion-5-82jk00lvar-364359/,4499999.0,3499999.0,1,True
FRA-notebook-gamer-acer-nitro-v-15-amd-ryzen,Fravega,ACER,Notebooks,Notebook Gamer Acer Nitro V 15 AMD Ryzen 5 8GB 512GB ANV15-41-R6NM,https://www.fravega.com/p/notebook-gamer-acer-nitro-v-15-amd-ryzen-5-8gb-512gb-anv15-41-r6nm-364779/,2499999.0,1799999.0,1,True
FRA-notebook-lenovo-legion-slim-16-geforce-r,Fravega,LENOVO,Notebooks,Notebook Lenovo Legion Slim 16” GeForce RTX 4060 AMD Ryzen 7 16GB 512GB SSD 83EX001NAR,https://www.fravega.com/p/notebook-lenovo-legion-slim-16-geforce-rtx-4060-amd-ryzen-7-16gb-512gb-ssd-83ex001nar-364376/,3999999.0,3299999.0,1,True
FRA-notebook-lenovo-ideapad-slim-3-15-6-amd-,Fravega,LENOVO,Notebooks,"Notebook Lenovo Ideapad Slim 3 15,6” AMD Ryzen 5 8GB 512GB SSD 82XQ00YAAR",https://www.fravega.com/p/notebook-lenovo-ideapad-slim-3-15-6-amd-ryzen-5-8gb-512gb-ssd-82xq00yaar-364950/,2499999.0,1449999.0,1,True
FRA-notebook-hp-14-intel-core-5-8gb-512gb-om,Fravega,HP,Notebooks,"Notebook HP 14"" Intel Core 5 8GB 512GB OmniBook 3 14-HU0050LA",https://www.fravega.com/p/notebook-hp-14-intel-core-5-8gb-512gb-omnibook-3-14-hu0050la-364858/,2999999.0,1699999.0,1,True
FRA-notebook-acer-aspire-lite-amd-ryzen-7-8g,Fravega,ACER,Notebooks,Notebook Acer Aspire Lite AMD Ryzen 7 8GB 512GB AL15-43P-R8B6,https://www.fravega.com/p/notebook-acer-aspire-lite-amd-ryzen-7-8gb-512gb-al15-43p-r8b6-364844/,2499999.0,1249999.0,1,True
FRA-notebook-hp-15-6-amd-ryzen-7-8gb-512gb-1,Fravega,HP,Notebooks,"Notebook HP 15,6"" AMD Ryzen 7 8GB 512GB 15-FC0287LA",https://www.fravega.com/p/notebook-hp-15-6-amd-ryzen-7-8gb-512gb-15-fc0287la-364855/,2999999.0,1699999.0,1,True
FRA-notebook-lenovo-15-6-geforce-rtx-3050-am,Fravega,LENOVO,Notebooks,"Notebook Lenovo 15,6"" GeForce RTX 3050 AMD Ryzen 5 16GB 1TB SSD LOQ",https://www.fravega.com/p/notebook-lenovo-15-6-geforce-rtx-3050-amd-ryzen-5-16gb-1tb-ssd-loq-364951/,3999999.0,2499999.0,1,True
FRA-notebook-exo-14-intel-n4020-4gb-128emmc-,Fravega,OTRAS,Notebooks,Notebook Exo 14´ Intel N4020 4GB 128eMMC RX38 Windows 11,https://www.fravega.com/p/notebook-exo-14-intel-n4020-4gb-128emmc-rx38-windows-11-22612161/,459999.0,280999.0,1,True
FRA-notebook-exo-r34-intel-n4020-14-1-4gb-12,Fravega,OTRAS,Notebooks,"Notebook Exo R34 Intel N4020 14,1 4GB 128GB Windows 11",https://www.fravega.com/p/notebook-exo-r34-intel-n4020-14-1-4gb-128gb-windows-11-20458266/,569999.0,419999.0,1,True
FRA-notebook-exo-14-intel-n4020-4gb-128gb-em,Fravega,OTRAS,Notebooks,"Notebook Exo 14"" Intel N4020 4GB 128GB eMMC Smart XR2 Windows 11",https://www.fravega.com/p/notebook-exo-14-intel-n4020-4gb-128gb-emmc-smart-xr2-windows-11-364583/,499999.0,319999.0,1,True
FRA-notebook-exo-15-6-amd-ryzen-3-8gb-256gb-,Fravega,OTRAS,Notebooks,"Notebook Exo 15,6"" AMD Ryzen 3 8GB 256GB SSD Windows 11",https://www.fravega.com/p/notebook-exo-15-6-amd-ryzen-3-8gb-256gb-ssd-windows-11-363469/,999999.0,749999.0,1,True
FRA-notebook-hp-15-6-amd-ryzen-3-8gb-512gb-1,Fravega,HP,Notebooks,"Notebook HP 15,6” AMD Ryzen 3 8GB 512GB 15-fc0235la",https://www.fravega.com/p/notebook-hp-15-6-amd-ryzen-3-8gb-512gb-15-fc0235la-364753/,1899999.0,1249999.0,1,True
FRA-notebook-lenovo-yoga-slim-7i-aura-editio,Fravega,LENOVO,Notebooks,"Notebook Lenovo Yoga Slim 7i Aura Edition 15,3” Intel Core Ultra 7 32GB 1TB SSD Luna Grey",https://www.fravega.com/p/notebook-lenovo-yoga-slim-7i-aura-edition-15-3-intel-core-ultra-7-32gb-1tb-ssd-luna-grey-364615/,4499999.0,3299999.0,1,True
FRA-notebook-hp-15-6-amd-ryzen-5-8gb-512gb-1,Fravega,HP,Notebooks,"Notebook HP 15,6"" AMD Ryzen 5 8GB 512GB 15-FC0251LA + Mochila",https://www.fravega.com/p/notebook-hp-15-6-amd-ryzen-5-8gb-512gb-15-fc0251la-mochila-364837/,1899999.0,1449999.0,1,True
FRA-notebook-hp-255r-g10-ryzen-7-7735u-16gb-,Fravega,HP,Notebooks,"Notebook Hp 255r G10 Ryzen 7 7735u 16gb Ram 512gb Ssd Pantalla 15,6'' Full Hd Gris",https://www.fravega.com/p/notebook-hp-255r-g10-ryzen-7-7735u-16gb-ram-512gb-ssd-pantalla-15-6-full-hd-gris-22696856/,1874999.0,1499999.0,1,True
FRA-notebook-acer-aspire-lite-amd-ryzen-7-32,Fravega,ACER,Notebooks,Notebook Acer Aspire Lite AMD Ryzen 7 32GB 512GB AL15-43P-R6ZA,https://www.fravega.com/p/notebook-acer-aspire-lite-amd-ryzen-7-32gb-512gb-al15-43p-r6za-364846/,3999999.0,1399999.0,1,True
FRA-notebook-hp-14-em0002-4gb-ram-128gb-ssd-,Fravega,HP,Notebooks,"Notebook Hp 14-em0002 4gb Ram 128gb Ssd Athlon 7120u 14"" Hd Moonlight Blue",https://www.fravega.com/p/notebook-hp-14-em0002-4gb-ram-128gb-ssd-athlon-7120u-14-hd-moonlight-blue-22819531/,624999.0,499999.0,1,True
FRA-notebook-lenovo-ideapad-1-ryzen-5-7520u-,Fravega,LENOVO,Notebooks,"Notebook Lenovo Ideapad 1 Ryzen 5 7520U 8GB 256GB SSD 15.6"" Full HD Windows 11",https://www.fravega.com/p/notebook-lenovo-ideapad-1-ryzen-5-7520u-8gb-256gb-ssd-15-6-full-hd-windows-11-22740283/,1374999.0,1099999.0,1,True
FRA-notebook-asus-vivobook-intel-i3-1315u-8g,Fravega,ASUS,Notebooks,"Notebook Asus Vivobook Intel I3-1315u 8gb Ram 128gb Ssd Pantalla 14"" Fhd Windows 11  Color Quiet Blue",https://www.fravega.com/p/notebook-asus-vivobook-intel-i3-1315u-8gb-ram-128gb-ssd-pantalla-14-fhd-windows-11-color-quiet-blue-22771659/,874999.0,699999.0,1,True
FRA-notebook-hp-omen-16-ap0000la-amd-ryzen-a,Fravega,HP,Notebooks,Notebook HP OMEN 16-AP0000LA AMD Ryzen AI 5 340 4.8 GHz 16GB 1TB SSD NVIDIA GEFORCE RTX  5050 8GB GDDR7,https://www.fravega.com/p/notebook-hp-omen-16-ap0000la-amd-ryzen-ai-5-340-4-8-ghz-16gb-1tb-ssd-nvidia-geforce-rtx-5050-8gb-gddr7-364695/,4299999.0,2999999.0,1,True
FRA-notebook-lenovo-15-6-intel-core-i5-8gb-5,Fravega,LENOVO,Notebooks,Notebook Lenovo 15.6” Intel Core i5 8GB 512GB SSD Legion 5 82JK00LVAR,https://www.fravega.com/p/notebook-lenovo-15-6-intel-core-i5-8gb-512gb-ssd-legion-5-82jk00lvar-364359/,4499999.0,3499999.0,1,True
FRA-notebook-gamer-acer-nitro-v-15-amd-ryzen,Fravega,ACER,Notebooks,Notebook Gamer Acer Nitro V 15 AMD Ryzen 5 8GB 512GB ANV15-41-R6NM,https://www.fravega.com/p/notebook-gamer-acer-nitro-v-15-amd-ryzen-5-8gb-512gb-anv15-41-r6nm-364779/,2499999.0,1799999.0,1,True
FRA-notebook-lenovo-legion-slim-16-geforce-r,Fravega,LENOVO,Notebooks,Notebook Lenovo Legion Slim 16” GeForce RTX 4060 AMD Ryzen 7 16GB 512GB SSD 83EX001NAR,https://www.fravega.com/p/notebook-lenovo-legion-slim-16-geforce-rtx-4060-amd-ryzen-7-16gb-512gb-ssd-83ex001nar-364376/,3999999.0,3299999.0,1,True
FRA-notebook-lenovo-ideapad-slim-3-15-6-amd-,Fravega,LENOVO,Notebooks,"Notebook Lenovo Ideapad Slim 3 15,6” AMD Ryzen 5 8GB 512GB SSD 82XQ00YAAR",https://www.fravega.com/p/notebook-lenovo-ideapad-slim-3-15-6-amd-ryzen-5-8gb-512gb-ssd-82xq00yaar-364950/,2499999.0,1449999.0,1,True
FRA-notebook-hp-14-intel-core-5-8gb-512gb-om,Fravega,HP,Notebooks,"Notebook HP 14"" Intel Core 5 8GB 512GB OmniBook 3 14-HU0050LA",https://www.fravega.com/p/notebook-hp-14-intel-core-5-8gb-512gb-omnibook-3-14-hu0050la-364858/,2999999.0,1699999.0,1,True
FRA-notebook-acer-aspire-lite-amd-ryzen-7-8g,Fravega,ACER,Notebooks,Notebook Acer Aspire Lite AMD Ryzen 7 8GB 512GB AL15-43P-R8B6,https://www.fravega.com/p/notebook-acer-aspire-lite-amd-ryzen-7-8gb-512gb-al15-43p-r8b6-364844/,2499999.0,1249999.0,1,True
FRA-notebook-hp-15-6-amd-ryzen-7-8gb-512gb-1,Fravega,HP,Notebooks,"Notebook HP 15,6"" AMD Ryzen 7 8GB 512GB 15-FC0287LA",https://www.fravega.com/p/notebook-hp-15-6-amd-ryzen-7-8gb-512gb-15-fc0287la-364855/,2999999.0,1699999.0,1,True
FRA-notebook-lenovo-15-6-geforce-rtx-3050-am,Fravega,LENOVO,Notebooks,"Notebook Lenovo 15,6"" GeForce RTX 3050 AMD Ryzen 5 16GB 1TB SSD LOQ",https://www.fravega.com/p/notebook-lenovo-15-6-geforce-rtx-3050-amd-ryzen-5-16gb-1tb-ssd-loq-364951/,3999999.0,2499999.0,1,True
FRA-notebook-exo-14-intel-n4020-4gb-128emmc-,Fravega,OTRAS,Notebooks,Notebook Exo 14´ Intel N4020 4GB 128eMMC RX38 Windows 11,https://www.fravega.com/p/notebook-exo-14-intel-n4020-4gb-128emmc-rx38-windows-11-22612161/,459999.0,280999.0,1,True
FRA-notebook-exo-r34-intel-n4020-14-1-4gb-12,Fravega,OTRAS,Notebooks,"Notebook Exo R34 Intel N4020 14,1 4GB 128GB Windows 11",https://www.fravega.com/p/notebook-exo-r34-intel-n4020-14-1-4gb-128gb-windows-11-20458266/,569999.0,419999.0,1,True
FRA-notebook-exo-14-intel-n4020-4gb-128gb-em,Fravega,OTRAS,Notebooks,"Notebook Exo 14"" Intel N4020 4GB 128GB eMMC Smart XR2 Windows 11",https://www.fravega.com/p/notebook-exo-14-intel-n4020-4gb-128gb-emmc-smart-xr2-windows-11-364583/,499999.0,319999.0,1,True
FRA-notebook-exo-15-6-amd-ryzen-3-8gb-256gb-,Fravega,OTRAS,Notebooks,"Notebook Exo 15,6"" AMD Ryzen 3 8GB 256GB SSD Windows 11",https://www.fravega.com/p/notebook-exo-15-6-amd-ryzen-3-8gb-256gb-ssd-windows-11-363469/,999999.0,749999.0,1,True
FRA-notebook-hp-15-6-amd-ryzen-3-8gb-512gb-1,Fravega,HP,Notebooks,"Notebook HP 15,6” AMD Ryzen 3 8GB 512GB 15-fc0235la",https://www.fravega.com/p/notebook-hp-15-6-amd-ryzen-3-8gb-512gb-15-fc0235la-364753/,1899999.0,1249999.0,1,True
FRA-notebook-lenovo-yoga-slim-7i-aura-editio,Fravega,LENOVO,Notebooks,"Notebook Lenovo Yoga Slim 7i Aura Edition 15,3” Intel Core Ultra 7 32GB 1TB SSD Luna Grey",https://www.fravega.com/p/notebook-lenovo-yoga-slim-7i-aura-edition-15-3-intel-core-ultra-7-32gb-1tb-ssd-luna-grey-364615/,4499999.0,3299999.0,1,True
FRA-notebook-samsung-book4-core-7-150u-512gb,Fravega,SAMSUNG,Notebooks,Notebook Samsung Book4 Core 7 150u 512gb 16gb 15.6 Silver Color Plateado,https://www.fravega.com/p/notebook-samsung-book4-core-7-150u-512gb-16gb-15-6-silver-color-plateado-22696793/,2069999.0,1649999.0,1,True
FRA-notebook-gadnic-14-pulgadas-intel-celero,Fravega,LG,Notebooks,Notebook Gadnic 14 Pulgadas Intel Celeron N4500 RAM 4GB SSD 128GB Cámara Frontal Con Soporte,https://www.fravega.com/p/notebook-gadnic-14-pulgadas-intel-celeron-n4500-ram-4gb-ssd-128gb-camara-frontal-con-soporte-990284559/,529229.0,407098.99,1,True
FRA-apple-macbook-air-13-m2-24gb-512gb-midni,Fravega,APPLE,Notebooks,"Apple Macbook Air 13"" M2 24GB 512GB Midnight",https://www.fravega.com/p/apple-macbook-air-13-m2-24gb-512gb-midnight-22652387/,2995509.0,2995509.0,1,True
FRA-notebook-exo-rm84-14-intel-n4020-4gb-128,Fravega,OTRAS,Notebooks,Notebook Exo RM84 14 Intel N4020 4GB 128GB W11,https://www.fravega.com/p/notebook-exo-rm84-14-intel-n4020-4gb-128gb-w11-21194747/,551999.0,439999.0,1,True
FRA-notebook-asus-vivobook-x1404va-i3-1315u-,Fravega,ASUS,Notebooks,Notebook Asus Vivobook X1404VA i3-1315U 16 GB 512 GB,https://www.fravega.com/p/notebook-asus-vivobook-x1404va-i3-1315u-16-gb-512-gb-22649716/,1565897.62,1315354.0,1,True
FRA-notebook-acer-aspire-go-15-ryzen-7-7730u,Fravega,ACER,Notebooks,Notebook Acer Aspire Go 15 Ryzen 7 7730U 16GB 512GB 15.6? FHD Silver Windows 11,https://www.fravega.com/p/notebook-acer-aspire-go-15-ryzen-7-7730u-16gb-512gb-15-6-fhd-silver-windows-11-22828083/,1687999.0,1349999.0,1,True
FRA-notebook-asus-vivobook-x1404va-i3-1315u-,Fravega,ASUS,Notebooks,Notebook Asus Vivobook X1404VA i3-1315U 16 GB 512 GB,https://www.fravega.com/p/notebook-asus-vivobook-x1404va-i3-1315u-16-gb-512-gb-22647107/,1302224.12,1093868.27,1,True
FRA-notebook-noblex-intel-celeron-4gb-ram-ss,Fravega,NOBLEX,Notebooks,Notebook Noblex Intel Celeron 4GB RAM SSD 128GB N14X1010,https://www.fravega.com/p/notebook-noblex-intel-celeron-4gb-ram-ssd-128gb-n14x1010-990158531/,662199.0,395999.0,1,True
FRA-notebook-ideapad-slim-3-15-8va-gen-amd-r,Fravega,OTRAS,Notebooks,"Notebook Ideapad Slim 3 15"" 8va Gen AMD Ryzen 5",https://www.fravega.com/p/notebook-ideapad-slim-3-15-8va-gen-amd-ryzen-5-22492347/,1699999.0,1199999.0,1,True
FRA-notebook-lenovo-ideapad-1-15amn7-amd-ryz,Fravega,LENOVO,Notebooks,"Notebook Lenovo Ideapad 1 15AMN7 AMD Ryzen 5 7520U 256GB SSD 8GB 15.6"" ABYSS BLUE",https://www.fravega.com/p/notebook-lenovo-ideapad-1-15amn7-amd-ryzen-5-7520u-256gb-ssd-8gb-15-6-abyss-blue-22745057/,1309999.0,1214999.0,1,True
FRA-notebook-hp-omen-16-ap0000la-amd-ryzen-a,Fravega,HP,Notebooks,Notebook HP OMEN 16-AP0000LA AMD Ryzen AI 5 340 4.8 GHz 16GB 1TB SSD NVIDIA GEFORCE RTX  5050 8GB GDDR7,https://www.fravega.com/p/notebook-hp-omen-16-ap0000la-amd-ryzen-ai-5-340-4-8-ghz-16gb-1tb-ssd-nvidia-geforce-rtx-5050-8gb-gddr7-364695/,4299999.0,2999999.0,1,True
FRA-notebook-lenovo-15-6-intel-core-i5-8gb-5,Fravega,LENOVO,Notebooks,Notebook Lenovo 15.6” Intel Core i5 8GB 512GB SSD Legion 5 82JK00LVAR,https://www.fravega.com/p/notebook-lenovo-15-6-intel-core-i5-8gb-512gb-ssd-legion-5-82jk00lvar-364359/,4499999.0,3499999.0,1,True
FRA-notebook-gamer-acer-nitro-v-15-amd-ryzen,Fravega,ACER,Notebooks,Notebook Gamer Acer Nitro V 15 AMD Ryzen 5 8GB 512GB ANV15-41-R6NM,https://www.fravega.com/p/notebook-gamer-acer-nitro-v-15-amd-ryzen-5-8gb-512gb-anv15-41-r6nm-364779/,2499999.0,1799999.0,1,True
FRA-notebook-lenovo-legion-slim-16-geforce-r,Fravega,LENOVO,Notebooks,Notebook Lenovo Legion Slim 16” GeForce RTX 4060 AMD Ryzen 7 16GB 512GB SSD 83EX001NAR,https://www.fravega.com/p/notebook-lenovo-legion-slim-16-geforce-rtx-4060-amd-ryzen-7-16gb-512gb-ssd-83ex001nar-364376/,3999999.0,3299999.0,1,True
FRA-notebook-lenovo-ideapad-slim-3-15-6-amd-,Fravega,LENOVO,Notebooks,"Notebook Lenovo Ideapad Slim 3 15,6” AMD Ryzen 5 8GB 512GB SSD 82XQ00YAAR",https://www.fravega.com/p/notebook-lenovo-ideapad-slim-3-15-6-amd-ryzen-5-8gb-512gb-ssd-82xq00yaar-364950/,2499999.0,1449999.0,1,True
FRA-notebook-hp-14-intel-core-5-8gb-512gb-om,Fravega,HP,Notebooks,"Notebook HP 14"" Intel Core 5 8GB 512GB OmniBook 3 14-HU0050LA",https://www.fravega.com/p/notebook-hp-14-intel-core-5-8gb-512gb-omnibook-3-14-hu0050la-364858/,2999999.0,1699999.0,1,True
FRA-notebook-acer-aspire-lite-amd-ryzen-7-8g,Fravega,ACER,Notebooks,Notebook Acer Aspire Lite AMD Ryzen 7 8GB 512GB AL15-43P-R8B6,https://www.fravega.com/p/notebook-acer-aspire-lite-amd-ryzen-7-8gb-512gb-al15-43p-r8b6-364844/,2499999.0,1249999.0,1,True
FRA-notebook-hp-15-6-amd-ryzen-7-8gb-512gb-1,Fravega,HP,Notebooks,"Notebook HP 15,6"" AMD Ryzen 7 8GB 512GB 15-FC0287LA",https://www.fravega.com/p/notebook-hp-15-6-amd-ryzen-7-8gb-512gb-15-fc0287la-364855/,2999999.0,1699999.0,1,True
FRA-notebook-lenovo-15-6-geforce-rtx-3050-am,Fravega,LENOVO,Notebooks,"Notebook Lenovo 15,6"" GeForce RTX 3050 AMD Ryzen 5 16GB 1TB SSD LOQ",https://www.fravega.com/p/notebook-lenovo-15-6-geforce-rtx-3050-amd-ryzen-5-16gb-1tb-ssd-loq-364951/,3999999.0,2499999.0,1,True
FRA-notebook-exo-14-intel-n4020-4gb-128emmc-,Fravega,OTRAS,Notebooks,Notebook Exo 14´ Intel N4020 4GB 128eMMC RX38 Windows 11,https://www.fravega.com/p/notebook-exo-14-intel-n4020-4gb-128emmc-rx38-windows-11-22612161/,459999.0,280999.0,1,True
FRA-notebook-exo-r34-intel-n4020-14-1-4gb-12,Fravega,OTRAS,Notebooks,"Notebook Exo R34 Intel N4020 14,1 4GB 128GB Windows 11",https://www.fravega.com/p/notebook-exo-r34-intel-n4020-14-1-4gb-128gb-windows-11-20458266/,569999.0,419999.0,1,True
FRA-notebook-exo-14-intel-n4020-4gb-128gb-em,Fravega,OTRAS,Notebooks,"Notebook Exo 14"" Intel N4020 4GB 128GB eMMC Smart XR2 Windows 11",https://www.fravega.com/p/notebook-exo-14-intel-n4020-4gb-128gb-emmc-smart-xr2-windows-11-364583/,499999.0,319999.0,1,True
FRA-notebook-exo-15-6-amd-ryzen-3-8gb-256gb-,Fravega,OTRAS,Notebooks,"Notebook Exo 15,6"" AMD Ryzen 3 8GB 256GB SSD Windows 11",https://www.fravega.com/p/notebook-exo-15-6-amd-ryzen-3-8gb-256gb-ssd-windows-11-363469/,999999.0,749999.0,1,True
FRA-notebook-hp-15-6-amd-ryzen-3-8gb-512gb-1,Fravega,HP,Notebooks,"Notebook HP 15,6” AMD Ryzen 3 8GB 512GB 15-fc0235la",https://www.fravega.com/p/notebook-hp-15-6-amd-ryzen-3-8gb-512gb-15-fc0235la-364753/,1899999.0,1249999.0,1,True
FRA-notebook-lenovo-yoga-slim-7i-aura-editio,Fravega,LENOVO,Notebooks,"Notebook Lenovo Yoga Slim 7i Aura Edition 15,3” Intel Core Ultra 7 32GB 1TB SSD Luna Grey",https://www.fravega.com/p/notebook-lenovo-yoga-slim-7i-aura-edition-15-3-intel-core-ultra-7-32gb-1tb-ssd-luna-grey-364615/,4499999.0,3299999.0,1,True
FRA-notebook-lenovo-ideapad-1-15amn7-amd-ryz,Fravega,LENOVO,Notebooks,"Notebook Lenovo Ideapad 1 15AMN7 AMD Ryzen 5 7520U 256GB SSD 8GB 15.6"" ABYSS BLUE",https://www.fravega.com/p/notebook-lenovo-ideapad-1-15amn7-amd-ryzen-5-7520u-256gb-ssd-8gb-15-6-abyss-blue-22745057/,1309999.0,1214999.0,1,True
FRA-notebook-enova-15-6-amd-ryzen-5-8gb-240-,Fravega,OTRAS,Notebooks,"Notebook ENova 15,6"" AMD Ryzen 5 8GB 240 GB NE15R510-08240W",https://www.fravega.com/p/notebook-enova-15-6-amd-ryzen-5-8gb-240-gb-ne15r510-08240w-365041/,1099999.0,1049999.0,1,True
FRA-notebook-msi-thin-15-core-i5-13420h-16gb,Fravega,OTRAS,Notebooks,Notebook Msi Thin 15 Core I5 13420h 16gb 512GB Rtx 4050 6gb GDDR6 156 144Hz Color Gris,https://www.fravega.com/p/notebook-msi-thin-15-core-i5-13420h-16gb-512gb-rtx-4050-6gb-gddr6-156-144hz-color-gris-990268423/,2677414.0,2059549.0,1,True
FRA-notebook-lenovo-ideapad-1-15amn7-amd-ryz,Fravega,LENOVO,Notebooks,"Notebook Lenovo Ideapad 1 15AMN7 AMD Ryzen 5 7520U 256GB SSD 8GB 15.6"" ABYSS BLUE",https://www.fravega.com/p/notebook-lenovo-ideapad-1-15amn7-amd-ryzen-5-7520u-256gb-ssd-8gb-15-6-abyss-blue-22745047/,1309999.0,1091999.0,1,True
FRA-notebook-lenovo-yoga-7-14-amd-ryzen-5-8g,Fravega,LENOVO,Notebooks,Notebook Lenovo Yoga 7 14” AMD Ryzen 5 8GB 512GB SSD 83DK006HAR,https://www.fravega.com/p/notebook-lenovo-yoga-7-14-amd-ryzen-5-8gb-512gb-ssd-83dk006har-364564/,2399999.0,1899999.0,1,True
FRA-notebook-ideapad-slim-5i-16-10ma-gen-int,Fravega,OTRAS,Notebooks,"Notebook Ideapad Slim 5i 16"" 10ma Gen Intel Core i7 16GB 1TB",https://www.fravega.com/p/notebook-ideapad-slim-5i-16-10ma-gen-intel-core-i7-16gb-1tb-22479064/,3289999.0,2199999.0,1,True
FRA-notebook-lenovo-ideapad-slim-3-g10-intel,Fravega,LENOVO,Notebooks,Notebook Lenovo IdeaPad Slim 3 G10 Intel Core i5 16GB 512GB,https://www.fravega.com/p/notebook-lenovo-ideapad-slim-3-g10-intel-core-i5-16gb-512gb-22657026/,2199999.0,1639999.0,1,True
FRA-notebook-hp-156-fhd-ips-ci7-1255u-16gb-r,Fravega,HP,Notebooks,Notebook HP 156 FHD IPS Ci7-1255U 16GB RAM 512GB SSD Natural Silver,https://www.fravega.com/p/notebook-hp-156-fhd-ips-ci7-1255u-16gb-ram-512gb-ssd-natural-silver-990268433/,2485404.0,1911849.01,1,True
FRA-notebook-lenovo-15-6-r5-7520u-16gb-ssd51,Fravega,LENOVO,Notebooks,Notebook Lenovo 15.6 R5-7520U 16GB SSD512GB IDEA PAD S3 Win11Home,https://www.fravega.com/p/notebook-lenovo-15-6-r5-7520u-16gb-ssd512gb-idea-pad-s3-win11home-22701149/,2559570.0,1791699.0,1,True
FRA-lenovo-ideapad-slim-3-15-6-ryzen-5-7520u,Fravega,LENOVO,Notebooks,"LENOVO IDEAPAD SLIM 3 15,6"" RYZEN 5 7520U 8GB 256GB SSD - ARCTIC GREY",https://www.fravega.com/p/lenovo-ideapad-slim-3-15-6-ryzen-5-7520u-8gb-256gb-ssd-arctic-grey-22743435/,1100000.0,990000.0,1,True
FRA-notebook-ideapad-slim-5i-10ma-gen-intel-,Fravega,OTRAS,Notebooks,"Notebook Ideapad Slim 5i 10ma Gen Intel Core i7 14""",https://www.fravega.com/p/notebook-ideapad-slim-5i-10ma-gen-intel-core-i7-14--22492304/,3079999.0,1899999.0,1,True
FRA-notebook-exo-r38-amd-ryzen-3-8gb-ram-480,Fravega,OTRAS,Notebooks,"Notebook Exo R38 Amd Ryzen 3 8gb Ram 480gb Ssd 15,6"" Windows 11 Color Gris",https://www.fravega.com/p/notebook-exo-r38-amd-ryzen-3-8gb-ram-480gb-ssd-15-6-windows-11-color-gris-22492530/,1509999.0,1259999.0,1,True
FRA-hp-gamer-core-i5-1334u-16gb-ram-512gb-ss,Fravega,HP,Notebooks,"HP Gamer Core i5 1334U 16GB RAM 512GB SSD 15,6 FHD Silver Notebook con Windows 11",https://www.fravega.com/p/hp-gamer-core-i5-1334u-16gb-ram-512gb-ssd-15-6-fhd-silver-notebook-con-windows-11-990249849/,2637360.0,1486667.0,1,True
FRA-notebook-asus-vivobook-x1404va-i3-1315u-,Fravega,ASUS,Notebooks,Notebook Asus Vivobook X1404VA i3-1315U 12 GB 256 GB,https://www.fravega.com/p/notebook-asus-vivobook-x1404va-i3-1315u-12-gb-256-gb-22647102/,1162041.21,976114.61,1,True
FRA-notebook-gamer-loq-intel-core-i5-16gb-51,Fravega,OTRAS,Notebooks,Notebook Gamer LOQ Intel Core i5 16GB 512GB GeForce RTX 3050,https://www.fravega.com/p/notebook-gamer-loq-intel-core-i5-16gb-512gb-geforce-rtx-3050-22657036/,3199999.0,1999999.0,1,True
FRA-notebook-hp-omen-16-ap0000la-amd-ryzen-a,Fravega,HP,Notebooks,Notebook HP OMEN 16-AP0000LA AMD Ryzen AI 5 340 4.8 GHz 16GB 1TB SSD NVIDIA GEFORCE RTX  5050 8GB GDDR7,https://www.fravega.com/p/notebook-hp-omen-16-ap0000la-amd-ryzen-ai-5-340-4-8-ghz-16gb-1tb-ssd-nvidia-geforce-rtx-5050-8gb-gddr7-364695/,4299999.0,2999999.0,1,True
FRA-notebook-lenovo-15-6-intel-core-i5-8gb-5,Fravega,LENOVO,Notebooks,Notebook Lenovo 15.6” Intel Core i5 8GB 512GB SSD Legion 5 82JK00LVAR,https://www.fravega.com/p/notebook-lenovo-15-6-intel-core-i5-8gb-512gb-ssd-legion-5-82jk00lvar-364359/,4499999.0,3499999.0,1,True
FRA-notebook-gamer-acer-nitro-v-15-amd-ryzen,Fravega,ACER,Notebooks,Notebook Gamer Acer Nitro V 15 AMD Ryzen 5 8GB 512GB ANV15-41-R6NM,https://www.fravega.com/p/notebook-gamer-acer-nitro-v-15-amd-ryzen-5-8gb-512gb-anv15-41-r6nm-364779/,2499999.0,1799999.0,1,True
FRA-notebook-lenovo-legion-slim-16-geforce-r,Fravega,LENOVO,Notebooks,Notebook Lenovo Legion Slim 16” GeForce RTX 4060 AMD Ryzen 7 16GB 512GB SSD 83EX001NAR,https://www.fravega.com/p/notebook-lenovo-legion-slim-16-geforce-rtx-4060-amd-ryzen-7-16gb-512gb-ssd-83ex001nar-364376/,3999999.0,3299999.0,1,True
FRA-notebook-lenovo-ideapad-slim-3-15-6-amd-,Fravega,LENOVO,Notebooks,"Notebook Lenovo Ideapad Slim 3 15,6” AMD Ryzen 5 8GB 512GB SSD 82XQ00YAAR",https://www.fravega.com/p/notebook-lenovo-ideapad-slim-3-15-6-amd-ryzen-5-8gb-512gb-ssd-82xq00yaar-364950/,2499999.0,1449999.0,1,True
FRA-notebook-hp-14-intel-core-5-8gb-512gb-om,Fravega,HP,Notebooks,"Notebook HP 14"" Intel Core 5 8GB 512GB OmniBook 3 14-HU0050LA",https://www.fravega.com/p/notebook-hp-14-intel-core-5-8gb-512gb-omnibook-3-14-hu0050la-364858/,2999999.0,1699999.0,1,True
FRA-notebook-acer-aspire-lite-amd-ryzen-7-8g,Fravega,ACER,Notebooks,Notebook Acer Aspire Lite AMD Ryzen 7 8GB 512GB AL15-43P-R8B6,https://www.fravega.com/p/notebook-acer-aspire-lite-amd-ryzen-7-8gb-512gb-al15-43p-r8b6-364844/,2499999.0,1249999.0,1,True
FRA-notebook-hp-15-6-amd-ryzen-7-8gb-512gb-1,Fravega,HP,Notebooks,"Notebook HP 15,6"" AMD Ryzen 7 8GB 512GB 15-FC0287LA",https://www.fravega.com/p/notebook-hp-15-6-amd-ryzen-7-8gb-512gb-15-fc0287la-364855/,2999999.0,1699999.0,1,True
FRA-notebook-lenovo-15-6-geforce-rtx-3050-am,Fravega,LENOVO,Notebooks,"Notebook Lenovo 15,6"" GeForce RTX 3050 AMD Ryzen 5 16GB 1TB SSD LOQ",https://www.fravega.com/p/notebook-lenovo-15-6-geforce-rtx-3050-amd-ryzen-5-16gb-1tb-ssd-loq-364951/,3999999.0,2499999.0,1,True
FRA-notebook-exo-14-intel-n4020-4gb-128emmc-,Fravega,OTRAS,Notebooks,Notebook Exo 14´ Intel N4020 4GB 128eMMC RX38 Windows 11,https://www.fravega.com/p/notebook-exo-14-intel-n4020-4gb-128emmc-rx38-windows-11-22612161/,459999.0,280999.0,1,True
FRA-notebook-exo-r34-intel-n4020-14-1-4gb-12,Fravega,OTRAS,Notebooks,"Notebook Exo R34 Intel N4020 14,1 4GB 128GB Windows 11",https://www.fravega.com/p/notebook-exo-r34-intel-n4020-14-1-4gb-128gb-windows-11-20458266/,569999.0,419999.0,1,True
FRA-notebook-exo-14-intel-n4020-4gb-128gb-em,Fravega,OTRAS,Notebooks,"Notebook Exo 14"" Intel N4020 4GB 128GB eMMC Smart XR2 Windows 11",https://www.fravega.com/p/notebook-exo-14-intel-n4020-4gb-128gb-emmc-smart-xr2-windows-11-364583/,499999.0,319999.0,1,True
FRA-notebook-exo-15-6-amd-ryzen-3-8gb-256gb-,Fravega,OTRAS,Notebooks,"Notebook Exo 15,6"" AMD Ryzen 3 8GB 256GB SSD Windows 11",https://www.fravega.com/p/notebook-exo-15-6-amd-ryzen-3-8gb-256gb-ssd-windows-11-363469/,999999.0,749999.0,1,True
FRA-notebook-hp-15-6-amd-ryzen-3-8gb-512gb-1,Fravega,HP,Notebooks,"Notebook HP 15,6” AMD Ryzen 3 8GB 512GB 15-fc0235la",https://www.fravega.com/p/notebook-hp-15-6-amd-ryzen-3-8gb-512gb-15-fc0235la-364753/,1899999.0,1249999.0,1,True
FRA-notebook-lenovo-yoga-slim-7i-aura-editio,Fravega,LENOVO,Notebooks,"Notebook Lenovo Yoga Slim 7i Aura Edition 15,3” Intel Core Ultra 7 32GB 1TB SSD Luna Grey",https://www.fravega.com/p/notebook-lenovo-yoga-slim-7i-aura-edition-15-3-intel-core-ultra-7-32gb-1tb-ssd-luna-grey-364615/,4499999.0,3299999.0,1,True
FRA-notebook-asus-vivobook-16-i7-1355u-16-gb,Fravega,ASUS,Notebooks,Notebook Asus Vivobook 16 i7-1355U 16 GB 1 TB,https://www.fravega.com/p/notebook-asus-vivobook-16-i7-1355u-16-gb-1-tb-22719637/,2247352.18,1887775.83,1,True
FRA-notebook-acer-nitro-v15-15-6-geforce-rtx,Fravega,ACER,Notebooks,"Notebook Acer Nitro V15 15,6” GeForce RTX 3050 Intel Core i5 8 Núcleos 8GB 512GB SSD",https://www.fravega.com/p/notebook-acer-nitro-v15-15-6-geforce-rtx-3050-intel-core-i5-8-nucleos-8gb-512gb-ssd-364617/,2699999.0,2299999.0,1,True
FRA-notebook-hp-victus-ryzen-7-7445hs-rtx-40,Fravega,HP,Notebooks,Notebook HP Victus Ryzen 7 7445hs RTX 4050 16GB DDR5 512gb SSD,https://www.fravega.com/p/notebook-hp-victus-ryzen-7-7445hs-rtx-4050-16gb-ddr5-512gb-ssd-22606878/,2877437.55,2417047.54,1,True
FRA-notebook-hp-ryzen-7-16gb-ram-512gb-ssd-1,Fravega,HP,Notebooks,"Notebook HP Ryzen 7 16GB RAM 512GB SSD 15,6 FHD Touch con Windows 11",https://www.fravega.com/p/notebook-hp-ryzen-7-16gb-ram-512gb-ssd-15-6-fhd-touch-con-windows-11-990249843/,2819520.0,1457280.0,1,True
FRA-notebook-asus-vivobook-16-i7-1355u-16-gb,Fravega,ASUS,Notebooks,Notebook Asus Vivobook 16 i7-1355U 16 GB 512 GB,https://www.fravega.com/p/notebook-asus-vivobook-16-i7-1355u-16-gb-512-gb-22719619/,2021583.89,1698130.47,1,True
FRA-notebook-lenovo-thinkpad-e16-gen-3-ryzen,Fravega,LENOVO,Notebooks,"Notebook Lenovo ThinkPad E16 Gen 3 Ryzen 7 250 16GB RAM 512GB SSD 16"" Sin Windows",https://www.fravega.com/p/notebook-lenovo-thinkpad-e16-gen-3-ryzen-7-250-16gb-ram-512gb-ssd-16-sin-windows-990285495/,3284346.77,2627477.42,1,True
FRA-notebook-laptop-hp-omnibook-5-16-2k-amd-,Fravega,HP,Notebooks,Notebook Laptop Hp Omnibook 5 16 2k Amd Ryzen Ai 7 350 16gb Ram 512gb Ssd - Glacier Silver -  HP-16-AG1070WM,https://www.fravega.com/p/notebook-laptop-hp-omnibook-5-16-2k-amd-ryzen-ai-7-350-16gb-ram-512gb-ssd-glacier-silver-hp-16-ag1070wm--22810190/,1899999.0,1666999.0,1,True
FRA-notebook-gamer-loq-10g-amd-ryzen-7-32gb-,Fravega,OTRAS,Notebooks,Notebook Gamer LOQ 10G AMD Ryzen 7 32GB 1TB GeForce RTX 5060,https://www.fravega.com/p/notebook-gamer-loq-10g-amd-ryzen-7-32gb-1tb-geforce-rtx-5060-22817852/,5099999.0,3239999.0,1,True
FRA-notebook-dell-latitude-3120-celeron-n510,Fravega,DELL,Notebooks,Notebook Dell Latitude 3120 Celeron N5100 4gb 128gb W11 Pro,https://www.fravega.com/p/notebook-dell-latitude-3120-celeron-n5100-4gb-128gb-w11-pro-990152621/,1599999.0,972999.0,1,True
FRA-macbook-apple-air-13-3-m1-8gb-256-ssd-mg,Fravega,APPLE,Notebooks,"MacBook Apple Air 13,3” M1 8GB 256 SSD MGN63LE/A Space Gray",https://www.fravega.com/p/macbook-apple-air-13-3-m1-8gb-256-ssd-mgn63le-a-space-gray-364691/,3199999.0,2599999.0,1,True
FRA-notebook-fhd-hp-14-em0001la-ryzen-3-7320,Fravega,HP,Notebooks,Notebook Fhd Hp 14-em0001la Ryzen 3 7320u 8gb 256gb Ssd W11,https://www.fravega.com/p/notebook-fhd-hp-14-em0001la-ryzen-3-7320u-8gb-256gb-ssd-w11-990225759/,1599999.0,1131999.0,1,True
FRA-notebook-exo-xr2-n4020-celeron-4-gb-ram-,Fravega,LG,Notebooks,Notebook Exo Xr2 N4020 Celeron 4 Gb Ram 128 Gb Ssd 14 Pulgadas Gris,https://www.fravega.com/p/notebook-exo-xr2-n4020-celeron-4-gb-ram-128-gb-ssd-14-pulgadas-gris-990250539/,432374.0,352199.0,1,True
FRA-notebook-zenit-pro-ny-1025-8256-intel-co,Fravega,OTRAS,Notebooks,Notebook Zenit Pro NY-1025-8256 | Intel Core i3 | 8GB RAM | 256GB SSD |,https://www.fravega.com/p/notebook-zenit-pro-ny-1025-8256-intel-core-i3-8gb-ram-256gb-ssd--22620478/,749999.0,619833.88,1,True
FRA-notebook-fhd-hp-15-fc0043la-ryzen-3-7320,Fravega,HP,Notebooks,Notebook Fhd Hp 15-fc0043la Ryzen 3 7320u 8gb 512gb Ssd W11 Warm Gold,https://www.fravega.com/p/notebook-fhd-hp-15-fc0043la-ryzen-3-7320u-8gb-512gb-ssd-w11-warm-gold-990264049/,1499999.0,1039999.0,1,True
FRA-notebook-samsung-galaxy-book-4-i38gb-ram,Fravega,SAMSUNG,Notebooks,Notebook Samsung Galaxy Book 4 I38GB RAM 256GB SSD,https://www.fravega.com/p/notebook-samsung-galaxy-book-4-i38gb-ram-256gb-ssd-990264071/,1932904.0,1486849.0,1,True
FRA-notebook-hp-omen-16-ap0000la-amd-ryzen-a,Fravega,HP,Notebooks,Notebook HP OMEN 16-AP0000LA AMD Ryzen AI 5 340 4.8 GHz 16GB 1TB SSD NVIDIA GEFORCE RTX  5050 8GB GDDR7,https://www.fravega.com/p/notebook-hp-omen-16-ap0000la-amd-ryzen-ai-5-340-4-8-ghz-16gb-1tb-ssd-nvidia-geforce-rtx-5050-8gb-gddr7-364695/,4299999.0,2999999.0,1,True
FRA-notebook-lenovo-15-6-intel-core-i5-8gb-5,Fravega,LENOVO,Notebooks,Notebook Lenovo 15.6” Intel Core i5 8GB 512GB SSD Legion 5 82JK00LVAR,https://www.fravega.com/p/notebook-lenovo-15-6-intel-core-i5-8gb-512gb-ssd-legion-5-82jk00lvar-364359/,4499999.0,3499999.0,1,True
FRA-notebook-gamer-acer-nitro-v-15-amd-ryzen,Fravega,ACER,Notebooks,Notebook Gamer Acer Nitro V 15 AMD Ryzen 5 8GB 512GB ANV15-41-R6NM,https://www.fravega.com/p/notebook-gamer-acer-nitro-v-15-amd-ryzen-5-8gb-512gb-anv15-41-r6nm-364779/,2499999.0,1799999.0,1,True
FRA-notebook-lenovo-legion-slim-16-geforce-r,Fravega,LENOVO,Notebooks,Notebook Lenovo Legion Slim 16” GeForce RTX 4060 AMD Ryzen 7 16GB 512GB SSD 83EX001NAR,https://www.fravega.com/p/notebook-lenovo-legion-slim-16-geforce-rtx-4060-amd-ryzen-7-16gb-512gb-ssd-83ex001nar-364376/,3999999.0,3299999.0,1,True
FRA-notebook-lenovo-ideapad-slim-3-15-6-amd-,Fravega,LENOVO,Notebooks,"Notebook Lenovo Ideapad Slim 3 15,6” AMD Ryzen 5 8GB 512GB SSD 82XQ00YAAR",https://www.fravega.com/p/notebook-lenovo-ideapad-slim-3-15-6-amd-ryzen-5-8gb-512gb-ssd-82xq00yaar-364950/,2499999.0,1449999.0,1,True
FRA-notebook-hp-14-intel-core-5-8gb-512gb-om,Fravega,HP,Notebooks,"Notebook HP 14"" Intel Core 5 8GB 512GB OmniBook 3 14-HU0050LA",https://www.fravega.com/p/notebook-hp-14-intel-core-5-8gb-512gb-omnibook-3-14-hu0050la-364858/,2999999.0,1699999.0,1,True
FRA-notebook-acer-aspire-lite-amd-ryzen-7-8g,Fravega,ACER,Notebooks,Notebook Acer Aspire Lite AMD Ryzen 7 8GB 512GB AL15-43P-R8B6,https://www.fravega.com/p/notebook-acer-aspire-lite-amd-ryzen-7-8gb-512gb-al15-43p-r8b6-364844/,2499999.0,1249999.0,1,True
FRA-notebook-hp-15-6-amd-ryzen-7-8gb-512gb-1,Fravega,HP,Notebooks,"Notebook HP 15,6"" AMD Ryzen 7 8GB 512GB 15-FC0287LA",https://www.fravega.com/p/notebook-hp-15-6-amd-ryzen-7-8gb-512gb-15-fc0287la-364855/,2999999.0,1699999.0,1,True
FRA-notebook-lenovo-15-6-geforce-rtx-3050-am,Fravega,LENOVO,Notebooks,"Notebook Lenovo 15,6"" GeForce RTX 3050 AMD Ryzen 5 16GB 1TB SSD LOQ",https://www.fravega.com/p/notebook-lenovo-15-6-geforce-rtx-3050-amd-ryzen-5-16gb-1tb-ssd-loq-364951/,3999999.0,2499999.0,1,True
FRA-notebook-exo-14-intel-n4020-4gb-128emmc-,Fravega,OTRAS,Notebooks,Notebook Exo 14´ Intel N4020 4GB 128eMMC RX38 Windows 11,https://www.fravega.com/p/notebook-exo-14-intel-n4020-4gb-128emmc-rx38-windows-11-22612161/,459999.0,280999.0,1,True
FRA-notebook-exo-r34-intel-n4020-14-1-4gb-12,Fravega,OTRAS,Notebooks,"Notebook Exo R34 Intel N4020 14,1 4GB 128GB Windows 11",https://www.fravega.com/p/notebook-exo-r34-intel-n4020-14-1-4gb-128gb-windows-11-20458266/,569999.0,419999.0,1,True
FRA-notebook-exo-14-intel-n4020-4gb-128gb-em,Fravega,OTRAS,Notebooks,"Notebook Exo 14"" Intel N4020 4GB 128GB eMMC Smart XR2 Windows 11",https://www.fravega.com/p/notebook-exo-14-intel-n4020-4gb-128gb-emmc-smart-xr2-windows-11-364583/,499999.0,319999.0,1,True
FRA-notebook-exo-15-6-amd-ryzen-3-8gb-256gb-,Fravega,OTRAS,Notebooks,"Notebook Exo 15,6"" AMD Ryzen 3 8GB 256GB SSD Windows 11",https://www.fravega.com/p/notebook-exo-15-6-amd-ryzen-3-8gb-256gb-ssd-windows-11-363469/,999999.0,749999.0,1,True
FRA-notebook-hp-15-6-amd-ryzen-3-8gb-512gb-1,Fravega,HP,Notebooks,"Notebook HP 15,6” AMD Ryzen 3 8GB 512GB 15-fc0235la",https://www.fravega.com/p/notebook-hp-15-6-amd-ryzen-3-8gb-512gb-15-fc0235la-364753/,1899999.0,1249999.0,1,True
FRA-notebook-lenovo-yoga-slim-7i-aura-editio,Fravega,LENOVO,Notebooks,"Notebook Lenovo Yoga Slim 7i Aura Edition 15,3” Intel Core Ultra 7 32GB 1TB SSD Luna Grey",https://www.fravega.com/p/notebook-lenovo-yoga-slim-7i-aura-edition-15-3-intel-core-ultra-7-32gb-1tb-ssd-luna-grey-364615/,4499999.0,3299999.0,1,True
FRA-notebook-hp-15-fd0005dx-intel-core-i5-12,Fravega,HP,Notebooks,Notebook HP 15-fd0005dx Intel Core i5 12 Gen 8GB 512GB SSD Windows 11 Home Wi-Fi Bluetooth Conexiones USBHDMI,https://www.fravega.com/p/notebook-hp-15-fd0005dx-intel-core-i5-12-gen-8gb-512gb-ssd-windows-11-home-wi-fi-bluetooth-conexiones-usbhdmi-990266512/,1743689.0,1341299.0,1,True
FRA-notebook-asus-vivobook-x1404va-i3-1315u-,Fravega,ASUS,Notebooks,Notebook Asus Vivobook X1404VA i3-1315U 12 GB 512 GB,https://www.fravega.com/p/notebook-asus-vivobook-x1404va-i3-1315u-12-gb-512-gb-22652418/,1494922.01,1255734.49,1,True
FRA-notebook-hp-victus-15fa2787nr-i7-13620h-,Fravega,HP,Notebooks,Notebook Hp Victus 15‑fa2787nr i7-13620H 32 GB 1 TB RTX 5060,https://www.fravega.com/p/notebook-hp-victus-15fa2787nr-i7-13620h-32-gb-1-tb-rtx-5060-22719591/,4404693.65,3699942.66,1,True
FRA-notebook-asus-vivobook-16-i7-1355u-16-gb,Fravega,ASUS,Notebooks,Notebook Asus Vivobook 16 i7-1355U 16 GB 1 TB,https://www.fravega.com/p/notebook-asus-vivobook-16-i7-1355u-16-gb-1-tb-22719687/,3153722.32,2649126.75,1,True
FRA-notebook-15-lenovo-ideapad-slim-3-amd-ry,Fravega,LENOVO,Notebooks,"NOTEBOOK 15"" LENOVO IDEAPAD SLIM 3 AMD RYZEN 7 7735HS 16GB SSD 512GB WUXGA WIN 11 LUNA GREY",https://www.fravega.com/p/notebook-15-lenovo-ideapad-slim-3-amd-ryzen-7-7735hs-16gb-ssd-512gb-wuxga-win-11-luna-grey-22730270/,3459208.0,2402228.0,1,True
FRA-lenovo-v14-g5-14-hybrid-7-240h-16gb-ram-,Fravega,LENOVO,Notebooks,"Lenovo V14 G5, 14""Hybrid, 7 240H, 16GB RAM, 512GB SSD, Win 11- Bussiness Black - 83HDA06GUS",https://www.fravega.com/p/lenovo-v14-g5-14-hybrid-7-240h-16gb-ram-512gb-ssd-win-11-bussiness-black-83hda06gus-22821273/,1789999.0,1459920.0,1,True
FRA-notebook-dell-dc15255-tactil-r7-7730u-32,Fravega,DELL,Notebooks,Notebook Dell DC15255 TACTIL R7-7730U 32 GB 1 TB TÁCTIL,https://www.fravega.com/p/notebook-dell-dc15255-tactil-r7-7730u-32-gb-1-tb-tactil-22844967/,3333875.98,2800455.82,1,True
FRA-notebook-hp-victus-gaming-core-i5-13420h,Fravega,HP,Notebooks,Notebook HP Victus Gaming Core i5 13420H 16GB RAM 512GB SSD RTX 4050 144Hz Win11,https://www.fravega.com/p/notebook-hp-victus-gaming-core-i5-13420h-16gb-ram-512gb-ssd-rtx-4050-144hz-win11-22845681/,3400000.0,2899999.0,1,True
FRA-notebook-celeron-14-1-4gb-128-gb-ssd-phi,Fravega,PHILCO,Notebooks,"Notebook Celeron 14.1"" 4GB 128 GB SSD Philco N14P4020",https://www.fravega.com/p/notebook-celeron-14-1-4gb-128-gb-ssd-philco-n14p4020-990289226/,581899.0,345999.0,1,True
FRA-macbook-neo-13-apple-a18-cpu-6core-gpu-5,Fravega,APPLE,Notebooks,"MacBook Neo 13"" Apple A18 CPU 6Core GPU 5Core, 256GB SSD, 8GB Ram Silver MHFA4LL-A",https://www.fravega.com/p/macbook-neo-13-apple-a18-cpu-6core-gpu-5core-256gb-ssd-8gb-ram-silver-mhfa4ll-a-990290381/,1899999.0,1519999.2,1,True
FRA-notebook-samsung-galaxy-book3-pro-14-int,Fravega,SAMSUNG,Notebooks,Notebook Samsung Galaxy Book3 Pro 14 Intel Core I5 12 Núcleos 16gb Graphite,https://www.fravega.com/p/notebook-samsung-galaxy-book3-pro-14-intel-core-i5-12-nucleos-16gb-graphite-990055431/,8002919.0,5070819.0,1,True
FRA-notebook-lenovo-16-amd-ryzen-7-16gb-1tb-,Fravega,LENOVO,Notebooks,Notebook Lenovo 16” AMD Ryzen 7 16GB 1TB SSD 82Y40024AR,https://www.fravega.com/p/notebook-lenovo-16-amd-ryzen-7-16gb-1tb-ssd-82y40024ar-364505/,5999999.0,5499999.0,1,True
FRA-luz-led-usb-lampara-para-notebook-portat,Fravega,OTRAS,Notebooks,Luz Led Usb Lampara Para Notebook Portatil Gadnic,https://www.fravega.com/p/luz-led-usb-lampara-para-notebook-portatil-gadnic-990152615/,52454.0,40349.0,1,True
FRA-notebook-hp-probook-14-445-g10-amd-ryzen,Fravega,HP,Notebooks,Notebook HP ProBook 14 445 G10 AMD Ryzen 5-7530U 16GB 1TB Win11Pro,https://www.fravega.com/p/notebook-hp-probook-14-445-g10-amd-ryzen-5-7530u-16gb-1tb-win11pro-21278055/,4076713.0,2853699.0,1,True
FRA-playstation-5-ps5-digital-bundle-2-astro,Fravega,OTRAS,Gaming y Videojuegos,Playstation 5 Ps5 Digital Bundle 2 Astro+GT7,https://www.fravega.com/p/playstation-5-ps5-digital-bundle-2-astro-gt7-342823/,1599999.0,1322313.22,1,True
FRA-joystick-microsoft-xbox-wireless-black-3,Fravega,OTRAS,Gaming y Videojuegos,Joystick Microsoft Xbox Wireless Black,https://www.fravega.com/p/joystick-microsoft-xbox-wireless-black-342653/,189999.0,179999.0,1,True
FRA-playstation-5-ps5-sony-consola-con-astro,Fravega,SONY,Gaming y Videojuegos,PlayStation 5 Ps5 Sony Consola con ASTRO BOT y Gran Turismo 7 Standar Bundle 2,https://www.fravega.com/p/playstation-5-ps5-sony-consola-con-astro-bot-y-gran-turismo-7-standar-bundle-2-342559/,1799999.0,1487602.48,1,True
FRA-auriculares-gaming-feel-crown-mustang-co,Fravega,OTRAS,Gaming y Videojuegos,Auriculares Gaming FEEL Crown Mustang Con Micrófono,https://www.fravega.com/p/auriculares-gaming-feel-crown-mustang-con-microfono-20057357/,57459.83,28399.9,1,True
FRA-joystick-gamer-vsg-tarvos-multiplataform,Fravega,OTRAS,Gaming y Videojuegos,Joystick Gamer VSG Tarvos Multiplataforma,https://www.fravega.com/p/joystick-gamer-vsg-tarvos-multiplataforma-342539/,69999.0,59999.0,1,True
FRA-sega-hdmi-688-juegos-2-joysticks-inalamb,Fravega,OTRAS,Gaming y Videojuegos,Sega Hdmi 688 Juegos 2 Joysticks Inalambricos,https://www.fravega.com/p/sega-hdmi-688-juegos-2-joysticks-inalambricos-21313129/,64999.0,39999.0,1,True
FRA-all-one-acer-23-8-full-hd-amd-ryzen-5-8g,Fravega,ACER,Gaming y Videojuegos,"All in One Acer 23,8” Full HD AMD Ryzen 5 8GB 512GB C24-2G",https://www.fravega.com/p/all-one-acer-23-8-full-hd-amd-ryzen-5-8gb-512gb-c24-2g-364834/,1599999.0,1149999.0,1,True
FRA-control-inalambrico-ps5-dualsense-fortni,Fravega,OTRAS,Gaming y Videojuegos,Control Inalámbrico PS5 Dualsense Fortnite Limited Edition,https://www.fravega.com/p/control-inalambrico-ps5-dualsense-fortnite-limited-edition-342694/,199999.0,165288.43,1,True
FRA-auriculares-gamer-con-cable-marvo-hg8901,Fravega,OTRAS,Gaming y Videojuegos,Auriculares Gamer con Cable Marvo HG8901,https://www.fravega.com/p/auriculares-gamer-con-cable-marvo-hg8901-342429/,39999.0,24999.0,1,True
FRA-juego-ea-fifa-25-ps4-342553,Fravega,OTRAS,Gaming y Videojuegos,Juego EA FIFA 25 PS4,https://www.fravega.com/p/juego-ea-fifa-25-ps4-342553/,99999.0,82644.0,1,True
FRA-cargador-de-joystick-ps5-dualsense-34265,Fravega,OTRAS,Gaming y Videojuegos,Cargador de Joystick PS5 DualSense,https://www.fravega.com/p/cargador-de-joystick-ps5-dualsense-342659/,70999.0,58676.86,1,True
FRA-joystick-blanco-compatible-con-control-p,Fravega,OTRAS,Gaming y Videojuegos,Joystick Blanco Compatible con Control PC P3 Inalambrico Dehuka,https://www.fravega.com/p/joystick-blanco-compatible-con-control-pc-p3-inalambrico-dehuka-22084744/,48658.42,39291.66,1,True
FRA-consola-de-juegos-retro-portatil-sup-gam,Fravega,OTRAS,Gaming y Videojuegos,Consola de Juegos retro portátil sup game 400 en 1,https://www.fravega.com/p/consola-de-juegos-retro-portatil-sup-game-400-1--21195321/,45999.0,33999.0,1,True
FRA-joystick-ps5-sony-dualsense-midnight-bla,Fravega,SONY,Gaming y Videojuegos,Joystick Ps5 Sony DualSense Midnight Black,https://www.fravega.com/p/joystick-ps5-sony-dualsense-midnight-black-342526/,174999.0,144627.27,1,True
FRA-joystick-microsoft-xbox-wireless-white-3,Fravega,OTRAS,Gaming y Videojuegos,Joystick Microsoft Xbox Wireless White,https://www.fravega.com/p/joystick-microsoft-xbox-wireless-white-342654/,189999.0,179999.0,1,True
FRA-nintendo-switch-2-pro-controller-342670,Fravega,OTRAS,Gaming y Videojuegos,Nintendo Switch 2 Pro Controller,https://www.fravega.com/p/nintendo-switch-2-pro-controller-342670/,239999.0,219999.0,1,True
FRA-playstation-5-ps5-sony-consola-con-astro,Fravega,SONY,Gaming y Videojuegos,PlayStation 5 Ps5 Sony Consola con ASTRO BOT y Gran Turismo 7 Standar Bundle 2,https://www.fravega.com/p/playstation-5-ps5-sony-consola-con-astro-bot-y-gran-turismo-7-standar-bundle-2-342666/,1799999.0,1487602.48,1,True
FRA-auriculares-gamer-vsg-pentagon-azul-3425,Fravega,OTRAS,Gaming y Videojuegos,Auriculares Gamer VSG Pentagon Azul,https://www.fravega.com/p/auriculares-gamer-vsg-pentagon-azul-342533/,49999.0,37999.0,1,True
FRA-consola-game-tv-stick-35-000-juegos-conv,Fravega,OTRAS,Gaming y Videojuegos,Consola Game Tv Stick +35.000 juegos +Converti en Smart  LA TV +2 Joystick  Android Tv Full 5G 8K 1año garantia,https://www.fravega.com/p/consola-game-tv-stick-35-000-juegos-converti-smart-la-tv-2-joystick-android-tv-full-5g-8k-1ano-garantia-22059842/,199999.0,139999.0,1,True
FRA-pc-gamer-ryzen-7-5700g-32gb-ram-480gb-ss,Fravega,OTRAS,Gaming y Videojuegos,PC GAMER RYZEN 7 5700G + 32GB RAM + 480GB SSD – GRAPHICS VEGA + PLACA WIFI,https://www.fravega.com/p/pc-gamer-ryzen-7-5700g-32gb-ram-480gb-ssd--graphics-vega-placa-wifi-21195293/,1851176.0,1464050.0,1,True
FRA-control-inalambrico-ps5-dualsense-white-,Fravega,OTRAS,Gaming y Videojuegos,Control Inalámbrico PS5 Dualsense White,https://www.fravega.com/p/control-inalambrico-ps5-dualsense-white-342582/,174999.0,144627.27,1,True
FRA-nintendo-switch-oled-super-mario-bros-wo,Fravega,OTRAS,Gaming y Videojuegos,Nintendo Switch OLED + Super Mario Bros. Wonder + 3mo NSO,https://www.fravega.com/p/nintendo-switch-oled-super-mario-bros-wonder-3mo-nso-342672/,999999.0,826445.45,1,True
FRA-joystick-para-ps4-negro-inalambrico-negr,Fravega,OTRAS,Gaming y Videojuegos,Joystick Para Ps4 Negro Inalambrico Negro,https://www.fravega.com/p/joystick-para-ps4-negro-inalambrico-negro-22714834/,54999.0,34999.0,1,True
FRA-joystick-ps5-inalambrico-sony-playstatio,Fravega,SONY,Gaming y Videojuegos,Joystick PS5 Inalámbrico Sony PlayStation 5 DualSense Blanco,https://www.fravega.com/p/joystick-ps5-inalambrico-sony-playstation-5-dualsense-blanco-990005985/,189999.0,168999.01,1,True
FRA-nintendo-mario-tennis-fever-342671,Fravega,OTRAS,Gaming y Videojuegos,Nintendo Mario Tennis Fever,https://www.fravega.com/p/nintendo-mario-tennis-fever-342671/,139999.0,129999.0,1,True
FRA-ps5-portatil--342101,Fravega,OTRAS,Gaming y Videojuegos,Ps5 Portátil,https://www.fravega.com/p/ps5-portatil--342101/,630999.0,521486.78,1,True
FRA-lona-2-x-3-metros-cobertor-impermeable-c,Fravega,OTRAS,Gaming y Videojuegos,Lona 2 X 3 Metros Cobertor Impermeable Con Ojales Aluminio Azul,https://www.fravega.com/p/lona-2-x-3-metros-cobertor-impermeable-con-ojales-aluminio-azul-22724632/,20302.8,16669.0,1,True
FRA-consola-family-pocket-mini-usb-rca-joyst,Fravega,OTRAS,Gaming y Videojuegos,Consola Family Pocket Mini Usb Rca Joysticks Inalambricos,https://www.fravega.com/p/consola-family-pocket-mini-usb-rca-joysticks-inalambricos-21313063/,49999.0,26999.0,1,True
FRA-tv-box-stick-8k-smart-tv-con-2-joystick-,Fravega,OTRAS,Gaming y Videojuegos,TV Box Stick 8K Smart tv con 2 Joystick + MIles de Juegos,https://www.fravega.com/p/tv-box-stick-8k-smart-tv-con-2-joystick-miles-de-juegos-21923185/,119999.0,76999.0,1,True
FRA-playstation-5-ps5-digital-bundle-2-astro,Fravega,OTRAS,Gaming y Videojuegos,Playstation 5 Ps5 Digital Bundle 2 Astro+GT7,https://www.fravega.com/p/playstation-5-ps5-digital-bundle-2-astro-gt7-342823/,1599999.0,1322313.22,1,True
FRA-joystick-microsoft-xbox-wireless-black-3,Fravega,OTRAS,Gaming y Videojuegos,Joystick Microsoft Xbox Wireless Black,https://www.fravega.com/p/joystick-microsoft-xbox-wireless-black-342653/,189999.0,179999.0,1,True
FRA-playstation-5-ps5-sony-consola-con-astro,Fravega,SONY,Gaming y Videojuegos,PlayStation 5 Ps5 Sony Consola con ASTRO BOT y Gran Turismo 7 Standar Bundle 2,https://www.fravega.com/p/playstation-5-ps5-sony-consola-con-astro-bot-y-gran-turismo-7-standar-bundle-2-342559/,1799999.0,1487602.48,1,True
FRA-auriculares-gaming-feel-crown-mustang-co,Fravega,OTRAS,Gaming y Videojuegos,Auriculares Gaming FEEL Crown Mustang Con Micrófono,https://www.fravega.com/p/auriculares-gaming-feel-crown-mustang-con-microfono-20057357/,57459.83,28399.9,1,True
FRA-joystick-gamer-vsg-tarvos-multiplataform,Fravega,OTRAS,Gaming y Videojuegos,Joystick Gamer VSG Tarvos Multiplataforma,https://www.fravega.com/p/joystick-gamer-vsg-tarvos-multiplataforma-342539/,69999.0,59999.0,1,True
FRA-sega-hdmi-688-juegos-2-joysticks-inalamb,Fravega,OTRAS,Gaming y Videojuegos,Sega Hdmi 688 Juegos 2 Joysticks Inalambricos,https://www.fravega.com/p/sega-hdmi-688-juegos-2-joysticks-inalambricos-21313129/,64999.0,39999.0,1,True
FRA-all-one-acer-23-8-full-hd-amd-ryzen-5-8g,Fravega,ACER,Gaming y Videojuegos,"All in One Acer 23,8” Full HD AMD Ryzen 5 8GB 512GB C24-2G",https://www.fravega.com/p/all-one-acer-23-8-full-hd-amd-ryzen-5-8gb-512gb-c24-2g-364834/,1599999.0,1149999.0,1,True
FRA-control-inalambrico-ps5-dualsense-fortni,Fravega,OTRAS,Gaming y Videojuegos,Control Inalámbrico PS5 Dualsense Fortnite Limited Edition,https://www.fravega.com/p/control-inalambrico-ps5-dualsense-fortnite-limited-edition-342694/,199999.0,165288.43,1,True
FRA-auriculares-gamer-con-cable-marvo-hg8901,Fravega,OTRAS,Gaming y Videojuegos,Auriculares Gamer con Cable Marvo HG8901,https://www.fravega.com/p/auriculares-gamer-con-cable-marvo-hg8901-342429/,39999.0,24999.0,1,True
FRA-juego-ea-fifa-25-ps4-342553,Fravega,OTRAS,Gaming y Videojuegos,Juego EA FIFA 25 PS4,https://www.fravega.com/p/juego-ea-fifa-25-ps4-342553/,99999.0,82644.0,1,True
FRA-cargador-de-joystick-ps5-dualsense-34265,Fravega,OTRAS,Gaming y Videojuegos,Cargador de Joystick PS5 DualSense,https://www.fravega.com/p/cargador-de-joystick-ps5-dualsense-342659/,70999.0,58676.86,1,True
FRA-joystick-blanco-compatible-con-control-p,Fravega,OTRAS,Gaming y Videojuegos,Joystick Blanco Compatible con Control PC P3 Inalambrico Dehuka,https://www.fravega.com/p/joystick-blanco-compatible-con-control-pc-p3-inalambrico-dehuka-22084744/,48658.42,39291.66,1,True
FRA-consola-de-juegos-retro-portatil-sup-gam,Fravega,OTRAS,Gaming y Videojuegos,Consola de Juegos retro portátil sup game 400 en 1,https://www.fravega.com/p/consola-de-juegos-retro-portatil-sup-game-400-1--21195321/,45999.0,33999.0,1,True
FRA-joystick-ps5-sony-dualsense-midnight-bla,Fravega,SONY,Gaming y Videojuegos,Joystick Ps5 Sony DualSense Midnight Black,https://www.fravega.com/p/joystick-ps5-sony-dualsense-midnight-black-342526/,174999.0,144627.27,1,True
FRA-joystick-microsoft-xbox-wireless-white-3,Fravega,OTRAS,Gaming y Videojuegos,Joystick Microsoft Xbox Wireless White,https://www.fravega.com/p/joystick-microsoft-xbox-wireless-white-342654/,189999.0,179999.0,1,True
FRA-nintendo-switch-2-pro-controller-342670,Fravega,OTRAS,Gaming y Videojuegos,Nintendo Switch 2 Pro Controller,https://www.fravega.com/p/nintendo-switch-2-pro-controller-342670/,239999.0,219999.0,1,True
FRA-playstation-5-ps5-sony-consola-con-astro,Fravega,SONY,Gaming y Videojuegos,PlayStation 5 Ps5 Sony Consola con ASTRO BOT y Gran Turismo 7 Standar Bundle 2,https://www.fravega.com/p/playstation-5-ps5-sony-consola-con-astro-bot-y-gran-turismo-7-standar-bundle-2-342666/,1799999.0,1487602.48,1,True
FRA-auriculares-gamer-vsg-pentagon-azul-3425,Fravega,OTRAS,Gaming y Videojuegos,Auriculares Gamer VSG Pentagon Azul,https://www.fravega.com/p/auriculares-gamer-vsg-pentagon-azul-342533/,49999.0,37999.0,1,True
FRA-consola-game-tv-stick-35-000-juegos-conv,Fravega,OTRAS,Gaming y Videojuegos,Consola Game Tv Stick +35.000 juegos +Converti en Smart  LA TV +2 Joystick  Android Tv Full 5G 8K 1año garantia,https://www.fravega.com/p/consola-game-tv-stick-35-000-juegos-converti-smart-la-tv-2-joystick-android-tv-full-5g-8k-1ano-garantia-22059842/,199999.0,139999.0,1,True
FRA-pc-gamer-ryzen-7-5700g-32gb-ram-480gb-ss,Fravega,OTRAS,Gaming y Videojuegos,PC GAMER RYZEN 7 5700G + 32GB RAM + 480GB SSD – GRAPHICS VEGA + PLACA WIFI,https://www.fravega.com/p/pc-gamer-ryzen-7-5700g-32gb-ram-480gb-ssd--graphics-vega-placa-wifi-21195293/,1851176.0,1464050.0,1,True
FRA-juego-ea-fifa-25-ps5-342569,Fravega,OTRAS,Gaming y Videojuegos,Juego EA FIFA 25 PS5,https://www.fravega.com/p/juego-ea-fifa-25-ps5-342569/,99999.0,82644.0,1,True
FRA-consola-retro-nes-level-up-conexion-av-5,Fravega,OTRAS,Gaming y Videojuegos,Consola Retro Nes Level Up Conexión Av 500 Juegos Retro Nes Av,https://www.fravega.com/p/consola-retro-nes-level-up-conexion-av-500-juegos-retro-nes-av-990182106/,51627.0,36139.0,1,True
FRA-consola-inalambrica-game-stick-lite-8k-2,Fravega,OTRAS,Gaming y Videojuegos,Consola Inalámbrica Game Stick Lite 8K 2 Joysticks,https://www.fravega.com/p/consola-inalambrica-game-stick-lite-8k-2-joysticks-21954632/,89999.0,55999.0,1,True
FRA-consola-retro-rs5-hdmi-47-000-juegos-ps1,Fravega,OTRAS,Gaming y Videojuegos,"Consola Retro RS5 HDMI | +47.000 Juegos PS1, N64, PSP | 2 Joysticks Inalámbricos",https://www.fravega.com/p/consola-retro-rs5-hdmi-47-000-juegos-ps1-n64-psp-2-joysticks-inalambricos-22515253/,300999.0,173999.0,1,True
FRA-juego-ps4-fc26-ea-sports--342736,Fravega,OTRAS,Gaming y Videojuegos,Juego PS4 FC26 EA Sports,https://www.fravega.com/p/juego-ps4-fc26-ea-sports--342736/,169999.0,140495.04,1,True
FRA-lona-cobertor-impermeable-3-x-3-metros-c,Fravega,OTRAS,Gaming y Videojuegos,Lona Cobertor Impermeable 3 X 3 Metros Cuadrada Con Ojales Azul,https://www.fravega.com/p/lona-cobertor-impermeable-3-x-3-metros-cuadrada-con-ojales-azul-22724633/,31160.39,22069.0,1,True
FRA-meta-quest-3-512-gb-lentes-de-realidad-v,Fravega,OTRAS,Gaming y Videojuegos,Meta Quest 3 512 GB - Lentes de realidad Virtual,https://www.fravega.com/p/meta-quest-3-512-gb-lentes-de-realidad-virtual-22816520/,1799990.0,1499990.0,1,True
FRA-consola-game-stick-4k-con-2-joysticks-in,Fravega,OTRAS,Gaming y Videojuegos,Consola Game Stick 4k con 2 Joysticks Inalámbricos,https://www.fravega.com/p/consola-game-stick-4k-con-2-joysticks-inalambricos-21225419/,86200.0,47999.0,1,True
FRA-unidad-lectora-disco-consola-sony-playst,Fravega,SONY,Gaming y Videojuegos,Unidad Lectora Disco Consola Sony Playstation 5 Ps5 Digital,https://www.fravega.com/p/unidad-lectora-disco-consola-sony-playstation-5-ps5-digital-990180735/,399999.0,299999.0,1,True
FRA-consola-retro-game-stick-x2-original-gd1,Fravega,OTRAS,Gaming y Videojuegos,Consola Retro Game Stick X2 Original GD10 64gb 4k Hdmi 33.000 Juegos,https://www.fravega.com/p/consola-retro-game-stick-x2-original-gd10-64gb-4k-hdmi-33-000-juegos-21916424/,106648.65,71099.1,1,True
FRA-juego-fisico-grand-theft-auto-v-ps5-play,Fravega,OTRAS,Gaming y Videojuegos,Juego Fisico Grand Theft Auto V Ps5 Playstation 5 Original,https://www.fravega.com/p/juego-fisico-grand-theft-auto-v-ps5-playstation-5-original-990202221/,69999.0,51699.0,1,True
FRA-playseat-challenge-x-sim-racing-cockpit-,Fravega,OTRAS,Gaming y Videojuegos,Playseat Challenge X Sim Racing Cockpit Logitech G Edition Challenge X,https://www.fravega.com/p/playseat-challenge-x-sim-racing-cockpit-logitech-g-edition-challenge-x-990284296/,1299999.0,882999.0,1,True
FRA-playstation-5-ps5-digital-bundle-2-astro,Fravega,OTRAS,Gaming y Videojuegos,Playstation 5 Ps5 Digital Bundle 2 Astro+GT7,https://www.fravega.com/p/playstation-5-ps5-digital-bundle-2-astro-gt7-342823/,1599999.0,1322313.22,1,True
FRA-joystick-microsoft-xbox-wireless-black-3,Fravega,OTRAS,Gaming y Videojuegos,Joystick Microsoft Xbox Wireless Black,https://www.fravega.com/p/joystick-microsoft-xbox-wireless-black-342653/,189999.0,179999.0,1,True
FRA-playstation-5-ps5-sony-consola-con-astro,Fravega,SONY,Gaming y Videojuegos,PlayStation 5 Ps5 Sony Consola con ASTRO BOT y Gran Turismo 7 Standar Bundle 2,https://www.fravega.com/p/playstation-5-ps5-sony-consola-con-astro-bot-y-gran-turismo-7-standar-bundle-2-342559/,1799999.0,1487602.48,1,True
FRA-auriculares-gaming-feel-crown-mustang-co,Fravega,OTRAS,Gaming y Videojuegos,Auriculares Gaming FEEL Crown Mustang Con Micrófono,https://www.fravega.com/p/auriculares-gaming-feel-crown-mustang-con-microfono-20057357/,57459.83,28399.9,1,True
FRA-joystick-gamer-vsg-tarvos-multiplataform,Fravega,OTRAS,Gaming y Videojuegos,Joystick Gamer VSG Tarvos Multiplataforma,https://www.fravega.com/p/joystick-gamer-vsg-tarvos-multiplataforma-342539/,69999.0,59999.0,1,True
FRA-sega-hdmi-688-juegos-2-joysticks-inalamb,Fravega,OTRAS,Gaming y Videojuegos,Sega Hdmi 688 Juegos 2 Joysticks Inalambricos,https://www.fravega.com/p/sega-hdmi-688-juegos-2-joysticks-inalambricos-21313129/,64999.0,39999.0,1,True
FRA-all-one-acer-23-8-full-hd-amd-ryzen-5-8g,Fravega,ACER,Gaming y Videojuegos,"All in One Acer 23,8” Full HD AMD Ryzen 5 8GB 512GB C24-2G",https://www.fravega.com/p/all-one-acer-23-8-full-hd-amd-ryzen-5-8gb-512gb-c24-2g-364834/,1599999.0,1149999.0,1,True
FRA-control-inalambrico-ps5-dualsense-fortni,Fravega,OTRAS,Gaming y Videojuegos,Control Inalámbrico PS5 Dualsense Fortnite Limited Edition,https://www.fravega.com/p/control-inalambrico-ps5-dualsense-fortnite-limited-edition-342694/,199999.0,165288.43,1,True
FRA-auriculares-gamer-con-cable-marvo-hg8901,Fravega,OTRAS,Gaming y Videojuegos,Auriculares Gamer con Cable Marvo HG8901,https://www.fravega.com/p/auriculares-gamer-con-cable-marvo-hg8901-342429/,39999.0,24999.0,1,True
FRA-juego-ea-fifa-25-ps4-342553,Fravega,OTRAS,Gaming y Videojuegos,Juego EA FIFA 25 PS4,https://www.fravega.com/p/juego-ea-fifa-25-ps4-342553/,99999.0,82644.0,1,True
FRA-cargador-de-joystick-ps5-dualsense-34265,Fravega,OTRAS,Gaming y Videojuegos,Cargador de Joystick PS5 DualSense,https://www.fravega.com/p/cargador-de-joystick-ps5-dualsense-342659/,70999.0,58676.86,1,True
FRA-joystick-blanco-compatible-con-control-p,Fravega,OTRAS,Gaming y Videojuegos,Joystick Blanco Compatible con Control PC P3 Inalambrico Dehuka,https://www.fravega.com/p/joystick-blanco-compatible-con-control-pc-p3-inalambrico-dehuka-22084744/,48658.42,39291.66,1,True
FRA-consola-de-juegos-retro-portatil-sup-gam,Fravega,OTRAS,Gaming y Videojuegos,Consola de Juegos retro portátil sup game 400 en 1,https://www.fravega.com/p/consola-de-juegos-retro-portatil-sup-game-400-1--21195321/,45999.0,33999.0,1,True
FRA-joystick-ps5-sony-dualsense-midnight-bla,Fravega,SONY,Gaming y Videojuegos,Joystick Ps5 Sony DualSense Midnight Black,https://www.fravega.com/p/joystick-ps5-sony-dualsense-midnight-black-342526/,174999.0,144627.27,1,True
FRA-joystick-microsoft-xbox-wireless-white-3,Fravega,OTRAS,Gaming y Videojuegos,Joystick Microsoft Xbox Wireless White,https://www.fravega.com/p/joystick-microsoft-xbox-wireless-white-342654/,189999.0,179999.0,1,True
FRA-nintendo-switch-2-pro-controller-342670,Fravega,OTRAS,Gaming y Videojuegos,Nintendo Switch 2 Pro Controller,https://www.fravega.com/p/nintendo-switch-2-pro-controller-342670/,239999.0,219999.0,1,True
FRA-playstation-5-ps5-sony-consola-con-astro,Fravega,SONY,Gaming y Videojuegos,PlayStation 5 Ps5 Sony Consola con ASTRO BOT y Gran Turismo 7 Standar Bundle 2,https://www.fravega.com/p/playstation-5-ps5-sony-consola-con-astro-bot-y-gran-turismo-7-standar-bundle-2-342666/,1799999.0,1487602.48,1,True
FRA-auriculares-gamer-vsg-pentagon-azul-3425,Fravega,OTRAS,Gaming y Videojuegos,Auriculares Gamer VSG Pentagon Azul,https://www.fravega.com/p/auriculares-gamer-vsg-pentagon-azul-342533/,49999.0,37999.0,1,True
FRA-consola-game-tv-stick-35-000-juegos-conv,Fravega,OTRAS,Gaming y Videojuegos,Consola Game Tv Stick +35.000 juegos +Converti en Smart  LA TV +2 Joystick  Android Tv Full 5G 8K 1año garantia,https://www.fravega.com/p/consola-game-tv-stick-35-000-juegos-converti-smart-la-tv-2-joystick-android-tv-full-5g-8k-1ano-garantia-22059842/,199999.0,139999.0,1,True
FRA-pc-gamer-ryzen-7-5700g-32gb-ram-480gb-ss,Fravega,OTRAS,Gaming y Videojuegos,PC GAMER RYZEN 7 5700G + 32GB RAM + 480GB SSD – GRAPHICS VEGA + PLACA WIFI,https://www.fravega.com/p/pc-gamer-ryzen-7-5700g-32gb-ram-480gb-ssd--graphics-vega-placa-wifi-21195293/,1851176.0,1464050.0,1,True
FRA-consola-android-tv-level-up-retroplay-bo,Fravega,OTRAS,Gaming y Videojuegos,Consola + Android TV Level Up RetroPlay Box 2,https://www.fravega.com/p/consola-android-tv-level-up-retroplay-box-2-342249/,139999.0,109999.0,1,True
FRA-consola-portatil-sega-16-bits-con-juegos,Fravega,OTRAS,Gaming y Videojuegos,Consola Portatil Sega 16 Bits Con Juegos + Cartuchos Regalo Conexion A Tv Verde,https://www.fravega.com/p/consola-portatil-sega-16-bits-con-juegos-cartuchos-regalo-conexion-a-tv-verde-21313204/,54999.0,37999.0,1,True
FRA-sony-playstation-5-slim-1tb-standard-bun,Fravega,SONY,Gaming y Videojuegos,Sony PlayStation 5 SLIM 1TB  Standard Bundle Ratchet & Clank + Returnal,https://www.fravega.com/p/sony-playstation-5-slim-1tb-standard-bundle-ratchet--clank-returnal-990176787/,1899999.0,1799999.0,1,True
FRA-consola-retro-game-box-s9-520-juegos-cla,Fravega,OTRAS,Gaming y Videojuegos,Consola Retro Game box S9 520 juegos clasicos 8bits,https://www.fravega.com/p/consola-retro-game-box-s9-520-juegos-clasicos-8bits-21521281/,37798.65,25199.1,1,True
FRA-sega-hdmi-688-juegos-2-joysticks-inalamb,Fravega,OTRAS,Gaming y Videojuegos,Sega Hdmi 688 Juegos 2 Joysticks Inalambricos,https://www.fravega.com/p/sega-hdmi-688-juegos-2-joysticks-inalambricos-21915789/,69999.0,46499.0,1,True
FRA-playstation-5-slim-digital-edition-1tb-2,Fravega,OTRAS,Gaming y Videojuegos,PlayStation 5 Slim Digital Edition 1TB,https://www.fravega.com/p/playstation-5-slim-digital-edition-1tb-22101955/,1999999.0,1499999.0,1,True
FRA-sony-playstation-5-pro-digital-7020-9902,Fravega,SONY,Gaming y Videojuegos,Sony PlayStation 5 PRO Digital 7020,https://www.fravega.com/p/sony-playstation-5-pro-digital-7020-990217793/,3199999.0,2599999.0,1,True
FRA--retro-rs5-47-000-juegos-ps1-nintendo-64,Fravega,OTRAS,Gaming y Videojuegos,"Retro RS5 +47.000 Juegos PS1, Nintendo 64, GBA HDMI + Joysticks Sin Cable",https://www.fravega.com/p/-retro-rs5-47-000-juegos-ps1-nintendo-64-gba-hdmi-joysticks-sin-cable-22515265/,332000.0,159300.0,1,True
FRA-consola-playstation-5-slim-digital-ps5-j,Fravega,OTRAS,Gaming y Videojuegos,Consola Playstation 5 Slim Digital PS5 Juegos Astro Bot Gt7,https://www.fravega.com/p/consola-playstation-5-slim-digital-ps5-juegos-astro-bot-gt7-990268436/,1759998.0,1599999.0,1,True
FRA-cockpit-simulador-playseat-challenge-dd-,Fravega,OTRAS,Gaming y Videojuegos,Cockpit Simulador Playseat Challenge Dd F1 Edition Actifit Edicion Formula 1,https://www.fravega.com/p/cockpit-simulador-playseat-challenge-dd-f1-edition-actifit-edicion-formula-1-990284295/,1899999.0,1178999.0,1,True
FRA-soporte-masuya-62621-tv-smart-movil-braz,Fravega,LG,Gaming y Videojuegos,"Soporte Masuya 62621 Tv Smart Movil Brazo Articulado 14"" a 55"" Pulgadas",https://www.fravega.com/p/soporte-masuya-62621-tv-smart-movil-brazo-articulado-14-a-55-pulgadas-22845086/,27861.86,23218.0,1,True
FRA-consola-multi-emuladora-retro-play2-jueg,Fravega,OTRAS,Gaming y Videojuegos,Consola Multi Emuladora Retro Play2 Juegos Convertidor Smart LevelUp Retroplay,https://www.fravega.com/p/consola-multi-emuladora-retro-play2-juegos-convertidor-smart-levelup-retroplay-50006657/,164999.0,127399.0,1,True
FRA-powkiddy-rgb20s-standard-16-gb-128-gb-co,Fravega,KIDDY,Gaming y Videojuegos,PowKiddy RGB20S Standard 16 GB + 128 GB Consola Retro,https://www.fravega.com/p/powkiddy-rgb20s-standard-16-gb-128-gb-consola-retro-21251032/,399990.0,139990.0,1,True
FRA-playstation-5-ps5-digital-bundle-2-astro,Fravega,OTRAS,Gaming y Videojuegos,Playstation 5 Ps5 Digital Bundle 2 Astro+GT7,https://www.fravega.com/p/playstation-5-ps5-digital-bundle-2-astro-gt7-342823/,1599999.0,1322313.22,1,True
FRA-joystick-microsoft-xbox-wireless-black-3,Fravega,OTRAS,Gaming y Videojuegos,Joystick Microsoft Xbox Wireless Black,https://www.fravega.com/p/joystick-microsoft-xbox-wireless-black-342653/,189999.0,179999.0,1,True
FRA-playstation-5-ps5-sony-consola-con-astro,Fravega,SONY,Gaming y Videojuegos,PlayStation 5 Ps5 Sony Consola con ASTRO BOT y Gran Turismo 7 Standar Bundle 2,https://www.fravega.com/p/playstation-5-ps5-sony-consola-con-astro-bot-y-gran-turismo-7-standar-bundle-2-342559/,1799999.0,1487602.48,1,True
FRA-auriculares-gaming-feel-crown-mustang-co,Fravega,OTRAS,Gaming y Videojuegos,Auriculares Gaming FEEL Crown Mustang Con Micrófono,https://www.fravega.com/p/auriculares-gaming-feel-crown-mustang-con-microfono-20057357/,57459.83,28399.9,1,True
FRA-joystick-gamer-vsg-tarvos-multiplataform,Fravega,OTRAS,Gaming y Videojuegos,Joystick Gamer VSG Tarvos Multiplataforma,https://www.fravega.com/p/joystick-gamer-vsg-tarvos-multiplataforma-342539/,69999.0,59999.0,1,True
FRA-sega-hdmi-688-juegos-2-joysticks-inalamb,Fravega,OTRAS,Gaming y Videojuegos,Sega Hdmi 688 Juegos 2 Joysticks Inalambricos,https://www.fravega.com/p/sega-hdmi-688-juegos-2-joysticks-inalambricos-21313129/,64999.0,39999.0,1,True
FRA-all-one-acer-23-8-full-hd-amd-ryzen-5-8g,Fravega,ACER,Gaming y Videojuegos,"All in One Acer 23,8” Full HD AMD Ryzen 5 8GB 512GB C24-2G",https://www.fravega.com/p/all-one-acer-23-8-full-hd-amd-ryzen-5-8gb-512gb-c24-2g-364834/,1599999.0,1149999.0,1,True
FRA-control-inalambrico-ps5-dualsense-fortni,Fravega,OTRAS,Gaming y Videojuegos,Control Inalámbrico PS5 Dualsense Fortnite Limited Edition,https://www.fravega.com/p/control-inalambrico-ps5-dualsense-fortnite-limited-edition-342694/,199999.0,165288.43,1,True
FRA-auriculares-gamer-con-cable-marvo-hg8901,Fravega,OTRAS,Gaming y Videojuegos,Auriculares Gamer con Cable Marvo HG8901,https://www.fravega.com/p/auriculares-gamer-con-cable-marvo-hg8901-342429/,39999.0,24999.0,1,True
FRA-juego-ea-fifa-25-ps4-342553,Fravega,OTRAS,Gaming y Videojuegos,Juego EA FIFA 25 PS4,https://www.fravega.com/p/juego-ea-fifa-25-ps4-342553/,99999.0,82644.0,1,True
FRA-cargador-de-joystick-ps5-dualsense-34265,Fravega,OTRAS,Gaming y Videojuegos,Cargador de Joystick PS5 DualSense,https://www.fravega.com/p/cargador-de-joystick-ps5-dualsense-342659/,70999.0,58676.86,1,True
FRA-joystick-blanco-compatible-con-control-p,Fravega,OTRAS,Gaming y Videojuegos,Joystick Blanco Compatible con Control PC P3 Inalambrico Dehuka,https://www.fravega.com/p/joystick-blanco-compatible-con-control-pc-p3-inalambrico-dehuka-22084744/,48658.42,39291.66,1,True
FRA-consola-de-juegos-retro-portatil-sup-gam,Fravega,OTRAS,Gaming y Videojuegos,Consola de Juegos retro portátil sup game 400 en 1,https://www.fravega.com/p/consola-de-juegos-retro-portatil-sup-game-400-1--21195321/,45999.0,33999.0,1,True
FRA-joystick-ps5-sony-dualsense-midnight-bla,Fravega,SONY,Gaming y Videojuegos,Joystick Ps5 Sony DualSense Midnight Black,https://www.fravega.com/p/joystick-ps5-sony-dualsense-midnight-black-342526/,174999.0,144627.27,1,True
FRA-joystick-microsoft-xbox-wireless-white-3,Fravega,OTRAS,Gaming y Videojuegos,Joystick Microsoft Xbox Wireless White,https://www.fravega.com/p/joystick-microsoft-xbox-wireless-white-342654/,189999.0,179999.0,1,True
FRA-nintendo-switch-2-pro-controller-342670,Fravega,OTRAS,Gaming y Videojuegos,Nintendo Switch 2 Pro Controller,https://www.fravega.com/p/nintendo-switch-2-pro-controller-342670/,239999.0,219999.0,1,True
FRA-playstation-5-ps5-sony-consola-con-astro,Fravega,SONY,Gaming y Videojuegos,PlayStation 5 Ps5 Sony Consola con ASTRO BOT y Gran Turismo 7 Standar Bundle 2,https://www.fravega.com/p/playstation-5-ps5-sony-consola-con-astro-bot-y-gran-turismo-7-standar-bundle-2-342666/,1799999.0,1487602.48,1,True
FRA-auriculares-gamer-vsg-pentagon-azul-3425,Fravega,OTRAS,Gaming y Videojuegos,Auriculares Gamer VSG Pentagon Azul,https://www.fravega.com/p/auriculares-gamer-vsg-pentagon-azul-342533/,49999.0,37999.0,1,True
FRA-consola-game-tv-stick-35-000-juegos-conv,Fravega,OTRAS,Gaming y Videojuegos,Consola Game Tv Stick +35.000 juegos +Converti en Smart  LA TV +2 Joystick  Android Tv Full 5G 8K 1año garantia,https://www.fravega.com/p/consola-game-tv-stick-35-000-juegos-converti-smart-la-tv-2-joystick-android-tv-full-5g-8k-1ano-garantia-22059842/,199999.0,139999.0,1,True
FRA-pc-gamer-ryzen-7-5700g-32gb-ram-480gb-ss,Fravega,OTRAS,Gaming y Videojuegos,PC GAMER RYZEN 7 5700G + 32GB RAM + 480GB SSD – GRAPHICS VEGA + PLACA WIFI,https://www.fravega.com/p/pc-gamer-ryzen-7-5700g-32gb-ram-480gb-ssd--graphics-vega-placa-wifi-21195293/,1851176.0,1464050.0,1,True
FRA-consola-de-videojuegos-portatil-juegos-c,Fravega,OTRAS,Gaming y Videojuegos,"Consola de videojuegos portátil juegos clásicos 16 bits, 150 +, PXP 3",https://www.fravega.com/p/consola-de-videojuegos-portatil-juegos-clasicos-16-bits-150-pxp-3-21288993/,85000.0,65000.0,1,True
FRA-consola-game-stick-4k-con-2-joysticks-in,Fravega,OTRAS,Gaming y Videojuegos,Consola Game Stick 4k con 2 Joysticks Inalámbricos 10 mil Juegos Retro,https://www.fravega.com/p/consola-game-stick-4k-con-2-joysticks-inalambricos-10-mil-juegos-retro-21294954/,115000.0,68999.0,1,True
FRA-consola-portatil-sega-16-bits-con-juegos,Fravega,OTRAS,Gaming y Videojuegos,Consola Portatil Sega 16 Bits Con Juegos + Cartuchos Regalo Conexion A Tv Negro,https://www.fravega.com/p/consola-portatil-sega-16-bits-con-juegos-cartuchos-regalo-conexion-a-tv-negro-21313202/,54999.0,37999.0,1,True
FRA-consola-portatil-level-up-anbernic-rg35x,Fravega,OTRAS,Gaming y Videojuegos,Consola Portátil Level Up Anbernic Rg35xx,https://www.fravega.com/p/consola-portatil-level-up-anbernic-rg35xx-990173547/,270041.0,189029.0,1,True
FRA--consola-family-pocket-mini-usb-rca-joys,Fravega,OTRAS,Gaming y Videojuegos,Consola Family Pocket Mini Usb Rca Joysticks Inalambricos,https://www.fravega.com/p/-consola-family-pocket-mini-usb-rca-joysticks-inalambricos-21915775/,59999.0,36499.0,1,True
FRA-consola-de-juegos-portatil-powkiddy-arca,Fravega,LG,Gaming y Videojuegos,Consola de Juegos Portátil Powkiddy Arcade Pantalla 3.5 pulgadas Codigo Abierto,https://www.fravega.com/p/consola-de-juegos-portatil-powkiddy-arcade-pantalla-3-5-pulgadas-codigo-abierto-990184362/,181999.0,139999.0,1,True
FRA-consola-retro-game-stick-x2-64gb-4k-hdmi,Fravega,OTRAS,Gaming y Videojuegos,Consola Retro Game Stick X2  64gb 4k Hdmi + de 32.000 Juegos,https://www.fravega.com/p/consola-retro-game-stick-x2-64gb-4k-hdmi-de-32-000-juegos-21918880/,159999.0,89555.0,1,True
FRA-consola-gamestick-3d-games-2-joysticks-1,Fravega,OTRAS,Gaming y Videojuegos,CONSOLA GAMESTICK 3D GAMES 2 JOYSTICKS 10.000 JUEGOS,https://www.fravega.com/p/consola-gamestick-3d-games-2-joysticks-10-000-juegos-21923194/,89999.0,56999.0,1,True
FRA-consola-retro-game-stick-x2-4k-64gb-mas-,Fravega,OTRAS,Gaming y Videojuegos,Consola Retro Game Stick X2 4k 64gb Mas De 33.000 Juegos  3D Plus,https://www.fravega.com/p/consola-retro-game-stick-x2-4k-64gb-mas-de-33-000-juegos-3d-plus-21923304/,169999.0,103999.0,1,True
FRA-consola-game-tv-stick-35-000-juegos-conv,Fravega,OTRAS,Gaming y Videojuegos,Consola Game Tv Stick +35.000 juegos +Convertido en Smart +2 Joystick,https://www.fravega.com/p/consola-game-tv-stick-35-000-juegos-convertido-smart-2-joystick-22030081/,201999.0,125999.0,1,True
FRA-proyector-inteligente-gamer-x2-android-1,Fravega,OTRAS,Gaming y Videojuegos,Proyector Inteligente Gamer x2 +Android 11 Full HD +2Joystick +Disfruta De La Mejor Calidad De Imagen HY320,https://www.fravega.com/p/proyector-inteligente-gamer-x2-android-11-full-hd-2joystick-disfruta-de-la-mejor-calidad-de-imagen-hy320-22059564/,331999.0,178999.0,1,True
FRA-consola-retro-8-bits-con-joysticks-inala,Fravega,OTRAS,Gaming y Videojuegos,Consola Retro 8 bits con Joysticks inalámbricos 620 juegos U-BOX Conexión Av.,https://www.fravega.com/p/consola-retro-8-bits-con-joysticks-inalambricos-620-juegos-u-box-conexion-av--22068144/,37798.65,25199.1,1,True
FRA-dehuka-hs-xo300bk-negro-joystick-para-xb,Fravega,OTRAS,Gaming y Videojuegos,Dehuka HS-XO300BK Negro Joystick Para Xbox One Gamer Carcasa desmontable Led RGB Control PC Dehuka,https://www.fravega.com/p/dehuka-hs-xo300bk-negro-joystick-para-xbox-one-gamer-carcasa-desmontable-led-rgb-control-pc-dehuka-22082436/,65069.96,58562.96,1,True
FRA-playstation-5-ps5-digital-bundle-2-astro,Fravega,OTRAS,Gaming y Videojuegos,Playstation 5 Ps5 Digital Bundle 2 Astro+GT7,https://www.fravega.com/p/playstation-5-ps5-digital-bundle-2-astro-gt7-342823/,1599999.0,1322313.22,1,True
FRA-joystick-microsoft-xbox-wireless-black-3,Fravega,OTRAS,Gaming y Videojuegos,Joystick Microsoft Xbox Wireless Black,https://www.fravega.com/p/joystick-microsoft-xbox-wireless-black-342653/,189999.0,179999.0,1,True
FRA-playstation-5-ps5-sony-consola-con-astro,Fravega,SONY,Gaming y Videojuegos,PlayStation 5 Ps5 Sony Consola con ASTRO BOT y Gran Turismo 7 Standar Bundle 2,https://www.fravega.com/p/playstation-5-ps5-sony-consola-con-astro-bot-y-gran-turismo-7-standar-bundle-2-342559/,1799999.0,1487602.48,1,True
FRA-auriculares-gaming-feel-crown-mustang-co,Fravega,OTRAS,Gaming y Videojuegos,Auriculares Gaming FEEL Crown Mustang Con Micrófono,https://www.fravega.com/p/auriculares-gaming-feel-crown-mustang-con-microfono-20057357/,57459.83,28399.9,1,True
FRA-joystick-gamer-vsg-tarvos-multiplataform,Fravega,OTRAS,Gaming y Videojuegos,Joystick Gamer VSG Tarvos Multiplataforma,https://www.fravega.com/p/joystick-gamer-vsg-tarvos-multiplataforma-342539/,69999.0,59999.0,1,True
FRA-sega-hdmi-688-juegos-2-joysticks-inalamb,Fravega,OTRAS,Gaming y Videojuegos,Sega Hdmi 688 Juegos 2 Joysticks Inalambricos,https://www.fravega.com/p/sega-hdmi-688-juegos-2-joysticks-inalambricos-21313129/,64999.0,39999.0,1,True
FRA-all-one-acer-23-8-full-hd-amd-ryzen-5-8g,Fravega,ACER,Gaming y Videojuegos,"All in One Acer 23,8” Full HD AMD Ryzen 5 8GB 512GB C24-2G",https://www.fravega.com/p/all-one-acer-23-8-full-hd-amd-ryzen-5-8gb-512gb-c24-2g-364834/,1599999.0,1149999.0,1,True
FRA-control-inalambrico-ps5-dualsense-fortni,Fravega,OTRAS,Gaming y Videojuegos,Control Inalámbrico PS5 Dualsense Fortnite Limited Edition,https://www.fravega.com/p/control-inalambrico-ps5-dualsense-fortnite-limited-edition-342694/,199999.0,165288.43,1,True
FRA-auriculares-gamer-con-cable-marvo-hg8901,Fravega,OTRAS,Gaming y Videojuegos,Auriculares Gamer con Cable Marvo HG8901,https://www.fravega.com/p/auriculares-gamer-con-cable-marvo-hg8901-342429/,39999.0,24999.0,1,True
FRA-juego-ea-fifa-25-ps4-342553,Fravega,OTRAS,Gaming y Videojuegos,Juego EA FIFA 25 PS4,https://www.fravega.com/p/juego-ea-fifa-25-ps4-342553/,99999.0,82644.0,1,True
FRA-cargador-de-joystick-ps5-dualsense-34265,Fravega,OTRAS,Gaming y Videojuegos,Cargador de Joystick PS5 DualSense,https://www.fravega.com/p/cargador-de-joystick-ps5-dualsense-342659/,70999.0,58676.86,1,True
FRA-joystick-blanco-compatible-con-control-p,Fravega,OTRAS,Gaming y Videojuegos,Joystick Blanco Compatible con Control PC P3 Inalambrico Dehuka,https://www.fravega.com/p/joystick-blanco-compatible-con-control-pc-p3-inalambrico-dehuka-22084744/,48658.42,39291.66,1,True
FRA-consola-de-juegos-retro-portatil-sup-gam,Fravega,OTRAS,Gaming y Videojuegos,Consola de Juegos retro portátil sup game 400 en 1,https://www.fravega.com/p/consola-de-juegos-retro-portatil-sup-game-400-1--21195321/,45999.0,33999.0,1,True
FRA-joystick-ps5-sony-dualsense-midnight-bla,Fravega,SONY,Gaming y Videojuegos,Joystick Ps5 Sony DualSense Midnight Black,https://www.fravega.com/p/joystick-ps5-sony-dualsense-midnight-black-342526/,174999.0,144627.27,1,True
FRA-joystick-microsoft-xbox-wireless-white-3,Fravega,OTRAS,Gaming y Videojuegos,Joystick Microsoft Xbox Wireless White,https://www.fravega.com/p/joystick-microsoft-xbox-wireless-white-342654/,189999.0,179999.0,1,True
FRA-nintendo-switch-2-pro-controller-342670,Fravega,OTRAS,Gaming y Videojuegos,Nintendo Switch 2 Pro Controller,https://www.fravega.com/p/nintendo-switch-2-pro-controller-342670/,239999.0,219999.0,1,True
FRA-playstation-5-ps5-sony-consola-con-astro,Fravega,SONY,Gaming y Videojuegos,PlayStation 5 Ps5 Sony Consola con ASTRO BOT y Gran Turismo 7 Standar Bundle 2,https://www.fravega.com/p/playstation-5-ps5-sony-consola-con-astro-bot-y-gran-turismo-7-standar-bundle-2-342666/,1799999.0,1487602.48,1,True
FRA-auriculares-gamer-vsg-pentagon-azul-3425,Fravega,OTRAS,Gaming y Videojuegos,Auriculares Gamer VSG Pentagon Azul,https://www.fravega.com/p/auriculares-gamer-vsg-pentagon-azul-342533/,49999.0,37999.0,1,True
FRA-consola-game-tv-stick-35-000-juegos-conv,Fravega,OTRAS,Gaming y Videojuegos,Consola Game Tv Stick +35.000 juegos +Converti en Smart  LA TV +2 Joystick  Android Tv Full 5G 8K 1año garantia,https://www.fravega.com/p/consola-game-tv-stick-35-000-juegos-converti-smart-la-tv-2-joystick-android-tv-full-5g-8k-1ano-garantia-22059842/,199999.0,139999.0,1,True
FRA-pc-gamer-ryzen-7-5700g-32gb-ram-480gb-ss,Fravega,OTRAS,Gaming y Videojuegos,PC GAMER RYZEN 7 5700G + 32GB RAM + 480GB SSD – GRAPHICS VEGA + PLACA WIFI,https://www.fravega.com/p/pc-gamer-ryzen-7-5700g-32gb-ram-480gb-ssd--graphics-vega-placa-wifi-21195293/,1851176.0,1464050.0,1,True
FRA-consola-de-videojuegos-inteligente-x8-pr,Fravega,OTRAS,Gaming y Videojuegos,"Consola de videojuegos inteligente X8 Pro, mando inalámbrico, emulador, 64 GB, 30000 juegos, Emuelec HD, 4K, 3D Juegos Retro FICHINES",https://www.fravega.com/p/consola-de-videojuegos-inteligente-x8-pro-mando-inalambrico-emulador-64-gb-30000-juegos-emuelec-hd-4k-3d-juegos-retro-fichines-22089191/,159999.0,109000.0,1,True
FRA-game-stick-k8-la-mejor-consola-retro-40-,Fravega,OTRAS,Gaming y Videojuegos,Game Stick K8  La mejor Consola RETRO 40.000 juegos K8 La mas completa FULL Dos joystick Inalámbricos,https://www.fravega.com/p/game-stick-k8-la-mejor-consola-retro-40-000-juegos-k8-la-mas-completa-full-dos-joystick-inalambricos--22470655/,179999.0,108999.0,1,True
FRA-funda-para-p5-impermeable-antipolvo-para,Fravega,OTRAS,Gaming y Videojuegos,Funda Para P5 Impermeable Antipolvo Para P5 Incluye Abrojo Velcro Dehuka,https://www.fravega.com/p/funda-para-p5-impermeable-antipolvo-para-p5-incluye-abrojo-velcro-dehuka-22481573/,17777.09,15199.4,1,True
FRA-game-stick-tv-box-x3-plus-netflix-flow-y,Fravega,OTRAS,Gaming y Videojuegos,Game Stick + TV Box X3 Plus Netflix Flow Youtube  TODAS las apps  y 36 mil juegos Clasicos - 2 JOYSTICK  -2 en.1 PREMIUM,https://www.fravega.com/p/game-stick-tv-box-x3-plus-netflix-flow-youtube-todas-las-apps-y-36-mil-juegos-clasicos-2-joystick-2-1-premium-22482469/,199999.0,129999.0,1,True
FRA-base-doble-carga-dobe-p-joystick-ps5-c-i,Fravega,OTRAS,Gaming y Videojuegos,Base Doble Carga Dobe P/ Joystick Ps5 C/ Indicador De Carga,https://www.fravega.com/p/base-doble-carga-dobe-p-joystick-ps5-c-indicador-de-carga-22497065/,55619.0,40795.0,1,True
FRA-consola-sup-plus-400-1-22508844,Fravega,OTRAS,Gaming y Videojuegos,CONSOLA SUP PLUS 400 EN 1,https://www.fravega.com/p/consola-sup-plus-400-1-22508844/,54634.0,29990.0,1,True
FRA-tv-game-stick-2-joystick-smarttv-juegos-,Fravega,OTRAS,Gaming y Videojuegos,Tv Game Stick 2 Joystick + SmartTV + Juegos,https://www.fravega.com/p/tv-game-stick-2-joystick-smarttv-juegos--22536027/,155899.0,99799.0,1,True
FRA-sony-playstation-5-1tb-slim-standard-bla,Fravega,SONY,Gaming y Videojuegos,Sony Playstation 5 1tb Slim Standard Blanco Y Negro,https://www.fravega.com/p/sony-playstation-5-1tb-slim-standard-blanco-y-negro-22536697/,1999999.0,1699999.0,1,True
FRA-playstation5pro-2tb-22543591,Fravega,OTRAS,Gaming y Videojuegos,PlayStation 5 Pro 2 TB,https://www.fravega.com/p/playstation5pro-2tb-22543591/,2799999.0,2599000.0,1,True
FRA-game-stick-tv-box-x3-plus-netflix-flow-y,Fravega,OTRAS,Gaming y Videojuegos,Game Stick + TV Box X3 Plus Netflix Flow Youtube  TODAS las apps  y 36 mil juegos Clasicos - 2 JOYSTICK  -2 en.1 PREMIUM,https://www.fravega.com/p/game-stick-tv-box-x3-plus-netflix-flow-youtube-todas-las-apps-y-36-mil-juegos-clasicos-2-joystick-2-1-premium--22553704/,186999.0,129999.0,1,True
FRA-soporte-auricular-cougar-bunker-s-rgb-22,Fravega,OTRAS,Gaming y Videojuegos,Soporte Auricular Cougar Bunker S Rgb,https://www.fravega.com/p/soporte-auricular-cougar-bunker-s-rgb-22608779/,35105.92,27370.91,1,True
FRA-r36s-consola-retro-portatil-22-000-juego,Fravega,OTRAS,Gaming y Videojuegos,"R36S Consola Retro Portátil | 22.000+ Juegos PS1, MAME, Arcade, GBA",https://www.fravega.com/p/r36s-consola-retro-portatil-22-000-juegos-ps1-mame-arcade-gba-22613280/,258000.0,139999.0,1,True
FRA-consola-de-videojuegos-portatil-mini-2-4,Fravega,OTRAS,Gaming y Videojuegos,"Consola De Videojuegos Portatil Mini 2,4"" Con 400 Juegos",https://www.fravega.com/p/consola-de-videojuegos-portatil-mini-2-4-con-400-juegos-22619821/,25999.0,22999.0,1,True
FRA-consola-portatil-sup-400-1-joystick-idea,Fravega,OTRAS,Gaming y Videojuegos,Consola Portátil Sup 400 en 1 + Joystick Ideal Navidad,https://www.fravega.com/p/consola-portatil-sup-400-1-joystick-ideal-navidad--22663219/,55999.0,34999.0,1,True
FRA-consola-retro-portatil-sup-400-juegos-1-,Fravega,OTRAS,Gaming y Videojuegos,Consola Retro Portatil Sup 400 Juegos en 1 + Joystick Ideal Regalo,https://www.fravega.com/p/consola-retro-portatil-sup-400-juegos-1-joystick-ideal-regalo--22663304/,67999.0,44999.0,1,True
FRA-heladera-drean-no-frost-rzn262fxarx0-262,Fravega,DREAN,Heladeras,Heladera Drean No Frost RZN262FXARX0 262 Lts,https://www.fravega.com/p/heladera-drean-no-frost-rzn262fxarx0-262-lts-161477/,819999.0,769999.0,1,True
FRA-heladera-whirlpool-inverter-no-frost-wrm,Fravega,WHIRLPOOL,Heladeras,Heladera Whirlpool Inverter No Frost WRM42HK Top Mount Inox 386 lts,https://www.fravega.com/p/heladera-whirlpool-inverter-no-frost-wrm42hk-top-mount-inox-386-lts-161091/,1379999.0,1019999.0,1,True
FRA-heladera-con-freezer-ciclica-314-lts-bla,Fravega,DREAN,Heladeras,Heladera con freezer Cíclica 314 Lts Black Steel Drean HDR320F50N,https://www.fravega.com/p/heladera-con-freezer-ciclica-314-lts-black-steel-drean-hdr320f50n-990190147/,1151539.0,649999.0,1,True
FRA-heladera-philco-side-by-side-inverter-pr,Fravega,PHILCO,Heladeras,Heladera Philco Side by Side Inverter PRESF480XD 453 Lts,https://www.fravega.com/p/heladera-philco-side-by-side-inverter-presf480xd-453-lts-161214/,2699999.0,1999999.0,1,True
FRA-heladera-drean-ciclica-rzd215pvarx0-215l,Fravega,DREAN,Heladeras,Heladera Drean Cíclica RZD215PVARX0 215Lts Inox,https://www.fravega.com/p/heladera-drean-ciclica-rzd215pvarx0-215lts-inox-161398/,659999.0,599999.0,1,True
FRA-heladera-electrolux-no-frost-inverter-mu,Fravega,OTRAS,Heladeras,Heladera Electrolux No Frost Inverter Multidoor IM7S 480Lts Gris,https://www.fravega.com/p/heladera-electrolux-no-frost-inverter-multidoor-im7s-480lts-gris-161283/,1789599.0,1699999.0,1,True
FRA-heladera-gafa-no-frost-262l-inverter-bla,Fravega,GAFA,Heladeras,Heladera Gafa No Frost 262L Inverter Blanca HGNF251B,https://www.fravega.com/p/heladera-gafa-no-frost-262l-inverter-blanca-hgnf251b-990224076/,908110.0,699999.0,1,True
FRA-freezer-inverter-gafa-fghi502b-xxl-horiz,Fravega,GAFA,Heladeras,Freezer Inverter Gafa FGHI502B-XXL Horizontal Inverter 510L Blanco,https://www.fravega.com/p/freezer-inverter-gafa-fghi502b-xxl-horizontal-inverter-510l-blanco-161237/,1247999.0,1031404.13,1,True
FRA-heladera-gafa-no-frost-262l-inverter-pla,Fravega,GAFA,Heladeras,Heladera Gafa No Frost 262L Inverter Plata HGNW251P,https://www.fravega.com/p/heladera-gafa-no-frost-262l-inverter-plata-hgnw251p-990224073/,1051110.0,751899.0,1,True
FRA-heladera-drean-hdr280f50b-ciclica-277-l-,Fravega,DREAN,Heladeras,Heladera Drean HDR280F50B Cíclica 277 L Blanca,https://www.fravega.com/p/heladera-drean-hdr280f50b-ciclica-277-l-blanca-161046/,720999.0,649999.0,1,True
FRA-heladera-gafa-257l-top-freezer-puerta-re,Fravega,GAFA,Heladeras,Heladera Gafa 257L Top Freezer Puerta Reversible Plata HGF252P,https://www.fravega.com/p/heladera-gafa-257l-top-freezer-puerta-reversible-plata-hgf252p-990268014/,799221.0,609999.0,1,True
FRA-freezer-horizontal-gafa-blanco-inverter-,Fravega,GAFA,Heladeras,Freezer Horizontal Gafa Blanco Inverter 280lts FGHI300B-L,https://www.fravega.com/p/freezer-horizontal-gafa-blanco-inverter-280lts-fghi300b-l-990014872/,880221.0,653899.0,1,True
FRA-heladera-ciclica-telefunken-tfk-hd220b-2,Fravega,OTRAS,Heladeras,Heladera Cíclica Telefunken TFK-HD220B 220 Lts,https://www.fravega.com/p/heladera-ciclica-telefunken-tfk-hd220b-220-lts-161197/,489900.0,429999.0,1,True
FRA-heladera-philco-one-door-164l-con-dispen,Fravega,PHILCO,Heladeras,Heladera Philco One Door 164L Con Dispenser PHSD170XD,https://www.fravega.com/p/heladera-philco-one-door-164l-con-dispenser-phsd170xd-990235511/,1148399.0,509999.0,1,True
FRA-freezer-vertical-siam-fsi-cv180b-166-lts,Fravega,OTRAS,Heladeras,Freezer Vertical Siam FSI-CV180B 166 Lts,https://www.fravega.com/p/freezer-vertical-siam-fsi-cv180b-166-lts-160944/,699999.0,649999.0,1,True
FRA-heladera-side-by-side-whirlpool-no-frost,Fravega,WHIRLPOOL,Heladeras,Heladera Side By Side Whirlpool No Frost Inverter de 518 Lts,https://www.fravega.com/p/heladera-side-by-side-whirlpool-no-frost-inverter-de-518-lts-990065831/,2539999.0,2399999.0,1,True
FRA-heladera-whirlpool-no-frost-340-lts-wrm4,Fravega,WHIRLPOOL,Heladeras,Heladera Whirlpool No Frost 340 Lts WRM40MK,https://www.fravega.com/p/heladera-whirlpool-no-frost-340-lts-wrm40mk-161336/,959999.0,849999.0,1,True
FRA-heladera-gafa-no-frost-inverter-hgnf251b,Fravega,GAFA,Heladeras,Heladera Gafa No Frost Inverter HGNF251B 262Lts Blanco,https://www.fravega.com/p/heladera-gafa-no-frost-inverter-hgnf251b-262lts-blanco-161218/,999999.0,649999.0,1,True
FRA-freezer-vertical-siam-65-lts-ciclico-neg,Fravega,OTRAS,Heladeras,Freezer Vertical Siam 65 Lts Ciclico Negro FSI-CV065N,https://www.fravega.com/p/freezer-vertical-siam-65-lts-ciclico-negro-fsi-cv065n-990241365/,739199.0,390099.0,1,True
FRA-freezer-philco-phch410bm-410-litros-1605,Fravega,PHILCO,Heladeras,Freezer Philco PHCH410BM 410 Litros,https://www.fravega.com/p/freezer-philco-phch410bm-410-litros-160587/,1199999.0,799999.0,1,True
FRA-heladera-philco-side-by-side-438lts-no-f,Fravega,PHILCO,Heladeras,Heladera Philco Side By Side 438Lts No Frost Negra Inox PHSB450N,https://www.fravega.com/p/heladera-philco-side-by-side-438lts-no-frost-negra-inox-phsb450n-990227925/,3027199.0,1329999.0,1,True
FRA-freezer-horizontal-hisense-280l-blanco-c,Fravega,HISENSE,Heladeras,Freezer Horizontal Hisense 280L Blanco CF3N297NEW,https://www.fravega.com/p/freezer-horizontal-hisense-280l-blanco-cf3n297new-990218335/,1002099.0,910999.01,1,True
FRA-heladera-side-by-side-philco-560-lts-ino,Fravega,PHILCO,Heladeras,Heladera Side By Side Philco 560 Lts Inox Inverter PHSB560XI,https://www.fravega.com/p/heladera-side-by-side-philco-560-lts-inox-inverter-phsb560xi-990265113/,2929299.0,1608999.0,1,True
FRA-heladera-philco-phct225b-ciclica-199-l-1,Fravega,PHILCO,Heladeras,Heladera Philco PHCT225B Cíclica 199 L,https://www.fravega.com/p/heladera-philco-phct225b-ciclica-199-l-161148/,799999.0,549999.0,1,True
FRA-heladera-drean-ciclica-hdr320f50e-314lts,Fravega,DREAN,Heladeras,Heladera Drean Cíclica HDR320F50E 314Lts Gris,https://www.fravega.com/p/heladera-drean-ciclica-hdr320f50e-314lts-gris-161270/,871999.0,749999.0,1,True
FRA-heladera-philco-phsb555xt-gris-496-lts-1,Fravega,PHILCO,Heladeras,Heladera Philco PHSB555XT Gris 496 Lts,https://www.fravega.com/p/heladera-philco-phsb555xt-gris-496-lts-160828/,2299999.0,1649999.0,1,True
FRA-heladera-electrolux-inverter-top-freezer,Fravega,OTRAS,Heladeras,Heladera Electrolux Inverter Top Freezer No Frost AutoSense IW46S 424Lts Plata,https://www.fravega.com/p/heladera-electrolux-inverter-top-freezer-no-frost-autosense-iw46s-424lts-plata-160930/,1679999.0,1299999.0,1,True
FRA-heladera-drean-no-frost-rda250fvrt-250lt,Fravega,DREAN,Heladeras,Heladera Drean No Frost RDA250FVRT 250Lts Grafito,https://www.fravega.com/p/heladera-drean-no-frost-rda250fvrt-250lts-grafito-161387/,789999.0,759999.0,1,True
FRA-heladera-electrolux-inverter-no-frost-if,Fravega,OTRAS,Heladeras,Heladera Electrolux Inverter No Frost IF43S 390L​ts,https://www.fravega.com/p/heladera-electrolux-inverter-no-frost-if43s-390lts-160984/,1439999.0,1099999.0,1,True
FRA-heladera-drean-ciclica-con-dispenser-hdr,Fravega,DREAN,Heladeras,Heladera Drean Cíclica con Dispenser HDR400F41E 396Lts Gris,https://www.fravega.com/p/heladera-drean-ciclica-con-dispenser-hdr400f41e-396lts-gris-161271/,1069999.0,999999.0,1,True
FRA-heladera-side-by-side-inverter-no-frost-,Fravega,GAFA,Heladeras,Heladera Side by Side Inverter No Frost Gafa 451 Lts HGSBS457X,https://www.fravega.com/p/heladera-side-by-side-inverter-no-frost-gafa-451-lts-hgsbs457x-161423/,1499999.0,1239668.6,1,True
FRA-heladera-gafa-no-frost-356l-inverter-pla,Fravega,GAFA,Heladeras,Heladera Gafa No Frost 356L Inverter Plata HGNF333P,https://www.fravega.com/p/heladera-gafa-no-frost-356l-inverter-plata-hgnf333p-990224074/,1047665.0,819999.0,1,True
FRA-heladera-drean-no-frost-rzn262fxarx0-262,Fravega,DREAN,Heladeras,Heladera Drean No Frost RZN262FXARX0 262 Lts,https://www.fravega.com/p/heladera-drean-no-frost-rzn262fxarx0-262-lts-161477/,819999.0,769999.0,1,True
FRA-heladera-whirlpool-inverter-no-frost-wrm,Fravega,WHIRLPOOL,Heladeras,Heladera Whirlpool Inverter No Frost WRM42HK Top Mount Inox 386 lts,https://www.fravega.com/p/heladera-whirlpool-inverter-no-frost-wrm42hk-top-mount-inox-386-lts-161091/,1379999.0,1019999.0,1,True
FRA-heladera-con-freezer-ciclica-314-lts-bla,Fravega,DREAN,Heladeras,Heladera con freezer Cíclica 314 Lts Black Steel Drean HDR320F50N,https://www.fravega.com/p/heladera-con-freezer-ciclica-314-lts-black-steel-drean-hdr320f50n-990190147/,1151539.0,649999.0,1,True
FRA-heladera-philco-side-by-side-inverter-pr,Fravega,PHILCO,Heladeras,Heladera Philco Side by Side Inverter PRESF480XD 453 Lts,https://www.fravega.com/p/heladera-philco-side-by-side-inverter-presf480xd-453-lts-161214/,2699999.0,1999999.0,1,True
FRA-heladera-drean-ciclica-rzd215pvarx0-215l,Fravega,DREAN,Heladeras,Heladera Drean Cíclica RZD215PVARX0 215Lts Inox,https://www.fravega.com/p/heladera-drean-ciclica-rzd215pvarx0-215lts-inox-161398/,659999.0,599999.0,1,True
FRA-heladera-electrolux-no-frost-inverter-mu,Fravega,OTRAS,Heladeras,Heladera Electrolux No Frost Inverter Multidoor IM7S 480Lts Gris,https://www.fravega.com/p/heladera-electrolux-no-frost-inverter-multidoor-im7s-480lts-gris-161283/,1789599.0,1699999.0,1,True
FRA-heladera-gafa-no-frost-262l-inverter-bla,Fravega,GAFA,Heladeras,Heladera Gafa No Frost 262L Inverter Blanca HGNF251B,https://www.fravega.com/p/heladera-gafa-no-frost-262l-inverter-blanca-hgnf251b-990224076/,908110.0,699999.0,1,True
FRA-freezer-inverter-gafa-fghi502b-xxl-horiz,Fravega,GAFA,Heladeras,Freezer Inverter Gafa FGHI502B-XXL Horizontal Inverter 510L Blanco,https://www.fravega.com/p/freezer-inverter-gafa-fghi502b-xxl-horizontal-inverter-510l-blanco-161237/,1247999.0,1031404.13,1,True
FRA-heladera-gafa-no-frost-262l-inverter-pla,Fravega,GAFA,Heladeras,Heladera Gafa No Frost 262L Inverter Plata HGNW251P,https://www.fravega.com/p/heladera-gafa-no-frost-262l-inverter-plata-hgnw251p-990224073/,1051110.0,751899.0,1,True
FRA-heladera-drean-hdr280f50b-ciclica-277-l-,Fravega,DREAN,Heladeras,Heladera Drean HDR280F50B Cíclica 277 L Blanca,https://www.fravega.com/p/heladera-drean-hdr280f50b-ciclica-277-l-blanca-161046/,720999.0,649999.0,1,True
FRA-heladera-gafa-257l-top-freezer-puerta-re,Fravega,GAFA,Heladeras,Heladera Gafa 257L Top Freezer Puerta Reversible Plata HGF252P,https://www.fravega.com/p/heladera-gafa-257l-top-freezer-puerta-reversible-plata-hgf252p-990268014/,799221.0,609999.0,1,True
FRA-freezer-horizontal-gafa-blanco-inverter-,Fravega,GAFA,Heladeras,Freezer Horizontal Gafa Blanco Inverter 280lts FGHI300B-L,https://www.fravega.com/p/freezer-horizontal-gafa-blanco-inverter-280lts-fghi300b-l-990014872/,880221.0,653899.0,1,True
FRA-heladera-ciclica-telefunken-tfk-hd220b-2,Fravega,OTRAS,Heladeras,Heladera Cíclica Telefunken TFK-HD220B 220 Lts,https://www.fravega.com/p/heladera-ciclica-telefunken-tfk-hd220b-220-lts-161197/,489900.0,429999.0,1,True
FRA-heladera-philco-one-door-164l-con-dispen,Fravega,PHILCO,Heladeras,Heladera Philco One Door 164L Con Dispenser PHSD170XD,https://www.fravega.com/p/heladera-philco-one-door-164l-con-dispenser-phsd170xd-990235511/,1148399.0,509999.0,1,True
FRA-freezer-vertical-siam-fsi-cv180b-166-lts,Fravega,OTRAS,Heladeras,Freezer Vertical Siam FSI-CV180B 166 Lts,https://www.fravega.com/p/freezer-vertical-siam-fsi-cv180b-166-lts-160944/,699999.0,649999.0,1,True
FRA-heladera-side-by-side-whirlpool-no-frost,Fravega,WHIRLPOOL,Heladeras,Heladera Side By Side Whirlpool No Frost Inverter de 518 Lts,https://www.fravega.com/p/heladera-side-by-side-whirlpool-no-frost-inverter-de-518-lts-990065831/,2539999.0,2399999.0,1,True
FRA-heladera-whirlpool-no-frost-340-lts-wrm4,Fravega,WHIRLPOOL,Heladeras,Heladera Whirlpool No Frost 340 Lts WRM40MK,https://www.fravega.com/p/heladera-whirlpool-no-frost-340-lts-wrm40mk-161336/,959999.0,849999.0,1,True
FRA-heladera-gafa-no-frost-inverter-hgnf251b,Fravega,GAFA,Heladeras,Heladera Gafa No Frost Inverter HGNF251B 262Lts Blanco,https://www.fravega.com/p/heladera-gafa-no-frost-inverter-hgnf251b-262lts-blanco-161218/,999999.0,649999.0,1,True
FRA-freezer-vertical-siam-65-lts-ciclico-neg,Fravega,OTRAS,Heladeras,Freezer Vertical Siam 65 Lts Ciclico Negro FSI-CV065N,https://www.fravega.com/p/freezer-vertical-siam-65-lts-ciclico-negro-fsi-cv065n-990241365/,739199.0,390099.0,1,True
FRA-freezer-philco-phch410bm-410-litros-1605,Fravega,PHILCO,Heladeras,Freezer Philco PHCH410BM 410 Litros,https://www.fravega.com/p/freezer-philco-phch410bm-410-litros-160587/,1199999.0,799999.0,1,True
FRA-heladera-philco-side-by-side-438lts-no-f,Fravega,PHILCO,Heladeras,Heladera Philco Side By Side 438Lts No Frost Negra Inox PHSB450N,https://www.fravega.com/p/heladera-philco-side-by-side-438lts-no-frost-negra-inox-phsb450n-990227925/,3027199.0,1329999.0,1,True
FRA-heladera-ciclica-midea-mdrt33-240-litros,Fravega,MIDEA,Heladeras,Heladera Cíclica Midea MDRT33 240 Litros,https://www.fravega.com/p/heladera-ciclica-midea-mdrt33-240-litros-161314/,745499.0,649999.0,1,True
FRA-freezer-horizontal-hisense-280l-blanco-c,Fravega,HISENSE,Heladeras,Freezer Horizontal Hisense 280L Blanco CF3N297NEW,https://www.fravega.com/p/freezer-horizontal-hisense-280l-blanco-cf3n297new-990218335/,1002099.0,910999.01,1,True
FRA-heladera-ciclica-midea-mdrt414fge50a-295,Fravega,MIDEA,Heladeras,Heladera Cíclica Midea MDRT414FGE50A 295 L,https://www.fravega.com/p/heladera-ciclica-midea-mdrt414fge50a-295-l-161262/,815999.0,699999.0,1,True
FRA-freezer-vertical-whirlpool-evox-231-lts-,Fravega,WHIRLPOOL,Heladeras,Freezer Vertical Whirlpool Evox 231 Lts,https://www.fravega.com/p/freezer-vertical-whirlpool-evox-231-lts-161382/,1579999.0,1499999.0,1,True
FRA-heladera-samsung-rt38cg6720s9b3-no-frost,Fravega,SAMSUNG,Heladeras,Heladera Samsung RT38CG6720S9B3 No Frost Inverter 384 L,https://www.fravega.com/p/heladera-samsung-rt38cg6720s9b3-no-frost-inverter-384-l--161202/,1464999.0,1210742.98,1,True
FRA-cava-de-vinos-vondom-para-12-botellas-es,Fravega,OTRAS,Heladeras,Cava de Vinos Vondom para 12 Botellas Estantes de Madera,https://www.fravega.com/p/cava-de-vinos-vondom-para-12-botellas-estantes-de-madera-161130/,279999.0,205999.0,1,True
FRA-heladera-gafa-no-frost-inverter-water-di,Fravega,GAFA,Heladeras,Heladera Gafa No Frost Inverter Water Dispenser HGNW333P 354Lts Plata,https://www.fravega.com/p/heladera-gafa-no-frost-inverter-water-dispenser-hgnw333p-354lts-plata-161223/,1037199.0,849999.0,1,True
FRA--freezer-midea-fc-mj6war1-160-lt-160516,Fravega,MIDEA,Heladeras,Freezer Midea FC-MJ6WAR1 160 Lt,https://www.fravega.com/p/-freezer-midea-fc-mj6war1-160-lt-160516/,809999.0,699999.0,1,True
FRA-heladera-koh-i-noor-con-freezer-abajo-no,Fravega,ACER,Heladeras,Heladera KOH-I-NOOR con Freezer Abajo NO FROST Tradicional Inverter 253L. Acero KHGA25NI/9,https://www.fravega.com/p/heladera-koh-i-noor-con-freezer-abajo-no-frost-tradicional-inverter-253l-acero-khga25ni-9-22701350/,1299000.0,1049000.0,1,True
FRA-heladera-samsung-no-frost-inverter-rt29k,Fravega,SAMSUNG,Heladeras,Heladera Samsung No Frost Inverter RT29K577JS8 308Lts,https://www.fravega.com/p/heladera-samsung-no-frost-inverter-rt29k577js8-308lts-160752/,1124999.0,929751.24,1,True
FRA-heladera-philco-ciclica-con-congelador-p,Fravega,PHILCO,Heladeras,Heladera Philco Cíclica con Congelador PHCT242X 231Lts Inox,https://www.fravega.com/p/heladera-philco-ciclica-con-congelador-phct242x-231lts-inox-161107/,849999.0,549999.0,1,True
FRA-heladera-ciclica-gafa-257-lts-hgf252p-16,Fravega,GAFA,Heladeras,Heladera Cíclica  GAFA 257 Lts HGF252P,https://www.fravega.com/p/heladera-ciclica-gafa-257-lts-hgf252p-161157/,719299.0,649999.0,1,True
FRA-heladera-drean-no-frost-rzn262fxarx0-262,Fravega,DREAN,Heladeras,Heladera Drean No Frost RZN262FXARX0 262 Lts,https://www.fravega.com/p/heladera-drean-no-frost-rzn262fxarx0-262-lts-161477/,819999.0,769999.0,1,True
FRA-heladera-whirlpool-inverter-no-frost-wrm,Fravega,WHIRLPOOL,Heladeras,Heladera Whirlpool Inverter No Frost WRM42HK Top Mount Inox 386 lts,https://www.fravega.com/p/heladera-whirlpool-inverter-no-frost-wrm42hk-top-mount-inox-386-lts-161091/,1379999.0,1019999.0,1,True
FRA-heladera-con-freezer-ciclica-314-lts-bla,Fravega,DREAN,Heladeras,Heladera con freezer Cíclica 314 Lts Black Steel Drean HDR320F50N,https://www.fravega.com/p/heladera-con-freezer-ciclica-314-lts-black-steel-drean-hdr320f50n-990190147/,1151539.0,649999.0,1,True
FRA-heladera-philco-side-by-side-inverter-pr,Fravega,PHILCO,Heladeras,Heladera Philco Side by Side Inverter PRESF480XD 453 Lts,https://www.fravega.com/p/heladera-philco-side-by-side-inverter-presf480xd-453-lts-161214/,2699999.0,1999999.0,1,True
FRA-heladera-drean-ciclica-rzd215pvarx0-215l,Fravega,DREAN,Heladeras,Heladera Drean Cíclica RZD215PVARX0 215Lts Inox,https://www.fravega.com/p/heladera-drean-ciclica-rzd215pvarx0-215lts-inox-161398/,659999.0,599999.0,1,True
FRA-heladera-electrolux-no-frost-inverter-mu,Fravega,OTRAS,Heladeras,Heladera Electrolux No Frost Inverter Multidoor IM7S 480Lts Gris,https://www.fravega.com/p/heladera-electrolux-no-frost-inverter-multidoor-im7s-480lts-gris-161283/,1789599.0,1699999.0,1,True
FRA-heladera-gafa-no-frost-262l-inverter-bla,Fravega,GAFA,Heladeras,Heladera Gafa No Frost 262L Inverter Blanca HGNF251B,https://www.fravega.com/p/heladera-gafa-no-frost-262l-inverter-blanca-hgnf251b-990224076/,908110.0,699999.0,1,True
FRA-freezer-inverter-gafa-fghi502b-xxl-horiz,Fravega,GAFA,Heladeras,Freezer Inverter Gafa FGHI502B-XXL Horizontal Inverter 510L Blanco,https://www.fravega.com/p/freezer-inverter-gafa-fghi502b-xxl-horizontal-inverter-510l-blanco-161237/,1247999.0,1031404.13,1,True
FRA-heladera-gafa-no-frost-262l-inverter-pla,Fravega,GAFA,Heladeras,Heladera Gafa No Frost 262L Inverter Plata HGNW251P,https://www.fravega.com/p/heladera-gafa-no-frost-262l-inverter-plata-hgnw251p-990224073/,1051110.0,751899.0,1,True
FRA-heladera-drean-hdr280f50b-ciclica-277-l-,Fravega,DREAN,Heladeras,Heladera Drean HDR280F50B Cíclica 277 L Blanca,https://www.fravega.com/p/heladera-drean-hdr280f50b-ciclica-277-l-blanca-161046/,720999.0,649999.0,1,True
FRA-heladera-gafa-257l-top-freezer-puerta-re,Fravega,GAFA,Heladeras,Heladera Gafa 257L Top Freezer Puerta Reversible Plata HGF252P,https://www.fravega.com/p/heladera-gafa-257l-top-freezer-puerta-reversible-plata-hgf252p-990268014/,799221.0,609999.0,1,True
FRA-freezer-horizontal-gafa-blanco-inverter-,Fravega,GAFA,Heladeras,Freezer Horizontal Gafa Blanco Inverter 280lts FGHI300B-L,https://www.fravega.com/p/freezer-horizontal-gafa-blanco-inverter-280lts-fghi300b-l-990014872/,880221.0,653899.0,1,True
FRA-heladera-ciclica-telefunken-tfk-hd220b-2,Fravega,OTRAS,Heladeras,Heladera Cíclica Telefunken TFK-HD220B 220 Lts,https://www.fravega.com/p/heladera-ciclica-telefunken-tfk-hd220b-220-lts-161197/,489900.0,429999.0,1,True
FRA-heladera-philco-one-door-164l-con-dispen,Fravega,PHILCO,Heladeras,Heladera Philco One Door 164L Con Dispenser PHSD170XD,https://www.fravega.com/p/heladera-philco-one-door-164l-con-dispenser-phsd170xd-990235511/,1148399.0,509999.0,1,True
FRA-freezer-vertical-siam-fsi-cv180b-166-lts,Fravega,OTRAS,Heladeras,Freezer Vertical Siam FSI-CV180B 166 Lts,https://www.fravega.com/p/freezer-vertical-siam-fsi-cv180b-166-lts-160944/,699999.0,649999.0,1,True
FRA-heladera-side-by-side-whirlpool-no-frost,Fravega,WHIRLPOOL,Heladeras,Heladera Side By Side Whirlpool No Frost Inverter de 518 Lts,https://www.fravega.com/p/heladera-side-by-side-whirlpool-no-frost-inverter-de-518-lts-990065831/,2539999.0,2399999.0,1,True
FRA-heladera-whirlpool-no-frost-340-lts-wrm4,Fravega,WHIRLPOOL,Heladeras,Heladera Whirlpool No Frost 340 Lts WRM40MK,https://www.fravega.com/p/heladera-whirlpool-no-frost-340-lts-wrm40mk-161336/,959999.0,849999.0,1,True
FRA-heladera-gafa-no-frost-inverter-hgnf251b,Fravega,GAFA,Heladeras,Heladera Gafa No Frost Inverter HGNF251B 262Lts Blanco,https://www.fravega.com/p/heladera-gafa-no-frost-inverter-hgnf251b-262lts-blanco-161218/,999999.0,649999.0,1,True
FRA-freezer-vertical-siam-65-lts-ciclico-neg,Fravega,OTRAS,Heladeras,Freezer Vertical Siam 65 Lts Ciclico Negro FSI-CV065N,https://www.fravega.com/p/freezer-vertical-siam-65-lts-ciclico-negro-fsi-cv065n-990241365/,739199.0,390099.0,1,True
FRA-freezer-philco-phch410bm-410-litros-1605,Fravega,PHILCO,Heladeras,Freezer Philco PHCH410BM 410 Litros,https://www.fravega.com/p/freezer-philco-phch410bm-410-litros-160587/,1199999.0,799999.0,1,True
FRA-heladera-philco-side-by-side-438lts-no-f,Fravega,PHILCO,Heladeras,Heladera Philco Side By Side 438Lts No Frost Negra Inox PHSB450N,https://www.fravega.com/p/heladera-philco-side-by-side-438lts-no-frost-negra-inox-phsb450n-990227925/,3027199.0,1329999.0,1,True
FRA-heladera-drean-no-frost-rzn262fxarx0-262,Fravega,DREAN,Heladeras,Heladera Drean No Frost RZN262FXARX0 262 Lts,https://www.fravega.com/p/heladera-drean-no-frost-rzn262fxarx0-262-lts-161477/,819999.0,769999.0,1,True
FRA-heladera-whirlpool-inverter-no-frost-wrm,Fravega,WHIRLPOOL,Heladeras,Heladera Whirlpool Inverter No Frost WRM42HK Top Mount Inox 386 lts,https://www.fravega.com/p/heladera-whirlpool-inverter-no-frost-wrm42hk-top-mount-inox-386-lts-161091/,1379999.0,1019999.0,1,True
FRA-heladera-con-freezer-ciclica-314-lts-bla,Fravega,DREAN,Heladeras,Heladera con freezer Cíclica 314 Lts Black Steel Drean HDR320F50N,https://www.fravega.com/p/heladera-con-freezer-ciclica-314-lts-black-steel-drean-hdr320f50n-990190147/,1151539.0,649999.0,1,True
FRA-heladera-philco-side-by-side-inverter-pr,Fravega,PHILCO,Heladeras,Heladera Philco Side by Side Inverter PRESF480XD 453 Lts,https://www.fravega.com/p/heladera-philco-side-by-side-inverter-presf480xd-453-lts-161214/,2699999.0,1999999.0,1,True
FRA-heladera-drean-ciclica-rzd215pvarx0-215l,Fravega,DREAN,Heladeras,Heladera Drean Cíclica RZD215PVARX0 215Lts Inox,https://www.fravega.com/p/heladera-drean-ciclica-rzd215pvarx0-215lts-inox-161398/,659999.0,599999.0,1,True
FRA-heladera-electrolux-no-frost-inverter-mu,Fravega,OTRAS,Heladeras,Heladera Electrolux No Frost Inverter Multidoor IM7S 480Lts Gris,https://www.fravega.com/p/heladera-electrolux-no-frost-inverter-multidoor-im7s-480lts-gris-161283/,1789599.0,1699999.0,1,True
FRA-heladera-gafa-no-frost-262l-inverter-bla,Fravega,GAFA,Heladeras,Heladera Gafa No Frost 262L Inverter Blanca HGNF251B,https://www.fravega.com/p/heladera-gafa-no-frost-262l-inverter-blanca-hgnf251b-990224076/,908110.0,699999.0,1,True
FRA-freezer-inverter-gafa-fghi502b-xxl-horiz,Fravega,GAFA,Heladeras,Freezer Inverter Gafa FGHI502B-XXL Horizontal Inverter 510L Blanco,https://www.fravega.com/p/freezer-inverter-gafa-fghi502b-xxl-horizontal-inverter-510l-blanco-161237/,1247999.0,1031404.13,1,True
FRA-heladera-gafa-no-frost-262l-inverter-pla,Fravega,GAFA,Heladeras,Heladera Gafa No Frost 262L Inverter Plata HGNW251P,https://www.fravega.com/p/heladera-gafa-no-frost-262l-inverter-plata-hgnw251p-990224073/,1051110.0,751899.0,1,True
FRA-heladera-drean-hdr280f50b-ciclica-277-l-,Fravega,DREAN,Heladeras,Heladera Drean HDR280F50B Cíclica 277 L Blanca,https://www.fravega.com/p/heladera-drean-hdr280f50b-ciclica-277-l-blanca-161046/,720999.0,649999.0,1,True
FRA-heladera-gafa-257l-top-freezer-puerta-re,Fravega,GAFA,Heladeras,Heladera Gafa 257L Top Freezer Puerta Reversible Plata HGF252P,https://www.fravega.com/p/heladera-gafa-257l-top-freezer-puerta-reversible-plata-hgf252p-990268014/,799221.0,609999.0,1,True
FRA-freezer-horizontal-gafa-blanco-inverter-,Fravega,GAFA,Heladeras,Freezer Horizontal Gafa Blanco Inverter 280lts FGHI300B-L,https://www.fravega.com/p/freezer-horizontal-gafa-blanco-inverter-280lts-fghi300b-l-990014872/,880221.0,653899.0,1,True
FRA-heladera-ciclica-telefunken-tfk-hd220b-2,Fravega,OTRAS,Heladeras,Heladera Cíclica Telefunken TFK-HD220B 220 Lts,https://www.fravega.com/p/heladera-ciclica-telefunken-tfk-hd220b-220-lts-161197/,489900.0,429999.0,1,True
FRA-heladera-philco-one-door-164l-con-dispen,Fravega,PHILCO,Heladeras,Heladera Philco One Door 164L Con Dispenser PHSD170XD,https://www.fravega.com/p/heladera-philco-one-door-164l-con-dispenser-phsd170xd-990235511/,1148399.0,509999.0,1,True
FRA-freezer-vertical-siam-fsi-cv180b-166-lts,Fravega,OTRAS,Heladeras,Freezer Vertical Siam FSI-CV180B 166 Lts,https://www.fravega.com/p/freezer-vertical-siam-fsi-cv180b-166-lts-160944/,699999.0,649999.0,1,True
FRA-heladera-side-by-side-whirlpool-no-frost,Fravega,WHIRLPOOL,Heladeras,Heladera Side By Side Whirlpool No Frost Inverter de 518 Lts,https://www.fravega.com/p/heladera-side-by-side-whirlpool-no-frost-inverter-de-518-lts-990065831/,2539999.0,2399999.0,1,True
FRA-heladera-whirlpool-no-frost-340-lts-wrm4,Fravega,WHIRLPOOL,Heladeras,Heladera Whirlpool No Frost 340 Lts WRM40MK,https://www.fravega.com/p/heladera-whirlpool-no-frost-340-lts-wrm40mk-161336/,959999.0,849999.0,1,True
FRA-heladera-gafa-no-frost-inverter-hgnf251b,Fravega,GAFA,Heladeras,Heladera Gafa No Frost Inverter HGNF251B 262Lts Blanco,https://www.fravega.com/p/heladera-gafa-no-frost-inverter-hgnf251b-262lts-blanco-161218/,999999.0,649999.0,1,True
FRA-freezer-vertical-siam-65-lts-ciclico-neg,Fravega,OTRAS,Heladeras,Freezer Vertical Siam 65 Lts Ciclico Negro FSI-CV065N,https://www.fravega.com/p/freezer-vertical-siam-65-lts-ciclico-negro-fsi-cv065n-990241365/,739199.0,390099.0,1,True
FRA-freezer-philco-phch410bm-410-litros-1605,Fravega,PHILCO,Heladeras,Freezer Philco PHCH410BM 410 Litros,https://www.fravega.com/p/freezer-philco-phch410bm-410-litros-160587/,1199999.0,799999.0,1,True
FRA-heladera-philco-side-by-side-438lts-no-f,Fravega,PHILCO,Heladeras,Heladera Philco Side By Side 438Lts No Frost Negra Inox PHSB450N,https://www.fravega.com/p/heladera-philco-side-by-side-438lts-no-frost-negra-inox-phsb450n-990227925/,3027199.0,1329999.0,1,True
FRA-heladera-gafa-257l-top-freezer-puerta-re,Fravega,GAFA,Heladeras,Heladera Gafa 257L Top Freezer Puerta Reversible Blanca HGF252B,https://www.fravega.com/p/heladera-gafa-257l-top-freezer-puerta-reversible-blanca-hgf252b-161145/,673499.0,649999.0,1,True
FRA-heladera-whirlpool-no-frost-wrm39cb-top-,Fravega,WHIRLPOOL,Heladeras,Heladera Whirlpool No Frost WRM39CB Top Mount 340 lts,https://www.fravega.com/p/heladera-whirlpool-no-frost-wrm39cb-top-mount-340-lts-161048/,969999.0,749999.0,1,True
FRA-heladera-inverter-no-frost-drean-rzn320p,Fravega,DREAN,Heladeras,Heladera Inverter No Frost Drean RZN320PCARX0 342 Litros,https://www.fravega.com/p/heladera-inverter-no-frost-drean-rzn320pcarx0-342-litros-161287/,1039999.0,999999.0,1,True
FRA-heladera-whirlpool-inverter-no-frost-bot,Fravega,WHIRLPOOL,Heladeras,Heladera Whirlpool Inverter No Frost Bottom Freezer Inox - 428 / 397 Litros,https://www.fravega.com/p/heladera-whirlpool-inverter-no-frost-bottom-freezer-inox-428-397-litros-990280189/,1749999.0,1649999.0,1,True
FRA-heladera-exhibidora-vertical-briket-3030,Fravega,OTRAS,Heladeras,Heladera Exhibidora Vertical Briket 3030 293 Lts,https://www.fravega.com/p/heladera-exhibidora-vertical-briket-3030-293-lts-161106/,1199999.0,899999.0,1,True
FRA-freezer-horizontal-gafa-plata-inverter-2,Fravega,GAFA,Heladeras,Freezer Horizontal Gafa Plata Inverter 280lts FGHI300P-L,https://www.fravega.com/p/freezer-horizontal-gafa-plata-inverter-280lts-fghi300p-l-990012076/,902443.0,655999.0,1,True
FRA-heladera-single-door-177l-negra-hisense-,Fravega,HISENSE,Heladeras,Heladera Single Door 177L Negra Hisense RL230WB4AU,https://www.fravega.com/p/heladera-single-door-177l-negra-hisense-rl230wb4au-990182014/,733699.0,659999.0,1,True
FRA-freezer-de-pozo-philco-94l-phch105bm-990,Fravega,PHILCO,Heladeras,Freezer De Pozo Philco 94L PHCH105BM,https://www.fravega.com/p/freezer-de-pozo-philco-94l-phch105bm-990235510/,804099.0,332998.99,1,True
FRA-heladera-samsung-no-frost-inverter-rt32k,Fravega,SAMSUNG,Heladeras,Heladera Samsung No Frost Inverter RT32K5070S8 320Lts,https://www.fravega.com/p/heladera-samsung-no-frost-inverter-rt32k5070s8-320lts-160564/,1289999.0,1066114.88,1,True
FRA-exhibidora-inelro-mt17ng-r290-460lts-160,Fravega,OTRAS,Heladeras,Exhibidora Inelro MT17NG R290 460Lts,https://www.fravega.com/p/exhibidora-inelro-mt17ng-r290-460lts-160938/,2256999.0,1199999.0,1,True
FRA-heladera-koh-i-noor-no-frost-duocooling-,Fravega,ACER,Heladeras,Heladera KOH-I-NOOR NO FROST DuoCooling Inverter 417 Lts. Acero KHGA41DI/9  Puertas Reversibles,https://www.fravega.com/p/heladera-koh-i-noor-no-frost-duocooling-inverter-417-lts-acero-khga41di-9-puertas-reversibles-21434958/,1890000.0,1599900.0,1,True
FRA-heladera-ciclica-gafa-hgf358afb-282lts-b,Fravega,GAFA,Heladeras,Heladera Cíclica GAFA HGF358AFB 282Lts Blanca,https://www.fravega.com/p/heladera-ciclica-gafa-hgf358afb-282lts-blanca-990012049/,802776.0,664699.0,1,True
FRA-freezer-horizontal-inverter-philco-phch0,Fravega,PHILCO,Heladeras,Freezer Horizontal Inverter Philco PHCH099BI 99 Litros,https://www.fravega.com/p/freezer-horizontal-inverter-philco-phch099bi-99-litros-161312/,679999.0,499999.0,1,True
FRA-heladera-drean-no-frost-rzn262fxarx0-262,Fravega,DREAN,Heladeras,Heladera Drean No Frost RZN262FXARX0 262 Lts,https://www.fravega.com/p/heladera-drean-no-frost-rzn262fxarx0-262-lts-161477/,819999.0,769999.0,1,True
FRA-heladera-whirlpool-inverter-no-frost-wrm,Fravega,WHIRLPOOL,Heladeras,Heladera Whirlpool Inverter No Frost WRM42HK Top Mount Inox 386 lts,https://www.fravega.com/p/heladera-whirlpool-inverter-no-frost-wrm42hk-top-mount-inox-386-lts-161091/,1379999.0,1019999.0,1,True
FRA-heladera-con-freezer-ciclica-314-lts-bla,Fravega,DREAN,Heladeras,Heladera con freezer Cíclica 314 Lts Black Steel Drean HDR320F50N,https://www.fravega.com/p/heladera-con-freezer-ciclica-314-lts-black-steel-drean-hdr320f50n-990190147/,1151539.0,649999.0,1,True
FRA-heladera-philco-side-by-side-inverter-pr,Fravega,PHILCO,Heladeras,Heladera Philco Side by Side Inverter PRESF480XD 453 Lts,https://www.fravega.com/p/heladera-philco-side-by-side-inverter-presf480xd-453-lts-161214/,2699999.0,1999999.0,1,True
FRA-heladera-drean-ciclica-rzd215pvarx0-215l,Fravega,DREAN,Heladeras,Heladera Drean Cíclica RZD215PVARX0 215Lts Inox,https://www.fravega.com/p/heladera-drean-ciclica-rzd215pvarx0-215lts-inox-161398/,659999.0,599999.0,1,True
FRA-heladera-electrolux-no-frost-inverter-mu,Fravega,OTRAS,Heladeras,Heladera Electrolux No Frost Inverter Multidoor IM7S 480Lts Gris,https://www.fravega.com/p/heladera-electrolux-no-frost-inverter-multidoor-im7s-480lts-gris-161283/,1789599.0,1699999.0,1,True
FRA-heladera-gafa-no-frost-262l-inverter-bla,Fravega,GAFA,Heladeras,Heladera Gafa No Frost 262L Inverter Blanca HGNF251B,https://www.fravega.com/p/heladera-gafa-no-frost-262l-inverter-blanca-hgnf251b-990224076/,908110.0,699999.0,1,True
FRA-freezer-inverter-gafa-fghi502b-xxl-horiz,Fravega,GAFA,Heladeras,Freezer Inverter Gafa FGHI502B-XXL Horizontal Inverter 510L Blanco,https://www.fravega.com/p/freezer-inverter-gafa-fghi502b-xxl-horizontal-inverter-510l-blanco-161237/,1247999.0,1031404.13,1,True
FRA-heladera-gafa-no-frost-262l-inverter-pla,Fravega,GAFA,Heladeras,Heladera Gafa No Frost 262L Inverter Plata HGNW251P,https://www.fravega.com/p/heladera-gafa-no-frost-262l-inverter-plata-hgnw251p-990224073/,1051110.0,751899.0,1,True
FRA-heladera-drean-hdr280f50b-ciclica-277-l-,Fravega,DREAN,Heladeras,Heladera Drean HDR280F50B Cíclica 277 L Blanca,https://www.fravega.com/p/heladera-drean-hdr280f50b-ciclica-277-l-blanca-161046/,720999.0,649999.0,1,True
FRA-heladera-gafa-257l-top-freezer-puerta-re,Fravega,GAFA,Heladeras,Heladera Gafa 257L Top Freezer Puerta Reversible Plata HGF252P,https://www.fravega.com/p/heladera-gafa-257l-top-freezer-puerta-reversible-plata-hgf252p-990268014/,799221.0,609999.0,1,True
FRA-freezer-horizontal-gafa-blanco-inverter-,Fravega,GAFA,Heladeras,Freezer Horizontal Gafa Blanco Inverter 280lts FGHI300B-L,https://www.fravega.com/p/freezer-horizontal-gafa-blanco-inverter-280lts-fghi300b-l-990014872/,880221.0,653899.0,1,True
FRA-heladera-ciclica-telefunken-tfk-hd220b-2,Fravega,OTRAS,Heladeras,Heladera Cíclica Telefunken TFK-HD220B 220 Lts,https://www.fravega.com/p/heladera-ciclica-telefunken-tfk-hd220b-220-lts-161197/,489900.0,429999.0,1,True
FRA-heladera-philco-one-door-164l-con-dispen,Fravega,PHILCO,Heladeras,Heladera Philco One Door 164L Con Dispenser PHSD170XD,https://www.fravega.com/p/heladera-philco-one-door-164l-con-dispenser-phsd170xd-990235511/,1148399.0,509999.0,1,True
FRA-freezer-vertical-siam-fsi-cv180b-166-lts,Fravega,OTRAS,Heladeras,Freezer Vertical Siam FSI-CV180B 166 Lts,https://www.fravega.com/p/freezer-vertical-siam-fsi-cv180b-166-lts-160944/,699999.0,649999.0,1,True
FRA-heladera-side-by-side-whirlpool-no-frost,Fravega,WHIRLPOOL,Heladeras,Heladera Side By Side Whirlpool No Frost Inverter de 518 Lts,https://www.fravega.com/p/heladera-side-by-side-whirlpool-no-frost-inverter-de-518-lts-990065831/,2539999.0,2399999.0,1,True
FRA-heladera-whirlpool-no-frost-340-lts-wrm4,Fravega,WHIRLPOOL,Heladeras,Heladera Whirlpool No Frost 340 Lts WRM40MK,https://www.fravega.com/p/heladera-whirlpool-no-frost-340-lts-wrm40mk-161336/,959999.0,849999.0,1,True
FRA-heladera-gafa-no-frost-inverter-hgnf251b,Fravega,GAFA,Heladeras,Heladera Gafa No Frost Inverter HGNF251B 262Lts Blanco,https://www.fravega.com/p/heladera-gafa-no-frost-inverter-hgnf251b-262lts-blanco-161218/,999999.0,649999.0,1,True
FRA-freezer-vertical-siam-65-lts-ciclico-neg,Fravega,OTRAS,Heladeras,Freezer Vertical Siam 65 Lts Ciclico Negro FSI-CV065N,https://www.fravega.com/p/freezer-vertical-siam-65-lts-ciclico-negro-fsi-cv065n-990241365/,739199.0,390099.0,1,True
FRA-freezer-philco-phch410bm-410-litros-1605,Fravega,PHILCO,Heladeras,Freezer Philco PHCH410BM 410 Litros,https://www.fravega.com/p/freezer-philco-phch410bm-410-litros-160587/,1199999.0,799999.0,1,True
FRA-heladera-philco-side-by-side-438lts-no-f,Fravega,PHILCO,Heladeras,Heladera Philco Side By Side 438Lts No Frost Negra Inox PHSB450N,https://www.fravega.com/p/heladera-philco-side-by-side-438lts-no-frost-negra-inox-phsb450n-990227925/,3027199.0,1329999.0,1,True
FRA-heladera-whirlpool-no-frost-inverter-wre,Fravega,WHIRLPOOL,Heladeras,Heladera Whirlpool No Frost Inverter WRE57CE 449Lts Negro,https://www.fravega.com/p/heladera-whirlpool-no-frost-inverter-wre57ce-449lts-negro-161630/,2199999.0,1999999.0,1,True
FRA-freezer-horizontal-philco-143-lts-invert,Fravega,PHILCO,Heladeras,Freezer Horizontal Philco 143 Lts Inverter Blanco PHCH145BI,https://www.fravega.com/p/freezer-horizontal-philco-143-lts-inverter-blanco-phch145bi-990288854/,764499.0,585998.99,1,True
FRA-cava-vondom-8-botellas-t8-negra-160448,Fravega,OTRAS,Heladeras,Cava Vondom 8 Botellas T8 Negra,https://www.fravega.com/p/cava-vondom-8-botellas-t8-negra-160448/,259999.0,199999.0,1,True
FRA-freezer-inelro-fih-350a-280lts-160923,Fravega,OTRAS,Heladeras,Freezer Inelro FIH 350A++ 280Lts,https://www.fravega.com/p/freezer-inelro-fih-350a-280lts-160923/,899999.0,799999.0,1,True
FRA-freezer-gafa-inverter-fghi300b-l-280l-bl,Fravega,GAFA,Heladeras,Freezer Gafa Inverter FGHI300B-L 280L Blanco,https://www.fravega.com/p/freezer-gafa-inverter-fghi300b-l-280l-blanco-160950/,845999.0,799999.0,1,True
FRA-freezer-vertical-koh-i-noor-7-cajones-kf,Fravega,OTRAS,Heladeras,"Freezer Vertical KOH-I-NOOR 7 Cajones, KFVA25/8 250 Lts.",https://www.fravega.com/p/freezer-vertical-koh-i-noor-7-cajones-kfva25-8-250-lts--21713805/,1390000.0,1149000.0,1,True
FRA-heladera-exhibidora-vertical-briket-4330,Fravega,OTRAS,Heladeras,Heladera Exhibidora Vertical Briket 4330 417 Lts,https://www.fravega.com/p/heladera-exhibidora-vertical-briket-4330-417-lts-161137/,1599999.0,1499999.0,1,True
FRA-heladera-electrolux-no-frost-inverter-40,Fravega,OTRAS,Heladeras,Heladera Electrolux No Frost Inverter 400L Efficient Rapid Freeze Plata IB6S,https://www.fravega.com/p/heladera-electrolux-no-frost-inverter-400l-efficient-rapid-freeze-plata-ib6s-990266301/,1577443.0,1391799.0,1,True
FRA-exhibidora-vertical-m5000-tm-ls-hc-501-l,Fravega,OTRAS,Heladeras,Exhibidora Vertical M5000 TM LS HC 501 Lt,https://www.fravega.com/p/exhibidora-vertical-m5000-tm-ls-hc-501-lt-160929/,1499999.0,1399999.0,1,True
FRA-heladera-con-freezer-gafa-hgf388afb-blan,Fravega,GAFA,Heladeras,Heladera con freezer Gafa HGF388AFB Blanca 374lts,https://www.fravega.com/p/heladera-con-freezer-gafa-hgf388afb-blanca-374lts-990014869/,1002887.0,857469.0,1,True
FRA-heladera-single-door-hisense-dispenser-1,Fravega,HISENSE,Heladeras,Heladera Single Door Hisense Dispenser 177L Silver RL230WL4AU,https://www.fravega.com/p/heladera-single-door-hisense-dispenser-177l-silver-rl230wl4au-990223661/,699599.0,659999.0,1,True
FRA-freezer-gafa-fghi400b-xl-402l-160962,Fravega,GAFA,Heladeras,Freezer Gafa FGHI400B-XL 402L,https://www.fravega.com/p/freezer-gafa-fghi400b-xl-402l-160962/,999999.0,949999.0,1,True
FRA-heladera-lg-side-by-side-instaview-door-,Fravega,LG,Heladeras,Heladera LG Side by Side Instaview Door in Door Inverter Craft Ice Negro,https://www.fravega.com/p/heladera-lg-side-by-side-instaview-door-door-inverter-craft-ice-negro-161193/,4199999.0,3999999.0,1,True
FRA-heladera-ciclica-top-mount-midea-mdrt333,Fravega,MIDEA,Heladeras,Heladera Cíclica Top Mount Midea MDRT333FGE01A 240 L,https://www.fravega.com/p/heladera-ciclica-top-mount-midea-mdrt333fge01a-240-l-161260/,722999.0,569999.0,1,True
FRA-heladera-philco-side-by-side-no-frost-94,Fravega,PHILCO,Heladeras,Heladera Philco Side by Side No Frost 94PHSB450X 428 Lts,https://www.fravega.com/p/heladera-philco-side-by-side-no-frost-94phsb450x-428-lts-161161/,2399999.0,1499999.0,1,True
FRA-lavasecarropas-philco-inverter-phls128-2,Fravega,PHILCO,Lavado,Lavasecarropas Philco Inverter PHLS128-2GSN 12Kg 8Kg,https://www.fravega.com/p/lavasecarropas-philco-inverter-phls128-2gsn-12kg-8kg-170577/,1199999.0,1099999.0,1,True
FRA-lavasecarropas-smartlife-11-5kg-sl-wdi11,Fravega,OTRAS,Lavado,Lavasecarropas Smartlife 11.5KG SL-WDI11581400G Gris,https://www.fravega.com/p/lavasecarropas-smartlife-11-5kg-sl-wdi11581400g-gris-170564/,1299999.0,999999.0,1,True
FRA-lavarropas-automatico-carga-frontal-inve,Fravega,PHILCO,Lavado,Lavarropas Automático Carga Frontal Inverter Philco 6 Kg 1000 RPM PHLF61GN,https://www.fravega.com/p/lavarropas-automatico-carga-frontal-inverter-philco-6-kg-1000-rpm-phlf61gn-170701/,749999.0,549999.0,1,True
FRA-lavarropas-candy-ro1696dwh7-1-12-carga-f,Fravega,OTRAS,Lavado,Lavarropas Candy RO1696DWH7/1-12 Carga Frontal Inverter 9kg,https://www.fravega.com/p/lavarropas-candy-ro1696dwh7-1-12-carga-frontal-inverter-9kg-170420/,1499999.0,799999.0,1,True
FRA-lavasecarropas-carga-frontal-inverter-11,Fravega,DREAN,Lavado,Lavasecarropas Carga Frontal Inverter 11 Kg Drean Lscdr1106i,https://www.fravega.com/p/lavasecarropas-carga-frontal-inverter-11-kg-drean-lscdr1106i-990049574/,1754999.0,949999.0,1,True
FRA-lavasecarropas-automatico-carga-frontal-,Fravega,MIDEA,Lavado,Lavasecarropas Automático Carga Frontal Inverter Midea 8Kg 6Kg 1400 RPM MF200D80WB/T,https://www.fravega.com/p/lavasecarropas-automatico-carga-frontal-inverter-midea-8kg-6kg-1400-rpm-mf200d80wb-t-170712/,1199999.0,849999.0,1,True
FRA-lavarropas-midea-carga-frontal-inverter-,Fravega,MIDEA,Lavado,Lavarropas Midea Carga Frontal Inverter Wi-Fi 8kg 1400rpm MF200 Titanium,https://www.fravega.com/p/lavarropas-midea-carga-frontal-inverter-wi-fi-8kg-1400rpm-mf200-titanium-170549/,939999.0,699999.0,1,True
FRA-lavarropas-carga-superior-gafa-digifit-6,Fravega,GAFA,Lavado,"Lavarropas Carga Superior Gafa DigiFit 6,5kg Blanco",https://www.fravega.com/p/lavarropas-carga-superior-gafa-digifit-6-5kg-blanco-50029845/,646110.0,488999.0,1,True
FRA-lavarropas-carga-frontal-electrolux-inve,Fravega,OTRAS,Lavado,Lavarropas Carga Frontal Electrolux Inverter ELAF210B 10 Kg,https://www.fravega.com/p/lavarropas-carga-frontal-electrolux-inverter-elaf210b-10-kg-170410/,1142999.0,999999.0,1,True
FRA-lavarropas-gadnic-6-kg-inverter-1000-rpm,Fravega,OTRAS,Lavado,Lavarropas Gadnic 6 kg Inverter 1000 RPM 14 Programas 1850W Clase A Gris,https://www.fravega.com/p/lavarropas-gadnic-6-kg-inverter-1000-rpm-14-programas-1850w-clase-a-gris-990287800/,740999.0,569999.0,1,True
FRA-lavarropas-whirlpool-carga-frontal-7kg-i,Fravega,WHIRLPOOL,Lavado,Lavarropas Whirlpool Carga Frontal 7kg Inverter Blanco,https://www.fravega.com/p/lavarropas-whirlpool-carga-frontal-7kg-inverter-blanco-170823/,1699999.0,769999.0,1,True
FRA-secarropas-candy-c9tbe-12-smartpro-9kg-2,Fravega,OTRAS,Lavado,Secarropas Candy C9TBE-12 SmartPro 9kg,https://www.fravega.com/p/secarropas-candy-c9tbe-12-smartpro-9kg-280116/,1159999.0,799999.0,1,True
FRA-lavasecarropas-philco-11-6-kg-carga-fron,Fravega,PHILCO,Lavado,Lavasecarropas Philco 11/6 Kg Carga Frontal Inverter Gris PHLS116-7GN,https://www.fravega.com/p/lavasecarropas-philco-11-6-kg-carga-frontal-inverter-gris-phls116-7gn-990286682/,1319999.0,949999.0,1,True
FRA-lavarropas-drean-concept-neo-fuzzy-6-5-k,Fravega,DREAN,Lavado,"Lavarropas Drean Concept Neo Fuzzy 6,5 Kg Blanco",https://www.fravega.com/p/lavarropas-drean-concept-neo-fuzzy-6-5-kg-blanco-170702/,606999.0,599999.0,1,True
FRA-lavarropas-philco-11-kg-carga-frontal-in,Fravega,PHILCO,Lavado,Lavarropas Philco 11 Kg Carga Frontal Inverter Blanco PHLF117BN,https://www.fravega.com/p/lavarropas-philco-11-kg-carga-frontal-inverter-blanco-phlf117bn-990284577/,1319999.0,849999.0,1,True
FRA-lavarropas-electrolux-elac014s-carga-sup,Fravega,OTRAS,Lavado,"Lavarropas Electrolux ELAC014S Carga Superior Premiun Care 7,5 Kg Silver",https://www.fravega.com/p/lavarropas-electrolux-elac014s-carga-superior-premiun-care-7-5-kg-silver-170765/,799999.0,629999.0,1,True
FRA-lavavajillas-candy-6c4f1ps-12-inverter-1,Fravega,OTRAS,Lavado,Lavavajillas Candy 6C4F1PS-12 Inverter 16 Cubiertos Silver,https://www.fravega.com/p/lavavajillas-candy-6c4f1ps-12-inverter-16-cubiertos-silver-170571/,1899999.0,999999.0,1,True
FRA-secarropas-codini-advance-ad55-5-5kg-bla,Fravega,OTRAS,Lavado,Secarropas Codini Advance Ad55 - 5.5kg Blanco,https://www.fravega.com/p/secarropas-codini-advance-ad55-5-5kg-blanco-22802712/,279999.0,202999.0,1,True
FRA-lavarropas-philco-predicta-inverter-phlf,Fravega,PHILCO,Lavado,Lavarropas Philco Predicta Inverter PHLF8014PI2 8 Kg 1400 RPM,https://www.fravega.com/p/lavarropas-philco-predicta-inverter-phlf8014pi2-8-kg-1400-rpm-170584/,849999.0,749999.0,1,True
FRA-lavarropas-automatico-carga-superior-phi,Fravega,PHILCO,Lavado,Lavarropas Automático Carga Superior Philco 5 Kg 700 RPM PHLS67GN,https://www.fravega.com/p/lavarropas-automatico-carga-superior-philco-5-kg-700-rpm-phls67gn--170703/,499999.0,399999.0,1,True
FRA-lavarropas-carga-frontal-electrolux-8-5k,Fravega,OTRAS,Lavado,"Lavarropas Carga Frontal Electrolux 8,5kg blanco Inverter ELAF208W",https://www.fravega.com/p/lavarropas-carga-frontal-electrolux-8-5kg-blanco-inverter-elaf208w-990268583/,951110.0,699999.0,1,True
FRA-lavavajillas-admiral-ad-lvd1305se-13-cub,Fravega,OTRAS,Lavado,Lavavajillas Admiral AD-LVD1305SE 13 Cubiertos Inox,https://www.fravega.com/p/lavavajillas-admiral-ad-lvd1305se-13-cubiertos-inox-170467/,699999.0,549999.0,1,True
FRA-lavarropas-automatico-carga-frontal-inve,Fravega,PHILCO,Lavado,Lavarropas Automático Carga Frontal Inverter Philco 11 Kg 1400 RPM PHLF111GN2,https://www.fravega.com/p/lavarropas-automatico-carga-frontal-inverter-philco-11-kg-1400-rpm-phlf111gn2--170705/,1199999.0,899999.0,1,True
FRA-lavasecarropas-philco-12kg-8kg-phls128-2,Fravega,PHILCO,Lavado,Lavasecarropas Philco 12Kg 8KG PHLS128-2TN,https://www.fravega.com/p/lavasecarropas-philco-12kg-8kg-phls128-2tn-170570/,1299999.0,1049999.0,1,True
FRA-lavarropas-smartlife-automatico-inverter,Fravega,OTRAS,Lavado,Lavarropas Smartlife Automático Inverter 8kg SL-WMI081400G Gris,https://www.fravega.com/p/lavarropas-smartlife-automatico-inverter-8kg-sl-wmi081400g-gris-170681/,779999.0,699999.0,1,True
FRA-lavarropas-automatico-carga-frontal-inve,Fravega,PHILCO,Lavado,Lavarropas Automático Carga Frontal Inverter Philco 11 Kg 1400 RPM PHLF111GSN,https://www.fravega.com/p/lavarropas-automatico-carga-frontal-inverter-philco-11-kg-1400-rpm-phlf111gsn--170886/,1199999.0,799999.0,1,True
FRA-lavarropas-smartlife-6k-sl-wmu061000w-17,Fravega,OTRAS,Lavado,Lavarropas Smartlife 6K SL-WMU061000W,https://www.fravega.com/p/lavarropas-smartlife-6k-sl-wmu061000w-170465/,599999.0,429999.0,1,True
FRA-lavarropas-drean-concept-neo-fuzzy-6-5-k,Fravega,DREAN,Lavado,"Lavarropas Drean Concept Neo Fuzzy 6,5 Kg Gris",https://www.fravega.com/p/lavarropas-drean-concept-neo-fuzzy-6-5-kg-gris-170718/,624999.0,599999.0,1,True
FRA-lavarropas-automatico-inverter-drean-8kg,Fravega,DREAN,Lavado,Lavarropas Automático Inverter Drean 8Kg 1400 RPM LCFDR0814SG0,https://www.fravega.com/p/lavarropas-automatico-inverter-drean-8kg-1400-rpm-lcfdr0814sg0-170632/,999999.0,826445.45,1,True
FRA-lavavajillas-philco-predicta-15-cubierto,Fravega,PHILCO,Lavado,Lavavajillas Philco Predicta 15 Cubiertos Inverter Dark Inox,https://www.fravega.com/p/lavavajillas-philco-predicta-15-cubiertos-inverter-dark-inox-990265110/,1228699.0,806998.99,1,True
FRA-lavarropas-carga-superior-gafa-fuzzyfit-,Fravega,GAFA,Lavado,Lavarropas Carga Superior Gafa FuzzyFit 7kg Plata,https://www.fravega.com/p/lavarropas-carga-superior-gafa-fuzzyfit-7kg-plata-50029891/,709554.0,539999.0,1,True
FRA-lavasecarropas-philco-inverter-phls128-2,Fravega,PHILCO,Lavado,Lavasecarropas Philco Inverter PHLS128-2GSN 12Kg 8Kg,https://www.fravega.com/p/lavasecarropas-philco-inverter-phls128-2gsn-12kg-8kg-170577/,1199999.0,1099999.0,1,True
FRA-lavasecarropas-smartlife-11-5kg-sl-wdi11,Fravega,OTRAS,Lavado,Lavasecarropas Smartlife 11.5KG SL-WDI11581400G Gris,https://www.fravega.com/p/lavasecarropas-smartlife-11-5kg-sl-wdi11581400g-gris-170564/,1299999.0,999999.0,1,True
FRA-lavarropas-automatico-carga-frontal-inve,Fravega,PHILCO,Lavado,Lavarropas Automático Carga Frontal Inverter Philco 6 Kg 1000 RPM PHLF61GN,https://www.fravega.com/p/lavarropas-automatico-carga-frontal-inverter-philco-6-kg-1000-rpm-phlf61gn-170701/,749999.0,549999.0,1,True
FRA-lavarropas-candy-ro1696dwh7-1-12-carga-f,Fravega,OTRAS,Lavado,Lavarropas Candy RO1696DWH7/1-12 Carga Frontal Inverter 9kg,https://www.fravega.com/p/lavarropas-candy-ro1696dwh7-1-12-carga-frontal-inverter-9kg-170420/,1499999.0,799999.0,1,True
FRA-lavasecarropas-carga-frontal-inverter-11,Fravega,DREAN,Lavado,Lavasecarropas Carga Frontal Inverter 11 Kg Drean Lscdr1106i,https://www.fravega.com/p/lavasecarropas-carga-frontal-inverter-11-kg-drean-lscdr1106i-990049574/,1754999.0,949999.0,1,True
FRA-lavasecarropas-automatico-carga-frontal-,Fravega,MIDEA,Lavado,Lavasecarropas Automático Carga Frontal Inverter Midea 8Kg 6Kg 1400 RPM MF200D80WB/T,https://www.fravega.com/p/lavasecarropas-automatico-carga-frontal-inverter-midea-8kg-6kg-1400-rpm-mf200d80wb-t-170712/,1199999.0,849999.0,1,True
FRA-lavarropas-midea-carga-frontal-inverter-,Fravega,MIDEA,Lavado,Lavarropas Midea Carga Frontal Inverter Wi-Fi 8kg 1400rpm MF200 Titanium,https://www.fravega.com/p/lavarropas-midea-carga-frontal-inverter-wi-fi-8kg-1400rpm-mf200-titanium-170549/,939999.0,699999.0,1,True
FRA-lavarropas-carga-superior-gafa-digifit-6,Fravega,GAFA,Lavado,"Lavarropas Carga Superior Gafa DigiFit 6,5kg Blanco",https://www.fravega.com/p/lavarropas-carga-superior-gafa-digifit-6-5kg-blanco-50029845/,646110.0,488999.0,1,True
FRA-lavarropas-carga-frontal-electrolux-inve,Fravega,OTRAS,Lavado,Lavarropas Carga Frontal Electrolux Inverter ELAF210B 10 Kg,https://www.fravega.com/p/lavarropas-carga-frontal-electrolux-inverter-elaf210b-10-kg-170410/,1142999.0,999999.0,1,True
FRA-lavarropas-gadnic-6-kg-inverter-1000-rpm,Fravega,OTRAS,Lavado,Lavarropas Gadnic 6 kg Inverter 1000 RPM 14 Programas 1850W Clase A Gris,https://www.fravega.com/p/lavarropas-gadnic-6-kg-inverter-1000-rpm-14-programas-1850w-clase-a-gris-990287800/,740999.0,569999.0,1,True
FRA-lavarropas-whirlpool-carga-frontal-7kg-i,Fravega,WHIRLPOOL,Lavado,Lavarropas Whirlpool Carga Frontal 7kg Inverter Blanco,https://www.fravega.com/p/lavarropas-whirlpool-carga-frontal-7kg-inverter-blanco-170823/,1699999.0,769999.0,1,True
FRA-secarropas-candy-c9tbe-12-smartpro-9kg-2,Fravega,OTRAS,Lavado,Secarropas Candy C9TBE-12 SmartPro 9kg,https://www.fravega.com/p/secarropas-candy-c9tbe-12-smartpro-9kg-280116/,1159999.0,799999.0,1,True
FRA-lavasecarropas-philco-11-6-kg-carga-fron,Fravega,PHILCO,Lavado,Lavasecarropas Philco 11/6 Kg Carga Frontal Inverter Gris PHLS116-7GN,https://www.fravega.com/p/lavasecarropas-philco-11-6-kg-carga-frontal-inverter-gris-phls116-7gn-990286682/,1319999.0,949999.0,1,True
FRA-lavarropas-drean-concept-neo-fuzzy-6-5-k,Fravega,DREAN,Lavado,"Lavarropas Drean Concept Neo Fuzzy 6,5 Kg Blanco",https://www.fravega.com/p/lavarropas-drean-concept-neo-fuzzy-6-5-kg-blanco-170702/,606999.0,599999.0,1,True
FRA-lavarropas-philco-11-kg-carga-frontal-in,Fravega,PHILCO,Lavado,Lavarropas Philco 11 Kg Carga Frontal Inverter Blanco PHLF117BN,https://www.fravega.com/p/lavarropas-philco-11-kg-carga-frontal-inverter-blanco-phlf117bn-990284577/,1319999.0,849999.0,1,True
FRA-lavarropas-electrolux-elac014s-carga-sup,Fravega,OTRAS,Lavado,"Lavarropas Electrolux ELAC014S Carga Superior Premiun Care 7,5 Kg Silver",https://www.fravega.com/p/lavarropas-electrolux-elac014s-carga-superior-premiun-care-7-5-kg-silver-170765/,799999.0,629999.0,1,True
FRA-lavavajillas-candy-6c4f1ps-12-inverter-1,Fravega,OTRAS,Lavado,Lavavajillas Candy 6C4F1PS-12 Inverter 16 Cubiertos Silver,https://www.fravega.com/p/lavavajillas-candy-6c4f1ps-12-inverter-16-cubiertos-silver-170571/,1899999.0,999999.0,1,True
FRA-secarropas-codini-advance-ad55-5-5kg-bla,Fravega,OTRAS,Lavado,Secarropas Codini Advance Ad55 - 5.5kg Blanco,https://www.fravega.com/p/secarropas-codini-advance-ad55-5-5kg-blanco-22802712/,279999.0,202999.0,1,True
FRA-lavarropas-philco-predicta-inverter-phlf,Fravega,PHILCO,Lavado,Lavarropas Philco Predicta Inverter PHLF8014PI2 8 Kg 1400 RPM,https://www.fravega.com/p/lavarropas-philco-predicta-inverter-phlf8014pi2-8-kg-1400-rpm-170584/,849999.0,749999.0,1,True
FRA-lavarropas-automatico-carga-superior-phi,Fravega,PHILCO,Lavado,Lavarropas Automático Carga Superior Philco 5 Kg 700 RPM PHLS67GN,https://www.fravega.com/p/lavarropas-automatico-carga-superior-philco-5-kg-700-rpm-phls67gn--170703/,499999.0,399999.0,1,True
FRA-lavarropas-carga-frontal-electrolux-8-5k,Fravega,OTRAS,Lavado,"Lavarropas Carga Frontal Electrolux 8,5kg blanco Inverter ELAF208W",https://www.fravega.com/p/lavarropas-carga-frontal-electrolux-8-5kg-blanco-inverter-elaf208w-990268583/,951110.0,699999.0,1,True
FRA-lavavajillas-admiral-ad-lvd1305se-13-cub,Fravega,OTRAS,Lavado,Lavavajillas Admiral AD-LVD1305SE 13 Cubiertos Inox,https://www.fravega.com/p/lavavajillas-admiral-ad-lvd1305se-13-cubiertos-inox-170467/,699999.0,549999.0,1,True
FRA-lavarropas-philco-94phlf6510p2-6-5-kg-10,Fravega,PHILCO,Lavado,"Lavarropas Philco 94PHLF6510P2 6,5 Kg 1000 RPM",https://www.fravega.com/p/lavarropas-philco-94phlf6510p2-6-5-kg-1000-rpm-170563/,719999.0,599999.0,1,True
FRA-lavarropas-lg-wm65gwvfs6-carga-frontal-i,Fravega,LG,Lavado,Lavarropas LG WM65GWVFS6 Carga Frontal Inverter 6.5kg  White,https://www.fravega.com/p/lavarropas-lg-wm65gwvfs6-carga-frontal-inverter-6-5kg-white-170672/,899999.0,679999.0,1,True
FRA-lavarropas-lg-wm65mvfs6-carga-frontal-in,Fravega,LG,Lavado,Lavarropas LG WM65MVFS6 Carga Frontal Inverter 6.5kg Black,https://www.fravega.com/p/lavarropas-lg-wm65mvfs6-carga-frontal-inverter-6-5kg-black-170673/,979999.0,749999.0,1,True
FRA-lavarropas-carga-superior-gafa-fuzzyfit-,Fravega,GAFA,Lavado,Lavarropas Carga Superior Gafa FuzzyFit 7kg Blanco,https://www.fravega.com/p/lavarropas-carga-superior-gafa-fuzzyfit-7kg-blanco-50029870/,686665.0,537999.0,1,True
FRA-lavarropas-automatico-inverter-drean-10-,Fravega,DREAN,Lavado,Lavarropas Automático Inverter Drean 10 Kg 1200 RPM LCFDR1012SB0,https://www.fravega.com/p/lavarropas-automatico-inverter-drean-10-kg-1200-rpm-lcfdr1012sb0-170650/,1099999.0,995474.21,1,True
FRA-lavarropas-automatico-inverter-drean-6kg,Fravega,DREAN,Lavado,Lavarropas Automático Inverter Drean 6Kg 800 RPM LCFDR0608LB0,https://www.fravega.com/p/lavarropas-automatico-inverter-drean-6kg-800-rpm-lcfdr0608lb0-170538/,699999.0,629999.0,1,True
FRA-lavarropas-carga-frontal-6-5kg-800-rpm-p,Fravega,PHILCO,Lavado,"Lavarropas Carga Frontal 6,5Kg 800 RPM Philco PHLF6510B2",https://www.fravega.com/p/lavarropas-carga-frontal-6-5kg-800-rpm-philco-phlf6510b2-170614/,719999.0,499999.0,1,True
FRA-lavarropas-whirlpool-carga-frontal-7kg-i,Fravega,WHIRLPOOL,Lavado,Lavarropas Whirlpool Carga Frontal 7kg Inverter Titanium,https://www.fravega.com/p/lavarropas-whirlpool-carga-frontal-7kg-inverter-titanium-170822/,1099999.0,799999.0,1,True
FRA-lavarropas-lg-wt11mvtb-carga-superior-in,Fravega,LG,Lavado,Lavarropas LG WT11MVTB Carga Superior Inverter 10.5kg Black,https://www.fravega.com/p/lavarropas-lg-wt11mvtb-carga-superior-inverter-10-5kg-black-170674/,1199999.0,799999.0,1,True
FRA-secarropas-centrifugo-drean-qv-6-5kg-281,Fravega,DREAN,Lavado,Secarropas Centrifugo Drean QV 6.5Kg,https://www.fravega.com/p/secarropas-centrifugo-drean-qv-6-5kg-281852/,243599.0,209999.0,1,True
FRA-secarropas-centrifugo-drean-qv-5-5kg-281,Fravega,DREAN,Lavado,Secarropas Centrifugo Drean QV 5.5Kg,https://www.fravega.com/p/secarropas-centrifugo-drean-qv-5-5kg-281791/,231549.0,199999.0,1,True
FRA-lavasecarropas-philco-inverter-phls128-2,Fravega,PHILCO,Lavado,Lavasecarropas Philco Inverter PHLS128-2GSN 12Kg 8Kg,https://www.fravega.com/p/lavasecarropas-philco-inverter-phls128-2gsn-12kg-8kg-170577/,1199999.0,1099999.0,1,True
FRA-lavasecarropas-smartlife-11-5kg-sl-wdi11,Fravega,OTRAS,Lavado,Lavasecarropas Smartlife 11.5KG SL-WDI11581400G Gris,https://www.fravega.com/p/lavasecarropas-smartlife-11-5kg-sl-wdi11581400g-gris-170564/,1299999.0,999999.0,1,True
FRA-lavarropas-automatico-carga-frontal-inve,Fravega,PHILCO,Lavado,Lavarropas Automático Carga Frontal Inverter Philco 6 Kg 1000 RPM PHLF61GN,https://www.fravega.com/p/lavarropas-automatico-carga-frontal-inverter-philco-6-kg-1000-rpm-phlf61gn-170701/,749999.0,549999.0,1,True
FRA-lavarropas-candy-ro1696dwh7-1-12-carga-f,Fravega,OTRAS,Lavado,Lavarropas Candy RO1696DWH7/1-12 Carga Frontal Inverter 9kg,https://www.fravega.com/p/lavarropas-candy-ro1696dwh7-1-12-carga-frontal-inverter-9kg-170420/,1499999.0,799999.0,1,True
FRA-lavasecarropas-carga-frontal-inverter-11,Fravega,DREAN,Lavado,Lavasecarropas Carga Frontal Inverter 11 Kg Drean Lscdr1106i,https://www.fravega.com/p/lavasecarropas-carga-frontal-inverter-11-kg-drean-lscdr1106i-990049574/,1754999.0,949999.0,1,True
FRA-lavasecarropas-automatico-carga-frontal-,Fravega,MIDEA,Lavado,Lavasecarropas Automático Carga Frontal Inverter Midea 8Kg 6Kg 1400 RPM MF200D80WB/T,https://www.fravega.com/p/lavasecarropas-automatico-carga-frontal-inverter-midea-8kg-6kg-1400-rpm-mf200d80wb-t-170712/,1199999.0,849999.0,1,True
FRA-lavarropas-midea-carga-frontal-inverter-,Fravega,MIDEA,Lavado,Lavarropas Midea Carga Frontal Inverter Wi-Fi 8kg 1400rpm MF200 Titanium,https://www.fravega.com/p/lavarropas-midea-carga-frontal-inverter-wi-fi-8kg-1400rpm-mf200-titanium-170549/,939999.0,699999.0,1,True
FRA-lavarropas-carga-superior-gafa-digifit-6,Fravega,GAFA,Lavado,"Lavarropas Carga Superior Gafa DigiFit 6,5kg Blanco",https://www.fravega.com/p/lavarropas-carga-superior-gafa-digifit-6-5kg-blanco-50029845/,646110.0,488999.0,1,True
FRA-lavarropas-carga-frontal-electrolux-inve,Fravega,OTRAS,Lavado,Lavarropas Carga Frontal Electrolux Inverter ELAF210B 10 Kg,https://www.fravega.com/p/lavarropas-carga-frontal-electrolux-inverter-elaf210b-10-kg-170410/,1142999.0,999999.0,1,True
FRA-lavarropas-gadnic-6-kg-inverter-1000-rpm,Fravega,OTRAS,Lavado,Lavarropas Gadnic 6 kg Inverter 1000 RPM 14 Programas 1850W Clase A Gris,https://www.fravega.com/p/lavarropas-gadnic-6-kg-inverter-1000-rpm-14-programas-1850w-clase-a-gris-990287800/,740999.0,569999.0,1,True
FRA-lavarropas-whirlpool-carga-frontal-7kg-i,Fravega,WHIRLPOOL,Lavado,Lavarropas Whirlpool Carga Frontal 7kg Inverter Blanco,https://www.fravega.com/p/lavarropas-whirlpool-carga-frontal-7kg-inverter-blanco-170823/,1699999.0,769999.0,1,True
FRA-secarropas-candy-c9tbe-12-smartpro-9kg-2,Fravega,OTRAS,Lavado,Secarropas Candy C9TBE-12 SmartPro 9kg,https://www.fravega.com/p/secarropas-candy-c9tbe-12-smartpro-9kg-280116/,1159999.0,799999.0,1,True
FRA-lavasecarropas-philco-11-6-kg-carga-fron,Fravega,PHILCO,Lavado,Lavasecarropas Philco 11/6 Kg Carga Frontal Inverter Gris PHLS116-7GN,https://www.fravega.com/p/lavasecarropas-philco-11-6-kg-carga-frontal-inverter-gris-phls116-7gn-990286682/,1319999.0,949999.0,1,True
FRA-lavarropas-drean-concept-neo-fuzzy-6-5-k,Fravega,DREAN,Lavado,"Lavarropas Drean Concept Neo Fuzzy 6,5 Kg Blanco",https://www.fravega.com/p/lavarropas-drean-concept-neo-fuzzy-6-5-kg-blanco-170702/,606999.0,599999.0,1,True
FRA-lavarropas-philco-11-kg-carga-frontal-in,Fravega,PHILCO,Lavado,Lavarropas Philco 11 Kg Carga Frontal Inverter Blanco PHLF117BN,https://www.fravega.com/p/lavarropas-philco-11-kg-carga-frontal-inverter-blanco-phlf117bn-990284577/,1319999.0,849999.0,1,True
FRA-lavarropas-electrolux-elac014s-carga-sup,Fravega,OTRAS,Lavado,"Lavarropas Electrolux ELAC014S Carga Superior Premiun Care 7,5 Kg Silver",https://www.fravega.com/p/lavarropas-electrolux-elac014s-carga-superior-premiun-care-7-5-kg-silver-170765/,799999.0,629999.0,1,True
FRA-lavavajillas-candy-6c4f1ps-12-inverter-1,Fravega,OTRAS,Lavado,Lavavajillas Candy 6C4F1PS-12 Inverter 16 Cubiertos Silver,https://www.fravega.com/p/lavavajillas-candy-6c4f1ps-12-inverter-16-cubiertos-silver-170571/,1899999.0,999999.0,1,True
FRA-secarropas-codini-advance-ad55-5-5kg-bla,Fravega,OTRAS,Lavado,Secarropas Codini Advance Ad55 - 5.5kg Blanco,https://www.fravega.com/p/secarropas-codini-advance-ad55-5-5kg-blanco-22802712/,279999.0,202999.0,1,True
FRA-lavarropas-philco-predicta-inverter-phlf,Fravega,PHILCO,Lavado,Lavarropas Philco Predicta Inverter PHLF8014PI2 8 Kg 1400 RPM,https://www.fravega.com/p/lavarropas-philco-predicta-inverter-phlf8014pi2-8-kg-1400-rpm-170584/,849999.0,749999.0,1,True
FRA-lavarropas-automatico-carga-superior-phi,Fravega,PHILCO,Lavado,Lavarropas Automático Carga Superior Philco 5 Kg 700 RPM PHLS67GN,https://www.fravega.com/p/lavarropas-automatico-carga-superior-philco-5-kg-700-rpm-phls67gn--170703/,499999.0,399999.0,1,True
FRA-lavarropas-carga-frontal-electrolux-8-5k,Fravega,OTRAS,Lavado,"Lavarropas Carga Frontal Electrolux 8,5kg blanco Inverter ELAF208W",https://www.fravega.com/p/lavarropas-carga-frontal-electrolux-8-5kg-blanco-inverter-elaf208w-990268583/,951110.0,699999.0,1,True
FRA-lavavajillas-admiral-ad-lvd1305se-13-cub,Fravega,OTRAS,Lavado,Lavavajillas Admiral AD-LVD1305SE 13 Cubiertos Inox,https://www.fravega.com/p/lavavajillas-admiral-ad-lvd1305se-13-cubiertos-inox-170467/,699999.0,549999.0,1,True
FRA-lavarropas-automatico-electrolux-8-5-kg-,Fravega,OTRAS,Lavado,"Lavarropas Automático Electrolux 8,5 Kg ELAF208S",https://www.fravega.com/p/lavarropas-automatico-electrolux-8-5-kg-elaf208s-170562/,1099999.0,769999.0,1,True
FRA-secarropas-centrifugo-koh-i-noor-c-755-2,Fravega,OTRAS,Lavado,Secarropas Centrifugo KOH-I-NOOR C-755/2 5.5Kg,https://www.fravega.com/p/secarropas-centrifugo-koh-i-noor-c-755-2-5-5kg-280017/,269999.0,229999.0,1,True
FRA-lavarropas-midea-carga-frontal-inverter-,Fravega,MIDEA,Lavado,Lavarropas Midea Carga Frontal Inverter Wi-Fi 8kg 1400rpm MF200 Blanco,https://www.fravega.com/p/lavarropas-midea-carga-frontal-inverter-wi-fi-8kg-1400rpm-mf200-blanco-170548/,894999.0,649999.0,1,True
FRA-lavarropas-lg-wt11wvtb-carga-superior-in,Fravega,LG,Lavado,Lavarropas LG WT11WVTB Carga Superior Inverter 10.5kg White,https://www.fravega.com/p/lavarropas-lg-wt11wvtb-carga-superior-inverter-10-5kg-white-170675/,1099999.0,729999.0,1,True
FRA-lavarropas-kanji-kjh-wmcvsl6k-carga-supe,Fravega,OTRAS,Lavado,Lavarropas Kanji KJH-WMCVSL6K Carga Superior 4kg,https://www.fravega.com/p/lavarropas-kanji-kjh-wmcvsl6k-carga-superior-4kg-170433/,659999.0,299999.0,1,True
FRA-lavarropas-semiautomatico-carga-superior,Fravega,DREAN,Lavado,Lavarropas Semiautomático Carga Superior Drean LTDR87SB0 8Kg,https://www.fravega.com/p/lavarropas-semiautomatico-carga-superior-drean-ltdr87sb0-8kg-170787/,324999.0,291999.0,1,True
FRA-lavarropas-smartlife-6k-sl-wmi061000w--1,Fravega,OTRAS,Lavado,Lavarropas Smartlife 6K SL-WMI061000W,https://www.fravega.com/p/lavarropas-smartlife-6k-sl-wmi061000w--170429/,639999.0,519999.0,1,True
FRA-lavarropas-automatico-inverter-drean-6kg,Fravega,DREAN,Lavado,Lavarropas Automático Inverter Drean 6Kg 1000 RPM LCFDR0610LB0,https://www.fravega.com/p/lavarropas-automatico-inverter-drean-6kg-1000-rpm-lcfdr0610lb0-170579/,729999.0,699999.0,1,True
FRA-lavasecarropas-samsung-inverter-9-5kg-wd,Fravega,SAMSUNG,Lavado,"Lavasecarropas Samsung Inverter 9,5kg WD95A4453BX",https://www.fravega.com/p/lavasecarropas-samsung-inverter-9-5kg-wd95a4453bx-170459/,1899999.0,1570247.11,1,True
FRA-lavarropas-midea-carga-frontal-6kg-1000r,Fravega,MIDEA,Lavado,Lavarropas Midea Carga Frontal 6kg 1000rpm MF100 Titanium,https://www.fravega.com/p/lavarropas-midea-carga-frontal-6kg-1000rpm-mf100-titanium-170550/,819999.0,549999.0,1,True
FRA-secarropas-candy-9kg-roe-c9tcerx-12-2801,Fravega,OTRAS,Lavado,Secarropas Candy 9KG Roe C9TCERX-12,https://www.fravega.com/p/secarropas-candy-9kg-roe-c9tcerx-12-280127/,1259999.0,899999.0,1,True
FRA-lavasecarropas-philco-inverter-phls128-2,Fravega,PHILCO,Lavado,Lavasecarropas Philco Inverter PHLS128-2GSN 12Kg 8Kg,https://www.fravega.com/p/lavasecarropas-philco-inverter-phls128-2gsn-12kg-8kg-170577/,1199999.0,1099999.0,1,True
FRA-lavasecarropas-smartlife-11-5kg-sl-wdi11,Fravega,OTRAS,Lavado,Lavasecarropas Smartlife 11.5KG SL-WDI11581400G Gris,https://www.fravega.com/p/lavasecarropas-smartlife-11-5kg-sl-wdi11581400g-gris-170564/,1299999.0,999999.0,1,True
FRA-lavarropas-automatico-carga-frontal-inve,Fravega,PHILCO,Lavado,Lavarropas Automático Carga Frontal Inverter Philco 6 Kg 1000 RPM PHLF61GN,https://www.fravega.com/p/lavarropas-automatico-carga-frontal-inverter-philco-6-kg-1000-rpm-phlf61gn-170701/,749999.0,549999.0,1,True
FRA-lavarropas-candy-ro1696dwh7-1-12-carga-f,Fravega,OTRAS,Lavado,Lavarropas Candy RO1696DWH7/1-12 Carga Frontal Inverter 9kg,https://www.fravega.com/p/lavarropas-candy-ro1696dwh7-1-12-carga-frontal-inverter-9kg-170420/,1499999.0,799999.0,1,True
FRA-lavasecarropas-carga-frontal-inverter-11,Fravega,DREAN,Lavado,Lavasecarropas Carga Frontal Inverter 11 Kg Drean Lscdr1106i,https://www.fravega.com/p/lavasecarropas-carga-frontal-inverter-11-kg-drean-lscdr1106i-990049574/,1754999.0,949999.0,1,True
FRA-lavasecarropas-automatico-carga-frontal-,Fravega,MIDEA,Lavado,Lavasecarropas Automático Carga Frontal Inverter Midea 8Kg 6Kg 1400 RPM MF200D80WB/T,https://www.fravega.com/p/lavasecarropas-automatico-carga-frontal-inverter-midea-8kg-6kg-1400-rpm-mf200d80wb-t-170712/,1199999.0,849999.0,1,True
FRA-lavarropas-midea-carga-frontal-inverter-,Fravega,MIDEA,Lavado,Lavarropas Midea Carga Frontal Inverter Wi-Fi 8kg 1400rpm MF200 Titanium,https://www.fravega.com/p/lavarropas-midea-carga-frontal-inverter-wi-fi-8kg-1400rpm-mf200-titanium-170549/,939999.0,699999.0,1,True
FRA-lavarropas-carga-superior-gafa-digifit-6,Fravega,GAFA,Lavado,"Lavarropas Carga Superior Gafa DigiFit 6,5kg Blanco",https://www.fravega.com/p/lavarropas-carga-superior-gafa-digifit-6-5kg-blanco-50029845/,646110.0,488999.0,1,True
FRA-lavarropas-carga-frontal-electrolux-inve,Fravega,OTRAS,Lavado,Lavarropas Carga Frontal Electrolux Inverter ELAF210B 10 Kg,https://www.fravega.com/p/lavarropas-carga-frontal-electrolux-inverter-elaf210b-10-kg-170410/,1142999.0,999999.0,1,True
FRA-lavarropas-gadnic-6-kg-inverter-1000-rpm,Fravega,OTRAS,Lavado,Lavarropas Gadnic 6 kg Inverter 1000 RPM 14 Programas 1850W Clase A Gris,https://www.fravega.com/p/lavarropas-gadnic-6-kg-inverter-1000-rpm-14-programas-1850w-clase-a-gris-990287800/,740999.0,569999.0,1,True
FRA-lavarropas-whirlpool-carga-frontal-7kg-i,Fravega,WHIRLPOOL,Lavado,Lavarropas Whirlpool Carga Frontal 7kg Inverter Blanco,https://www.fravega.com/p/lavarropas-whirlpool-carga-frontal-7kg-inverter-blanco-170823/,1699999.0,769999.0,1,True
FRA-secarropas-candy-c9tbe-12-smartpro-9kg-2,Fravega,OTRAS,Lavado,Secarropas Candy C9TBE-12 SmartPro 9kg,https://www.fravega.com/p/secarropas-candy-c9tbe-12-smartpro-9kg-280116/,1159999.0,799999.0,1,True
FRA-lavasecarropas-philco-11-6-kg-carga-fron,Fravega,PHILCO,Lavado,Lavasecarropas Philco 11/6 Kg Carga Frontal Inverter Gris PHLS116-7GN,https://www.fravega.com/p/lavasecarropas-philco-11-6-kg-carga-frontal-inverter-gris-phls116-7gn-990286682/,1319999.0,949999.0,1,True
FRA-lavarropas-drean-concept-neo-fuzzy-6-5-k,Fravega,DREAN,Lavado,"Lavarropas Drean Concept Neo Fuzzy 6,5 Kg Blanco",https://www.fravega.com/p/lavarropas-drean-concept-neo-fuzzy-6-5-kg-blanco-170702/,606999.0,599999.0,1,True
FRA-lavarropas-philco-11-kg-carga-frontal-in,Fravega,PHILCO,Lavado,Lavarropas Philco 11 Kg Carga Frontal Inverter Blanco PHLF117BN,https://www.fravega.com/p/lavarropas-philco-11-kg-carga-frontal-inverter-blanco-phlf117bn-990284577/,1319999.0,849999.0,1,True
FRA-lavarropas-electrolux-elac014s-carga-sup,Fravega,OTRAS,Lavado,"Lavarropas Electrolux ELAC014S Carga Superior Premiun Care 7,5 Kg Silver",https://www.fravega.com/p/lavarropas-electrolux-elac014s-carga-superior-premiun-care-7-5-kg-silver-170765/,799999.0,629999.0,1,True
FRA-lavavajillas-candy-6c4f1ps-12-inverter-1,Fravega,OTRAS,Lavado,Lavavajillas Candy 6C4F1PS-12 Inverter 16 Cubiertos Silver,https://www.fravega.com/p/lavavajillas-candy-6c4f1ps-12-inverter-16-cubiertos-silver-170571/,1899999.0,999999.0,1,True
FRA-secarropas-codini-advance-ad55-5-5kg-bla,Fravega,OTRAS,Lavado,Secarropas Codini Advance Ad55 - 5.5kg Blanco,https://www.fravega.com/p/secarropas-codini-advance-ad55-5-5kg-blanco-22802712/,279999.0,202999.0,1,True
FRA-lavarropas-philco-predicta-inverter-phlf,Fravega,PHILCO,Lavado,Lavarropas Philco Predicta Inverter PHLF8014PI2 8 Kg 1400 RPM,https://www.fravega.com/p/lavarropas-philco-predicta-inverter-phlf8014pi2-8-kg-1400-rpm-170584/,849999.0,749999.0,1,True
FRA-lavarropas-automatico-carga-superior-phi,Fravega,PHILCO,Lavado,Lavarropas Automático Carga Superior Philco 5 Kg 700 RPM PHLS67GN,https://www.fravega.com/p/lavarropas-automatico-carga-superior-philco-5-kg-700-rpm-phls67gn--170703/,499999.0,399999.0,1,True
FRA-lavarropas-carga-frontal-electrolux-8-5k,Fravega,OTRAS,Lavado,"Lavarropas Carga Frontal Electrolux 8,5kg blanco Inverter ELAF208W",https://www.fravega.com/p/lavarropas-carga-frontal-electrolux-8-5kg-blanco-inverter-elaf208w-990268583/,951110.0,699999.0,1,True
FRA-lavavajillas-admiral-ad-lvd1305se-13-cub,Fravega,OTRAS,Lavado,Lavavajillas Admiral AD-LVD1305SE 13 Cubiertos Inox,https://www.fravega.com/p/lavavajillas-admiral-ad-lvd1305se-13-cubiertos-inox-170467/,699999.0,549999.0,1,True
FRA-lavarropas-inverter-carga-frontal-6kg-te,Fravega,OTRAS,Lavado,Lavarropas Inverter Carga Frontal 6Kg Telefunken TFK-WMCFWT,https://www.fravega.com/p/lavarropas-inverter-carga-frontal-6kg-telefunken-tfk-wmcfwt-170810/,699999.0,399999.0,1,True
FRA-lavarropas-candy-tca273d2-12-carga-super,Fravega,OTRAS,Lavado,Lavarropas Candy TCA273D2-12 Carga Superior Prowash 300 7 Kg 1200 RPM,https://www.fravega.com/p/lavarropas-candy-tca273d2-12-carga-superior-prowash-300-7-kg-1200-rpm-170795/,839999.0,694214.05,1,True
FRA-lavarropas-carga-frontal-inverter-whirlp,Fravega,WHIRLPOOL,Lavado,Lavarropas Carga Frontal Inverter Whirlpool 9kg 1400rpm WNQ90AS Gris,https://www.fravega.com/p/lavarropas-carga-frontal-inverter-whirlpool-9kg-1400rpm-wnq90as-gris-170446/,1249999.0,1149999.0,1,True
FRA-lavarropas-carga-superior-gafa-digifit-6,Fravega,GAFA,Lavado,"Lavarropas Carga Superior Gafa DigiFit 6,5kg Plata",https://www.fravega.com/p/lavarropas-carga-superior-gafa-digifit-6-5kg-plata-50029862/,666110.0,485999.0,1,True
FRA-lavarropas-hisense-wf3s1043bw-10-5-kg-17,Fravega,HISENSE,Lavado,"Lavarropas Hisense WF3S1043BW 10,5 Kg",https://www.fravega.com/p/lavarropas-hisense-wf3s1043bw-10-5-kg-170808/,889999.0,699999.0,1,True
FRA-secarropas-whirlpool-por-calor-7-kg-1000,Fravega,WHIRLPOOL,Lavado,Secarropas Whirlpool Por Calor 7 KG,https://www.fravega.com/p/secarropas-whirlpool-por-calor-7-kg-10009364/,869999.0,819999.0,1,True
FRA-lavarropas-hisense-wf3s8043bw-8-kg-bco-1,Fravega,HISENSE,Lavado,Lavarropas Hisense WF3S8043BW 8 Kg BCO,https://www.fravega.com/p/lavarropas-hisense-wf3s8043bw-8-kg-bco-170809/,1899999.0,699999.0,1,True
FRA-lavarropas-midea-carga-frontal-6kg-1000r,Fravega,MIDEA,Lavado,Lavarropas Midea Carga Frontal 6kg 1000rpm MF100 White,https://www.fravega.com/p/lavarropas-midea-carga-frontal-6kg-1000rpm-mf100-white-170551/,779999.0,529999.0,1,True
FRA-lavarropas-carga-frontal-electrolux-7kg-,Fravega,OTRAS,Lavado,Lavarropas Carga Frontal Electrolux 7kg blanco Inverter ELAF207W,https://www.fravega.com/p/lavarropas-carga-frontal-electrolux-7kg-blanco-inverter-elaf207w-990268582/,833332.0,649999.0,1,True
FRA-secarropas-centrifugo-koh-i-noor-a-665-2,Fravega,OTRAS,Lavado,"Secarropas Centrifugo KOH-I-NOOR A-665/2 6,5 Kg",https://www.fravega.com/p/secarropas-centrifugo-koh-i-noor-a-665-2-6-5-kg-280026/,371999.0,319999.0,1,True
FRA-secarropas-centrifugo-koh-i-noor-b-665-2,Fravega,OTRAS,Lavado,"Secarropas Centrifugo KOH-I-NOOR B-665/2 6,5 Kg",https://www.fravega.com/p/secarropas-centrifugo-koh-i-noor-b-665-2-6-5-kg-280029/,335999.0,245999.0,1,True
FRA-secarropas-por-calor-de-pared-rebatible-,Fravega,OTRAS,Lavado,Secarropas por calor de pared rebatible Columbia SCP 6000,https://www.fravega.com/p/secarropas-por-calor-de-pared-rebatible-columbia-scp-6000-50021781/,249900.0,199900.0,1,True
FRA-lavarropas-admiral-ad-lv61000uw-carga-fr,Fravega,OTRAS,Lavado,Lavarropas Admiral AD-LV61000UW Carga Frontal Inverter 6kg,https://www.fravega.com/p/lavarropas-admiral-ad-lv61000uw-carga-frontal-inverter-6kg-170502/,639999.0,459999.0,1,True
FRA-secarropas-centrifugo-codini-advance-ad6,Fravega,OTRAS,Lavado,Secarropas Centrífugo Codini Advance AD65 Blanco 2800 RPM,https://www.fravega.com/p/secarropas-centrifugo-codini-advance-ad65-blanco-2800-rpm-289175/,236999.0,189999.0,1,True
FRA-lavasecarropas-carga-frontal-inverter-mi,Fravega,MIDEA,Lavado,Lavasecarropas Carga Frontal Inverter Midea 12kg 8Kg 1400rpm MF200D120B/T-A1,https://www.fravega.com/p/lavasecarropas-carga-frontal-inverter-midea-12kg-8kg-1400rpm-mf200d120b-t-a1-170500/,1699999.0,1199999.0,1,True
FRA-lavasecarropas-philco-inverter-phls128-2,Fravega,PHILCO,Lavado,Lavasecarropas Philco Inverter PHLS128-2GSN 12Kg 8Kg,https://www.fravega.com/p/lavasecarropas-philco-inverter-phls128-2gsn-12kg-8kg-170577/,1199999.0,1099999.0,1,True
FRA-lavasecarropas-smartlife-11-5kg-sl-wdi11,Fravega,OTRAS,Lavado,Lavasecarropas Smartlife 11.5KG SL-WDI11581400G Gris,https://www.fravega.com/p/lavasecarropas-smartlife-11-5kg-sl-wdi11581400g-gris-170564/,1299999.0,999999.0,1,True
FRA-lavarropas-automatico-carga-frontal-inve,Fravega,PHILCO,Lavado,Lavarropas Automático Carga Frontal Inverter Philco 6 Kg 1000 RPM PHLF61GN,https://www.fravega.com/p/lavarropas-automatico-carga-frontal-inverter-philco-6-kg-1000-rpm-phlf61gn-170701/,749999.0,549999.0,1,True
FRA-lavarropas-candy-ro1696dwh7-1-12-carga-f,Fravega,OTRAS,Lavado,Lavarropas Candy RO1696DWH7/1-12 Carga Frontal Inverter 9kg,https://www.fravega.com/p/lavarropas-candy-ro1696dwh7-1-12-carga-frontal-inverter-9kg-170420/,1499999.0,799999.0,1,True
FRA-lavasecarropas-carga-frontal-inverter-11,Fravega,DREAN,Lavado,Lavasecarropas Carga Frontal Inverter 11 Kg Drean Lscdr1106i,https://www.fravega.com/p/lavasecarropas-carga-frontal-inverter-11-kg-drean-lscdr1106i-990049574/,1754999.0,949999.0,1,True
FRA-lavasecarropas-automatico-carga-frontal-,Fravega,MIDEA,Lavado,Lavasecarropas Automático Carga Frontal Inverter Midea 8Kg 6Kg 1400 RPM MF200D80WB/T,https://www.fravega.com/p/lavasecarropas-automatico-carga-frontal-inverter-midea-8kg-6kg-1400-rpm-mf200d80wb-t-170712/,1199999.0,849999.0,1,True
FRA-lavarropas-midea-carga-frontal-inverter-,Fravega,MIDEA,Lavado,Lavarropas Midea Carga Frontal Inverter Wi-Fi 8kg 1400rpm MF200 Titanium,https://www.fravega.com/p/lavarropas-midea-carga-frontal-inverter-wi-fi-8kg-1400rpm-mf200-titanium-170549/,939999.0,699999.0,1,True
FRA-lavarropas-carga-superior-gafa-digifit-6,Fravega,GAFA,Lavado,"Lavarropas Carga Superior Gafa DigiFit 6,5kg Blanco",https://www.fravega.com/p/lavarropas-carga-superior-gafa-digifit-6-5kg-blanco-50029845/,646110.0,488999.0,1,True
FRA-lavarropas-carga-frontal-electrolux-inve,Fravega,OTRAS,Lavado,Lavarropas Carga Frontal Electrolux Inverter ELAF210B 10 Kg,https://www.fravega.com/p/lavarropas-carga-frontal-electrolux-inverter-elaf210b-10-kg-170410/,1142999.0,999999.0,1,True
FRA-lavarropas-gadnic-6-kg-inverter-1000-rpm,Fravega,OTRAS,Lavado,Lavarropas Gadnic 6 kg Inverter 1000 RPM 14 Programas 1850W Clase A Gris,https://www.fravega.com/p/lavarropas-gadnic-6-kg-inverter-1000-rpm-14-programas-1850w-clase-a-gris-990287800/,740999.0,569999.0,1,True
FRA-lavarropas-whirlpool-carga-frontal-7kg-i,Fravega,WHIRLPOOL,Lavado,Lavarropas Whirlpool Carga Frontal 7kg Inverter Blanco,https://www.fravega.com/p/lavarropas-whirlpool-carga-frontal-7kg-inverter-blanco-170823/,1699999.0,769999.0,1,True
FRA-secarropas-candy-c9tbe-12-smartpro-9kg-2,Fravega,OTRAS,Lavado,Secarropas Candy C9TBE-12 SmartPro 9kg,https://www.fravega.com/p/secarropas-candy-c9tbe-12-smartpro-9kg-280116/,1159999.0,799999.0,1,True
FRA-lavasecarropas-philco-11-6-kg-carga-fron,Fravega,PHILCO,Lavado,Lavasecarropas Philco 11/6 Kg Carga Frontal Inverter Gris PHLS116-7GN,https://www.fravega.com/p/lavasecarropas-philco-11-6-kg-carga-frontal-inverter-gris-phls116-7gn-990286682/,1319999.0,949999.0,1,True
FRA-lavarropas-drean-concept-neo-fuzzy-6-5-k,Fravega,DREAN,Lavado,"Lavarropas Drean Concept Neo Fuzzy 6,5 Kg Blanco",https://www.fravega.com/p/lavarropas-drean-concept-neo-fuzzy-6-5-kg-blanco-170702/,606999.0,599999.0,1,True
FRA-lavarropas-philco-11-kg-carga-frontal-in,Fravega,PHILCO,Lavado,Lavarropas Philco 11 Kg Carga Frontal Inverter Blanco PHLF117BN,https://www.fravega.com/p/lavarropas-philco-11-kg-carga-frontal-inverter-blanco-phlf117bn-990284577/,1319999.0,849999.0,1,True
FRA-lavarropas-electrolux-elac014s-carga-sup,Fravega,OTRAS,Lavado,"Lavarropas Electrolux ELAC014S Carga Superior Premiun Care 7,5 Kg Silver",https://www.fravega.com/p/lavarropas-electrolux-elac014s-carga-superior-premiun-care-7-5-kg-silver-170765/,799999.0,629999.0,1,True
FRA-lavavajillas-candy-6c4f1ps-12-inverter-1,Fravega,OTRAS,Lavado,Lavavajillas Candy 6C4F1PS-12 Inverter 16 Cubiertos Silver,https://www.fravega.com/p/lavavajillas-candy-6c4f1ps-12-inverter-16-cubiertos-silver-170571/,1899999.0,999999.0,1,True
FRA-secarropas-codini-advance-ad55-5-5kg-bla,Fravega,OTRAS,Lavado,Secarropas Codini Advance Ad55 - 5.5kg Blanco,https://www.fravega.com/p/secarropas-codini-advance-ad55-5-5kg-blanco-22802712/,279999.0,202999.0,1,True
FRA-lavarropas-philco-predicta-inverter-phlf,Fravega,PHILCO,Lavado,Lavarropas Philco Predicta Inverter PHLF8014PI2 8 Kg 1400 RPM,https://www.fravega.com/p/lavarropas-philco-predicta-inverter-phlf8014pi2-8-kg-1400-rpm-170584/,849999.0,749999.0,1,True
FRA-lavarropas-automatico-carga-superior-phi,Fravega,PHILCO,Lavado,Lavarropas Automático Carga Superior Philco 5 Kg 700 RPM PHLS67GN,https://www.fravega.com/p/lavarropas-automatico-carga-superior-philco-5-kg-700-rpm-phls67gn--170703/,499999.0,399999.0,1,True
FRA-lavarropas-carga-frontal-electrolux-8-5k,Fravega,OTRAS,Lavado,"Lavarropas Carga Frontal Electrolux 8,5kg blanco Inverter ELAF208W",https://www.fravega.com/p/lavarropas-carga-frontal-electrolux-8-5kg-blanco-inverter-elaf208w-990268583/,951110.0,699999.0,1,True
FRA-lavavajillas-admiral-ad-lvd1305se-13-cub,Fravega,OTRAS,Lavado,Lavavajillas Admiral AD-LVD1305SE 13 Cubiertos Inox,https://www.fravega.com/p/lavavajillas-admiral-ad-lvd1305se-13-cubiertos-inox-170467/,699999.0,549999.0,1,True
FRA-lavavajillas-midea-de-312sar1-12c-170374,Fravega,MIDEA,Lavado,Lavavajillas Midea DE-312SAR1 12C,https://www.fravega.com/p/lavavajillas-midea-de-312sar1-12c-170374/,1099999.0,649999.0,1,True
FRA-lavasecarropas-kanji-xpb55-655sp-semi-au,Fravega,OTRAS,Lavado,Lavasecarropas Kanji XPB55-655SP Semi Automático 5/4.5kg,https://www.fravega.com/p/lavasecarropas-kanji-xpb55-655sp-semi-automatico-5-4-5kg-170690/,399999.0,239999.0,1,True
FRA-lavarropas-enova-carga-superior-6-kg-bla,Fravega,OTRAS,Lavado,Lavarropas Enova carga superior 6 kg Blanco,https://www.fravega.com/p/lavarropas-enova-carga-superior-6-kg-blanco-22610125/,588234.12,499999.0,1,True
FRA-lavarropas-semiautomatico-codini-4051-10,Fravega,OTRAS,Lavado,Lavarropas Semiautomatico Codini 4051 10KG,https://www.fravega.com/p/lavarropas-semiautomatico-codini-4051-10kg-170055/,229999.0,199999.0,1,True
FRA-lavarropas-carga-frontal-9-5kg-1400-rpm-,Fravega,SAMSUNG,Lavado,Lavarropas Carga Frontal 9.5Kg 1400 RPM Samsung WW95AA046BWU,https://www.fravega.com/p/lavarropas-carga-frontal-9-5kg-1400-rpm-samsung-ww95aa046bwu-170401/,1319999.0,1090908.26,1,True
FRA-lavarropas-automatico-carga-frontal-gafa,Fravega,GAFA,Lavado,Lavarropas Automático Carga Frontal Gafa 6Kg 1000 RPM,https://www.fravega.com/p/lavarropas-automatico-carga-frontal-gafa-6kg-1000-rpm-170965/,629999.0,549999.0,1,True
FRA-lavavajilla-drean-lvdr1306ci-13c-inoxida,Fravega,DREAN,Lavado,Lavavajilla Drean LVDR1306CI 13C Inoxidable,https://www.fravega.com/p/lavavajilla-drean-lvdr1306ci-13c-inoxidable-170637/,875499.0,849999.0,1,True
FRA-lavarropas-inverter-smartlife-11-5-kg-14,Fravega,OTRAS,Lavado,Lavarropas Inverter Smartlife 11.5 Kg 1400 RPM SL-WMI1151400GW,https://www.fravega.com/p/lavarropas-inverter-smartlife-11-5-kg-1400-rpm-sl-wmi1151400gw-170729/,1049999.0,749999.0,1,True
FRA-lavarropas-bgh-inverter-carga-frontal-9k,Fravega,BGH,Lavado,Lavarropas BGH Inverter Carga Frontal 9kg 1400 RPM Blanco BWFS09S25AR,https://www.fravega.com/p/lavarropas-bgh-inverter-carga-frontal-9kg-1400-rpm-blanco-bwfs09s25ar-170827/,999999.0,899999.0,1,True
FRA-lavarropas-automatico-electrolux-7-kg-12,Fravega,OTRAS,Lavado,Lavarropas Automático Electrolux 7 Kg 1200 RPM ELAF207W,https://www.fravega.com/p/lavarropas-automatico-electrolux-7-kg-1200-rpm-elaf207w-170560/,749999.0,649999.0,1,True
FRA-secarropa-codini-innova-verde-6-5kg-2231,Fravega,OTRAS,Lavado,Secarropa Codini Innova Verde 6.5kg,https://www.fravega.com/p/secarropa-codini-innova-verde-6-5kg-22318375/,269999.0,204999.0,1,True
FRA-lavasecarropas-automatico-carga-frontal-,Fravega,MIDEA,Lavado,Lavasecarropas Automático Carga Frontal Inverter Midea 8Kg 6Kg 1400 RPM MF200D80WB/W,https://www.fravega.com/p/lavasecarropas-automatico-carga-frontal-inverter-midea-8kg-6kg-1400-rpm-mf200d80wb-w-170658/,1149999.0,819999.0,1,True
FRA-lavarropas-inverter-samsung-ww65a4000eeu,Fravega,SAMSUNG,Lavado,"Lavarropas Inverter Samsung WW65A4000EEU 6,5KG Blanco",https://www.fravega.com/p/lavarropas-inverter-samsung-ww65a4000eeu-6-5kg-blanco-170405/,899999.0,743800.83,1,True
FRA-lavarropas-samsung-wa75c5441bwubg-7-5kg-,Fravega,SAMSUNG,Lavado,"Lavarropas Samsung WA75C5441BWUBG 7,5KG Blanco",https://www.fravega.com/p/lavarropas-samsung-wa75c5441bwubg-7-5kg-blanco-170416/,999999.0,759999.0,1,True
FRA-aire-acondicionado-noblex-nxs32ha4cn-290,Fravega,NOBLEX,Aires Acondicionados,Aire Acondicionado Noblex NXS32HA4CN 2900F 3400W,https://www.fravega.com/p/aire-acondicionado-noblex-nxs32ha4cn-2900f-3400w-21160/,699999.0,569999.0,1,True
FRA-aire-acondicionado-siam-sms32ha4cn-2900f,Fravega,OTRAS,Aires Acondicionados,Aire Acondicionado Siam SMS32HA4CN 2900F 3400W,https://www.fravega.com/p/aire-acondicionado-siam-sms32ha4cn-2900f-3400w-21100/,699999.0,499999.0,1,True
FRA-split-comfee-inverter-r-32-3096-kcal-h-f,Fravega,OTRAS,Aires Acondicionados,Split Comfee Inverter R-32 3096 kCal/h Frío Calor,https://www.fravega.com/p/split-comfee-inverter-r-32-3096-kcal-h-frio-calor-990175069/,1143999.0,579999.0,1,True
FRA-aire-acondicionado-surrey-split-inverter,Fravega,SURREY,Aires Acondicionados,Aire Acondicionado Surrey Split Inverter 3096FC 553NIQ12KN81F,https://www.fravega.com/p/aire-acondicionado-surrey-split-inverter-3096fc-553niq12kn81f-20901/,1099999.0,799999.0,1,True
FRA-caloventor-liliana-cfh420-2000w-130894,Fravega,LILIANA,Aires Acondicionados,Caloventor Liliana CFH420 2000W,https://www.fravega.com/p/caloventor-liliana-cfh420-2000w-130894/,49999.0,39999.0,1,True
FRA-calefactor-tiro-balanceado-volcan-2000-k,Fravega,OTRAS,Aires Acondicionados,Calefactor Tiro Balanceado Volcan 2000 KCal Gas Natural,https://www.fravega.com/p/calefactor-tiro-balanceado-volcan-2000-kcal-gas-natural-990157960/,313939.0,260989.99,1,True
FRA-aire-acondicionado-split-tcl-taca-3400w-,Fravega,TCL,Aires Acondicionados,Aire Acondicionado Split TCL TACA-3400W ELITE 2900F 3400W,https://www.fravega.com/p/aire-acondicionado-split-tcl-taca-3400w-elite-2900f-3400w-20946/,799999.0,699999.0,1,True
FRA-aire-acondicionado-siam-split-frio-calor,Fravega,OTRAS,Aires Acondicionados,Aire Acondicionado Siam Split Frío/calor 2365fg SMS25HA4CN,https://www.fravega.com/p/aire-acondicionado-siam-split-frio-calor-2365fg-sms25ha4cn-990251792/,892499.0,524999.0,1,True
FRA-aire-acondicionado-split-frio-calor-phil,Fravega,PHILCO,Aires Acondicionados,Aire Acondicionado Split Frío/Calor Philco 5400F 6300W  PHS60HA4CN,https://www.fravega.com/p/aire-acondicionado-split-frio-calor-philco-5400f-6300w-phs60ha4cn-20644/,1399999.0,1157023.97,1,True
FRA-convector-whitenblack-cnwb06-2000w-negro,Fravega,OTRAS,Aires Acondicionados,Convector Whitenblack CNWB06 2000W Negro,https://www.fravega.com/p/convector-whitenblack-cnwb06-2000w-negro-130981/,73374.0,69999.0,1,True
FRA-calefactor-orbis-sin-salida-4024gon-2700,Fravega,OTRAS,Aires Acondicionados,Calefactor Orbis sin salida 4024GON 2700 kcal/h,https://www.fravega.com/p/calefactor-orbis-sin-salida-4024gon-2700-kcal-h-22743532/,277725.0,177749.0,1,True
FRA-aire-acondicionado-portatil-frio-calor-s,Fravega,OTRAS,Aires Acondicionados,Aire Acondicionado Portátil Frío Calor Sansei SAP26HC9AN,https://www.fravega.com/p/aire-acondicionado-portatil-frio-calor-sansei-sap26hc9an-21122/,699999.0,599999.0,1,True
FRA-aire-acondicionado-split-hisense-frio-ca,Fravega,HISENSE,Aires Acondicionados,Aire Acondicionado Split Hisense Frío/Calor 5418 Fg 6300W AS22HR4SXTKG00N,https://www.fravega.com/p/aire-acondicionado-split-hisense-frio-calor-5418-fg-6300w-as22hr4sxtkg00n-990263570/,1536699.0,1099999.0,1,True
FRA-aire-acondicionado-philco-inverter-4700f,Fravega,PHILCO,Aires Acondicionados,Aire Acondicionado Philco Inverter 4700F 5500W PHIN55HA2AN,https://www.fravega.com/p/aire-acondicionado-philco-inverter-4700f-5500w-phin55ha2an-20942/,1499999.0,1299999.0,1,True
FRA-calefactor-torre-midea-tch-2kw-ar1-color,Fravega,MIDEA,Aires Acondicionados,Calefactor Torre Midea Tch-2kw-ar1 Color Negro Negro,https://www.fravega.com/p/calefactor-torre-midea-tch-2kw-ar1-color-negro-negro-990289466/,199999.0,149999.01,1,True
FRA-convector-de-mica-atma-camk1524p-130506,Fravega,ATMA,Aires Acondicionados,Convector de Mica ATMA CAMK1524P,https://www.fravega.com/p/convector-de-mica-atma-camk1524p-130506/,129999.0,107437.19,1,True
FRA-aire-acondicionado-lg-inverter-lg-dualco,Fravega,LG,Aires Acondicionados,Aire Acondicionado LG Inverter LG DUALCOOL WiFi Frío Calor 4500 Frigorías S4-W18KL31A,https://www.fravega.com/p/aire-acondicionado-lg-inverter-lg-dualcool-wifi-frio-calor-4500-frigorias-s4-w18kl31a-990247383/,1539999.0,1399999.0,1,True
FRA-calefactor-tiro-balanceado-longvie-eba2s,Fravega,OTRAS,Aires Acondicionados,Calefactor Tiro Balanceado Longvie EBA2S 2000 kcal/h,https://www.fravega.com/p/calefactor-tiro-balanceado-longvie-eba2s-2000-kcal-h-132785/,299999.0,247933.06,1,True
FRA-caloventor-whitenblack-tipo-split-cpwb07,Fravega,OTRAS,Aires Acondicionados,Caloventor Whitenblack Tipo Split CPWB07 2000W Blanco,https://www.fravega.com/p/caloventor-whitenblack-tipo-split-cpwb07-2000w-blanco-130982/,141134.0,129999.0,1,True
FRA-aire-acondicionado-portatil-sansei-frio-,Fravega,OTRAS,Aires Acondicionados,Aire Acondicionado Portátil Sansei Frío/calor 2279 Frigorías 2650w SAP26HC9AN,https://www.fravega.com/p/aire-acondicionado-portatil-sansei-frio-calor-2279-frigorias-2650w-sap26hc9an-990263810/,659999.0,599999.0,1,True
FRA-aire-acondicionado-hisense-frio-calor-fr,Fravega,HISENSE,Aires Acondicionados,Aire Acondicionado Hisense Frio Calor Fresh Master AS12UW5RXJQJ00PI,https://www.fravega.com/p/aire-acondicionado-hisense-frio-calor-fresh-master-as12uw5rxjqj00pi-990207253/,1759999.0,1499999.01,1,True
FRA-aire-acondicionado-split-frio-calor-phil,Fravega,PHILCO,Aires Acondicionados,Aire Acondicionado Split Frío/Calor Philco 2900F 3400W PHS32HA4CNE,https://www.fravega.com/p/aire-acondicionado-split-frio-calor-philco-2900f-3400w-phs32ha4cne-20740/,759999.0,629999.0,1,True
FRA-aire-acondicionado-frio-calor-bgh-split-,Fravega,BGH,Aires Acondicionados,Aire Acondicionado Frío/Calor BGH Split Inverter 3139F BSI37WCNX,https://www.fravega.com/p/aire-acondicionado-frio-calor-bgh-split-inverter-3139f-bsi37wcnx-990249086/,1299999.0,849999.0,1,True
FRA-aire-acondicionado-split-frio-calor-liko,Fravega,OTRAS,Aires Acondicionados,Aire Acondicionado Split Frío/Calor Likon 2700F LKS35WCEW,https://www.fravega.com/p/aire-acondicionado-split-frio-calor-likon-2700f-lks35wcew-990247260/,999999.0,619999.0,1,True
FRA-aire-acondicionado-frio-calor-philco-phs,Fravega,PHILCO,Aires Acondicionados,Aire Acondicionado Frío Calor Philco PHS80HC4BN 6800F 8000W,https://www.fravega.com/p/aire-acondicionado-frio-calor-philco-phs80hc4bn-6800f-8000w-21119/,1899999.0,1699999.0,1,True
FRA-aire-acondicionado-split-frio-calor-sams,Fravega,SAMSUNG,Aires Acondicionados,Aire Acondicionado Split Frío/Calor Samsung Inverter 2580F AR40F12,https://www.fravega.com/p/aire-acondicionado-split-frio-calor-samsung-inverter-2580f-ar40f12-990257267/,1999999.0,1069998.99,1,True
FRA-aire-acondicionado-frio-calor-inverter-s,Fravega,OTRAS,Aires Acondicionados,Aire Acondicionado Frío Calor Inverter Siam SMIN90HC3AWFPI 7500F 8750W,https://www.fravega.com/p/aire-acondicionado-frio-calor-inverter-siam-smin90hc3awfpi-7500f-8750w-21118/,2399999.0,2199999.0,1,True
FRA-aire-acondicionado-noblex-nxs32ha4cn-290,Fravega,NOBLEX,Aires Acondicionados,Aire Acondicionado Noblex NXS32HA4CN 2900F 3400W,https://www.fravega.com/p/aire-acondicionado-noblex-nxs32ha4cn-2900f-3400w-21160/,699999.0,569999.0,1,True
FRA-aire-acondicionado-siam-sms32ha4cn-2900f,Fravega,OTRAS,Aires Acondicionados,Aire Acondicionado Siam SMS32HA4CN 2900F 3400W,https://www.fravega.com/p/aire-acondicionado-siam-sms32ha4cn-2900f-3400w-21100/,699999.0,499999.0,1,True
FRA-split-comfee-inverter-r-32-3096-kcal-h-f,Fravega,OTRAS,Aires Acondicionados,Split Comfee Inverter R-32 3096 kCal/h Frío Calor,https://www.fravega.com/p/split-comfee-inverter-r-32-3096-kcal-h-frio-calor-990175069/,1143999.0,579999.0,1,True
FRA-aire-acondicionado-surrey-split-inverter,Fravega,SURREY,Aires Acondicionados,Aire Acondicionado Surrey Split Inverter 3096FC 553NIQ12KN81F,https://www.fravega.com/p/aire-acondicionado-surrey-split-inverter-3096fc-553niq12kn81f-20901/,1099999.0,799999.0,1,True
FRA-caloventor-liliana-cfh420-2000w-130894,Fravega,LILIANA,Aires Acondicionados,Caloventor Liliana CFH420 2000W,https://www.fravega.com/p/caloventor-liliana-cfh420-2000w-130894/,49999.0,39999.0,1,True
FRA-calefactor-tiro-balanceado-volcan-2000-k,Fravega,OTRAS,Aires Acondicionados,Calefactor Tiro Balanceado Volcan 2000 KCal Gas Natural,https://www.fravega.com/p/calefactor-tiro-balanceado-volcan-2000-kcal-gas-natural-990157960/,313939.0,260989.99,1,True
FRA-aire-acondicionado-split-tcl-taca-3400w-,Fravega,TCL,Aires Acondicionados,Aire Acondicionado Split TCL TACA-3400W ELITE 2900F 3400W,https://www.fravega.com/p/aire-acondicionado-split-tcl-taca-3400w-elite-2900f-3400w-20946/,799999.0,699999.0,1,True
FRA-aire-acondicionado-siam-split-frio-calor,Fravega,OTRAS,Aires Acondicionados,Aire Acondicionado Siam Split Frío/calor 2365fg SMS25HA4CN,https://www.fravega.com/p/aire-acondicionado-siam-split-frio-calor-2365fg-sms25ha4cn-990251792/,892499.0,524999.0,1,True
FRA-aire-acondicionado-split-frio-calor-phil,Fravega,PHILCO,Aires Acondicionados,Aire Acondicionado Split Frío/Calor Philco 5400F 6300W  PHS60HA4CN,https://www.fravega.com/p/aire-acondicionado-split-frio-calor-philco-5400f-6300w-phs60ha4cn-20644/,1399999.0,1157023.97,1,True
FRA-convector-whitenblack-cnwb06-2000w-negro,Fravega,OTRAS,Aires Acondicionados,Convector Whitenblack CNWB06 2000W Negro,https://www.fravega.com/p/convector-whitenblack-cnwb06-2000w-negro-130981/,73374.0,69999.0,1,True
FRA-calefactor-orbis-sin-salida-4024gon-2700,Fravega,OTRAS,Aires Acondicionados,Calefactor Orbis sin salida 4024GON 2700 kcal/h,https://www.fravega.com/p/calefactor-orbis-sin-salida-4024gon-2700-kcal-h-22743532/,277725.0,177749.0,1,True
FRA-aire-acondicionado-portatil-frio-calor-s,Fravega,OTRAS,Aires Acondicionados,Aire Acondicionado Portátil Frío Calor Sansei SAP26HC9AN,https://www.fravega.com/p/aire-acondicionado-portatil-frio-calor-sansei-sap26hc9an-21122/,699999.0,599999.0,1,True
FRA-aire-acondicionado-split-hisense-frio-ca,Fravega,HISENSE,Aires Acondicionados,Aire Acondicionado Split Hisense Frío/Calor 5418 Fg 6300W AS22HR4SXTKG00N,https://www.fravega.com/p/aire-acondicionado-split-hisense-frio-calor-5418-fg-6300w-as22hr4sxtkg00n-990263570/,1536699.0,1099999.0,1,True
FRA-aire-acondicionado-philco-inverter-4700f,Fravega,PHILCO,Aires Acondicionados,Aire Acondicionado Philco Inverter 4700F 5500W PHIN55HA2AN,https://www.fravega.com/p/aire-acondicionado-philco-inverter-4700f-5500w-phin55ha2an-20942/,1499999.0,1299999.0,1,True
FRA-calefactor-torre-midea-tch-2kw-ar1-color,Fravega,MIDEA,Aires Acondicionados,Calefactor Torre Midea Tch-2kw-ar1 Color Negro Negro,https://www.fravega.com/p/calefactor-torre-midea-tch-2kw-ar1-color-negro-negro-990289466/,199999.0,149999.01,1,True
FRA-convector-de-mica-atma-camk1524p-130506,Fravega,ATMA,Aires Acondicionados,Convector de Mica ATMA CAMK1524P,https://www.fravega.com/p/convector-de-mica-atma-camk1524p-130506/,129999.0,107437.19,1,True
FRA-aire-acondicionado-lg-inverter-lg-dualco,Fravega,LG,Aires Acondicionados,Aire Acondicionado LG Inverter LG DUALCOOL WiFi Frío Calor 4500 Frigorías S4-W18KL31A,https://www.fravega.com/p/aire-acondicionado-lg-inverter-lg-dualcool-wifi-frio-calor-4500-frigorias-s4-w18kl31a-990247383/,1539999.0,1399999.0,1,True
FRA-calefactor-tiro-balanceado-longvie-eba2s,Fravega,OTRAS,Aires Acondicionados,Calefactor Tiro Balanceado Longvie EBA2S 2000 kcal/h,https://www.fravega.com/p/calefactor-tiro-balanceado-longvie-eba2s-2000-kcal-h-132785/,299999.0,247933.06,1,True
FRA-caloventor-whitenblack-tipo-split-cpwb07,Fravega,OTRAS,Aires Acondicionados,Caloventor Whitenblack Tipo Split CPWB07 2000W Blanco,https://www.fravega.com/p/caloventor-whitenblack-tipo-split-cpwb07-2000w-blanco-130982/,141134.0,129999.0,1,True
FRA-aire-acondicionado-split-frio-calor-bgh-,Fravega,BGH,Aires Acondicionados,Aire Acondicionado Split Frío Calor BGH 2400F 2800W BS26WCDW,https://www.fravega.com/p/aire-acondicionado-split-frio-calor-bgh-2400f-2800w-bs26wcdw-21123/,799999.0,659999.0,1,True
FRA-aire-acondicionado-lg-inverter-dualcool-,Fravega,LG,Aires Acondicionados,Aire Acondicionado LG Inverter DUALCOOL WiFi Frío Calor 3000 Frigorías S4-W12JA31A,https://www.fravega.com/p/aire-acondicionado-lg-inverter-dualcool-wifi-frio-calor-3000-frigorias-s4-w12ja31a-990247380/,1534499.0,1199999.0,1,True
FRA-aire-acondicionado-split-inverter-frio-c,Fravega,LG,Aires Acondicionados,Aire Acondicionado Split Inverter Frio Calor LG Art Cool 4400F 5200W S4-W18KLRPA,https://www.fravega.com/p/aire-acondicionado-split-inverter-frio-calor-lg-art-cool-4400f-5200w-s4-w18klrpa-20902/,2499999.0,1999999.0,1,True
FRA-aire-acondicionado-samsung-split-inverte,Fravega,SAMSUNG,Aires Acondicionados,Aire Acondicionado Samsung Split Inverter AR40F18C0AM2BG,https://www.fravega.com/p/aire-acondicionado-samsung-split-inverter-ar40f18c0am2bg-21052/,1699999.0,1599999.0,1,True
FRA-aire-acondicionado-philco-split-frio-cal,Fravega,PHILCO,Aires Acondicionados,Aire Acondicionado Philco Split Frio/calor 4472 Frigorías Blanco 220v Phs50ha4cn,https://www.fravega.com/p/aire-acondicionado-philco-split-frio-calor-4472-frigorias-blanco-220v-phs50ha4cn-20051996/,1499999.0,949000.0,1,True
FRA-aire-acondicionado-lg-inverter-dualcool-,Fravega,LG,Aires Acondicionados,Aire Acondicionado LG Inverter DUALCOOL WiFi Frío/Calor 6000 Frigorías S4-W24K231E,https://www.fravega.com/p/aire-acondicionado-lg-inverter-dualcool-wifi-frio-calor-6000-frigorias-s4-w24k231e-990247379/,2254999.0,2049999.0,1,True
FRA-aire-acondicionado-split-frio-calor-sams,Fravega,SAMSUNG,Aires Acondicionados,Aire Acondicionado Split Frío/Calor Samsung Inverter 4500F AR40F18,https://www.fravega.com/p/aire-acondicionado-split-frio-calor-samsung-inverter-4500f-ar40f18-990257268/,1999999.0,1399999.0,1,True
FRA-aire-acondicionado-split-frio-calor-bgh-,Fravega,BGH,Aires Acondicionados,Aire Acondicionado Split Frío/Calor BGH 4644F BS54WCDW,https://www.fravega.com/p/aire-acondicionado-split-frio-calor-bgh-4644f-bs54wcdw-990257512/,2139999.0,1099999.0,1,True
FRA-aire-acondicionado-bgh-split-on-off-2408,Fravega,BGH,Aires Acondicionados,Aire Acondicionado BGH Split On/Off 2408 fg BS26WCDW,https://www.fravega.com/p/aire-acondicionado-bgh-split-on-off-2408-fg-bs26wcdw-990257511/,1065999.0,880990.91,1,True
FRA-nuevo-aire-acondicionado-r32-philco-inve,Fravega,PHILCO,Aires Acondicionados,Nuevo Aire Acondicionado R32 PHILCO Inverter 3750W,https://www.fravega.com/p/nuevo-aire-acondicionado-r32-philco-inverter-3750w-22715978/,1099000.0,859000.0,1,True
FRA-aire-acondicionado-split-frio-calor-bgh-,Fravega,BGH,Aires Acondicionados,Aire Acondicionado Split Frío/calor Bgh 4400F Bs52wchu,https://www.fravega.com/p/aire-acondicionado-split-frio-calor-bgh-4400f-bs52wchu-990226416/,1999999.0,1079999.0,1,True
FRA-aire-acondicionado-portatil-smart-midea-,Fravega,MIDEA,Aires Acondicionados,Aire Acondicionado Portátil Smart Midea Blanco Frío/calor Blanco,https://www.fravega.com/p/aire-acondicionado-portatil-smart-midea-blanco-frio-calor-blanco-990288931/,967999.0,519999.0,1,True
FRA-aire-acondicionado-split-frio-calor-hise,Fravega,HISENSE,Aires Acondicionados,Aire Acondicionado Split Frío/Calor Hisense 3400W 2900F AS12HR4SVRKG03PX4,https://www.fravega.com/p/aire-acondicionado-split-frio-calor-hisense-3400w-2900f-as12hr4svrkg03px4-20683/,749999.0,619833.88,1,True
FRA-aire-acondicionado-inverter-frio-calor-4,Fravega,HISENSE,Aires Acondicionados,Aire Acondicionado Inverter Frío/Calor 4700 Fg 5500W Hisense AS18UR4SXSCA00BKN,https://www.fravega.com/p/aire-acondicionado-inverter-frio-calor-4700-fg-5500w-hisense-as18ur4sxsca00bkn-990245089/,1682999.0,1279998.98,1,True
FRA-aire-acondicionado-noblex-nxs32ha4cn-290,Fravega,NOBLEX,Aires Acondicionados,Aire Acondicionado Noblex NXS32HA4CN 2900F 3400W,https://www.fravega.com/p/aire-acondicionado-noblex-nxs32ha4cn-2900f-3400w-21160/,699999.0,569999.0,1,True
FRA-aire-acondicionado-siam-sms32ha4cn-2900f,Fravega,OTRAS,Aires Acondicionados,Aire Acondicionado Siam SMS32HA4CN 2900F 3400W,https://www.fravega.com/p/aire-acondicionado-siam-sms32ha4cn-2900f-3400w-21100/,699999.0,499999.0,1,True
FRA-split-comfee-inverter-r-32-3096-kcal-h-f,Fravega,OTRAS,Aires Acondicionados,Split Comfee Inverter R-32 3096 kCal/h Frío Calor,https://www.fravega.com/p/split-comfee-inverter-r-32-3096-kcal-h-frio-calor-990175069/,1143999.0,579999.0,1,True
FRA-aire-acondicionado-surrey-split-inverter,Fravega,SURREY,Aires Acondicionados,Aire Acondicionado Surrey Split Inverter 3096FC 553NIQ12KN81F,https://www.fravega.com/p/aire-acondicionado-surrey-split-inverter-3096fc-553niq12kn81f-20901/,1099999.0,799999.0,1,True
FRA-caloventor-liliana-cfh420-2000w-130894,Fravega,LILIANA,Aires Acondicionados,Caloventor Liliana CFH420 2000W,https://www.fravega.com/p/caloventor-liliana-cfh420-2000w-130894/,49999.0,39999.0,1,True
FRA-calefactor-tiro-balanceado-volcan-2000-k,Fravega,OTRAS,Aires Acondicionados,Calefactor Tiro Balanceado Volcan 2000 KCal Gas Natural,https://www.fravega.com/p/calefactor-tiro-balanceado-volcan-2000-kcal-gas-natural-990157960/,313939.0,260989.99,1,True
FRA-aire-acondicionado-split-tcl-taca-3400w-,Fravega,TCL,Aires Acondicionados,Aire Acondicionado Split TCL TACA-3400W ELITE 2900F 3400W,https://www.fravega.com/p/aire-acondicionado-split-tcl-taca-3400w-elite-2900f-3400w-20946/,799999.0,699999.0,1,True
FRA-aire-acondicionado-siam-split-frio-calor,Fravega,OTRAS,Aires Acondicionados,Aire Acondicionado Siam Split Frío/calor 2365fg SMS25HA4CN,https://www.fravega.com/p/aire-acondicionado-siam-split-frio-calor-2365fg-sms25ha4cn-990251792/,892499.0,524999.0,1,True
FRA-aire-acondicionado-split-frio-calor-phil,Fravega,PHILCO,Aires Acondicionados,Aire Acondicionado Split Frío/Calor Philco 5400F 6300W  PHS60HA4CN,https://www.fravega.com/p/aire-acondicionado-split-frio-calor-philco-5400f-6300w-phs60ha4cn-20644/,1399999.0,1157023.97,1,True
FRA-convector-whitenblack-cnwb06-2000w-negro,Fravega,OTRAS,Aires Acondicionados,Convector Whitenblack CNWB06 2000W Negro,https://www.fravega.com/p/convector-whitenblack-cnwb06-2000w-negro-130981/,73374.0,69999.0,1,True
FRA-calefactor-orbis-sin-salida-4024gon-2700,Fravega,OTRAS,Aires Acondicionados,Calefactor Orbis sin salida 4024GON 2700 kcal/h,https://www.fravega.com/p/calefactor-orbis-sin-salida-4024gon-2700-kcal-h-22743532/,277725.0,177749.0,1,True
FRA-aire-acondicionado-portatil-frio-calor-s,Fravega,OTRAS,Aires Acondicionados,Aire Acondicionado Portátil Frío Calor Sansei SAP26HC9AN,https://www.fravega.com/p/aire-acondicionado-portatil-frio-calor-sansei-sap26hc9an-21122/,699999.0,599999.0,1,True
FRA-aire-acondicionado-split-hisense-frio-ca,Fravega,HISENSE,Aires Acondicionados,Aire Acondicionado Split Hisense Frío/Calor 5418 Fg 6300W AS22HR4SXTKG00N,https://www.fravega.com/p/aire-acondicionado-split-hisense-frio-calor-5418-fg-6300w-as22hr4sxtkg00n-990263570/,1536699.0,1099999.0,1,True
FRA-aire-acondicionado-philco-inverter-4700f,Fravega,PHILCO,Aires Acondicionados,Aire Acondicionado Philco Inverter 4700F 5500W PHIN55HA2AN,https://www.fravega.com/p/aire-acondicionado-philco-inverter-4700f-5500w-phin55ha2an-20942/,1499999.0,1299999.0,1,True
FRA-calefactor-torre-midea-tch-2kw-ar1-color,Fravega,MIDEA,Aires Acondicionados,Calefactor Torre Midea Tch-2kw-ar1 Color Negro Negro,https://www.fravega.com/p/calefactor-torre-midea-tch-2kw-ar1-color-negro-negro-990289466/,199999.0,149999.01,1,True
FRA-convector-de-mica-atma-camk1524p-130506,Fravega,ATMA,Aires Acondicionados,Convector de Mica ATMA CAMK1524P,https://www.fravega.com/p/convector-de-mica-atma-camk1524p-130506/,129999.0,107437.19,1,True
FRA-aire-acondicionado-lg-inverter-lg-dualco,Fravega,LG,Aires Acondicionados,Aire Acondicionado LG Inverter LG DUALCOOL WiFi Frío Calor 4500 Frigorías S4-W18KL31A,https://www.fravega.com/p/aire-acondicionado-lg-inverter-lg-dualcool-wifi-frio-calor-4500-frigorias-s4-w18kl31a-990247383/,1539999.0,1399999.0,1,True
FRA-calefactor-tiro-balanceado-longvie-eba2s,Fravega,OTRAS,Aires Acondicionados,Calefactor Tiro Balanceado Longvie EBA2S 2000 kcal/h,https://www.fravega.com/p/calefactor-tiro-balanceado-longvie-eba2s-2000-kcal-h-132785/,299999.0,247933.06,1,True
FRA-caloventor-whitenblack-tipo-split-cpwb07,Fravega,OTRAS,Aires Acondicionados,Caloventor Whitenblack Tipo Split CPWB07 2000W Blanco,https://www.fravega.com/p/caloventor-whitenblack-tipo-split-cpwb07-2000w-blanco-130982/,141134.0,129999.0,1,True
FRA-aire-acondicionado-ventana-frio-solo-phi,Fravega,PHILCO,Aires Acondicionados,Aire Acondicionado Ventana Frío Solo Philco PHW32CA3AN 2838F 3300W,https://www.fravega.com/p/aire-acondicionado-ventana-frio-solo-philco-phw32ca3an-2838f-3300w-20483/,939999.0,759999.0,1,True
FRA-aire-acondicionado-philco-split-frio-cal,Fravega,PHILCO,Aires Acondicionados,Aire Acondicionado Philco Split Frío/calor 5418 Frigorías Blanco 220v Phs60ha4cn,https://www.fravega.com/p/aire-acondicionado-philco-split-frio-calor-5418-frigorias-blanco-220v-phs60ha4cn-20059707/,1599000.0,1099000.0,1,True
FRA-estufa-garrafera-plegable-daewoo-dany701,Fravega,OTRAS,Aires Acondicionados,Estufa Garrafera Plegable Daewoo Dany701 Alta Eficiencia,https://www.fravega.com/p/estufa-garrafera-plegable-daewoo-dany701-alta-eficiencia-22461526/,461998.59,208759.0,1,True
FRA-aire-acondicionado-surrey-split-frio-cal,Fravega,SURREY,Aires Acondicionados,Aire Acondicionado Surrey Split Frío/calor 3105 Frigorías 553nfq12gn81f Blanco,https://www.fravega.com/p/aire-acondicionado-surrey-split-frio-calor-3105-frigorias-553nfq12gn81f-blanco-22701710/,1318558.8,1098799.0,1,True
FRA-aire-acondicionado-split-frio-calor-lg-d,Fravega,LG,Aires Acondicionados,Aire Acondicionado Split Frío/Calor LG DualCool Wi-Fi S4-W24K231E 5500F 6400W,https://www.fravega.com/p/aire-acondicionado-split-frio-calor-lg-dualcool-wi-fi-s4-w24k231e-5500f-6400w-20724/,2249999.0,2199999.0,1,True
FRA-aire-acondicionado-surrey-split-inverter,Fravega,SURREY,Aires Acondicionados,Aire Acondicionado Surrey Split Inverter 5590FC 553NIQ22GN81F,https://www.fravega.com/p/aire-acondicionado-surrey-split-inverter-5590fc-553niq22gn81f-20962/,2149999.0,1699999.0,1,True
FRA-aire-acondicionado-lg-inverter-artcool-f,Fravega,LG,Aires Acondicionados,Aire Acondicionado LG Inverter ARTCOOL Frío/Calor 3000 Frigorías,https://www.fravega.com/p/aire-acondicionado-lg-inverter-artcool-frio-calor-3000-frigorias-990247381/,1649999.0,1499999.01,1,True
FRA-nuevo-aire-acondicionado-philco-8000w-r3,Fravega,PHILCO,Aires Acondicionados,NUEVO Aire Acondicionado PHILCO 8000W R32 F/C,https://www.fravega.com/p/nuevo-aire-acondicionado-philco-8000w-r32-f-c--22708058/,1999000.0,1589000.0,1,True
FRA-aire-acondicionado-piso-techo-inverter-f,Fravega,OTRAS,Aires Acondicionados,Aire Acondicionado Piso Techo Inverter Frío Calor Siam SMPTINH6TRHC8API,https://www.fravega.com/p/aire-acondicionado-piso-techo-inverter-frio-calor-siam-smptinh6trhc8api-21049/,4499999.0,3999999.0,1,True
FRA-aire-acondicionado-hisense-split-3400w-f,Fravega,HISENSE,Aires Acondicionados,Aire Acondicionado Hisense Split 3400W Frio Calor AS12HR4SVRKG03PX4,https://www.fravega.com/p/aire-acondicionado-hisense-split-3400w-frio-calor-as12hr4svrkg03px4-990245179/,879999.0,688999.0,1,True
FRA-aire-acondicionado-split-frio-calor-hise,Fravega,HISENSE,Aires Acondicionados,Aire Acondicionado Split Frio Calor Hisense 2365 Fg AS09HR4SYRKG00,https://www.fravega.com/p/aire-acondicionado-split-frio-calor-hisense-2365-fg-as09hr4syrkg00-990245177/,879999.0,619999.0,1,True
FRA-aire-acondicionado-hyundai-wifi-inverter,Fravega,OTRAS,Aires Acondicionados,Aire Acondicionado HYUNDAI WIFI INVERTER 3200 W F/C Efic A++,https://www.fravega.com/p/aire-acondicionado-hyundai-wifi-inverter-3200-w-f-c-efic-a--22638865/,1299000.0,799000.0,1,True
FRA-aire-acondicionado-split-frio-calor-dual,Fravega,LG,Aires Acondicionados,Aire Acondicionado Split Frío/Calor Dual Inverter LG ArtCool 5500F 6450W S4-W24K2RPE,https://www.fravega.com/p/aire-acondicionado-split-frio-calor-dual-inverter-lg-artcool-5500f-6450w-s4-w24k2rpe-20802/,3449999.0,2499999.0,1,True
FRA-aire-acondicionado-philco-split-frio-cal,Fravega,PHILCO,Aires Acondicionados,Aire Acondicionado Philco Split Frío/calor 2881 Frigorías Blanco 220v - 240v Phs32ha3an,https://www.fravega.com/p/aire-acondicionado-philco-split-frio-calor-2881-frigorias-blanco-220v-240v-phs32ha3an-20085749/,899000.0,629000.0,1,True
FRA-aire-acondicionado-split-carrier-invert-,Fravega,OTRAS,Aires Acondicionados,Aire Acondicionado Split Carrier Invert 3096F 3600W 53HVN12KN81F F/C,https://www.fravega.com/p/aire-acondicionado-split-carrier-invert-3096f-3600w-53hvn12kn81f-f-c-22059925/,2020678.8,1683899.0,1,True
FRA-aire-acondicionado-noblex-nxs32ha4cn-290,Fravega,NOBLEX,Aires Acondicionados,Aire Acondicionado Noblex NXS32HA4CN 2900F 3400W,https://www.fravega.com/p/aire-acondicionado-noblex-nxs32ha4cn-2900f-3400w-21160/,699999.0,569999.0,1,True
FRA-aire-acondicionado-siam-sms32ha4cn-2900f,Fravega,OTRAS,Aires Acondicionados,Aire Acondicionado Siam SMS32HA4CN 2900F 3400W,https://www.fravega.com/p/aire-acondicionado-siam-sms32ha4cn-2900f-3400w-21100/,699999.0,499999.0,1,True
FRA-split-comfee-inverter-r-32-3096-kcal-h-f,Fravega,OTRAS,Aires Acondicionados,Split Comfee Inverter R-32 3096 kCal/h Frío Calor,https://www.fravega.com/p/split-comfee-inverter-r-32-3096-kcal-h-frio-calor-990175069/,1143999.0,579999.0,1,True
FRA-aire-acondicionado-surrey-split-inverter,Fravega,SURREY,Aires Acondicionados,Aire Acondicionado Surrey Split Inverter 3096FC 553NIQ12KN81F,https://www.fravega.com/p/aire-acondicionado-surrey-split-inverter-3096fc-553niq12kn81f-20901/,1099999.0,799999.0,1,True
FRA-caloventor-liliana-cfh420-2000w-130894,Fravega,LILIANA,Aires Acondicionados,Caloventor Liliana CFH420 2000W,https://www.fravega.com/p/caloventor-liliana-cfh420-2000w-130894/,49999.0,39999.0,1,True
FRA-calefactor-tiro-balanceado-volcan-2000-k,Fravega,OTRAS,Aires Acondicionados,Calefactor Tiro Balanceado Volcan 2000 KCal Gas Natural,https://www.fravega.com/p/calefactor-tiro-balanceado-volcan-2000-kcal-gas-natural-990157960/,313939.0,260989.99,1,True
FRA-aire-acondicionado-split-tcl-taca-3400w-,Fravega,TCL,Aires Acondicionados,Aire Acondicionado Split TCL TACA-3400W ELITE 2900F 3400W,https://www.fravega.com/p/aire-acondicionado-split-tcl-taca-3400w-elite-2900f-3400w-20946/,799999.0,699999.0,1,True
FRA-aire-acondicionado-siam-split-frio-calor,Fravega,OTRAS,Aires Acondicionados,Aire Acondicionado Siam Split Frío/calor 2365fg SMS25HA4CN,https://www.fravega.com/p/aire-acondicionado-siam-split-frio-calor-2365fg-sms25ha4cn-990251792/,892499.0,524999.0,1,True
FRA-aire-acondicionado-split-frio-calor-phil,Fravega,PHILCO,Aires Acondicionados,Aire Acondicionado Split Frío/Calor Philco 5400F 6300W  PHS60HA4CN,https://www.fravega.com/p/aire-acondicionado-split-frio-calor-philco-5400f-6300w-phs60ha4cn-20644/,1399999.0,1157023.97,1,True
FRA-convector-whitenblack-cnwb06-2000w-negro,Fravega,OTRAS,Aires Acondicionados,Convector Whitenblack CNWB06 2000W Negro,https://www.fravega.com/p/convector-whitenblack-cnwb06-2000w-negro-130981/,73374.0,69999.0,1,True
FRA-calefactor-orbis-sin-salida-4024gon-2700,Fravega,OTRAS,Aires Acondicionados,Calefactor Orbis sin salida 4024GON 2700 kcal/h,https://www.fravega.com/p/calefactor-orbis-sin-salida-4024gon-2700-kcal-h-22743532/,277725.0,177749.0,1,True
FRA-aire-acondicionado-portatil-frio-calor-s,Fravega,OTRAS,Aires Acondicionados,Aire Acondicionado Portátil Frío Calor Sansei SAP26HC9AN,https://www.fravega.com/p/aire-acondicionado-portatil-frio-calor-sansei-sap26hc9an-21122/,699999.0,599999.0,1,True
FRA-aire-acondicionado-split-hisense-frio-ca,Fravega,HISENSE,Aires Acondicionados,Aire Acondicionado Split Hisense Frío/Calor 5418 Fg 6300W AS22HR4SXTKG00N,https://www.fravega.com/p/aire-acondicionado-split-hisense-frio-calor-5418-fg-6300w-as22hr4sxtkg00n-990263570/,1536699.0,1099999.0,1,True
FRA-aire-acondicionado-philco-inverter-4700f,Fravega,PHILCO,Aires Acondicionados,Aire Acondicionado Philco Inverter 4700F 5500W PHIN55HA2AN,https://www.fravega.com/p/aire-acondicionado-philco-inverter-4700f-5500w-phin55ha2an-20942/,1499999.0,1299999.0,1,True
FRA-calefactor-torre-midea-tch-2kw-ar1-color,Fravega,MIDEA,Aires Acondicionados,Calefactor Torre Midea Tch-2kw-ar1 Color Negro Negro,https://www.fravega.com/p/calefactor-torre-midea-tch-2kw-ar1-color-negro-negro-990289466/,199999.0,149999.01,1,True
FRA-convector-de-mica-atma-camk1524p-130506,Fravega,ATMA,Aires Acondicionados,Convector de Mica ATMA CAMK1524P,https://www.fravega.com/p/convector-de-mica-atma-camk1524p-130506/,129999.0,107437.19,1,True
FRA-aire-acondicionado-lg-inverter-lg-dualco,Fravega,LG,Aires Acondicionados,Aire Acondicionado LG Inverter LG DUALCOOL WiFi Frío Calor 4500 Frigorías S4-W18KL31A,https://www.fravega.com/p/aire-acondicionado-lg-inverter-lg-dualcool-wifi-frio-calor-4500-frigorias-s4-w18kl31a-990247383/,1539999.0,1399999.0,1,True
FRA-calefactor-tiro-balanceado-longvie-eba2s,Fravega,OTRAS,Aires Acondicionados,Calefactor Tiro Balanceado Longvie EBA2S 2000 kcal/h,https://www.fravega.com/p/calefactor-tiro-balanceado-longvie-eba2s-2000-kcal-h-132785/,299999.0,247933.06,1,True
FRA-caloventor-whitenblack-tipo-split-cpwb07,Fravega,OTRAS,Aires Acondicionados,Caloventor Whitenblack Tipo Split CPWB07 2000W Blanco,https://www.fravega.com/p/caloventor-whitenblack-tipo-split-cpwb07-2000w-blanco-130982/,141134.0,129999.0,1,True
FRA-aire-acondicionado-likon-split-inverter-,Fravega,OTRAS,Aires Acondicionados,Aire Acondicionado Likon Split Inverter Frío/Calor 3000F,https://www.fravega.com/p/aire-acondicionado-likon-split-inverter-frio-calor-3000f-990290214/,1299998.0,729999.0,1,True
FRA-aire-acondicionado-ventana-frio-solo-phi,Fravega,PHILCO,Aires Acondicionados,Aire Acondicionado Ventana Frío Solo Philco PHW25CA3AN 2150F 2500W,https://www.fravega.com/p/aire-acondicionado-ventana-frio-solo-philco-phw25ca3an-2150f-2500w-20575/,889999.0,649999.0,1,True
FRA-aire-acondicionado-lg-inverter-artcool-f,Fravega,LG,Aires Acondicionados,Aire Acondicionado LG Inverter Artcool Frío Calor 6000fg,https://www.fravega.com/p/aire-acondicionado-lg-inverter-artcool-frio-calor-6000fg-990006064/,2999999.0,2479338.02,1,True
FRA-aire-acondicionado-inverter-lg-art-cool-,Fravega,LG,Aires Acondicionados,Aire acondicionado inverter LG Art Cool  3600W S4-W12JARPA,https://www.fravega.com/p/aire-acondicionado-inverter-lg-art-cool-3600w-s4-w12jarpa-990052653/,2605570.0,1823899.01,1,True
FRA-split-comfee-inverter-r-32-4601-kcal-h-f,Fravega,OTRAS,Aires Acondicionados,Split Comfee Inverter R-32 4601 kCal/h Frío Calor,https://www.fravega.com/p/split-comfee-inverter-r-32-4601-kcal-h-frio-calor-990175070/,1799999.0,1099999.0,1,True
FRA-aire-acondicionado-hyundai-inverter-con-,Fravega,OTRAS,Aires Acondicionados,Aire Acondicionado Hyundai Inverter con Wi-Fi 3200W F/C,https://www.fravega.com/p/aire-acondicionado-hyundai-inverter-con-wi-fi-3200w-f-c-990195325/,1581528.0,1093998.99,1,True
FRA-aire-acondicionado-inverter-split-tcl-br,Fravega,TCL,Aires Acondicionados,Aire Acondicionado Inverter Split TCL Breeze TACA-6400W,https://www.fravega.com/p/aire-acondicionado-inverter-split-tcl-breeze-taca-6400w-21242/,1399999.0,1157023.97,1,True
FRA-aire-acondicionado-split-surrey-frio-cal,Fravega,SURREY,Aires Acondicionados,Aire Acondicionado Split Surrey Frío Calor 2950F 3430W 553GFQ1201F,https://www.fravega.com/p/aire-acondicionado-split-surrey-frio-calor-2950f-3430w-553gfq1201f-20773/,999999.0,899999.0,1,True
FRA-aire-acondicionado-electra-trend-inverte,Fravega,OTRAS,Aires Acondicionados,Aire Acondicionado Electra Trend Inverter 3010 Frigorías,https://www.fravega.com/p/aire-acondicionado-electra-trend-inverter-3010-frigorias-990075831/,1285919.0,964439.25,1,True
FRA-aire-acondicionado-split-inverter-frio-c,Fravega,OTRAS,Aires Acondicionados,Aire Acondicionado Split Inverter Frío/Calor 3200W 2700F Hitachi HSPE3200FCINV,https://www.fravega.com/p/aire-acondicionado-split-inverter-frio-calor-3200w-2700f-hitachi-hspe3200fcinv-21918063/,792350.0,743500.0,1,True
FRA-aa-bgh-silent-air-3300w-f-c--21957288,Fravega,BGH,Aires Acondicionados,AA BGH Silent Air 3300W F/C,https://www.fravega.com/p/aa-bgh-silent-air-3300w-f-c--21957288/,949000.0,799000.0,1,True
FRA-aire-acondicionado-split-inverter-surrey,Fravega,SURREY,Aires Acondicionados,Aire Acondicionado Split Inverter Surrey 553NIQ18GN81F F/C 4600 kcal/h,https://www.fravega.com/p/aire-acondicionado-split-inverter-surrey-553niq18gn81f-f-c-4600-kcal-h-22060391/,3048598.8,2540499.0,1,True
FRA-aire-acondicionado-hyundai-inverter-con-,Fravega,OTRAS,Aires Acondicionados,Aire Acondicionado Hyundai Inverter con Wi-Fi 6000W F/C,https://www.fravega.com/p/aire-acondicionado-hyundai-inverter-con-wi-fi-6000w-f-c-990195324/,3331419.0,2332999.0,1,True
FRA-aire-acondicionado-split-inverter-carrie,Fravega,OTRAS,Aires Acondicionados,Aire Acondicionado Split Inverter Carrier Hvn22gn81f F/c 5590 Kcal/h,https://www.fravega.com/p/aire-acondicionado-split-inverter-carrier-hvn22gn81f-f-c-5590-kcal-h-22477742/,3856798.8,3213999.0,1,True
FRA-aire-acondicionado-hisense-split-inverte,Fravega,HISENSE,Aires Acondicionados,Aire Acondicionado Hisense Split Inverter 5500w AS18UR4SXSCD00PX4,https://www.fravega.com/p/aire-acondicionado-hisense-split-inverter-5500w-as18ur4sxscd00px4-990245172/,1649999.0,1336999.0,1,True
FRA-aire-acondicionado-noblex-nxs32ha4cn-290,Fravega,NOBLEX,Aires Acondicionados,Aire Acondicionado Noblex NXS32HA4CN 2900F 3400W,https://www.fravega.com/p/aire-acondicionado-noblex-nxs32ha4cn-2900f-3400w-21160/,699999.0,569999.0,1,True
FRA-aire-acondicionado-siam-sms32ha4cn-2900f,Fravega,OTRAS,Aires Acondicionados,Aire Acondicionado Siam SMS32HA4CN 2900F 3400W,https://www.fravega.com/p/aire-acondicionado-siam-sms32ha4cn-2900f-3400w-21100/,699999.0,499999.0,1,True
FRA-split-comfee-inverter-r-32-3096-kcal-h-f,Fravega,OTRAS,Aires Acondicionados,Split Comfee Inverter R-32 3096 kCal/h Frío Calor,https://www.fravega.com/p/split-comfee-inverter-r-32-3096-kcal-h-frio-calor-990175069/,1143999.0,579999.0,1,True
FRA-aire-acondicionado-surrey-split-inverter,Fravega,SURREY,Aires Acondicionados,Aire Acondicionado Surrey Split Inverter 3096FC 553NIQ12KN81F,https://www.fravega.com/p/aire-acondicionado-surrey-split-inverter-3096fc-553niq12kn81f-20901/,1099999.0,799999.0,1,True
FRA-caloventor-liliana-cfh420-2000w-130894,Fravega,LILIANA,Aires Acondicionados,Caloventor Liliana CFH420 2000W,https://www.fravega.com/p/caloventor-liliana-cfh420-2000w-130894/,49999.0,39999.0,1,True
FRA-calefactor-tiro-balanceado-volcan-2000-k,Fravega,OTRAS,Aires Acondicionados,Calefactor Tiro Balanceado Volcan 2000 KCal Gas Natural,https://www.fravega.com/p/calefactor-tiro-balanceado-volcan-2000-kcal-gas-natural-990157960/,313939.0,260989.99,1,True
FRA-aire-acondicionado-split-tcl-taca-3400w-,Fravega,TCL,Aires Acondicionados,Aire Acondicionado Split TCL TACA-3400W ELITE 2900F 3400W,https://www.fravega.com/p/aire-acondicionado-split-tcl-taca-3400w-elite-2900f-3400w-20946/,799999.0,699999.0,1,True
FRA-aire-acondicionado-siam-split-frio-calor,Fravega,OTRAS,Aires Acondicionados,Aire Acondicionado Siam Split Frío/calor 2365fg SMS25HA4CN,https://www.fravega.com/p/aire-acondicionado-siam-split-frio-calor-2365fg-sms25ha4cn-990251792/,892499.0,524999.0,1,True
FRA-aire-acondicionado-split-frio-calor-phil,Fravega,PHILCO,Aires Acondicionados,Aire Acondicionado Split Frío/Calor Philco 5400F 6300W  PHS60HA4CN,https://www.fravega.com/p/aire-acondicionado-split-frio-calor-philco-5400f-6300w-phs60ha4cn-20644/,1399999.0,1157023.97,1,True
FRA-convector-whitenblack-cnwb06-2000w-negro,Fravega,OTRAS,Aires Acondicionados,Convector Whitenblack CNWB06 2000W Negro,https://www.fravega.com/p/convector-whitenblack-cnwb06-2000w-negro-130981/,73374.0,69999.0,1,True
FRA-calefactor-orbis-sin-salida-4024gon-2700,Fravega,OTRAS,Aires Acondicionados,Calefactor Orbis sin salida 4024GON 2700 kcal/h,https://www.fravega.com/p/calefactor-orbis-sin-salida-4024gon-2700-kcal-h-22743532/,277725.0,177749.0,1,True
FRA-aire-acondicionado-portatil-frio-calor-s,Fravega,OTRAS,Aires Acondicionados,Aire Acondicionado Portátil Frío Calor Sansei SAP26HC9AN,https://www.fravega.com/p/aire-acondicionado-portatil-frio-calor-sansei-sap26hc9an-21122/,699999.0,599999.0,1,True
FRA-aire-acondicionado-split-hisense-frio-ca,Fravega,HISENSE,Aires Acondicionados,Aire Acondicionado Split Hisense Frío/Calor 5418 Fg 6300W AS22HR4SXTKG00N,https://www.fravega.com/p/aire-acondicionado-split-hisense-frio-calor-5418-fg-6300w-as22hr4sxtkg00n-990263570/,1536699.0,1099999.0,1,True
FRA-aire-acondicionado-philco-inverter-4700f,Fravega,PHILCO,Aires Acondicionados,Aire Acondicionado Philco Inverter 4700F 5500W PHIN55HA2AN,https://www.fravega.com/p/aire-acondicionado-philco-inverter-4700f-5500w-phin55ha2an-20942/,1499999.0,1299999.0,1,True
FRA-calefactor-torre-midea-tch-2kw-ar1-color,Fravega,MIDEA,Aires Acondicionados,Calefactor Torre Midea Tch-2kw-ar1 Color Negro Negro,https://www.fravega.com/p/calefactor-torre-midea-tch-2kw-ar1-color-negro-negro-990289466/,199999.0,149999.01,1,True
FRA-convector-de-mica-atma-camk1524p-130506,Fravega,ATMA,Aires Acondicionados,Convector de Mica ATMA CAMK1524P,https://www.fravega.com/p/convector-de-mica-atma-camk1524p-130506/,129999.0,107437.19,1,True
FRA-aire-acondicionado-lg-inverter-lg-dualco,Fravega,LG,Aires Acondicionados,Aire Acondicionado LG Inverter LG DUALCOOL WiFi Frío Calor 4500 Frigorías S4-W18KL31A,https://www.fravega.com/p/aire-acondicionado-lg-inverter-lg-dualcool-wifi-frio-calor-4500-frigorias-s4-w18kl31a-990247383/,1539999.0,1399999.0,1,True
FRA-calefactor-tiro-balanceado-longvie-eba2s,Fravega,OTRAS,Aires Acondicionados,Calefactor Tiro Balanceado Longvie EBA2S 2000 kcal/h,https://www.fravega.com/p/calefactor-tiro-balanceado-longvie-eba2s-2000-kcal-h-132785/,299999.0,247933.06,1,True
FRA-caloventor-whitenblack-tipo-split-cpwb07,Fravega,OTRAS,Aires Acondicionados,Caloventor Whitenblack Tipo Split CPWB07 2000W Blanco,https://www.fravega.com/p/caloventor-whitenblack-tipo-split-cpwb07-2000w-blanco-130982/,141134.0,129999.0,1,True
FRA-aire-acondicionado-lg-inverter-artcool-f,Fravega,LG,Aires Acondicionados,Aire Acondicionado LG Inverter ARTCOOL Frío/Calor 4500 Frigorías,https://www.fravega.com/p/aire-acondicionado-lg-inverter-artcool-frio-calor-4500-frigorias-990247378/,2309999.0,2099999.0,1,True
FRA-aire-acondicionado-lg-inverter-artcool-f,Fravega,LG,Aires Acondicionados,Aire Acondicionado LG Inverter ARTCOOL Frío/Calor 6000W S4-W24K2RPE,https://www.fravega.com/p/aire-acondicionado-lg-inverter-artcool-frio-calor-6000w-s4-w24k2rpe-990247382/,3079999.0,2799998.99,1,True
FRA-aire-acondicionado-bgh-split-inverter-fr,Fravega,BGH,Aires Acondicionados,Aire Acondicionado Bgh Split Inverter Frio/calor 3010f Blanc Blanco,https://www.fravega.com/p/aire-acondicionado-bgh-split-inverter-frio-calor-3010f-blanc-blanco-990285901/,933659.0,840293.1,1,True
FRA-aire-acondicionado-ventana-frio-bgh-bc26,Fravega,BGH,Aires Acondicionados,Aire Acondicionado Ventana Frio BGH BC26WFQ 2300F 2600W,https://www.fravega.com/p/aire-acondicionado-ventana-frio-bgh-bc26wfq-2300f-2600w-20284/,884999.0,849999.0,1,True
FRA-aire-acondicionado-ventana-frio-solo-phi,Fravega,PHILCO,Aires Acondicionados,Aire Acondicionado Ventana Frío Solo Philco PHW50CA3AN 4386F 5100W,https://www.fravega.com/p/aire-acondicionado-ventana-frio-solo-philco-phw50ca3an-4386f-5100w-20505/,1399999.0,1099999.0,1,True
FRA-aire-acondicionado-ventana-frio-philco-2,Fravega,PHILCO,Aires Acondicionados,Aire Acondicionado Ventana Frío Philco 2838F 220V PHW32CA3AN,https://www.fravega.com/p/aire-acondicionado-ventana-frio-philco-2838f-220v-phw32ca3an-20046271/,999999.0,699000.0,1,True
FRA-aire-acondicionado-philco-piso-techo-180,Fravega,PHILCO,Aires Acondicionados,Aire Acondicionado Philco Piso Techo 18000w Trifasico,https://www.fravega.com/p/aire-acondicionado-philco-piso-techo-18000w-trifasico-20051361/,3999000.0,2899000.0,1,True
FRA-aire-acondicionado-kanji-home-split-5300,Fravega,OTRAS,Aires Acondicionados,Aire Acondicionado Kanji Home Split 5300 Watts Frio/calor,https://www.fravega.com/p/aire-acondicionado-kanji-home-split-5300-watts-frio-calor-21099637/,1399999.0,999999.0,1,True
FRA-aire-acondicionado-piso-techo-siam-on-of,Fravega,OTRAS,Aires Acondicionados,Aire Acondicionado Piso Techo SIAM On Off 6 Tn 18000 frig F/C,https://www.fravega.com/p/aire-acondicionado-piso-techo-siam-on-off-6-tn-18000-frig-f-c-21499537/,3999000.0,2899000.0,1,True
FRA-aire-acondicionado-hyundai-inverter-con-,Fravega,OTRAS,Aires Acondicionados,Aire Acondicionado Hyundai Inverter con Wi-Fi 5000W F/C,https://www.fravega.com/p/aire-acondicionado-hyundai-inverter-con-wi-fi-5000w-f-c-990195323/,2429324.0,1676999.0,1,True
FRA-aire-acondicionado-enova-split-2650-w-22,Fravega,OTRAS,Aires Acondicionados,Aire Acondicionado enova Split 2650 W 2279 fg Frío Calor Kit,https://www.fravega.com/p/aire-acondicionado-enova-split-2650-w-2279-fg-frio-calor-kit-22129769/,874998.75,699999.0,1,True
FRA-aire-acondicionado-hisense-inverter-5500,Fravega,HISENSE,Aires Acondicionados,Aire Acondicionado HISENSE Inverter 5500 W NEGRO F/C,https://www.fravega.com/p/aire-acondicionado-hisense-inverter-5500-w-negro-f-c-22352337/,1799000.0,1399999.0,1,True
FRA-control-remoto-universal-de-aire-acondic,Fravega,OTRAS,Aires Acondicionados,Control Remoto Universal De Aire Acondicionad Frio Calor Dehuka,https://www.fravega.com/p/control-remoto-universal-de-aire-acondicionad-frio-calor-dehuka-22481096/,12055.34,9734.68,1,True
FRA-aire-acondicionado-hitachi-hspe5400fcinv,Fravega,OTRAS,Aires Acondicionados,Aire acondicionado Hitachi hspe5400fcinv split electrico 220v inverter,https://www.fravega.com/p/aire-acondicionado-hitachi-hspe5400fcinv-split-electrico-220v-inverter-22506133/,1999999.0,1249999.0,1,True
FRA-aire-acondicionado-hisense-inverter-5500,Fravega,HISENSE,Aires Acondicionados,Aire Acondicionado HISENSE INVERTER 5500W Blanco,https://www.fravega.com/p/aire-acondicionado-hisense-inverter-5500w-blanco--22523032/,1599000.0,1299000.0,1,True
FRA-maquina-de-coser-overlock-lumina-sienna-,Fravega,OTRAS,Pequeños Electrodomésticos,Máquina De Coser Overlock Lumina Sienna 4 Hilos,https://www.fravega.com/p/maquina-de-coser-overlock-lumina-sienna-4-hilos-20429929/,750000.0,419880.0,1,True
FRA-maquina-de-coser-lumina-milano-color-gri,Fravega,OTRAS,Pequeños Electrodomésticos,Máquina De Coser Lumina Milano Color Gris 23 Diseños,https://www.fravega.com/p/maquina-de-coser-lumina-milano-color-gris-23-disenos-22638826/,641249.0,479880.0,1,True
FRA-freidora-de-aire-atma-con-visor-fr246abp,Fravega,ATMA,Pequeños Electrodomésticos,Freidora de Aire ATMA con Visor FR246ABP 6Lts Negro,https://www.fravega.com/p/freidora-de-aire-atma-con-visor-fr246abp-6lts-negro-13898/,189999.0,99999.0,1,True
FRA-freidora-de-aire-admiral-ad-af505-6-3-li,Fravega,OTRAS,Pequeños Electrodomésticos,"Freidora de Aire Admiral AD-AF505 6,3 Litros",https://www.fravega.com/p/freidora-de-aire-admiral-ad-af505-6-3-litros-13978/,149999.0,84999.0,1,True
FRA-pava-electrica-kanji-home-con-corte-mate,Fravega,OTRAS,Pequeños Electrodomésticos,Pava Eléctrica Kanji Home con Corte Mate KJH-PE15002M,https://www.fravega.com/p/pava-electrica-kanji-home-con-corte-mate-kjh-pe15002m--13629/,29999.0,20999.0,1,True
FRA-microondas-atma-94watds20ucp-20-lts-silv,Fravega,ATMA,Pequeños Electrodomésticos,Microondas ATMA 94WATDS20UCP 20 Lts Silver,https://www.fravega.com/p/microondas-atma-94watds20ucp-20-lts-silver-110371/,241999.0,179999.0,1,True
FRA-freidora-de-aire-atma-con-visor-fr248abp,Fravega,ATMA,Pequeños Electrodomésticos,Freidora de Aire ATMA con Visor FR248ABP 8Lts Negro,https://www.fravega.com/p/freidora-de-aire-atma-con-visor-fr248abp-8lts-negro-14103/,204999.0,129999.0,1,True
FRA-freidora-de-aire-y-hornito-atma-hfr582dp,Fravega,ATMA,Pequeños Electrodomésticos,"Freidora de Aire y Hornito Atma HFR582DP 11,6 Litros",https://www.fravega.com/p/freidora-de-aire-y-hornito-atma-hfr582dp-11-6-litros-14039/,294999.0,159999.0,1,True
FRA-cafetera-espresso-suono-20-bar-espumador,Fravega,OTRAS,Pequeños Electrodomésticos,Cafetera Espresso Suono 20 Bar Espumador HOG0389ACE,https://www.fravega.com/p/cafetera-espresso-suono-20-bar-espumador-hog0389ace-13969/,179999.0,109999.0,1,True
FRA-yogurtera-ultracomb-yg-2707-13859,Fravega,OTRAS,Pequeños Electrodomésticos,Yogurtera Ultracomb YG-2707,https://www.fravega.com/p/yogurtera-ultracomb-yg-2707-13859/,75099.0,39999.0,1,True
FRA-aspiradora-vertical-inalambrica-electrol,Fravega,OTRAS,Pequeños Electrodomésticos,Aspiradora Vertical Inalámbrica Electrolux Stick 2 en 1 ERG019,https://www.fravega.com/p/aspiradora-vertical-inalambrica-electrolux-stick-2-1-erg019-60832/,269999.0,149999.0,1,True
FRA-afeitadora-philips-s1881-00-serie-1000-u,Fravega,PHILIPS,Pequeños Electrodomésticos,Afeitadora Philips S1881/00 Serie 1000 uso en Húmedo y Seco,https://www.fravega.com/p/afeitadora-philips-s1881-00-serie-1000-uso-humedo-y-seco-30625/,81999.0,49999.0,1,True
FRA-freidora-de-aire-peabody-pe-afd720n-7-2l,Fravega,OTRAS,Pequeños Electrodomésticos,"Freidora De Aire Peabody PE-AFD720N 7,2L",https://www.fravega.com/p/freidora-de-aire-peabody-pe-afd720n-7-2l-13837/,139999.0,99999.0,1,True
FRA-freidora-de-aire-atma-con-visor-fr246awp,Fravega,ATMA,Pequeños Electrodomésticos,Freidora de Aire ATMA con Visor FR246AWP 6Lts Blanco,https://www.fravega.com/p/freidora-de-aire-atma-con-visor-fr246awp-6lts-blanco-14102/,189999.0,149999.0,1,True
FRA-cafetera-dolce-gusto-hero-genio-s-athrac,Fravega,OTRAS,Pequeños Electrodomésticos,Cafetera Dolce Gusto Hero Genio S Athracite Gris,https://www.fravega.com/p/cafetera-dolce-gusto-hero-genio-s-athracite-gris-14203/,312690.0,208999.0,1,True
FRA-freidora-de-aire-digital-atma-fr246gap-6,Fravega,ATMA,Pequeños Electrodomésticos,Freidora de Aire Digital ATMA FR246GAP 6Lt,https://www.fravega.com/p/freidora-de-aire-digital-atma-fr246gap-6lt-13988/,189999.0,99999.0,1,True
FRA-aspiradora-philco-stick-vertical-2-1-hvc,Fravega,PHILCO,Pequeños Electrodomésticos,Aspiradora Philco Stick Vertical 2 en 1 HVCPH177PI,https://www.fravega.com/p/aspiradora-philco-stick-vertical-2-1-hvcph177pi--60288/,129999.0,54999.0,1,True
FRA-mixer-moulinex-turbomix-inox-plus-600w-1,Fravega,OTRAS,Pequeños Electrodomésticos,Mixer Moulinex Turbomix Inox Plus 600W,https://www.fravega.com/p/mixer-moulinex-turbomix-inox-plus-600w-180651/,105999.0,79999.0,1,True
FRA-pava-electrica-electrolux-efficient-2lts,Fravega,OTRAS,Pequeños Electrodomésticos,Pava Eléctrica Electrolux Efficient 2Lts EEK50,https://www.fravega.com/p/pava-electrica-electrolux-efficient-2lts-eek50-14568/,85999.0,79999.0,1,True
FRA-cafetera-nespresso-inissia-black-13916,Fravega,OTRAS,Pequeños Electrodomésticos,Cafetera Nespresso Inissia Black,https://www.fravega.com/p/cafetera-nespresso-inissia-black-13916/,343300.0,283719.01,1,True
FRA-secador-de-pelo-remington-cabello-cerami,Fravega,REMINGTON,Pequeños Electrodomésticos,Secador de Pelo Remington Cabello Ceramica Linea Profesional,https://www.fravega.com/p/secador-de-pelo-remington-cabello-ceramica-linea-profesional-990020915/,78739.0,45989.99,1,True
FRA-freidora-admiral-ad-af5007m-6l-14680,Fravega,OTRAS,Pequeños Electrodomésticos,Freidora Admiral AD-AF5007M 6L,https://www.fravega.com/p/freidora-admiral-ad-af5007m-6l-14680/,129999.0,99999.0,1,True
FRA-secador-remington-d3015-power-volumen-20,Fravega,REMINGTON,Pequeños Electrodomésticos,Secador Remington D3015 Power Volumen 2000,https://www.fravega.com/p/secador-remington-d3015-power-volumen-2000-12426/,59999.0,49999.0,1,True
FRA-microondas-atma-matrb20ubn-20l-negro-110,Fravega,ATMA,Pequeños Electrodomésticos,Microondas ATMA MATRB20UBN 20L Negro,https://www.fravega.com/p/microondas-atma-matrb20ubn-20l-negro-110350/,199999.0,159999.0,1,True
FRA-aspiradora-electrolux-stk12-2en1-60206,Fravega,OTRAS,Pequeños Electrodomésticos,Aspiradora Electrolux STK12 2EN1,https://www.fravega.com/p/aspiradora-electrolux-stk12-2en1-60206/,149999.0,69999.0,1,True
FRA-pava-electrica-atma-essential-peat1351bp,Fravega,ATMA,Pequeños Electrodomésticos,"Pava Eléctrica Atma Essential PEAT1351BP 1,8Lts Negro",https://www.fravega.com/p/pava-electrica-atma-essential-peat1351bp-1-8lts-negro-14356/,39999.0,34999.0,1,True
FRA-microondas-whirlpool-wms20bs-20l-negro-1,Fravega,WHIRLPOOL,Pequeños Electrodomésticos,Microondas Whirlpool WMS20BS 20L Negro,https://www.fravega.com/p/microondas-whirlpool-wms20bs-20l-negro-110214/,279999.0,219999.0,1,True
FRA-pava-electrica-philco-peph1182ip-inoxida,Fravega,PHILCO,Pequeños Electrodomésticos,Pava Eléctrica Philco PEPH1182IP Inoxidable,https://www.fravega.com/p/pava-electrica-philco-peph1182ip-inoxidable-14055/,41999.0,25999.0,1,True
FRA-tostadora-admiral-ad-to1318-14169,Fravega,OTRAS,Pequeños Electrodomésticos,Tostadora Admiral AD-TO1318,https://www.fravega.com/p/tostadora-admiral-ad-to1318-14169/,49999.0,28999.0,1,True
FRA-pava-electrica-electrolux-efficient-1-8l,Fravega,OTRAS,Pequeños Electrodomésticos,"Pava Eléctrica Electrolux Efficient 1,8Lts EEK11",https://www.fravega.com/p/pava-electrica-electrolux-efficient-1-8lts-eek11-14569/,58999.0,39999.0,1,True
FRA-cafetera-nespresso-essenza-mini-black-13,Fravega,OTRAS,Pequeños Electrodomésticos,Cafetera Nespresso Essenza Mini Black,https://www.fravega.com/p/cafetera-nespresso-essenza-mini-black-13391/,343300.0,283719.01,1,True
FRA-depiladora-ipl-philips-lumea-prestige-br,Fravega,PHILIPS,Pequeños Electrodomésticos,Depiladora IPL Philips Lumea Prestige BRI947/30,https://www.fravega.com/p/depiladora-ipl-philips-lumea-prestige-bri947-30-13275/,959999.0,779999.0,1,True
FRA-licuadora-philco-lv24b0php-450w-1-25lts-,Fravega,HP,Pequeños Electrodomésticos,"Licuadora Philco LV24B0PHP 450W 1,25Lts Negro",https://www.fravega.com/p/licuadora-philco-lv24b0php-450w-1-25lts-negro-180462/,61999.0,46999.0,1,True
FRA-cafetera-dolce-gusto-genio-s-blanca-pv24,Fravega,OTRAS,Pequeños Electrodomésticos,Cafetera Dolce Gusto Genio S Blanca PV240158,https://www.fravega.com/p/cafetera-dolce-gusto-genio-s-blanca-pv240158-13935/,312690.0,208999.0,1,True
FRA-freidora-de-aire-peabody-pe-afw520n-5-2l,Fravega,OTRAS,Pequeños Electrodomésticos,"Freidora de Aire Peabody PE-AFW520N 5,2Lts",https://www.fravega.com/p/freidora-de-aire-peabody-pe-afw520n-5-2lts-14090/,109999.0,79999.0,1,True
FRA-repuesto-cuchillas-x2-para-cortabarba-ph,Fravega,PHILIPS,Pequeños Electrodomésticos,Repuesto Cuchillas x2 para Cortabarba Philips OneBlade,https://www.fravega.com/p/repuesto-cuchillas-x2-para-cortabarba-philips-oneblade-30460/,31499.0,27499.0,1,True
FRA-secador-de-pelo-ga-ma-diamond-ceramic-12,Fravega,OTRAS,Pequeños Electrodomésticos,Secador de Pelo GA.MA Diamond Ceramic,https://www.fravega.com/p/secador-de-pelo-ga-ma-diamond-ceramic-12982/,89999.0,69999.0,1,True
FRA-maquina-de-coser-mc202-mini-recta-con-lu,Fravega,OTRAS,Pequeños Electrodomésticos,Máquina de Coser MC202 Mini Recta con Luz Portátil,https://www.fravega.com/p/maquina-de-coser-mc202-mini-recta-con-luz-portatil-200047/,55999.0,16999.0,1,True
FRA-planchita-de-pelo-ga-ma-elegance-bella-t,Fravega,OTRAS,Pequeños Electrodomésticos,Planchita de Pelo GA.MA Elegance Bella Tourmaline ION 230°C,https://www.fravega.com/p/planchita-de-pelo-ga-ma-elegance-bella-tourmaline-ion-230-c-13040/,68999.0,54999.0,1,True
FRA-aspiradora-robot-philco-rvcf25pi-con-tra,Fravega,PHILCO,Pequeños Electrodomésticos,Aspiradora Robot Philco RVCF25PI con Trapeadora,https://www.fravega.com/p/aspiradora-robot-philco-rvcf25pi-con-trapeadora-60287/,299999.0,229999.0,1,True
FRA-secador-de-pelo-revlon-rvdr773la2av1-140,Fravega,OTRAS,Pequeños Electrodomésticos,Secador de Pelo Revlon RVDR773LA2AV1,https://www.fravega.com/p/secador-de-pelo-revlon-rvdr773la2av1-14060/,59999.0,49999.0,1,True
FRA-minipimer-miniprocesardora-mixer-450w-3-,Fravega,OTRAS,Pequeños Electrodomésticos,Minipimer Miniprocesardora Mixer 450w 3 en 1 Kenta Blanco,https://www.fravega.com/p/minipimer-miniprocesardora-mixer-450w-3-1-kenta-blanco-22718921/,93331.0,55999.0,1,True
FRA-microondas-electrolux-emdm30g-30lts-plat,Fravega,OTRAS,Pequeños Electrodomésticos,Microondas Electrolux EMDM30G 30Lts Plata,https://www.fravega.com/p/microondas-electrolux-emdm30g-30lts-plata-110405/,319999.0,269999.0,1,True
FRA-cafetera-express-gadnic-cm3000-3-1-20-ba,Fravega,ACER,Pequeños Electrodomésticos,Cafetera Express Gadnic Cm3000 3 en 1 20 Bares Panel Táctil Vaporizador Depósito 15L Acero Inoxidable,https://www.fravega.com/p/cafetera-express-gadnic-cm3000-3-1-20-bares-panel-tactil-vaporizador-deposito-15l-acero-inoxidable-990257324/,406119.0,312399.0,1,True
FRA-freidora-de-aire-y-hornito-peabody-pe-af,Fravega,OTRAS,Pequeños Electrodomésticos,Freidora de Aire y Hornito Peabody PE-AFO120N 12 Litros,https://www.fravega.com/p/freidora-de-aire-y-hornito-peabody-pe-afo120n-12-litros-13863/,289999.0,229999.0,1,True
FRA-cafetera-expreso-cuk-by-gadnic-cm5600-se,Fravega,OTRAS,Pequeños Electrodomésticos,Cafetera Expreso Cuk By Gadnic CM5600 Semi Automática 20 Bar Con Espumador De Leche,https://www.fravega.com/p/cafetera-expreso-cuk-by-gadnic-cm5600-semi-automatica-20-bar-con-espumador-de-leche-990250912/,400204.0,307849.0,1,True
FRA-planchita-de-pelo-admiral-ad-pl001-ceram,Fravega,OTRAS,Pequeños Electrodomésticos,Planchita de Pelo Admiral AD-PL001 Ceramic 230,https://www.fravega.com/p/planchita-de-pelo-admiral-ad-pl001-ceramic-230-14214/,39999.0,21999.0,1,True
FRA-comoda-mallorca-blanco-paraiso-50001494,Fravega,OTRAS,Muebles,Comoda Mallorca blanco paraiso,https://www.fravega.com/p/comoda-mallorca-blanco-paraiso-50001494/,300454.0,169600.0,1,True
FRA-placard-2-puertas-platinum-moderno-1-20-,Fravega,OTRAS,Muebles,Placard 2 Puertas Platinum Moderno 1.20 x 2.20 mts Blanco,https://www.fravega.com/p/placard-2-puertas-platinum-moderno-1-20-x-2-20-mts-blanco-601048/,599999.0,299999.0,1,True
FRA-mesa-recibidora-de-arrime-auxiliar-con-c,Fravega,OTRAS,Muebles,Mesa Recibidora De Arrime Auxiliar Con Cajón - Patas En Mdf! Blanco,https://www.fravega.com/p/mesa-recibidora-de-arrime-auxiliar-con-cajon-patas-mdf-blanco-22716015/,165000.0,80000.0,1,True
FRA-placard-ropero-con-baulera-240x233-cm-di,Fravega,OTRAS,Muebles,Placard Ropero con Baulera 240x233 cm Diseños Modernos Color Blanco,https://www.fravega.com/p/placard-ropero-con-baulera-240x233-cm-disenos-modernos-color-blanco-21454548/,964998.75,844999.0,1,True
FRA-mesa-de-arrime-circular-negra-2-capas-60,Fravega,OTRAS,Muebles,Mesa de Arrime Circular Negra 2 Capas,https://www.fravega.com/p/mesa-de-arrime-circular-negra-2-capas-601581/,49999.0,29999.0,1,True
FRA-box-benethon-2-pl-140-x-190-blanco-mate-,Fravega,OTRAS,Muebles,Box Benethon 2 Pl  140 X 190 Blanco Mate,https://www.fravega.com/p/box-benethon-2-pl-140-x-190-blanco-mate-990223748/,778470.0,533840.0,1,True
FRA-set-x4-sillas-de-diseno-tulip-blanca-liv,Fravega,OTRAS,Muebles,Set x4 Sillas de Diseño Tulip Blanca Living Comedor Cocina,https://www.fravega.com/p/set-x4-sillas-de-diseno-tulip-blanca-living-comedor-cocina-601630/,199999.0,149999.0,1,True
FRA-biblioteca-centro-estant-l9bl-blanca-180,Fravega,OTRAS,Muebles,Biblioteca Centro Estant L9BL Blanca 180 x 41 cm,https://www.fravega.com/p/biblioteca-centro-estant-l9bl-blanca-180-x-41-cm-600837/,89999.0,69999.0,1,True
FRA-placard-ropero-puertas-corredizas-con-es,Fravega,OTRAS,Muebles,Placard Ropero Puertas Corredizas Con Espejo 2.00 X 2.00 Carpinteria Rivadavia,https://www.fravega.com/p/placard-ropero-puertas-corredizas-con-espejo-2-00-x-2-00-carpinteria-rivadavia-22625778/,599999.0,541395.0,1,True
FRA-silla-oficina-ultimate-ut-j03-601491,Fravega,OTRAS,Muebles,Silla Oficina Ultimate UT-J03,https://www.fravega.com/p/silla-oficina-ultimate-ut-j03-601491/,199999.0,99999.0,1,True
FRA-respaldo-de-cama-centro-estant-dali-140-,Fravega,OTRAS,Muebles,Respaldo de cama Centro Estant Dali 140-160 Negro Paraiso,https://www.fravega.com/p/respaldo-de-cama-centro-estant-dali-140-160-negro-paraiso-21184405/,196658.0,121900.0,1,True
FRA-mesa-tv-centro-estant-mt4002bl-blanco-12,Fravega,OTRAS,Muebles,Mesa TV Centro Estant MT4002BL Blanco 128 x 50 cm,https://www.fravega.com/p/mesa-tv-centro-estant-mt4002bl-blanco-128-x-50-cm-601417/,199999.0,135999.0,1,True
FRA-rack-tv-negro-con-puerta-corrediza--mueb,Fravega,LG,Muebles,Rack TV Negro con Puerta Corrediza – Mueble para Televisor Moderno 50 a 55 Pulgadas con Ruedas 136 cm,https://www.fravega.com/p/rack-tv-negro-con-puerta-corrediza--mueble-para-televisor-moderno-50-a-55-pulgadas-con-ruedas-136-cm-22589027/,210999.0,168547.0,1,True
FRA-silla-de-oficina-premium-ultimate-ut-c34,Fravega,OTRAS,Muebles,Silla de Oficina Premium Ultimate UT-C340W Blanco,https://www.fravega.com/p/silla-de-oficina-premium-ultimate-ut-c340w-blanco-601654/,149999.0,99999.0,1,True
FRA-cama-box-160-2-plazas-queen-con-zapatero,Fravega,OTRAS,Muebles,"Cama Box 160 2 Plazas Queen con Zapateros, Bauleras y Cajones Blanco Centro Estant",https://www.fravega.com/p/cama-box-160-2-plazas-queen-con-zapateros-bauleras-y-cajones-blanco-centro-estant-22715855/,700200.0,371100.0,1,True
FRA-cama-box-emc-queen-160-cm-con-6-cajones-,Fravega,OTRAS,Muebles,Cama Box EMC Queen 160 cm con 6 cajones Blanco,https://www.fravega.com/p/cama-box-emc-queen-160-cm-con-6-cajones-blanco-20003964/,1781955.0,677143.0,1,True
FRA-cama-box-emc-2-plazas-1-40m-con-6-cajone,Fravega,OTRAS,Muebles,"Cama Box EMC 2 Plazas 1,40m con 6 Cajones y 2 Zapateros Blanco",https://www.fravega.com/p/cama-box-emc-2-plazas-1-40m-con-6-cajones-y-2-zapateros-blanco-20003960/,1761884.0,669516.0,1,True
FRA-placard-ricchezze-tana-eco-moccha-4-puer,Fravega,OTRAS,Muebles,Placard Ricchezze Tana Eco Moccha 4 Puertas 182 x 113 cm,https://www.fravega.com/p/placard-ricchezze-tana-eco-moccha-4-puertas-182-x-113-cm-601657/,229999.0,179999.0,1,True
FRA-organizador-de-zapatos-y-ropa-con-8-ganc,Fravega,OTRAS,Muebles,Organizador De Zapatos Y Ropa Con 8 Ganchos Y 5 Niveles 80x172x26cm Marca HomeCo. Color Negro,https://www.fravega.com/p/organizador-de-zapatos-y-ropa-con-8-ganchos-y-5-niveles-80x172x26cm-marca-homeco-color-negro-22635122/,67040.48,22199.0,1,True
FRA-silla-oficina-ultimate-ut-c201-601763,Fravega,OTRAS,Muebles,Silla Oficina Ultimate UT-C201,https://www.fravega.com/p/silla-oficina-ultimate-ut-c201-601763/,99999.0,49999.0,1,True
FRA-silla-de-oficina-ergonomica-ultimate-ut-,Fravega,OTRAS,Muebles,Silla de Oficina Ergonómica Ultimate UT-C329-1,https://www.fravega.com/p/silla-de-oficina-ergonomica-ultimate-ut-c329-1-601728/,199999.0,99999.0,1,True
FRA-zapatero-mueble-botinero-organizador-cua,Fravega,OTRAS,Muebles,Zapatero Mueble Botinero Organizador Cuatro Pisos Waggs Negro,https://www.fravega.com/p/zapatero-mueble-botinero-organizador-cuatro-pisos-waggs-negro-22633951/,20985.99,9749.0,1,True
FRA-organizador-zapatero-botinero-waggs-negr,Fravega,OTRAS,Muebles,Organizador Zapatero Botinero Waggs Negro 9 Niveles 28 Pares,https://www.fravega.com/p/organizador-zapatero-botinero-waggs-negro-9-niveles-28-pares-22551562/,55986.0,25739.0,1,True
FRA-sillon-de-3-cuerpos-esquinero-convertibl,Fravega,OTRAS,Muebles,Sillón de 3 Cuerpos Esquinero Convertible American Wood Chenille Gris,https://www.fravega.com/p/sillon-de-3-cuerpos-esquinero-convertible-american-wood-chenille-gris-50000857/,2129863.0,899999.0,1,True
FRA-placard-perfileria-de-aluminio-carpinter,Fravega,OTRAS,Muebles,Placard Perfileria de Aluminio Carpinteria Rivadavia Linea Delta,https://www.fravega.com/p/placard-perfileria-de-aluminio-carpinteria-rivadavia-linea-delta-20007885/,520000.0,408575.0,1,True
FRA-placard-ropero-con-baulera-alzada-puerta,Fravega,OTRAS,Muebles,Placard Ropero con Baulera Alzada Puertas Corredizas 240x235,https://www.fravega.com/p/placard-ropero-con-baulera-alzada-puertas-corredizas-240x235-21230021/,740000.0,668950.0,1,True
FRA-zapatero-organizador-de-calzado-con-9-ni,Fravega,OTRAS,Muebles,Zapatero Organizador de Calzado con 9 niveles 60x30x160cm Marca HomeCo. Color Negro,https://www.fravega.com/p/zapatero-organizador-de-calzado-con-9-niveles-60x30x160cm-marca-homeco-color-negro-22635124/,56332.06,22599.0,1,True
FRA-placard-240x180-cm-cubos-disenos-moderno,Fravega,OTRAS,Muebles,Placard 240x180 cm cubos Diseños Modernos Blanco,https://www.fravega.com/p/placard-240x180-cm-cubos-disenos-modernos-blanco-21454372/,713748.75,634999.0,1,True
FRA-escritorio-centro-estant-sc80bl-blanco-8,Fravega,OTRAS,Muebles,Escritorio Centro Estant SC80BL Blanco 82 x 44 cm,https://www.fravega.com/p/escritorio-centro-estant-sc80bl-blanco-82-x-44-cm-600944/,110999.0,84999.0,1,True
FRA-perchero-movil-metalico-barral-exhibidor,Fravega,OTRAS,Muebles,Perchero Movil Metalico Barral Exhibidor Waggs,https://www.fravega.com/p/perchero-movil-metalico-barral-exhibidor-waggs-22081908/,41986.0,23399.0,1,True
FRA-comoda-mallorca-blanco-paraiso-50001494,Fravega,OTRAS,Muebles,Comoda Mallorca blanco paraiso,https://www.fravega.com/p/comoda-mallorca-blanco-paraiso-50001494/,300454.0,169600.0,1,True
FRA-placard-2-puertas-platinum-moderno-1-20-,Fravega,OTRAS,Muebles,Placard 2 Puertas Platinum Moderno 1.20 x 2.20 mts Blanco,https://www.fravega.com/p/placard-2-puertas-platinum-moderno-1-20-x-2-20-mts-blanco-601048/,599999.0,299999.0,1,True
FRA-mesa-recibidora-de-arrime-auxiliar-con-c,Fravega,OTRAS,Muebles,Mesa Recibidora De Arrime Auxiliar Con Cajón - Patas En Mdf! Blanco,https://www.fravega.com/p/mesa-recibidora-de-arrime-auxiliar-con-cajon-patas-mdf-blanco-22716015/,165000.0,80000.0,1,True
FRA-placard-ropero-con-baulera-240x233-cm-di,Fravega,OTRAS,Muebles,Placard Ropero con Baulera 240x233 cm Diseños Modernos Color Blanco,https://www.fravega.com/p/placard-ropero-con-baulera-240x233-cm-disenos-modernos-color-blanco-21454548/,964998.75,844999.0,1,True
FRA-mesa-de-arrime-circular-negra-2-capas-60,Fravega,OTRAS,Muebles,Mesa de Arrime Circular Negra 2 Capas,https://www.fravega.com/p/mesa-de-arrime-circular-negra-2-capas-601581/,49999.0,29999.0,1,True
FRA-box-benethon-2-pl-140-x-190-blanco-mate-,Fravega,OTRAS,Muebles,Box Benethon 2 Pl  140 X 190 Blanco Mate,https://www.fravega.com/p/box-benethon-2-pl-140-x-190-blanco-mate-990223748/,778470.0,533840.0,1,True
FRA-set-x4-sillas-de-diseno-tulip-blanca-liv,Fravega,OTRAS,Muebles,Set x4 Sillas de Diseño Tulip Blanca Living Comedor Cocina,https://www.fravega.com/p/set-x4-sillas-de-diseno-tulip-blanca-living-comedor-cocina-601630/,199999.0,149999.0,1,True
FRA-biblioteca-centro-estant-l9bl-blanca-180,Fravega,OTRAS,Muebles,Biblioteca Centro Estant L9BL Blanca 180 x 41 cm,https://www.fravega.com/p/biblioteca-centro-estant-l9bl-blanca-180-x-41-cm-600837/,89999.0,69999.0,1,True
FRA-placard-ropero-puertas-corredizas-con-es,Fravega,OTRAS,Muebles,Placard Ropero Puertas Corredizas Con Espejo 2.00 X 2.00 Carpinteria Rivadavia,https://www.fravega.com/p/placard-ropero-puertas-corredizas-con-espejo-2-00-x-2-00-carpinteria-rivadavia-22625778/,599999.0,541395.0,1,True
FRA-silla-oficina-ultimate-ut-j03-601491,Fravega,OTRAS,Muebles,Silla Oficina Ultimate UT-J03,https://www.fravega.com/p/silla-oficina-ultimate-ut-j03-601491/,199999.0,99999.0,1,True
FRA-respaldo-de-cama-centro-estant-dali-140-,Fravega,OTRAS,Muebles,Respaldo de cama Centro Estant Dali 140-160 Negro Paraiso,https://www.fravega.com/p/respaldo-de-cama-centro-estant-dali-140-160-negro-paraiso-21184405/,196658.0,121900.0,1,True
FRA-mesa-tv-centro-estant-mt4002bl-blanco-12,Fravega,OTRAS,Muebles,Mesa TV Centro Estant MT4002BL Blanco 128 x 50 cm,https://www.fravega.com/p/mesa-tv-centro-estant-mt4002bl-blanco-128-x-50-cm-601417/,199999.0,135999.0,1,True
FRA-rack-tv-negro-con-puerta-corrediza--mueb,Fravega,LG,Muebles,Rack TV Negro con Puerta Corrediza – Mueble para Televisor Moderno 50 a 55 Pulgadas con Ruedas 136 cm,https://www.fravega.com/p/rack-tv-negro-con-puerta-corrediza--mueble-para-televisor-moderno-50-a-55-pulgadas-con-ruedas-136-cm-22589027/,210999.0,168547.0,1,True
FRA-silla-de-oficina-premium-ultimate-ut-c34,Fravega,OTRAS,Muebles,Silla de Oficina Premium Ultimate UT-C340W Blanco,https://www.fravega.com/p/silla-de-oficina-premium-ultimate-ut-c340w-blanco-601654/,149999.0,99999.0,1,True
FRA-cama-box-160-2-plazas-queen-con-zapatero,Fravega,OTRAS,Muebles,"Cama Box 160 2 Plazas Queen con Zapateros, Bauleras y Cajones Blanco Centro Estant",https://www.fravega.com/p/cama-box-160-2-plazas-queen-con-zapateros-bauleras-y-cajones-blanco-centro-estant-22715855/,700200.0,371100.0,1,True
FRA-juego-de-comedor-madesa-allegro-con-6-si,Fravega,OTRAS,Muebles,Juego De Comedor Madesa Allegro Con 6 Sillas Imperial,https://www.fravega.com/p/juego-de-comedor-madesa-allegro-con-6-sillas-imperial-22619283/,899964.0,479919.0,1,True
FRA-zapatero-organizador-de-zapatos-3-nivele,Fravega,OTRAS,Muebles,Zapatero Organizador De Zapatos 3 Niveles Hogar Actual,https://www.fravega.com/p/zapatero-organizador-de-zapatos-3-niveles-hogar-actual-990274937/,18499.0,13499.0,1,True
FRA-ropero-madesa-nobre-placard-con-3-puerta,Fravega,OTRAS,Muebles,Ropero Madesa Nobre Placard Con 3 Puertas Corredizas 1 Espejo 170x205x51,https://www.fravega.com/p/ropero-madesa-nobre-placard-con-3-puertas-corredizas-1-espejo-170x205x51-22619866/,899912.0,459919.0,1,True
FRA-rack-de-tv-panel-varillado-colgante-160-,Fravega,LG,Muebles,RACK DE TV PANEL VARILLADO COLGANTE 160 PARA TV 55 PULGADAS,https://www.fravega.com/p/rack-de-tv-panel-varillado-colgante-160-para-tv-55-pulgadas-22701358/,199999.0,176311.0,1,True
FRA-rack-panel-solus-tv-70-off-white-cinamom,Fravega,OTRAS,Muebles,RACK PANEL SOLUS TV 70'' OFF WHITE CINAMOMO CARPINTERIA RIVADAVIA,https://www.fravega.com/p/rack-panel-solus-tv-70-off-white-cinamomo-carpinteria-rivadavia-22701360/,235000.0,205928.0,1,True
FRA-placard-200x180-cm-cubos-disenos-moderno,Fravega,OTRAS,Muebles,Placard 200x180 cm cubos Diseños Modernos Blanco Paris,https://www.fravega.com/p/placard-200x180-cm-cubos-disenos-modernos-blanco-paris-21295689/,569998.75,549999.0,1,True
FRA-silla-de-oficina-reclinable-starway-lc00,Fravega,OTRAS,Muebles,Silla de Oficina Reclinable Starway LC001 Color Negro,https://www.fravega.com/p/silla-de-oficina-reclinable-starway-lc001-color-negro--21242388/,199999.0,149999.0,1,True
FRA-juego-de-comedor-madesa-allegro-con-6-si,Fravega,OTRAS,Muebles,Juego De Comedor Madesa Allegro Con 6 Sillas Silver,https://www.fravega.com/p/juego-de-comedor-madesa-allegro-con-6-sillas-silver-22619217/,899964.0,479919.0,1,True
FRA-placard-ropero-puertas-corredizas-150-x-,Fravega,OTRAS,Muebles,Placard Ropero Puertas Corredizas 150 x 180 x 0.55,https://www.fravega.com/p/placard-ropero-puertas-corredizas-150-x-180-x-0-55-21230023/,325000.0,289661.0,1,True
FRA-placard-240x180-cm-cubos-disenos-moderno,Fravega,OTRAS,Muebles,Placard 240x180 cm Cubos Diseños Modernos Blanco,https://www.fravega.com/p/placard-240x180-cm-cubos-disenos-modernos-blanco--21295693/,599998.75,553999.0,1,True
FRA-carro-de-mano-de-cocina-de-3-niveles-f11,Fravega,OTRAS,Muebles,Carro de Mano de Cocina de 3 Niveles F11196,https://www.fravega.com/p/carro-de-mano-de-cocina-de-3-niveles-f11196-601599/,59999.0,19999.0,1,True
FRA-comoda-mallorca-blanco-paraiso-50001494,Fravega,OTRAS,Muebles,Comoda Mallorca blanco paraiso,https://www.fravega.com/p/comoda-mallorca-blanco-paraiso-50001494/,300454.0,169600.0,1,True
FRA-placard-2-puertas-platinum-moderno-1-20-,Fravega,OTRAS,Muebles,Placard 2 Puertas Platinum Moderno 1.20 x 2.20 mts Blanco,https://www.fravega.com/p/placard-2-puertas-platinum-moderno-1-20-x-2-20-mts-blanco-601048/,599999.0,299999.0,1,True
FRA-mesa-recibidora-de-arrime-auxiliar-con-c,Fravega,OTRAS,Muebles,Mesa Recibidora De Arrime Auxiliar Con Cajón - Patas En Mdf! Blanco,https://www.fravega.com/p/mesa-recibidora-de-arrime-auxiliar-con-cajon-patas-mdf-blanco-22716015/,165000.0,80000.0,1,True
FRA-placard-ropero-con-baulera-240x233-cm-di,Fravega,OTRAS,Muebles,Placard Ropero con Baulera 240x233 cm Diseños Modernos Color Blanco,https://www.fravega.com/p/placard-ropero-con-baulera-240x233-cm-disenos-modernos-color-blanco-21454548/,964998.75,844999.0,1,True
FRA-mesa-de-arrime-circular-negra-2-capas-60,Fravega,OTRAS,Muebles,Mesa de Arrime Circular Negra 2 Capas,https://www.fravega.com/p/mesa-de-arrime-circular-negra-2-capas-601581/,49999.0,29999.0,1,True
FRA-box-benethon-2-pl-140-x-190-blanco-mate-,Fravega,OTRAS,Muebles,Box Benethon 2 Pl  140 X 190 Blanco Mate,https://www.fravega.com/p/box-benethon-2-pl-140-x-190-blanco-mate-990223748/,778470.0,533840.0,1,True
FRA-set-x4-sillas-de-diseno-tulip-blanca-liv,Fravega,OTRAS,Muebles,Set x4 Sillas de Diseño Tulip Blanca Living Comedor Cocina,https://www.fravega.com/p/set-x4-sillas-de-diseno-tulip-blanca-living-comedor-cocina-601630/,199999.0,149999.0,1,True
FRA-biblioteca-centro-estant-l9bl-blanca-180,Fravega,OTRAS,Muebles,Biblioteca Centro Estant L9BL Blanca 180 x 41 cm,https://www.fravega.com/p/biblioteca-centro-estant-l9bl-blanca-180-x-41-cm-600837/,89999.0,69999.0,1,True
FRA-placard-ropero-puertas-corredizas-con-es,Fravega,OTRAS,Muebles,Placard Ropero Puertas Corredizas Con Espejo 2.00 X 2.00 Carpinteria Rivadavia,https://www.fravega.com/p/placard-ropero-puertas-corredizas-con-espejo-2-00-x-2-00-carpinteria-rivadavia-22625778/,599999.0,541395.0,1,True
FRA-silla-oficina-ultimate-ut-j03-601491,Fravega,OTRAS,Muebles,Silla Oficina Ultimate UT-J03,https://www.fravega.com/p/silla-oficina-ultimate-ut-j03-601491/,199999.0,99999.0,1,True
FRA-respaldo-de-cama-centro-estant-dali-140-,Fravega,OTRAS,Muebles,Respaldo de cama Centro Estant Dali 140-160 Negro Paraiso,https://www.fravega.com/p/respaldo-de-cama-centro-estant-dali-140-160-negro-paraiso-21184405/,196658.0,121900.0,1,True
FRA-mesa-tv-centro-estant-mt4002bl-blanco-12,Fravega,OTRAS,Muebles,Mesa TV Centro Estant MT4002BL Blanco 128 x 50 cm,https://www.fravega.com/p/mesa-tv-centro-estant-mt4002bl-blanco-128-x-50-cm-601417/,199999.0,135999.0,1,True
FRA-rack-tv-negro-con-puerta-corrediza--mueb,Fravega,LG,Muebles,Rack TV Negro con Puerta Corrediza – Mueble para Televisor Moderno 50 a 55 Pulgadas con Ruedas 136 cm,https://www.fravega.com/p/rack-tv-negro-con-puerta-corrediza--mueble-para-televisor-moderno-50-a-55-pulgadas-con-ruedas-136-cm-22589027/,210999.0,168547.0,1,True
FRA-silla-de-oficina-premium-ultimate-ut-c34,Fravega,OTRAS,Muebles,Silla de Oficina Premium Ultimate UT-C340W Blanco,https://www.fravega.com/p/silla-de-oficina-premium-ultimate-ut-c340w-blanco-601654/,149999.0,99999.0,1,True
FRA-cama-box-160-2-plazas-queen-con-zapatero,Fravega,OTRAS,Muebles,"Cama Box 160 2 Plazas Queen con Zapateros, Bauleras y Cajones Blanco Centro Estant",https://www.fravega.com/p/cama-box-160-2-plazas-queen-con-zapateros-bauleras-y-cajones-blanco-centro-estant-22715855/,700200.0,371100.0,1,True
FRA-silla-escritorio-mesh-respaldo-alto-ofic,Fravega,OTRAS,Muebles,Silla Escritorio Mesh Respaldo Alto Oficina Sillon Calidad Premium,https://www.fravega.com/p/silla-escritorio-mesh-respaldo-alto-oficina-sillon-calidad-premium-21479740/,130174.0,94500.0,1,True
FRA-placard-240-perfileria-de-aluminio-carpi,Fravega,OTRAS,Muebles,Placard 240 Perfileria de Aluminio Carpinteria Rivadavia Linea Delta,https://www.fravega.com/p/placard-240-perfileria-de-aluminio-carpinteria-rivadavia-linea-delta-20017411/,545666.0,498769.0,1,True
FRA-placard-200x180-cm-cubos-disenos-moderno,Fravega,OTRAS,Muebles,Placard 200x180 cm cubos Diseños Modernos Blanco,https://www.fravega.com/p/placard-200x180-cm-cubos-disenos-modernos-blanco-21454370/,677498.75,636999.0,1,True
FRA-zapatero-mueble-botinero-organizador-cua,Fravega,OTRAS,Muebles,Zapatero Mueble Botinero Organizador Cuatro Pisos Waggs,https://www.fravega.com/p/zapatero-mueble-botinero-organizador-cuatro-pisos-waggs-21704087/,20985.99,7949.0,1,True
FRA-placard-puertas-corredizas-120-x-180-x-0,Fravega,OTRAS,Muebles,Placard Puertas Corredizas 120 x 180 x 0.55 Linea Económica,https://www.fravega.com/p/placard-puertas-corredizas-120-x-180-x-0-55-linea-economica-21230022/,315000.0,254906.0,1,True
FRA-respaldo-de-cama-centro-estant-dali-140-,Fravega,OTRAS,Muebles,Respaldo de Cama Centro Estant Dali 140-160 Blanco Paraiso,https://www.fravega.com/p/respaldo-de-cama-centro-estant-dali-140-160-blanco-paraiso-50022494/,196658.0,121900.0,1,True
FRA-placard-ropero-con-baulera-200x233-cm-di,Fravega,OTRAS,Muebles,Placard Ropero con Baulera 200x233 cm Diseños Modernos Blanco  Placard Ropero con Baulera 200x233 cm Diseños Modernos Blanco,https://www.fravega.com/p/placard-ropero-con-baulera-200x233-cm-disenos-modernos-blanco-placard-ropero-con-baulera-200x233-cm-disenos-modernos-blanco-21454547/,892498.75,834999.0,1,True
FRA-comoda-mallorca-negro-paraiso-20242083,Fravega,OTRAS,Muebles,Comoda Mallorca negro paraiso,https://www.fravega.com/p/comoda-mallorca-negro-paraiso-20242083/,241780.0,169600.0,1,True
FRA-rack-mesa-madesa-dubai-para-tv-de-hasta-,Fravega,LG,Muebles,Rack Mesa Madesa Dubai Para Tv De Hasta 65 Pulgadas,https://www.fravega.com/p/rack-mesa-madesa-dubai-para-tv-de-hasta-65-pulgadas-22627337/,349972.0,119919.0,1,True
FRA-perchero-organizador-suono-zapatero-4-ni,Fravega,LG,Muebles,Perchero Organizador Suono Zapatero 4 Niveles Colgador Ropa,https://www.fravega.com/p/perchero-organizador-suono-zapatero-4-niveles-colgador-ropa-990249422/,30359.0,21399.0,1,True
FRA-placard-vestidor-1-80-x-1-80-carpinteria,Fravega,OTRAS,Muebles,Placard Vestidor 1.80 x 1.80 Carpinteria Rivadavia Linea Delta,https://www.fravega.com/p/placard-vestidor-1-80-x-1-80-carpinteria-rivadavia-linea-delta-20012662/,360000.0,301488.0,1,True
FRA-juego-de-comedor-cocina-madesa-havana-co,Fravega,OTRAS,Muebles,Juego De Comedor Cocina Madesa Havana Conjunto Mesa con 4 Sillas,https://www.fravega.com/p/juego-de-comedor-cocina-madesa-havana-conjunto-mesa-con-4-sillas-22627150/,589972.0,269919.0,1,True
FRA-comoda-mallorca-blanco-paraiso-50001494,Fravega,OTRAS,Muebles,Comoda Mallorca blanco paraiso,https://www.fravega.com/p/comoda-mallorca-blanco-paraiso-50001494/,300454.0,169600.0,1,True
FRA-placard-2-puertas-platinum-moderno-1-20-,Fravega,OTRAS,Muebles,Placard 2 Puertas Platinum Moderno 1.20 x 2.20 mts Blanco,https://www.fravega.com/p/placard-2-puertas-platinum-moderno-1-20-x-2-20-mts-blanco-601048/,599999.0,299999.0,1,True
FRA-mesa-recibidora-de-arrime-auxiliar-con-c,Fravega,OTRAS,Muebles,Mesa Recibidora De Arrime Auxiliar Con Cajón - Patas En Mdf! Blanco,https://www.fravega.com/p/mesa-recibidora-de-arrime-auxiliar-con-cajon-patas-mdf-blanco-22716015/,165000.0,80000.0,1,True
FRA-placard-ropero-con-baulera-240x233-cm-di,Fravega,OTRAS,Muebles,Placard Ropero con Baulera 240x233 cm Diseños Modernos Color Blanco,https://www.fravega.com/p/placard-ropero-con-baulera-240x233-cm-disenos-modernos-color-blanco-21454548/,964998.75,844999.0,1,True
FRA-mesa-de-arrime-circular-negra-2-capas-60,Fravega,OTRAS,Muebles,Mesa de Arrime Circular Negra 2 Capas,https://www.fravega.com/p/mesa-de-arrime-circular-negra-2-capas-601581/,49999.0,29999.0,1,True
FRA-box-benethon-2-pl-140-x-190-blanco-mate-,Fravega,OTRAS,Muebles,Box Benethon 2 Pl  140 X 190 Blanco Mate,https://www.fravega.com/p/box-benethon-2-pl-140-x-190-blanco-mate-990223748/,778470.0,533840.0,1,True
FRA-set-x4-sillas-de-diseno-tulip-blanca-liv,Fravega,OTRAS,Muebles,Set x4 Sillas de Diseño Tulip Blanca Living Comedor Cocina,https://www.fravega.com/p/set-x4-sillas-de-diseno-tulip-blanca-living-comedor-cocina-601630/,199999.0,149999.0,1,True
FRA-biblioteca-centro-estant-l9bl-blanca-180,Fravega,OTRAS,Muebles,Biblioteca Centro Estant L9BL Blanca 180 x 41 cm,https://www.fravega.com/p/biblioteca-centro-estant-l9bl-blanca-180-x-41-cm-600837/,89999.0,69999.0,1,True
FRA-placard-ropero-puertas-corredizas-con-es,Fravega,OTRAS,Muebles,Placard Ropero Puertas Corredizas Con Espejo 2.00 X 2.00 Carpinteria Rivadavia,https://www.fravega.com/p/placard-ropero-puertas-corredizas-con-espejo-2-00-x-2-00-carpinteria-rivadavia-22625778/,599999.0,541395.0,1,True
FRA-silla-oficina-ultimate-ut-j03-601491,Fravega,OTRAS,Muebles,Silla Oficina Ultimate UT-J03,https://www.fravega.com/p/silla-oficina-ultimate-ut-j03-601491/,199999.0,99999.0,1,True
FRA-respaldo-de-cama-centro-estant-dali-140-,Fravega,OTRAS,Muebles,Respaldo de cama Centro Estant Dali 140-160 Negro Paraiso,https://www.fravega.com/p/respaldo-de-cama-centro-estant-dali-140-160-negro-paraiso-21184405/,196658.0,121900.0,1,True
FRA-mesa-tv-centro-estant-mt4002bl-blanco-12,Fravega,OTRAS,Muebles,Mesa TV Centro Estant MT4002BL Blanco 128 x 50 cm,https://www.fravega.com/p/mesa-tv-centro-estant-mt4002bl-blanco-128-x-50-cm-601417/,199999.0,135999.0,1,True
FRA-rack-tv-negro-con-puerta-corrediza--mueb,Fravega,LG,Muebles,Rack TV Negro con Puerta Corrediza – Mueble para Televisor Moderno 50 a 55 Pulgadas con Ruedas 136 cm,https://www.fravega.com/p/rack-tv-negro-con-puerta-corrediza--mueble-para-televisor-moderno-50-a-55-pulgadas-con-ruedas-136-cm-22589027/,210999.0,168547.0,1,True
FRA-silla-de-oficina-premium-ultimate-ut-c34,Fravega,OTRAS,Muebles,Silla de Oficina Premium Ultimate UT-C340W Blanco,https://www.fravega.com/p/silla-de-oficina-premium-ultimate-ut-c340w-blanco-601654/,149999.0,99999.0,1,True
FRA-cama-box-160-2-plazas-queen-con-zapatero,Fravega,OTRAS,Muebles,"Cama Box 160 2 Plazas Queen con Zapateros, Bauleras y Cajones Blanco Centro Estant",https://www.fravega.com/p/cama-box-160-2-plazas-queen-con-zapateros-bauleras-y-cajones-blanco-centro-estant-22715855/,700200.0,371100.0,1,True
FRA-silla-de-oficina-allegra-nhso0010-ergono,Fravega,OTRAS,Muebles,Silla De Oficina Allegra NHSO0010  Ergonomica Apoyo Lumbar Nebraska Negro Malla,https://www.fravega.com/p/silla-de-oficina-allegra-nhso0010-ergonomica-apoyo-lumbar-nebraska-negro-malla-22726617/,131729.0,54998.0,1,True
FRA-placard-180x180-cm-cubos-disenos-moderno,Fravega,OTRAS,Muebles,Placard 180x180 cm cubos Diseños Modernos Blanco,https://www.fravega.com/p/placard-180x180-cm-cubos-disenos-modernos-blanco-21454363/,589998.75,539999.0,1,True
FRA-sillon-mesh-ejecutivo-respaldo-alto-sill,Fravega,OTRAS,Muebles,Sillon Mesh Ejecutivo Respaldo Alto Silla Escritorio Pc,https://www.fravega.com/p/sillon-mesh-ejecutivo-respaldo-alto-silla-escritorio-pc-22768546/,137723.44,89999.0,1,True
FRA--placard-vestidor-240x180-cm-cubos-disen,Fravega,OTRAS,Muebles,Placard Vestidor 240x180 cm cubos Diseños Modernos Blanco,https://www.fravega.com/p/-placard-vestidor-240x180-cm-cubos-disenos-modernos-blanco-21295823/,571248.75,428999.0,1,True
FRA-sillon-de-3-cuerpos-esquinero-convertibl,Fravega,OTRAS,Muebles,Sillón de 3 Cuerpos Esquinero Convertible American Wood Chenille Gris Claro,https://www.fravega.com/p/sillon-de-3-cuerpos-esquinero-convertible-american-wood-chenille-gris-claro-50000854/,2129863.0,899999.0,1,True
FRA-organizador-zapatero-botinero-waggs-marr,Fravega,OTRAS,Muebles,Organizador Zapatero Botinero Waggs Marrón 9 Niveles 28 Pares,https://www.fravega.com/p/organizador-zapatero-botinero-waggs-marron-9-niveles-28-pares-22551560/,46186.0,25739.0,1,True
FRA-ropero-max-madesa-placard-de-2-puertas-c,Fravega,OTRAS,Muebles,Ropero Max Madesa Placard De 2 Puertas Corredizas 1 Espejo,https://www.fravega.com/p/ropero-max-madesa-placard-de-2-puertas-corredizas-1-espejo-22626747/,549972.0,339919.0,1,True
FRA-despensero-2-maxi-puertas-centro-estant-,Fravega,OTRAS,Muebles,Despensero 2 Maxi Puertas Centro Estant DIS4 Blanco 180 x 60 cm,https://www.fravega.com/p/despensero-2-maxi-puertas-centro-estant-dis4-blanco-180-x-60-cm-600010/,199999.0,134999.0,1,True
FRA-rack-microondas-vajillero-kp60-centro-es,Fravega,OTRAS,Muebles,Rack Microondas/Vajillero KP60 Centro Estant 115 x 56 cm,https://www.fravega.com/p/rack-microondas-vajillero-kp60-centro-estant-115-x-56-cm-601060/,125999.0,99999.0,1,True
FRA-placard-ropero-con-baulera-180x233-cm-di,Fravega,OTRAS,Muebles,Placard Ropero con Baulera 180x233 cm Diseños Modernos Blanco,https://www.fravega.com/p/placard-ropero-con-baulera-180x233-cm-disenos-modernos-blanco-21454546/,986248.75,739999.0,1,True
FRA-escritorio-gamer-moderno-mesa-para-pc-y-,Fravega,OTRAS,Muebles,Escritorio Gamer Moderno mesa Para Pc Y Consola 136Cm Negro Y Rojo,https://www.fravega.com/p/escritorio-gamer-moderno-mesa-para-pc-y-consola-136cm-negro-y-rojo-22707714/,249967.0,129919.0,1,True
FRA-silla-de-oficina-ergonomica-novohome-nh-,Fravega,OTRAS,Muebles,Silla De Oficina Ergonómica Novohome Nh-oc100 Mesh,https://www.fravega.com/p/silla-de-oficina-ergonomica-novohome-nh-oc100-mesh-990288785/,94489.0,57990.0,1,True
FRA-escritorio-rinconero-centro-estant-milan,Fravega,OTRAS,Muebles,Escritorio Rinconero Centro Estant Milan SC1260BLP Blanco 168 x 76 cm,https://www.fravega.com/p/escritorio-rinconero-centro-estant-milan-sc1260blp-blanco-168-x-76-cm-601343/,239999.0,179999.0,1,True
FRA-bajo-mesada-orlandi-bahia-120cm-blanco-8,Fravega,OTRAS,Muebles,Bajo Mesada Orlandi Bahía 120cm Blanco 80 x 120 cm,https://www.fravega.com/p/bajo-mesada-orlandi-bahia-120cm-blanco-80-x-120-cm-601766/,199999.0,139999.0,1,True
FRA-comoda-mallorca-blanco-paraiso-50001494,Fravega,OTRAS,Muebles,Comoda Mallorca blanco paraiso,https://www.fravega.com/p/comoda-mallorca-blanco-paraiso-50001494/,300454.0,169600.0,1,True
FRA-placard-2-puertas-platinum-moderno-1-20-,Fravega,OTRAS,Muebles,Placard 2 Puertas Platinum Moderno 1.20 x 2.20 mts Blanco,https://www.fravega.com/p/placard-2-puertas-platinum-moderno-1-20-x-2-20-mts-blanco-601048/,599999.0,299999.0,1,True
FRA-mesa-recibidora-de-arrime-auxiliar-con-c,Fravega,OTRAS,Muebles,Mesa Recibidora De Arrime Auxiliar Con Cajón - Patas En Mdf! Blanco,https://www.fravega.com/p/mesa-recibidora-de-arrime-auxiliar-con-cajon-patas-mdf-blanco-22716015/,165000.0,80000.0,1,True
FRA-placard-ropero-con-baulera-240x233-cm-di,Fravega,OTRAS,Muebles,Placard Ropero con Baulera 240x233 cm Diseños Modernos Color Blanco,https://www.fravega.com/p/placard-ropero-con-baulera-240x233-cm-disenos-modernos-color-blanco-21454548/,964998.75,844999.0,1,True
FRA-mesa-de-arrime-circular-negra-2-capas-60,Fravega,OTRAS,Muebles,Mesa de Arrime Circular Negra 2 Capas,https://www.fravega.com/p/mesa-de-arrime-circular-negra-2-capas-601581/,49999.0,29999.0,1,True
FRA-box-benethon-2-pl-140-x-190-blanco-mate-,Fravega,OTRAS,Muebles,Box Benethon 2 Pl  140 X 190 Blanco Mate,https://www.fravega.com/p/box-benethon-2-pl-140-x-190-blanco-mate-990223748/,778470.0,533840.0,1,True
FRA-set-x4-sillas-de-diseno-tulip-blanca-liv,Fravega,OTRAS,Muebles,Set x4 Sillas de Diseño Tulip Blanca Living Comedor Cocina,https://www.fravega.com/p/set-x4-sillas-de-diseno-tulip-blanca-living-comedor-cocina-601630/,199999.0,149999.0,1,True
FRA-biblioteca-centro-estant-l9bl-blanca-180,Fravega,OTRAS,Muebles,Biblioteca Centro Estant L9BL Blanca 180 x 41 cm,https://www.fravega.com/p/biblioteca-centro-estant-l9bl-blanca-180-x-41-cm-600837/,89999.0,69999.0,1,True
FRA-placard-ropero-puertas-corredizas-con-es,Fravega,OTRAS,Muebles,Placard Ropero Puertas Corredizas Con Espejo 2.00 X 2.00 Carpinteria Rivadavia,https://www.fravega.com/p/placard-ropero-puertas-corredizas-con-espejo-2-00-x-2-00-carpinteria-rivadavia-22625778/,599999.0,541395.0,1,True
FRA-silla-oficina-ultimate-ut-j03-601491,Fravega,OTRAS,Muebles,Silla Oficina Ultimate UT-J03,https://www.fravega.com/p/silla-oficina-ultimate-ut-j03-601491/,199999.0,99999.0,1,True
FRA-respaldo-de-cama-centro-estant-dali-140-,Fravega,OTRAS,Muebles,Respaldo de cama Centro Estant Dali 140-160 Negro Paraiso,https://www.fravega.com/p/respaldo-de-cama-centro-estant-dali-140-160-negro-paraiso-21184405/,196658.0,121900.0,1,True
FRA-mesa-tv-centro-estant-mt4002bl-blanco-12,Fravega,OTRAS,Muebles,Mesa TV Centro Estant MT4002BL Blanco 128 x 50 cm,https://www.fravega.com/p/mesa-tv-centro-estant-mt4002bl-blanco-128-x-50-cm-601417/,199999.0,135999.0,1,True
FRA-rack-tv-negro-con-puerta-corrediza--mueb,Fravega,LG,Muebles,Rack TV Negro con Puerta Corrediza – Mueble para Televisor Moderno 50 a 55 Pulgadas con Ruedas 136 cm,https://www.fravega.com/p/rack-tv-negro-con-puerta-corrediza--mueble-para-televisor-moderno-50-a-55-pulgadas-con-ruedas-136-cm-22589027/,210999.0,168547.0,1,True
FRA-silla-de-oficina-premium-ultimate-ut-c34,Fravega,OTRAS,Muebles,Silla de Oficina Premium Ultimate UT-C340W Blanco,https://www.fravega.com/p/silla-de-oficina-premium-ultimate-ut-c340w-blanco-601654/,149999.0,99999.0,1,True
FRA-cama-box-160-2-plazas-queen-con-zapatero,Fravega,OTRAS,Muebles,"Cama Box 160 2 Plazas Queen con Zapateros, Bauleras y Cajones Blanco Centro Estant",https://www.fravega.com/p/cama-box-160-2-plazas-queen-con-zapateros-bauleras-y-cajones-blanco-centro-estant-22715855/,700200.0,371100.0,1,True
FRA-placard-180x180-cm-cubos-disenos-moderno,Fravega,OTRAS,Muebles,Placard 180x180 cm cubos Diseños Modernos Blanco,https://www.fravega.com/p/placard-180x180-cm-cubos-disenos-modernos-blanco-22617892/,589998.75,538999.0,1,True
FRA-baul-juguetero-montessori-biblioteca-inf,Fravega,OTRAS,Muebles,"Baúl Juguetero Montessori, Biblioteca Infantil, Organizador - Blanco - Juguetero Montessori",https://www.fravega.com/p/baul-juguetero-montessori-biblioteca-infantil-organizador-blanco-juguetero-montessori-22646748/,118800.0,59400.0,1,True
FRA-mesa-de-luz-orlandi-venecia-60-x-42-cm-6,Fravega,OTRAS,Muebles,Mesa de Luz Orlandi Venecia 60 x 42 cm,https://www.fravega.com/p/mesa-de-luz-orlandi-venecia-60-x-42-cm-601215/,69999.0,49999.0,1,True
FRA-silla-oficina-egronomica-pc-giratoria-li,Fravega,OTRAS,Muebles,Silla Oficina Egronomica Pc Giratoria Linea Starway Negro,https://www.fravega.com/p/silla-oficina-egronomica-pc-giratoria-linea-starway-negro-21792625/,79999.0,74999.0,1,True
FRA-despensero-organizador-multifuncion-180-,Fravega,OTRAS,Muebles,Despensero Organizador Multifuncion 180 X 60 Moderno Blanco,https://www.fravega.com/p/despensero-organizador-multifuncion-180-x-60-moderno-blanco-22708524/,134995.0,110605.0,1,True
FRA-juego-de-mesa-eames-90x90-4-sillas-tulip,Fravega,OTRAS,Muebles,Juego de Mesa Eames 90x90 + 4 Sillas Tulip Baires4,https://www.fravega.com/p/juego-de-mesa-eames-90x90-4-sillas-tulip-baires4-22745299/,422787.43,328236.43,1,True
FRA-juego-de-comedor-cocina-jaine-madesa-mes,Fravega,OTRAS,Muebles,Juego De Comedor Cocina Jaíne Madesa Mesa Con 6 Sillas,https://www.fravega.com/p/juego-de-comedor-cocina-jaine-madesa-mesa-con-6-sillas-22627125/,659972.0,349919.0,1,True
FRA-placard-vestidor-240x180-cm-cubos-diseno,Fravega,OTRAS,Muebles,Placard Vestidor 240x180 cm cubos Diseños Modernos Blanco,https://www.fravega.com/p/placard-vestidor-240x180-cm-cubos-disenos-modernos-blanco-21454427/,679998.75,479999.0,1,True
FRA-organizador-de-calzado-waggs-zpt001-negr,Fravega,OTRAS,Muebles,Organizador de Calzado Waggs Zpt001 Negro,https://www.fravega.com/p/organizador-de-calzado-waggs-zpt001-negro-21464329/,46185.99,26399.0,1,True
FRA-rack-tv-con-puertas-corredizas-moderno-1,Fravega,OTRAS,Muebles,Rack TV con Puertas Corredizas Moderno 180 cm Negro – Mueble para Televisor 65” con Ruedas y Estantes,https://www.fravega.com/p/rack-tv-con-puertas-corredizas-moderno-180-cm-negro--mueble-para-televisor-65-con-ruedas-y-estantes-22589591/,250000.0,220400.0,1,True
FRA-placard-orlandi-3-puertas-bahia-blanco-1,Fravega,OTRAS,Muebles,Placard Orlandi 3 Puertas Bahía Blanco 184 x 91 cm,https://www.fravega.com/p/placard-orlandi-3-puertas-bahia-blanco-184-x-91-cm-601001/,299999.0,210999.0,1,True
FRA-armario-gabinete-keter-jolly-multipurpos,Fravega,OTRAS,Muebles,Armario Gabinete Keter Jolly Multipurpose Cabinet,https://www.fravega.com/p/armario-gabinete-keter-jolly-multipurpose-cabinet-510493/,499999.0,159999.0,1,True
FRA-centro-de-entretenimiento-para-tv-artheo,Fravega,LG,Muebles,Centro de Entretenimiento para TV ARTHEO – Modular Mueble Rack TV Moderno 160 x 187 cm para Televisor 55 pulgadas,https://www.fravega.com/p/centro-de-entretenimiento-para-tv-artheo--modular-mueble-rack-tv-moderno-160-x-187-cm-para-televisor-55-pulgadas-22589503/,247999.0,213486.0,1,True
FRA-conjunto-sommier-y-colchon-piero-parma-2,Fravega,OTRAS,Colchones y Sommiers,Conjunto Sommier Y Colchón Piero Parma 2.0 Espuma Premium 140x190 - 2 Plazas,https://www.fravega.com/p/conjunto-sommier-y-colchon-piero-parma-2-0-espuma-premium-140x190-2-plazas-610767/,899999.0,649999.0,1,True
FRA-sommier-y-colchon-de-espuma-king-koil-br,Fravega,OTRAS,Colchones y Sommiers,Sommier y Colchón de Espuma King Koil Bradford 200x200,https://www.fravega.com/p/sommier-y-colchon-de-espuma-king-koil-bradford-200x200-20027553/,2479998.0,1487999.0,1,True
FRA-sommier-y-colchon-de-espuma-2-plazas-sua,Fravega,OTRAS,Colchones y Sommiers,Sommier y Colchón de Espuma 2 Plazas Suavestar Sport 190x140cm,https://www.fravega.com/p/sommier-y-colchon-de-espuma-2-plazas-suavestar-sport-190x140cm-610670/,999999.0,629999.0,1,True
FRA-estelar-descanso-sommier-2x2-king-pillow,Fravega,OTRAS,Colchones y Sommiers,Estelar Descanso Sommier 2x2 King Pillow Alta Densidad,https://www.fravega.com/p/estelar-descanso-sommier-2x2-king-pillow-alta-densidad-22514474/,1499900.0,929900.0,1,True
FRA-colchon-de-resortes-king-koil-lexington-,Fravega,OTRAS,Colchones y Sommiers,Colchón de resortes King Koil Lexington Queen Size 160x200 cm con SOMMIER DE REGALO,https://www.fravega.com/p/colchon-de-resortes-king-koil-lexington-queen-size-160x200-cm-con-sommier-de-regalo-50003050/,3989998.0,2393999.0,1,True
FRA-conjunto-sommier-de-espuma-elite-lanin-2,Fravega,OTRAS,Colchones y Sommiers,Conjunto Sommier de Espuma Elite Lanin 2 plazas 140 x 190 cm + 2 Almohadas de Regalo,https://www.fravega.com/p/conjunto-sommier-de-espuma-elite-lanin-2-plazas-140-x-190-cm-2-almohadas-de-regalo-610725/,749999.0,469999.0,1,True
FRA-colchon-y-sommier-arcoiris-rio-2-plazas-,Fravega,OTRAS,Colchones y Sommiers,Colchón y Sommier Arcoiris Rio 2 Plazas 140x190 Resortes,https://www.fravega.com/p/colchon-y-sommier-arcoiris-rio-2-plazas-140x190-resortes-20007026/,1337880.0,509900.0,1,True
FRA-sommier-y-colchon-2-plazas-piero-genova-,Fravega,OTRAS,Colchones y Sommiers,Sommier y Colchón 2 Plazas Piero Genova 2.0 Premium Resortes 140x190,https://www.fravega.com/p/sommier-y-colchon-2-plazas-piero-genova-2-0-premium-resortes-140x190-610770/,899999.0,699999.0,1,True
FRA-conjunto-sommier-y-colchon-de-resortes-k,Fravega,OTRAS,Colchones y Sommiers,Conjunto Sommier y Colchón de resortes King Koil 120 Gold - Luxury Pocket Super King 200x200 cm,https://www.fravega.com/p/conjunto-sommier-y-colchon-de-resortes-king-koil-120-gold-luxury-pocket-super-king-200x200-cm-22490798/,2995198.0,1871999.0,1,True
FRA-sommier-y-colchon-bicama-de-resortes-1-1,Fravega,OTRAS,Colchones y Sommiers,Sommier y Colchón Bicama de Resortes 1 1/2 Plaza Inducol Agra 100x200 Cm,https://www.fravega.com/p/sommier-y-colchon-bicama-de-resortes-1-1-2-plaza-inducol-agra-100x200-cm-20190986/,1488332.0,892999.0,1,True
FRA-sommier-y-colchon-cannon-reims-pillow-to,Fravega,OTRAS,Colchones y Sommiers,Sommier Y Colchón Cannon Reims Pillow Top 200X200X30 King,https://www.fravega.com/p/sommier-y-colchon-cannon-reims-pillow-top-200x200x30-king-990194788/,2852352.0,1055370.0,1,True
FRA-colchon-de-espuma-sonador-mood-140-x-190,Fravega,OTRAS,Colchones y Sommiers,Colchón de Espuma Soñador Mood 140 x 190 cm,https://www.fravega.com/p/colchon-de-espuma-sonador-mood-140-x-190-cm-610717/,399999.0,259999.0,1,True
FRA-combo-2230-norcee-140x190-sommier-colcho,Fravega,OTRAS,Colchones y Sommiers,Combo 2230 NORCEE 140x190 Sommier + Colchón + Respaldo y 2 almohadas de regalo Espuma Alta Densidad,https://www.fravega.com/p/combo-2230-norcee-140x190-sommier-colchon-respaldo-y-2-almohadas-de-regalo-espuma-alta-densidad-22708009/,3552337.0,899000.0,1,True
FRA-colchon-de-resortes-king-koil-quality-eu,Fravega,OTRAS,Colchones y Sommiers,Colchón de Resortes King Koil Quality Euro 1 Plaza 80x190cm,https://www.fravega.com/p/colchon-de-resortes-king-koil-quality-euro-1-plaza-80x190cm-610908/,439999.0,289999.0,1,True
FRA-sommier-y-colchon-2230-norcee-pillow-140,Fravega,OTRAS,Colchones y Sommiers,Sommier y Colchón 2230 Norcee Pillow 140x190 Espuma Alta Densidad con 2 Almohadas de Regalo,https://www.fravega.com/p/sommier-y-colchon-2230-norcee-pillow-140x190-espuma-alta-densidad-con-2-almohadas-de-regalo-22526253/,3989698.0,1199000.0,1,True
FRA-colchon-de-espuma-y-sommier-spring-air-2,Fravega,OTRAS,Colchones y Sommiers,Colchón de Espuma y Sommier Spring Air 2 Plazas 140x190cm + Almohadas,https://www.fravega.com/p/colchon-de-espuma-y-sommier-spring-air-2-plazas-140x190cm-almohadas-610609/,699999.0,449999.0,1,True
FRA-colchon-de-espuma-cannon-1-plaza-tropica,Fravega,OTRAS,Colchones y Sommiers,Colchón de Espuma Cannon 1 Plaza Tropical 80x190cm,https://www.fravega.com/p/colchon-de-espuma-cannon-1-plaza-tropical-80x190cm-610638/,179999.0,129999.0,1,True
FRA-conjunto-colchon-y-sommier-franklin-140-,Fravega,OTRAS,Colchones y Sommiers,Conjunto Colchón y Sommier Franklin 140 x 190 cm,https://www.fravega.com/p/conjunto-colchon-y-sommier-franklin-140-x-190-cm-610868/,499999.0,349999.0,1,True
FRA-colchon-de-espuma-estelar-140x190cm-somm,Fravega,OTRAS,Colchones y Sommiers,Colchón de Espuma Estelar 140x190cm + Sommier 2 Plazas con Almohadas,https://www.fravega.com/p/colchon-de-espuma-estelar-140x190cm-sommier-2-plazas-con-almohadas-22589242/,799900.0,344900.0,1,True
FRA-combo-sommier-colchon-respaldo-y-2-almoh,Fravega,OTRAS,Colchones y Sommiers,Combo Sommier + Colchón + Respaldo y 2 almohadas de regalo 2230 SYRMA 140x190 Espuma Alta Densidad,https://www.fravega.com/p/combo-sommier-colchon-respaldo-y-2-almohadas-de-regalo-2230-syrma-140x190-espuma-alta-densidad-22652849/,2649076.0,699000.0,1,True
FRA-conjunto-colchon-y-sommier-piero-parma-2,Fravega,OTRAS,Colchones y Sommiers,Conjunto Colchón y Sommier Piero Parma 2.0 190 x 80,https://www.fravega.com/p/conjunto-colchon-y-sommier-piero-parma-2-0-190-x-80-610766/,499999.0,329999.0,1,True
FRA-sommier-y-colchon-2230-syrma-140x190-esp,Fravega,OTRAS,Colchones y Sommiers,Sommier y Colchón 2230 SYRMA 140x190 Espuma Alta Densidad con 2 almohadas de regalo,https://www.fravega.com/p/sommier-y-colchon-2230-syrma-140x190-espuma-alta-densidad-con-2-almohadas-de-regalo-22499893/,1186132.0,539000.0,1,True
FRA-colchon-de-espuma-1-plaza-suavestar-delu,Fravega,OTRAS,Colchones y Sommiers,Colchón de Espuma 1 Plaza Suavestar Deluxe 190x80cm,https://www.fravega.com/p/colchon-de-espuma-1-plaza-suavestar-deluxe-190x80cm-610495/,299999.0,199999.0,1,True
FRA-colchon-caja-sueno-dorado-box-rolo-2-pla,Fravega,OTRAS,Colchones y Sommiers,Colchón en Caja Sueño Dorado Box ROLO 2 Plazas 140x190 Espuma Alta Densidad,https://www.fravega.com/p/colchon-caja-sueno-dorado-box-rolo-2-plazas-140x190-espuma-alta-densidad-610783/,599999.0,379999.0,1,True
FRA-colchon-estelar-spot-80x190-espuma-almoh,Fravega,OTRAS,Colchones y Sommiers,Colchon Estelar Spot 80x190 Espuma + Almohada de Regalo,https://www.fravega.com/p/colchon-estelar-spot-80x190-espuma-almohada-de-regalo-21961199/,199900.0,110900.0,1,True
FRA-colchon-hibrido-king-koil-g-hybrid-2-pla,Fravega,OTRAS,Colchones y Sommiers,Colchón Híbrido King Koil G-Hybrid 2 Plazas 140x190cm,https://www.fravega.com/p/colchon-hibrido-king-koil-g-hybrid-2-plazas-140x190cm-610789/,549999.0,359999.0,1,True
FRA-conjunto-sommier-y-colchon-piero-parma-2,Fravega,OTRAS,Colchones y Sommiers,Conjunto Sommier Y Colchón Piero Parma 2.0 Espuma Premium 140x190 - 2 Plazas,https://www.fravega.com/p/conjunto-sommier-y-colchon-piero-parma-2-0-espuma-premium-140x190-2-plazas-610767/,899999.0,649999.0,1,True
FRA-sommier-y-colchon-de-espuma-king-koil-br,Fravega,OTRAS,Colchones y Sommiers,Sommier y Colchón de Espuma King Koil Bradford 200x200,https://www.fravega.com/p/sommier-y-colchon-de-espuma-king-koil-bradford-200x200-20027553/,2479998.0,1487999.0,1,True
FRA-sommier-y-colchon-de-espuma-2-plazas-sua,Fravega,OTRAS,Colchones y Sommiers,Sommier y Colchón de Espuma 2 Plazas Suavestar Sport 190x140cm,https://www.fravega.com/p/sommier-y-colchon-de-espuma-2-plazas-suavestar-sport-190x140cm-610670/,999999.0,629999.0,1,True
FRA-estelar-descanso-sommier-2x2-king-pillow,Fravega,OTRAS,Colchones y Sommiers,Estelar Descanso Sommier 2x2 King Pillow Alta Densidad,https://www.fravega.com/p/estelar-descanso-sommier-2x2-king-pillow-alta-densidad-22514474/,1499900.0,929900.0,1,True
FRA-colchon-de-resortes-king-koil-lexington-,Fravega,OTRAS,Colchones y Sommiers,Colchón de resortes King Koil Lexington Queen Size 160x200 cm con SOMMIER DE REGALO,https://www.fravega.com/p/colchon-de-resortes-king-koil-lexington-queen-size-160x200-cm-con-sommier-de-regalo-50003050/,3989998.0,2393999.0,1,True
FRA-conjunto-sommier-de-espuma-elite-lanin-2,Fravega,OTRAS,Colchones y Sommiers,Conjunto Sommier de Espuma Elite Lanin 2 plazas 140 x 190 cm + 2 Almohadas de Regalo,https://www.fravega.com/p/conjunto-sommier-de-espuma-elite-lanin-2-plazas-140-x-190-cm-2-almohadas-de-regalo-610725/,749999.0,469999.0,1,True
FRA-colchon-y-sommier-arcoiris-rio-2-plazas-,Fravega,OTRAS,Colchones y Sommiers,Colchón y Sommier Arcoiris Rio 2 Plazas 140x190 Resortes,https://www.fravega.com/p/colchon-y-sommier-arcoiris-rio-2-plazas-140x190-resortes-20007026/,1337880.0,509900.0,1,True
FRA-sommier-y-colchon-2-plazas-piero-genova-,Fravega,OTRAS,Colchones y Sommiers,Sommier y Colchón 2 Plazas Piero Genova 2.0 Premium Resortes 140x190,https://www.fravega.com/p/sommier-y-colchon-2-plazas-piero-genova-2-0-premium-resortes-140x190-610770/,899999.0,699999.0,1,True
FRA-conjunto-sommier-y-colchon-de-resortes-k,Fravega,OTRAS,Colchones y Sommiers,Conjunto Sommier y Colchón de resortes King Koil 120 Gold - Luxury Pocket Super King 200x200 cm,https://www.fravega.com/p/conjunto-sommier-y-colchon-de-resortes-king-koil-120-gold-luxury-pocket-super-king-200x200-cm-22490798/,2995198.0,1871999.0,1,True
FRA-sommier-y-colchon-bicama-de-resortes-1-1,Fravega,OTRAS,Colchones y Sommiers,Sommier y Colchón Bicama de Resortes 1 1/2 Plaza Inducol Agra 100x200 Cm,https://www.fravega.com/p/sommier-y-colchon-bicama-de-resortes-1-1-2-plaza-inducol-agra-100x200-cm-20190986/,1488332.0,892999.0,1,True
FRA-sommier-y-colchon-cannon-reims-pillow-to,Fravega,OTRAS,Colchones y Sommiers,Sommier Y Colchón Cannon Reims Pillow Top 200X200X30 King,https://www.fravega.com/p/sommier-y-colchon-cannon-reims-pillow-top-200x200x30-king-990194788/,2852352.0,1055370.0,1,True
FRA-colchon-de-espuma-sonador-mood-140-x-190,Fravega,OTRAS,Colchones y Sommiers,Colchón de Espuma Soñador Mood 140 x 190 cm,https://www.fravega.com/p/colchon-de-espuma-sonador-mood-140-x-190-cm-610717/,399999.0,259999.0,1,True
FRA-combo-2230-norcee-140x190-sommier-colcho,Fravega,OTRAS,Colchones y Sommiers,Combo 2230 NORCEE 140x190 Sommier + Colchón + Respaldo y 2 almohadas de regalo Espuma Alta Densidad,https://www.fravega.com/p/combo-2230-norcee-140x190-sommier-colchon-respaldo-y-2-almohadas-de-regalo-espuma-alta-densidad-22708009/,3552337.0,899000.0,1,True
FRA-colchon-de-resortes-king-koil-quality-eu,Fravega,OTRAS,Colchones y Sommiers,Colchón de Resortes King Koil Quality Euro 1 Plaza 80x190cm,https://www.fravega.com/p/colchon-de-resortes-king-koil-quality-euro-1-plaza-80x190cm-610908/,439999.0,289999.0,1,True
FRA-sommier-y-colchon-2230-norcee-pillow-140,Fravega,OTRAS,Colchones y Sommiers,Sommier y Colchón 2230 Norcee Pillow 140x190 Espuma Alta Densidad con 2 Almohadas de Regalo,https://www.fravega.com/p/sommier-y-colchon-2230-norcee-pillow-140x190-espuma-alta-densidad-con-2-almohadas-de-regalo-22526253/,3989698.0,1199000.0,1,True
FRA-colchon-de-espuma-y-sommier-spring-air-2,Fravega,OTRAS,Colchones y Sommiers,Colchón de Espuma y Sommier Spring Air 2 Plazas 140x190cm + Almohadas,https://www.fravega.com/p/colchon-de-espuma-y-sommier-spring-air-2-plazas-140x190cm-almohadas-610609/,699999.0,449999.0,1,True
FRA-colchon-de-espuma-cannon-1-plaza-tropica,Fravega,OTRAS,Colchones y Sommiers,Colchón de Espuma Cannon 1 Plaza Tropical 80x190cm,https://www.fravega.com/p/colchon-de-espuma-cannon-1-plaza-tropical-80x190cm-610638/,179999.0,129999.0,1,True
FRA-conjunto-colchon-y-sommier-franklin-140-,Fravega,OTRAS,Colchones y Sommiers,Conjunto Colchón y Sommier Franklin 140 x 190 cm,https://www.fravega.com/p/conjunto-colchon-y-sommier-franklin-140-x-190-cm-610868/,499999.0,349999.0,1,True
FRA-colchon-de-espuma-estelar-140x190cm-somm,Fravega,OTRAS,Colchones y Sommiers,Colchón de Espuma Estelar 140x190cm + Sommier 2 Plazas con Almohadas,https://www.fravega.com/p/colchon-de-espuma-estelar-140x190cm-sommier-2-plazas-con-almohadas-22589242/,799900.0,344900.0,1,True
FRA-combo-sommier-colchon-respaldo-y-2-almoh,Fravega,OTRAS,Colchones y Sommiers,Combo Sommier + Colchón + Respaldo y 2 almohadas de regalo 2230 SYRMA 140x190 Espuma Alta Densidad,https://www.fravega.com/p/combo-sommier-colchon-respaldo-y-2-almohadas-de-regalo-2230-syrma-140x190-espuma-alta-densidad-22652849/,2649076.0,699000.0,1,True
FRA-conjunto-colchon-y-sommier-piero-parma-2,Fravega,OTRAS,Colchones y Sommiers,Conjunto Colchón y Sommier Piero Parma 2.0 190 x 80,https://www.fravega.com/p/conjunto-colchon-y-sommier-piero-parma-2-0-190-x-80-610766/,499999.0,329999.0,1,True
FRA-sommier-y-colchon-2230-syrma-140x190-esp,Fravega,OTRAS,Colchones y Sommiers,Sommier y Colchón 2230 SYRMA 140x190 Espuma Alta Densidad con 2 almohadas de regalo,https://www.fravega.com/p/sommier-y-colchon-2230-syrma-140x190-espuma-alta-densidad-con-2-almohadas-de-regalo-22499893/,1186132.0,539000.0,1,True
FRA-colchon-de-espuma-1-plaza-suavestar-delu,Fravega,OTRAS,Colchones y Sommiers,Colchón de Espuma 1 Plaza Suavestar Deluxe 190x80cm,https://www.fravega.com/p/colchon-de-espuma-1-plaza-suavestar-deluxe-190x80cm-610495/,299999.0,199999.0,1,True
FRA-colchon-caja-sueno-dorado-box-rolo-2-pla,Fravega,OTRAS,Colchones y Sommiers,Colchón en Caja Sueño Dorado Box ROLO 2 Plazas 140x190 Espuma Alta Densidad,https://www.fravega.com/p/colchon-caja-sueno-dorado-box-rolo-2-plazas-140x190-espuma-alta-densidad-610783/,599999.0,379999.0,1,True
FRA-colchon-estelar-spot-80x190-espuma-almoh,Fravega,OTRAS,Colchones y Sommiers,Colchon Estelar Spot 80x190 Espuma + Almohada de Regalo,https://www.fravega.com/p/colchon-estelar-spot-80x190-espuma-almohada-de-regalo-21961199/,199900.0,110900.0,1,True
FRA-colchon-hibrido-king-koil-g-hybrid-2-pla,Fravega,OTRAS,Colchones y Sommiers,Colchón Híbrido King Koil G-Hybrid 2 Plazas 140x190cm,https://www.fravega.com/p/colchon-hibrido-king-koil-g-hybrid-2-plazas-140x190cm-610789/,549999.0,359999.0,1,True
FRA-conjunto-sommier-y-colchon-piero-parma-2,Fravega,OTRAS,Colchones y Sommiers,Conjunto Sommier Y Colchón Piero Parma 2.0 Espuma Premium 140x190 - 2 Plazas,https://www.fravega.com/p/conjunto-sommier-y-colchon-piero-parma-2-0-espuma-premium-140x190-2-plazas-610767/,899999.0,649999.0,1,True
FRA-sommier-y-colchon-de-espuma-king-koil-br,Fravega,OTRAS,Colchones y Sommiers,Sommier y Colchón de Espuma King Koil Bradford 200x200,https://www.fravega.com/p/sommier-y-colchon-de-espuma-king-koil-bradford-200x200-20027553/,2479998.0,1487999.0,1,True
FRA-sommier-y-colchon-de-espuma-2-plazas-sua,Fravega,OTRAS,Colchones y Sommiers,Sommier y Colchón de Espuma 2 Plazas Suavestar Sport 190x140cm,https://www.fravega.com/p/sommier-y-colchon-de-espuma-2-plazas-suavestar-sport-190x140cm-610670/,999999.0,629999.0,1,True
FRA-estelar-descanso-sommier-2x2-king-pillow,Fravega,OTRAS,Colchones y Sommiers,Estelar Descanso Sommier 2x2 King Pillow Alta Densidad,https://www.fravega.com/p/estelar-descanso-sommier-2x2-king-pillow-alta-densidad-22514474/,1499900.0,929900.0,1,True
FRA-colchon-de-resortes-king-koil-lexington-,Fravega,OTRAS,Colchones y Sommiers,Colchón de resortes King Koil Lexington Queen Size 160x200 cm con SOMMIER DE REGALO,https://www.fravega.com/p/colchon-de-resortes-king-koil-lexington-queen-size-160x200-cm-con-sommier-de-regalo-50003050/,3989998.0,2393999.0,1,True
FRA-conjunto-sommier-de-espuma-elite-lanin-2,Fravega,OTRAS,Colchones y Sommiers,Conjunto Sommier de Espuma Elite Lanin 2 plazas 140 x 190 cm + 2 Almohadas de Regalo,https://www.fravega.com/p/conjunto-sommier-de-espuma-elite-lanin-2-plazas-140-x-190-cm-2-almohadas-de-regalo-610725/,749999.0,469999.0,1,True
FRA-colchon-y-sommier-arcoiris-rio-2-plazas-,Fravega,OTRAS,Colchones y Sommiers,Colchón y Sommier Arcoiris Rio 2 Plazas 140x190 Resortes,https://www.fravega.com/p/colchon-y-sommier-arcoiris-rio-2-plazas-140x190-resortes-20007026/,1337880.0,509900.0,1,True
FRA-sommier-y-colchon-2-plazas-piero-genova-,Fravega,OTRAS,Colchones y Sommiers,Sommier y Colchón 2 Plazas Piero Genova 2.0 Premium Resortes 140x190,https://www.fravega.com/p/sommier-y-colchon-2-plazas-piero-genova-2-0-premium-resortes-140x190-610770/,899999.0,699999.0,1,True
FRA-conjunto-sommier-y-colchon-de-resortes-k,Fravega,OTRAS,Colchones y Sommiers,Conjunto Sommier y Colchón de resortes King Koil 120 Gold - Luxury Pocket Super King 200x200 cm,https://www.fravega.com/p/conjunto-sommier-y-colchon-de-resortes-king-koil-120-gold-luxury-pocket-super-king-200x200-cm-22490798/,2995198.0,1871999.0,1,True
FRA-sommier-y-colchon-bicama-de-resortes-1-1,Fravega,OTRAS,Colchones y Sommiers,Sommier y Colchón Bicama de Resortes 1 1/2 Plaza Inducol Agra 100x200 Cm,https://www.fravega.com/p/sommier-y-colchon-bicama-de-resortes-1-1-2-plaza-inducol-agra-100x200-cm-20190986/,1488332.0,892999.0,1,True
FRA-sommier-y-colchon-cannon-reims-pillow-to,Fravega,OTRAS,Colchones y Sommiers,Sommier Y Colchón Cannon Reims Pillow Top 200X200X30 King,https://www.fravega.com/p/sommier-y-colchon-cannon-reims-pillow-top-200x200x30-king-990194788/,2852352.0,1055370.0,1,True
FRA-colchon-de-espuma-sonador-mood-140-x-190,Fravega,OTRAS,Colchones y Sommiers,Colchón de Espuma Soñador Mood 140 x 190 cm,https://www.fravega.com/p/colchon-de-espuma-sonador-mood-140-x-190-cm-610717/,399999.0,259999.0,1,True
FRA-combo-2230-norcee-140x190-sommier-colcho,Fravega,OTRAS,Colchones y Sommiers,Combo 2230 NORCEE 140x190 Sommier + Colchón + Respaldo y 2 almohadas de regalo Espuma Alta Densidad,https://www.fravega.com/p/combo-2230-norcee-140x190-sommier-colchon-respaldo-y-2-almohadas-de-regalo-espuma-alta-densidad-22708009/,3552337.0,899000.0,1,True
FRA-colchon-de-resortes-king-koil-quality-eu,Fravega,OTRAS,Colchones y Sommiers,Colchón de Resortes King Koil Quality Euro 1 Plaza 80x190cm,https://www.fravega.com/p/colchon-de-resortes-king-koil-quality-euro-1-plaza-80x190cm-610908/,439999.0,289999.0,1,True
FRA-sommier-y-colchon-2230-norcee-pillow-140,Fravega,OTRAS,Colchones y Sommiers,Sommier y Colchón 2230 Norcee Pillow 140x190 Espuma Alta Densidad con 2 Almohadas de Regalo,https://www.fravega.com/p/sommier-y-colchon-2230-norcee-pillow-140x190-espuma-alta-densidad-con-2-almohadas-de-regalo-22526253/,3989698.0,1199000.0,1,True
FRA-colchon-de-espuma-y-sommier-spring-air-2,Fravega,OTRAS,Colchones y Sommiers,Colchón de Espuma y Sommier Spring Air 2 Plazas 140x190cm + Almohadas,https://www.fravega.com/p/colchon-de-espuma-y-sommier-spring-air-2-plazas-140x190cm-almohadas-610609/,699999.0,449999.0,1,True
FRA-colchon-de-espuma-cannon-1-plaza-tropica,Fravega,OTRAS,Colchones y Sommiers,Colchón de Espuma Cannon 1 Plaza Tropical 80x190cm,https://www.fravega.com/p/colchon-de-espuma-cannon-1-plaza-tropical-80x190cm-610638/,179999.0,129999.0,1,True
FRA-conjunto-colchon-y-sommier-franklin-140-,Fravega,OTRAS,Colchones y Sommiers,Conjunto Colchón y Sommier Franklin 140 x 190 cm,https://www.fravega.com/p/conjunto-colchon-y-sommier-franklin-140-x-190-cm-610868/,499999.0,349999.0,1,True
FRA-colchon-de-espuma-estelar-140x190cm-somm,Fravega,OTRAS,Colchones y Sommiers,Colchón de Espuma Estelar 140x190cm + Sommier 2 Plazas con Almohadas,https://www.fravega.com/p/colchon-de-espuma-estelar-140x190cm-sommier-2-plazas-con-almohadas-22589242/,799900.0,344900.0,1,True
FRA-combo-sommier-colchon-respaldo-y-2-almoh,Fravega,OTRAS,Colchones y Sommiers,Combo Sommier + Colchón + Respaldo y 2 almohadas de regalo 2230 SYRMA 140x190 Espuma Alta Densidad,https://www.fravega.com/p/combo-sommier-colchon-respaldo-y-2-almohadas-de-regalo-2230-syrma-140x190-espuma-alta-densidad-22652849/,2649076.0,699000.0,1,True
FRA-conjunto-colchon-y-sommier-piero-parma-2,Fravega,OTRAS,Colchones y Sommiers,Conjunto Colchón y Sommier Piero Parma 2.0 190 x 80,https://www.fravega.com/p/conjunto-colchon-y-sommier-piero-parma-2-0-190-x-80-610766/,499999.0,329999.0,1,True
FRA-sommier-y-colchon-2230-syrma-140x190-esp,Fravega,OTRAS,Colchones y Sommiers,Sommier y Colchón 2230 SYRMA 140x190 Espuma Alta Densidad con 2 almohadas de regalo,https://www.fravega.com/p/sommier-y-colchon-2230-syrma-140x190-espuma-alta-densidad-con-2-almohadas-de-regalo-22499893/,1186132.0,539000.0,1,True
FRA-colchon-de-espuma-1-plaza-suavestar-delu,Fravega,OTRAS,Colchones y Sommiers,Colchón de Espuma 1 Plaza Suavestar Deluxe 190x80cm,https://www.fravega.com/p/colchon-de-espuma-1-plaza-suavestar-deluxe-190x80cm-610495/,299999.0,199999.0,1,True
FRA-colchon-caja-sueno-dorado-box-rolo-2-pla,Fravega,OTRAS,Colchones y Sommiers,Colchón en Caja Sueño Dorado Box ROLO 2 Plazas 140x190 Espuma Alta Densidad,https://www.fravega.com/p/colchon-caja-sueno-dorado-box-rolo-2-plazas-140x190-espuma-alta-densidad-610783/,599999.0,379999.0,1,True
FRA-colchon-estelar-spot-80x190-espuma-almoh,Fravega,OTRAS,Colchones y Sommiers,Colchon Estelar Spot 80x190 Espuma + Almohada de Regalo,https://www.fravega.com/p/colchon-estelar-spot-80x190-espuma-almohada-de-regalo-21961199/,199900.0,110900.0,1,True
FRA-colchon-hibrido-king-koil-g-hybrid-2-pla,Fravega,OTRAS,Colchones y Sommiers,Colchón Híbrido King Koil G-Hybrid 2 Plazas 140x190cm,https://www.fravega.com/p/colchon-hibrido-king-koil-g-hybrid-2-plazas-140x190cm-610789/,549999.0,359999.0,1,True
FRA-conjunto-sommier-y-colchon-piero-parma-2,Fravega,OTRAS,Colchones y Sommiers,Conjunto Sommier Y Colchón Piero Parma 2.0 Espuma Premium 140x190 - 2 Plazas,https://www.fravega.com/p/conjunto-sommier-y-colchon-piero-parma-2-0-espuma-premium-140x190-2-plazas-610767/,899999.0,649999.0,1,True
FRA-sommier-y-colchon-de-espuma-king-koil-br,Fravega,OTRAS,Colchones y Sommiers,Sommier y Colchón de Espuma King Koil Bradford 200x200,https://www.fravega.com/p/sommier-y-colchon-de-espuma-king-koil-bradford-200x200-20027553/,2479998.0,1487999.0,1,True
FRA-sommier-y-colchon-de-espuma-2-plazas-sua,Fravega,OTRAS,Colchones y Sommiers,Sommier y Colchón de Espuma 2 Plazas Suavestar Sport 190x140cm,https://www.fravega.com/p/sommier-y-colchon-de-espuma-2-plazas-suavestar-sport-190x140cm-610670/,999999.0,629999.0,1,True
FRA-estelar-descanso-sommier-2x2-king-pillow,Fravega,OTRAS,Colchones y Sommiers,Estelar Descanso Sommier 2x2 King Pillow Alta Densidad,https://www.fravega.com/p/estelar-descanso-sommier-2x2-king-pillow-alta-densidad-22514474/,1499900.0,929900.0,1,True
FRA-colchon-de-resortes-king-koil-lexington-,Fravega,OTRAS,Colchones y Sommiers,Colchón de resortes King Koil Lexington Queen Size 160x200 cm con SOMMIER DE REGALO,https://www.fravega.com/p/colchon-de-resortes-king-koil-lexington-queen-size-160x200-cm-con-sommier-de-regalo-50003050/,3989998.0,2393999.0,1,True
FRA-conjunto-sommier-de-espuma-elite-lanin-2,Fravega,OTRAS,Colchones y Sommiers,Conjunto Sommier de Espuma Elite Lanin 2 plazas 140 x 190 cm + 2 Almohadas de Regalo,https://www.fravega.com/p/conjunto-sommier-de-espuma-elite-lanin-2-plazas-140-x-190-cm-2-almohadas-de-regalo-610725/,749999.0,469999.0,1,True
FRA-colchon-y-sommier-arcoiris-rio-2-plazas-,Fravega,OTRAS,Colchones y Sommiers,Colchón y Sommier Arcoiris Rio 2 Plazas 140x190 Resortes,https://www.fravega.com/p/colchon-y-sommier-arcoiris-rio-2-plazas-140x190-resortes-20007026/,1337880.0,509900.0,1,True
FRA-sommier-y-colchon-2-plazas-piero-genova-,Fravega,OTRAS,Colchones y Sommiers,Sommier y Colchón 2 Plazas Piero Genova 2.0 Premium Resortes 140x190,https://www.fravega.com/p/sommier-y-colchon-2-plazas-piero-genova-2-0-premium-resortes-140x190-610770/,899999.0,699999.0,1,True
FRA-conjunto-sommier-y-colchon-de-resortes-k,Fravega,OTRAS,Colchones y Sommiers,Conjunto Sommier y Colchón de resortes King Koil 120 Gold - Luxury Pocket Super King 200x200 cm,https://www.fravega.com/p/conjunto-sommier-y-colchon-de-resortes-king-koil-120-gold-luxury-pocket-super-king-200x200-cm-22490798/,2995198.0,1871999.0,1,True
FRA-sommier-y-colchon-bicama-de-resortes-1-1,Fravega,OTRAS,Colchones y Sommiers,Sommier y Colchón Bicama de Resortes 1 1/2 Plaza Inducol Agra 100x200 Cm,https://www.fravega.com/p/sommier-y-colchon-bicama-de-resortes-1-1-2-plaza-inducol-agra-100x200-cm-20190986/,1488332.0,892999.0,1,True
FRA-sommier-y-colchon-cannon-reims-pillow-to,Fravega,OTRAS,Colchones y Sommiers,Sommier Y Colchón Cannon Reims Pillow Top 200X200X30 King,https://www.fravega.com/p/sommier-y-colchon-cannon-reims-pillow-top-200x200x30-king-990194788/,2852352.0,1055370.0,1,True
FRA-colchon-de-espuma-sonador-mood-140-x-190,Fravega,OTRAS,Colchones y Sommiers,Colchón de Espuma Soñador Mood 140 x 190 cm,https://www.fravega.com/p/colchon-de-espuma-sonador-mood-140-x-190-cm-610717/,399999.0,259999.0,1,True
FRA-combo-2230-norcee-140x190-sommier-colcho,Fravega,OTRAS,Colchones y Sommiers,Combo 2230 NORCEE 140x190 Sommier + Colchón + Respaldo y 2 almohadas de regalo Espuma Alta Densidad,https://www.fravega.com/p/combo-2230-norcee-140x190-sommier-colchon-respaldo-y-2-almohadas-de-regalo-espuma-alta-densidad-22708009/,3552337.0,899000.0,1,True
FRA-colchon-de-resortes-king-koil-quality-eu,Fravega,OTRAS,Colchones y Sommiers,Colchón de Resortes King Koil Quality Euro 1 Plaza 80x190cm,https://www.fravega.com/p/colchon-de-resortes-king-koil-quality-euro-1-plaza-80x190cm-610908/,439999.0,289999.0,1,True
FRA-sommier-y-colchon-2230-norcee-pillow-140,Fravega,OTRAS,Colchones y Sommiers,Sommier y Colchón 2230 Norcee Pillow 140x190 Espuma Alta Densidad con 2 Almohadas de Regalo,https://www.fravega.com/p/sommier-y-colchon-2230-norcee-pillow-140x190-espuma-alta-densidad-con-2-almohadas-de-regalo-22526253/,3989698.0,1199000.0,1,True
FRA-colchon-de-espuma-y-sommier-spring-air-2,Fravega,OTRAS,Colchones y Sommiers,Colchón de Espuma y Sommier Spring Air 2 Plazas 140x190cm + Almohadas,https://www.fravega.com/p/colchon-de-espuma-y-sommier-spring-air-2-plazas-140x190cm-almohadas-610609/,699999.0,449999.0,1,True
FRA-colchon-de-espuma-cannon-1-plaza-tropica,Fravega,OTRAS,Colchones y Sommiers,Colchón de Espuma Cannon 1 Plaza Tropical 80x190cm,https://www.fravega.com/p/colchon-de-espuma-cannon-1-plaza-tropical-80x190cm-610638/,179999.0,129999.0,1,True
FRA-conjunto-colchon-y-sommier-franklin-140-,Fravega,OTRAS,Colchones y Sommiers,Conjunto Colchón y Sommier Franklin 140 x 190 cm,https://www.fravega.com/p/conjunto-colchon-y-sommier-franklin-140-x-190-cm-610868/,499999.0,349999.0,1,True
FRA-colchon-de-espuma-estelar-140x190cm-somm,Fravega,OTRAS,Colchones y Sommiers,Colchón de Espuma Estelar 140x190cm + Sommier 2 Plazas con Almohadas,https://www.fravega.com/p/colchon-de-espuma-estelar-140x190cm-sommier-2-plazas-con-almohadas-22589242/,799900.0,344900.0,1,True
FRA-combo-sommier-colchon-respaldo-y-2-almoh,Fravega,OTRAS,Colchones y Sommiers,Combo Sommier + Colchón + Respaldo y 2 almohadas de regalo 2230 SYRMA 140x190 Espuma Alta Densidad,https://www.fravega.com/p/combo-sommier-colchon-respaldo-y-2-almohadas-de-regalo-2230-syrma-140x190-espuma-alta-densidad-22652849/,2649076.0,699000.0,1,True
FRA-conjunto-colchon-y-sommier-piero-parma-2,Fravega,OTRAS,Colchones y Sommiers,Conjunto Colchón y Sommier Piero Parma 2.0 190 x 80,https://www.fravega.com/p/conjunto-colchon-y-sommier-piero-parma-2-0-190-x-80-610766/,499999.0,329999.0,1,True
FRA-sommier-y-colchon-2230-syrma-140x190-esp,Fravega,OTRAS,Colchones y Sommiers,Sommier y Colchón 2230 SYRMA 140x190 Espuma Alta Densidad con 2 almohadas de regalo,https://www.fravega.com/p/sommier-y-colchon-2230-syrma-140x190-espuma-alta-densidad-con-2-almohadas-de-regalo-22499893/,1186132.0,539000.0,1,True
FRA-colchon-de-espuma-1-plaza-suavestar-delu,Fravega,OTRAS,Colchones y Sommiers,Colchón de Espuma 1 Plaza Suavestar Deluxe 190x80cm,https://www.fravega.com/p/colchon-de-espuma-1-plaza-suavestar-deluxe-190x80cm-610495/,299999.0,199999.0,1,True
FRA-colchon-caja-sueno-dorado-box-rolo-2-pla,Fravega,OTRAS,Colchones y Sommiers,Colchón en Caja Sueño Dorado Box ROLO 2 Plazas 140x190 Espuma Alta Densidad,https://www.fravega.com/p/colchon-caja-sueno-dorado-box-rolo-2-plazas-140x190-espuma-alta-densidad-610783/,599999.0,379999.0,1,True
FRA-colchon-estelar-spot-80x190-espuma-almoh,Fravega,OTRAS,Colchones y Sommiers,Colchon Estelar Spot 80x190 Espuma + Almohada de Regalo,https://www.fravega.com/p/colchon-estelar-spot-80x190-espuma-almohada-de-regalo-21961199/,199900.0,110900.0,1,True
FRA-colchon-hibrido-king-koil-g-hybrid-2-pla,Fravega,OTRAS,Colchones y Sommiers,Colchón Híbrido King Koil G-Hybrid 2 Plazas 140x190cm,https://www.fravega.com/p/colchon-hibrido-king-koil-g-hybrid-2-plazas-140x190cm-610789/,549999.0,359999.0,1,True
FRA-conjunto-sommier-y-colchon-piero-parma-2,Fravega,OTRAS,Colchones y Sommiers,Conjunto Sommier Y Colchón Piero Parma 2.0 Espuma Premium 140x190 - 2 Plazas,https://www.fravega.com/p/conjunto-sommier-y-colchon-piero-parma-2-0-espuma-premium-140x190-2-plazas-610767/,899999.0,649999.0,1,True
FRA-sommier-y-colchon-de-espuma-king-koil-br,Fravega,OTRAS,Colchones y Sommiers,Sommier y Colchón de Espuma King Koil Bradford 200x200,https://www.fravega.com/p/sommier-y-colchon-de-espuma-king-koil-bradford-200x200-20027553/,2479998.0,1487999.0,1,True
FRA-sommier-y-colchon-de-espuma-2-plazas-sua,Fravega,OTRAS,Colchones y Sommiers,Sommier y Colchón de Espuma 2 Plazas Suavestar Sport 190x140cm,https://www.fravega.com/p/sommier-y-colchon-de-espuma-2-plazas-suavestar-sport-190x140cm-610670/,999999.0,629999.0,1,True
FRA-estelar-descanso-sommier-2x2-king-pillow,Fravega,OTRAS,Colchones y Sommiers,Estelar Descanso Sommier 2x2 King Pillow Alta Densidad,https://www.fravega.com/p/estelar-descanso-sommier-2x2-king-pillow-alta-densidad-22514474/,1499900.0,929900.0,1,True
FRA-colchon-de-resortes-king-koil-lexington-,Fravega,OTRAS,Colchones y Sommiers,Colchón de resortes King Koil Lexington Queen Size 160x200 cm con SOMMIER DE REGALO,https://www.fravega.com/p/colchon-de-resortes-king-koil-lexington-queen-size-160x200-cm-con-sommier-de-regalo-50003050/,3989998.0,2393999.0,1,True
FRA-conjunto-sommier-de-espuma-elite-lanin-2,Fravega,OTRAS,Colchones y Sommiers,Conjunto Sommier de Espuma Elite Lanin 2 plazas 140 x 190 cm + 2 Almohadas de Regalo,https://www.fravega.com/p/conjunto-sommier-de-espuma-elite-lanin-2-plazas-140-x-190-cm-2-almohadas-de-regalo-610725/,749999.0,469999.0,1,True
FRA-colchon-y-sommier-arcoiris-rio-2-plazas-,Fravega,OTRAS,Colchones y Sommiers,Colchón y Sommier Arcoiris Rio 2 Plazas 140x190 Resortes,https://www.fravega.com/p/colchon-y-sommier-arcoiris-rio-2-plazas-140x190-resortes-20007026/,1337880.0,509900.0,1,True
FRA-sommier-y-colchon-2-plazas-piero-genova-,Fravega,OTRAS,Colchones y Sommiers,Sommier y Colchón 2 Plazas Piero Genova 2.0 Premium Resortes 140x190,https://www.fravega.com/p/sommier-y-colchon-2-plazas-piero-genova-2-0-premium-resortes-140x190-610770/,899999.0,699999.0,1,True
FRA-conjunto-sommier-y-colchon-de-resortes-k,Fravega,OTRAS,Colchones y Sommiers,Conjunto Sommier y Colchón de resortes King Koil 120 Gold - Luxury Pocket Super King 200x200 cm,https://www.fravega.com/p/conjunto-sommier-y-colchon-de-resortes-king-koil-120-gold-luxury-pocket-super-king-200x200-cm-22490798/,2995198.0,1871999.0,1,True
FRA-sommier-y-colchon-bicama-de-resortes-1-1,Fravega,OTRAS,Colchones y Sommiers,Sommier y Colchón Bicama de Resortes 1 1/2 Plaza Inducol Agra 100x200 Cm,https://www.fravega.com/p/sommier-y-colchon-bicama-de-resortes-1-1-2-plaza-inducol-agra-100x200-cm-20190986/,1488332.0,892999.0,1,True
FRA-sommier-y-colchon-cannon-reims-pillow-to,Fravega,OTRAS,Colchones y Sommiers,Sommier Y Colchón Cannon Reims Pillow Top 200X200X30 King,https://www.fravega.com/p/sommier-y-colchon-cannon-reims-pillow-top-200x200x30-king-990194788/,2852352.0,1055370.0,1,True
FRA-colchon-de-espuma-sonador-mood-140-x-190,Fravega,OTRAS,Colchones y Sommiers,Colchón de Espuma Soñador Mood 140 x 190 cm,https://www.fravega.com/p/colchon-de-espuma-sonador-mood-140-x-190-cm-610717/,399999.0,259999.0,1,True
FRA-combo-2230-norcee-140x190-sommier-colcho,Fravega,OTRAS,Colchones y Sommiers,Combo 2230 NORCEE 140x190 Sommier + Colchón + Respaldo y 2 almohadas de regalo Espuma Alta Densidad,https://www.fravega.com/p/combo-2230-norcee-140x190-sommier-colchon-respaldo-y-2-almohadas-de-regalo-espuma-alta-densidad-22708009/,3552337.0,899000.0,1,True
FRA-colchon-de-resortes-king-koil-quality-eu,Fravega,OTRAS,Colchones y Sommiers,Colchón de Resortes King Koil Quality Euro 1 Plaza 80x190cm,https://www.fravega.com/p/colchon-de-resortes-king-koil-quality-euro-1-plaza-80x190cm-610908/,439999.0,289999.0,1,True
FRA-sommier-y-colchon-2230-norcee-pillow-140,Fravega,OTRAS,Colchones y Sommiers,Sommier y Colchón 2230 Norcee Pillow 140x190 Espuma Alta Densidad con 2 Almohadas de Regalo,https://www.fravega.com/p/sommier-y-colchon-2230-norcee-pillow-140x190-espuma-alta-densidad-con-2-almohadas-de-regalo-22526253/,3989698.0,1199000.0,1,True
FRA-colchon-de-espuma-y-sommier-spring-air-2,Fravega,OTRAS,Colchones y Sommiers,Colchón de Espuma y Sommier Spring Air 2 Plazas 140x190cm + Almohadas,https://www.fravega.com/p/colchon-de-espuma-y-sommier-spring-air-2-plazas-140x190cm-almohadas-610609/,699999.0,449999.0,1,True
FRA-colchon-de-espuma-cannon-1-plaza-tropica,Fravega,OTRAS,Colchones y Sommiers,Colchón de Espuma Cannon 1 Plaza Tropical 80x190cm,https://www.fravega.com/p/colchon-de-espuma-cannon-1-plaza-tropical-80x190cm-610638/,179999.0,129999.0,1,True
FRA-conjunto-colchon-y-sommier-franklin-140-,Fravega,OTRAS,Colchones y Sommiers,Conjunto Colchón y Sommier Franklin 140 x 190 cm,https://www.fravega.com/p/conjunto-colchon-y-sommier-franklin-140-x-190-cm-610868/,499999.0,349999.0,1,True
FRA-colchon-de-espuma-estelar-140x190cm-somm,Fravega,OTRAS,Colchones y Sommiers,Colchón de Espuma Estelar 140x190cm + Sommier 2 Plazas con Almohadas,https://www.fravega.com/p/colchon-de-espuma-estelar-140x190cm-sommier-2-plazas-con-almohadas-22589242/,799900.0,344900.0,1,True
FRA-combo-sommier-colchon-respaldo-y-2-almoh,Fravega,OTRAS,Colchones y Sommiers,Combo Sommier + Colchón + Respaldo y 2 almohadas de regalo 2230 SYRMA 140x190 Espuma Alta Densidad,https://www.fravega.com/p/combo-sommier-colchon-respaldo-y-2-almohadas-de-regalo-2230-syrma-140x190-espuma-alta-densidad-22652849/,2649076.0,699000.0,1,True
FRA-conjunto-colchon-y-sommier-piero-parma-2,Fravega,OTRAS,Colchones y Sommiers,Conjunto Colchón y Sommier Piero Parma 2.0 190 x 80,https://www.fravega.com/p/conjunto-colchon-y-sommier-piero-parma-2-0-190-x-80-610766/,499999.0,329999.0,1,True
FRA-sommier-y-colchon-2230-syrma-140x190-esp,Fravega,OTRAS,Colchones y Sommiers,Sommier y Colchón 2230 SYRMA 140x190 Espuma Alta Densidad con 2 almohadas de regalo,https://www.fravega.com/p/sommier-y-colchon-2230-syrma-140x190-espuma-alta-densidad-con-2-almohadas-de-regalo-22499893/,1186132.0,539000.0,1,True
FRA-colchon-de-espuma-1-plaza-suavestar-delu,Fravega,OTRAS,Colchones y Sommiers,Colchón de Espuma 1 Plaza Suavestar Deluxe 190x80cm,https://www.fravega.com/p/colchon-de-espuma-1-plaza-suavestar-deluxe-190x80cm-610495/,299999.0,199999.0,1,True
FRA-colchon-caja-sueno-dorado-box-rolo-2-pla,Fravega,OTRAS,Colchones y Sommiers,Colchón en Caja Sueño Dorado Box ROLO 2 Plazas 140x190 Espuma Alta Densidad,https://www.fravega.com/p/colchon-caja-sueno-dorado-box-rolo-2-plazas-140x190-espuma-alta-densidad-610783/,599999.0,379999.0,1,True
FRA-colchon-estelar-spot-80x190-espuma-almoh,Fravega,OTRAS,Colchones y Sommiers,Colchon Estelar Spot 80x190 Espuma + Almohada de Regalo,https://www.fravega.com/p/colchon-estelar-spot-80x190-espuma-almohada-de-regalo-21961199/,199900.0,110900.0,1,True
FRA-colchon-hibrido-king-koil-g-hybrid-2-pla,Fravega,OTRAS,Colchones y Sommiers,Colchón Híbrido King Koil G-Hybrid 2 Plazas 140x190cm,https://www.fravega.com/p/colchon-hibrido-king-koil-g-hybrid-2-plazas-140x190cm-610789/,549999.0,359999.0,1,True
FRA-pelota-de-futbol-reebok-vortex-nro-5-ggs,Fravega,OTRAS,Deportes y Fitness,Pelota de Futbol Reebok Vortex Nro.5 GGSS,https://www.fravega.com/p/pelota-de-futbol-reebok-vortex-nro-5-ggss--562730/,19999.0,13999.0,1,True
FRA-bicicleta-spinning-randers-arg-820sp-6-k,Fravega,OTRAS,Deportes y Fitness,Bicicleta Spinning Randers ARG-820SP 6 Kg,https://www.fravega.com/p/bicicleta-spinning-randers-arg-820sp-6-kg-990054591/,442978.0,290349.0,1,True
FRA-cinta-de-correr-caminadora-admiral-ad-fc,Fravega,OTRAS,Deportes y Fitness,Cinta de correr caminadora Admiral AD-FCC12 16 km/h,https://www.fravega.com/p/cinta-de-correr-caminadora-admiral-ad-fcc12-16-km-h-562289/,1199999.0,789999.0,1,True
FRA-bicicleta-fija-de-entrenamiento-philco-8,Fravega,PHILCO,Deportes y Fitness,Bicicleta Fija de Entrenamiento Philco 8 Niveles de Resistencia Disco 2kg,https://www.fravega.com/p/bicicleta-fija-de-entrenamiento-philco-8-niveles-de-resistencia-disco-2kg-990186086/,350899.0,202998.99,1,True
FRA-gym-rack-randers-arg-154-multifuncion-99,Fravega,OTRAS,Deportes y Fitness,Gym Rack Randers ARG-154 Multifunción,https://www.fravega.com/p/gym-rack-randers-arg-154-multifuncion-990229225/,582280.0,453207.0,1,True
FRA-guantes-profesionales-para-mma-gfitness-,Fravega,OTRAS,Deportes y Fitness,Guantes Profesionales para MMA Gfitness,https://www.fravega.com/p/guantes-profesionales-para-mma-gfitness-22516793/,84264.0,55999.0,1,True
FRA-yoga-mat-proline-premium-confort-con-cor,Fravega,GAMA,Deportes y Fitness,Yoga Mat Proline Premium Confort Con Correa 183 X 61.1 Cm Antideslizante - GP-YOGAMAT1-P,https://www.fravega.com/p/yoga-mat-proline-premium-confort-con-correa-183-x-61-1-cm-antideslizante-gp-yogamat1-p-990243302/,27499.0,19998.99,1,True
FRA-bicicleta-fija-energy-fit-shock-rider-sp,Fravega,OTRAS,Deportes y Fitness,Bicicleta Fija Energy Fit Shock Rider Spinning Con App Bluetooth,https://www.fravega.com/p/bicicleta-fija-energy-fit-shock-rider-spinning-con-app-bluetooth-22128586/,650000.0,500000.0,1,True
FRA-bicicleta-magnetica-vertical-te2455hp-se,Fravega,HP,Deportes y Fitness,Bicicleta Magnetica Vertical TE2455HP Semikon,https://www.fravega.com/p/bicicleta-magnetica-vertical-te2455hp-semikon-20111010/,584933.0,514741.0,1,True
FRA-creatina-monohidratada-star-nutrition-30,Fravega,OTRAS,Deportes y Fitness,Creatina Monohidratada Star Nutrition 300 Gr - Doypack,https://www.fravega.com/p/creatina-monohidratada-star-nutrition-300-gr-doypack-22631157/,39363.0,31490.0,1,True
FRA-barra-de-dominadas-trexa-tx-fd1-de-pared,Fravega,OTRAS,Deportes y Fitness,Barra de Dominadas Trexa TX-FD1 de pared,https://www.fravega.com/p/barra-de-dominadas-trexa-tx-fd1-de-pared-562059/,79999.0,44999.0,1,True
FRA-yoga-mat-trexa-tx-fym10g-10mm-gris-56210,Fravega,OTRAS,Deportes y Fitness,Yoga Mat Trexa TX-FYM10G 10mm Gris,https://www.fravega.com/p/yoga-mat-trexa-tx-fym10g-10mm-gris-562108/,29999.0,14999.0,1,True
FRA-bicicleta-spinning-fija-admiral-ad-fbs4-,Fravega,OTRAS,Deportes y Fitness,Bicicleta Spinning Fija Admiral AD-FBS4 4 kg,https://www.fravega.com/p/bicicleta-spinning-fija-admiral-ad-fbs4-4-kg-562179/,249999.0,179999.0,1,True
FRA-pedalera-de-ejercicios-trexa-tx-fpd1-562,Fravega,OTRAS,Deportes y Fitness,Pedalera de Ejercicios Trexa TX-FPD1,https://www.fravega.com/p/pedalera-de-ejercicios-trexa-tx-fpd1-562229/,129999.0,59999.0,1,True
FRA-cinta-de-correr-caminadora-admiral-ad-fc,Fravega,OTRAS,Deportes y Fitness,Cinta de correr caminadora Admiral AD-FCC12 12 km/h plana con barral,https://www.fravega.com/p/cinta-de-correr-caminadora-admiral-ad-fcc12-12-km-h-plana-con-barral-562486/,449999.0,399999.0,1,True
FRA-bicicleta-fija-admiral-ad-fbm1-mecanica-,Fravega,OTRAS,Deportes y Fitness,Bicicleta Fija Admiral AD-FBM1 mecánica,https://www.fravega.com/p/bicicleta-fija-admiral-ad-fbm1-mecanica-561939/,199999.0,109999.0,1,True
FRA-bicicleta-nordic-x1-0-mountain-bike-roda,Fravega,OTRAS,Deportes y Fitness,Bicicleta Nordic x1.0 Mountain Bike Rodado 29 Talle 20 Negro Blanco Rojo Shimano,https://www.fravega.com/p/bicicleta-nordic-x1-0-mountain-bike-rodado-29-talle-20-negro-blanco-rojo-shimano-562870/,499999.0,249999.0,1,True
FRA-bicicleta-spinning-fija-admiral-ad-fbs6-,Fravega,OTRAS,Deportes y Fitness,Bicicleta Spinning Fija Admiral AD-FBS6 6 kg,https://www.fravega.com/p/bicicleta-spinning-fija-admiral-ad-fbs6-6-kg-562558/,459999.0,249999.0,1,True
FRA-bicicleta-nordic-x1-0-mountain-bike-roda,Fravega,OTRAS,Deportes y Fitness,Bicicleta Nordic x1.0 Mountain Bike Rodado 29 Talle 18 Negro Dorado Rojo Shimano,https://www.fravega.com/p/bicicleta-nordic-x1-0-mountain-bike-rodado-29-talle-18-negro-dorado-rojo-shimano-562865/,499999.0,249999.0,1,True
FRA-multigimnasio-admiral-ad-fmg100-100-kg-m,Fravega,OTRAS,Deportes y Fitness,Multigimnasio Admiral AD-FMG100 100 kg multigym,https://www.fravega.com/p/multigimnasio-admiral-ad-fmg100-100-kg-multigym-562264/,1199999.0,1099999.0,1,True
FRA-bicicleta-mountain-bike-slp-10-pro-rodad,Fravega,OTRAS,Deportes y Fitness,Bicicleta Mountain Bike SLP 10 Pro Rodado 29” T18 17192-NG7BA7RJ10T18,https://www.fravega.com/p/bicicleta-mountain-bike-slp-10-pro-rodado-29-t18-17192-ng7ba7rj10t18-562433/,599999.0,299999.0,1,True
FRA-cinta-de-correr-caminadora-admiral-ad-fc,Fravega,OTRAS,Deportes y Fitness,Cinta de correr caminadora Admiral AD-FCC11 12 km/h plegable digital,https://www.fravega.com/p/cinta-de-correr-caminadora-admiral-ad-fcc11-12-km-h-plegable-digital-562277/,899999.0,499999.0,1,True
FRA-bicicleta-mountain-bike-slp-10-pro-rodad,Fravega,OTRAS,Deportes y Fitness,Bicicleta Mountain Bike SLP 10 Pro Rodado 29” T20 17192-NG7BA7RJ10T20,https://www.fravega.com/p/bicicleta-mountain-bike-slp-10-pro-rodado-29-t20-17192-ng7ba7rj10t20-562517/,549999.0,349999.0,1,True
FRA-cinta-de-correr-caminadora-admiral-ad-fc,Fravega,OTRAS,Deportes y Fitness,Cinta de correr caminadora Admiral AD-FCC22 16 km/h plegable digital,https://www.fravega.com/p/cinta-de-correr-caminadora-admiral-ad-fcc22-16-km-h-plegable-digital-562414/,1699999.0,849999.0,1,True
FRA-pedalera-digital-philco-con-estructura-d,Fravega,PHILCO,Deportes y Fitness,Pedalera Digital Philco Con Estructura De Hierro Plegable Y Display GP-PEDALERADIG-P,https://www.fravega.com/p/pedalera-digital-philco-con-estructura-de-hierro-plegable-y-display-gp-pedaleradig-p-990247369/,69299.0,28999.01,1,True
FRA-banco-de-pesas-y-abdominales-admiral-ad-,Fravega,OTRAS,Deportes y Fitness,Banco de pesas y abdominales Admiral AD-FBP1 curvo,https://www.fravega.com/p/banco-de-pesas-y-abdominales-admiral-ad-fbp1-curvo-562744/,149999.0,99999.0,1,True
FRA-pelota-de-futbol-reebok-vortex-nro-5-ggs,Fravega,OTRAS,Deportes y Fitness,Pelota de Futbol Reebok Vortex Nro.5 GGSS,https://www.fravega.com/p/pelota-de-futbol-reebok-vortex-nro-5-ggss--562730/,19999.0,13999.0,1,True
FRA-bicicleta-spinning-randers-arg-820sp-6-k,Fravega,OTRAS,Deportes y Fitness,Bicicleta Spinning Randers ARG-820SP 6 Kg,https://www.fravega.com/p/bicicleta-spinning-randers-arg-820sp-6-kg-990054591/,442978.0,290349.0,1,True
FRA-cinta-de-correr-caminadora-admiral-ad-fc,Fravega,OTRAS,Deportes y Fitness,Cinta de correr caminadora Admiral AD-FCC12 16 km/h,https://www.fravega.com/p/cinta-de-correr-caminadora-admiral-ad-fcc12-16-km-h-562289/,1199999.0,789999.0,1,True
FRA-bicicleta-fija-de-entrenamiento-philco-8,Fravega,PHILCO,Deportes y Fitness,Bicicleta Fija de Entrenamiento Philco 8 Niveles de Resistencia Disco 2kg,https://www.fravega.com/p/bicicleta-fija-de-entrenamiento-philco-8-niveles-de-resistencia-disco-2kg-990186086/,350899.0,202998.99,1,True
FRA-gym-rack-randers-arg-154-multifuncion-99,Fravega,OTRAS,Deportes y Fitness,Gym Rack Randers ARG-154 Multifunción,https://www.fravega.com/p/gym-rack-randers-arg-154-multifuncion-990229225/,582280.0,453207.0,1,True
FRA-guantes-profesionales-para-mma-gfitness-,Fravega,OTRAS,Deportes y Fitness,Guantes Profesionales para MMA Gfitness,https://www.fravega.com/p/guantes-profesionales-para-mma-gfitness-22516793/,84264.0,55999.0,1,True
FRA-yoga-mat-proline-premium-confort-con-cor,Fravega,GAMA,Deportes y Fitness,Yoga Mat Proline Premium Confort Con Correa 183 X 61.1 Cm Antideslizante - GP-YOGAMAT1-P,https://www.fravega.com/p/yoga-mat-proline-premium-confort-con-correa-183-x-61-1-cm-antideslizante-gp-yogamat1-p-990243302/,27499.0,19998.99,1,True
FRA-bicicleta-fija-energy-fit-shock-rider-sp,Fravega,OTRAS,Deportes y Fitness,Bicicleta Fija Energy Fit Shock Rider Spinning Con App Bluetooth,https://www.fravega.com/p/bicicleta-fija-energy-fit-shock-rider-spinning-con-app-bluetooth-22128586/,650000.0,500000.0,1,True
FRA-bicicleta-magnetica-vertical-te2455hp-se,Fravega,HP,Deportes y Fitness,Bicicleta Magnetica Vertical TE2455HP Semikon,https://www.fravega.com/p/bicicleta-magnetica-vertical-te2455hp-semikon-20111010/,584933.0,514741.0,1,True
FRA-creatina-monohidratada-star-nutrition-30,Fravega,OTRAS,Deportes y Fitness,Creatina Monohidratada Star Nutrition 300 Gr - Doypack,https://www.fravega.com/p/creatina-monohidratada-star-nutrition-300-gr-doypack-22631157/,39363.0,31490.0,1,True
FRA-barra-de-dominadas-trexa-tx-fd1-de-pared,Fravega,OTRAS,Deportes y Fitness,Barra de Dominadas Trexa TX-FD1 de pared,https://www.fravega.com/p/barra-de-dominadas-trexa-tx-fd1-de-pared-562059/,79999.0,44999.0,1,True
FRA-yoga-mat-trexa-tx-fym10g-10mm-gris-56210,Fravega,OTRAS,Deportes y Fitness,Yoga Mat Trexa TX-FYM10G 10mm Gris,https://www.fravega.com/p/yoga-mat-trexa-tx-fym10g-10mm-gris-562108/,29999.0,14999.0,1,True
FRA-bicicleta-spinning-fija-admiral-ad-fbs4-,Fravega,OTRAS,Deportes y Fitness,Bicicleta Spinning Fija Admiral AD-FBS4 4 kg,https://www.fravega.com/p/bicicleta-spinning-fija-admiral-ad-fbs4-4-kg-562179/,249999.0,179999.0,1,True
FRA-pedalera-de-ejercicios-trexa-tx-fpd1-562,Fravega,OTRAS,Deportes y Fitness,Pedalera de Ejercicios Trexa TX-FPD1,https://www.fravega.com/p/pedalera-de-ejercicios-trexa-tx-fpd1-562229/,129999.0,59999.0,1,True
FRA-bicicleta-nordic-x1-0-mountain-bike-roda,Fravega,OTRAS,Deportes y Fitness,Bicicleta Nordic x1.0 Mountain Bike Rodado 29 Talle 20 Celeste Blanco Azul Shimano,https://www.fravega.com/p/bicicleta-nordic-x1-0-mountain-bike-rodado-29-talle-20-celeste-blanco-azul-shimano-562854/,499999.0,249999.0,1,True
FRA-combo-4-de-2-5-kg-discos-para-mancuernas,Fravega,OTRAS,Deportes y Fitness,"Combo 4 de 2,5 Kg Discos para Mancuernas",https://www.fravega.com/p/combo-4-de-2-5-kg-discos-para-mancuernas-21182260/,24003.98,11999.0,1,True
FRA-bicicleta-mountain-bike-slp-10-pro-rodad,Fravega,OTRAS,Deportes y Fitness,Bicicleta Mountain Bike SLP 10 Pro Rodado 29” T18 17192-NG7BA7AA3T18,https://www.fravega.com/p/bicicleta-mountain-bike-slp-10-pro-rodado-29-t18-17192-ng7ba7aa3t18-562418/,599999.0,349999.0,1,True
FRA-bicicleta-nordic-x1-0-mountain-bike-roda,Fravega,OTRAS,Deportes y Fitness,Bicicleta Nordic x1.0 Mountain Bike Rodado 29 Talle 20 Negro Dorado Rojo Shimano,https://www.fravega.com/p/bicicleta-nordic-x1-0-mountain-bike-rodado-29-talle-20-negro-dorado-rojo-shimano-562868/,499999.0,289999.0,1,True
FRA-bicicleta-mountain-bike-slp-25-pro-lady-,Fravega,OTRAS,Deportes y Fitness,Bicicleta Mountain Bike SLP 25 PRO Lady Rodado 29 T18,https://www.fravega.com/p/bicicleta-mountain-bike-slp-25-pro-lady-rodado-29-t18-562634/,699999.0,419999.0,1,True
FRA-bicicleta-mtb-overtech-q5-r29-21v-freno-,Fravega,OTRAS,Deportes y Fitness,"Bicicleta Mtb Overtech Q5 R29, 21V Freno a Disco, Suspensión, Negro/Rojo/Blanco L",https://www.fravega.com/p/bicicleta-mtb-overtech-q5-r29-21v-freno-a-disco-suspension-negro-rojo-blanco-l--21202518/,499999.0,246999.0,1,True
FRA-trampolin-de-entrenamiento-trexa-tx-ft1-,Fravega,OTRAS,Deportes y Fitness,Trampolín de entrenamiento Trexa TX-FT1 cama elástica,https://www.fravega.com/p/trampolin-de-entrenamiento-trexa-tx-ft1-cama-elastica-562763/,139999.0,74999.0,1,True
FRA-bandas-elasticas-isometricas-de-resisten,Fravega,OTRAS,Deportes y Fitness,Bandas Elasticas Isometricas de Resistencia Waggs Set x 5,https://www.fravega.com/p/bandas-elasticas-isometricas-de-resistencia-waggs-set-x-5-21182263/,17997.98,8999.0,1,True
FRA-bicicleta-mountain-bike-slp-5-pro-rodado,Fravega,OTRAS,Deportes y Fitness,Bicicleta Mountain Bike SLP 5 Pro Rodado 29” T20 NG7VR4VR5,https://www.fravega.com/p/bicicleta-mountain-bike-slp-5-pro-rodado-29-t20-ng7vr4vr5-562390/,499999.0,329999.0,1,True
FRA-bicicleta-gross-mtb-rodado-29-mountain-b,Fravega,OTRAS,Deportes y Fitness,Bicicleta Gross MTB Rodado 29 Mountain Bike Aluminio 21v Cambios Shimano Negro Blanco,https://www.fravega.com/p/bicicleta-gross-mtb-rodado-29-mountain-bike-aluminio-21v-cambios-shimano-negro-blanco-562848/,599999.0,339999.0,1,True
FRA-bicicleta-mtb-overtech-mountain-bike-q6-,Fravega,OTRAS,Deportes y Fitness,Bicicleta Mtb Overtech Mountain Bike Q6 R29 Aluminio 21v Freno A Disco Talle M Negro/Rojo/Blanco,https://www.fravega.com/p/bicicleta-mtb-overtech-mountain-bike-q6-r29-aluminio-21v-freno-a-disco-talle-m-negro-rojo-blanco-21192799/,599999.0,271999.0,1,True
FRA-inflador-portatil-digital-compresor-aire,Fravega,OTRAS,Deportes y Fitness,Inflador Portátil Digital Compresor Aire 2600mAh Auto Moto Bici LED USB,https://www.fravega.com/p/inflador-portatil-digital-compresor-aire-2600mah-auto-moto-bici-led-usb-563001/,69999.0,49999.0,1,True
FRA-bicicleta-mountain-bike-nordic-x2-0-roda,Fravega,OTRAS,Deportes y Fitness,Bicicleta Mountain Bike Nordic X2.0 Rodado 29 T18,https://www.fravega.com/p/bicicleta-mountain-bike-nordic-x2-0-rodado-29-t18-562980/,599999.0,299999.0,1,True
FRA-bicicleta-mountain-bike-slp-5-pro-rodado,Fravega,OTRAS,Deportes y Fitness,Bicicleta Mountain Bike SLP 5 Pro Rodado 29” T20 NG8GI9BA6,https://www.fravega.com/p/bicicleta-mountain-bike-slp-5-pro-rodado-29-t20-ng8gi9ba6-562406/,499999.0,289999.0,1,True
FRA-pelota-de-futbol-reebok-vortex-nro-5-ggs,Fravega,OTRAS,Deportes y Fitness,Pelota de Futbol Reebok Vortex Nro.5 GGSS,https://www.fravega.com/p/pelota-de-futbol-reebok-vortex-nro-5-ggss--562730/,19999.0,13999.0,1,True
FRA-bicicleta-spinning-randers-arg-820sp-6-k,Fravega,OTRAS,Deportes y Fitness,Bicicleta Spinning Randers ARG-820SP 6 Kg,https://www.fravega.com/p/bicicleta-spinning-randers-arg-820sp-6-kg-990054591/,442978.0,290349.0,1,True
FRA-cinta-de-correr-caminadora-admiral-ad-fc,Fravega,OTRAS,Deportes y Fitness,Cinta de correr caminadora Admiral AD-FCC12 16 km/h,https://www.fravega.com/p/cinta-de-correr-caminadora-admiral-ad-fcc12-16-km-h-562289/,1199999.0,789999.0,1,True
FRA-bicicleta-fija-de-entrenamiento-philco-8,Fravega,PHILCO,Deportes y Fitness,Bicicleta Fija de Entrenamiento Philco 8 Niveles de Resistencia Disco 2kg,https://www.fravega.com/p/bicicleta-fija-de-entrenamiento-philco-8-niveles-de-resistencia-disco-2kg-990186086/,350899.0,202998.99,1,True
FRA-gym-rack-randers-arg-154-multifuncion-99,Fravega,OTRAS,Deportes y Fitness,Gym Rack Randers ARG-154 Multifunción,https://www.fravega.com/p/gym-rack-randers-arg-154-multifuncion-990229225/,582280.0,453207.0,1,True
FRA-guantes-profesionales-para-mma-gfitness-,Fravega,OTRAS,Deportes y Fitness,Guantes Profesionales para MMA Gfitness,https://www.fravega.com/p/guantes-profesionales-para-mma-gfitness-22516793/,84264.0,55999.0,1,True
FRA-yoga-mat-proline-premium-confort-con-cor,Fravega,GAMA,Deportes y Fitness,Yoga Mat Proline Premium Confort Con Correa 183 X 61.1 Cm Antideslizante - GP-YOGAMAT1-P,https://www.fravega.com/p/yoga-mat-proline-premium-confort-con-correa-183-x-61-1-cm-antideslizante-gp-yogamat1-p-990243302/,27499.0,19998.99,1,True
FRA-bicicleta-fija-energy-fit-shock-rider-sp,Fravega,OTRAS,Deportes y Fitness,Bicicleta Fija Energy Fit Shock Rider Spinning Con App Bluetooth,https://www.fravega.com/p/bicicleta-fija-energy-fit-shock-rider-spinning-con-app-bluetooth-22128586/,650000.0,500000.0,1,True
FRA-bicicleta-magnetica-vertical-te2455hp-se,Fravega,HP,Deportes y Fitness,Bicicleta Magnetica Vertical TE2455HP Semikon,https://www.fravega.com/p/bicicleta-magnetica-vertical-te2455hp-semikon-20111010/,584933.0,514741.0,1,True
FRA-creatina-monohidratada-star-nutrition-30,Fravega,OTRAS,Deportes y Fitness,Creatina Monohidratada Star Nutrition 300 Gr - Doypack,https://www.fravega.com/p/creatina-monohidratada-star-nutrition-300-gr-doypack-22631157/,39363.0,31490.0,1,True
FRA-barra-de-dominadas-trexa-tx-fd1-de-pared,Fravega,OTRAS,Deportes y Fitness,Barra de Dominadas Trexa TX-FD1 de pared,https://www.fravega.com/p/barra-de-dominadas-trexa-tx-fd1-de-pared-562059/,79999.0,44999.0,1,True
FRA-yoga-mat-trexa-tx-fym10g-10mm-gris-56210,Fravega,OTRAS,Deportes y Fitness,Yoga Mat Trexa TX-FYM10G 10mm Gris,https://www.fravega.com/p/yoga-mat-trexa-tx-fym10g-10mm-gris-562108/,29999.0,14999.0,1,True
FRA-bicicleta-spinning-fija-admiral-ad-fbs4-,Fravega,OTRAS,Deportes y Fitness,Bicicleta Spinning Fija Admiral AD-FBS4 4 kg,https://www.fravega.com/p/bicicleta-spinning-fija-admiral-ad-fbs4-4-kg-562179/,249999.0,179999.0,1,True
FRA-pedalera-de-ejercicios-trexa-tx-fpd1-562,Fravega,OTRAS,Deportes y Fitness,Pedalera de Ejercicios Trexa TX-FPD1,https://www.fravega.com/p/pedalera-de-ejercicios-trexa-tx-fpd1-562229/,129999.0,59999.0,1,True
FRA-bicicleta-mountain-bike-slp-10-pro-r29-t,Fravega,OTRAS,Deportes y Fitness,Bicicleta Mountain Bike SLP 10 PRO R29 T18 VR19BA8NG11,https://www.fravega.com/p/bicicleta-mountain-bike-slp-10-pro-r29-t18-vr19ba8ng11-562696/,599999.0,339999.0,1,True
FRA-banco-de-pesas-admiral-reclinable-ejerci,Fravega,OTRAS,Deportes y Fitness,Banco de Pesas Admiral Reclinable Ejercicio Fitness Gym,https://www.fravega.com/p/banco-de-pesas-admiral-reclinable-ejercicio-fitness-gym-563728/,199999.0,179999.0,1,True
FRA-bicicleta-spinning-fija-admiral-ad-fbs10,Fravega,OTRAS,Deportes y Fitness,Bicicleta Spinning Fija Admiral AD-FBS10 10 kg,https://www.fravega.com/p/bicicleta-spinning-fija-admiral-ad-fbs10-10-kg-562691/,599999.0,299999.0,1,True
FRA-bicicleta-mountain-bike-slp-10-pro-rodad,Fravega,OTRAS,Deportes y Fitness,Bicicleta Mountain Bike SLP 10 Pro Rodado 29” T18 17192-NG11BA8RJ11T18,https://www.fravega.com/p/bicicleta-mountain-bike-slp-10-pro-rodado-29-t18-17192-ng11ba8rj11t18-562402/,599999.0,349999.0,1,True
FRA-bicicleta-mtb-overtech-q6-r29-aluminio-2,Fravega,OTRAS,Deportes y Fitness,"Bicicleta Mtb Overtech Q6 R29 Aluminio, 21v Con Suspensión Rosa/Blanco S",https://www.fravega.com/p/bicicleta-mtb-overtech-q6-r29-aluminio-21v-con-suspension-rosa-blanco-s-22508764/,599999.0,271999.0,1,True
FRA-maquina-de-remo-admiral-ad-fmr1-simulado,Fravega,OTRAS,Deportes y Fitness,Máquina de remo Admiral AD-FMR1 simulador,https://www.fravega.com/p/maquina-de-remo-admiral-ad-fmr1-simulador-562798/,599999.0,399999.0,1,True
FRA-bicicleta-nordic-x1-0-mountain-bike-roda,Fravega,OTRAS,Deportes y Fitness,Bicicleta Nordic x1.0 Mountain Bike Rodado 29 Talle 20 Verde Gris Amarillo Shimano,https://www.fravega.com/p/bicicleta-nordic-x1-0-mountain-bike-rodado-29-talle-20-verde-gris-amarillo-shimano-562872/,499999.0,279999.0,1,True
FRA-multigimnasio-65kg-randers-arg-63150-990,Fravega,OTRAS,Deportes y Fitness,Multigimnasio 65Kg Randers ARG-63150,https://www.fravega.com/p/multigimnasio-65kg-randers-arg-63150-990276833/,1495345.0,1128261.0,1,True
FRA-monopatin-electrico-therbuss-250w-25km-h,Fravega,OTRAS,Deportes y Fitness,Monopatin Eléctrico Therbuss 250w 25km/h Scooter R32,https://www.fravega.com/p/monopatin-electrico-therbuss-250w-25km-h-scooter-r32-562469/,999999.0,599999.0,1,True
FRA-soga-de-salto-fitness-proline-gp-sogapvc,Fravega,OTRAS,Deportes y Fitness,Soga De Salto Fitness Proline GP-SOGAPVC1-P,https://www.fravega.com/p/soga-de-salto-fitness-proline-gp-sogapvc1-p-990243305/,16499.0,4998.97,1,True
FRA-bicicleta-gross-mtb-rodado-29-mountain-b,Fravega,OTRAS,Deportes y Fitness,Bicicleta Gross MTB Rodado 29 Mountain Bike Aluminio 21v Cambios Shimano Gris Negro,https://www.fravega.com/p/bicicleta-gross-mtb-rodado-29-mountain-bike-aluminio-21v-cambios-shimano-gris-negro-562847/,599999.0,299999.0,1,True
FRA-pelota-de-futbol-nro-5-bolsa-deportiva-d,Fravega,OTRAS,Deportes y Fitness,Pelota de Fútbol Nro. 5 + Bolsa Deportiva de Regalo,https://www.fravega.com/p/pelota-de-futbol-nro-5-bolsa-deportiva-de-regalo-562128/,29999.0,9999.0,1,True
FRA-bicicleta-nordic-x1-0-mountain-bike-roda,Fravega,OTRAS,Deportes y Fitness,Bicicleta Nordic x1.0 Mountain Bike Rodado 29 Talle 18 Blanco Rojo Negro Shimano,https://www.fravega.com/p/bicicleta-nordic-x1-0-mountain-bike-rodado-29-talle-18-blanco-rojo-negro-shimano-562849/,499999.0,299999.0,1,True
FRA-bicicleta-nordic-x1-0-mountain-bike-roda,Fravega,OTRAS,Deportes y Fitness,Bicicleta Nordic x1.0 Mountain Bike Rodado 29 Talle 20 Celeste Gris Amarillo Shimano,https://www.fravega.com/p/bicicleta-nordic-x1-0-mountain-bike-rodado-29-talle-20-celeste-gris-amarillo-shimano-562852/,499999.0,249999.0,1,True
FRA-bicicleta-topmega-mtb-tigris-aluminio-r2,Fravega,OTRAS,Deportes y Fitness,Bicicleta TopMega MTB Tigris Aluminio R29 21VEL Gris Celeste Talle M 1011854,https://www.fravega.com/p/bicicleta-topmega-mtb-tigris-aluminio-r29-21vel-gris-celeste-talle-m-1011854-22613827/,592460.0,412180.0,1,True
FRA-pelota-de-futbol-reebok-vortex-nro-5-ggs,Fravega,OTRAS,Deportes y Fitness,Pelota de Futbol Reebok Vortex Nro.5 GGSS,https://www.fravega.com/p/pelota-de-futbol-reebok-vortex-nro-5-ggss--562730/,19999.0,13999.0,1,True
FRA-bicicleta-spinning-randers-arg-820sp-6-k,Fravega,OTRAS,Deportes y Fitness,Bicicleta Spinning Randers ARG-820SP 6 Kg,https://www.fravega.com/p/bicicleta-spinning-randers-arg-820sp-6-kg-990054591/,442978.0,290349.0,1,True
FRA-cinta-de-correr-caminadora-admiral-ad-fc,Fravega,OTRAS,Deportes y Fitness,Cinta de correr caminadora Admiral AD-FCC12 16 km/h,https://www.fravega.com/p/cinta-de-correr-caminadora-admiral-ad-fcc12-16-km-h-562289/,1199999.0,789999.0,1,True
FRA-bicicleta-fija-de-entrenamiento-philco-8,Fravega,PHILCO,Deportes y Fitness,Bicicleta Fija de Entrenamiento Philco 8 Niveles de Resistencia Disco 2kg,https://www.fravega.com/p/bicicleta-fija-de-entrenamiento-philco-8-niveles-de-resistencia-disco-2kg-990186086/,350899.0,202998.99,1,True
FRA-gym-rack-randers-arg-154-multifuncion-99,Fravega,OTRAS,Deportes y Fitness,Gym Rack Randers ARG-154 Multifunción,https://www.fravega.com/p/gym-rack-randers-arg-154-multifuncion-990229225/,582280.0,453207.0,1,True
FRA-guantes-profesionales-para-mma-gfitness-,Fravega,OTRAS,Deportes y Fitness,Guantes Profesionales para MMA Gfitness,https://www.fravega.com/p/guantes-profesionales-para-mma-gfitness-22516793/,84264.0,55999.0,1,True
FRA-yoga-mat-proline-premium-confort-con-cor,Fravega,GAMA,Deportes y Fitness,Yoga Mat Proline Premium Confort Con Correa 183 X 61.1 Cm Antideslizante - GP-YOGAMAT1-P,https://www.fravega.com/p/yoga-mat-proline-premium-confort-con-correa-183-x-61-1-cm-antideslizante-gp-yogamat1-p-990243302/,27499.0,19998.99,1,True
FRA-bicicleta-fija-energy-fit-shock-rider-sp,Fravega,OTRAS,Deportes y Fitness,Bicicleta Fija Energy Fit Shock Rider Spinning Con App Bluetooth,https://www.fravega.com/p/bicicleta-fija-energy-fit-shock-rider-spinning-con-app-bluetooth-22128586/,650000.0,500000.0,1,True
FRA-bicicleta-magnetica-vertical-te2455hp-se,Fravega,HP,Deportes y Fitness,Bicicleta Magnetica Vertical TE2455HP Semikon,https://www.fravega.com/p/bicicleta-magnetica-vertical-te2455hp-semikon-20111010/,584933.0,514741.0,1,True
FRA-creatina-monohidratada-star-nutrition-30,Fravega,OTRAS,Deportes y Fitness,Creatina Monohidratada Star Nutrition 300 Gr - Doypack,https://www.fravega.com/p/creatina-monohidratada-star-nutrition-300-gr-doypack-22631157/,39363.0,31490.0,1,True
FRA-barra-de-dominadas-trexa-tx-fd1-de-pared,Fravega,OTRAS,Deportes y Fitness,Barra de Dominadas Trexa TX-FD1 de pared,https://www.fravega.com/p/barra-de-dominadas-trexa-tx-fd1-de-pared-562059/,79999.0,44999.0,1,True
FRA-yoga-mat-trexa-tx-fym10g-10mm-gris-56210,Fravega,OTRAS,Deportes y Fitness,Yoga Mat Trexa TX-FYM10G 10mm Gris,https://www.fravega.com/p/yoga-mat-trexa-tx-fym10g-10mm-gris-562108/,29999.0,14999.0,1,True
FRA-bicicleta-spinning-fija-admiral-ad-fbs4-,Fravega,OTRAS,Deportes y Fitness,Bicicleta Spinning Fija Admiral AD-FBS4 4 kg,https://www.fravega.com/p/bicicleta-spinning-fija-admiral-ad-fbs4-4-kg-562179/,249999.0,179999.0,1,True
FRA-pedalera-de-ejercicios-trexa-tx-fpd1-562,Fravega,OTRAS,Deportes y Fitness,Pedalera de Ejercicios Trexa TX-FPD1,https://www.fravega.com/p/pedalera-de-ejercicios-trexa-tx-fpd1-562229/,129999.0,59999.0,1,True
FRA-pelota-de-futbol-maradona-nro-5-mrd2100-,Fravega,OTRAS,Deportes y Fitness,Pelota de Fútbol Maradona Nro. 5 MRD2100 Boca Juniors Oficial,https://www.fravega.com/p/pelota-de-futbol-maradona-nro-5-mrd2100-boca-juniors-oficial-562198/,29999.0,9999.0,1,True
FRA-set-x3-de-bandas-elasticas-de-latex-gp-b,Fravega,OTRAS,Deportes y Fitness,Set x3 De Bandas Elasticas De Latex GP-BANDASETX3-2-P,https://www.fravega.com/p/set-x3-de-bandas-elasticas-de-latex-gp-bandasetx3-2-p-990243319/,20899.0,7999.0,1,True
FRA-inflador-de-pie-con-manometro-para-bicic,Fravega,OTRAS,Deportes y Fitness,Inflador De Pie Con Manómetro Para Bicicletas 120PSI Arrow MUN-04,https://www.fravega.com/p/inflador-de-pie-con-manometro-para-bicicletas-120psi-arrow-mun-04-990247267/,41799.0,14999.0,1,True
FRA-bicicleta-mountain-bike-mtb-overtech-r29,Fravega,OTRAS,Deportes y Fitness,Bicicleta Mountain Bike Mtb Overtech R29 Q5 21v Freno A Disco Negro/Rojo/Blanco Talle M,https://www.fravega.com/p/bicicleta-mountain-bike-mtb-overtech-r29-q5-21v-freno-a-disco-negro-rojo-blanco-talle-m-21203782/,499999.0,274999.0,1,True
FRA-guantes-tacticos-gadnic-touchscreen-cicl,Fravega,OTRAS,Deportes y Fitness,Guantes Tacticos Gadnic Touchscreen Ciclismo Moto - Talle M,https://www.fravega.com/p/guantes-tacticos-gadnic-touchscreen-ciclismo-moto-talle-m-990164428/,16639.0,12799.0,1,True
FRA-bicicleta-mountain-bike-slp-5-pro-rodado,Fravega,OTRAS,Deportes y Fitness,Bicicleta Mountain Bike SLP 5 Pro Rodado 29” T18 NG8GI9BA6,https://www.fravega.com/p/bicicleta-mountain-bike-slp-5-pro-rodado-29-t18-ng8gi9ba6-562312/,499999.0,289999.0,1,True
FRA-banda-elastica-8-fitness-con-agarres-pro,Fravega,OTRAS,Deportes y Fitness,Banda Elastica 8 Fitness Con Agarres Proline GP-BANDA8FIT1-P,https://www.fravega.com/p/banda-elastica-8-fitness-con-agarres-proline-gp-banda8fit1-p-990243324/,17599.0,4998.97,1,True
FRA-soga-de-salto-pro-fitness-proline-gp-sog,Fravega,OTRAS,Deportes y Fitness,Soga De Salto PRO Fitness Proline GP-SOGALAUM1-P,https://www.fravega.com/p/soga-de-salto-pro-fitness-proline-gp-sogalaum1-p-990243308/,24199.0,11999.0,1,True
FRA-barra-de-dominadas-gadnic-estacion-multi,Fravega,OTRAS,Deportes y Fitness,Barra de Dominadas Gadnic Estación Multifunción 200kg,https://www.fravega.com/p/barra-de-dominadas-gadnic-estacion-multifuncion-200kg-990276609/,148979.0,114599.0,1,True
FRA-bicicleta-mtb-overtech-r29-q3-con-suspen,Fravega,OTRAS,Deportes y Fitness,Bicicleta Mtb Overtech R29 Q3 Con Suspensión Tamaño Del Cuadro M Negro/rojo/blanco,https://www.fravega.com/p/bicicleta-mtb-overtech-r29-q3-con-suspension-tamano-del-cuadro-m-negro-rojo-blanco-22104450/,449999.0,225999.0,1,True
FRA-bicicleta-mountain-bike-nordic-x2-0-roda,Fravega,OTRAS,Deportes y Fitness,Bicicleta Mountain Bike Nordic X2.0 Rodado 29 T18,https://www.fravega.com/p/bicicleta-mountain-bike-nordic-x2-0-rodado-29-t18-562983/,599999.0,269999.0,1,True
FRA-bicicleta-mountain-bike-slp-5-pro-rodado,Fravega,OTRAS,Deportes y Fitness,Bicicleta Mountain Bike SLP 5 Pro Rodado 29” T20 BA5NG7RJ8,https://www.fravega.com/p/bicicleta-mountain-bike-slp-5-pro-rodado-29-t20-ba5ng7rj8-562375/,499999.0,289999.0,1,True
FRA-bicicleta-mountain-bike-slp-5-pro-rodado,Fravega,OTRAS,Deportes y Fitness,Bicicleta Mountain Bike SLP 5 Pro Rodado 29” T20 VR7NG11VR8,https://www.fravega.com/p/bicicleta-mountain-bike-slp-5-pro-rodado-29-t20-vr7ng11vr8-562447/,499999.0,329999.0,1,True
FRA-kit-x-5-bandas-elasticas-force-by-gadnic,Fravega,OTRAS,Deportes y Fitness,Kit x 5 Bandas Elásticas Force By Gadnic Isométricas,https://www.fravega.com/p/kit-x-5-bandas-elasticas-force-by-gadnic-isometricas-990276586/,14169.0,10899.0,1,True
FRA-pelota-de-futbol-reebok-vortex-nro-5-ggs,Fravega,OTRAS,Deportes y Fitness,Pelota de Futbol Reebok Vortex Nro.5 GGSS,https://www.fravega.com/p/pelota-de-futbol-reebok-vortex-nro-5-ggss--562730/,19999.0,13999.0,1,True
FRA-bicicleta-spinning-randers-arg-820sp-6-k,Fravega,OTRAS,Deportes y Fitness,Bicicleta Spinning Randers ARG-820SP 6 Kg,https://www.fravega.com/p/bicicleta-spinning-randers-arg-820sp-6-kg-990054591/,442978.0,290349.0,1,True
FRA-cinta-de-correr-caminadora-admiral-ad-fc,Fravega,OTRAS,Deportes y Fitness,Cinta de correr caminadora Admiral AD-FCC12 16 km/h,https://www.fravega.com/p/cinta-de-correr-caminadora-admiral-ad-fcc12-16-km-h-562289/,1199999.0,789999.0,1,True
FRA-bicicleta-fija-de-entrenamiento-philco-8,Fravega,PHILCO,Deportes y Fitness,Bicicleta Fija de Entrenamiento Philco 8 Niveles de Resistencia Disco 2kg,https://www.fravega.com/p/bicicleta-fija-de-entrenamiento-philco-8-niveles-de-resistencia-disco-2kg-990186086/,350899.0,202998.99,1,True
FRA-gym-rack-randers-arg-154-multifuncion-99,Fravega,OTRAS,Deportes y Fitness,Gym Rack Randers ARG-154 Multifunción,https://www.fravega.com/p/gym-rack-randers-arg-154-multifuncion-990229225/,582280.0,453207.0,1,True
FRA-guantes-profesionales-para-mma-gfitness-,Fravega,OTRAS,Deportes y Fitness,Guantes Profesionales para MMA Gfitness,https://www.fravega.com/p/guantes-profesionales-para-mma-gfitness-22516793/,84264.0,55999.0,1,True
FRA-yoga-mat-proline-premium-confort-con-cor,Fravega,GAMA,Deportes y Fitness,Yoga Mat Proline Premium Confort Con Correa 183 X 61.1 Cm Antideslizante - GP-YOGAMAT1-P,https://www.fravega.com/p/yoga-mat-proline-premium-confort-con-correa-183-x-61-1-cm-antideslizante-gp-yogamat1-p-990243302/,27499.0,19998.99,1,True
FRA-bicicleta-fija-energy-fit-shock-rider-sp,Fravega,OTRAS,Deportes y Fitness,Bicicleta Fija Energy Fit Shock Rider Spinning Con App Bluetooth,https://www.fravega.com/p/bicicleta-fija-energy-fit-shock-rider-spinning-con-app-bluetooth-22128586/,650000.0,500000.0,1,True
FRA-bicicleta-magnetica-vertical-te2455hp-se,Fravega,HP,Deportes y Fitness,Bicicleta Magnetica Vertical TE2455HP Semikon,https://www.fravega.com/p/bicicleta-magnetica-vertical-te2455hp-semikon-20111010/,584933.0,514741.0,1,True
FRA-creatina-monohidratada-star-nutrition-30,Fravega,OTRAS,Deportes y Fitness,Creatina Monohidratada Star Nutrition 300 Gr - Doypack,https://www.fravega.com/p/creatina-monohidratada-star-nutrition-300-gr-doypack-22631157/,39363.0,31490.0,1,True
FRA-barra-de-dominadas-trexa-tx-fd1-de-pared,Fravega,OTRAS,Deportes y Fitness,Barra de Dominadas Trexa TX-FD1 de pared,https://www.fravega.com/p/barra-de-dominadas-trexa-tx-fd1-de-pared-562059/,79999.0,44999.0,1,True
FRA-yoga-mat-trexa-tx-fym10g-10mm-gris-56210,Fravega,OTRAS,Deportes y Fitness,Yoga Mat Trexa TX-FYM10G 10mm Gris,https://www.fravega.com/p/yoga-mat-trexa-tx-fym10g-10mm-gris-562108/,29999.0,14999.0,1,True
FRA-bicicleta-spinning-fija-admiral-ad-fbs4-,Fravega,OTRAS,Deportes y Fitness,Bicicleta Spinning Fija Admiral AD-FBS4 4 kg,https://www.fravega.com/p/bicicleta-spinning-fija-admiral-ad-fbs4-4-kg-562179/,249999.0,179999.0,1,True
FRA-pedalera-de-ejercicios-trexa-tx-fpd1-562,Fravega,OTRAS,Deportes y Fitness,Pedalera de Ejercicios Trexa TX-FPD1,https://www.fravega.com/p/pedalera-de-ejercicios-trexa-tx-fpd1-562229/,129999.0,59999.0,1,True
FRA-combo-2-discos-x-2-5kg-c-u-para-mancuern,Fravega,OTRAS,Deportes y Fitness,"Combo 2 Discos X 2,5kg C/u para Mancuernas",https://www.fravega.com/p/combo-2-discos-x-2-5kg-c-u-para-mancuernas-21182271/,11991.98,5989.0,1,True
FRA-bicicleta-mtb-overtech-r29-q3-con-suspen,Fravega,OTRAS,Deportes y Fitness,Bicicleta Mtb Overtech R29 Q3 Con Suspensión Tamaño Del Cuadro L Negro/naranja/blanco,https://www.fravega.com/p/bicicleta-mtb-overtech-r29-q3-con-suspension-tamano-del-cuadro-l-negro-naranja-blanco-22104540/,449999.0,225999.0,1,True
FRA-set-de-entrenamiento-trexa-tx-fse1-flexi,Fravega,OTRAS,Deportes y Fitness,"Set de entrenamiento Trexa TX-FSE1 Flexiones, Banda y Soga",https://www.fravega.com/p/set-de-entrenamiento-trexa-tx-fse1-flexiones-banda-y-soga-562231/,39999.0,19999.0,1,True
FRA-bicicleta-mountain-bike-slp-5-pro-rodado,Fravega,OTRAS,Deportes y Fitness,Bicicleta Mountain Bike SLP 5 Pro Rodado 29” T18 VR7NG11VR8,https://www.fravega.com/p/bicicleta-mountain-bike-slp-5-pro-rodado-29-t18-vr7ng11vr8-562361/,499999.0,329999.0,1,True
FRA-bicicleta-mountain-bike-slp-5-pro-rodado,Fravega,OTRAS,Deportes y Fitness,Bicicleta Mountain Bike SLP 5 Pro Rodado 29” T21 NG8GI9BA6,https://www.fravega.com/p/bicicleta-mountain-bike-slp-5-pro-rodado-29-t21-ng8gi9ba6-562482/,359999.0,289999.0,1,True
FRA-cinta-para-correr-14-km-h-3-0-hpp-con-in,Fravega,HP,Deportes y Fitness,Cinta para correr 14 km/h (3.0 hpp) con inclinación GC-266 CARDIO PLUS,https://www.fravega.com/p/cinta-para-correr-14-km-h-3-0-hpp-con-inclinacion-gc-266-cardio-plus-22626893/,1327834.0,735900.0,1,True
FRA-bicicleta-mountain-bike-slp-5-pro-r29-t2,Fravega,OTRAS,Deportes y Fitness,Bicicleta Mountain Bike SLP 5 PRO R29 T20 CELESTE NEGRO,https://www.fravega.com/p/bicicleta-mountain-bike-slp-5-pro-r29-t20-celeste-negro--562535/,499999.0,329999.0,1,True
FRA-bicicleta-fija-force-by-gadnic-spinning-,Fravega,OTRAS,Deportes y Fitness,Bicicleta Fija Force By Gadnic Spinning Hasta 120 Kg Reforzada,https://www.fravega.com/p/bicicleta-fija-force-by-gadnic-spinning-hasta-120-kg-reforzada-990281031/,628289.0,483299.0,1,True
FRA-rollers-profesionales-negros-gadnic-rl01,Fravega,OTRAS,Deportes y Fitness,Rollers Profesionales Negros Gadnic RL01 Plus Aluminio Extensible Ruedas PU - Talle L,https://www.fravega.com/p/rollers-profesionales-negros-gadnic-rl01-plus-aluminio-extensible-ruedas-pu-talle-l-20105486/,98279.0,75599.0,1,True
FRA-bicicleta-mtb-overtech-r29-q3-con-suspen,Fravega,OTRAS,Deportes y Fitness,Bicicleta Mtb Overtech R29 Q3 Con Suspensión Tamaño Del Cuadro M Negro/rosa/blanco,https://www.fravega.com/p/bicicleta-mtb-overtech-r29-q3-con-suspension-tamano-del-cuadro-m-negro-rosa-blanco-22104560/,449999.0,225999.0,1,True
FRA-bicicleta-mountain-bike-slp-25-pro-lady-,Fravega,OTRAS,Deportes y Fitness,Bicicleta Mountain Bike SLP 25 PRO Lady Rodado 29 T18,https://www.fravega.com/p/bicicleta-mountain-bike-slp-25-pro-lady-rodado-29-t18-562633/,699999.0,349999.0,1,True
FRA-mat-yoga-10-mm-colchoneta-pilates-caucho,Fravega,OTRAS,Deportes y Fitness,Mat Yoga 10 MM Colchoneta Pilates Caucho NBR 180x62 + Bolso Color Violeta,https://www.fravega.com/p/mat-yoga-10-mm-colchoneta-pilates-caucho-nbr-180x62-bolso-color-violeta-22635014/,36000.0,30000.0,1,True
FRA-tabla-de-pilates-randers-arg-920vc-99027,Fravega,OTRAS,Deportes y Fitness,Tabla de Pilates Randers ARG-920VC,https://www.fravega.com/p/tabla-de-pilates-randers-arg-920vc-990274764/,169610.0,116122.01,1,True
FRA-bicicleta-fija-gadnic-b-18-hogarena-regu,Fravega,OTRAS,Deportes y Fitness,Bicicleta Fija Gadnic B-18 Hogareña Regulable 5 Programas Hasta 100kg Magnética,https://www.fravega.com/p/bicicleta-fija-gadnic-b-18-hogarena-regulable-5-programas-hasta-100kg-magnetica-20049282/,426334.0,327949.0,1,True
FRA-bicicleta-mountain-bike-nordic-x2-0-roda,Fravega,OTRAS,Deportes y Fitness,Bicicleta Mountain Bike Nordic X2.0 Rodado 29 T20 Negro - Blanco,https://www.fravega.com/p/bicicleta-mountain-bike-nordic-x2-0-rodado-29-t20-negro-blanco-561390/,399999.0,279999.0,1,True
FRA-secador-remington-d3015-power-volumen-20,Fravega,REMINGTON,Belleza y Cuidado Personal,Secador Remington D3015 Power Volumen 2000,https://www.fravega.com/p/secador-remington-d3015-power-volumen-2000-12426/,59999.0,49999.0,1,True
FRA-planchita-de-pelo-ga-ma-elegance-bella-t,Fravega,OTRAS,Belleza y Cuidado Personal,Planchita de Pelo GA.MA Elegance Bella Tourmaline ION 230°C,https://www.fravega.com/p/planchita-de-pelo-ga-ma-elegance-bella-tourmaline-ion-230-c-13040/,68999.0,54999.0,1,True
FRA-depiladora-ipl-philips-lumea-prestige-br,Fravega,PHILIPS,Belleza y Cuidado Personal,Depiladora IPL Philips Lumea Prestige BRI947/30,https://www.fravega.com/p/depiladora-ipl-philips-lumea-prestige-bri947-30-13275/,959999.0,779999.0,1,True
FRA-planchita-de-pelo-admiral-ad-pl001-ceram,Fravega,OTRAS,Belleza y Cuidado Personal,Planchita de Pelo Admiral AD-PL001 Ceramic 230,https://www.fravega.com/p/planchita-de-pelo-admiral-ad-pl001-ceramic-230-14214/,39999.0,21999.0,1,True
FRA-depiladora-electrica-philips-bre227-00-1,Fravega,PHILIPS,Belleza y Cuidado Personal,Depiladora Eléctrica Philips BRE227/00,https://www.fravega.com/p/depiladora-electrica-philips-bre227-00-14404/,72999.0,49999.0,1,True
FRA-secador-de-pelo-ga-ma-mistral-ceramic-io,Fravega,OTRAS,Belleza y Cuidado Personal,Secador de Pelo GA.MA Mistral Ceramic Ion,https://www.fravega.com/p/secador-de-pelo-ga-ma-mistral-ceramic-ion-13349/,74999.0,59999.0,1,True
FRA-planchita-de-pelo-ga-ma-3d-titanium-blue,Fravega,OTRAS,Belleza y Cuidado Personal,Planchita de Pelo GA.MA 3D Titanium Blue,https://www.fravega.com/p/planchita-de-pelo-ga-ma-3d-titanium-blue-13257/,109999.0,93999.0,1,True
FRA-depiladora-trimmer-nariz-oidos-y-cejas-e,Fravega,OTRAS,Belleza y Cuidado Personal,Depiladora Trimmer Nariz Oidos Y Cejas Enchen En006 10000Rpm,https://www.fravega.com/p/depiladora-trimmer-nariz-oidos-y-cejas-enchen-en006-10000rpm-990274952/,10999.0,6790.0,1,True
FRA-secador-de-pelo-westinghouse-whhd1800-14,Fravega,OTRAS,Belleza y Cuidado Personal,Secador de Pelo Westinghouse WHHD1800,https://www.fravega.com/p/secador-de-pelo-westinghouse-whhd1800-14035/,39999.0,29999.0,1,True
FRA-planchita-de-pelo-remington-wet2straight,Fravega,REMINGTON,Belleza y Cuidado Personal,Planchita de Pelo Remington Wet2Straight S27A,https://www.fravega.com/p/planchita-de-pelo-remington-wet2straight-s27a-14242/,79999.0,59999.0,1,True
FRA-depiladora-facial-3-1-multifuncional-rec,Fravega,OTRAS,Belleza y Cuidado Personal,Depiladora Facial 3 en 1 Multifuncional Recargable Usb Ceja Nariz Rostro,https://www.fravega.com/p/depiladora-facial-3-1-multifuncional-recargable-usb-ceja-nariz-rostro-22490115/,19999.0,14999.0,1,True
FRA-secador-de-pelo-remington-cabello-cerami,Fravega,REMINGTON,Belleza y Cuidado Personal,Secador de Pelo Remington Cabello Ceramica Linea Profesional,https://www.fravega.com/p/secador-de-pelo-remington-cabello-ceramica-linea-profesional-990020915/,78739.0,45989.99,1,True
FRA-cepillo-alisador-electrico-enchen-by-xia,Fravega,XIAOMI,Belleza y Cuidado Personal,Cepillo Alisador Eléctrico Enchen By Xiaomi Control de Temp.,https://www.fravega.com/p/cepillo-alisador-electrico-enchen-by-xiaomi-control-de-temp--990245044/,62989.0,35900.0,1,True
FRA-depiladora-cejas-lapiz-electrico-portati,Fravega,OTRAS,Belleza y Cuidado Personal,Depiladora Cejas Lápiz Eléctrico Portátil Recargable Usb Luz,https://www.fravega.com/p/depiladora-cejas-lapiz-electrico-portatil-recargable-usb-luz-22649103/,21929.0,19579.0,1,True
FRA-secador-de-pelo-ga-ma-diamond-ceramic-12,Fravega,OTRAS,Belleza y Cuidado Personal,Secador de Pelo GA.MA Diamond Ceramic,https://www.fravega.com/p/secador-de-pelo-ga-ma-diamond-ceramic-12982/,89999.0,69999.0,1,True
FRA-planchita-de-pelo-admiral-ad-pl002-tourm,Fravega,OTRAS,Belleza y Cuidado Personal,Planchita de Pelo Admiral AD-PL002 Tourmaline 230,https://www.fravega.com/p/planchita-de-pelo-admiral-ad-pl002-tourmaline-230-14215/,59999.0,33999.0,1,True
FRA-depiladora-philips-bre712-00-13213,Fravega,PHILIPS,Belleza y Cuidado Personal,Depiladora Philips BRE712-00,https://www.fravega.com/p/depiladora-philips-bre712-00-13213/,153999.0,119999.0,1,True
FRA-secador-de-pelo-revlon-rvdr773la2av1-140,Fravega,OTRAS,Belleza y Cuidado Personal,Secador de Pelo Revlon RVDR773LA2AV1,https://www.fravega.com/p/secador-de-pelo-revlon-rvdr773la2av1-14060/,59999.0,49999.0,1,True
FRA-planchita-de-pelo-remington-gloss-s9350-,Fravega,REMINGTON,Belleza y Cuidado Personal,Planchita de Pelo Remington Gloss S9350 Tecnología Antiestática,https://www.fravega.com/p/planchita-de-pelo-remington-gloss-s9350-tecnologia-antiestatica-14501/,82999.0,59999.0,1,True
FRA-afeitadora-philips-s1881-00-serie-1000-u,Fravega,PHILIPS,Belleza y Cuidado Personal,Afeitadora Philips S1881/00 Serie 1000 uso en Húmedo y Seco,https://www.fravega.com/p/afeitadora-philips-s1881-00-serie-1000-uso-humedo-y-seco-30625/,81999.0,49999.0,1,True
FRA-repuesto-cuchillas-x2-para-cortabarba-ph,Fravega,PHILIPS,Belleza y Cuidado Personal,Repuesto Cuchillas x2 para Cortabarba Philips OneBlade,https://www.fravega.com/p/repuesto-cuchillas-x2-para-cortabarba-philips-oneblade-30460/,31499.0,27499.0,1,True
FRA-afeitadora-blade-x--22155845,Fravega,OTRAS,Belleza y Cuidado Personal,AFEITADORA BLADE X,https://www.fravega.com/p/afeitadora-blade-x--22155845/,50995.0,30999.0,1,True
FRA-afeitadora-y-recortadora-ultracomb-bk491,Fravega,OTRAS,Belleza y Cuidado Personal,Afeitadora Y Recortadora Ultracomb Bk4918 Recargable Led Y 6 Cabezales,https://www.fravega.com/p/afeitadora-y-recortadora-ultracomb-bk4918-recargable-led-y-6-cabezales-22693427/,46999.0,37899.0,1,True
FRA-afeitadora-electrica-inalambrica-philco-,Fravega,PHILCO,Belleza y Cuidado Personal,Afeitadora Eléctrica Inalámbrica Philco AE5105,https://www.fravega.com/p/afeitadora-electrica-inalambrica-philco-ae5105-30464/,54999.0,35999.0,1,True
FRA-recortadora-afeitar-cejas-barba-vk-4803-,Fravega,OTRAS,Belleza y Cuidado Personal,Recortadora Afeitar Cejas Barba Vk-4803 Ultracomb  3 en 1,https://www.fravega.com/p/recortadora-afeitar-cejas-barba-vk-4803-ultracomb-3-1-990275803/,19379.83,9099.9,1,True
FRA-maquina-de-corte-digital-usb-vintage-t-9,Fravega,OTRAS,Belleza y Cuidado Personal,Maquina de corte Digital Usb Vintage T 9 Inalámbrica,https://www.fravega.com/p/maquina-de-corte-digital-usb-vintage-t-9-inalambrica--21193184/,40000.0,20900.0,1,True
FRA-afeitadora-philips-serie-5000-x5012-05-3,Fravega,PHILIPS,Belleza y Cuidado Personal,Afeitadora Philips Serie 5000 X5012/05,https://www.fravega.com/p/afeitadora-philips-serie-5000-x5012-05-30374/,139999.0,119999.0,1,True
FRA-maquina-de-afeitar-gadnic-t8000-base-usb,Fravega,OTRAS,Belleza y Cuidado Personal,Maquina De Afeitar Gadnic T8000 Base USB De Carga Rápida,https://www.fravega.com/p/maquina-de-afeitar-gadnic-t8000-base-usb-de-carga-rapida-990071103/,47254.0,36349.01,1,True
FRA-trimmer-philco-body-shaver-sport-infinit,Fravega,PHILCO,Belleza y Cuidado Personal,Trimmer Philco Body Shaver Sport Infinity Blade CB7045SE,https://www.fravega.com/p/trimmer-philco-body-shaver-sport-infinity-blade-cb7045se-990288782/,52799.0,24999.0,1,True
FRA-afeitadora-philco-ae5205pp-lithium-plus-,Fravega,PHILCO,Belleza y Cuidado Personal,Afeitadora Philco Ae5205pp Lithium Plus Wet & Dry 360°,https://www.fravega.com/p/afeitadora-philco-ae5205pp-lithium-plus-wet--dry-360-20291686/,65999.0,59999.0,1,True
FRA-afeitadora-gama-g-blade-usb-wetdry-21232,Fravega,GAMA,Belleza y Cuidado Personal,Afeitadora Gama G-blade Usb Wet&dry,https://www.fravega.com/p/afeitadora-gama-g-blade-usb-wetdry-21232992/,43679.0,33000.0,1,True
FRA-afeitadora-philco-94ae5105ppcabezal-flot,Fravega,PHILCO,Belleza y Cuidado Personal,Afeitadora Philco 94ae5105pp cabezal Flotante 360° c/ Recortador de Patillas Duración 75min,https://www.fravega.com/p/afeitadora-philco-94ae5105ppcabezal-flotante-360-c-recortador-de-patillas-duracion-75min-21265544/,51849.0,42850.41,1,True
FRA-trimmer-gama-italy-c-800-afeitadora-nari,Fravega,GAMA,Belleza y Cuidado Personal,Trimmer Gama Italy C-800 Afeitadora Nariz Oreja Inalámbrica a Pilas Con Base,https://www.fravega.com/p/trimmer-gama-italy-c-800-afeitadora-nariz-oreja-inalambrica-a-pilas-con-base-21961116/,32599.0,25999.0,1,True
FRA-philips-norelco-shaver-2400-series-afeit,Fravega,PHILIPS,Belleza y Cuidado Personal,"Philips Norelco Shaver 2400 Series, Afeitadora",https://www.fravega.com/p/philips-norelco-shaver-2400-series-afeitadora-22614098/,142100.0,120785.0,1,True
FRA-braun-maquinilla-de-afeitar-electrica-se,Fravega,OTRAS,Belleza y Cuidado Personal,Braun Maquinilla de Afeitar Eléctrica Series 9 9517s Pro,https://www.fravega.com/p/braun-maquinilla-de-afeitar-electrica-series-9-9517s-pro-22659492/,1048350.0,891098.0,1,True
FRA-afeitadora-philco-turbo-ae5305-30319,Fravega,PHILCO,Belleza y Cuidado Personal,Afeitadora Philco Turbo AE5305,https://www.fravega.com/p/afeitadora-philco-turbo-ae5305-30319/,74999.0,59999.0,1,True
FRA-afeitadora-kemei-km-2026-barberia-negra-,Fravega,OTRAS,Belleza y Cuidado Personal,Afeitadora Kemei KM-2026 Barberia Negra,https://www.fravega.com/p/afeitadora-kemei-km-2026-barberia-negra--990073037/,66429.0,51099.0,1,True
FRA-afeitadora-shaver-wmark-inalambrica-prof,Fravega,OTRAS,Belleza y Cuidado Personal,Afeitadora Shaver Wmark Inalambrica Profesional Led 8000 RPM,https://www.fravega.com/p/afeitadora-shaver-wmark-inalambrica-profesional-led-8000-rpm-990168375/,139299.0,85990.01,1,True
FRA-perfume-liquid-brun-french-avenue-100ml-,Fravega,OTRAS,Belleza y Cuidado Personal,Perfume Liquid Brun French Avenue 100ml Edp Arabe,https://www.fravega.com/p/perfume-liquid-brun-french-avenue-100ml-edp-arabe-22599035/,137999.0,103499.0,1,True
FRA-perfume-montale-arabians-tonka-eau-de-pa,Fravega,OTRAS,Belleza y Cuidado Personal,Perfume MONTALE Arabians Tonka Eau De Parfum 100 ml para hom,https://www.fravega.com/p/perfume-montale-arabians-tonka-eau-de-parfum-100-ml-para-hom-22826641/,298152.0,262373.76,1,True
FRA-texture-dust-polvo-texturizador-mate-dus,Fravega,OTRAS,Belleza y Cuidado Personal,Texture Dust Polvo Texturizador Mate Dust It Volumen 10 Gr,https://www.fravega.com/p/texture-dust-polvo-texturizador-mate-dust-it-volumen-10-gr-22127191/,12999.0,10999.0,1,True
FRA-l-eau-d-issey-pour-homme-eau--cedre-edt-,Fravega,OTRAS,Belleza y Cuidado Personal,L'eau d'Issey pour Homme Eau & Cèdre EDT,https://www.fravega.com/p/l-eau-d-issey-pour-homme-eau--cedre-edt-990283321/,268000.0,241200.0,1,True
FRA-fidelite-serum-reparador-de-puntas-semil,Fravega,OTRAS,Belleza y Cuidado Personal,Fidelite Serum Reparador De Puntas Semillas De Lino 30 Ml,https://www.fravega.com/p/fidelite-serum-reparador-de-puntas-semillas-de-lino-30-ml-21229633/,13380.0,11057.85,1,True
FRA-perfume-valentino-born-roma-intense-eau-,Fravega,OTRAS,Belleza y Cuidado Personal,Perfume Valentino Born in Roma Intense Eau de Parfum para ho,https://www.fravega.com/p/perfume-valentino-born-roma-intense-eau-de-parfum-para-ho-22803119/,288396.0,238343.8,1,True
FRA-shampoo-loreal-profesional-absolut-repai,Fravega,OTRAS,Belleza y Cuidado Personal,Shampoo Loreal Profesional Absolut Repair Molecular 300ml,https://www.fravega.com/p/shampoo-loreal-profesional-absolut-repair-molecular-300ml-22635586/,69990.0,57842.98,1,True
FRA-montale-arabians-tonka-eau-de-parfum-3-4,Fravega,OTRAS,Belleza y Cuidado Personal,Montale Arabians Tonka Eau De Parfum 3.4 Onzas,https://www.fravega.com/p/montale-arabians-tonka-eau-de-parfum-3-4-onzas-22597445/,648150.0,518520.0,1,True
FRA-fidelite-3-ampollas-argan-tratamiento-ca,Fravega,OTRAS,Belleza y Cuidado Personal,Fidelite 3 Ampollas Argan Tratamiento Cabello Seco Reparador,https://www.fravega.com/p/fidelite-3-ampollas-argan-tratamiento-cabello-seco-reparador-21229591/,10570.0,8735.54,1,True
FRA-perfume-armaf-club-de-nuit-precieux-1-ex,Fravega,OTRAS,Belleza y Cuidado Personal,"Perfume Armaf Club De Nuit Precieux, 1 extracto de perfume,",https://www.fravega.com/p/perfume-armaf-club-de-nuit-precieux-1-extracto-de-perfume--22802957/,147839.0,124184.76,1,True
FRA-skala-mais-lisos-shampoo-acondicionador-,Fravega,OTRAS,Belleza y Cuidado Personal,Skala Mais Lisos Shampoo + Acondicionador + Mascara Lacios,https://www.fravega.com/p/skala-mais-lisos-shampoo-acondicionador-mascara-lacios-21249834/,21790.0,18008.26,1,True
FRA-perfume-azzaro-the-most-wanted-parfum-in,Fravega,OTRAS,Belleza y Cuidado Personal,Perfume Azzaro The Most Wanted Parfum Intense 100 ml,https://www.fravega.com/p/perfume-azzaro-the-most-wanted-parfum-intense-100-ml-22802958/,229643.0,202085.84,1,True
FRA-vichy-shampoo-dercos-energizante-anticai,Fravega,OTRAS,Belleza y Cuidado Personal,Vichy Shampoo Dercos Energizante Anticaida Estimulante 400ml,https://www.fravega.com/p/vichy-shampoo-dercos-energizante-anticaida-estimulante-400ml-990221687/,83564.0,69061.16,1,True
FRA-tom-ford-perdida-cereza-eau-de-parfum-sp,Fravega,OTRAS,Belleza y Cuidado Personal,Tom Ford Perdida Cereza Eau De Parfum Spray 1.7 Oz,https://www.fravega.com/p/tom-ford-perdida-cereza-eau-de-parfum-spray-1-7-oz-22571462/,1047423.0,843320.0,1,True
FRA-tangle-teezer-el-mejor-cepillo-desenreda,Fravega,OTRAS,Belleza y Cuidado Personal,"Tangle Teezer , El mejor cepillo desenredante para",https://www.fravega.com/p/tangle-teezer-el-mejor-cepillo-desenredante-para-22659249/,76850.0,65323.0,1,True
FRA-perfume-lattafa-asad-eau-de-parfum-100-m,Fravega,OTRAS,Belleza y Cuidado Personal,Perfume Lattafa Asad Eau de Parfum 100 ml Unisex,https://www.fravega.com/p/perfume-lattafa-asad-eau-de-parfum-100-ml-unisex-22079850/,87874.0,77329.12,1,True
FRA-champu-kerastase-specifique-bain-divalen,Fravega,OTRAS,Belleza y Cuidado Personal,Champú Kerastase Specifique Bain Divalent 1000 ml unisex,https://www.fravega.com/p/champu-kerastase-specifique-bain-divalent-1000-ml-unisex-22772693/,251509.0,211267.56,1,True
FRA-perfume-armaf-dunescape-eau-de-parfum-10,Fravega,OTRAS,Belleza y Cuidado Personal,Perfume Armaf Dunescape Eau de Parfum 100 ml para Hombre,https://www.fravega.com/p/perfume-armaf-dunescape-eau-de-parfum-100-ml-para-hombre-22833202/,223208.0,184469.42,1,True
FRA-shampoo-vichy-dercos-densificador-densi-,Fravega,OTRAS,Belleza y Cuidado Personal,Shampoo Vichy Dercos Densificador Densi Solutions X 250 Ml,https://www.fravega.com/p/shampoo-vichy-dercos-densificador-densi-solutions-x-250-ml-990221696/,59423.0,49109.92,1,True
FRA-secador-remington-d3015-power-volumen-20,Fravega,REMINGTON,Belleza y Cuidado Personal,Secador Remington D3015 Power Volumen 2000,https://www.fravega.com/p/secador-remington-d3015-power-volumen-2000-12426/,59999.0,49999.0,1,True
FRA-planchita-de-pelo-ga-ma-elegance-bella-t,Fravega,OTRAS,Belleza y Cuidado Personal,Planchita de Pelo GA.MA Elegance Bella Tourmaline ION 230°C,https://www.fravega.com/p/planchita-de-pelo-ga-ma-elegance-bella-tourmaline-ion-230-c-13040/,68999.0,54999.0,1,True
FRA-depiladora-ipl-philips-lumea-prestige-br,Fravega,PHILIPS,Belleza y Cuidado Personal,Depiladora IPL Philips Lumea Prestige BRI947/30,https://www.fravega.com/p/depiladora-ipl-philips-lumea-prestige-bri947-30-13275/,959999.0,779999.0,1,True
FRA-planchita-de-pelo-admiral-ad-pl001-ceram,Fravega,OTRAS,Belleza y Cuidado Personal,Planchita de Pelo Admiral AD-PL001 Ceramic 230,https://www.fravega.com/p/planchita-de-pelo-admiral-ad-pl001-ceramic-230-14214/,39999.0,21999.0,1,True
FRA-depiladora-electrica-philips-bre227-00-1,Fravega,PHILIPS,Belleza y Cuidado Personal,Depiladora Eléctrica Philips BRE227/00,https://www.fravega.com/p/depiladora-electrica-philips-bre227-00-14404/,72999.0,49999.0,1,True
FRA-secador-de-pelo-ga-ma-mistral-ceramic-io,Fravega,OTRAS,Belleza y Cuidado Personal,Secador de Pelo GA.MA Mistral Ceramic Ion,https://www.fravega.com/p/secador-de-pelo-ga-ma-mistral-ceramic-ion-13349/,74999.0,59999.0,1,True
FRA-planchita-de-pelo-ga-ma-3d-titanium-blue,Fravega,OTRAS,Belleza y Cuidado Personal,Planchita de Pelo GA.MA 3D Titanium Blue,https://www.fravega.com/p/planchita-de-pelo-ga-ma-3d-titanium-blue-13257/,109999.0,93999.0,1,True
FRA-depiladora-trimmer-nariz-oidos-y-cejas-e,Fravega,OTRAS,Belleza y Cuidado Personal,Depiladora Trimmer Nariz Oidos Y Cejas Enchen En006 10000Rpm,https://www.fravega.com/p/depiladora-trimmer-nariz-oidos-y-cejas-enchen-en006-10000rpm-990274952/,10999.0,6790.0,1,True
FRA-secador-de-pelo-westinghouse-whhd1800-14,Fravega,OTRAS,Belleza y Cuidado Personal,Secador de Pelo Westinghouse WHHD1800,https://www.fravega.com/p/secador-de-pelo-westinghouse-whhd1800-14035/,39999.0,29999.0,1,True
FRA-planchita-de-pelo-remington-wet2straight,Fravega,REMINGTON,Belleza y Cuidado Personal,Planchita de Pelo Remington Wet2Straight S27A,https://www.fravega.com/p/planchita-de-pelo-remington-wet2straight-s27a-14242/,79999.0,59999.0,1,True
FRA-depiladora-facial-3-1-multifuncional-rec,Fravega,OTRAS,Belleza y Cuidado Personal,Depiladora Facial 3 en 1 Multifuncional Recargable Usb Ceja Nariz Rostro,https://www.fravega.com/p/depiladora-facial-3-1-multifuncional-recargable-usb-ceja-nariz-rostro-22490115/,19999.0,14999.0,1,True
FRA-secador-de-pelo-remington-cabello-cerami,Fravega,REMINGTON,Belleza y Cuidado Personal,Secador de Pelo Remington Cabello Ceramica Linea Profesional,https://www.fravega.com/p/secador-de-pelo-remington-cabello-ceramica-linea-profesional-990020915/,78739.0,45989.99,1,True
FRA-cepillo-alisador-electrico-enchen-by-xia,Fravega,XIAOMI,Belleza y Cuidado Personal,Cepillo Alisador Eléctrico Enchen By Xiaomi Control de Temp.,https://www.fravega.com/p/cepillo-alisador-electrico-enchen-by-xiaomi-control-de-temp--990245044/,62989.0,35900.0,1,True
FRA-depiladora-cejas-lapiz-electrico-portati,Fravega,OTRAS,Belleza y Cuidado Personal,Depiladora Cejas Lápiz Eléctrico Portátil Recargable Usb Luz,https://www.fravega.com/p/depiladora-cejas-lapiz-electrico-portatil-recargable-usb-luz-22649103/,21929.0,19579.0,1,True
FRA-secador-de-pelo-ga-ma-diamond-ceramic-12,Fravega,OTRAS,Belleza y Cuidado Personal,Secador de Pelo GA.MA Diamond Ceramic,https://www.fravega.com/p/secador-de-pelo-ga-ma-diamond-ceramic-12982/,89999.0,69999.0,1,True
FRA-planchita-de-pelo-admiral-ad-pl002-tourm,Fravega,OTRAS,Belleza y Cuidado Personal,Planchita de Pelo Admiral AD-PL002 Tourmaline 230,https://www.fravega.com/p/planchita-de-pelo-admiral-ad-pl002-tourmaline-230-14215/,59999.0,33999.0,1,True
FRA-depiladora-philips-bre712-00-13213,Fravega,PHILIPS,Belleza y Cuidado Personal,Depiladora Philips BRE712-00,https://www.fravega.com/p/depiladora-philips-bre712-00-13213/,153999.0,119999.0,1,True
FRA-secador-de-pelo-revlon-rvdr773la2av1-140,Fravega,OTRAS,Belleza y Cuidado Personal,Secador de Pelo Revlon RVDR773LA2AV1,https://www.fravega.com/p/secador-de-pelo-revlon-rvdr773la2av1-14060/,59999.0,49999.0,1,True
FRA-planchita-de-pelo-remington-gloss-s9350-,Fravega,REMINGTON,Belleza y Cuidado Personal,Planchita de Pelo Remington Gloss S9350 Tecnología Antiestática,https://www.fravega.com/p/planchita-de-pelo-remington-gloss-s9350-tecnologia-antiestatica-14501/,82999.0,59999.0,1,True
FRA-afeitadora-philips-s1881-00-serie-1000-u,Fravega,PHILIPS,Belleza y Cuidado Personal,Afeitadora Philips S1881/00 Serie 1000 uso en Húmedo y Seco,https://www.fravega.com/p/afeitadora-philips-s1881-00-serie-1000-uso-humedo-y-seco-30625/,81999.0,49999.0,1,True
FRA-repuesto-cuchillas-x2-para-cortabarba-ph,Fravega,PHILIPS,Belleza y Cuidado Personal,Repuesto Cuchillas x2 para Cortabarba Philips OneBlade,https://www.fravega.com/p/repuesto-cuchillas-x2-para-cortabarba-philips-oneblade-30460/,31499.0,27499.0,1,True
FRA-afeitadora-blade-x--22155845,Fravega,OTRAS,Belleza y Cuidado Personal,AFEITADORA BLADE X,https://www.fravega.com/p/afeitadora-blade-x--22155845/,50995.0,30999.0,1,True
FRA-afeitadora-y-recortadora-ultracomb-bk491,Fravega,OTRAS,Belleza y Cuidado Personal,Afeitadora Y Recortadora Ultracomb Bk4918 Recargable Led Y 6 Cabezales,https://www.fravega.com/p/afeitadora-y-recortadora-ultracomb-bk4918-recargable-led-y-6-cabezales-22693427/,46999.0,37899.0,1,True
FRA-afeitadora-electrica-inalambrica-philco-,Fravega,PHILCO,Belleza y Cuidado Personal,Afeitadora Eléctrica Inalámbrica Philco AE5105,https://www.fravega.com/p/afeitadora-electrica-inalambrica-philco-ae5105-30464/,54999.0,35999.0,1,True
FRA-recortadora-afeitar-cejas-barba-vk-4803-,Fravega,OTRAS,Belleza y Cuidado Personal,Recortadora Afeitar Cejas Barba Vk-4803 Ultracomb  3 en 1,https://www.fravega.com/p/recortadora-afeitar-cejas-barba-vk-4803-ultracomb-3-1-990275803/,19379.83,9099.9,1,True
FRA-maquina-de-corte-digital-usb-vintage-t-9,Fravega,OTRAS,Belleza y Cuidado Personal,Maquina de corte Digital Usb Vintage T 9 Inalámbrica,https://www.fravega.com/p/maquina-de-corte-digital-usb-vintage-t-9-inalambrica--21193184/,40000.0,20900.0,1,True
FRA-afeitadora-philips-serie-5000-x5012-05-3,Fravega,PHILIPS,Belleza y Cuidado Personal,Afeitadora Philips Serie 5000 X5012/05,https://www.fravega.com/p/afeitadora-philips-serie-5000-x5012-05-30374/,139999.0,119999.0,1,True
FRA-maquina-de-afeitar-gadnic-t8000-base-usb,Fravega,OTRAS,Belleza y Cuidado Personal,Maquina De Afeitar Gadnic T8000 Base USB De Carga Rápida,https://www.fravega.com/p/maquina-de-afeitar-gadnic-t8000-base-usb-de-carga-rapida-990071103/,47254.0,36349.01,1,True
FRA-trimmer-philco-body-shaver-sport-infinit,Fravega,PHILCO,Belleza y Cuidado Personal,Trimmer Philco Body Shaver Sport Infinity Blade CB7045SE,https://www.fravega.com/p/trimmer-philco-body-shaver-sport-infinity-blade-cb7045se-990288782/,52799.0,24999.0,1,True
FRA-afeitadora-philco-ae5205pp-lithium-plus-,Fravega,PHILCO,Belleza y Cuidado Personal,Afeitadora Philco Ae5205pp Lithium Plus Wet & Dry 360°,https://www.fravega.com/p/afeitadora-philco-ae5205pp-lithium-plus-wet--dry-360-20291686/,65999.0,59999.0,1,True
FRA-afeitadora-gama-g-blade-usb-wetdry-21232,Fravega,GAMA,Belleza y Cuidado Personal,Afeitadora Gama G-blade Usb Wet&dry,https://www.fravega.com/p/afeitadora-gama-g-blade-usb-wetdry-21232992/,43679.0,33000.0,1,True
FRA-afeitadora-philco-94ae5105ppcabezal-flot,Fravega,PHILCO,Belleza y Cuidado Personal,Afeitadora Philco 94ae5105pp cabezal Flotante 360° c/ Recortador de Patillas Duración 75min,https://www.fravega.com/p/afeitadora-philco-94ae5105ppcabezal-flotante-360-c-recortador-de-patillas-duracion-75min-21265544/,51849.0,42850.41,1,True
FRA-trimmer-gama-italy-c-800-afeitadora-nari,Fravega,GAMA,Belleza y Cuidado Personal,Trimmer Gama Italy C-800 Afeitadora Nariz Oreja Inalámbrica a Pilas Con Base,https://www.fravega.com/p/trimmer-gama-italy-c-800-afeitadora-nariz-oreja-inalambrica-a-pilas-con-base-21961116/,32599.0,25999.0,1,True
FRA-philips-norelco-shaver-2400-series-afeit,Fravega,PHILIPS,Belleza y Cuidado Personal,"Philips Norelco Shaver 2400 Series, Afeitadora",https://www.fravega.com/p/philips-norelco-shaver-2400-series-afeitadora-22614098/,142100.0,120785.0,1,True
FRA-braun-maquinilla-de-afeitar-electrica-se,Fravega,OTRAS,Belleza y Cuidado Personal,Braun Maquinilla de Afeitar Eléctrica Series 9 9517s Pro,https://www.fravega.com/p/braun-maquinilla-de-afeitar-electrica-series-9-9517s-pro-22659492/,1048350.0,891098.0,1,True
FRA-afeitadora-philco-turbo-ae5305-30319,Fravega,PHILCO,Belleza y Cuidado Personal,Afeitadora Philco Turbo AE5305,https://www.fravega.com/p/afeitadora-philco-turbo-ae5305-30319/,74999.0,59999.0,1,True
FRA-afeitadora-kemei-km-2026-barberia-negra-,Fravega,OTRAS,Belleza y Cuidado Personal,Afeitadora Kemei KM-2026 Barberia Negra,https://www.fravega.com/p/afeitadora-kemei-km-2026-barberia-negra--990073037/,66429.0,51099.0,1,True
FRA-afeitadora-shaver-wmark-inalambrica-prof,Fravega,OTRAS,Belleza y Cuidado Personal,Afeitadora Shaver Wmark Inalambrica Profesional Led 8000 RPM,https://www.fravega.com/p/afeitadora-shaver-wmark-inalambrica-profesional-led-8000-rpm-990168375/,139299.0,85990.01,1,True
FRA-perfume-liquid-brun-french-avenue-100ml-,Fravega,OTRAS,Belleza y Cuidado Personal,Perfume Liquid Brun French Avenue 100ml Edp Arabe,https://www.fravega.com/p/perfume-liquid-brun-french-avenue-100ml-edp-arabe-22599035/,137999.0,103499.0,1,True
FRA-perfume-montale-arabians-tonka-eau-de-pa,Fravega,OTRAS,Belleza y Cuidado Personal,Perfume MONTALE Arabians Tonka Eau De Parfum 100 ml para hom,https://www.fravega.com/p/perfume-montale-arabians-tonka-eau-de-parfum-100-ml-para-hom-22826641/,298152.0,262373.76,1,True
FRA-texture-dust-polvo-texturizador-mate-dus,Fravega,OTRAS,Belleza y Cuidado Personal,Texture Dust Polvo Texturizador Mate Dust It Volumen 10 Gr,https://www.fravega.com/p/texture-dust-polvo-texturizador-mate-dust-it-volumen-10-gr-22127191/,12999.0,10999.0,1,True
FRA-l-eau-d-issey-pour-homme-eau--cedre-edt-,Fravega,OTRAS,Belleza y Cuidado Personal,L'eau d'Issey pour Homme Eau & Cèdre EDT,https://www.fravega.com/p/l-eau-d-issey-pour-homme-eau--cedre-edt-990283321/,268000.0,241200.0,1,True
FRA-fidelite-serum-reparador-de-puntas-semil,Fravega,OTRAS,Belleza y Cuidado Personal,Fidelite Serum Reparador De Puntas Semillas De Lino 30 Ml,https://www.fravega.com/p/fidelite-serum-reparador-de-puntas-semillas-de-lino-30-ml-21229633/,13380.0,11057.85,1,True
FRA-perfume-valentino-born-roma-intense-eau-,Fravega,OTRAS,Belleza y Cuidado Personal,Perfume Valentino Born in Roma Intense Eau de Parfum para ho,https://www.fravega.com/p/perfume-valentino-born-roma-intense-eau-de-parfum-para-ho-22803119/,288396.0,238343.8,1,True
FRA-shampoo-loreal-profesional-absolut-repai,Fravega,OTRAS,Belleza y Cuidado Personal,Shampoo Loreal Profesional Absolut Repair Molecular 300ml,https://www.fravega.com/p/shampoo-loreal-profesional-absolut-repair-molecular-300ml-22635586/,69990.0,57842.98,1,True
FRA-montale-arabians-tonka-eau-de-parfum-3-4,Fravega,OTRAS,Belleza y Cuidado Personal,Montale Arabians Tonka Eau De Parfum 3.4 Onzas,https://www.fravega.com/p/montale-arabians-tonka-eau-de-parfum-3-4-onzas-22597445/,648150.0,518520.0,1,True
FRA-fidelite-3-ampollas-argan-tratamiento-ca,Fravega,OTRAS,Belleza y Cuidado Personal,Fidelite 3 Ampollas Argan Tratamiento Cabello Seco Reparador,https://www.fravega.com/p/fidelite-3-ampollas-argan-tratamiento-cabello-seco-reparador-21229591/,10570.0,8735.54,1,True
FRA-perfume-armaf-club-de-nuit-precieux-1-ex,Fravega,OTRAS,Belleza y Cuidado Personal,"Perfume Armaf Club De Nuit Precieux, 1 extracto de perfume,",https://www.fravega.com/p/perfume-armaf-club-de-nuit-precieux-1-extracto-de-perfume--22802957/,147839.0,124184.76,1,True
FRA-skala-mais-lisos-shampoo-acondicionador-,Fravega,OTRAS,Belleza y Cuidado Personal,Skala Mais Lisos Shampoo + Acondicionador + Mascara Lacios,https://www.fravega.com/p/skala-mais-lisos-shampoo-acondicionador-mascara-lacios-21249834/,21790.0,18008.26,1,True
FRA-perfume-azzaro-the-most-wanted-parfum-in,Fravega,OTRAS,Belleza y Cuidado Personal,Perfume Azzaro The Most Wanted Parfum Intense 100 ml,https://www.fravega.com/p/perfume-azzaro-the-most-wanted-parfum-intense-100-ml-22802958/,229643.0,202085.84,1,True
FRA-vichy-shampoo-dercos-energizante-anticai,Fravega,OTRAS,Belleza y Cuidado Personal,Vichy Shampoo Dercos Energizante Anticaida Estimulante 400ml,https://www.fravega.com/p/vichy-shampoo-dercos-energizante-anticaida-estimulante-400ml-990221687/,83564.0,69061.16,1,True
FRA-tom-ford-perdida-cereza-eau-de-parfum-sp,Fravega,OTRAS,Belleza y Cuidado Personal,Tom Ford Perdida Cereza Eau De Parfum Spray 1.7 Oz,https://www.fravega.com/p/tom-ford-perdida-cereza-eau-de-parfum-spray-1-7-oz-22571462/,1047423.0,843320.0,1,True
FRA-tangle-teezer-el-mejor-cepillo-desenreda,Fravega,OTRAS,Belleza y Cuidado Personal,"Tangle Teezer , El mejor cepillo desenredante para",https://www.fravega.com/p/tangle-teezer-el-mejor-cepillo-desenredante-para-22659249/,76850.0,65323.0,1,True
FRA-perfume-lattafa-asad-eau-de-parfum-100-m,Fravega,OTRAS,Belleza y Cuidado Personal,Perfume Lattafa Asad Eau de Parfum 100 ml Unisex,https://www.fravega.com/p/perfume-lattafa-asad-eau-de-parfum-100-ml-unisex-22079850/,87874.0,77329.12,1,True
FRA-champu-kerastase-specifique-bain-divalen,Fravega,OTRAS,Belleza y Cuidado Personal,Champú Kerastase Specifique Bain Divalent 1000 ml unisex,https://www.fravega.com/p/champu-kerastase-specifique-bain-divalent-1000-ml-unisex-22772693/,251509.0,211267.56,1,True
FRA-perfume-armaf-dunescape-eau-de-parfum-10,Fravega,OTRAS,Belleza y Cuidado Personal,Perfume Armaf Dunescape Eau de Parfum 100 ml para Hombre,https://www.fravega.com/p/perfume-armaf-dunescape-eau-de-parfum-100-ml-para-hombre-22833202/,223208.0,184469.42,1,True
FRA-shampoo-vichy-dercos-densificador-densi-,Fravega,OTRAS,Belleza y Cuidado Personal,Shampoo Vichy Dercos Densificador Densi Solutions X 250 Ml,https://www.fravega.com/p/shampoo-vichy-dercos-densificador-densi-solutions-x-250-ml-990221696/,59423.0,49109.92,1,True
FRA-secador-remington-d3015-power-volumen-20,Fravega,REMINGTON,Belleza y Cuidado Personal,Secador Remington D3015 Power Volumen 2000,https://www.fravega.com/p/secador-remington-d3015-power-volumen-2000-12426/,59999.0,49999.0,1,True
FRA-planchita-de-pelo-ga-ma-elegance-bella-t,Fravega,OTRAS,Belleza y Cuidado Personal,Planchita de Pelo GA.MA Elegance Bella Tourmaline ION 230°C,https://www.fravega.com/p/planchita-de-pelo-ga-ma-elegance-bella-tourmaline-ion-230-c-13040/,68999.0,54999.0,1,True
FRA-depiladora-ipl-philips-lumea-prestige-br,Fravega,PHILIPS,Belleza y Cuidado Personal,Depiladora IPL Philips Lumea Prestige BRI947/30,https://www.fravega.com/p/depiladora-ipl-philips-lumea-prestige-bri947-30-13275/,959999.0,779999.0,1,True
FRA-planchita-de-pelo-admiral-ad-pl001-ceram,Fravega,OTRAS,Belleza y Cuidado Personal,Planchita de Pelo Admiral AD-PL001 Ceramic 230,https://www.fravega.com/p/planchita-de-pelo-admiral-ad-pl001-ceramic-230-14214/,39999.0,21999.0,1,True
FRA-depiladora-electrica-philips-bre227-00-1,Fravega,PHILIPS,Belleza y Cuidado Personal,Depiladora Eléctrica Philips BRE227/00,https://www.fravega.com/p/depiladora-electrica-philips-bre227-00-14404/,72999.0,49999.0,1,True
FRA-secador-de-pelo-ga-ma-mistral-ceramic-io,Fravega,OTRAS,Belleza y Cuidado Personal,Secador de Pelo GA.MA Mistral Ceramic Ion,https://www.fravega.com/p/secador-de-pelo-ga-ma-mistral-ceramic-ion-13349/,74999.0,59999.0,1,True
FRA-planchita-de-pelo-ga-ma-3d-titanium-blue,Fravega,OTRAS,Belleza y Cuidado Personal,Planchita de Pelo GA.MA 3D Titanium Blue,https://www.fravega.com/p/planchita-de-pelo-ga-ma-3d-titanium-blue-13257/,109999.0,93999.0,1,True
FRA-depiladora-trimmer-nariz-oidos-y-cejas-e,Fravega,OTRAS,Belleza y Cuidado Personal,Depiladora Trimmer Nariz Oidos Y Cejas Enchen En006 10000Rpm,https://www.fravega.com/p/depiladora-trimmer-nariz-oidos-y-cejas-enchen-en006-10000rpm-990274952/,10999.0,6790.0,1,True
FRA-secador-de-pelo-westinghouse-whhd1800-14,Fravega,OTRAS,Belleza y Cuidado Personal,Secador de Pelo Westinghouse WHHD1800,https://www.fravega.com/p/secador-de-pelo-westinghouse-whhd1800-14035/,39999.0,29999.0,1,True
FRA-planchita-de-pelo-remington-wet2straight,Fravega,REMINGTON,Belleza y Cuidado Personal,Planchita de Pelo Remington Wet2Straight S27A,https://www.fravega.com/p/planchita-de-pelo-remington-wet2straight-s27a-14242/,79999.0,59999.0,1,True
FRA-depiladora-facial-3-1-multifuncional-rec,Fravega,OTRAS,Belleza y Cuidado Personal,Depiladora Facial 3 en 1 Multifuncional Recargable Usb Ceja Nariz Rostro,https://www.fravega.com/p/depiladora-facial-3-1-multifuncional-recargable-usb-ceja-nariz-rostro-22490115/,19999.0,14999.0,1,True
FRA-secador-de-pelo-remington-cabello-cerami,Fravega,REMINGTON,Belleza y Cuidado Personal,Secador de Pelo Remington Cabello Ceramica Linea Profesional,https://www.fravega.com/p/secador-de-pelo-remington-cabello-ceramica-linea-profesional-990020915/,78739.0,45989.99,1,True
FRA-cepillo-alisador-electrico-enchen-by-xia,Fravega,XIAOMI,Belleza y Cuidado Personal,Cepillo Alisador Eléctrico Enchen By Xiaomi Control de Temp.,https://www.fravega.com/p/cepillo-alisador-electrico-enchen-by-xiaomi-control-de-temp--990245044/,62989.0,35900.0,1,True
FRA-depiladora-cejas-lapiz-electrico-portati,Fravega,OTRAS,Belleza y Cuidado Personal,Depiladora Cejas Lápiz Eléctrico Portátil Recargable Usb Luz,https://www.fravega.com/p/depiladora-cejas-lapiz-electrico-portatil-recargable-usb-luz-22649103/,21929.0,19579.0,1,True
FRA-secador-de-pelo-ga-ma-diamond-ceramic-12,Fravega,OTRAS,Belleza y Cuidado Personal,Secador de Pelo GA.MA Diamond Ceramic,https://www.fravega.com/p/secador-de-pelo-ga-ma-diamond-ceramic-12982/,89999.0,69999.0,1,True
FRA-planchita-de-pelo-admiral-ad-pl002-tourm,Fravega,OTRAS,Belleza y Cuidado Personal,Planchita de Pelo Admiral AD-PL002 Tourmaline 230,https://www.fravega.com/p/planchita-de-pelo-admiral-ad-pl002-tourmaline-230-14215/,59999.0,33999.0,1,True
FRA-depiladora-philips-bre712-00-13213,Fravega,PHILIPS,Belleza y Cuidado Personal,Depiladora Philips BRE712-00,https://www.fravega.com/p/depiladora-philips-bre712-00-13213/,153999.0,119999.0,1,True
FRA-secador-de-pelo-revlon-rvdr773la2av1-140,Fravega,OTRAS,Belleza y Cuidado Personal,Secador de Pelo Revlon RVDR773LA2AV1,https://www.fravega.com/p/secador-de-pelo-revlon-rvdr773la2av1-14060/,59999.0,49999.0,1,True
FRA-planchita-de-pelo-remington-gloss-s9350-,Fravega,REMINGTON,Belleza y Cuidado Personal,Planchita de Pelo Remington Gloss S9350 Tecnología Antiestática,https://www.fravega.com/p/planchita-de-pelo-remington-gloss-s9350-tecnologia-antiestatica-14501/,82999.0,59999.0,1,True
FRA-afeitadora-philips-s1881-00-serie-1000-u,Fravega,PHILIPS,Belleza y Cuidado Personal,Afeitadora Philips S1881/00 Serie 1000 uso en Húmedo y Seco,https://www.fravega.com/p/afeitadora-philips-s1881-00-serie-1000-uso-humedo-y-seco-30625/,81999.0,49999.0,1,True
FRA-repuesto-cuchillas-x2-para-cortabarba-ph,Fravega,PHILIPS,Belleza y Cuidado Personal,Repuesto Cuchillas x2 para Cortabarba Philips OneBlade,https://www.fravega.com/p/repuesto-cuchillas-x2-para-cortabarba-philips-oneblade-30460/,31499.0,27499.0,1,True
FRA-afeitadora-blade-x--22155845,Fravega,OTRAS,Belleza y Cuidado Personal,AFEITADORA BLADE X,https://www.fravega.com/p/afeitadora-blade-x--22155845/,50995.0,30999.0,1,True
FRA-afeitadora-y-recortadora-ultracomb-bk491,Fravega,OTRAS,Belleza y Cuidado Personal,Afeitadora Y Recortadora Ultracomb Bk4918 Recargable Led Y 6 Cabezales,https://www.fravega.com/p/afeitadora-y-recortadora-ultracomb-bk4918-recargable-led-y-6-cabezales-22693427/,46999.0,37899.0,1,True
FRA-afeitadora-electrica-inalambrica-philco-,Fravega,PHILCO,Belleza y Cuidado Personal,Afeitadora Eléctrica Inalámbrica Philco AE5105,https://www.fravega.com/p/afeitadora-electrica-inalambrica-philco-ae5105-30464/,54999.0,35999.0,1,True
FRA-recortadora-afeitar-cejas-barba-vk-4803-,Fravega,OTRAS,Belleza y Cuidado Personal,Recortadora Afeitar Cejas Barba Vk-4803 Ultracomb  3 en 1,https://www.fravega.com/p/recortadora-afeitar-cejas-barba-vk-4803-ultracomb-3-1-990275803/,19379.83,9099.9,1,True
FRA-maquina-de-corte-digital-usb-vintage-t-9,Fravega,OTRAS,Belleza y Cuidado Personal,Maquina de corte Digital Usb Vintage T 9 Inalámbrica,https://www.fravega.com/p/maquina-de-corte-digital-usb-vintage-t-9-inalambrica--21193184/,40000.0,20900.0,1,True
FRA-afeitadora-philips-serie-5000-x5012-05-3,Fravega,PHILIPS,Belleza y Cuidado Personal,Afeitadora Philips Serie 5000 X5012/05,https://www.fravega.com/p/afeitadora-philips-serie-5000-x5012-05-30374/,139999.0,119999.0,1,True
FRA-maquina-de-afeitar-gadnic-t8000-base-usb,Fravega,OTRAS,Belleza y Cuidado Personal,Maquina De Afeitar Gadnic T8000 Base USB De Carga Rápida,https://www.fravega.com/p/maquina-de-afeitar-gadnic-t8000-base-usb-de-carga-rapida-990071103/,47254.0,36349.01,1,True
FRA-trimmer-philco-body-shaver-sport-infinit,Fravega,PHILCO,Belleza y Cuidado Personal,Trimmer Philco Body Shaver Sport Infinity Blade CB7045SE,https://www.fravega.com/p/trimmer-philco-body-shaver-sport-infinity-blade-cb7045se-990288782/,52799.0,24999.0,1,True
FRA-afeitadora-philco-ae5205pp-lithium-plus-,Fravega,PHILCO,Belleza y Cuidado Personal,Afeitadora Philco Ae5205pp Lithium Plus Wet & Dry 360°,https://www.fravega.com/p/afeitadora-philco-ae5205pp-lithium-plus-wet--dry-360-20291686/,65999.0,59999.0,1,True
FRA-afeitadora-gama-g-blade-usb-wetdry-21232,Fravega,GAMA,Belleza y Cuidado Personal,Afeitadora Gama G-blade Usb Wet&dry,https://www.fravega.com/p/afeitadora-gama-g-blade-usb-wetdry-21232992/,43679.0,33000.0,1,True
FRA-afeitadora-philco-94ae5105ppcabezal-flot,Fravega,PHILCO,Belleza y Cuidado Personal,Afeitadora Philco 94ae5105pp cabezal Flotante 360° c/ Recortador de Patillas Duración 75min,https://www.fravega.com/p/afeitadora-philco-94ae5105ppcabezal-flotante-360-c-recortador-de-patillas-duracion-75min-21265544/,51849.0,42850.41,1,True
FRA-trimmer-gama-italy-c-800-afeitadora-nari,Fravega,GAMA,Belleza y Cuidado Personal,Trimmer Gama Italy C-800 Afeitadora Nariz Oreja Inalámbrica a Pilas Con Base,https://www.fravega.com/p/trimmer-gama-italy-c-800-afeitadora-nariz-oreja-inalambrica-a-pilas-con-base-21961116/,32599.0,25999.0,1,True
FRA-philips-norelco-shaver-2400-series-afeit,Fravega,PHILIPS,Belleza y Cuidado Personal,"Philips Norelco Shaver 2400 Series, Afeitadora",https://www.fravega.com/p/philips-norelco-shaver-2400-series-afeitadora-22614098/,142100.0,120785.0,1,True
FRA-braun-maquinilla-de-afeitar-electrica-se,Fravega,OTRAS,Belleza y Cuidado Personal,Braun Maquinilla de Afeitar Eléctrica Series 9 9517s Pro,https://www.fravega.com/p/braun-maquinilla-de-afeitar-electrica-series-9-9517s-pro-22659492/,1048350.0,891098.0,1,True
FRA-afeitadora-philco-turbo-ae5305-30319,Fravega,PHILCO,Belleza y Cuidado Personal,Afeitadora Philco Turbo AE5305,https://www.fravega.com/p/afeitadora-philco-turbo-ae5305-30319/,74999.0,59999.0,1,True
FRA-afeitadora-kemei-km-2026-barberia-negra-,Fravega,OTRAS,Belleza y Cuidado Personal,Afeitadora Kemei KM-2026 Barberia Negra,https://www.fravega.com/p/afeitadora-kemei-km-2026-barberia-negra--990073037/,66429.0,51099.0,1,True
FRA-afeitadora-shaver-wmark-inalambrica-prof,Fravega,OTRAS,Belleza y Cuidado Personal,Afeitadora Shaver Wmark Inalambrica Profesional Led 8000 RPM,https://www.fravega.com/p/afeitadora-shaver-wmark-inalambrica-profesional-led-8000-rpm-990168375/,139299.0,85990.01,1,True
FRA-perfume-liquid-brun-french-avenue-100ml-,Fravega,OTRAS,Belleza y Cuidado Personal,Perfume Liquid Brun French Avenue 100ml Edp Arabe,https://www.fravega.com/p/perfume-liquid-brun-french-avenue-100ml-edp-arabe-22599035/,137999.0,103499.0,1,True
FRA-perfume-montale-arabians-tonka-eau-de-pa,Fravega,OTRAS,Belleza y Cuidado Personal,Perfume MONTALE Arabians Tonka Eau De Parfum 100 ml para hom,https://www.fravega.com/p/perfume-montale-arabians-tonka-eau-de-parfum-100-ml-para-hom-22826641/,298152.0,262373.76,1,True
FRA-texture-dust-polvo-texturizador-mate-dus,Fravega,OTRAS,Belleza y Cuidado Personal,Texture Dust Polvo Texturizador Mate Dust It Volumen 10 Gr,https://www.fravega.com/p/texture-dust-polvo-texturizador-mate-dust-it-volumen-10-gr-22127191/,12999.0,10999.0,1,True
FRA-l-eau-d-issey-pour-homme-eau--cedre-edt-,Fravega,OTRAS,Belleza y Cuidado Personal,L'eau d'Issey pour Homme Eau & Cèdre EDT,https://www.fravega.com/p/l-eau-d-issey-pour-homme-eau--cedre-edt-990283321/,268000.0,241200.0,1,True
FRA-fidelite-serum-reparador-de-puntas-semil,Fravega,OTRAS,Belleza y Cuidado Personal,Fidelite Serum Reparador De Puntas Semillas De Lino 30 Ml,https://www.fravega.com/p/fidelite-serum-reparador-de-puntas-semillas-de-lino-30-ml-21229633/,13380.0,11057.85,1,True
FRA-perfume-valentino-born-roma-intense-eau-,Fravega,OTRAS,Belleza y Cuidado Personal,Perfume Valentino Born in Roma Intense Eau de Parfum para ho,https://www.fravega.com/p/perfume-valentino-born-roma-intense-eau-de-parfum-para-ho-22803119/,288396.0,238343.8,1,True
FRA-shampoo-loreal-profesional-absolut-repai,Fravega,OTRAS,Belleza y Cuidado Personal,Shampoo Loreal Profesional Absolut Repair Molecular 300ml,https://www.fravega.com/p/shampoo-loreal-profesional-absolut-repair-molecular-300ml-22635586/,69990.0,57842.98,1,True
FRA-montale-arabians-tonka-eau-de-parfum-3-4,Fravega,OTRAS,Belleza y Cuidado Personal,Montale Arabians Tonka Eau De Parfum 3.4 Onzas,https://www.fravega.com/p/montale-arabians-tonka-eau-de-parfum-3-4-onzas-22597445/,648150.0,518520.0,1,True
FRA-fidelite-3-ampollas-argan-tratamiento-ca,Fravega,OTRAS,Belleza y Cuidado Personal,Fidelite 3 Ampollas Argan Tratamiento Cabello Seco Reparador,https://www.fravega.com/p/fidelite-3-ampollas-argan-tratamiento-cabello-seco-reparador-21229591/,10570.0,8735.54,1,True
FRA-perfume-armaf-club-de-nuit-precieux-1-ex,Fravega,OTRAS,Belleza y Cuidado Personal,"Perfume Armaf Club De Nuit Precieux, 1 extracto de perfume,",https://www.fravega.com/p/perfume-armaf-club-de-nuit-precieux-1-extracto-de-perfume--22802957/,147839.0,124184.76,1,True
FRA-skala-mais-lisos-shampoo-acondicionador-,Fravega,OTRAS,Belleza y Cuidado Personal,Skala Mais Lisos Shampoo + Acondicionador + Mascara Lacios,https://www.fravega.com/p/skala-mais-lisos-shampoo-acondicionador-mascara-lacios-21249834/,21790.0,18008.26,1,True
FRA-perfume-azzaro-the-most-wanted-parfum-in,Fravega,OTRAS,Belleza y Cuidado Personal,Perfume Azzaro The Most Wanted Parfum Intense 100 ml,https://www.fravega.com/p/perfume-azzaro-the-most-wanted-parfum-intense-100-ml-22802958/,229643.0,202085.84,1,True
FRA-vichy-shampoo-dercos-energizante-anticai,Fravega,OTRAS,Belleza y Cuidado Personal,Vichy Shampoo Dercos Energizante Anticaida Estimulante 400ml,https://www.fravega.com/p/vichy-shampoo-dercos-energizante-anticaida-estimulante-400ml-990221687/,83564.0,69061.16,1,True
FRA-tom-ford-perdida-cereza-eau-de-parfum-sp,Fravega,OTRAS,Belleza y Cuidado Personal,Tom Ford Perdida Cereza Eau De Parfum Spray 1.7 Oz,https://www.fravega.com/p/tom-ford-perdida-cereza-eau-de-parfum-spray-1-7-oz-22571462/,1047423.0,843320.0,1,True
FRA-tangle-teezer-el-mejor-cepillo-desenreda,Fravega,OTRAS,Belleza y Cuidado Personal,"Tangle Teezer , El mejor cepillo desenredante para",https://www.fravega.com/p/tangle-teezer-el-mejor-cepillo-desenredante-para-22659249/,76850.0,65323.0,1,True
FRA-perfume-lattafa-asad-eau-de-parfum-100-m,Fravega,OTRAS,Belleza y Cuidado Personal,Perfume Lattafa Asad Eau de Parfum 100 ml Unisex,https://www.fravega.com/p/perfume-lattafa-asad-eau-de-parfum-100-ml-unisex-22079850/,87874.0,77329.12,1,True
FRA-champu-kerastase-specifique-bain-divalen,Fravega,OTRAS,Belleza y Cuidado Personal,Champú Kerastase Specifique Bain Divalent 1000 ml unisex,https://www.fravega.com/p/champu-kerastase-specifique-bain-divalent-1000-ml-unisex-22772693/,251509.0,211267.56,1,True
FRA-perfume-armaf-dunescape-eau-de-parfum-10,Fravega,OTRAS,Belleza y Cuidado Personal,Perfume Armaf Dunescape Eau de Parfum 100 ml para Hombre,https://www.fravega.com/p/perfume-armaf-dunescape-eau-de-parfum-100-ml-para-hombre-22833202/,223208.0,184469.42,1,True
FRA-shampoo-vichy-dercos-densificador-densi-,Fravega,OTRAS,Belleza y Cuidado Personal,Shampoo Vichy Dercos Densificador Densi Solutions X 250 Ml,https://www.fravega.com/p/shampoo-vichy-dercos-densificador-densi-solutions-x-250-ml-990221696/,59423.0,49109.92,1,True
FRA-secador-remington-d3015-power-volumen-20,Fravega,REMINGTON,Belleza y Cuidado Personal,Secador Remington D3015 Power Volumen 2000,https://www.fravega.com/p/secador-remington-d3015-power-volumen-2000-12426/,59999.0,49999.0,1,True
FRA-planchita-de-pelo-ga-ma-elegance-bella-t,Fravega,OTRAS,Belleza y Cuidado Personal,Planchita de Pelo GA.MA Elegance Bella Tourmaline ION 230°C,https://www.fravega.com/p/planchita-de-pelo-ga-ma-elegance-bella-tourmaline-ion-230-c-13040/,68999.0,54999.0,1,True
FRA-depiladora-ipl-philips-lumea-prestige-br,Fravega,PHILIPS,Belleza y Cuidado Personal,Depiladora IPL Philips Lumea Prestige BRI947/30,https://www.fravega.com/p/depiladora-ipl-philips-lumea-prestige-bri947-30-13275/,959999.0,779999.0,1,True
FRA-planchita-de-pelo-admiral-ad-pl001-ceram,Fravega,OTRAS,Belleza y Cuidado Personal,Planchita de Pelo Admiral AD-PL001 Ceramic 230,https://www.fravega.com/p/planchita-de-pelo-admiral-ad-pl001-ceramic-230-14214/,39999.0,21999.0,1,True
FRA-depiladora-electrica-philips-bre227-00-1,Fravega,PHILIPS,Belleza y Cuidado Personal,Depiladora Eléctrica Philips BRE227/00,https://www.fravega.com/p/depiladora-electrica-philips-bre227-00-14404/,72999.0,49999.0,1,True
FRA-secador-de-pelo-ga-ma-mistral-ceramic-io,Fravega,OTRAS,Belleza y Cuidado Personal,Secador de Pelo GA.MA Mistral Ceramic Ion,https://www.fravega.com/p/secador-de-pelo-ga-ma-mistral-ceramic-ion-13349/,74999.0,59999.0,1,True
FRA-planchita-de-pelo-ga-ma-3d-titanium-blue,Fravega,OTRAS,Belleza y Cuidado Personal,Planchita de Pelo GA.MA 3D Titanium Blue,https://www.fravega.com/p/planchita-de-pelo-ga-ma-3d-titanium-blue-13257/,109999.0,93999.0,1,True
FRA-depiladora-trimmer-nariz-oidos-y-cejas-e,Fravega,OTRAS,Belleza y Cuidado Personal,Depiladora Trimmer Nariz Oidos Y Cejas Enchen En006 10000Rpm,https://www.fravega.com/p/depiladora-trimmer-nariz-oidos-y-cejas-enchen-en006-10000rpm-990274952/,10999.0,6790.0,1,True
FRA-secador-de-pelo-westinghouse-whhd1800-14,Fravega,OTRAS,Belleza y Cuidado Personal,Secador de Pelo Westinghouse WHHD1800,https://www.fravega.com/p/secador-de-pelo-westinghouse-whhd1800-14035/,39999.0,29999.0,1,True
FRA-planchita-de-pelo-remington-wet2straight,Fravega,REMINGTON,Belleza y Cuidado Personal,Planchita de Pelo Remington Wet2Straight S27A,https://www.fravega.com/p/planchita-de-pelo-remington-wet2straight-s27a-14242/,79999.0,59999.0,1,True
FRA-depiladora-facial-3-1-multifuncional-rec,Fravega,OTRAS,Belleza y Cuidado Personal,Depiladora Facial 3 en 1 Multifuncional Recargable Usb Ceja Nariz Rostro,https://www.fravega.com/p/depiladora-facial-3-1-multifuncional-recargable-usb-ceja-nariz-rostro-22490115/,19999.0,14999.0,1,True
FRA-secador-de-pelo-remington-cabello-cerami,Fravega,REMINGTON,Belleza y Cuidado Personal,Secador de Pelo Remington Cabello Ceramica Linea Profesional,https://www.fravega.com/p/secador-de-pelo-remington-cabello-ceramica-linea-profesional-990020915/,78739.0,45989.99,1,True
FRA-cepillo-alisador-electrico-enchen-by-xia,Fravega,XIAOMI,Belleza y Cuidado Personal,Cepillo Alisador Eléctrico Enchen By Xiaomi Control de Temp.,https://www.fravega.com/p/cepillo-alisador-electrico-enchen-by-xiaomi-control-de-temp--990245044/,62989.0,35900.0,1,True
FRA-depiladora-cejas-lapiz-electrico-portati,Fravega,OTRAS,Belleza y Cuidado Personal,Depiladora Cejas Lápiz Eléctrico Portátil Recargable Usb Luz,https://www.fravega.com/p/depiladora-cejas-lapiz-electrico-portatil-recargable-usb-luz-22649103/,21929.0,19579.0,1,True
FRA-secador-de-pelo-ga-ma-diamond-ceramic-12,Fravega,OTRAS,Belleza y Cuidado Personal,Secador de Pelo GA.MA Diamond Ceramic,https://www.fravega.com/p/secador-de-pelo-ga-ma-diamond-ceramic-12982/,89999.0,69999.0,1,True
FRA-planchita-de-pelo-admiral-ad-pl002-tourm,Fravega,OTRAS,Belleza y Cuidado Personal,Planchita de Pelo Admiral AD-PL002 Tourmaline 230,https://www.fravega.com/p/planchita-de-pelo-admiral-ad-pl002-tourmaline-230-14215/,59999.0,33999.0,1,True
FRA-depiladora-philips-bre712-00-13213,Fravega,PHILIPS,Belleza y Cuidado Personal,Depiladora Philips BRE712-00,https://www.fravega.com/p/depiladora-philips-bre712-00-13213/,153999.0,119999.0,1,True
FRA-secador-de-pelo-revlon-rvdr773la2av1-140,Fravega,OTRAS,Belleza y Cuidado Personal,Secador de Pelo Revlon RVDR773LA2AV1,https://www.fravega.com/p/secador-de-pelo-revlon-rvdr773la2av1-14060/,59999.0,49999.0,1,True
FRA-planchita-de-pelo-remington-gloss-s9350-,Fravega,REMINGTON,Belleza y Cuidado Personal,Planchita de Pelo Remington Gloss S9350 Tecnología Antiestática,https://www.fravega.com/p/planchita-de-pelo-remington-gloss-s9350-tecnologia-antiestatica-14501/,82999.0,59999.0,1,True
FRA-afeitadora-philips-s1881-00-serie-1000-u,Fravega,PHILIPS,Belleza y Cuidado Personal,Afeitadora Philips S1881/00 Serie 1000 uso en Húmedo y Seco,https://www.fravega.com/p/afeitadora-philips-s1881-00-serie-1000-uso-humedo-y-seco-30625/,81999.0,49999.0,1,True
FRA-repuesto-cuchillas-x2-para-cortabarba-ph,Fravega,PHILIPS,Belleza y Cuidado Personal,Repuesto Cuchillas x2 para Cortabarba Philips OneBlade,https://www.fravega.com/p/repuesto-cuchillas-x2-para-cortabarba-philips-oneblade-30460/,31499.0,27499.0,1,True
FRA-afeitadora-blade-x--22155845,Fravega,OTRAS,Belleza y Cuidado Personal,AFEITADORA BLADE X,https://www.fravega.com/p/afeitadora-blade-x--22155845/,50995.0,30999.0,1,True
FRA-afeitadora-y-recortadora-ultracomb-bk491,Fravega,OTRAS,Belleza y Cuidado Personal,Afeitadora Y Recortadora Ultracomb Bk4918 Recargable Led Y 6 Cabezales,https://www.fravega.com/p/afeitadora-y-recortadora-ultracomb-bk4918-recargable-led-y-6-cabezales-22693427/,46999.0,37899.0,1,True
FRA-afeitadora-electrica-inalambrica-philco-,Fravega,PHILCO,Belleza y Cuidado Personal,Afeitadora Eléctrica Inalámbrica Philco AE5105,https://www.fravega.com/p/afeitadora-electrica-inalambrica-philco-ae5105-30464/,54999.0,35999.0,1,True
FRA-recortadora-afeitar-cejas-barba-vk-4803-,Fravega,OTRAS,Belleza y Cuidado Personal,Recortadora Afeitar Cejas Barba Vk-4803 Ultracomb  3 en 1,https://www.fravega.com/p/recortadora-afeitar-cejas-barba-vk-4803-ultracomb-3-1-990275803/,19379.83,9099.9,1,True
FRA-maquina-de-corte-digital-usb-vintage-t-9,Fravega,OTRAS,Belleza y Cuidado Personal,Maquina de corte Digital Usb Vintage T 9 Inalámbrica,https://www.fravega.com/p/maquina-de-corte-digital-usb-vintage-t-9-inalambrica--21193184/,40000.0,20900.0,1,True
FRA-afeitadora-philips-serie-5000-x5012-05-3,Fravega,PHILIPS,Belleza y Cuidado Personal,Afeitadora Philips Serie 5000 X5012/05,https://www.fravega.com/p/afeitadora-philips-serie-5000-x5012-05-30374/,139999.0,119999.0,1,True
FRA-maquina-de-afeitar-gadnic-t8000-base-usb,Fravega,OTRAS,Belleza y Cuidado Personal,Maquina De Afeitar Gadnic T8000 Base USB De Carga Rápida,https://www.fravega.com/p/maquina-de-afeitar-gadnic-t8000-base-usb-de-carga-rapida-990071103/,47254.0,36349.01,1,True
FRA-trimmer-philco-body-shaver-sport-infinit,Fravega,PHILCO,Belleza y Cuidado Personal,Trimmer Philco Body Shaver Sport Infinity Blade CB7045SE,https://www.fravega.com/p/trimmer-philco-body-shaver-sport-infinity-blade-cb7045se-990288782/,52799.0,24999.0,1,True
FRA-afeitadora-philco-ae5205pp-lithium-plus-,Fravega,PHILCO,Belleza y Cuidado Personal,Afeitadora Philco Ae5205pp Lithium Plus Wet & Dry 360°,https://www.fravega.com/p/afeitadora-philco-ae5205pp-lithium-plus-wet--dry-360-20291686/,65999.0,59999.0,1,True
FRA-afeitadora-gama-g-blade-usb-wetdry-21232,Fravega,GAMA,Belleza y Cuidado Personal,Afeitadora Gama G-blade Usb Wet&dry,https://www.fravega.com/p/afeitadora-gama-g-blade-usb-wetdry-21232992/,43679.0,33000.0,1,True
FRA-afeitadora-philco-94ae5105ppcabezal-flot,Fravega,PHILCO,Belleza y Cuidado Personal,Afeitadora Philco 94ae5105pp cabezal Flotante 360° c/ Recortador de Patillas Duración 75min,https://www.fravega.com/p/afeitadora-philco-94ae5105ppcabezal-flotante-360-c-recortador-de-patillas-duracion-75min-21265544/,51849.0,42850.41,1,True
FRA-trimmer-gama-italy-c-800-afeitadora-nari,Fravega,GAMA,Belleza y Cuidado Personal,Trimmer Gama Italy C-800 Afeitadora Nariz Oreja Inalámbrica a Pilas Con Base,https://www.fravega.com/p/trimmer-gama-italy-c-800-afeitadora-nariz-oreja-inalambrica-a-pilas-con-base-21961116/,32599.0,25999.0,1,True
FRA-philips-norelco-shaver-2400-series-afeit,Fravega,PHILIPS,Belleza y Cuidado Personal,"Philips Norelco Shaver 2400 Series, Afeitadora",https://www.fravega.com/p/philips-norelco-shaver-2400-series-afeitadora-22614098/,142100.0,120785.0,1,True
FRA-braun-maquinilla-de-afeitar-electrica-se,Fravega,OTRAS,Belleza y Cuidado Personal,Braun Maquinilla de Afeitar Eléctrica Series 9 9517s Pro,https://www.fravega.com/p/braun-maquinilla-de-afeitar-electrica-series-9-9517s-pro-22659492/,1048350.0,891098.0,1,True
FRA-afeitadora-philco-turbo-ae5305-30319,Fravega,PHILCO,Belleza y Cuidado Personal,Afeitadora Philco Turbo AE5305,https://www.fravega.com/p/afeitadora-philco-turbo-ae5305-30319/,74999.0,59999.0,1,True
FRA-afeitadora-kemei-km-2026-barberia-negra-,Fravega,OTRAS,Belleza y Cuidado Personal,Afeitadora Kemei KM-2026 Barberia Negra,https://www.fravega.com/p/afeitadora-kemei-km-2026-barberia-negra--990073037/,66429.0,51099.0,1,True
FRA-afeitadora-shaver-wmark-inalambrica-prof,Fravega,OTRAS,Belleza y Cuidado Personal,Afeitadora Shaver Wmark Inalambrica Profesional Led 8000 RPM,https://www.fravega.com/p/afeitadora-shaver-wmark-inalambrica-profesional-led-8000-rpm-990168375/,139299.0,85990.01,1,True
FRA-perfume-liquid-brun-french-avenue-100ml-,Fravega,OTRAS,Belleza y Cuidado Personal,Perfume Liquid Brun French Avenue 100ml Edp Arabe,https://www.fravega.com/p/perfume-liquid-brun-french-avenue-100ml-edp-arabe-22599035/,137999.0,103499.0,1,True
FRA-perfume-montale-arabians-tonka-eau-de-pa,Fravega,OTRAS,Belleza y Cuidado Personal,Perfume MONTALE Arabians Tonka Eau De Parfum 100 ml para hom,https://www.fravega.com/p/perfume-montale-arabians-tonka-eau-de-parfum-100-ml-para-hom-22826641/,298152.0,262373.76,1,True
FRA-texture-dust-polvo-texturizador-mate-dus,Fravega,OTRAS,Belleza y Cuidado Personal,Texture Dust Polvo Texturizador Mate Dust It Volumen 10 Gr,https://www.fravega.com/p/texture-dust-polvo-texturizador-mate-dust-it-volumen-10-gr-22127191/,12999.0,10999.0,1,True
FRA-l-eau-d-issey-pour-homme-eau--cedre-edt-,Fravega,OTRAS,Belleza y Cuidado Personal,L'eau d'Issey pour Homme Eau & Cèdre EDT,https://www.fravega.com/p/l-eau-d-issey-pour-homme-eau--cedre-edt-990283321/,268000.0,241200.0,1,True
FRA-fidelite-serum-reparador-de-puntas-semil,Fravega,OTRAS,Belleza y Cuidado Personal,Fidelite Serum Reparador De Puntas Semillas De Lino 30 Ml,https://www.fravega.com/p/fidelite-serum-reparador-de-puntas-semillas-de-lino-30-ml-21229633/,13380.0,11057.85,1,True
FRA-perfume-valentino-born-roma-intense-eau-,Fravega,OTRAS,Belleza y Cuidado Personal,Perfume Valentino Born in Roma Intense Eau de Parfum para ho,https://www.fravega.com/p/perfume-valentino-born-roma-intense-eau-de-parfum-para-ho-22803119/,288396.0,238343.8,1,True
FRA-shampoo-loreal-profesional-absolut-repai,Fravega,OTRAS,Belleza y Cuidado Personal,Shampoo Loreal Profesional Absolut Repair Molecular 300ml,https://www.fravega.com/p/shampoo-loreal-profesional-absolut-repair-molecular-300ml-22635586/,69990.0,57842.98,1,True
FRA-montale-arabians-tonka-eau-de-parfum-3-4,Fravega,OTRAS,Belleza y Cuidado Personal,Montale Arabians Tonka Eau De Parfum 3.4 Onzas,https://www.fravega.com/p/montale-arabians-tonka-eau-de-parfum-3-4-onzas-22597445/,648150.0,518520.0,1,True
FRA-fidelite-3-ampollas-argan-tratamiento-ca,Fravega,OTRAS,Belleza y Cuidado Personal,Fidelite 3 Ampollas Argan Tratamiento Cabello Seco Reparador,https://www.fravega.com/p/fidelite-3-ampollas-argan-tratamiento-cabello-seco-reparador-21229591/,10570.0,8735.54,1,True
FRA-perfume-armaf-club-de-nuit-precieux-1-ex,Fravega,OTRAS,Belleza y Cuidado Personal,"Perfume Armaf Club De Nuit Precieux, 1 extracto de perfume,",https://www.fravega.com/p/perfume-armaf-club-de-nuit-precieux-1-extracto-de-perfume--22802957/,147839.0,124184.76,1,True
FRA-skala-mais-lisos-shampoo-acondicionador-,Fravega,OTRAS,Belleza y Cuidado Personal,Skala Mais Lisos Shampoo + Acondicionador + Mascara Lacios,https://www.fravega.com/p/skala-mais-lisos-shampoo-acondicionador-mascara-lacios-21249834/,21790.0,18008.26,1,True
FRA-perfume-azzaro-the-most-wanted-parfum-in,Fravega,OTRAS,Belleza y Cuidado Personal,Perfume Azzaro The Most Wanted Parfum Intense 100 ml,https://www.fravega.com/p/perfume-azzaro-the-most-wanted-parfum-intense-100-ml-22802958/,229643.0,202085.84,1,True
FRA-vichy-shampoo-dercos-energizante-anticai,Fravega,OTRAS,Belleza y Cuidado Personal,Vichy Shampoo Dercos Energizante Anticaida Estimulante 400ml,https://www.fravega.com/p/vichy-shampoo-dercos-energizante-anticaida-estimulante-400ml-990221687/,83564.0,69061.16,1,True
FRA-tom-ford-perdida-cereza-eau-de-parfum-sp,Fravega,OTRAS,Belleza y Cuidado Personal,Tom Ford Perdida Cereza Eau De Parfum Spray 1.7 Oz,https://www.fravega.com/p/tom-ford-perdida-cereza-eau-de-parfum-spray-1-7-oz-22571462/,1047423.0,843320.0,1,True
FRA-tangle-teezer-el-mejor-cepillo-desenreda,Fravega,OTRAS,Belleza y Cuidado Personal,"Tangle Teezer , El mejor cepillo desenredante para",https://www.fravega.com/p/tangle-teezer-el-mejor-cepillo-desenredante-para-22659249/,76850.0,65323.0,1,True
FRA-perfume-lattafa-asad-eau-de-parfum-100-m,Fravega,OTRAS,Belleza y Cuidado Personal,Perfume Lattafa Asad Eau de Parfum 100 ml Unisex,https://www.fravega.com/p/perfume-lattafa-asad-eau-de-parfum-100-ml-unisex-22079850/,87874.0,77329.12,1,True
FRA-champu-kerastase-specifique-bain-divalen,Fravega,OTRAS,Belleza y Cuidado Personal,Champú Kerastase Specifique Bain Divalent 1000 ml unisex,https://www.fravega.com/p/champu-kerastase-specifique-bain-divalent-1000-ml-unisex-22772693/,251509.0,211267.56,1,True
FRA-perfume-armaf-dunescape-eau-de-parfum-10,Fravega,OTRAS,Belleza y Cuidado Personal,Perfume Armaf Dunescape Eau de Parfum 100 ml para Hombre,https://www.fravega.com/p/perfume-armaf-dunescape-eau-de-parfum-100-ml-para-hombre-22833202/,223208.0,184469.42,1,True
FRA-shampoo-vichy-dercos-densificador-densi-,Fravega,OTRAS,Belleza y Cuidado Personal,Shampoo Vichy Dercos Densificador Densi Solutions X 250 Ml,https://www.fravega.com/p/shampoo-vichy-dercos-densificador-densi-solutions-x-250-ml-990221696/,59423.0,49109.92,1,True
FRA-secador-remington-d3015-power-volumen-20,Fravega,REMINGTON,Belleza y Cuidado Personal,Secador Remington D3015 Power Volumen 2000,https://www.fravega.com/p/secador-remington-d3015-power-volumen-2000-12426/,59999.0,49999.0,1,True
FRA-planchita-de-pelo-ga-ma-elegance-bella-t,Fravega,OTRAS,Belleza y Cuidado Personal,Planchita de Pelo GA.MA Elegance Bella Tourmaline ION 230°C,https://www.fravega.com/p/planchita-de-pelo-ga-ma-elegance-bella-tourmaline-ion-230-c-13040/,68999.0,54999.0,1,True
FRA-depiladora-ipl-philips-lumea-prestige-br,Fravega,PHILIPS,Belleza y Cuidado Personal,Depiladora IPL Philips Lumea Prestige BRI947/30,https://www.fravega.com/p/depiladora-ipl-philips-lumea-prestige-bri947-30-13275/,959999.0,779999.0,1,True
FRA-planchita-de-pelo-admiral-ad-pl001-ceram,Fravega,OTRAS,Belleza y Cuidado Personal,Planchita de Pelo Admiral AD-PL001 Ceramic 230,https://www.fravega.com/p/planchita-de-pelo-admiral-ad-pl001-ceramic-230-14214/,39999.0,21999.0,1,True
FRA-depiladora-electrica-philips-bre227-00-1,Fravega,PHILIPS,Belleza y Cuidado Personal,Depiladora Eléctrica Philips BRE227/00,https://www.fravega.com/p/depiladora-electrica-philips-bre227-00-14404/,72999.0,49999.0,1,True
FRA-secador-de-pelo-ga-ma-mistral-ceramic-io,Fravega,OTRAS,Belleza y Cuidado Personal,Secador de Pelo GA.MA Mistral Ceramic Ion,https://www.fravega.com/p/secador-de-pelo-ga-ma-mistral-ceramic-ion-13349/,74999.0,59999.0,1,True
FRA-planchita-de-pelo-ga-ma-3d-titanium-blue,Fravega,OTRAS,Belleza y Cuidado Personal,Planchita de Pelo GA.MA 3D Titanium Blue,https://www.fravega.com/p/planchita-de-pelo-ga-ma-3d-titanium-blue-13257/,109999.0,93999.0,1,True
FRA-depiladora-trimmer-nariz-oidos-y-cejas-e,Fravega,OTRAS,Belleza y Cuidado Personal,Depiladora Trimmer Nariz Oidos Y Cejas Enchen En006 10000Rpm,https://www.fravega.com/p/depiladora-trimmer-nariz-oidos-y-cejas-enchen-en006-10000rpm-990274952/,10999.0,6790.0,1,True
FRA-secador-de-pelo-westinghouse-whhd1800-14,Fravega,OTRAS,Belleza y Cuidado Personal,Secador de Pelo Westinghouse WHHD1800,https://www.fravega.com/p/secador-de-pelo-westinghouse-whhd1800-14035/,39999.0,29999.0,1,True
FRA-planchita-de-pelo-remington-wet2straight,Fravega,REMINGTON,Belleza y Cuidado Personal,Planchita de Pelo Remington Wet2Straight S27A,https://www.fravega.com/p/planchita-de-pelo-remington-wet2straight-s27a-14242/,79999.0,59999.0,1,True
FRA-depiladora-facial-3-1-multifuncional-rec,Fravega,OTRAS,Belleza y Cuidado Personal,Depiladora Facial 3 en 1 Multifuncional Recargable Usb Ceja Nariz Rostro,https://www.fravega.com/p/depiladora-facial-3-1-multifuncional-recargable-usb-ceja-nariz-rostro-22490115/,19999.0,14999.0,1,True
FRA-secador-de-pelo-remington-cabello-cerami,Fravega,REMINGTON,Belleza y Cuidado Personal,Secador de Pelo Remington Cabello Ceramica Linea Profesional,https://www.fravega.com/p/secador-de-pelo-remington-cabello-ceramica-linea-profesional-990020915/,78739.0,45989.99,1,True
FRA-cepillo-alisador-electrico-enchen-by-xia,Fravega,XIAOMI,Belleza y Cuidado Personal,Cepillo Alisador Eléctrico Enchen By Xiaomi Control de Temp.,https://www.fravega.com/p/cepillo-alisador-electrico-enchen-by-xiaomi-control-de-temp--990245044/,62989.0,35900.0,1,True
FRA-depiladora-cejas-lapiz-electrico-portati,Fravega,OTRAS,Belleza y Cuidado Personal,Depiladora Cejas Lápiz Eléctrico Portátil Recargable Usb Luz,https://www.fravega.com/p/depiladora-cejas-lapiz-electrico-portatil-recargable-usb-luz-22649103/,21929.0,19579.0,1,True
FRA-secador-de-pelo-ga-ma-diamond-ceramic-12,Fravega,OTRAS,Belleza y Cuidado Personal,Secador de Pelo GA.MA Diamond Ceramic,https://www.fravega.com/p/secador-de-pelo-ga-ma-diamond-ceramic-12982/,89999.0,69999.0,1,True
FRA-planchita-de-pelo-admiral-ad-pl002-tourm,Fravega,OTRAS,Belleza y Cuidado Personal,Planchita de Pelo Admiral AD-PL002 Tourmaline 230,https://www.fravega.com/p/planchita-de-pelo-admiral-ad-pl002-tourmaline-230-14215/,59999.0,33999.0,1,True
FRA-depiladora-philips-bre712-00-13213,Fravega,PHILIPS,Belleza y Cuidado Personal,Depiladora Philips BRE712-00,https://www.fravega.com/p/depiladora-philips-bre712-00-13213/,153999.0,119999.0,1,True
FRA-secador-de-pelo-revlon-rvdr773la2av1-140,Fravega,OTRAS,Belleza y Cuidado Personal,Secador de Pelo Revlon RVDR773LA2AV1,https://www.fravega.com/p/secador-de-pelo-revlon-rvdr773la2av1-14060/,59999.0,49999.0,1,True
FRA-planchita-de-pelo-remington-gloss-s9350-,Fravega,REMINGTON,Belleza y Cuidado Personal,Planchita de Pelo Remington Gloss S9350 Tecnología Antiestática,https://www.fravega.com/p/planchita-de-pelo-remington-gloss-s9350-tecnologia-antiestatica-14501/,82999.0,59999.0,1,True
FRA-afeitadora-philips-s1881-00-serie-1000-u,Fravega,PHILIPS,Belleza y Cuidado Personal,Afeitadora Philips S1881/00 Serie 1000 uso en Húmedo y Seco,https://www.fravega.com/p/afeitadora-philips-s1881-00-serie-1000-uso-humedo-y-seco-30625/,81999.0,49999.0,1,True
FRA-repuesto-cuchillas-x2-para-cortabarba-ph,Fravega,PHILIPS,Belleza y Cuidado Personal,Repuesto Cuchillas x2 para Cortabarba Philips OneBlade,https://www.fravega.com/p/repuesto-cuchillas-x2-para-cortabarba-philips-oneblade-30460/,31499.0,27499.0,1,True
FRA-afeitadora-blade-x--22155845,Fravega,OTRAS,Belleza y Cuidado Personal,AFEITADORA BLADE X,https://www.fravega.com/p/afeitadora-blade-x--22155845/,50995.0,30999.0,1,True
FRA-afeitadora-y-recortadora-ultracomb-bk491,Fravega,OTRAS,Belleza y Cuidado Personal,Afeitadora Y Recortadora Ultracomb Bk4918 Recargable Led Y 6 Cabezales,https://www.fravega.com/p/afeitadora-y-recortadora-ultracomb-bk4918-recargable-led-y-6-cabezales-22693427/,46999.0,37899.0,1,True
FRA-afeitadora-electrica-inalambrica-philco-,Fravega,PHILCO,Belleza y Cuidado Personal,Afeitadora Eléctrica Inalámbrica Philco AE5105,https://www.fravega.com/p/afeitadora-electrica-inalambrica-philco-ae5105-30464/,54999.0,35999.0,1,True
FRA-recortadora-afeitar-cejas-barba-vk-4803-,Fravega,OTRAS,Belleza y Cuidado Personal,Recortadora Afeitar Cejas Barba Vk-4803 Ultracomb  3 en 1,https://www.fravega.com/p/recortadora-afeitar-cejas-barba-vk-4803-ultracomb-3-1-990275803/,19379.83,9099.9,1,True
FRA-maquina-de-corte-digital-usb-vintage-t-9,Fravega,OTRAS,Belleza y Cuidado Personal,Maquina de corte Digital Usb Vintage T 9 Inalámbrica,https://www.fravega.com/p/maquina-de-corte-digital-usb-vintage-t-9-inalambrica--21193184/,40000.0,20900.0,1,True
FRA-afeitadora-philips-serie-5000-x5012-05-3,Fravega,PHILIPS,Belleza y Cuidado Personal,Afeitadora Philips Serie 5000 X5012/05,https://www.fravega.com/p/afeitadora-philips-serie-5000-x5012-05-30374/,139999.0,119999.0,1,True
FRA-maquina-de-afeitar-gadnic-t8000-base-usb,Fravega,OTRAS,Belleza y Cuidado Personal,Maquina De Afeitar Gadnic T8000 Base USB De Carga Rápida,https://www.fravega.com/p/maquina-de-afeitar-gadnic-t8000-base-usb-de-carga-rapida-990071103/,47254.0,36349.01,1,True
FRA-trimmer-philco-body-shaver-sport-infinit,Fravega,PHILCO,Belleza y Cuidado Personal,Trimmer Philco Body Shaver Sport Infinity Blade CB7045SE,https://www.fravega.com/p/trimmer-philco-body-shaver-sport-infinity-blade-cb7045se-990288782/,52799.0,24999.0,1,True
FRA-afeitadora-philco-ae5205pp-lithium-plus-,Fravega,PHILCO,Belleza y Cuidado Personal,Afeitadora Philco Ae5205pp Lithium Plus Wet & Dry 360°,https://www.fravega.com/p/afeitadora-philco-ae5205pp-lithium-plus-wet--dry-360-20291686/,65999.0,59999.0,1,True
FRA-afeitadora-gama-g-blade-usb-wetdry-21232,Fravega,GAMA,Belleza y Cuidado Personal,Afeitadora Gama G-blade Usb Wet&dry,https://www.fravega.com/p/afeitadora-gama-g-blade-usb-wetdry-21232992/,43679.0,33000.0,1,True
FRA-afeitadora-philco-94ae5105ppcabezal-flot,Fravega,PHILCO,Belleza y Cuidado Personal,Afeitadora Philco 94ae5105pp cabezal Flotante 360° c/ Recortador de Patillas Duración 75min,https://www.fravega.com/p/afeitadora-philco-94ae5105ppcabezal-flotante-360-c-recortador-de-patillas-duracion-75min-21265544/,51849.0,42850.41,1,True
FRA-trimmer-gama-italy-c-800-afeitadora-nari,Fravega,GAMA,Belleza y Cuidado Personal,Trimmer Gama Italy C-800 Afeitadora Nariz Oreja Inalámbrica a Pilas Con Base,https://www.fravega.com/p/trimmer-gama-italy-c-800-afeitadora-nariz-oreja-inalambrica-a-pilas-con-base-21961116/,32599.0,25999.0,1,True
FRA-philips-norelco-shaver-2400-series-afeit,Fravega,PHILIPS,Belleza y Cuidado Personal,"Philips Norelco Shaver 2400 Series, Afeitadora",https://www.fravega.com/p/philips-norelco-shaver-2400-series-afeitadora-22614098/,142100.0,120785.0,1,True
FRA-braun-maquinilla-de-afeitar-electrica-se,Fravega,OTRAS,Belleza y Cuidado Personal,Braun Maquinilla de Afeitar Eléctrica Series 9 9517s Pro,https://www.fravega.com/p/braun-maquinilla-de-afeitar-electrica-series-9-9517s-pro-22659492/,1048350.0,891098.0,1,True
FRA-afeitadora-philco-turbo-ae5305-30319,Fravega,PHILCO,Belleza y Cuidado Personal,Afeitadora Philco Turbo AE5305,https://www.fravega.com/p/afeitadora-philco-turbo-ae5305-30319/,74999.0,59999.0,1,True
FRA-afeitadora-kemei-km-2026-barberia-negra-,Fravega,OTRAS,Belleza y Cuidado Personal,Afeitadora Kemei KM-2026 Barberia Negra,https://www.fravega.com/p/afeitadora-kemei-km-2026-barberia-negra--990073037/,66429.0,51099.0,1,True
FRA-afeitadora-shaver-wmark-inalambrica-prof,Fravega,OTRAS,Belleza y Cuidado Personal,Afeitadora Shaver Wmark Inalambrica Profesional Led 8000 RPM,https://www.fravega.com/p/afeitadora-shaver-wmark-inalambrica-profesional-led-8000-rpm-990168375/,139299.0,85990.01,1,True
FRA-perfume-liquid-brun-french-avenue-100ml-,Fravega,OTRAS,Belleza y Cuidado Personal,Perfume Liquid Brun French Avenue 100ml Edp Arabe,https://www.fravega.com/p/perfume-liquid-brun-french-avenue-100ml-edp-arabe-22599035/,137999.0,103499.0,1,True
FRA-perfume-montale-arabians-tonka-eau-de-pa,Fravega,OTRAS,Belleza y Cuidado Personal,Perfume MONTALE Arabians Tonka Eau De Parfum 100 ml para hom,https://www.fravega.com/p/perfume-montale-arabians-tonka-eau-de-parfum-100-ml-para-hom-22826641/,298152.0,262373.76,1,True
FRA-texture-dust-polvo-texturizador-mate-dus,Fravega,OTRAS,Belleza y Cuidado Personal,Texture Dust Polvo Texturizador Mate Dust It Volumen 10 Gr,https://www.fravega.com/p/texture-dust-polvo-texturizador-mate-dust-it-volumen-10-gr-22127191/,12999.0,10999.0,1,True
FRA-l-eau-d-issey-pour-homme-eau--cedre-edt-,Fravega,OTRAS,Belleza y Cuidado Personal,L'eau d'Issey pour Homme Eau & Cèdre EDT,https://www.fravega.com/p/l-eau-d-issey-pour-homme-eau--cedre-edt-990283321/,268000.0,241200.0,1,True
FRA-fidelite-serum-reparador-de-puntas-semil,Fravega,OTRAS,Belleza y Cuidado Personal,Fidelite Serum Reparador De Puntas Semillas De Lino 30 Ml,https://www.fravega.com/p/fidelite-serum-reparador-de-puntas-semillas-de-lino-30-ml-21229633/,13380.0,11057.85,1,True
FRA-perfume-valentino-born-roma-intense-eau-,Fravega,OTRAS,Belleza y Cuidado Personal,Perfume Valentino Born in Roma Intense Eau de Parfum para ho,https://www.fravega.com/p/perfume-valentino-born-roma-intense-eau-de-parfum-para-ho-22803119/,288396.0,238343.8,1,True
FRA-shampoo-loreal-profesional-absolut-repai,Fravega,OTRAS,Belleza y Cuidado Personal,Shampoo Loreal Profesional Absolut Repair Molecular 300ml,https://www.fravega.com/p/shampoo-loreal-profesional-absolut-repair-molecular-300ml-22635586/,69990.0,57842.98,1,True
FRA-montale-arabians-tonka-eau-de-parfum-3-4,Fravega,OTRAS,Belleza y Cuidado Personal,Montale Arabians Tonka Eau De Parfum 3.4 Onzas,https://www.fravega.com/p/montale-arabians-tonka-eau-de-parfum-3-4-onzas-22597445/,648150.0,518520.0,1,True
FRA-fidelite-3-ampollas-argan-tratamiento-ca,Fravega,OTRAS,Belleza y Cuidado Personal,Fidelite 3 Ampollas Argan Tratamiento Cabello Seco Reparador,https://www.fravega.com/p/fidelite-3-ampollas-argan-tratamiento-cabello-seco-reparador-21229591/,10570.0,8735.54,1,True
FRA-perfume-armaf-club-de-nuit-precieux-1-ex,Fravega,OTRAS,Belleza y Cuidado Personal,"Perfume Armaf Club De Nuit Precieux, 1 extracto de perfume,",https://www.fravega.com/p/perfume-armaf-club-de-nuit-precieux-1-extracto-de-perfume--22802957/,147839.0,124184.76,1,True
FRA-skala-mais-lisos-shampoo-acondicionador-,Fravega,OTRAS,Belleza y Cuidado Personal,Skala Mais Lisos Shampoo + Acondicionador + Mascara Lacios,https://www.fravega.com/p/skala-mais-lisos-shampoo-acondicionador-mascara-lacios-21249834/,21790.0,18008.26,1,True
FRA-perfume-azzaro-the-most-wanted-parfum-in,Fravega,OTRAS,Belleza y Cuidado Personal,Perfume Azzaro The Most Wanted Parfum Intense 100 ml,https://www.fravega.com/p/perfume-azzaro-the-most-wanted-parfum-intense-100-ml-22802958/,229643.0,202085.84,1,True
FRA-vichy-shampoo-dercos-energizante-anticai,Fravega,OTRAS,Belleza y Cuidado Personal,Vichy Shampoo Dercos Energizante Anticaida Estimulante 400ml,https://www.fravega.com/p/vichy-shampoo-dercos-energizante-anticaida-estimulante-400ml-990221687/,83564.0,69061.16,1,True
FRA-tom-ford-perdida-cereza-eau-de-parfum-sp,Fravega,OTRAS,Belleza y Cuidado Personal,Tom Ford Perdida Cereza Eau De Parfum Spray 1.7 Oz,https://www.fravega.com/p/tom-ford-perdida-cereza-eau-de-parfum-spray-1-7-oz-22571462/,1047423.0,843320.0,1,True
FRA-tangle-teezer-el-mejor-cepillo-desenreda,Fravega,OTRAS,Belleza y Cuidado Personal,"Tangle Teezer , El mejor cepillo desenredante para",https://www.fravega.com/p/tangle-teezer-el-mejor-cepillo-desenredante-para-22659249/,76850.0,65323.0,1,True
FRA-perfume-lattafa-asad-eau-de-parfum-100-m,Fravega,OTRAS,Belleza y Cuidado Personal,Perfume Lattafa Asad Eau de Parfum 100 ml Unisex,https://www.fravega.com/p/perfume-lattafa-asad-eau-de-parfum-100-ml-unisex-22079850/,87874.0,77329.12,1,True
FRA-champu-kerastase-specifique-bain-divalen,Fravega,OTRAS,Belleza y Cuidado Personal,Champú Kerastase Specifique Bain Divalent 1000 ml unisex,https://www.fravega.com/p/champu-kerastase-specifique-bain-divalent-1000-ml-unisex-22772693/,251509.0,211267.56,1,True
FRA-perfume-armaf-dunescape-eau-de-parfum-10,Fravega,OTRAS,Belleza y Cuidado Personal,Perfume Armaf Dunescape Eau de Parfum 100 ml para Hombre,https://www.fravega.com/p/perfume-armaf-dunescape-eau-de-parfum-100-ml-para-hombre-22833202/,223208.0,184469.42,1,True
FRA-shampoo-vichy-dercos-densificador-densi-,Fravega,OTRAS,Belleza y Cuidado Personal,Shampoo Vichy Dercos Densificador Densi Solutions X 250 Ml,https://www.fravega.com/p/shampoo-vichy-dercos-densificador-densi-solutions-x-250-ml-990221696/,59423.0,49109.92,1,True
FRA-escalera-de-aluminio-4x4-articulada-16-e,Fravega,OTRAS,Herramientas,Escalera de Aluminio 4x4 Articulada 16 Escalones Gross Multipropósito,https://www.fravega.com/p/escalera-de-aluminio-4x4-articulada-16-escalones-gross-multiproposito-311316/,199999.0,169999.0,1,True
FRA-kit-de-herramientas-daewoo-set-96-pzs-da,Fravega,OTRAS,Herramientas,Kit de Herramientas Daewoo Set 96 Pzs DAHTS96 Tubos c/ Maletín,https://www.fravega.com/p/kit-de-herramientas-daewoo-set-96-pzs-dahts96-tubos-c-maletin-311011/,129999.0,94999.0,1,True
FRA-revestimiento-wall-panel-decorativo-pare,Fravega,OTRAS,Herramientas,"Revestimiento Wall Panel Decorativo Pared Varillado Acanalado Eps Sólido Liston De 290x1,2x12cm Acabado Mate Color BlancoMarca Homeco.",https://www.fravega.com/p/revestimiento-wall-panel-decorativo-pared-varillado-acanalado-eps-solido-liston-de-290x1-2x12cm-acabado-mate-color-blancomarca-homeco--22716870/,17550.16,10416.67,1,True
FRA-griferia-eurogrif-monocomando-cocina-roc,Fravega,OTRAS,Herramientas,Griferia Eurogrif Monocomando Cocina Rociador Flexible Gourmet,https://www.fravega.com/p/griferia-eurogrif-monocomando-cocina-rociador-flexible-gourmet-311354/,59999.0,49999.0,1,True
FRA-escalera-articulada-black-decker-4x4-16-,Fravega,BLACK+DECKER,Herramientas,Escalera Articulada Black+decker 4x4 16 Escalones,https://www.fravega.com/p/escalera-articulada-black-decker-4x4-16-escalones-22605136/,249986.11,199988.89,1,True
FRA-kit-de-herramientas-daewoo-set-108-pzs-d,Fravega,OTRAS,Herramientas,Kit de Herramientas Daewoo Set 108 Pzs DWS108B Llaves Tubo Criquet,https://www.fravega.com/p/kit-de-herramientas-daewoo-set-108-pzs-dws108b-llaves-tubo-criquet-311001/,124999.0,99999.0,1,True
FRA-griferia-cocina-moderna-canilla-monocoma,Fravega,OTRAS,Herramientas,Grifería Cocina Moderna Canilla Monocomando Extensible Negro Mate Waggs,https://www.fravega.com/p/griferia-cocina-moderna-canilla-monocomando-extensible-negro-mate-waggs-22084863/,111986.0,62399.0,1,True
FRA-bomba-de-agua-presurizadoras-daewoo-daep,Fravega,OTRAS,Herramientas,Bomba de Agua Presurizadoras Daewoo DAEPRES100,https://www.fravega.com/p/bomba-de-agua-presurizadoras-daewoo-daepres100-311061/,99999.0,64999.0,1,True
FRA-griferia-bano-canilla-monocomando-recta-,Fravega,OTRAS,Herramientas,Griferia Baño Canilla Monocomando Recta Negra,https://www.fravega.com/p/griferia-bano-canilla-monocomando-recta-negra-990277597/,32249.0,25799.0,1,True
FRA-rotomartillo-stanley-sthr1232k-ar-311124,Fravega,OTRAS,Herramientas,Rotomartillo Stanley STHR1232K-AR,https://www.fravega.com/p/rotomartillo-stanley-sthr1232k-ar-311124/,399999.0,299999.0,1,True
FRA-escalera-plegable-de-acero-3-escalones-b,Fravega,ACER,Herramientas,Escalera Plegable de Acero 3 Escalones Bontella,https://www.fravega.com/p/escalera-plegable-de-acero-3-escalones-bontella-22726527/,89999.0,62999.0,1,True
FRA-pistola-de-pintura-daewoo-hvlp-600ml-dw9,Fravega,OTRAS,Herramientas,Pistola de Pintura Daewoo HVLP 600ml DW9U,https://www.fravega.com/p/pistola-de-pintura-daewoo-hvlp-600ml-dw9u-310771/,69999.0,39999.0,1,True
FRA-compresor-de-aire-portatil-inflador-pote,Fravega,OTRAS,Herramientas,Compresor de Aire Portátil Inflador Potente 150 Psi Waggs,https://www.fravega.com/p/compresor-de-aire-portatil-inflador-potente-150-psi-waggs-22492373/,62986.0,38249.0,1,True
FRA-termofusora-1500w-lusqtoff-ltf-6315-1500,Fravega,OTRAS,Herramientas,Termofusora 1500w Lusqtoff Ltf-6315 1500w Con 12 Accesorios,https://www.fravega.com/p/termofusora-1500w-lusqtoff-ltf-6315-1500w-con-12-accesorios-990139575/,76499.0,69229.86,1,True
FRA-pistola-de-pintura-hvlp-daewoo-1000ml-dw,Fravega,OTRAS,Herramientas,Pistola de Pintura HVLP Daewoo 1000ml DW8A,https://www.fravega.com/p/pistola-de-pintura-hvlp-daewoo-1000ml-dw8a-310744/,69999.0,39999.0,1,True
FRA-flor-ducha-cuadrada-cano-brazo-cromado-a,Fravega,ACER,Herramientas,Flor Ducha Cuadrada + Caño Brazo Cromado Acero Inoxidable,https://www.fravega.com/p/flor-ducha-cuadrada-cano-brazo-cromado-acero-inoxidable-21453607/,26951.63,23000.0,1,True
FRA-mini-motosierra-inalambrica-midow-20v-2-,Fravega,OTRAS,Herramientas,Mini Motosierra Inalámbrica Midow 20V 2 Baterías Poda 15cm,https://www.fravega.com/p/mini-motosierra-inalambrica-midow-20v-2-baterias-poda-15cm-990289257/,73066.0,57299.0,1,True
FRA-generador-portatil-konan-800w-ideal-camp,Fravega,OTRAS,Herramientas,Generador Portátil Konan 800W Ideal Camping y Emergencias,https://www.fravega.com/p/generador-portatil-konan-800w-ideal-camping-y-emergencias-990257871/,303900.0,184799.0,1,True
FRA-hidrolavadora-daewoo-1400w-90-bar-con-au,Fravega,OTRAS,Herramientas,Hidrolavadora Daewoo 1400w 90 Bar con Autostop + Accesorios,https://www.fravega.com/p/hidrolavadora-daewoo-1400w-90-bar-con-autostop-accesorios-311494/,144999.0,99999.0,1,True
FRA-taladro-percutor-inalambrico-goodyear-21,Fravega,OTRAS,Herramientas,Taladro Percutor Inalambrico Goodyear 21v 10mm Fs Azul 50hz,https://www.fravega.com/p/taladro-percutor-inalambrico-goodyear-21v-10mm-fs-azul-50hz-22626889/,73373.67,69705.0,1,True
FRA-set-herramientas-manuales-black--decker-,Fravega,OTRAS,Herramientas,Set Herramientas Manuales Black & Decker 152 Pzs BMT152C-AR,https://www.fravega.com/p/set-herramientas-manuales-black--decker-152-pzs-bmt152c-ar-310584/,99999.0,79999.0,1,True
FRA-maletin-completo-de-245-herramientas-pie,Fravega,OTRAS,Herramientas,Maletin Completo De 245 Herramientas Piezas Pinzas Llaves Naranja,https://www.fravega.com/p/maletin-completo-de-245-herramientas-piezas-pinzas-llaves-naranja-22633907/,386400.0,203439.0,1,True
FRA-amoladora-angular-taladro-percutor-daewo,Fravega,OTRAS,Herramientas,Amoladora Angular + Taladro Percutor Daewoo 750w Combo Pack,https://www.fravega.com/p/amoladora-angular-taladro-percutor-daewoo-750w-combo-pack-311188/,114999.0,109999.0,1,True
FRA-amoladora-angular-black--decker-g720n-ar,Fravega,OTRAS,Herramientas,Amoladora Angular Black & Decker G720N-AR,https://www.fravega.com/p/amoladora-angular-black--decker-g720n-ar-310339/,74999.0,64999.0,1,True
FRA-bordeadora-tramontina-ap1500t-1500w-220v,Fravega,OTRAS,Herramientas,Bordeadora Tramontina AP1500T 1500w 220v Negro y Naranja,https://www.fravega.com/p/bordeadora-tramontina-ap1500t-1500w-220v-negro-y-naranja-311140/,129999.0,104999.0,1,True
FRA-escalera-de-aluminio-4x4-articulada-16-e,Fravega,OTRAS,Herramientas,"Escalera de Aluminio 4x4 Articulada 16 Escalones Garden Life Negra Multipropósito 4,35 mts",https://www.fravega.com/p/escalera-de-aluminio-4x4-articulada-16-escalones-garden-life-negra-multiproposito-4-35-mts-310998/,244999.0,159999.0,1,True
FRA-amoladora-bosch-gws-700-professional-115,Fravega,BOSCH,Herramientas,Amoladora Bosch GWS 700 Professional 115mm 12000 RPM 220v,https://www.fravega.com/p/amoladora-bosch-gws-700-professional-115mm-12000-rpm-220v-310453/,124999.0,84999.0,1,True
FRA-rotomartillo-taladro-percutor-lusqtoff-8,Fravega,OTRAS,Herramientas,Rotomartillo Taladro Percutor Lusqtoff 850W SDS Plus RML850-7,https://www.fravega.com/p/rotomartillo-taladro-percutor-lusqtoff-850w-sds-plus-rml850-7-22631705/,150740.79,84059.0,1,True
FRA-taladro-atornillador-inalambrico-18v-dac,Fravega,OTRAS,Herramientas,Taladro Atornillador Inalámbrico 18v DACD1800V2 + 54 Accesorios Con Maletín,https://www.fravega.com/p/taladro-atornillador-inalambrico-18v-dacd1800v2-54-accesorios-con-maletin-310420/,174999.0,139999.0,1,True
FRA-hidrolavadora-inalambrica-admiral-200w-2,Fravega,OTRAS,Herramientas,Hidrolavadora Inalámbrica Admiral 200w 20v con Accesorios con Batería + Cargador,https://www.fravega.com/p/hidrolavadora-inalambrica-admiral-200w-20v-con-accesorios-con-bateria-cargador-311426/,179999.0,69999.0,1,True
FRA-cortadora-de-cesped-electrica-1000w-blac,Fravega,OTRAS,Herramientas,Cortadora de Césped Eléctrica 1000W Black & Decker GR3050-AR,https://www.fravega.com/p/cortadora-de-cesped-electrica-1000w-black--decker-gr3050-ar-310565/,359999.0,229999.0,1,True
FRA-cortadora-de-cesped-electrica-1600w-blac,Fravega,OTRAS,Herramientas,Cortadora de Césped Eléctrica 1600W Black & Decker GR3850-AR,https://www.fravega.com/p/cortadora-de-cesped-electrica-1600w-black--decker-gr3850-ar-310385/,599999.0,339999.0,1,True
FRA-lijadora-orbital-black--decker-bs200-ar-,Fravega,OTRAS,Herramientas,Lijadora Orbital Black & Decker BS200-AR,https://www.fravega.com/p/lijadora-orbital-black--decker-bs200-ar-310392/,74999.0,59999.0,1,True
FRA-escalera-de-aluminio-4x4-articulada-16-e,Fravega,OTRAS,Herramientas,Escalera de Aluminio 4x4 Articulada 16 Escalones Gross Multipropósito,https://www.fravega.com/p/escalera-de-aluminio-4x4-articulada-16-escalones-gross-multiproposito-311316/,199999.0,169999.0,1,True
FRA-kit-de-herramientas-daewoo-set-96-pzs-da,Fravega,OTRAS,Herramientas,Kit de Herramientas Daewoo Set 96 Pzs DAHTS96 Tubos c/ Maletín,https://www.fravega.com/p/kit-de-herramientas-daewoo-set-96-pzs-dahts96-tubos-c-maletin-311011/,129999.0,94999.0,1,True
FRA-revestimiento-wall-panel-decorativo-pare,Fravega,OTRAS,Herramientas,"Revestimiento Wall Panel Decorativo Pared Varillado Acanalado Eps Sólido Liston De 290x1,2x12cm Acabado Mate Color BlancoMarca Homeco.",https://www.fravega.com/p/revestimiento-wall-panel-decorativo-pared-varillado-acanalado-eps-solido-liston-de-290x1-2x12cm-acabado-mate-color-blancomarca-homeco--22716870/,17550.16,10416.67,1,True
FRA-griferia-eurogrif-monocomando-cocina-roc,Fravega,OTRAS,Herramientas,Griferia Eurogrif Monocomando Cocina Rociador Flexible Gourmet,https://www.fravega.com/p/griferia-eurogrif-monocomando-cocina-rociador-flexible-gourmet-311354/,59999.0,49999.0,1,True
FRA-escalera-articulada-black-decker-4x4-16-,Fravega,BLACK+DECKER,Herramientas,Escalera Articulada Black+decker 4x4 16 Escalones,https://www.fravega.com/p/escalera-articulada-black-decker-4x4-16-escalones-22605136/,249986.11,199988.89,1,True
FRA-kit-de-herramientas-daewoo-set-108-pzs-d,Fravega,OTRAS,Herramientas,Kit de Herramientas Daewoo Set 108 Pzs DWS108B Llaves Tubo Criquet,https://www.fravega.com/p/kit-de-herramientas-daewoo-set-108-pzs-dws108b-llaves-tubo-criquet-311001/,124999.0,99999.0,1,True
FRA-griferia-cocina-moderna-canilla-monocoma,Fravega,OTRAS,Herramientas,Grifería Cocina Moderna Canilla Monocomando Extensible Negro Mate Waggs,https://www.fravega.com/p/griferia-cocina-moderna-canilla-monocomando-extensible-negro-mate-waggs-22084863/,111986.0,62399.0,1,True
FRA-bomba-de-agua-presurizadoras-daewoo-daep,Fravega,OTRAS,Herramientas,Bomba de Agua Presurizadoras Daewoo DAEPRES100,https://www.fravega.com/p/bomba-de-agua-presurizadoras-daewoo-daepres100-311061/,99999.0,64999.0,1,True
FRA-griferia-bano-canilla-monocomando-recta-,Fravega,OTRAS,Herramientas,Griferia Baño Canilla Monocomando Recta Negra,https://www.fravega.com/p/griferia-bano-canilla-monocomando-recta-negra-990277597/,32249.0,25799.0,1,True
FRA-rotomartillo-stanley-sthr1232k-ar-311124,Fravega,OTRAS,Herramientas,Rotomartillo Stanley STHR1232K-AR,https://www.fravega.com/p/rotomartillo-stanley-sthr1232k-ar-311124/,399999.0,299999.0,1,True
FRA-escalera-plegable-de-acero-3-escalones-b,Fravega,ACER,Herramientas,Escalera Plegable de Acero 3 Escalones Bontella,https://www.fravega.com/p/escalera-plegable-de-acero-3-escalones-bontella-22726527/,89999.0,62999.0,1,True
FRA-pistola-de-pintura-daewoo-hvlp-600ml-dw9,Fravega,OTRAS,Herramientas,Pistola de Pintura Daewoo HVLP 600ml DW9U,https://www.fravega.com/p/pistola-de-pintura-daewoo-hvlp-600ml-dw9u-310771/,69999.0,39999.0,1,True
FRA-compresor-de-aire-portatil-inflador-pote,Fravega,OTRAS,Herramientas,Compresor de Aire Portátil Inflador Potente 150 Psi Waggs,https://www.fravega.com/p/compresor-de-aire-portatil-inflador-potente-150-psi-waggs-22492373/,62986.0,38249.0,1,True
FRA-termofusora-1500w-lusqtoff-ltf-6315-1500,Fravega,OTRAS,Herramientas,Termofusora 1500w Lusqtoff Ltf-6315 1500w Con 12 Accesorios,https://www.fravega.com/p/termofusora-1500w-lusqtoff-ltf-6315-1500w-con-12-accesorios-990139575/,76499.0,69229.86,1,True
FRA-pistola-de-pintura-hvlp-daewoo-1000ml-dw,Fravega,OTRAS,Herramientas,Pistola de Pintura HVLP Daewoo 1000ml DW8A,https://www.fravega.com/p/pistola-de-pintura-hvlp-daewoo-1000ml-dw8a-310744/,69999.0,39999.0,1,True
FRA-flor-ducha-cuadrada-cano-brazo-cromado-a,Fravega,ACER,Herramientas,Flor Ducha Cuadrada + Caño Brazo Cromado Acero Inoxidable,https://www.fravega.com/p/flor-ducha-cuadrada-cano-brazo-cromado-acero-inoxidable-21453607/,26951.63,23000.0,1,True
FRA-mini-motosierra-inalambrica-midow-20v-2-,Fravega,OTRAS,Herramientas,Mini Motosierra Inalámbrica Midow 20V 2 Baterías Poda 15cm,https://www.fravega.com/p/mini-motosierra-inalambrica-midow-20v-2-baterias-poda-15cm-990289257/,73066.0,57299.0,1,True
FRA-generador-portatil-konan-800w-ideal-camp,Fravega,OTRAS,Herramientas,Generador Portátil Konan 800W Ideal Camping y Emergencias,https://www.fravega.com/p/generador-portatil-konan-800w-ideal-camping-y-emergencias-990257871/,303900.0,184799.0,1,True
FRA-hidrolavadora-daewoo-1400w-90-bar-con-au,Fravega,OTRAS,Herramientas,Hidrolavadora Daewoo 1400w 90 Bar con Autostop + Accesorios,https://www.fravega.com/p/hidrolavadora-daewoo-1400w-90-bar-con-autostop-accesorios-311494/,144999.0,99999.0,1,True
FRA-taladro-percutor-inalambrico-goodyear-21,Fravega,OTRAS,Herramientas,Taladro Percutor Inalambrico Goodyear 21v 10mm Fs Azul 50hz,https://www.fravega.com/p/taladro-percutor-inalambrico-goodyear-21v-10mm-fs-azul-50hz-22626889/,73373.67,69705.0,1,True
FRA-set-herramientas-manuales-black--decker-,Fravega,OTRAS,Herramientas,Set Herramientas Manuales Black & Decker 152 Pzs BMT152C-AR,https://www.fravega.com/p/set-herramientas-manuales-black--decker-152-pzs-bmt152c-ar-310584/,99999.0,79999.0,1,True
FRA-maletin-completo-de-245-herramientas-pie,Fravega,OTRAS,Herramientas,Maletin Completo De 245 Herramientas Piezas Pinzas Llaves Naranja,https://www.fravega.com/p/maletin-completo-de-245-herramientas-piezas-pinzas-llaves-naranja-22633907/,386400.0,203439.0,1,True
FRA-amoladora-angular-taladro-percutor-daewo,Fravega,OTRAS,Herramientas,Amoladora Angular + Taladro Percutor Daewoo 750w Combo Pack,https://www.fravega.com/p/amoladora-angular-taladro-percutor-daewoo-750w-combo-pack-311188/,114999.0,109999.0,1,True
FRA-amoladora-angular-black--decker-g720n-ar,Fravega,OTRAS,Herramientas,Amoladora Angular Black & Decker G720N-AR,https://www.fravega.com/p/amoladora-angular-black--decker-g720n-ar-310339/,74999.0,64999.0,1,True
FRA-bordeadora-tramontina-ap1500t-1500w-220v,Fravega,OTRAS,Herramientas,Bordeadora Tramontina AP1500T 1500w 220v Negro y Naranja,https://www.fravega.com/p/bordeadora-tramontina-ap1500t-1500w-220v-negro-y-naranja-311140/,129999.0,104999.0,1,True
FRA-escalera-de-aluminio-4x4-articulada-16-e,Fravega,OTRAS,Herramientas,"Escalera de Aluminio 4x4 Articulada 16 Escalones Garden Life Negra Multipropósito 4,35 mts",https://www.fravega.com/p/escalera-de-aluminio-4x4-articulada-16-escalones-garden-life-negra-multiproposito-4-35-mts-310998/,244999.0,159999.0,1,True
FRA-amoladora-bosch-gws-700-professional-115,Fravega,BOSCH,Herramientas,Amoladora Bosch GWS 700 Professional 115mm 12000 RPM 220v,https://www.fravega.com/p/amoladora-bosch-gws-700-professional-115mm-12000-rpm-220v-310453/,124999.0,84999.0,1,True
FRA-rotomartillo-taladro-percutor-lusqtoff-8,Fravega,OTRAS,Herramientas,Rotomartillo Taladro Percutor Lusqtoff 850W SDS Plus RML850-7,https://www.fravega.com/p/rotomartillo-taladro-percutor-lusqtoff-850w-sds-plus-rml850-7-22631705/,150740.79,84059.0,1,True
FRA-taladro-atornillador-inalambrico-18v-dac,Fravega,OTRAS,Herramientas,Taladro Atornillador Inalámbrico 18v DACD1800V2 + 54 Accesorios Con Maletín,https://www.fravega.com/p/taladro-atornillador-inalambrico-18v-dacd1800v2-54-accesorios-con-maletin-310420/,174999.0,139999.0,1,True
FRA-hidrolavadora-inalambrica-admiral-200w-2,Fravega,OTRAS,Herramientas,Hidrolavadora Inalámbrica Admiral 200w 20v con Accesorios con Batería + Cargador,https://www.fravega.com/p/hidrolavadora-inalambrica-admiral-200w-20v-con-accesorios-con-bateria-cargador-311426/,179999.0,69999.0,1,True
FRA-cortadora-de-cesped-electrica-1000w-blac,Fravega,OTRAS,Herramientas,Cortadora de Césped Eléctrica 1000W Black & Decker GR3050-AR,https://www.fravega.com/p/cortadora-de-cesped-electrica-1000w-black--decker-gr3050-ar-310565/,359999.0,229999.0,1,True
FRA-cortadora-de-cesped-electrica-1600w-blac,Fravega,OTRAS,Herramientas,Cortadora de Césped Eléctrica 1600W Black & Decker GR3850-AR,https://www.fravega.com/p/cortadora-de-cesped-electrica-1600w-black--decker-gr3850-ar-310385/,599999.0,339999.0,1,True
FRA-lijadora-orbital-black--decker-bs200-ar-,Fravega,OTRAS,Herramientas,Lijadora Orbital Black & Decker BS200-AR,https://www.fravega.com/p/lijadora-orbital-black--decker-bs200-ar-310392/,74999.0,59999.0,1,True
FRA-escalera-de-aluminio-4x4-articulada-16-e,Fravega,OTRAS,Herramientas,Escalera de Aluminio 4x4 Articulada 16 Escalones Gross Multipropósito,https://www.fravega.com/p/escalera-de-aluminio-4x4-articulada-16-escalones-gross-multiproposito-311316/,199999.0,169999.0,1,True
FRA-kit-de-herramientas-daewoo-set-96-pzs-da,Fravega,OTRAS,Herramientas,Kit de Herramientas Daewoo Set 96 Pzs DAHTS96 Tubos c/ Maletín,https://www.fravega.com/p/kit-de-herramientas-daewoo-set-96-pzs-dahts96-tubos-c-maletin-311011/,129999.0,94999.0,1,True
FRA-revestimiento-wall-panel-decorativo-pare,Fravega,OTRAS,Herramientas,"Revestimiento Wall Panel Decorativo Pared Varillado Acanalado Eps Sólido Liston De 290x1,2x12cm Acabado Mate Color BlancoMarca Homeco.",https://www.fravega.com/p/revestimiento-wall-panel-decorativo-pared-varillado-acanalado-eps-solido-liston-de-290x1-2x12cm-acabado-mate-color-blancomarca-homeco--22716870/,17550.16,10416.67,1,True
FRA-griferia-eurogrif-monocomando-cocina-roc,Fravega,OTRAS,Herramientas,Griferia Eurogrif Monocomando Cocina Rociador Flexible Gourmet,https://www.fravega.com/p/griferia-eurogrif-monocomando-cocina-rociador-flexible-gourmet-311354/,59999.0,49999.0,1,True
FRA-escalera-articulada-black-decker-4x4-16-,Fravega,BLACK+DECKER,Herramientas,Escalera Articulada Black+decker 4x4 16 Escalones,https://www.fravega.com/p/escalera-articulada-black-decker-4x4-16-escalones-22605136/,249986.11,199988.89,1,True
FRA-kit-de-herramientas-daewoo-set-108-pzs-d,Fravega,OTRAS,Herramientas,Kit de Herramientas Daewoo Set 108 Pzs DWS108B Llaves Tubo Criquet,https://www.fravega.com/p/kit-de-herramientas-daewoo-set-108-pzs-dws108b-llaves-tubo-criquet-311001/,124999.0,99999.0,1,True
FRA-griferia-cocina-moderna-canilla-monocoma,Fravega,OTRAS,Herramientas,Grifería Cocina Moderna Canilla Monocomando Extensible Negro Mate Waggs,https://www.fravega.com/p/griferia-cocina-moderna-canilla-monocomando-extensible-negro-mate-waggs-22084863/,111986.0,62399.0,1,True
FRA-bomba-de-agua-presurizadoras-daewoo-daep,Fravega,OTRAS,Herramientas,Bomba de Agua Presurizadoras Daewoo DAEPRES100,https://www.fravega.com/p/bomba-de-agua-presurizadoras-daewoo-daepres100-311061/,99999.0,64999.0,1,True
FRA-griferia-bano-canilla-monocomando-recta-,Fravega,OTRAS,Herramientas,Griferia Baño Canilla Monocomando Recta Negra,https://www.fravega.com/p/griferia-bano-canilla-monocomando-recta-negra-990277597/,32249.0,25799.0,1,True
FRA-rotomartillo-stanley-sthr1232k-ar-311124,Fravega,OTRAS,Herramientas,Rotomartillo Stanley STHR1232K-AR,https://www.fravega.com/p/rotomartillo-stanley-sthr1232k-ar-311124/,399999.0,299999.0,1,True
FRA-escalera-plegable-de-acero-3-escalones-b,Fravega,ACER,Herramientas,Escalera Plegable de Acero 3 Escalones Bontella,https://www.fravega.com/p/escalera-plegable-de-acero-3-escalones-bontella-22726527/,89999.0,62999.0,1,True
FRA-pistola-de-pintura-daewoo-hvlp-600ml-dw9,Fravega,OTRAS,Herramientas,Pistola de Pintura Daewoo HVLP 600ml DW9U,https://www.fravega.com/p/pistola-de-pintura-daewoo-hvlp-600ml-dw9u-310771/,69999.0,39999.0,1,True
FRA-compresor-de-aire-portatil-inflador-pote,Fravega,OTRAS,Herramientas,Compresor de Aire Portátil Inflador Potente 150 Psi Waggs,https://www.fravega.com/p/compresor-de-aire-portatil-inflador-potente-150-psi-waggs-22492373/,62986.0,38249.0,1,True
FRA-termofusora-1500w-lusqtoff-ltf-6315-1500,Fravega,OTRAS,Herramientas,Termofusora 1500w Lusqtoff Ltf-6315 1500w Con 12 Accesorios,https://www.fravega.com/p/termofusora-1500w-lusqtoff-ltf-6315-1500w-con-12-accesorios-990139575/,76499.0,69229.86,1,True
FRA-pistola-de-pintura-hvlp-daewoo-1000ml-dw,Fravega,OTRAS,Herramientas,Pistola de Pintura HVLP Daewoo 1000ml DW8A,https://www.fravega.com/p/pistola-de-pintura-hvlp-daewoo-1000ml-dw8a-310744/,69999.0,39999.0,1,True
FRA-flor-ducha-cuadrada-cano-brazo-cromado-a,Fravega,ACER,Herramientas,Flor Ducha Cuadrada + Caño Brazo Cromado Acero Inoxidable,https://www.fravega.com/p/flor-ducha-cuadrada-cano-brazo-cromado-acero-inoxidable-21453607/,26951.63,23000.0,1,True
FRA-mini-motosierra-inalambrica-midow-20v-2-,Fravega,OTRAS,Herramientas,Mini Motosierra Inalámbrica Midow 20V 2 Baterías Poda 15cm,https://www.fravega.com/p/mini-motosierra-inalambrica-midow-20v-2-baterias-poda-15cm-990289257/,73066.0,57299.0,1,True
FRA-generador-portatil-konan-800w-ideal-camp,Fravega,OTRAS,Herramientas,Generador Portátil Konan 800W Ideal Camping y Emergencias,https://www.fravega.com/p/generador-portatil-konan-800w-ideal-camping-y-emergencias-990257871/,303900.0,184799.0,1,True
FRA-hidrolavadora-daewoo-1400w-90-bar-con-au,Fravega,OTRAS,Herramientas,Hidrolavadora Daewoo 1400w 90 Bar con Autostop + Accesorios,https://www.fravega.com/p/hidrolavadora-daewoo-1400w-90-bar-con-autostop-accesorios-311494/,144999.0,99999.0,1,True
FRA-taladro-percutor-inalambrico-goodyear-21,Fravega,OTRAS,Herramientas,Taladro Percutor Inalambrico Goodyear 21v 10mm Fs Azul 50hz,https://www.fravega.com/p/taladro-percutor-inalambrico-goodyear-21v-10mm-fs-azul-50hz-22626889/,73373.67,69705.0,1,True
FRA-set-herramientas-manuales-black--decker-,Fravega,OTRAS,Herramientas,Set Herramientas Manuales Black & Decker 152 Pzs BMT152C-AR,https://www.fravega.com/p/set-herramientas-manuales-black--decker-152-pzs-bmt152c-ar-310584/,99999.0,79999.0,1,True
FRA-maletin-completo-de-245-herramientas-pie,Fravega,OTRAS,Herramientas,Maletin Completo De 245 Herramientas Piezas Pinzas Llaves Naranja,https://www.fravega.com/p/maletin-completo-de-245-herramientas-piezas-pinzas-llaves-naranja-22633907/,386400.0,203439.0,1,True
FRA-amoladora-angular-taladro-percutor-daewo,Fravega,OTRAS,Herramientas,Amoladora Angular + Taladro Percutor Daewoo 750w Combo Pack,https://www.fravega.com/p/amoladora-angular-taladro-percutor-daewoo-750w-combo-pack-311188/,114999.0,109999.0,1,True
FRA-amoladora-angular-black--decker-g720n-ar,Fravega,OTRAS,Herramientas,Amoladora Angular Black & Decker G720N-AR,https://www.fravega.com/p/amoladora-angular-black--decker-g720n-ar-310339/,74999.0,64999.0,1,True
FRA-bordeadora-tramontina-ap1500t-1500w-220v,Fravega,OTRAS,Herramientas,Bordeadora Tramontina AP1500T 1500w 220v Negro y Naranja,https://www.fravega.com/p/bordeadora-tramontina-ap1500t-1500w-220v-negro-y-naranja-311140/,129999.0,104999.0,1,True
FRA-escalera-de-aluminio-4x4-articulada-16-e,Fravega,OTRAS,Herramientas,"Escalera de Aluminio 4x4 Articulada 16 Escalones Garden Life Negra Multipropósito 4,35 mts",https://www.fravega.com/p/escalera-de-aluminio-4x4-articulada-16-escalones-garden-life-negra-multiproposito-4-35-mts-310998/,244999.0,159999.0,1,True
FRA-amoladora-bosch-gws-700-professional-115,Fravega,BOSCH,Herramientas,Amoladora Bosch GWS 700 Professional 115mm 12000 RPM 220v,https://www.fravega.com/p/amoladora-bosch-gws-700-professional-115mm-12000-rpm-220v-310453/,124999.0,84999.0,1,True
FRA-rotomartillo-taladro-percutor-lusqtoff-8,Fravega,OTRAS,Herramientas,Rotomartillo Taladro Percutor Lusqtoff 850W SDS Plus RML850-7,https://www.fravega.com/p/rotomartillo-taladro-percutor-lusqtoff-850w-sds-plus-rml850-7-22631705/,150740.79,84059.0,1,True
FRA-taladro-atornillador-inalambrico-18v-dac,Fravega,OTRAS,Herramientas,Taladro Atornillador Inalámbrico 18v DACD1800V2 + 54 Accesorios Con Maletín,https://www.fravega.com/p/taladro-atornillador-inalambrico-18v-dacd1800v2-54-accesorios-con-maletin-310420/,174999.0,139999.0,1,True
FRA-hidrolavadora-inalambrica-admiral-200w-2,Fravega,OTRAS,Herramientas,Hidrolavadora Inalámbrica Admiral 200w 20v con Accesorios con Batería + Cargador,https://www.fravega.com/p/hidrolavadora-inalambrica-admiral-200w-20v-con-accesorios-con-bateria-cargador-311426/,179999.0,69999.0,1,True
FRA-cortadora-de-cesped-electrica-1000w-blac,Fravega,OTRAS,Herramientas,Cortadora de Césped Eléctrica 1000W Black & Decker GR3050-AR,https://www.fravega.com/p/cortadora-de-cesped-electrica-1000w-black--decker-gr3050-ar-310565/,359999.0,229999.0,1,True
FRA-cortadora-de-cesped-electrica-1600w-blac,Fravega,OTRAS,Herramientas,Cortadora de Césped Eléctrica 1600W Black & Decker GR3850-AR,https://www.fravega.com/p/cortadora-de-cesped-electrica-1600w-black--decker-gr3850-ar-310385/,599999.0,339999.0,1,True
FRA-lijadora-orbital-black--decker-bs200-ar-,Fravega,OTRAS,Herramientas,Lijadora Orbital Black & Decker BS200-AR,https://www.fravega.com/p/lijadora-orbital-black--decker-bs200-ar-310392/,74999.0,59999.0,1,True
FRA-escalera-de-aluminio-4x4-articulada-16-e,Fravega,OTRAS,Herramientas,Escalera de Aluminio 4x4 Articulada 16 Escalones Gross Multipropósito,https://www.fravega.com/p/escalera-de-aluminio-4x4-articulada-16-escalones-gross-multiproposito-311316/,199999.0,169999.0,1,True
FRA-kit-de-herramientas-daewoo-set-96-pzs-da,Fravega,OTRAS,Herramientas,Kit de Herramientas Daewoo Set 96 Pzs DAHTS96 Tubos c/ Maletín,https://www.fravega.com/p/kit-de-herramientas-daewoo-set-96-pzs-dahts96-tubos-c-maletin-311011/,129999.0,94999.0,1,True
FRA-revestimiento-wall-panel-decorativo-pare,Fravega,OTRAS,Herramientas,"Revestimiento Wall Panel Decorativo Pared Varillado Acanalado Eps Sólido Liston De 290x1,2x12cm Acabado Mate Color BlancoMarca Homeco.",https://www.fravega.com/p/revestimiento-wall-panel-decorativo-pared-varillado-acanalado-eps-solido-liston-de-290x1-2x12cm-acabado-mate-color-blancomarca-homeco--22716870/,17550.16,10416.67,1,True
FRA-griferia-eurogrif-monocomando-cocina-roc,Fravega,OTRAS,Herramientas,Griferia Eurogrif Monocomando Cocina Rociador Flexible Gourmet,https://www.fravega.com/p/griferia-eurogrif-monocomando-cocina-rociador-flexible-gourmet-311354/,59999.0,49999.0,1,True
FRA-escalera-articulada-black-decker-4x4-16-,Fravega,BLACK+DECKER,Herramientas,Escalera Articulada Black+decker 4x4 16 Escalones,https://www.fravega.com/p/escalera-articulada-black-decker-4x4-16-escalones-22605136/,249986.11,199988.89,1,True
FRA-kit-de-herramientas-daewoo-set-108-pzs-d,Fravega,OTRAS,Herramientas,Kit de Herramientas Daewoo Set 108 Pzs DWS108B Llaves Tubo Criquet,https://www.fravega.com/p/kit-de-herramientas-daewoo-set-108-pzs-dws108b-llaves-tubo-criquet-311001/,124999.0,99999.0,1,True
FRA-griferia-cocina-moderna-canilla-monocoma,Fravega,OTRAS,Herramientas,Grifería Cocina Moderna Canilla Monocomando Extensible Negro Mate Waggs,https://www.fravega.com/p/griferia-cocina-moderna-canilla-monocomando-extensible-negro-mate-waggs-22084863/,111986.0,62399.0,1,True
FRA-bomba-de-agua-presurizadoras-daewoo-daep,Fravega,OTRAS,Herramientas,Bomba de Agua Presurizadoras Daewoo DAEPRES100,https://www.fravega.com/p/bomba-de-agua-presurizadoras-daewoo-daepres100-311061/,99999.0,64999.0,1,True
FRA-griferia-bano-canilla-monocomando-recta-,Fravega,OTRAS,Herramientas,Griferia Baño Canilla Monocomando Recta Negra,https://www.fravega.com/p/griferia-bano-canilla-monocomando-recta-negra-990277597/,32249.0,25799.0,1,True
FRA-rotomartillo-stanley-sthr1232k-ar-311124,Fravega,OTRAS,Herramientas,Rotomartillo Stanley STHR1232K-AR,https://www.fravega.com/p/rotomartillo-stanley-sthr1232k-ar-311124/,399999.0,299999.0,1,True
FRA-escalera-plegable-de-acero-3-escalones-b,Fravega,ACER,Herramientas,Escalera Plegable de Acero 3 Escalones Bontella,https://www.fravega.com/p/escalera-plegable-de-acero-3-escalones-bontella-22726527/,89999.0,62999.0,1,True
FRA-pistola-de-pintura-daewoo-hvlp-600ml-dw9,Fravega,OTRAS,Herramientas,Pistola de Pintura Daewoo HVLP 600ml DW9U,https://www.fravega.com/p/pistola-de-pintura-daewoo-hvlp-600ml-dw9u-310771/,69999.0,39999.0,1,True
FRA-compresor-de-aire-portatil-inflador-pote,Fravega,OTRAS,Herramientas,Compresor de Aire Portátil Inflador Potente 150 Psi Waggs,https://www.fravega.com/p/compresor-de-aire-portatil-inflador-potente-150-psi-waggs-22492373/,62986.0,38249.0,1,True
FRA-termofusora-1500w-lusqtoff-ltf-6315-1500,Fravega,OTRAS,Herramientas,Termofusora 1500w Lusqtoff Ltf-6315 1500w Con 12 Accesorios,https://www.fravega.com/p/termofusora-1500w-lusqtoff-ltf-6315-1500w-con-12-accesorios-990139575/,76499.0,69229.86,1,True
FRA-pistola-de-pintura-hvlp-daewoo-1000ml-dw,Fravega,OTRAS,Herramientas,Pistola de Pintura HVLP Daewoo 1000ml DW8A,https://www.fravega.com/p/pistola-de-pintura-hvlp-daewoo-1000ml-dw8a-310744/,69999.0,39999.0,1,True
FRA-flor-ducha-cuadrada-cano-brazo-cromado-a,Fravega,ACER,Herramientas,Flor Ducha Cuadrada + Caño Brazo Cromado Acero Inoxidable,https://www.fravega.com/p/flor-ducha-cuadrada-cano-brazo-cromado-acero-inoxidable-21453607/,26951.63,23000.0,1,True
FRA-mini-motosierra-inalambrica-midow-20v-2-,Fravega,OTRAS,Herramientas,Mini Motosierra Inalámbrica Midow 20V 2 Baterías Poda 15cm,https://www.fravega.com/p/mini-motosierra-inalambrica-midow-20v-2-baterias-poda-15cm-990289257/,73066.0,57299.0,1,True
FRA-generador-portatil-konan-800w-ideal-camp,Fravega,OTRAS,Herramientas,Generador Portátil Konan 800W Ideal Camping y Emergencias,https://www.fravega.com/p/generador-portatil-konan-800w-ideal-camping-y-emergencias-990257871/,303900.0,184799.0,1,True
FRA-hidrolavadora-daewoo-1400w-90-bar-con-au,Fravega,OTRAS,Herramientas,Hidrolavadora Daewoo 1400w 90 Bar con Autostop + Accesorios,https://www.fravega.com/p/hidrolavadora-daewoo-1400w-90-bar-con-autostop-accesorios-311494/,144999.0,99999.0,1,True
FRA-taladro-percutor-inalambrico-goodyear-21,Fravega,OTRAS,Herramientas,Taladro Percutor Inalambrico Goodyear 21v 10mm Fs Azul 50hz,https://www.fravega.com/p/taladro-percutor-inalambrico-goodyear-21v-10mm-fs-azul-50hz-22626889/,73373.67,69705.0,1,True
FRA-set-herramientas-manuales-black--decker-,Fravega,OTRAS,Herramientas,Set Herramientas Manuales Black & Decker 152 Pzs BMT152C-AR,https://www.fravega.com/p/set-herramientas-manuales-black--decker-152-pzs-bmt152c-ar-310584/,99999.0,79999.0,1,True
FRA-maletin-completo-de-245-herramientas-pie,Fravega,OTRAS,Herramientas,Maletin Completo De 245 Herramientas Piezas Pinzas Llaves Naranja,https://www.fravega.com/p/maletin-completo-de-245-herramientas-piezas-pinzas-llaves-naranja-22633907/,386400.0,203439.0,1,True
FRA-amoladora-angular-taladro-percutor-daewo,Fravega,OTRAS,Herramientas,Amoladora Angular + Taladro Percutor Daewoo 750w Combo Pack,https://www.fravega.com/p/amoladora-angular-taladro-percutor-daewoo-750w-combo-pack-311188/,114999.0,109999.0,1,True
FRA-amoladora-angular-black--decker-g720n-ar,Fravega,OTRAS,Herramientas,Amoladora Angular Black & Decker G720N-AR,https://www.fravega.com/p/amoladora-angular-black--decker-g720n-ar-310339/,74999.0,64999.0,1,True
FRA-bordeadora-tramontina-ap1500t-1500w-220v,Fravega,OTRAS,Herramientas,Bordeadora Tramontina AP1500T 1500w 220v Negro y Naranja,https://www.fravega.com/p/bordeadora-tramontina-ap1500t-1500w-220v-negro-y-naranja-311140/,129999.0,104999.0,1,True
FRA-escalera-de-aluminio-4x4-articulada-16-e,Fravega,OTRAS,Herramientas,"Escalera de Aluminio 4x4 Articulada 16 Escalones Garden Life Negra Multipropósito 4,35 mts",https://www.fravega.com/p/escalera-de-aluminio-4x4-articulada-16-escalones-garden-life-negra-multiproposito-4-35-mts-310998/,244999.0,159999.0,1,True
FRA-amoladora-bosch-gws-700-professional-115,Fravega,BOSCH,Herramientas,Amoladora Bosch GWS 700 Professional 115mm 12000 RPM 220v,https://www.fravega.com/p/amoladora-bosch-gws-700-professional-115mm-12000-rpm-220v-310453/,124999.0,84999.0,1,True
FRA-rotomartillo-taladro-percutor-lusqtoff-8,Fravega,OTRAS,Herramientas,Rotomartillo Taladro Percutor Lusqtoff 850W SDS Plus RML850-7,https://www.fravega.com/p/rotomartillo-taladro-percutor-lusqtoff-850w-sds-plus-rml850-7-22631705/,150740.79,84059.0,1,True
FRA-taladro-atornillador-inalambrico-18v-dac,Fravega,OTRAS,Herramientas,Taladro Atornillador Inalámbrico 18v DACD1800V2 + 54 Accesorios Con Maletín,https://www.fravega.com/p/taladro-atornillador-inalambrico-18v-dacd1800v2-54-accesorios-con-maletin-310420/,174999.0,139999.0,1,True
FRA-hidrolavadora-inalambrica-admiral-200w-2,Fravega,OTRAS,Herramientas,Hidrolavadora Inalámbrica Admiral 200w 20v con Accesorios con Batería + Cargador,https://www.fravega.com/p/hidrolavadora-inalambrica-admiral-200w-20v-con-accesorios-con-bateria-cargador-311426/,179999.0,69999.0,1,True
FRA-cortadora-de-cesped-electrica-1000w-blac,Fravega,OTRAS,Herramientas,Cortadora de Césped Eléctrica 1000W Black & Decker GR3050-AR,https://www.fravega.com/p/cortadora-de-cesped-electrica-1000w-black--decker-gr3050-ar-310565/,359999.0,229999.0,1,True
FRA-cortadora-de-cesped-electrica-1600w-blac,Fravega,OTRAS,Herramientas,Cortadora de Césped Eléctrica 1600W Black & Decker GR3850-AR,https://www.fravega.com/p/cortadora-de-cesped-electrica-1600w-black--decker-gr3850-ar-310385/,599999.0,339999.0,1,True
FRA-lijadora-orbital-black--decker-bs200-ar-,Fravega,OTRAS,Herramientas,Lijadora Orbital Black & Decker BS200-AR,https://www.fravega.com/p/lijadora-orbital-black--decker-bs200-ar-310392/,74999.0,59999.0,1,True
FRA-escalera-de-aluminio-4x4-articulada-16-e,Fravega,OTRAS,Herramientas,Escalera de Aluminio 4x4 Articulada 16 Escalones Gross Multipropósito,https://www.fravega.com/p/escalera-de-aluminio-4x4-articulada-16-escalones-gross-multiproposito-311316/,199999.0,169999.0,1,True
FRA-kit-de-herramientas-daewoo-set-96-pzs-da,Fravega,OTRAS,Herramientas,Kit de Herramientas Daewoo Set 96 Pzs DAHTS96 Tubos c/ Maletín,https://www.fravega.com/p/kit-de-herramientas-daewoo-set-96-pzs-dahts96-tubos-c-maletin-311011/,129999.0,94999.0,1,True
FRA-revestimiento-wall-panel-decorativo-pare,Fravega,OTRAS,Herramientas,"Revestimiento Wall Panel Decorativo Pared Varillado Acanalado Eps Sólido Liston De 290x1,2x12cm Acabado Mate Color BlancoMarca Homeco.",https://www.fravega.com/p/revestimiento-wall-panel-decorativo-pared-varillado-acanalado-eps-solido-liston-de-290x1-2x12cm-acabado-mate-color-blancomarca-homeco--22716870/,17550.16,10416.67,1,True
FRA-griferia-eurogrif-monocomando-cocina-roc,Fravega,OTRAS,Herramientas,Griferia Eurogrif Monocomando Cocina Rociador Flexible Gourmet,https://www.fravega.com/p/griferia-eurogrif-monocomando-cocina-rociador-flexible-gourmet-311354/,59999.0,49999.0,1,True
FRA-escalera-articulada-black-decker-4x4-16-,Fravega,BLACK+DECKER,Herramientas,Escalera Articulada Black+decker 4x4 16 Escalones,https://www.fravega.com/p/escalera-articulada-black-decker-4x4-16-escalones-22605136/,249986.11,199988.89,1,True
FRA-kit-de-herramientas-daewoo-set-108-pzs-d,Fravega,OTRAS,Herramientas,Kit de Herramientas Daewoo Set 108 Pzs DWS108B Llaves Tubo Criquet,https://www.fravega.com/p/kit-de-herramientas-daewoo-set-108-pzs-dws108b-llaves-tubo-criquet-311001/,124999.0,99999.0,1,True
FRA-griferia-cocina-moderna-canilla-monocoma,Fravega,OTRAS,Herramientas,Grifería Cocina Moderna Canilla Monocomando Extensible Negro Mate Waggs,https://www.fravega.com/p/griferia-cocina-moderna-canilla-monocomando-extensible-negro-mate-waggs-22084863/,111986.0,62399.0,1,True
FRA-bomba-de-agua-presurizadoras-daewoo-daep,Fravega,OTRAS,Herramientas,Bomba de Agua Presurizadoras Daewoo DAEPRES100,https://www.fravega.com/p/bomba-de-agua-presurizadoras-daewoo-daepres100-311061/,99999.0,64999.0,1,True
FRA-griferia-bano-canilla-monocomando-recta-,Fravega,OTRAS,Herramientas,Griferia Baño Canilla Monocomando Recta Negra,https://www.fravega.com/p/griferia-bano-canilla-monocomando-recta-negra-990277597/,32249.0,25799.0,1,True
FRA-rotomartillo-stanley-sthr1232k-ar-311124,Fravega,OTRAS,Herramientas,Rotomartillo Stanley STHR1232K-AR,https://www.fravega.com/p/rotomartillo-stanley-sthr1232k-ar-311124/,399999.0,299999.0,1,True
FRA-escalera-plegable-de-acero-3-escalones-b,Fravega,ACER,Herramientas,Escalera Plegable de Acero 3 Escalones Bontella,https://www.fravega.com/p/escalera-plegable-de-acero-3-escalones-bontella-22726527/,89999.0,62999.0,1,True
FRA-pistola-de-pintura-daewoo-hvlp-600ml-dw9,Fravega,OTRAS,Herramientas,Pistola de Pintura Daewoo HVLP 600ml DW9U,https://www.fravega.com/p/pistola-de-pintura-daewoo-hvlp-600ml-dw9u-310771/,69999.0,39999.0,1,True
FRA-compresor-de-aire-portatil-inflador-pote,Fravega,OTRAS,Herramientas,Compresor de Aire Portátil Inflador Potente 150 Psi Waggs,https://www.fravega.com/p/compresor-de-aire-portatil-inflador-potente-150-psi-waggs-22492373/,62986.0,38249.0,1,True
FRA-termofusora-1500w-lusqtoff-ltf-6315-1500,Fravega,OTRAS,Herramientas,Termofusora 1500w Lusqtoff Ltf-6315 1500w Con 12 Accesorios,https://www.fravega.com/p/termofusora-1500w-lusqtoff-ltf-6315-1500w-con-12-accesorios-990139575/,76499.0,69229.86,1,True
FRA-pistola-de-pintura-hvlp-daewoo-1000ml-dw,Fravega,OTRAS,Herramientas,Pistola de Pintura HVLP Daewoo 1000ml DW8A,https://www.fravega.com/p/pistola-de-pintura-hvlp-daewoo-1000ml-dw8a-310744/,69999.0,39999.0,1,True
FRA-flor-ducha-cuadrada-cano-brazo-cromado-a,Fravega,ACER,Herramientas,Flor Ducha Cuadrada + Caño Brazo Cromado Acero Inoxidable,https://www.fravega.com/p/flor-ducha-cuadrada-cano-brazo-cromado-acero-inoxidable-21453607/,26951.63,23000.0,1,True
FRA-mini-motosierra-inalambrica-midow-20v-2-,Fravega,OTRAS,Herramientas,Mini Motosierra Inalámbrica Midow 20V 2 Baterías Poda 15cm,https://www.fravega.com/p/mini-motosierra-inalambrica-midow-20v-2-baterias-poda-15cm-990289257/,73066.0,57299.0,1,True
FRA-generador-portatil-konan-800w-ideal-camp,Fravega,OTRAS,Herramientas,Generador Portátil Konan 800W Ideal Camping y Emergencias,https://www.fravega.com/p/generador-portatil-konan-800w-ideal-camping-y-emergencias-990257871/,303900.0,184799.0,1,True
FRA-hidrolavadora-daewoo-1400w-90-bar-con-au,Fravega,OTRAS,Herramientas,Hidrolavadora Daewoo 1400w 90 Bar con Autostop + Accesorios,https://www.fravega.com/p/hidrolavadora-daewoo-1400w-90-bar-con-autostop-accesorios-311494/,144999.0,99999.0,1,True
FRA-taladro-percutor-inalambrico-goodyear-21,Fravega,OTRAS,Herramientas,Taladro Percutor Inalambrico Goodyear 21v 10mm Fs Azul 50hz,https://www.fravega.com/p/taladro-percutor-inalambrico-goodyear-21v-10mm-fs-azul-50hz-22626889/,73373.67,69705.0,1,True
FRA-set-herramientas-manuales-black--decker-,Fravega,OTRAS,Herramientas,Set Herramientas Manuales Black & Decker 152 Pzs BMT152C-AR,https://www.fravega.com/p/set-herramientas-manuales-black--decker-152-pzs-bmt152c-ar-310584/,99999.0,79999.0,1,True
FRA-maletin-completo-de-245-herramientas-pie,Fravega,OTRAS,Herramientas,Maletin Completo De 245 Herramientas Piezas Pinzas Llaves Naranja,https://www.fravega.com/p/maletin-completo-de-245-herramientas-piezas-pinzas-llaves-naranja-22633907/,386400.0,203439.0,1,True
FRA-amoladora-angular-taladro-percutor-daewo,Fravega,OTRAS,Herramientas,Amoladora Angular + Taladro Percutor Daewoo 750w Combo Pack,https://www.fravega.com/p/amoladora-angular-taladro-percutor-daewoo-750w-combo-pack-311188/,114999.0,109999.0,1,True
FRA-amoladora-angular-black--decker-g720n-ar,Fravega,OTRAS,Herramientas,Amoladora Angular Black & Decker G720N-AR,https://www.fravega.com/p/amoladora-angular-black--decker-g720n-ar-310339/,74999.0,64999.0,1,True
FRA-bordeadora-tramontina-ap1500t-1500w-220v,Fravega,OTRAS,Herramientas,Bordeadora Tramontina AP1500T 1500w 220v Negro y Naranja,https://www.fravega.com/p/bordeadora-tramontina-ap1500t-1500w-220v-negro-y-naranja-311140/,129999.0,104999.0,1,True
FRA-escalera-de-aluminio-4x4-articulada-16-e,Fravega,OTRAS,Herramientas,"Escalera de Aluminio 4x4 Articulada 16 Escalones Garden Life Negra Multipropósito 4,35 mts",https://www.fravega.com/p/escalera-de-aluminio-4x4-articulada-16-escalones-garden-life-negra-multiproposito-4-35-mts-310998/,244999.0,159999.0,1,True
FRA-amoladora-bosch-gws-700-professional-115,Fravega,BOSCH,Herramientas,Amoladora Bosch GWS 700 Professional 115mm 12000 RPM 220v,https://www.fravega.com/p/amoladora-bosch-gws-700-professional-115mm-12000-rpm-220v-310453/,124999.0,84999.0,1,True
FRA-rotomartillo-taladro-percutor-lusqtoff-8,Fravega,OTRAS,Herramientas,Rotomartillo Taladro Percutor Lusqtoff 850W SDS Plus RML850-7,https://www.fravega.com/p/rotomartillo-taladro-percutor-lusqtoff-850w-sds-plus-rml850-7-22631705/,150740.79,84059.0,1,True
FRA-taladro-atornillador-inalambrico-18v-dac,Fravega,OTRAS,Herramientas,Taladro Atornillador Inalámbrico 18v DACD1800V2 + 54 Accesorios Con Maletín,https://www.fravega.com/p/taladro-atornillador-inalambrico-18v-dacd1800v2-54-accesorios-con-maletin-310420/,174999.0,139999.0,1,True
FRA-hidrolavadora-inalambrica-admiral-200w-2,Fravega,OTRAS,Herramientas,Hidrolavadora Inalámbrica Admiral 200w 20v con Accesorios con Batería + Cargador,https://www.fravega.com/p/hidrolavadora-inalambrica-admiral-200w-20v-con-accesorios-con-bateria-cargador-311426/,179999.0,69999.0,1,True
FRA-cortadora-de-cesped-electrica-1000w-blac,Fravega,OTRAS,Herramientas,Cortadora de Césped Eléctrica 1000W Black & Decker GR3050-AR,https://www.fravega.com/p/cortadora-de-cesped-electrica-1000w-black--decker-gr3050-ar-310565/,359999.0,229999.0,1,True
FRA-cortadora-de-cesped-electrica-1600w-blac,Fravega,OTRAS,Herramientas,Cortadora de Césped Eléctrica 1600W Black & Decker GR3850-AR,https://www.fravega.com/p/cortadora-de-cesped-electrica-1600w-black--decker-gr3850-ar-310385/,599999.0,339999.0,1,True
FRA-lijadora-orbital-black--decker-bs200-ar-,Fravega,OTRAS,Herramientas,Lijadora Orbital Black & Decker BS200-AR,https://www.fravega.com/p/lijadora-orbital-black--decker-bs200-ar-310392/,74999.0,59999.0,1,True
FRA-parlante-portatil-bluetooth-jbl-go-essen,Fravega,OTRAS,Audio,Parlante Portátil Bluetooth JBL GO Essential Negro,https://www.fravega.com/p/parlante-portatil-bluetooth-jbl-go-essential-negro-401234/,60299.0,48999.0,1,True
FRA-sistema-sonido-philco-94djp41-401509,Fravega,PHILCO,Audio,Sistema Sonido Philco 94DJP41,https://www.fravega.com/p/sistema-sonido-philco-94djp41-401509/,179999.0,79999.0,1,True
FRA-auriculares-jbl-tune-520-negro-595991,Fravega,OTRAS,Audio,Auriculares JBL Tune 520 Negro,https://www.fravega.com/p/auriculares-jbl-tune-520-negro-595991/,101999.0,69999.0,1,True
FRA-sistema-de-audio-noblex-mnx1800-9800-wat,Fravega,NOBLEX,Audio,Sistema de Audio Noblex MNX1800 9800 Watts,https://www.fravega.com/p/sistema-de-audio-noblex-mnx1800-9800-watts-401520/,669999.0,529999.0,1,True
FRA-auricular-xiaomi-redmi-buds-5-pro-midnig,Fravega,XIAOMI,Audio,Auricular Xiaomi Redmi Buds 5 Pro Midnight Black Color Negro,https://www.fravega.com/p/auricular-xiaomi-redmi-buds-5-pro-midnight-black-color-negro-22652382/,137999.0,109999.0,1,True
FRA-sistema-de-audio-noblex-mnt2x-4200-watts,Fravega,NOBLEX,Audio,Sistema de Audio Noblex MNT2X 4200 Watts,https://www.fravega.com/p/sistema-de-audio-noblex-mnt2x-4200-watts-401401/,399999.0,299999.0,1,True
FRA-parlante-portatil-jbl-go-4-red-402040,Fravega,OTRAS,Audio,Parlante Portátil JBL Go 4 Red,https://www.fravega.com/p/parlante-portatil-jbl-go-4-red-402040/,99999.0,89999.0,1,True
FRA-auriculares-inalambricos-sony-wh-ch520-b,Fravega,SONY,Audio,Auriculares Inalámbricos Sony WH-CH520/BZ Negro,https://www.fravega.com/p/auriculares-inalambricos-sony-wh-ch520-bz-negro-596844/,109999.0,98999.0,1,True
FRA-sistema-de-sonido-parlante-philco-tdp215,Fravega,PHILCO,Audio,Sistema de Sonido Parlante Philco TDP215,https://www.fravega.com/p/sistema-de-sonido-parlante-philco-tdp215-401698/,769999.0,499999.0,1,True
FRA-auriculares-con-display-suono-ayv0309-ro,Fravega,OTRAS,Audio,Auriculares con Display Suono AYV0309 Rosa,https://www.fravega.com/p/auriculares-con-display-suono-ayv0309-rosa-596247/,29999.0,19999.0,1,True
FRA-auriculares-xiaomi-redmi-buds-6-play-blu,Fravega,XIAOMI,Audio,Auriculares Xiaomi Redmi Buds 6 Play Bluetooth 5.4 Black Negro,https://www.fravega.com/p/auriculares-xiaomi-redmi-buds-6-play-bluetooth-5-4-black-negro-22624554/,34999.0,27999.0,1,True
FRA-parlante-soundcore-bt-boom-2--401585,Fravega,OTRAS,Audio,Parlante Soundcore BT Boom 2,https://www.fravega.com/p/parlante-soundcore-bt-boom-2--401585/,399999.0,179999.0,1,True
FRA-auriculares-admiral-ad-k6-negro-596363,Fravega,OTRAS,Audio,Auriculares Admiral AD-K6 Negro,https://www.fravega.com/p/auriculares-admiral-ad-k6-negro-596363/,12999.0,6499.0,1,True
FRA-auriculares-motorola-moto-buds-065-tofu-,Fravega,MOTOROLA,Audio,Auriculares Motorola Moto Buds 065 Tofu,https://www.fravega.com/p/auriculares-motorola-moto-buds-065-tofu-596314/,59999.0,39999.0,1,True
FRA-auriculares-inalambricos-tws-soundcore-b,Fravega,OTRAS,Audio,Auriculares Inalámbricos Tws Soundcore By Anker P30i Black Negro,https://www.fravega.com/p/auriculares-inalambricos-tws-soundcore-by-anker-p30i-black-negro-990283264/,53499.0,44214.05,1,True
FRA-sistema-de-audio-philips-tax5309-77-4015,Fravega,PHILIPS,Audio,Sistema de Audio Philips TAX5309/77,https://www.fravega.com/p/sistema-de-audio-philips-tax5309-77-401521/,612019.0,499999.0,1,True
FRA-parlante-portatil-philco-94sph609-401481,Fravega,PHILCO,Audio,Parlante Portátil Philco 94SPH609,https://www.fravega.com/p/parlante-portatil-philco-94sph609-401481/,63999.0,39999.0,1,True
FRA-auriculares-con-display-suono-ayv0309-bl,Fravega,OTRAS,Audio,Auriculares con Display Suono AYV0309 Blanco,https://www.fravega.com/p/auriculares-con-display-suono-ayv0309-blanco-596359/,29999.0,19999.0,1,True
FRA-parlante-soundcore-bt-boom-2-plus-401586,Fravega,OTRAS,Audio,Parlante Soundcore BT Boom 2 Plus,https://www.fravega.com/p/parlante-soundcore-bt-boom-2-plus-401586/,599999.0,364999.0,1,True
FRA-audifonos-inalambricos-xiaomi-redmi-buds,Fravega,XIAOMI,Audio,Audifonos Inalambricos Xiaomi Redmi Buds 6 Play Bt 5.4 Color Sky Blue,https://www.fravega.com/p/audifonos-inalambricos-xiaomi-redmi-buds-6-play-bt-5-4-color-sky-blue-22803217/,34999.0,27999.0,1,True
FRA-torre-de-sonido-noblex-bluetooth-3200w-m,Fravega,NOBLEX,Audio,Torre De Sonido Noblex Bluetooth 3200W MNT290,https://www.fravega.com/p/torre-de-sonido-noblex-bluetooth-3200w-mnt290-20057821/,255199.0,178999.0,1,True
FRA-torre-de-sonido-portatil-jvc-4800w-con-m,Fravega,OTRAS,Audio,Torre de Sonido Portátil JVC 4800W Con Micrófono XS-LA5214PB,https://www.fravega.com/p/torre-de-sonido-portatil-jvc-4800w-con-microfono-xs-la5214pb-990199687/,345399.0,219999.01,1,True
FRA-auriculares-admiral-ad-f9-negro-596383,Fravega,OTRAS,Audio,Auriculares Admiral AD-F9 Negro,https://www.fravega.com/p/auriculares-admiral-ad-f9-negro-596383/,12999.0,6499.0,1,True
FRA-auriculares-inalambricos-aiwa-twa-100-ne,Fravega,OTRAS,Audio,Auriculares Inalámbricos Aiwa TWA-100 Negro,https://www.fravega.com/p/auriculares-inalambricos-aiwa-twa-100-negro-596089/,44999.0,12999.0,1,True
FRA-auricular-aiwa-twa-80b-blanco-595837,Fravega,OTRAS,Audio,Auricular Aiwa TWA-80B Blanco,https://www.fravega.com/p/auricular-aiwa-twa-80b-blanco-595837/,29999.0,10999.0,1,True
FRA-auriculares-admiral-ad-m90-negro-596931,Fravega,OTRAS,Audio,Auriculares Admiral AD-M90 Negro,https://www.fravega.com/p/auriculares-admiral-ad-m90-negro-596931/,15999.0,6499.0,1,True
FRA-auriculares-panacom-bluetooth-hpb14320-5,Fravega,HP,Audio,Auriculares Panacom Bluetooth HPB14320,https://www.fravega.com/p/auriculares-panacom-bluetooth-hpb14320-597227/,39999.0,19999.0,1,True
FRA-auriculares-ear-noblex-hp05-negro-595665,Fravega,NOBLEX,Audio,Auriculares In Ear Noblex HP05 Negro,https://www.fravega.com/p/auriculares-ear-noblex-hp05-negro-595665/,6999.0,4999.0,1,True
FRA-auriculares-inalambricos-proline-rosa-bl,Fravega,OTRAS,Audio,Auriculares Inalámbricos Proline Rosa Bluetooth PLA5,https://www.fravega.com/p/auriculares-inalambricos-proline-rosa-bluetooth-pla5-990153003/,28599.0,6999.0,1,True
FRA-auriculares-inalambricos-motorola-buds-0,Fravega,MOTOROLA,Audio,Auriculares Inalámbricos Motorola Buds 065 Negro,https://www.fravega.com/p/auriculares-inalambricos-motorola-buds-065-negro-596464/,59999.0,39999.0,1,True
FRA-torre-de-sonido-aiwa-aw-t381-7000-watts-,Fravega,OTRAS,Audio,Torre de Sonido Aiwa AW-T381 7000 Watts + Micrófono,https://www.fravega.com/p/torre-de-sonido-aiwa-aw-t381-7000-watts-microfono-401702/,249999.0,159999.0,1,True
FRA-auriculares-xiaomi-redmi-buds-6-play-blu,Fravega,XIAOMI,Audio,Auriculares Xiaomi Redmi Buds 6 Play Bluetooth 5.4 White,https://www.fravega.com/p/auriculares-xiaomi-redmi-buds-6-play-bluetooth-5-4-white-22624553/,34999.0,27999.0,1,True
FRA-parlante-portatil-bluetooth-jbl-go-essen,Fravega,OTRAS,Audio,Parlante Portátil Bluetooth JBL GO Essential Negro,https://www.fravega.com/p/parlante-portatil-bluetooth-jbl-go-essential-negro-401234/,60299.0,48999.0,1,True
FRA-sistema-sonido-philco-94djp41-401509,Fravega,PHILCO,Audio,Sistema Sonido Philco 94DJP41,https://www.fravega.com/p/sistema-sonido-philco-94djp41-401509/,179999.0,79999.0,1,True
FRA-auriculares-jbl-tune-520-negro-595991,Fravega,OTRAS,Audio,Auriculares JBL Tune 520 Negro,https://www.fravega.com/p/auriculares-jbl-tune-520-negro-595991/,101999.0,69999.0,1,True
FRA-sistema-de-audio-noblex-mnx1800-9800-wat,Fravega,NOBLEX,Audio,Sistema de Audio Noblex MNX1800 9800 Watts,https://www.fravega.com/p/sistema-de-audio-noblex-mnx1800-9800-watts-401520/,669999.0,529999.0,1,True
FRA-auricular-xiaomi-redmi-buds-5-pro-midnig,Fravega,XIAOMI,Audio,Auricular Xiaomi Redmi Buds 5 Pro Midnight Black Color Negro,https://www.fravega.com/p/auricular-xiaomi-redmi-buds-5-pro-midnight-black-color-negro-22652382/,137999.0,109999.0,1,True
FRA-sistema-de-audio-noblex-mnt2x-4200-watts,Fravega,NOBLEX,Audio,Sistema de Audio Noblex MNT2X 4200 Watts,https://www.fravega.com/p/sistema-de-audio-noblex-mnt2x-4200-watts-401401/,399999.0,299999.0,1,True
FRA-parlante-portatil-jbl-go-4-red-402040,Fravega,OTRAS,Audio,Parlante Portátil JBL Go 4 Red,https://www.fravega.com/p/parlante-portatil-jbl-go-4-red-402040/,99999.0,89999.0,1,True
FRA-auriculares-inalambricos-sony-wh-ch520-b,Fravega,SONY,Audio,Auriculares Inalámbricos Sony WH-CH520/BZ Negro,https://www.fravega.com/p/auriculares-inalambricos-sony-wh-ch520-bz-negro-596844/,109999.0,98999.0,1,True
FRA-sistema-de-sonido-parlante-philco-tdp215,Fravega,PHILCO,Audio,Sistema de Sonido Parlante Philco TDP215,https://www.fravega.com/p/sistema-de-sonido-parlante-philco-tdp215-401698/,769999.0,499999.0,1,True
FRA-auriculares-con-display-suono-ayv0309-ro,Fravega,OTRAS,Audio,Auriculares con Display Suono AYV0309 Rosa,https://www.fravega.com/p/auriculares-con-display-suono-ayv0309-rosa-596247/,29999.0,19999.0,1,True
FRA-auriculares-xiaomi-redmi-buds-6-play-blu,Fravega,XIAOMI,Audio,Auriculares Xiaomi Redmi Buds 6 Play Bluetooth 5.4 Black Negro,https://www.fravega.com/p/auriculares-xiaomi-redmi-buds-6-play-bluetooth-5-4-black-negro-22624554/,34999.0,27999.0,1,True
FRA-parlante-soundcore-bt-boom-2--401585,Fravega,OTRAS,Audio,Parlante Soundcore BT Boom 2,https://www.fravega.com/p/parlante-soundcore-bt-boom-2--401585/,399999.0,179999.0,1,True
FRA-auriculares-admiral-ad-k6-negro-596363,Fravega,OTRAS,Audio,Auriculares Admiral AD-K6 Negro,https://www.fravega.com/p/auriculares-admiral-ad-k6-negro-596363/,12999.0,6499.0,1,True
FRA-auriculares-motorola-moto-buds-065-tofu-,Fravega,MOTOROLA,Audio,Auriculares Motorola Moto Buds 065 Tofu,https://www.fravega.com/p/auriculares-motorola-moto-buds-065-tofu-596314/,59999.0,39999.0,1,True
FRA-auriculares-inalambricos-tws-soundcore-b,Fravega,OTRAS,Audio,Auriculares Inalámbricos Tws Soundcore By Anker P30i Black Negro,https://www.fravega.com/p/auriculares-inalambricos-tws-soundcore-by-anker-p30i-black-negro-990283264/,53499.0,44214.05,1,True
FRA-sistema-de-audio-philips-tax5309-77-4015,Fravega,PHILIPS,Audio,Sistema de Audio Philips TAX5309/77,https://www.fravega.com/p/sistema-de-audio-philips-tax5309-77-401521/,612019.0,499999.0,1,True
FRA-parlante-portatil-philco-94sph609-401481,Fravega,PHILCO,Audio,Parlante Portátil Philco 94SPH609,https://www.fravega.com/p/parlante-portatil-philco-94sph609-401481/,63999.0,39999.0,1,True
FRA-auriculares-con-display-suono-ayv0309-bl,Fravega,OTRAS,Audio,Auriculares con Display Suono AYV0309 Blanco,https://www.fravega.com/p/auriculares-con-display-suono-ayv0309-blanco-596359/,29999.0,19999.0,1,True
FRA-parlante-soundcore-bt-boom-2-plus-401586,Fravega,OTRAS,Audio,Parlante Soundcore BT Boom 2 Plus,https://www.fravega.com/p/parlante-soundcore-bt-boom-2-plus-401586/,599999.0,364999.0,1,True
FRA-audifonos-inalambricos-xiaomi-redmi-buds,Fravega,XIAOMI,Audio,Audifonos Inalambricos Xiaomi Redmi Buds 6 Play Bt 5.4 Color Sky Blue,https://www.fravega.com/p/audifonos-inalambricos-xiaomi-redmi-buds-6-play-bt-5-4-color-sky-blue-22803217/,34999.0,27999.0,1,True
FRA-parlante-portatil-jbl-go-4-blue-401725,Fravega,OTRAS,Audio,Parlante Portátil JBL Go 4 Blue,https://www.fravega.com/p/parlante-portatil-jbl-go-4-blue-401725/,104999.0,86776.03,1,True
FRA-auriculares-bluetooth-jbl-tune-flex-2-ne,Fravega,OTRAS,Audio,Auriculares Bluetooth JBL Tune Flex 2 negros,https://www.fravega.com/p/auriculares-bluetooth-jbl-tune-flex-2-negros-597003/,214999.0,177685.12,1,True
FRA-auriculares-ear-jbl-c50hi-cable-auxiliar,Fravega,OTRAS,Audio,Auriculares In-Ear JBL C50HI Cable Auxiliar 3.5mm Con Microfono,https://www.fravega.com/p/auriculares-ear-jbl-c50hi-cable-auxiliar-3-5mm-con-microfono-990285956/,10601.0,9540.9,1,True
FRA-auriculares-inalambricos-sony-wf-c510-bz,Fravega,SONY,Audio,Auriculares Inalámbricos Sony WF-C510/BZ Negro,https://www.fravega.com/p/auriculares-inalambricos-sony-wf-c510-bz-negro-596855/,139999.0,99999.0,1,True
FRA-auriculares-soundcore-space-one-negro--5,Fravega,OTRAS,Audio,Auriculares Soundcore Space One Negro,https://www.fravega.com/p/auriculares-soundcore-space-one-negro--596476/,195999.0,179999.0,1,True
FRA-auriculares-jbl-wave-flex-tws-negro-5959,Fravega,OTRAS,Audio,Auriculares JBL Wave Flex TWS Negro,https://www.fravega.com/p/auriculares-jbl-wave-flex-tws-negro-595988/,129999.0,107437.19,1,True
FRA-auricular-jbl-tune-flex-tws-blanco-59605,Fravega,OTRAS,Audio,Auricular JBL Tune Flex TWS Blanco,https://www.fravega.com/p/auricular-jbl-tune-flex-tws-blanco-596055/,184999.0,129999.0,1,True
FRA-auriculares-jbl-quantum-100m2-negro-3425,Fravega,OTRAS,Audio,Auriculares JBL Quantum 100M2 Negro,https://www.fravega.com/p/auriculares-jbl-quantum-100m2-negro-342520/,89999.0,74379.34,1,True
FRA-parlante-portatil-bluetooth-jbl-go-essen,Fravega,OTRAS,Audio,Parlante Portátil Bluetooth JBL GO Essential Negro,https://www.fravega.com/p/parlante-portatil-bluetooth-jbl-go-essential-negro-401234/,60299.0,48999.0,1,True
FRA-sistema-sonido-philco-94djp41-401509,Fravega,PHILCO,Audio,Sistema Sonido Philco 94DJP41,https://www.fravega.com/p/sistema-sonido-philco-94djp41-401509/,179999.0,79999.0,1,True
FRA-auriculares-jbl-tune-520-negro-595991,Fravega,OTRAS,Audio,Auriculares JBL Tune 520 Negro,https://www.fravega.com/p/auriculares-jbl-tune-520-negro-595991/,101999.0,69999.0,1,True
FRA-sistema-de-audio-noblex-mnx1800-9800-wat,Fravega,NOBLEX,Audio,Sistema de Audio Noblex MNX1800 9800 Watts,https://www.fravega.com/p/sistema-de-audio-noblex-mnx1800-9800-watts-401520/,669999.0,529999.0,1,True
FRA-auricular-xiaomi-redmi-buds-5-pro-midnig,Fravega,XIAOMI,Audio,Auricular Xiaomi Redmi Buds 5 Pro Midnight Black Color Negro,https://www.fravega.com/p/auricular-xiaomi-redmi-buds-5-pro-midnight-black-color-negro-22652382/,137999.0,109999.0,1,True
FRA-sistema-de-audio-noblex-mnt2x-4200-watts,Fravega,NOBLEX,Audio,Sistema de Audio Noblex MNT2X 4200 Watts,https://www.fravega.com/p/sistema-de-audio-noblex-mnt2x-4200-watts-401401/,399999.0,299999.0,1,True
FRA-parlante-portatil-jbl-go-4-red-402040,Fravega,OTRAS,Audio,Parlante Portátil JBL Go 4 Red,https://www.fravega.com/p/parlante-portatil-jbl-go-4-red-402040/,99999.0,89999.0,1,True
FRA-auriculares-inalambricos-sony-wh-ch520-b,Fravega,SONY,Audio,Auriculares Inalámbricos Sony WH-CH520/BZ Negro,https://www.fravega.com/p/auriculares-inalambricos-sony-wh-ch520-bz-negro-596844/,109999.0,98999.0,1,True
FRA-sistema-de-sonido-parlante-philco-tdp215,Fravega,PHILCO,Audio,Sistema de Sonido Parlante Philco TDP215,https://www.fravega.com/p/sistema-de-sonido-parlante-philco-tdp215-401698/,769999.0,499999.0,1,True
FRA-auriculares-con-display-suono-ayv0309-ro,Fravega,OTRAS,Audio,Auriculares con Display Suono AYV0309 Rosa,https://www.fravega.com/p/auriculares-con-display-suono-ayv0309-rosa-596247/,29999.0,19999.0,1,True
FRA-auriculares-xiaomi-redmi-buds-6-play-blu,Fravega,XIAOMI,Audio,Auriculares Xiaomi Redmi Buds 6 Play Bluetooth 5.4 Black Negro,https://www.fravega.com/p/auriculares-xiaomi-redmi-buds-6-play-bluetooth-5-4-black-negro-22624554/,34999.0,27999.0,1,True
FRA-parlante-soundcore-bt-boom-2--401585,Fravega,OTRAS,Audio,Parlante Soundcore BT Boom 2,https://www.fravega.com/p/parlante-soundcore-bt-boom-2--401585/,399999.0,179999.0,1,True
FRA-auriculares-admiral-ad-k6-negro-596363,Fravega,OTRAS,Audio,Auriculares Admiral AD-K6 Negro,https://www.fravega.com/p/auriculares-admiral-ad-k6-negro-596363/,12999.0,6499.0,1,True
FRA-auriculares-motorola-moto-buds-065-tofu-,Fravega,MOTOROLA,Audio,Auriculares Motorola Moto Buds 065 Tofu,https://www.fravega.com/p/auriculares-motorola-moto-buds-065-tofu-596314/,59999.0,39999.0,1,True
FRA-auriculares-inalambricos-tws-soundcore-b,Fravega,OTRAS,Audio,Auriculares Inalámbricos Tws Soundcore By Anker P30i Black Negro,https://www.fravega.com/p/auriculares-inalambricos-tws-soundcore-by-anker-p30i-black-negro-990283264/,53499.0,44214.05,1,True
FRA-sistema-de-audio-philips-tax5309-77-4015,Fravega,PHILIPS,Audio,Sistema de Audio Philips TAX5309/77,https://www.fravega.com/p/sistema-de-audio-philips-tax5309-77-401521/,612019.0,499999.0,1,True
FRA-parlante-portatil-philco-94sph609-401481,Fravega,PHILCO,Audio,Parlante Portátil Philco 94SPH609,https://www.fravega.com/p/parlante-portatil-philco-94sph609-401481/,63999.0,39999.0,1,True
FRA-auriculares-con-display-suono-ayv0309-bl,Fravega,OTRAS,Audio,Auriculares con Display Suono AYV0309 Blanco,https://www.fravega.com/p/auriculares-con-display-suono-ayv0309-blanco-596359/,29999.0,19999.0,1,True
FRA-parlante-soundcore-bt-boom-2-plus-401586,Fravega,OTRAS,Audio,Parlante Soundcore BT Boom 2 Plus,https://www.fravega.com/p/parlante-soundcore-bt-boom-2-plus-401586/,599999.0,364999.0,1,True
FRA-audifonos-inalambricos-xiaomi-redmi-buds,Fravega,XIAOMI,Audio,Audifonos Inalambricos Xiaomi Redmi Buds 6 Play Bt 5.4 Color Sky Blue,https://www.fravega.com/p/audifonos-inalambricos-xiaomi-redmi-buds-6-play-bt-5-4-color-sky-blue-22803217/,34999.0,27999.0,1,True
FRA-parlante-bluetooth-noblex-psb1000p-45w-p,Fravega,NOBLEX,Audio,Parlante Bluetooth Noblex Psb1000p 45w Portátil Tws,https://www.fravega.com/p/parlante-bluetooth-noblex-psb1000p-45w-portatil-tws-20066707/,134199.0,95999.0,1,True
FRA-auriculares-bluetooth-jbl-tune-buds-2-ne,Fravega,OTRAS,Audio,Auriculares Bluetooth JBL Tune Buds 2 Negros,https://www.fravega.com/p/auriculares-bluetooth-jbl-tune-buds-2-negros-596991/,199999.0,165288.43,1,True
FRA-radioreloj-noblex-rj-960-negro-50030160,Fravega,NOBLEX,Audio,Radioreloj Noblex RJ 960 Negro,https://www.fravega.com/p/radioreloj-noblex-rj-960-negro-50030160/,37399.0,23999.0,1,True
FRA-auriculares-philips-tae2146bk-00-596766,Fravega,PHILIPS,Audio,Auriculares Philips TAE2146BK/00,https://www.fravega.com/p/auriculares-philips-tae2146bk-00-596766/,14999.0,11999.0,1,True
FRA-torre-de-sonido-portatil-jvc-4800w-con-m,Fravega,OTRAS,Audio,Torre de Sonido Portátil JVC 4800W Con Micrófono XS-LA5214PB,https://www.fravega.com/p/torre-de-sonido-portatil-jvc-4800w-con-microfono-xs-la5214pb-990199687/,345399.0,219999.01,1,True
FRA-barra-de-sonido-gadnic-bs1000-bluetooth-,Fravega,OTRAS,Audio,Barra de Sonido Gadnic BS1000 Bluetooth 2en1 Aux USB Optical 80w,https://www.fravega.com/p/barra-de-sonido-gadnic-bs1000-bluetooth-2en1-aux-usb-optical-80w--20057941/,300884.0,231449.01,1,True
FRA-auriculares-jbl-tune-720bt-white-596864,Fravega,OTRAS,Audio,Auriculares JBL Tune 720BT White,https://www.fravega.com/p/auriculares-jbl-tune-720bt-white-596864/,132999.0,109916.53,1,True
FRA-torre-de-sonido-philips-bluetooth-tax220,Fravega,PHILIPS,Audio,Torre de sonido Philips Bluetooth TAX2208/00,https://www.fravega.com/p/torre-de-sonido-philips-bluetooth-tax2208-00-401465/,118429.0,97875.21,1,True
FRA-parlante-portatil-jbl-clip-5-black-40145,Fravega,OTRAS,Audio,Parlante Portátil JBL Clip 5 Black,https://www.fravega.com/p/parlante-portatil-jbl-clip-5-black-401453/,129999.0,107437.19,1,True
FRA-parlante-soundcore-rave-3s-200w-karaoke-,Fravega,OTRAS,Audio,Parlante Soundcore Rave 3S 200W Karaoke con Inteligencia Artificial + 2 Micrófonos Inalámbricos,https://www.fravega.com/p/parlante-soundcore-rave-3s-200w-karaoke-con-inteligencia-artificial-2-microfonos-inalambricos-401587/,899999.0,499999.0,1,True
FRA-auriculares-bt-noblex-94hp350btw-white-5,Fravega,NOBLEX,Audio,Auriculares BT Noblex 94HP350BTW White,https://www.fravega.com/p/auriculares-bt-noblex-94hp350btw-white-596221/,55999.0,46280.17,1,True
FRA-auriculares-ear-jbl-c50hi-cable-auxiliar,Fravega,OTRAS,Audio,Auriculares In-Ear JBL C50HI Cable Auxiliar 3.5mm Con Microfono,https://www.fravega.com/p/auriculares-ear-jbl-c50hi-cable-auxiliar-3-5mm-con-microfono-990285959/,10601.0,9540.9,1,True
FRA-auriculares-bluetooth-gadnic-ear-sh9-run,Fravega,OTRAS,Audio,Auriculares Bluetooth Gadnic In-ear SH9 Running Deportivos Aire Libre,https://www.fravega.com/p/auriculares-bluetooth-gadnic-ear-sh9-running-deportivos-aire-libre-20048601/,54989.0,42299.0,1,True
FRA-auriculares-inalambricos-sony-wh-ch520-c,Fravega,SONY,Audio,Auriculares Inalámbricos Sony WH-CH520/CZ Beige,https://www.fravega.com/p/auriculares-inalambricos-sony-wh-ch520-cz-beige-596833/,109999.0,98999.0,1,True
FRA-parlante-portatil-bluetooth-jbl-go-essen,Fravega,OTRAS,Audio,Parlante Portátil Bluetooth JBL GO Essential Negro,https://www.fravega.com/p/parlante-portatil-bluetooth-jbl-go-essential-negro-401234/,60299.0,48999.0,1,True
FRA-sistema-sonido-philco-94djp41-401509,Fravega,PHILCO,Audio,Sistema Sonido Philco 94DJP41,https://www.fravega.com/p/sistema-sonido-philco-94djp41-401509/,179999.0,79999.0,1,True
FRA-auriculares-jbl-tune-520-negro-595991,Fravega,OTRAS,Audio,Auriculares JBL Tune 520 Negro,https://www.fravega.com/p/auriculares-jbl-tune-520-negro-595991/,101999.0,69999.0,1,True
FRA-sistema-de-audio-noblex-mnx1800-9800-wat,Fravega,NOBLEX,Audio,Sistema de Audio Noblex MNX1800 9800 Watts,https://www.fravega.com/p/sistema-de-audio-noblex-mnx1800-9800-watts-401520/,669999.0,529999.0,1,True
FRA-auricular-xiaomi-redmi-buds-5-pro-midnig,Fravega,XIAOMI,Audio,Auricular Xiaomi Redmi Buds 5 Pro Midnight Black Color Negro,https://www.fravega.com/p/auricular-xiaomi-redmi-buds-5-pro-midnight-black-color-negro-22652382/,137999.0,109999.0,1,True
FRA-sistema-de-audio-noblex-mnt2x-4200-watts,Fravega,NOBLEX,Audio,Sistema de Audio Noblex MNT2X 4200 Watts,https://www.fravega.com/p/sistema-de-audio-noblex-mnt2x-4200-watts-401401/,399999.0,299999.0,1,True
FRA-parlante-portatil-jbl-go-4-red-402040,Fravega,OTRAS,Audio,Parlante Portátil JBL Go 4 Red,https://www.fravega.com/p/parlante-portatil-jbl-go-4-red-402040/,99999.0,89999.0,1,True
FRA-auriculares-inalambricos-sony-wh-ch520-b,Fravega,SONY,Audio,Auriculares Inalámbricos Sony WH-CH520/BZ Negro,https://www.fravega.com/p/auriculares-inalambricos-sony-wh-ch520-bz-negro-596844/,109999.0,98999.0,1,True
FRA-sistema-de-sonido-parlante-philco-tdp215,Fravega,PHILCO,Audio,Sistema de Sonido Parlante Philco TDP215,https://www.fravega.com/p/sistema-de-sonido-parlante-philco-tdp215-401698/,769999.0,499999.0,1,True
FRA-auriculares-con-display-suono-ayv0309-ro,Fravega,OTRAS,Audio,Auriculares con Display Suono AYV0309 Rosa,https://www.fravega.com/p/auriculares-con-display-suono-ayv0309-rosa-596247/,29999.0,19999.0,1,True
FRA-auriculares-xiaomi-redmi-buds-6-play-blu,Fravega,XIAOMI,Audio,Auriculares Xiaomi Redmi Buds 6 Play Bluetooth 5.4 Black Negro,https://www.fravega.com/p/auriculares-xiaomi-redmi-buds-6-play-bluetooth-5-4-black-negro-22624554/,34999.0,27999.0,1,True
FRA-parlante-soundcore-bt-boom-2--401585,Fravega,OTRAS,Audio,Parlante Soundcore BT Boom 2,https://www.fravega.com/p/parlante-soundcore-bt-boom-2--401585/,399999.0,179999.0,1,True
FRA-auriculares-admiral-ad-k6-negro-596363,Fravega,OTRAS,Audio,Auriculares Admiral AD-K6 Negro,https://www.fravega.com/p/auriculares-admiral-ad-k6-negro-596363/,12999.0,6499.0,1,True
FRA-auriculares-motorola-moto-buds-065-tofu-,Fravega,MOTOROLA,Audio,Auriculares Motorola Moto Buds 065 Tofu,https://www.fravega.com/p/auriculares-motorola-moto-buds-065-tofu-596314/,59999.0,39999.0,1,True
FRA-auriculares-inalambricos-tws-soundcore-b,Fravega,OTRAS,Audio,Auriculares Inalámbricos Tws Soundcore By Anker P30i Black Negro,https://www.fravega.com/p/auriculares-inalambricos-tws-soundcore-by-anker-p30i-black-negro-990283264/,53499.0,44214.05,1,True
FRA-sistema-de-audio-philips-tax5309-77-4015,Fravega,PHILIPS,Audio,Sistema de Audio Philips TAX5309/77,https://www.fravega.com/p/sistema-de-audio-philips-tax5309-77-401521/,612019.0,499999.0,1,True
FRA-parlante-portatil-philco-94sph609-401481,Fravega,PHILCO,Audio,Parlante Portátil Philco 94SPH609,https://www.fravega.com/p/parlante-portatil-philco-94sph609-401481/,63999.0,39999.0,1,True
FRA-auriculares-con-display-suono-ayv0309-bl,Fravega,OTRAS,Audio,Auriculares con Display Suono AYV0309 Blanco,https://www.fravega.com/p/auriculares-con-display-suono-ayv0309-blanco-596359/,29999.0,19999.0,1,True
FRA-parlante-soundcore-bt-boom-2-plus-401586,Fravega,OTRAS,Audio,Parlante Soundcore BT Boom 2 Plus,https://www.fravega.com/p/parlante-soundcore-bt-boom-2-plus-401586/,599999.0,364999.0,1,True
FRA-audifonos-inalambricos-xiaomi-redmi-buds,Fravega,XIAOMI,Audio,Audifonos Inalambricos Xiaomi Redmi Buds 6 Play Bt 5.4 Color Sky Blue,https://www.fravega.com/p/audifonos-inalambricos-xiaomi-redmi-buds-6-play-bt-5-4-color-sky-blue-22803217/,34999.0,27999.0,1,True
FRA-parlante-portatil-bluetooth-jbl-charge-6,Fravega,OTRAS,Audio,Parlante Portátil Bluetooth JBL Charge 6 Red,https://www.fravega.com/p/parlante-portatil-bluetooth-jbl-charge-6-red-401737/,429999.0,399999.0,1,True
FRA-auriculares-motorola-ear-earbuds-105-con,Fravega,MOTOROLA,Audio,Auriculares Motorola In-ear Earbuds 105 Con Microfono 1.5m,https://www.fravega.com/p/auriculares-motorola-ear-earbuds-105-con-microfono-1-5m-22652678/,7999.0,5699.0,1,True
FRA-auriculares-sony-wi-c100-bz-negro-596231,Fravega,SONY,Audio,Auriculares Sony WI-C100/BZ Negro,https://www.fravega.com/p/auriculares-sony-wi-c100-bz-negro-596231/,69999.0,62999.0,1,True
FRA-auriculares-inalambricos-noblex-hp350bt-,Fravega,NOBLEX,Audio,Auriculares Inalámbricos Noblex Hp350bt Bluetooth 5.0,https://www.fravega.com/p/auriculares-inalambricos-noblex-hp350bt-bluetooth-5-0-21203098/,62499.0,44999.0,1,True
FRA-microfono-inalambrico-corbatero-alta-cal,Fravega,OTRAS,Audio,Micrófono Inalámbrico Corbatero Alta Calidad de Sonido Waggs,https://www.fravega.com/p/microfono-inalambrico-corbatero-alta-calidad-de-sonido-waggs-22086887/,15386.0,12089.0,1,True
FRA-microfono-profesional-corbatero-noax-ina,Fravega,OTRAS,Audio,Micrófono Profesional Corbatero Noax Inalámbrico Type-c 2en1,https://www.fravega.com/p/microfono-profesional-corbatero-noax-inalambrico-type-c-2en1-22330432/,19799.0,17199.0,1,True
FRA-auriculares-xiaomi-redmi-buds-8-active-b,Fravega,XIAOMI,Audio,Auriculares Xiaomi Redmi Buds 8 Active Bluetooth Negro,https://www.fravega.com/p/auriculares-xiaomi-redmi-buds-8-active-bluetooth-negro-22802876/,59999.0,47999.0,1,True
FRA-parlante-portatil-lg-xboom-stage301-120w,Fravega,LG,Audio,Parlante Portátil LG XBOOM STAGE301 120W,https://www.fravega.com/p/parlante-portatil-lg-xboom-stage301-120w-401397/,899999.0,499999.0,1,True
FRA-auricular-con-vincha-aiwa-aw-avb602n-597,Fravega,OTRAS,Audio,Auricular con Vincha Aiwa AW-AVB602N,https://www.fravega.com/p/auricular-con-vincha-aiwa-aw-avb602n-597402/,71099.0,59999.0,1,True
FRA-sistema-de-sonido-philco-94tpl4500-negro,Fravega,PHILCO,Audio,Sistema de Sonido Philco 94TPL4500 Negro,https://www.fravega.com/p/sistema-de-sonido-philco-94tpl4500-negro-401371/,405999.0,329999.0,1,True
FRA-barra-de-sonido-tv-soundbar-jbl-psb-1-st,Fravega,OTRAS,Audio,Barra de Sonido TV Soundbar JBL PSB-1 Stereo 20W RMS 2 Tweeters y 4 Woofers,https://www.fravega.com/p/barra-de-sonido-tv-soundbar-jbl-psb-1-stereo-20w-rms-2-tweeters-y-4-woofers-21191641/,499999.0,324999.0,1,True
FRA-radio-portatil-bt-gadnic-inalambrica-amf,Fravega,OTRAS,Audio,Radio Portatil BT GADNIC Inalámbrica AMFM Recargable Con Luz,https://www.fravega.com/p/radio-portatil-bt-gadnic-inalambrica-amfm-recargable-con-luz-990195138/,58564.0,45049.0,1,True
FRA-auriculares-ear-gamer-kz-castor-bass-ver,Fravega,OTRAS,Audio,Auriculares In-ear Gamer Kz Castor Bass Version Con Switch De Afinacion - Con Microfono - 2 Drivers Por Lados,https://www.fravega.com/p/auriculares-ear-gamer-kz-castor-bass-version-con-switch-de-afinacion-con-microfono-2-drivers-por-lados-22464564/,62999.0,35990.0,1,True
FRA-parlante-portatil-bluetooth-jbl-go-essen,Fravega,OTRAS,Audio,Parlante Portátil Bluetooth JBL GO Essential Negro,https://www.fravega.com/p/parlante-portatil-bluetooth-jbl-go-essential-negro-401234/,60299.0,48999.0,1,True
FRA-sistema-sonido-philco-94djp41-401509,Fravega,PHILCO,Audio,Sistema Sonido Philco 94DJP41,https://www.fravega.com/p/sistema-sonido-philco-94djp41-401509/,179999.0,79999.0,1,True
FRA-auriculares-jbl-tune-520-negro-595991,Fravega,OTRAS,Audio,Auriculares JBL Tune 520 Negro,https://www.fravega.com/p/auriculares-jbl-tune-520-negro-595991/,101999.0,69999.0,1,True
FRA-sistema-de-audio-noblex-mnx1800-9800-wat,Fravega,NOBLEX,Audio,Sistema de Audio Noblex MNX1800 9800 Watts,https://www.fravega.com/p/sistema-de-audio-noblex-mnx1800-9800-watts-401520/,669999.0,529999.0,1,True
FRA-auricular-xiaomi-redmi-buds-5-pro-midnig,Fravega,XIAOMI,Audio,Auricular Xiaomi Redmi Buds 5 Pro Midnight Black Color Negro,https://www.fravega.com/p/auricular-xiaomi-redmi-buds-5-pro-midnight-black-color-negro-22652382/,137999.0,109999.0,1,True
FRA-sistema-de-audio-noblex-mnt2x-4200-watts,Fravega,NOBLEX,Audio,Sistema de Audio Noblex MNT2X 4200 Watts,https://www.fravega.com/p/sistema-de-audio-noblex-mnt2x-4200-watts-401401/,399999.0,299999.0,1,True
FRA-parlante-portatil-jbl-go-4-red-402040,Fravega,OTRAS,Audio,Parlante Portátil JBL Go 4 Red,https://www.fravega.com/p/parlante-portatil-jbl-go-4-red-402040/,99999.0,89999.0,1,True
FRA-auriculares-inalambricos-sony-wh-ch520-b,Fravega,SONY,Audio,Auriculares Inalámbricos Sony WH-CH520/BZ Negro,https://www.fravega.com/p/auriculares-inalambricos-sony-wh-ch520-bz-negro-596844/,109999.0,98999.0,1,True
FRA-sistema-de-sonido-parlante-philco-tdp215,Fravega,PHILCO,Audio,Sistema de Sonido Parlante Philco TDP215,https://www.fravega.com/p/sistema-de-sonido-parlante-philco-tdp215-401698/,769999.0,499999.0,1,True
FRA-auriculares-con-display-suono-ayv0309-ro,Fravega,OTRAS,Audio,Auriculares con Display Suono AYV0309 Rosa,https://www.fravega.com/p/auriculares-con-display-suono-ayv0309-rosa-596247/,29999.0,19999.0,1,True
FRA-auriculares-xiaomi-redmi-buds-6-play-blu,Fravega,XIAOMI,Audio,Auriculares Xiaomi Redmi Buds 6 Play Bluetooth 5.4 Black Negro,https://www.fravega.com/p/auriculares-xiaomi-redmi-buds-6-play-bluetooth-5-4-black-negro-22624554/,34999.0,27999.0,1,True
FRA-parlante-soundcore-bt-boom-2--401585,Fravega,OTRAS,Audio,Parlante Soundcore BT Boom 2,https://www.fravega.com/p/parlante-soundcore-bt-boom-2--401585/,399999.0,179999.0,1,True
FRA-auriculares-admiral-ad-k6-negro-596363,Fravega,OTRAS,Audio,Auriculares Admiral AD-K6 Negro,https://www.fravega.com/p/auriculares-admiral-ad-k6-negro-596363/,12999.0,6499.0,1,True
FRA-auriculares-motorola-moto-buds-065-tofu-,Fravega,MOTOROLA,Audio,Auriculares Motorola Moto Buds 065 Tofu,https://www.fravega.com/p/auriculares-motorola-moto-buds-065-tofu-596314/,59999.0,39999.0,1,True
FRA-auriculares-inalambricos-tws-soundcore-b,Fravega,OTRAS,Audio,Auriculares Inalámbricos Tws Soundcore By Anker P30i Black Negro,https://www.fravega.com/p/auriculares-inalambricos-tws-soundcore-by-anker-p30i-black-negro-990283264/,53499.0,44214.05,1,True
FRA-sistema-de-audio-philips-tax5309-77-4015,Fravega,PHILIPS,Audio,Sistema de Audio Philips TAX5309/77,https://www.fravega.com/p/sistema-de-audio-philips-tax5309-77-401521/,612019.0,499999.0,1,True
FRA-parlante-portatil-philco-94sph609-401481,Fravega,PHILCO,Audio,Parlante Portátil Philco 94SPH609,https://www.fravega.com/p/parlante-portatil-philco-94sph609-401481/,63999.0,39999.0,1,True
FRA-auriculares-con-display-suono-ayv0309-bl,Fravega,OTRAS,Audio,Auriculares con Display Suono AYV0309 Blanco,https://www.fravega.com/p/auriculares-con-display-suono-ayv0309-blanco-596359/,29999.0,19999.0,1,True
FRA-parlante-soundcore-bt-boom-2-plus-401586,Fravega,OTRAS,Audio,Parlante Soundcore BT Boom 2 Plus,https://www.fravega.com/p/parlante-soundcore-bt-boom-2-plus-401586/,599999.0,364999.0,1,True
FRA-audifonos-inalambricos-xiaomi-redmi-buds,Fravega,XIAOMI,Audio,Audifonos Inalambricos Xiaomi Redmi Buds 6 Play Bt 5.4 Color Sky Blue,https://www.fravega.com/p/audifonos-inalambricos-xiaomi-redmi-buds-6-play-bt-5-4-color-sky-blue-22803217/,34999.0,27999.0,1,True
FRA-barra-de-sonido-gadnic-bs900-bluetooth-a,Fravega,OTRAS,Audio,Barra de Sonido Gadnic BS900 Bluetooth Aux USB Radio FM 70w,https://www.fravega.com/p/barra-de-sonido-gadnic-bs900-bluetooth-aux-usb-radio-fm-70w--20058091/,243879.0,187599.01,1,True
FRA-torre-de-sonido-bluetooth-philips-tax570,Fravega,PHILIPS,Audio,Torre de Sonido Bluetooth Philips TAX5708/77,https://www.fravega.com/p/torre-de-sonido-bluetooth-philips-tax5708-77-401349/,1088449.0,899999.0,1,True
FRA-auriculares-sony-wf-c710n-bzuc-596812,Fravega,SONY,Audio,Auriculares Sony WF-C710N/BZUC,https://www.fravega.com/p/auriculares-sony-wf-c710n-bzuc-596812/,199999.0,179999.0,1,True
FRA-parlante-portatil-bluetooth-jbl-grip-red,Fravega,OTRAS,Audio,Parlante Portátil Bluetooth JBL Grip Red,https://www.fravega.com/p/parlante-portatil-bluetooth-jbl-grip-red-401735/,209999.0,199999.0,1,True
FRA-auriculares-inalambricos-suono-bluetooth,Fravega,OTRAS,Audio,Auriculares Inalámbricos Suono Bluetooth ANC Almohadillas,https://www.fravega.com/p/auriculares-inalambricos-suono-bluetooth-anc-almohadillas-990262212/,44904.0,30474.0,1,True
FRA-auriculares-samsung-tipo-c-eo-ic100-9900,Fravega,SAMSUNG,Audio,Auriculares Samsung Tipo C Eo-ic100,https://www.fravega.com/p/auriculares-samsung-tipo-c-eo-ic100-990016643/,42999.0,35536.36,1,True
FRA-auriculares-vincha-noga-unicorn-manos-li,Fravega,OTRAS,Audio,Auriculares Vincha Noga Unicorn Manos Libres Celular Tablet Blanco,https://www.fravega.com/p/auriculares-vincha-noga-unicorn-manos-libres-celular-tablet-blanco-990152447/,21821.0,6999.0,1,True
FRA-parlante-torre-bluetooth-daihatsu-d-s802,Fravega,OTRAS,Audio,Parlante Torre Bluetooth Daihatsu D-s8020bt 4000w Luces Mic Color Negro,https://www.fravega.com/p/parlante-torre-bluetooth-daihatsu-d-s8020bt-4000w-luces-mic-color-negro-22506948/,299999.0,134900.0,1,True
FRA-barra-de-sonido-tv-soundbar-telefunken-p,Fravega,OTRAS,Audio,Barra de Sonido TV Soundbar Telefunken Polaris 700 Bluetooth Aux In con Subwoofer C. Remoto,https://www.fravega.com/p/barra-de-sonido-tv-soundbar-telefunken-polaris-700-bluetooth-aux-con-subwoofer-c-remoto-21194298/,379499.0,254269.0,1,True
FRA-barra-de-sonido-gadnic-bluetooth-para-ca,Fravega,OTRAS,Audio,Barra de Sonido Gadnic Bluetooth Para Casa Escritorio Inalámbrico,https://www.fravega.com/p/barra-de-sonido-gadnic-bluetooth-para-casa-escritorio-inalambrico-990182092/,110889.0,85298.99,1,True
FRA-parlante-xiaomi-sound-pocket-5w-color-ne,Fravega,XIAOMI,Audio,Parlante Xiaomi Sound Pocket 5w Color Negro,https://www.fravega.com/p/parlante-xiaomi-sound-pocket-5w-color-negro-22683334/,53999.0,42999.0,1,True
FRA-auriculares-inalambricos-gadnic-a164-vin,Fravega,OTRAS,Audio,Auriculares Inalámbricos Gadnic A164 Vincha Cancelación de Ruido,https://www.fravega.com/p/auriculares-inalambricos-gadnic-a164-vincha-cancelacion-de-ruido-990159742/,75204.0,57849.0,1,True
FRA-auriculares-inalambricos-bluetooth-daiko,Fravega,OTRAS,Audio,Auriculares Inalámbricos Bluetooth Daikon Deportivos HHE-T7 Pro,https://www.fravega.com/p/auriculares-inalambricos-bluetooth-daikon-deportivos-hhe-t7-pro-50014379/,38761.0,19380.5,1,True
FRA-auriculares-inalambricos-gadnic-vincha-b,Fravega,OTRAS,Audio,Auriculares Inalámbricos Gadnic Vincha Bluetooth 5.0,https://www.fravega.com/p/auriculares-inalambricos-gadnic-vincha-bluetooth-5-0-990160774/,44264.0,34049.0,1,True
FRA-headset-gamer-aimzone-amarillo-camuflado,Fravega,OTRAS,Audio,Headset Gamer Aimzone Amarillo Camuflado Az706,https://www.fravega.com/p/headset-gamer-aimzone-amarillo-camuflado-az706-22675194/,15819.0,11299.0,1,True
FRA-camara-de-impresion-instantanea-de-jugue,Fravega,OTRAS,Juguetes,Cámara de Impresión Instantánea de Juguete,https://www.fravega.com/p/camara-de-impresion-instantanea-de-juguete-351360/,74999.0,41999.0,1,True
FRA-triciclo-evolutivo-infantil-3-1-mu-color,Fravega,OTRAS,Juguetes,Triciclo Evolutivo Infantil 3 en 1 MU Color Beige 1-5 Años,https://www.fravega.com/p/triciclo-evolutivo-infantil-3-1-mu-color-beige-1-5-anos-351330/,212999.0,99999.0,1,True
FRA--lapiz-color-rosa-para-dibujar-3d-con-fi,Fravega,OTRAS,Juguetes,Lapiz Color Rosa Para Dibujar 3D Con Filamento De Regalo,https://www.fravega.com/p/-lapiz-color-rosa-para-dibujar-3d-con-filamento-de-regalo-21203124/,29999.0,20999.0,1,True
FRA-hot-wheels-pack-x5-autos-individuales-su,Fravega,OTRAS,Juguetes,Hot Wheels Pack X5 Autos Individuales Surtidos Mattel,https://www.fravega.com/p/hot-wheels-pack-x5-autos-individuales-surtidos-mattel-990049551/,37490.0,23990.0,1,True
FRA-mi-cocina-duravit-33-piezas-990049214,Fravega,OTRAS,Juguetes,Mi Cocina Duravit 33 Piezas,https://www.fravega.com/p/mi-cocina-duravit-33-piezas-990049214/,30990.0,24789.98,1,True
FRA-coche-transformer-policia-rd76-351054,Fravega,OTRAS,Juguetes,Coche Transformer Policia RD76,https://www.fravega.com/p/coche-transformer-policia-rd76-351054/,29999.0,16999.0,1,True
FRA-camara-de-fotos-rosa-gadnic-ck32-digital,Fravega,OTRAS,Juguetes,Cámara de Fotos Rosa Gadnic CK32 Digital Para Niños Función Resistente a Golpes,https://www.fravega.com/p/camara-de-fotos-rosa-gadnic-ck32-digital-para-ninos-funcion-resistente-a-golpes-990217288/,48359.0,37199.01,1,True
FRA-juego-de-mesa-uno-de-mattel-351305,Fravega,OTRAS,Juguetes,Juego de Mesa Uno de Mattel,https://www.fravega.com/p/juego-de-mesa-uno-de-mattel-351305/,19999.0,10999.0,1,True
FRA-catan-juego-de-mesa-devir-40-4011-at-990,Fravega,OTRAS,Juguetes,Catan Juego de Mesa Devir 40-4011 At,https://www.fravega.com/p/catan-juego-de-mesa-devir-40-4011-at-990165684/,124990.0,104990.01,1,True
FRA-tablet-kids-multilaser-marvel-avengers-9,Fravega,OTRAS,Juguetes,Tablet Kids Multilaser Marvel Avengers,https://www.fravega.com/p/tablet-kids-multilaser-marvel-avengers-990167344/,264079.53,211263.64,1,True
FRA-peluche-inflable-isakito-monstruo-violet,Fravega,OTRAS,Juguetes,Peluche Inflable Isakito Monstruo Violeta,https://www.fravega.com/p/peluche-inflable-isakito-monstruo-violeta-351033/,34999.0,20999.0,1,True
FRA-cuatriciclo-a-bateria-cm-tjb13688-rojo-9,Fravega,OTRAS,Juguetes,Cuatriciclo a Bateria Cm-tjb13688 Rojo,https://www.fravega.com/p/cuatriciclo-a-bateria-cm-tjb13688-rojo-990246831/,219990.0,159990.0,1,True
FRA-juego-de-mesa-taco-gato-cabra-queso-pizz,Fravega,OTRAS,Juguetes,Juego De Mesa Taco Gato Cabra Queso Pizza Tgcqp Buro,https://www.fravega.com/p/juego-de-mesa-taco-gato-cabra-queso-pizza-tgcqp-buro-990159423/,19350.0,16191.0,1,True
FRA-amigos-de-mierda-juego-cartas-para-previ,Fravega,OTRAS,Juguetes,Amigos de Mierda Juego Cartas para Previa Bureau,https://www.fravega.com/p/amigos-de-mierda-juego-cartas-para-previa-bureau-990049465/,19350.0,16915.0,1,True
FRA-teclado-musical-gadnic-organo-61-teclas-,Fravega,OTRAS,Juguetes,Teclado Musical Gadnic Órgano 61 Teclas,https://www.fravega.com/p/teclado-musical-gadnic-organo-61-teclas-20049917/,94704.0,72849.0,1,True
FRA-auto-a-bateria-mecano-3052-blanco-12v-co,Fravega,OTRAS,Juguetes,Auto a Bateria Mecano 3052 Blanco 12V con control remoto,https://www.fravega.com/p/auto-a-bateria-mecano-3052-blanco-12v-con-control-remoto-20060689/,452300.0,249999.0,1,True
FRA-pizarra-magica-12-color-3852-351633,Fravega,OTRAS,Juguetes,Pizarra Mágica 12 Color 3852,https://www.fravega.com/p/pizarra-magica-12-color-3852-351633/,9999.0,3999.0,1,True
FRA-juego-de-mesa-basta-juego-de-palabras-11,Fravega,OTRAS,Juguetes,Juego De Mesa Basta Juego De Palabras 1100 Shine,https://www.fravega.com/p/juego-de-mesa-basta-juego-de-palabras-1100-shine-990242478/,24990.0,17990.0,1,True
FRA-puzzle-1000-pzs-noche-estrellada-88317-1,Fravega,OTRAS,Juguetes,Puzzle 1000 Pzs Noche Estrellada 88317 1979846 Shine,https://www.fravega.com/p/puzzle-1000-pzs-noche-estrellada-88317-1979846-shine-990143807/,20990.0,16990.0,1,True
FRA-triciclo-evolutivo-infantil-3-1-mu-color,Fravega,OTRAS,Juguetes,Triciclo Evolutivo Infantil 3 en 1 MU Color Negro 1-5 Años,https://www.fravega.com/p/triciclo-evolutivo-infantil-3-1-mu-color-negro-1-5-anos-351045/,212999.0,99999.0,1,True
FRA-cuatriciclo-a-bateria-stark-naranja-3510,Fravega,OTRAS,Juguetes,Cuatriciclo a Batería Stark Naranja,https://www.fravega.com/p/cuatriciclo-a-bateria-stark-naranja-351048/,149999.0,129999.0,1,True
FRA-puzzle-rompecabeza-1000-pzs-mapamundi-an,Fravega,OTRAS,Juguetes,Puzzle Rompecabeza 1000 Pzs Mapamundi Antiguo 88319 1979870 Shine,https://www.fravega.com/p/puzzle-rompecabeza-1000-pzs-mapamundi-antiguo-88319-1979870-shine--990049564/,20990.0,16990.0,1,True
FRA-mini-trampolin-vxplay-1mts-gimnasia-fitn,Fravega,OTRAS,Juguetes,Mini Trampolin Vxplay 1mts Gimnasia Fitness,https://www.fravega.com/p/mini-trampolin-vxplay-1mts-gimnasia-fitness-22656914/,78202.0,64629.75,1,True
FRA-juego-de-mesa-ditoys-monky-loco-350732,Fravega,OTRAS,Juguetes,Juego de Mesa Ditoys Monky Loco,https://www.fravega.com/p/juego-de-mesa-ditoys-monky-loco-350732/,39999.0,17999.0,1,True
FRA-juego-de-mesa-ditoys-crocky-attack-35078,Fravega,OTRAS,Juguetes,Juego de Mesa Ditoys Crocky Attack,https://www.fravega.com/p/juego-de-mesa-ditoys-crocky-attack-350789/,19999.0,13999.0,1,True
FRA-puzzle-1000-pzs-viajero-el-espacio-88316,Fravega,OTRAS,Juguetes,Puzzle 1000 Pzs Viajero en el Espacio 88316 1979228 Shine,https://www.fravega.com/p/puzzle-1000-pzs-viajero-el-espacio-88316-1979228-shine-990150083/,20990.0,16990.0,1,True
FRA-puzzle-1000-pzs-taverna-saint-88016-1489,Fravega,OTRAS,Juguetes,Puzzle 1000 Pzs Taverna Saint 88016 1489439 Shine,https://www.fravega.com/p/puzzle-1000-pzs-taverna-saint-88016-1489439-shine-990143164/,20990.0,12990.0,1,True
FRA-kit-baulero-con-mesa-montessori-22646763,Fravega,OTRAS,Juguetes,Kit Baulero con Mesa Montessori,https://www.fravega.com/p/kit-baulero-con-mesa-montessori-22646763/,253000.0,125950.0,1,True
FRA-juego-de-mesa-batalla-naval-travel-game-,Fravega,OTRAS,Juguetes,Juego de Mesa Batalla Naval Travel Game Ditoys,https://www.fravega.com/p/juego-de-mesa-batalla-naval-travel-game-ditoys-351117/,19999.0,8999.0,1,True
FRA-juego-mesa-y-sillas-infantil-montessori-,Fravega,OTRAS,Juguetes,Juego Mesa Y Sillas Infantil Montessori Con Respaldo Niño - Blanco,https://www.fravega.com/p/juego-mesa-y-sillas-infantil-montessori-con-respaldo-nino-blanco-22646764/,220000.0,120000.0,1,True
FRA-camara-de-impresion-instantanea-de-jugue,Fravega,OTRAS,Juguetes,Cámara de Impresión Instantánea de Juguete,https://www.fravega.com/p/camara-de-impresion-instantanea-de-juguete-351360/,74999.0,41999.0,1,True
FRA-triciclo-evolutivo-infantil-3-1-mu-color,Fravega,OTRAS,Juguetes,Triciclo Evolutivo Infantil 3 en 1 MU Color Beige 1-5 Años,https://www.fravega.com/p/triciclo-evolutivo-infantil-3-1-mu-color-beige-1-5-anos-351330/,212999.0,99999.0,1,True
FRA--lapiz-color-rosa-para-dibujar-3d-con-fi,Fravega,OTRAS,Juguetes,Lapiz Color Rosa Para Dibujar 3D Con Filamento De Regalo,https://www.fravega.com/p/-lapiz-color-rosa-para-dibujar-3d-con-filamento-de-regalo-21203124/,29999.0,20999.0,1,True
FRA-hot-wheels-pack-x5-autos-individuales-su,Fravega,OTRAS,Juguetes,Hot Wheels Pack X5 Autos Individuales Surtidos Mattel,https://www.fravega.com/p/hot-wheels-pack-x5-autos-individuales-surtidos-mattel-990049551/,37490.0,23990.0,1,True
FRA-mi-cocina-duravit-33-piezas-990049214,Fravega,OTRAS,Juguetes,Mi Cocina Duravit 33 Piezas,https://www.fravega.com/p/mi-cocina-duravit-33-piezas-990049214/,30990.0,24789.98,1,True
FRA-coche-transformer-policia-rd76-351054,Fravega,OTRAS,Juguetes,Coche Transformer Policia RD76,https://www.fravega.com/p/coche-transformer-policia-rd76-351054/,29999.0,16999.0,1,True
FRA-camara-de-fotos-rosa-gadnic-ck32-digital,Fravega,OTRAS,Juguetes,Cámara de Fotos Rosa Gadnic CK32 Digital Para Niños Función Resistente a Golpes,https://www.fravega.com/p/camara-de-fotos-rosa-gadnic-ck32-digital-para-ninos-funcion-resistente-a-golpes-990217288/,48359.0,37199.01,1,True
FRA-juego-de-mesa-uno-de-mattel-351305,Fravega,OTRAS,Juguetes,Juego de Mesa Uno de Mattel,https://www.fravega.com/p/juego-de-mesa-uno-de-mattel-351305/,19999.0,10999.0,1,True
FRA-catan-juego-de-mesa-devir-40-4011-at-990,Fravega,OTRAS,Juguetes,Catan Juego de Mesa Devir 40-4011 At,https://www.fravega.com/p/catan-juego-de-mesa-devir-40-4011-at-990165684/,124990.0,104990.01,1,True
FRA-tablet-kids-multilaser-marvel-avengers-9,Fravega,OTRAS,Juguetes,Tablet Kids Multilaser Marvel Avengers,https://www.fravega.com/p/tablet-kids-multilaser-marvel-avengers-990167344/,264079.53,211263.64,1,True
FRA-peluche-inflable-isakito-monstruo-violet,Fravega,OTRAS,Juguetes,Peluche Inflable Isakito Monstruo Violeta,https://www.fravega.com/p/peluche-inflable-isakito-monstruo-violeta-351033/,34999.0,20999.0,1,True
FRA-cuatriciclo-a-bateria-cm-tjb13688-rojo-9,Fravega,OTRAS,Juguetes,Cuatriciclo a Bateria Cm-tjb13688 Rojo,https://www.fravega.com/p/cuatriciclo-a-bateria-cm-tjb13688-rojo-990246831/,219990.0,159990.0,1,True
FRA-juego-de-mesa-taco-gato-cabra-queso-pizz,Fravega,OTRAS,Juguetes,Juego De Mesa Taco Gato Cabra Queso Pizza Tgcqp Buro,https://www.fravega.com/p/juego-de-mesa-taco-gato-cabra-queso-pizza-tgcqp-buro-990159423/,19350.0,16191.0,1,True
FRA-amigos-de-mierda-juego-cartas-para-previ,Fravega,OTRAS,Juguetes,Amigos de Mierda Juego Cartas para Previa Bureau,https://www.fravega.com/p/amigos-de-mierda-juego-cartas-para-previa-bureau-990049465/,19350.0,16915.0,1,True
FRA-teclado-musical-gadnic-organo-61-teclas-,Fravega,OTRAS,Juguetes,Teclado Musical Gadnic Órgano 61 Teclas,https://www.fravega.com/p/teclado-musical-gadnic-organo-61-teclas-20049917/,94704.0,72849.0,1,True
FRA-auto-a-bateria-mecano-3052-blanco-12v-co,Fravega,OTRAS,Juguetes,Auto a Bateria Mecano 3052 Blanco 12V con control remoto,https://www.fravega.com/p/auto-a-bateria-mecano-3052-blanco-12v-con-control-remoto-20060689/,452300.0,249999.0,1,True
FRA-duravit-mini-moldes-8-piezas-apilables-6,Fravega,OTRAS,Juguetes,Duravit Mini Moldes 8 Piezas Apilables 658,https://www.fravega.com/p/duravit-mini-moldes-8-piezas-apilables-658-990054118/,4290.0,3432.0,1,True
FRA-bburago-escala-1-43-bwt-alpine-f1-team-c,Fravega,OTRAS,Juguetes,Bburago Escala 1:43 Bwt Alpine F1 Team Colapinto 18-38257,https://www.fravega.com/p/bburago-escala-1-43-bwt-alpine-f1-team-colapinto-18-38257-990268834/,49990.0,39989.99,1,True
FRA-duravit-anillo-y-sonajero-678-990159766,Fravega,OTRAS,Juguetes,Duravit Anillo Y Sonajero 678,https://www.fravega.com/p/duravit-anillo-y-sonajero-678-990159766/,10450.0,9490.01,1,True
FRA-repuesto-liquido-burbujero-500-bubble-la,Fravega,OTRAS,Juguetes,Repuesto Liquido Burbujero 500 Bubble Lab Burbujas Gigantes,https://www.fravega.com/p/repuesto-liquido-burbujero-500-bubble-lab-burbujas-gigantes-21509599/,7374.0,5699.0,1,True
FRA-juego-de-mesa-sobre-palabras-3d-ditoys-3,Fravega,OTRAS,Juguetes,Juego de Mesa Sobre Palabras 3D Ditoys,https://www.fravega.com/p/juego-de-mesa-sobre-palabras-3d-ditoys-351037/,28999.0,16999.0,1,True
FRA-peluche-musical-plim-plim-de-30cm-8401ap,Fravega,OTRAS,Juguetes,Peluche Musical Plim Plim De 30cm 8401ap,https://www.fravega.com/p/peluche-musical-plim-plim-de-30cm-8401ap-990235909/,65990.0,45989.99,1,True
FRA-juego-de-mesa-magnetismo-2788-990236150,Fravega,OTRAS,Juguetes,Juego De Mesa Magnetismo 2788,https://www.fravega.com/p/juego-de-mesa-magnetismo-2788-990236150/,16900.0,14495.0,1,True
FRA-mesa-y-bancos-sillas-infantil-montessori,Fravega,OTRAS,Juguetes,Mesa Y Bancos Sillas Infantil Montessori Aprendizaje Niño - Blanco,https://www.fravega.com/p/mesa-y-bancos-sillas-infantil-montessori-aprendizaje-nino-blanco-22646756/,165000.0,81950.0,1,True
FRA-auto-a-bateria-mecano-3052-rojo-12v-con-,Fravega,OTRAS,Juguetes,Auto a Bateria Mecano 3052 Rojo 12V con control remoto,https://www.fravega.com/p/auto-a-bateria-mecano-3052-rojo-12v-con-control-remoto-20060688/,452300.0,249999.0,1,True
FRA-duravit-set-camion-mini-frontal-y-retro-,Fravega,OTRAS,Juguetes,Duravit Set Camión Mini Frontal Y Retro Infantil 682,https://www.fravega.com/p/duravit-set-camion-mini-frontal-y-retro-infantil-682-990054110/,8450.0,7490.0,1,True
FRA-coche-ditoys-mack-friccion-cars-350892,Fravega,OTRAS,Juguetes,Coche Ditoys Mack Fricción Cars,https://www.fravega.com/p/coche-ditoys-mack-friccion-cars-350892/,39999.0,20999.0,1,True
FRA-pizarra-magica-rosa-gadnic-tableta-escri,Fravega,OTRAS,Juguetes,Pizarra Mágica Rosa Gadnic Tableta Escritura Digital + Plantilla,https://www.fravega.com/p/pizarra-magica-rosa-gadnic-tableta-escritura-digital-plantilla--990072415/,8579.0,6599.0,1,True
FRA-camara-de-impresion-instantanea-de-jugue,Fravega,OTRAS,Juguetes,Cámara de Impresión Instantánea de Juguete,https://www.fravega.com/p/camara-de-impresion-instantanea-de-juguete-351360/,74999.0,41999.0,1,True
FRA-triciclo-evolutivo-infantil-3-1-mu-color,Fravega,OTRAS,Juguetes,Triciclo Evolutivo Infantil 3 en 1 MU Color Beige 1-5 Años,https://www.fravega.com/p/triciclo-evolutivo-infantil-3-1-mu-color-beige-1-5-anos-351330/,212999.0,99999.0,1,True
FRA--lapiz-color-rosa-para-dibujar-3d-con-fi,Fravega,OTRAS,Juguetes,Lapiz Color Rosa Para Dibujar 3D Con Filamento De Regalo,https://www.fravega.com/p/-lapiz-color-rosa-para-dibujar-3d-con-filamento-de-regalo-21203124/,29999.0,20999.0,1,True
FRA-hot-wheels-pack-x5-autos-individuales-su,Fravega,OTRAS,Juguetes,Hot Wheels Pack X5 Autos Individuales Surtidos Mattel,https://www.fravega.com/p/hot-wheels-pack-x5-autos-individuales-surtidos-mattel-990049551/,37490.0,23990.0,1,True
FRA-mi-cocina-duravit-33-piezas-990049214,Fravega,OTRAS,Juguetes,Mi Cocina Duravit 33 Piezas,https://www.fravega.com/p/mi-cocina-duravit-33-piezas-990049214/,30990.0,24789.98,1,True
FRA-coche-transformer-policia-rd76-351054,Fravega,OTRAS,Juguetes,Coche Transformer Policia RD76,https://www.fravega.com/p/coche-transformer-policia-rd76-351054/,29999.0,16999.0,1,True
FRA-camara-de-fotos-rosa-gadnic-ck32-digital,Fravega,OTRAS,Juguetes,Cámara de Fotos Rosa Gadnic CK32 Digital Para Niños Función Resistente a Golpes,https://www.fravega.com/p/camara-de-fotos-rosa-gadnic-ck32-digital-para-ninos-funcion-resistente-a-golpes-990217288/,48359.0,37199.01,1,True
FRA-juego-de-mesa-uno-de-mattel-351305,Fravega,OTRAS,Juguetes,Juego de Mesa Uno de Mattel,https://www.fravega.com/p/juego-de-mesa-uno-de-mattel-351305/,19999.0,10999.0,1,True
FRA-catan-juego-de-mesa-devir-40-4011-at-990,Fravega,OTRAS,Juguetes,Catan Juego de Mesa Devir 40-4011 At,https://www.fravega.com/p/catan-juego-de-mesa-devir-40-4011-at-990165684/,124990.0,104990.01,1,True
FRA-tablet-kids-multilaser-marvel-avengers-9,Fravega,OTRAS,Juguetes,Tablet Kids Multilaser Marvel Avengers,https://www.fravega.com/p/tablet-kids-multilaser-marvel-avengers-990167344/,264079.53,211263.64,1,True
FRA-peluche-inflable-isakito-monstruo-violet,Fravega,OTRAS,Juguetes,Peluche Inflable Isakito Monstruo Violeta,https://www.fravega.com/p/peluche-inflable-isakito-monstruo-violeta-351033/,34999.0,20999.0,1,True
FRA-cuatriciclo-a-bateria-cm-tjb13688-rojo-9,Fravega,OTRAS,Juguetes,Cuatriciclo a Bateria Cm-tjb13688 Rojo,https://www.fravega.com/p/cuatriciclo-a-bateria-cm-tjb13688-rojo-990246831/,219990.0,159990.0,1,True
FRA-juego-de-mesa-taco-gato-cabra-queso-pizz,Fravega,OTRAS,Juguetes,Juego De Mesa Taco Gato Cabra Queso Pizza Tgcqp Buro,https://www.fravega.com/p/juego-de-mesa-taco-gato-cabra-queso-pizza-tgcqp-buro-990159423/,19350.0,16191.0,1,True
FRA-amigos-de-mierda-juego-cartas-para-previ,Fravega,OTRAS,Juguetes,Amigos de Mierda Juego Cartas para Previa Bureau,https://www.fravega.com/p/amigos-de-mierda-juego-cartas-para-previa-bureau-990049465/,19350.0,16915.0,1,True
FRA-teclado-musical-gadnic-organo-61-teclas-,Fravega,OTRAS,Juguetes,Teclado Musical Gadnic Órgano 61 Teclas,https://www.fravega.com/p/teclado-musical-gadnic-organo-61-teclas-20049917/,94704.0,72849.0,1,True
FRA-auto-a-bateria-mecano-3052-blanco-12v-co,Fravega,OTRAS,Juguetes,Auto a Bateria Mecano 3052 Blanco 12V con control remoto,https://www.fravega.com/p/auto-a-bateria-mecano-3052-blanco-12v-con-control-remoto-20060689/,452300.0,249999.0,1,True
FRA-pizarra-magica-azul-gadnic-tableta-escri,Fravega,OTRAS,Juguetes,Pizarra Mágica Azul Gadnic Tableta Escritura Digital + Plantilla,https://www.fravega.com/p/pizarra-magica-azul-gadnic-tableta-escritura-digital-plantilla-990072504/,8579.0,6599.0,1,True
FRA-duravit-tiempo-libre-limpieza-505-990157,Fravega,OTRAS,Juguetes,Duravit Tiempo Libre Limpieza 505,https://www.fravega.com/p/duravit-tiempo-libre-limpieza-505-990157821/,9500.0,6990.0,1,True
FRA-pistola-de-burbujas-multiples-kun-bu02-3,Fravega,OTRAS,Juguetes,Pistola de Burbujas Múltiples Kun BU02,https://www.fravega.com/p/pistola-de-burbujas-multiples-kun-bu02-350940/,29999.0,9999.0,1,True
FRA-set-de-8-autos-de-cars-ditoys-351102,Fravega,OTRAS,Juguetes,Set de 8 Autos de Cars Ditoys,https://www.fravega.com/p/set-de-8-autos-de-cars-ditoys-351102/,39999.0,18999.0,1,True
FRA-silla-infantil-de-madera-montessori-con-,Fravega,OTRAS,Juguetes,Silla Infantil De Madera Montessori Con Respaldo Niño Niña - Blanco,https://www.fravega.com/p/silla-infantil-de-madera-montessori-con-respaldo-nino-nina-blanco-22646785/,39600.0,20350.0,1,True
FRA-duravit-banco-de-herramientas-32-piezas-,Fravega,OTRAS,Juguetes,Duravit Banco De Herramientas 32 Piezas 412,https://www.fravega.com/p/duravit-banco-de-herramientas-32-piezas-412-990054120/,32990.0,25990.0,1,True
FRA-juego-duravit-girabola-676-990055698,Fravega,OTRAS,Juguetes,Juego Duravit Girabola 676,https://www.fravega.com/p/juego-duravit-girabola-676-990055698/,9391.0,7761.16,1,True
FRA-pizarra-magica-amarilla-gadnic-tableta-e,Fravega,OTRAS,Juguetes,Pizarra Mágica Amarilla Gadnic Tableta Escritura Digital + Plantilla,https://www.fravega.com/p/pizarra-magica-amarilla-gadnic-tableta-escritura-digital-plantilla--990072416/,8579.0,6599.0,1,True
FRA-puzzle-1000-pzs-granero-al-atardecer-880,Fravega,OTRAS,Juguetes,Puzzle 1000 Pzs Granero Al Atardecer 88029 1489451,https://www.fravega.com/p/puzzle-1000-pzs-granero-al-atardecer-88029-1489451-990143177/,20990.0,12990.0,1,True
FRA-daki-336-pzs-cod-410-economica-990238683,Fravega,OTRAS,Juguetes,Daki 336 Pzs Cod 410 Economica,https://www.fravega.com/p/daki-336-pzs-cod-410-economica-990238683/,59950.0,36990.0,1,True
FRA-cama-elastica-gadnic-304-mts-con-red-de-,Fravega,OTRAS,Juguetes,Cama Elástica Gadnic 304 mts Con Red de Seguridad Reforzada,https://www.fravega.com/p/cama-elastica-gadnic-304-mts-con-red-de-seguridad-reforzada-990274703/,553084.0,425449.0,1,True
FRA-teclado-musical-gadnic-organo-54-teclas-,Fravega,OTRAS,Juguetes,Teclado Musical Gadnic Órgano 54 Teclas,https://www.fravega.com/p/teclado-musical-gadnic-organo-54-teclas-20049918/,92559.0,71199.0,1,True
FRA-camara-de-impresion-instantanea-de-jugue,Fravega,OTRAS,Juguetes,Cámara de Impresión Instantánea de Juguete,https://www.fravega.com/p/camara-de-impresion-instantanea-de-juguete-351360/,74999.0,41999.0,1,True
FRA-triciclo-evolutivo-infantil-3-1-mu-color,Fravega,OTRAS,Juguetes,Triciclo Evolutivo Infantil 3 en 1 MU Color Beige 1-5 Años,https://www.fravega.com/p/triciclo-evolutivo-infantil-3-1-mu-color-beige-1-5-anos-351330/,212999.0,99999.0,1,True
FRA--lapiz-color-rosa-para-dibujar-3d-con-fi,Fravega,OTRAS,Juguetes,Lapiz Color Rosa Para Dibujar 3D Con Filamento De Regalo,https://www.fravega.com/p/-lapiz-color-rosa-para-dibujar-3d-con-filamento-de-regalo-21203124/,29999.0,20999.0,1,True
FRA-hot-wheels-pack-x5-autos-individuales-su,Fravega,OTRAS,Juguetes,Hot Wheels Pack X5 Autos Individuales Surtidos Mattel,https://www.fravega.com/p/hot-wheels-pack-x5-autos-individuales-surtidos-mattel-990049551/,37490.0,23990.0,1,True
FRA-mi-cocina-duravit-33-piezas-990049214,Fravega,OTRAS,Juguetes,Mi Cocina Duravit 33 Piezas,https://www.fravega.com/p/mi-cocina-duravit-33-piezas-990049214/,30990.0,24789.98,1,True
FRA-coche-transformer-policia-rd76-351054,Fravega,OTRAS,Juguetes,Coche Transformer Policia RD76,https://www.fravega.com/p/coche-transformer-policia-rd76-351054/,29999.0,16999.0,1,True
FRA-camara-de-fotos-rosa-gadnic-ck32-digital,Fravega,OTRAS,Juguetes,Cámara de Fotos Rosa Gadnic CK32 Digital Para Niños Función Resistente a Golpes,https://www.fravega.com/p/camara-de-fotos-rosa-gadnic-ck32-digital-para-ninos-funcion-resistente-a-golpes-990217288/,48359.0,37199.01,1,True
FRA-juego-de-mesa-uno-de-mattel-351305,Fravega,OTRAS,Juguetes,Juego de Mesa Uno de Mattel,https://www.fravega.com/p/juego-de-mesa-uno-de-mattel-351305/,19999.0,10999.0,1,True
FRA-catan-juego-de-mesa-devir-40-4011-at-990,Fravega,OTRAS,Juguetes,Catan Juego de Mesa Devir 40-4011 At,https://www.fravega.com/p/catan-juego-de-mesa-devir-40-4011-at-990165684/,124990.0,104990.01,1,True
FRA-tablet-kids-multilaser-marvel-avengers-9,Fravega,OTRAS,Juguetes,Tablet Kids Multilaser Marvel Avengers,https://www.fravega.com/p/tablet-kids-multilaser-marvel-avengers-990167344/,264079.53,211263.64,1,True
FRA-peluche-inflable-isakito-monstruo-violet,Fravega,OTRAS,Juguetes,Peluche Inflable Isakito Monstruo Violeta,https://www.fravega.com/p/peluche-inflable-isakito-monstruo-violeta-351033/,34999.0,20999.0,1,True
FRA-cuatriciclo-a-bateria-cm-tjb13688-rojo-9,Fravega,OTRAS,Juguetes,Cuatriciclo a Bateria Cm-tjb13688 Rojo,https://www.fravega.com/p/cuatriciclo-a-bateria-cm-tjb13688-rojo-990246831/,219990.0,159990.0,1,True
FRA-juego-de-mesa-taco-gato-cabra-queso-pizz,Fravega,OTRAS,Juguetes,Juego De Mesa Taco Gato Cabra Queso Pizza Tgcqp Buro,https://www.fravega.com/p/juego-de-mesa-taco-gato-cabra-queso-pizza-tgcqp-buro-990159423/,19350.0,16191.0,1,True
FRA-amigos-de-mierda-juego-cartas-para-previ,Fravega,OTRAS,Juguetes,Amigos de Mierda Juego Cartas para Previa Bureau,https://www.fravega.com/p/amigos-de-mierda-juego-cartas-para-previa-bureau-990049465/,19350.0,16915.0,1,True
FRA-teclado-musical-gadnic-organo-61-teclas-,Fravega,OTRAS,Juguetes,Teclado Musical Gadnic Órgano 61 Teclas,https://www.fravega.com/p/teclado-musical-gadnic-organo-61-teclas-20049917/,94704.0,72849.0,1,True
FRA-auto-a-bateria-mecano-3052-blanco-12v-co,Fravega,OTRAS,Juguetes,Auto a Bateria Mecano 3052 Blanco 12V con control remoto,https://www.fravega.com/p/auto-a-bateria-mecano-3052-blanco-12v-con-control-remoto-20060689/,452300.0,249999.0,1,True
FRA-decisiones-de-mierda-buro-de-juegos-idea,Fravega,OTRAS,Juguetes,Decisiones de Mierda Buró de Juegos Ideal Previas,https://www.fravega.com/p/decisiones-de-mierda-buro-de-juegos-ideal-previas-990049464/,19350.0,16915.0,1,True
FRA-duravit-anillos-apilables-653-990049548,Fravega,OTRAS,Juguetes,Duravit Anillos Apilables 653,https://www.fravega.com/p/duravit-anillos-apilables-653-990049548/,7991.0,6604.13,1,True
FRA-dura-masa-duravit-pack-x10-potes-colores,Fravega,OTRAS,Juguetes,Dura Masa Duravit Pack X10 Potes Colores Plastilina,https://www.fravega.com/p/dura-masa-duravit-pack-x10-potes-colores-plastilina-990049683/,11990.0,10490.0,1,True
FRA-duravit-mis-herramientas-6-piezas-constr,Fravega,OTRAS,Juguetes,Duravit Mis Herramientas 6 Piezas Construcción 410,https://www.fravega.com/p/duravit-mis-herramientas-6-piezas-construccion-410-990054111/,7190.0,6490.0,1,True
FRA-elmers-activador-para-hacer-slime-209030,Fravega,ACER,Juguetes,Elmers Activador Para Hacer Slime 2090307 Neasl,https://www.fravega.com/p/elmers-activador-para-hacer-slime-2090307-neasl-990142343/,8500.0,7590.0,1,True
FRA-sonajero-pinguino-musical-con-luz-y-soni,Fravega,OTRAS,Juguetes,Sonajero Pingüino Musical Con Luz Y Sonido 2015604 Shine,https://www.fravega.com/p/sonajero-pinguino-musical-con-luz-y-sonido-2015604-shine-990142382/,23990.0,19826.45,1,True
FRA-juego-barril-pirata-1651678-envio-normal,Fravega,OTRAS,Juguetes,Juego Barril Pirata 1651678 Envio Normal,https://www.fravega.com/p/juego-barril-pirata-1651678-envio-normal-990151424/,8990.0,7429.75,1,True
FRA-duravit-juego-de-bowling-990151585,Fravega,OTRAS,Juguetes,Duravit Juego De Bowling,https://www.fravega.com/p/duravit-juego-de-bowling-990151585/,13990.0,11990.0,1,True
FRA-set-de-sonajeros-caja-8-pzas-1696154-990,Fravega,OTRAS,Juguetes,Set De Sonajeros En Caja 8 Pzas. 1696154,https://www.fravega.com/p/set-de-sonajeros-caja-8-pzas-1696154-990152460/,33000.0,27990.0,1,True
FRA-calesita-cocodrilo-junior-encastre-703-9,Fravega,OTRAS,Juguetes,Calesita Cocodrilo Junior Encastre 703,https://www.fravega.com/p/calesita-cocodrilo-junior-encastre-703-990157771/,8200.0,6995.0,1,True
FRA-peluche-inflable-isakito-zorrito-pintita,Fravega,OTRAS,Juguetes,Peluche Inflable Isakito Zorrito Pintitas,https://www.fravega.com/p/peluche-inflable-isakito-zorrito-pintitas-350979/,29999.0,16999.0,1,True
FRA-camioneta-4x4-a-control-remoto-gadnic-rc,Fravega,OTRAS,Juguetes,Camioneta 4X4 a Control Remoto Gadnic RCWL031R Rojo,https://www.fravega.com/p/camioneta-4x4-a-control-remoto-gadnic-rcwl031r-rojo-351028/,69999.0,59999.0,1,True
FRA-auto-de-carreras-para-armar-f1-racing-pu,Fravega,OTRAS,Juguetes,Auto de Carreras para Armar F1 Racing Pullback,https://www.fravega.com/p/auto-de-carreras-para-armar-f1-racing-pullback-351606/,29999.0,16999.0,1,True
FRA-duravit-vagon-didactico-primeras-formas-,Fravega,OTRAS,Juguetes,Duravit Vagón Didáctico Primeras Formas 625,https://www.fravega.com/p/duravit-vagon-didactico-primeras-formas-625-990187757/,11991.0,9909.92,1,True
FRA-camara-de-impresion-instantanea-de-jugue,Fravega,OTRAS,Juguetes,Cámara de Impresión Instantánea de Juguete,https://www.fravega.com/p/camara-de-impresion-instantanea-de-juguete-351360/,74999.0,41999.0,1,True
FRA-triciclo-evolutivo-infantil-3-1-mu-color,Fravega,OTRAS,Juguetes,Triciclo Evolutivo Infantil 3 en 1 MU Color Beige 1-5 Años,https://www.fravega.com/p/triciclo-evolutivo-infantil-3-1-mu-color-beige-1-5-anos-351330/,212999.0,99999.0,1,True
FRA--lapiz-color-rosa-para-dibujar-3d-con-fi,Fravega,OTRAS,Juguetes,Lapiz Color Rosa Para Dibujar 3D Con Filamento De Regalo,https://www.fravega.com/p/-lapiz-color-rosa-para-dibujar-3d-con-filamento-de-regalo-21203124/,29999.0,20999.0,1,True
FRA-hot-wheels-pack-x5-autos-individuales-su,Fravega,OTRAS,Juguetes,Hot Wheels Pack X5 Autos Individuales Surtidos Mattel,https://www.fravega.com/p/hot-wheels-pack-x5-autos-individuales-surtidos-mattel-990049551/,37490.0,23990.0,1,True
FRA-mi-cocina-duravit-33-piezas-990049214,Fravega,OTRAS,Juguetes,Mi Cocina Duravit 33 Piezas,https://www.fravega.com/p/mi-cocina-duravit-33-piezas-990049214/,30990.0,24789.98,1,True
FRA-coche-transformer-policia-rd76-351054,Fravega,OTRAS,Juguetes,Coche Transformer Policia RD76,https://www.fravega.com/p/coche-transformer-policia-rd76-351054/,29999.0,16999.0,1,True
FRA-camara-de-fotos-rosa-gadnic-ck32-digital,Fravega,OTRAS,Juguetes,Cámara de Fotos Rosa Gadnic CK32 Digital Para Niños Función Resistente a Golpes,https://www.fravega.com/p/camara-de-fotos-rosa-gadnic-ck32-digital-para-ninos-funcion-resistente-a-golpes-990217288/,48359.0,37199.01,1,True
FRA-juego-de-mesa-uno-de-mattel-351305,Fravega,OTRAS,Juguetes,Juego de Mesa Uno de Mattel,https://www.fravega.com/p/juego-de-mesa-uno-de-mattel-351305/,19999.0,10999.0,1,True
FRA-catan-juego-de-mesa-devir-40-4011-at-990,Fravega,OTRAS,Juguetes,Catan Juego de Mesa Devir 40-4011 At,https://www.fravega.com/p/catan-juego-de-mesa-devir-40-4011-at-990165684/,124990.0,104990.01,1,True
FRA-tablet-kids-multilaser-marvel-avengers-9,Fravega,OTRAS,Juguetes,Tablet Kids Multilaser Marvel Avengers,https://www.fravega.com/p/tablet-kids-multilaser-marvel-avengers-990167344/,264079.53,211263.64,1,True
FRA-peluche-inflable-isakito-monstruo-violet,Fravega,OTRAS,Juguetes,Peluche Inflable Isakito Monstruo Violeta,https://www.fravega.com/p/peluche-inflable-isakito-monstruo-violeta-351033/,34999.0,20999.0,1,True
FRA-cuatriciclo-a-bateria-cm-tjb13688-rojo-9,Fravega,OTRAS,Juguetes,Cuatriciclo a Bateria Cm-tjb13688 Rojo,https://www.fravega.com/p/cuatriciclo-a-bateria-cm-tjb13688-rojo-990246831/,219990.0,159990.0,1,True
FRA-juego-de-mesa-taco-gato-cabra-queso-pizz,Fravega,OTRAS,Juguetes,Juego De Mesa Taco Gato Cabra Queso Pizza Tgcqp Buro,https://www.fravega.com/p/juego-de-mesa-taco-gato-cabra-queso-pizza-tgcqp-buro-990159423/,19350.0,16191.0,1,True
FRA-amigos-de-mierda-juego-cartas-para-previ,Fravega,OTRAS,Juguetes,Amigos de Mierda Juego Cartas para Previa Bureau,https://www.fravega.com/p/amigos-de-mierda-juego-cartas-para-previa-bureau-990049465/,19350.0,16915.0,1,True
FRA-teclado-musical-gadnic-organo-61-teclas-,Fravega,OTRAS,Juguetes,Teclado Musical Gadnic Órgano 61 Teclas,https://www.fravega.com/p/teclado-musical-gadnic-organo-61-teclas-20049917/,94704.0,72849.0,1,True
FRA-auto-a-bateria-mecano-3052-blanco-12v-co,Fravega,OTRAS,Juguetes,Auto a Bateria Mecano 3052 Blanco 12V con control remoto,https://www.fravega.com/p/auto-a-bateria-mecano-3052-blanco-12v-con-control-remoto-20060689/,452300.0,249999.0,1,True
FRA-duravit-balde-mini-blocks-60-pzs-660-990,Fravega,OTRAS,Juguetes,Duravit Balde Mini Blocks 60 Pzs 660,https://www.fravega.com/p/duravit-balde-mini-blocks-60-pzs-660-990187782/,17990.0,15990.0,1,True
FRA-juego-stitch-little-attack-2816-99024395,Fravega,OTRAS,Juguetes,Juego Stitch Little Attack 2816,https://www.fravega.com/p/juego-stitch-little-attack-2816-990243956/,8451.0,6984.3,1,True
FRA-didactico-texturas-toca-y-sonrie-animale,Fravega,OTRAS,Juguetes,Didáctico Texturas Toca Y Sonríe  Animales Del Mar List-565,https://www.fravega.com/p/didactico-texturas-toca-y-sonrie-animales-del-mar-list-565-990259158/,14000.0,12490.0,1,True
FRA-cama-elastica-gadnic-244-cm-8-ft-con-red,Fravega,OTRAS,Juguetes,Cama Elástica Gadnic 244 cm 8 ft Con Red De Protección,https://www.fravega.com/p/cama-elastica-gadnic-244-cm-8-ft-con-red-de-proteccion-990284287/,374204.0,287849.01,1,True
FRA-auto-a-bateria-mecano-3052-azul-12v-con-,Fravega,OTRAS,Juguetes,Auto a Batería Mecano 3052 Azul 12V con Control Remoto,https://www.fravega.com/p/auto-a-bateria-mecano-3052-azul-12v-con-control-remoto-20060687/,452300.0,249999.0,1,True
FRA-setlogisticocamionymontacargateamsterz-a,Fravega,OTRAS,Juguetes,Set Logístico camión y montacarga Teamsterz Amarillo,https://www.fravega.com/p/setlogisticocamionymontacargateamsterz-amarillo-990023880/,25290.0,19781.0,1,True
FRA-juego-de-mesa-monopoly-clasico-hasbro-c1,Fravega,OTRAS,Juguetes,Juego de Mesa Monopoly Clásico Hasbro C1009,https://www.fravega.com/p/juego-de-mesa-monopoly-clasico-hasbro-c1009-990049213/,109990.0,69990.0,1,True
FRA-juego-de-mesa-operation-shine-1700887-99,Fravega,OTRAS,Juguetes,Juego De Mesa Operation Shine 1700887,https://www.fravega.com/p/juego-de-mesa-operation-shine-1700887-990049567/,44990.0,31990.0,1,True
FRA-moto-electrica-a-bateria-infantil-rosa-y,Fravega,OTRAS,Juguetes,Moto Electrica A Bateria Infantil Rosa Yx-bdqs,https://www.fravega.com/p/moto-electrica-a-bateria-infantil-rosa-yx-bdqs-990053941/,329990.0,249990.01,1,True
FRA-muneca-pinypon-coche-con-figura-350510,Fravega,OTRAS,Juguetes,Muñeca Pinypon Coche con Figura,https://www.fravega.com/p/muneca-pinypon-coche-con-figura-350510/,44999.0,29999.0,1,True
FRA-xtrembotsfigura17-cmmyfirstprogrammabler,Fravega,OTRAS,Juguetes,Xtrem Bots Figura 17 Cm My First Programmable Robot Andy a Control Panel,https://www.fravega.com/p/xtrembotsfigura17-cmmyfirstprogrammablerobotandyacontrolpanel-990060873/,151800.0,78999.0,1,True
FRA-carpa-infantil-paw-patrol-350809,Fravega,OTRAS,Juguetes,Carpa Infantil Paw Patrol,https://www.fravega.com/p/carpa-infantil-paw-patrol-350809/,59999.0,25999.0,1,True
FRA-bloques-de-construccion-gadnic-magnetico,Fravega,OTRAS,Juguetes,Bloques De Construcción Gadnic Magnéticos 120 Piezas De Juguetes Para Niños,https://www.fravega.com/p/bloques-de-construccion-gadnic-magneticos-120-piezas-de-juguetes-para-ninos-990072122/,144039.0,110799.0,1,True
FRA-hasbro-figura-10cm-articulado-avengers-h,Fravega,OTRAS,Juguetes,Hasbro Figura 10cm Articulado Avengers Heroes Ironman,https://www.fravega.com/p/hasbro-figura-10cm-articulado-avengers-heroes-ironman-990148185/,15999.0,13999.0,1,True
FRA-hasbro-figura-10cm-articulado-avengers-h,Fravega,OTRAS,Juguetes,Hasbro Figura 10cm Articulado Avengers Heroes Thor,https://www.fravega.com/p/hasbro-figura-10cm-articulado-avengers-heroes-thor-990148235/,15999.0,13999.0,1,True
FRA-cochecito-de-bebe-paraguita-mu-reforzado,Fravega,OTRAS,Bebés y Primera Infancia,Cochecito de Bebe Paraguita MU Reforzado Color Gris,https://www.fravega.com/p/cochecito-de-bebe-paraguita-mu-reforzado-color-gris-680669/,99999.0,59999.0,1,True
FRA-butaca-sillita-para-auto-ninos-de-9-a-36,Fravega,OTRAS,Bebés y Primera Infancia,Butaca Sillita para Auto Ninos de 9 a 36 kg,https://www.fravega.com/p/butaca-sillita-para-auto-ninos-de-9-a-36-kg-680827/,139999.0,89999.0,1,True
FRA-mamadera-avent-natural-response-jirafa-s,Fravega,OTRAS,Bebés y Primera Infancia,Mamadera Avent Natural Response Jirafa SCY903 66 260 Ml,https://www.fravega.com/p/mamadera-avent-natural-response-jirafa-scy903-66-260-ml-680774/,41299.0,31999.0,1,True
FRA-coche-cuna-love-172-negro-680004,Fravega,OTRAS,Bebés y Primera Infancia,Coche Cuna Love 172 Negro,https://www.fravega.com/p/coche-cuna-love-172-negro-680004/,399999.0,179999.0,1,True
FRA-caminador-con-musica-bebesit-1226-celest,Fravega,OTRAS,Bebés y Primera Infancia,Caminador con Música Bebesit 1226 Celeste,https://www.fravega.com/p/caminador-con-musica-bebesit-1226-celeste-680445/,69999.0,44999.0,1,True
FRA-combo-banera-plegable-adaptador-termomet,Fravega,OTRAS,Bebés y Primera Infancia,Combo Bañera Plegable Adaptador Termometro Electronico Love B340 Gris,https://www.fravega.com/p/combo-banera-plegable-adaptador-termometro-electronico-love-b340-gris-21183849/,76400.0,61099.0,1,True
FRA-baby-call-gadnic-con-camara-vision-noctu,Fravega,OTRAS,Bebés y Primera Infancia,"Baby Call Gadnic con Cámara Visión Nocturna a Color 3,2"" Temperatura Ambiente",https://www.fravega.com/p/baby-call-gadnic-con-camara-vision-nocturna-a-color-3-2-temperatura-ambiente-20056044/,136564.0,105049.01,1,True
FRA-colchoneta-de-bebe-gadnic-gimnasio-music,Fravega,OTRAS,Bebés y Primera Infancia,Colchoneta de Bebe Gadnic Gimnasio Musical,https://www.fravega.com/p/colchoneta-de-bebe-gadnic-gimnasio-musical-990165631/,57199.0,43999.0,1,True
FRA-esterilizador-a-vapor-para-microondas-av,Fravega,OTRAS,Bebés y Primera Infancia,Esterilizador a vapor para microondas AVENT SCF28102,https://www.fravega.com/p/esterilizador-a-vapor-para-microondas-avent-scf28102-680151/,89999.0,64999.0,1,True
FRA-sacaleche-manual-gadnic-brp00104-150ml-9,Fravega,OTRAS,Bebés y Primera Infancia,Sacaleche Manual Gadnic BRP00104 150ml,https://www.fravega.com/p/sacaleche-manual-gadnic-brp00104-150ml-990068128/,15924.0,12249.0,1,True
FRA-cochecito-de-bebe-paseo-mu-reforzado-col,Fravega,OTRAS,Bebés y Primera Infancia,Cochecito de Bebe Paseo MU Reforzado Color Negro,https://www.fravega.com/p/cochecito-de-bebe-paseo-mu-reforzado-color-negro-680797/,219999.0,99999.0,1,True
FRA-cochecito-de-bebe-paseo-mu-reforzado-col,Fravega,OTRAS,Bebés y Primera Infancia,Cochecito de Bebe Paseo MU Reforzado Color Gris,https://www.fravega.com/p/cochecito-de-bebe-paseo-mu-reforzado-color-gris-680778/,219999.0,99999.0,1,True
FRA-chicco-cochecito-goody-xplus-black-re-lu,Fravega,CHICCO,Bebés y Primera Infancia,Chicco Cochecito Goody Xplus Black Re_lux 08087040560000,https://www.fravega.com/p/chicco-cochecito-goody-xplus-black-re-lux-08087040560000-990249433/,499990.0,369990.0,1,True
FRA-cochecito-cuna-recien-nacido-love-172-ro,Fravega,OTRAS,Bebés y Primera Infancia,Cochecito Cuna Recien Nacido Love 172 Rosa 05,https://www.fravega.com/p/cochecito-cuna-recien-nacido-love-172-rosa-05-50008258/,218400.0,174699.0,1,True
FRA-cochecito-de-bebe-paseo-mu-reforzado-col,Fravega,OTRAS,Bebés y Primera Infancia,Cochecito de Bebe Paseo MU Reforzado Color Azul,https://www.fravega.com/p/cochecito-de-bebe-paseo-mu-reforzado-color-azul-680820/,219999.0,99999.0,1,True
FRA-cochecito-compacto-foldy-bebesit-negro-9,Fravega,OTRAS,Bebés y Primera Infancia,Cochecito compacto FOLDY Bebesit negro,https://www.fravega.com/p/cochecito-compacto-foldy-bebesit-negro-990194434/,230557.0,154023.01,1,True
FRA-booster-s-respaldo-gofit-backless-410070,Fravega,OSTER,Bebés y Primera Infancia,Booster S/respaldo Gofit Backless (410070/10938),https://www.fravega.com/p/booster-s-respaldo-gofit-backless-410070-10938--990249437/,149990.0,129990.0,1,True
FRA-coche-paraguita-bebesit-neuf-convertible,Fravega,OTRAS,Bebés y Primera Infancia,Coche paragüita Bebesit Neuf Convertible en coche cuna Negro,https://www.fravega.com/p/coche-paraguita-bebesit-neuf-convertible-coche-cuna-negro-990065280/,126413.0,88488.98,1,True
FRA-coche-de-paseo-bebesit-3-1-sogno-gris-cl,Fravega,OTRAS,Bebés y Primera Infancia,Coche de Paseo Bebesit 3 En 1 Sogno Gris Claro,https://www.fravega.com/p/coche-de-paseo-bebesit-3-1-sogno-gris-claro-990158846/,440113.0,308079.0,1,True
FRA-cochecito-bebesit-1052-f-tours-paraguita,Fravega,OTRAS,Bebés y Primera Infancia,Cochecito Bebesit 1052-F Tours Paraguita Negro,https://www.fravega.com/p/cochecito-bebesit-1052-f-tours-paraguita-negro-990185317/,147558.0,91751.0,1,True
FRA-cochecito-compacto-beige-foldy-bebesit-9,Fravega,OTRAS,Bebés y Primera Infancia,Cochecito compacto beige FOLDY Bebesit,https://www.fravega.com/p/cochecito-compacto-beige-foldy-bebesit-990194433/,230557.0,154023.01,1,True
FRA-coche-travel-system-baby-one-roma-gris-b,Fravega,OTRAS,Bebés y Primera Infancia,Coche Travel System Baby One Roma Gris Bots-035,https://www.fravega.com/p/coche-travel-system-baby-one-roma-gris-bots-035-990263029/,319990.0,269990.0,1,True
FRA-cochecito-travel-system-infanti-romanzo-,Fravega,OTRAS,Bebés y Primera Infancia,Cochecito Travel System Infanti Romanzo negro,https://www.fravega.com/p/cochecito-travel-system-infanti-romanzo-negro-990275234/,999999.0,653999.0,1,True
FRA-cochecito-de-bebe-paraguita-mu-reforzado,Fravega,OTRAS,Bebés y Primera Infancia,Cochecito de Bebe Paraguita MU Reforzado Color Gris,https://www.fravega.com/p/cochecito-de-bebe-paraguita-mu-reforzado-color-gris-680669/,99999.0,59999.0,1,True
FRA-butaca-sillita-para-auto-ninos-de-9-a-36,Fravega,OTRAS,Bebés y Primera Infancia,Butaca Sillita para Auto Ninos de 9 a 36 kg,https://www.fravega.com/p/butaca-sillita-para-auto-ninos-de-9-a-36-kg-680827/,139999.0,89999.0,1,True
FRA-mamadera-avent-natural-response-jirafa-s,Fravega,OTRAS,Bebés y Primera Infancia,Mamadera Avent Natural Response Jirafa SCY903 66 260 Ml,https://www.fravega.com/p/mamadera-avent-natural-response-jirafa-scy903-66-260-ml-680774/,41299.0,31999.0,1,True
FRA-coche-cuna-love-172-negro-680004,Fravega,OTRAS,Bebés y Primera Infancia,Coche Cuna Love 172 Negro,https://www.fravega.com/p/coche-cuna-love-172-negro-680004/,399999.0,179999.0,1,True
FRA-caminador-con-musica-bebesit-1226-celest,Fravega,OTRAS,Bebés y Primera Infancia,Caminador con Música Bebesit 1226 Celeste,https://www.fravega.com/p/caminador-con-musica-bebesit-1226-celeste-680445/,69999.0,44999.0,1,True
FRA-combo-banera-plegable-adaptador-termomet,Fravega,OTRAS,Bebés y Primera Infancia,Combo Bañera Plegable Adaptador Termometro Electronico Love B340 Gris,https://www.fravega.com/p/combo-banera-plegable-adaptador-termometro-electronico-love-b340-gris-21183849/,76400.0,61099.0,1,True
FRA-baby-call-gadnic-con-camara-vision-noctu,Fravega,OTRAS,Bebés y Primera Infancia,"Baby Call Gadnic con Cámara Visión Nocturna a Color 3,2"" Temperatura Ambiente",https://www.fravega.com/p/baby-call-gadnic-con-camara-vision-nocturna-a-color-3-2-temperatura-ambiente-20056044/,136564.0,105049.01,1,True
FRA-colchoneta-de-bebe-gadnic-gimnasio-music,Fravega,OTRAS,Bebés y Primera Infancia,Colchoneta de Bebe Gadnic Gimnasio Musical,https://www.fravega.com/p/colchoneta-de-bebe-gadnic-gimnasio-musical-990165631/,57199.0,43999.0,1,True
FRA-esterilizador-a-vapor-para-microondas-av,Fravega,OTRAS,Bebés y Primera Infancia,Esterilizador a vapor para microondas AVENT SCF28102,https://www.fravega.com/p/esterilizador-a-vapor-para-microondas-avent-scf28102-680151/,89999.0,64999.0,1,True
FRA-sacaleche-manual-gadnic-brp00104-150ml-9,Fravega,OTRAS,Bebés y Primera Infancia,Sacaleche Manual Gadnic BRP00104 150ml,https://www.fravega.com/p/sacaleche-manual-gadnic-brp00104-150ml-990068128/,15924.0,12249.0,1,True
FRA-coche-cuna-de-disney-travel-system-con-h,Fravega,OTRAS,Bebés y Primera Infancia,Coche Cuna de Disney Travel System con Huevito Negro Mickey,https://www.fravega.com/p/coche-cuna-de-disney-travel-system-con-huevito-negro-mickey-22721705/,315329.0,242560.0,1,True
FRA-cochecito-bebes-3-1-traful-mawe-by-gadni,Fravega,OTRAS,Bebés y Primera Infancia,Cochecito Bebes 3 en 1 Traful Mawe by Gadnic Huevito Travel System,https://www.fravega.com/p/cochecito-bebes-3-1-traful-mawe-by-gadnic-huevito-travel-system-990286488/,468389.0,360299.0,1,True
FRA-cochecito-cuna-para-recien-nacido-manija,Fravega,OTRAS,Bebés y Primera Infancia,Cochecito Cuna para Recien Nacido Manija Rebatible y Cubre Pies Love 172 Aqua 03,https://www.fravega.com/p/cochecito-cuna-para-recien-nacido-manija-rebatible-y-cubre-pies-love-172-aqua-03-50008257/,218400.0,174699.0,1,True
FRA-cochecito-cuna-para-recien-nacido-manija,Fravega,OTRAS,Bebés y Primera Infancia,Cochecito Cuna para Recien Nacido Manija Rebatible y Cubre Pies Love 172 Rojo 02,https://www.fravega.com/p/cochecito-cuna-para-recien-nacido-manija-rebatible-y-cubre-pies-love-172-rojo-02-50008255/,218400.0,174699.0,1,True
FRA-coche-paraguita-bebesit-1058-neuf-negro-,Fravega,OTRAS,Bebés y Primera Infancia,Coche Paraguita Bebesit 1058 Neuf Negro,https://www.fravega.com/p/coche-paraguita-bebesit-1058-neuf-negro-50012683/,208503.0,135911.0,1,True
FRA-cochecito-de-bebe-joie-muze-travel-syste,Fravega,OTRAS,Bebés y Primera Infancia,Cochecito De Bebé Joie Muze Travel System De Paseo  Dark pewter,https://www.fravega.com/p/cochecito-de-bebe-joie-muze-travel-system-de-paseo-dark-pewter-20022918/,495990.0,395099.0,1,True
FRA-cochecito-huevito-love-smart-1010-negro-,Fravega,OTRAS,Bebés y Primera Infancia,Cochecito Huevito Love Smart 1010 Negro,https://www.fravega.com/p/cochecito-huevito-love-smart-1010-negro--20060570/,652900.0,522299.0,1,True
FRA-coche-cuna-de-bebe-travel-system-disney-,Fravega,OTRAS,Bebés y Primera Infancia,Coche Cuna de Bebe Travel System Disney Rosa Minnie,https://www.fravega.com/p/coche-cuna-de-bebe-travel-system-disney-rosa-minnie-20293913/,315330.0,242560.0,1,True
FRA-cochecito-travel-system-gris-claro-con-m,Fravega,OTRAS,Bebés y Primera Infancia,Cochecito Travel System Gris Claro con Manillar Rebatible,https://www.fravega.com/p/cochecito-travel-system-gris-claro-con-manillar-rebatible-990049447/,539840.0,418171.99,1,True
FRA-cochecito-de-paseo-bebesit-eos-c-bandeja,Fravega,OTRAS,Bebés y Primera Infancia,Cochecito de paseo Bebesit Eos C/bandeja Superior Verde 1337-J,https://www.fravega.com/p/cochecito-de-paseo-bebesit-eos-c-bandeja-superior-verde-1337-j-990052856/,153327.0,107329.0,1,True
FRA-coche-jogger-de-bebe-disney-negro-y-rosa,Fravega,OTRAS,Bebés y Primera Infancia,Coche Jogger de Bebe Disney Negro y Rosa con Huevito,https://www.fravega.com/p/coche-jogger-de-bebe-disney-negro-y-rosa-con-huevito-21186172/,341910.0,245805.0,1,True
FRA-coche-paraguitas-bebe-reforzado-disney-n,Fravega,OTRAS,Bebés y Primera Infancia,Coche Paraguitas Bebe Reforzado Disney Negro,https://www.fravega.com/p/coche-paraguitas-bebe-reforzado-disney-negro-21231871/,168510.0,110890.0,1,True
FRA-cochecito-paraguita-cartan-stl100-beige-,Fravega,OTRAS,Bebés y Primera Infancia,Cochecito Paraguita Cartan STL100 Beige,https://www.fravega.com/p/cochecito-paraguita-cartan-stl100-beige-21456990/,127990.0,105776.86,1,True
FRA-cochecito-funky-fresh-cielo-rebatible-de,Fravega,OTRAS,Bebés y Primera Infancia,Cochecito Funky Fresh Cielo Rebatible De Paseo Rosa,https://www.fravega.com/p/cochecito-funky-fresh-cielo-rebatible-de-paseo-rosa-22467282/,246258.0,123129.0,1,True
FRA-coche-cuna-reforzado-de-disney-con-manij,Fravega,OTRAS,Bebés y Primera Infancia,Coche Cuna Reforzado de Disney con Manija Rebatible Color Beige,https://www.fravega.com/p/coche-cuna-reforzado-de-disney-con-manija-rebatible-color-beige-22499280/,195080.0,136420.0,1,True
FRA-cochecito-de-bebe-paraguita-mu-reforzado,Fravega,OTRAS,Bebés y Primera Infancia,Cochecito de Bebe Paraguita MU Reforzado Color Gris,https://www.fravega.com/p/cochecito-de-bebe-paraguita-mu-reforzado-color-gris-680669/,99999.0,59999.0,1,True
FRA-butaca-sillita-para-auto-ninos-de-9-a-36,Fravega,OTRAS,Bebés y Primera Infancia,Butaca Sillita para Auto Ninos de 9 a 36 kg,https://www.fravega.com/p/butaca-sillita-para-auto-ninos-de-9-a-36-kg-680827/,139999.0,89999.0,1,True
FRA-mamadera-avent-natural-response-jirafa-s,Fravega,OTRAS,Bebés y Primera Infancia,Mamadera Avent Natural Response Jirafa SCY903 66 260 Ml,https://www.fravega.com/p/mamadera-avent-natural-response-jirafa-scy903-66-260-ml-680774/,41299.0,31999.0,1,True
FRA-coche-cuna-love-172-negro-680004,Fravega,OTRAS,Bebés y Primera Infancia,Coche Cuna Love 172 Negro,https://www.fravega.com/p/coche-cuna-love-172-negro-680004/,399999.0,179999.0,1,True
FRA-caminador-con-musica-bebesit-1226-celest,Fravega,OTRAS,Bebés y Primera Infancia,Caminador con Música Bebesit 1226 Celeste,https://www.fravega.com/p/caminador-con-musica-bebesit-1226-celeste-680445/,69999.0,44999.0,1,True
FRA-combo-banera-plegable-adaptador-termomet,Fravega,OTRAS,Bebés y Primera Infancia,Combo Bañera Plegable Adaptador Termometro Electronico Love B340 Gris,https://www.fravega.com/p/combo-banera-plegable-adaptador-termometro-electronico-love-b340-gris-21183849/,76400.0,61099.0,1,True
FRA-baby-call-gadnic-con-camara-vision-noctu,Fravega,OTRAS,Bebés y Primera Infancia,"Baby Call Gadnic con Cámara Visión Nocturna a Color 3,2"" Temperatura Ambiente",https://www.fravega.com/p/baby-call-gadnic-con-camara-vision-nocturna-a-color-3-2-temperatura-ambiente-20056044/,136564.0,105049.01,1,True
FRA-colchoneta-de-bebe-gadnic-gimnasio-music,Fravega,OTRAS,Bebés y Primera Infancia,Colchoneta de Bebe Gadnic Gimnasio Musical,https://www.fravega.com/p/colchoneta-de-bebe-gadnic-gimnasio-musical-990165631/,57199.0,43999.0,1,True
FRA-esterilizador-a-vapor-para-microondas-av,Fravega,OTRAS,Bebés y Primera Infancia,Esterilizador a vapor para microondas AVENT SCF28102,https://www.fravega.com/p/esterilizador-a-vapor-para-microondas-avent-scf28102-680151/,89999.0,64999.0,1,True
FRA-sacaleche-manual-gadnic-brp00104-150ml-9,Fravega,OTRAS,Bebés y Primera Infancia,Sacaleche Manual Gadnic BRP00104 150ml,https://www.fravega.com/p/sacaleche-manual-gadnic-brp00104-150ml-990068128/,15924.0,12249.0,1,True
FRA-cochecito-de-paseo-ultracompacto-bebesit,Fravega,OTRAS,Bebés y Primera Infancia,Cochecito de Paseo UltraCompacto Bebesit Negro,https://www.fravega.com/p/cochecito-de-paseo-ultracompacto-bebesit-negro-990245839/,159313.0,111519.0,1,True
FRA-coche-de-paseo-bebesit-manillar-rebatibl,Fravega,OTRAS,Bebés y Primera Infancia,Coche De Paseo Bebesit Manillar Rebatible Y Varias Posiciones Azul 1390-D,https://www.fravega.com/p/coche-de-paseo-bebesit-manillar-rebatible-y-varias-posiciones-azul-1390-d-990247569/,243170.0,170218.99,1,True
FRA-chicco-pocket-snack-silla-portatil-regul,Fravega,CHICCO,Bebés y Primera Infancia,Chicco Pocket Snack Silla Portatil Regulable 470070,https://www.fravega.com/p/chicco-pocket-snack-silla-portatil-regulable-470070-990249438/,99990.0,79990.0,1,True
FRA-chicco-coche-we-black-607988595-99026529,Fravega,CHICCO,Bebés y Primera Infancia,Chicco Coche We-black 607988595,https://www.fravega.com/p/chicco-coche-we-black-607988595-990265296/,399990.0,299990.0,1,True
FRA-chicco-coche-de-paseo-glee-uneven-black-,Fravega,CHICCO,Bebés y Primera Infancia,Chicco Coche De Paseo Glee Uneven Black 8087068730,https://www.fravega.com/p/chicco-coche-de-paseo-glee-uneven-black-8087068730-990265625/,499990.0,209989.99,1,True
FRA-chicco-coche-de-paseo-glee-playful-black,Fravega,CHICCO,Bebés y Primera Infancia,Chicco Coche De Paseo Glee Playful Black 0808706875 27680 Negro,https://www.fravega.com/p/chicco-coche-de-paseo-glee-playful-black-0808706875-27680-negro-990267983/,499990.0,189990.0,1,True
FRA-coche-cuna-bebesit-eos-travel-system-de-,Fravega,OTRAS,Bebés y Primera Infancia,Coche Cuna Bebesit Eos Travel System De Paseo Con Huevito,https://www.fravega.com/p/coche-cuna-bebesit-eos-travel-system-de-paseo-con-huevito-990268809/,299999.99,269999.0,1,True
FRA-cochecito-plegable-compacto-c-manija-neg,Fravega,OTRAS,Bebés y Primera Infancia,Cochecito Plegable Compacto C/Manija Negro Bebesit,https://www.fravega.com/p/cochecito-plegable-compacto-c-manija-negro-bebesit-990274990/,187427.0,131199.01,1,True
FRA-cochecito-con-huevito-pompeya-infanti-99,Fravega,OTRAS,Bebés y Primera Infancia,Cochecito con huevito Pompeya Infanti,https://www.fravega.com/p/cochecito-con-huevito-pompeya-infanti-990275249/,549999.0,417999.0,1,True
FRA-cochecito-zelia-s-trio-3-1-dark-grey-max,Fravega,OTRAS,Bebés y Primera Infancia,COCHECITO ZELIA S TRIO 3 EN 1 DARK GREY MAXI COSI,https://www.fravega.com/p/cochecito-zelia-s-trio-3-1-dark-grey-maxi-cosi-990275251/,1999999.0,1129999.0,1,True
FRA-cochecito-travel-system-infanti-padua-2g,Fravega,OTRAS,Bebés y Primera Infancia,Cochecito Travel System Infanti Padua 2G Rosa,https://www.fravega.com/p/cochecito-travel-system-infanti-padua-2g-rosa-990275253/,899999.0,519999.0,1,True
FRA-coche-cuna-de-bebes-reforzado-de-mickey-,Fravega,OTRAS,Bebés y Primera Infancia,Coche Cuna de Bebes Reforzado de Mickey Gris,https://www.fravega.com/p/coche-cuna-de-bebes-reforzado-de-mickey-gris-22721654/,169720.0,130555.0,1,True
FRA-cochecito-de-paseo-bebesit-eos-art1337-a,Fravega,OTRAS,Bebés y Primera Infancia,Cochecito De Paseo Bebesit Eos Art1337 Azul Con Chasis Color Negro,https://www.fravega.com/p/cochecito-de-paseo-bebesit-eos-art1337-azul-con-chasis-color-negro-22726176/,181199.0,149751.24,1,True
FRA-cochecito-con-moises-y-huevito-3-1-bring,Fravega,OTRAS,Bebés y Primera Infancia,Cochecito con Moises y Huevito 3 en 1 Bring Tryp rojo 5430,https://www.fravega.com/p/cochecito-con-moises-y-huevito-3-1-bring-tryp-rojo-5430-10007005/,492000.0,393599.0,1,True
FRA-cochecito-de-bebe-bring-fores-5310-rojo-,Fravega,OTRAS,Bebés y Primera Infancia,Cochecito de Bebé Bring Fores 5310 Rojo,https://www.fravega.com/p/cochecito-de-bebe-bring-fores-5310-rojo-10006983/,1792000.0,1433599.0,1,True
FRA-cochecito-de-bebe-paraguita-mu-reforzado,Fravega,OTRAS,Bebés y Primera Infancia,Cochecito de Bebe Paraguita MU Reforzado Color Gris,https://www.fravega.com/p/cochecito-de-bebe-paraguita-mu-reforzado-color-gris-680669/,99999.0,59999.0,1,True
FRA-butaca-sillita-para-auto-ninos-de-9-a-36,Fravega,OTRAS,Bebés y Primera Infancia,Butaca Sillita para Auto Ninos de 9 a 36 kg,https://www.fravega.com/p/butaca-sillita-para-auto-ninos-de-9-a-36-kg-680827/,139999.0,89999.0,1,True
FRA-mamadera-avent-natural-response-jirafa-s,Fravega,OTRAS,Bebés y Primera Infancia,Mamadera Avent Natural Response Jirafa SCY903 66 260 Ml,https://www.fravega.com/p/mamadera-avent-natural-response-jirafa-scy903-66-260-ml-680774/,41299.0,31999.0,1,True
FRA-coche-cuna-love-172-negro-680004,Fravega,OTRAS,Bebés y Primera Infancia,Coche Cuna Love 172 Negro,https://www.fravega.com/p/coche-cuna-love-172-negro-680004/,399999.0,179999.0,1,True
FRA-caminador-con-musica-bebesit-1226-celest,Fravega,OTRAS,Bebés y Primera Infancia,Caminador con Música Bebesit 1226 Celeste,https://www.fravega.com/p/caminador-con-musica-bebesit-1226-celeste-680445/,69999.0,44999.0,1,True
FRA-combo-banera-plegable-adaptador-termomet,Fravega,OTRAS,Bebés y Primera Infancia,Combo Bañera Plegable Adaptador Termometro Electronico Love B340 Gris,https://www.fravega.com/p/combo-banera-plegable-adaptador-termometro-electronico-love-b340-gris-21183849/,76400.0,61099.0,1,True
FRA-baby-call-gadnic-con-camara-vision-noctu,Fravega,OTRAS,Bebés y Primera Infancia,"Baby Call Gadnic con Cámara Visión Nocturna a Color 3,2"" Temperatura Ambiente",https://www.fravega.com/p/baby-call-gadnic-con-camara-vision-nocturna-a-color-3-2-temperatura-ambiente-20056044/,136564.0,105049.01,1,True
FRA-colchoneta-de-bebe-gadnic-gimnasio-music,Fravega,OTRAS,Bebés y Primera Infancia,Colchoneta de Bebe Gadnic Gimnasio Musical,https://www.fravega.com/p/colchoneta-de-bebe-gadnic-gimnasio-musical-990165631/,57199.0,43999.0,1,True
FRA-esterilizador-a-vapor-para-microondas-av,Fravega,OTRAS,Bebés y Primera Infancia,Esterilizador a vapor para microondas AVENT SCF28102,https://www.fravega.com/p/esterilizador-a-vapor-para-microondas-avent-scf28102-680151/,89999.0,64999.0,1,True
FRA-sacaleche-manual-gadnic-brp00104-150ml-9,Fravega,OTRAS,Bebés y Primera Infancia,Sacaleche Manual Gadnic BRP00104 150ml,https://www.fravega.com/p/sacaleche-manual-gadnic-brp00104-150ml-990068128/,15924.0,12249.0,1,True
FRA-cochecito-de-bebe-paraguitas-mini-cooper,Fravega,OTRAS,Bebés y Primera Infancia,Cochecito de Bebe Paragüitas Mini Cooper Buggy Blue,https://www.fravega.com/p/cochecito-de-bebe-paraguitas-mini-cooper-buggy-blue-10006858/,293000.0,234399.0,1,True
FRA-cochecito-de-bebe-paraguitas-mini-cooper,Fravega,OTRAS,Bebés y Primera Infancia,Cochecito de Bebe Paragüitas Mini Cooper Buggy Black Jack,https://www.fravega.com/p/cochecito-de-bebe-paraguitas-mini-cooper-buggy-black-jack-10006856/,293000.0,234399.0,1,True
FRA-cochecito-de-bebe-paraguitas-mini-cooper,Fravega,OTRAS,Bebés y Primera Infancia,Cochecito de Bebe Paragüitas Mini Cooper Buggy XL Black Jack,https://www.fravega.com/p/cochecito-de-bebe-paraguitas-mini-cooper-buggy-xl-black-jack-10008123/,320200.0,256099.0,1,True
FRA-cochecito-de-bebe-paraguitas-mini-cooper,Fravega,OTRAS,Bebés y Primera Infancia,Cochecito de Bebé Paragüitas Mini Cooper Buggy XL Blazing Red,https://www.fravega.com/p/cochecito-de-bebe-paraguitas-mini-cooper-buggy-xl-blazing-red-10008090/,320200.0,256099.0,1,True
FRA-cochecito-de-bebe-paraguitas-mini-cooper,Fravega,OTRAS,Bebés y Primera Infancia,Cochecito de Bebe Paragüitas Mini Cooper Buggy Blazing Red,https://www.fravega.com/p/cochecito-de-bebe-paraguitas-mini-cooper-buggy-blazing-red-10006860/,293000.0,234399.0,1,True
FRA-cochecito-de-paseo-3-ruedas-love-297-roj,Fravega,OTRAS,Bebés y Primera Infancia,Cochecito de Paseo 3 Ruedas Love 297 Rojo 07,https://www.fravega.com/p/cochecito-de-paseo-3-ruedas-love-297-rojo-07-50005386/,149300.0,119399.0,1,True
FRA-cochecito-de-paseo-bright-starts-baby-jo,Fravega,OTRAS,Bebés y Primera Infancia,Cochecito de Paseo Bright starts Baby Jogger City Versa,https://www.fravega.com/p/cochecito-de-paseo-bright-starts-baby-jogger-city-versa-50005421/,1801400.0,1441099.0,1,True
FRA-cochecito-de-paseo-baby-go-223-verde-500,Fravega,OTRAS,Bebés y Primera Infancia,Cochecito De Paseo Baby Go 223 Verde,https://www.fravega.com/p/cochecito-de-paseo-baby-go-223-verde-50005403/,1783700.0,1426899.0,1,True
FRA-cochecito-de-paseo-3-ruedas-love-297-neg,Fravega,OTRAS,Bebés y Primera Infancia,Cochecito de Paseo 3 Ruedas Love 297 Negro 09,https://www.fravega.com/p/cochecito-de-paseo-3-ruedas-love-297-negro-09-50005412/,149300.0,119399.0,1,True
FRA-cochecito-de-paseo-3-ruedas-love-297-lin,Fravega,OTRAS,Bebés y Primera Infancia,Cochecito de Paseo 3 Ruedas Love 297 Linen 07,https://www.fravega.com/p/cochecito-de-paseo-3-ruedas-love-297-linen-07-50005408/,149300.0,119399.0,1,True
FRA-cochecito-de-bebe-paraguitas-love-195-ne,Fravega,OTRAS,Bebés y Primera Infancia,Cochecito de Bebe Paragüitas Love 195 Negro,https://www.fravega.com/p/cochecito-de-bebe-paraguitas-love-195-negro-50007325/,141800.0,113399.0,1,True
FRA-cochecito-de-bebe-paraguitas-love-195-ro,Fravega,OTRAS,Bebés y Primera Infancia,Cochecito de Bebé Paragüitas Love 195 Rojo,https://www.fravega.com/p/cochecito-de-bebe-paraguitas-love-195-rojo-50007327/,141800.0,113399.0,1,True
FRA-coche-paraguita-bebesit-1058-neuf-negro-,Fravega,OTRAS,Bebés y Primera Infancia,Coche Paraguita Bebesit 1058 Neuf Negro Rojo,https://www.fravega.com/p/coche-paraguita-bebesit-1058-neuf-negro-rojo-50012677/,208503.0,135911.0,1,True
FRA-coche-paraguita-bebesit-1058-neuf-negro-,Fravega,OTRAS,Bebés y Primera Infancia,Coche Paraguita Bebesit 1058 Neuf Negro Bordo,https://www.fravega.com/p/coche-paraguita-bebesit-1058-neuf-negro-bordo-50012680/,208503.0,135911.0,1,True
FRA-coche-paraguita-bebesit-1058-neuf-negro-,Fravega,OTRAS,Bebés y Primera Infancia,Coche Paraguita Bebesit 1058 Neuf Negro Verde,https://www.fravega.com/p/coche-paraguita-bebesit-1058-neuf-negro-verde-50012679/,208503.0,135911.0,1,True
FRA-cochecito-de-bebe-paraguita-mu-reforzado,Fravega,OTRAS,Bebés y Primera Infancia,Cochecito de Bebe Paraguita MU Reforzado Color Gris,https://www.fravega.com/p/cochecito-de-bebe-paraguita-mu-reforzado-color-gris-680669/,99999.0,59999.0,1,True
FRA-butaca-sillita-para-auto-ninos-de-9-a-36,Fravega,OTRAS,Bebés y Primera Infancia,Butaca Sillita para Auto Ninos de 9 a 36 kg,https://www.fravega.com/p/butaca-sillita-para-auto-ninos-de-9-a-36-kg-680827/,139999.0,89999.0,1,True
FRA-mamadera-avent-natural-response-jirafa-s,Fravega,OTRAS,Bebés y Primera Infancia,Mamadera Avent Natural Response Jirafa SCY903 66 260 Ml,https://www.fravega.com/p/mamadera-avent-natural-response-jirafa-scy903-66-260-ml-680774/,41299.0,31999.0,1,True
FRA-coche-cuna-love-172-negro-680004,Fravega,OTRAS,Bebés y Primera Infancia,Coche Cuna Love 172 Negro,https://www.fravega.com/p/coche-cuna-love-172-negro-680004/,399999.0,179999.0,1,True
FRA-caminador-con-musica-bebesit-1226-celest,Fravega,OTRAS,Bebés y Primera Infancia,Caminador con Música Bebesit 1226 Celeste,https://www.fravega.com/p/caminador-con-musica-bebesit-1226-celeste-680445/,69999.0,44999.0,1,True
FRA-combo-banera-plegable-adaptador-termomet,Fravega,OTRAS,Bebés y Primera Infancia,Combo Bañera Plegable Adaptador Termometro Electronico Love B340 Gris,https://www.fravega.com/p/combo-banera-plegable-adaptador-termometro-electronico-love-b340-gris-21183849/,76400.0,61099.0,1,True
FRA-baby-call-gadnic-con-camara-vision-noctu,Fravega,OTRAS,Bebés y Primera Infancia,"Baby Call Gadnic con Cámara Visión Nocturna a Color 3,2"" Temperatura Ambiente",https://www.fravega.com/p/baby-call-gadnic-con-camara-vision-nocturna-a-color-3-2-temperatura-ambiente-20056044/,136564.0,105049.01,1,True
FRA-colchoneta-de-bebe-gadnic-gimnasio-music,Fravega,OTRAS,Bebés y Primera Infancia,Colchoneta de Bebe Gadnic Gimnasio Musical,https://www.fravega.com/p/colchoneta-de-bebe-gadnic-gimnasio-musical-990165631/,57199.0,43999.0,1,True
FRA-esterilizador-a-vapor-para-microondas-av,Fravega,OTRAS,Bebés y Primera Infancia,Esterilizador a vapor para microondas AVENT SCF28102,https://www.fravega.com/p/esterilizador-a-vapor-para-microondas-avent-scf28102-680151/,89999.0,64999.0,1,True
FRA-sacaleche-manual-gadnic-brp00104-150ml-9,Fravega,OTRAS,Bebés y Primera Infancia,Sacaleche Manual Gadnic BRP00104 150ml,https://www.fravega.com/p/sacaleche-manual-gadnic-brp00104-150ml-990068128/,15924.0,12249.0,1,True
FRA-coche-paraguitas-bebesit-1052-tours-negr,Fravega,OTRAS,Bebés y Primera Infancia,Coche Paraguitas Bebesit 1052 Tours Negro Lila,https://www.fravega.com/p/coche-paraguitas-bebesit-1052-tours-negro-lila-50012675/,147558.0,91751.0,1,True
FRA-coche-paraguitas-bebesit-1052-tours-negr,Fravega,OTRAS,Bebés y Primera Infancia,Coche Paraguitas Bebesit 1052 Tours Negro Celeste,https://www.fravega.com/p/coche-paraguitas-bebesit-1052-tours-negro-celeste-50012678/,147558.0,91751.0,1,True
FRA-coche-paraguitas-bebesit-1052-tours-negr,Fravega,OTRAS,Bebés y Primera Infancia,Coche Paraguitas Bebesit 1052 Tours Negro Verde,https://www.fravega.com/p/coche-paraguitas-bebesit-1052-tours-negro-verde-50012673/,147558.0,91751.0,1,True
FRA-coche-paraguitas-con-multiposiciones-dis,Fravega,OTRAS,Bebés y Primera Infancia,Coche Paraguitas con Multiposiciones Disney Gris y Rojo Mickey,https://www.fravega.com/p/coche-paraguitas-con-multiposiciones-disney-gris-y-rojo-mickey-50017015/,154280.0,100359.0,1,True
FRA-coche-paraguitas-con-multiposiciones-dis,Fravega,OTRAS,Bebés y Primera Infancia,Coche Paraguitas con Multiposiciones Disney Negro y Rojo Mickey,https://www.fravega.com/p/coche-paraguitas-con-multiposiciones-disney-negro-y-rojo-mickey-50017017/,154280.0,100359.0,1,True
FRA-cochecito-moises-love-smart-1009-negro-g,Fravega,OTRAS,Bebés y Primera Infancia,Cochecito Moises Love Smart 1009 Negro Gold 2 en 1,https://www.fravega.com/p/cochecito-moises-love-smart-1009-negro-gold-2-1-20060568/,301200.0,240899.0,1,True
FRA-cochecito-moises-love-smart-1009-linen-0,Fravega,OTRAS,Bebés y Primera Infancia,Cochecito Moises Love Smart 1009 Linen 08 2 en 1,https://www.fravega.com/p/cochecito-moises-love-smart-1009-linen-08-2-1-20060569/,301200.0,240899.0,1,True
FRA-cochecito-huevito-love-smart-1010-azul--,Fravega,OTRAS,Bebés y Primera Infancia,Cochecito Huevito Love Smart 1010 Azul,https://www.fravega.com/p/cochecito-huevito-love-smart-1010-azul--20060572/,652900.0,522299.0,1,True
FRA-cochecito-huevito-love-smart-1010-gris--,Fravega,OTRAS,Bebés y Primera Infancia,Cochecito Huevito Love Smart 1010 Gris,https://www.fravega.com/p/cochecito-huevito-love-smart-1010-gris--20060573/,652900.0,522299.0,1,True
FRA-cochecito-love-smart-1011-rojo-ultrapleg,Fravega,OTRAS,Bebés y Primera Infancia,Cochecito Love Smart 1011 Rojo Ultraplegable,https://www.fravega.com/p/cochecito-love-smart-1011-rojo-ultraplegable-20060575/,243700.0,194899.0,1,True
FRA-cochecito-huevito-love-smart-1010-beige-,Fravega,OTRAS,Bebés y Primera Infancia,Cochecito Huevito Love Smart 1010 Beige,https://www.fravega.com/p/cochecito-huevito-love-smart-1010-beige--20060574/,652900.0,522299.0,1,True
FRA-cochecito-love-smart-1011-black-ultraple,Fravega,OTRAS,Bebés y Primera Infancia,Cochecito Love Smart 1011 Black Ultraplegable,https://www.fravega.com/p/cochecito-love-smart-1011-black-ultraplegable-20060576/,243700.0,194899.0,1,True
FRA-cochecito-love-smart-1011-gris-ultrapleg,Fravega,OTRAS,Bebés y Primera Infancia,Cochecito Love Smart 1011 Gris Ultraplegable,https://www.fravega.com/p/cochecito-love-smart-1011-gris-ultraplegable-20060578/,243700.0,194899.0,1,True
FRA-cochecito-love-smart-1011-grafito-ultrap,Fravega,OTRAS,Bebés y Primera Infancia,Cochecito Love Smart 1011 Grafito Ultraplegable,https://www.fravega.com/p/cochecito-love-smart-1011-grafito-ultraplegable-20060577/,243700.0,194899.0,1,True
FRA-cochecito-de-paseo-bebesit-1390-aeris-gr,Fravega,OTRAS,Bebés y Primera Infancia,Cochecito de Paseo Bebesit 1390 Aeris Gris,https://www.fravega.com/p/cochecito-de-paseo-bebesit-1390-aeris-gris-680929/,299999.0,154999.0,1,True
FRA-cochecito-de-bebe-paraguita-mu-reforzado,Fravega,OTRAS,Bebés y Primera Infancia,Cochecito de Bebe Paraguita MU Reforzado Color Gris,https://www.fravega.com/p/cochecito-de-bebe-paraguita-mu-reforzado-color-gris-680669/,99999.0,59999.0,1,True
FRA-butaca-sillita-para-auto-ninos-de-9-a-36,Fravega,OTRAS,Bebés y Primera Infancia,Butaca Sillita para Auto Ninos de 9 a 36 kg,https://www.fravega.com/p/butaca-sillita-para-auto-ninos-de-9-a-36-kg-680827/,139999.0,89999.0,1,True
FRA-mamadera-avent-natural-response-jirafa-s,Fravega,OTRAS,Bebés y Primera Infancia,Mamadera Avent Natural Response Jirafa SCY903 66 260 Ml,https://www.fravega.com/p/mamadera-avent-natural-response-jirafa-scy903-66-260-ml-680774/,41299.0,31999.0,1,True
FRA-coche-cuna-love-172-negro-680004,Fravega,OTRAS,Bebés y Primera Infancia,Coche Cuna Love 172 Negro,https://www.fravega.com/p/coche-cuna-love-172-negro-680004/,399999.0,179999.0,1,True
FRA-caminador-con-musica-bebesit-1226-celest,Fravega,OTRAS,Bebés y Primera Infancia,Caminador con Música Bebesit 1226 Celeste,https://www.fravega.com/p/caminador-con-musica-bebesit-1226-celeste-680445/,69999.0,44999.0,1,True
FRA-combo-banera-plegable-adaptador-termomet,Fravega,OTRAS,Bebés y Primera Infancia,Combo Bañera Plegable Adaptador Termometro Electronico Love B340 Gris,https://www.fravega.com/p/combo-banera-plegable-adaptador-termometro-electronico-love-b340-gris-21183849/,76400.0,61099.0,1,True
FRA-baby-call-gadnic-con-camara-vision-noctu,Fravega,OTRAS,Bebés y Primera Infancia,"Baby Call Gadnic con Cámara Visión Nocturna a Color 3,2"" Temperatura Ambiente",https://www.fravega.com/p/baby-call-gadnic-con-camara-vision-nocturna-a-color-3-2-temperatura-ambiente-20056044/,136564.0,105049.01,1,True
FRA-colchoneta-de-bebe-gadnic-gimnasio-music,Fravega,OTRAS,Bebés y Primera Infancia,Colchoneta de Bebe Gadnic Gimnasio Musical,https://www.fravega.com/p/colchoneta-de-bebe-gadnic-gimnasio-musical-990165631/,57199.0,43999.0,1,True
FRA-esterilizador-a-vapor-para-microondas-av,Fravega,OTRAS,Bebés y Primera Infancia,Esterilizador a vapor para microondas AVENT SCF28102,https://www.fravega.com/p/esterilizador-a-vapor-para-microondas-avent-scf28102-680151/,89999.0,64999.0,1,True
FRA-sacaleche-manual-gadnic-brp00104-150ml-9,Fravega,OTRAS,Bebés y Primera Infancia,Sacaleche Manual Gadnic BRP00104 150ml,https://www.fravega.com/p/sacaleche-manual-gadnic-brp00104-150ml-990068128/,15924.0,12249.0,1,True
FRA-alfombra-sensorial-inflable-con-agua-y-a,Fravega,OTRAS,Bebés y Primera Infancia,Alfombra Sensorial Inflable con Agua y Aire Love 4230 Peces,https://www.fravega.com/p/alfombra-sensorial-inflable-con-agua-y-aire-love-4230-peces-680591/,10999.0,6999.0,1,True
FRA-corralito-gimnasio-para-bebe-love-hex-gr,Fravega,OTRAS,Bebés y Primera Infancia,Corralito Gimnasio Para Bebé Love Hex Gris 880,https://www.fravega.com/p/corralito-gimnasio-para-bebe-love-hex-gris-880-680908/,69999.0,49999.0,1,True
FRA-cuna-colecho-convertible-5-1-escritorio-,Fravega,OTRAS,Bebés y Primera Infancia,Cuna Colecho Convertible 5 En 1 Escritorio + Placard + Chifonier,https://www.fravega.com/p/cuna-colecho-convertible-5-1-escritorio-placard-chifonier-21255998/,710000.0,576400.0,1,True
FRA-colchon-50x100x10-cuna--21500206,Fravega,OTRAS,Bebés y Primera Infancia,Colchón 50x100x10 Cuna,https://www.fravega.com/p/colchon-50x100x10-cuna--21500206/,49334.0,32807.3,1,True
FRA-practicuna-colecho-bebesit-gris-50039698,Fravega,OTRAS,Bebés y Primera Infancia,Practicuna Colecho Bebesit Gris,https://www.fravega.com/p/practicuna-colecho-bebesit-gris-50039698/,256198.0,178863.0,1,True
FRA-colchon-de-cuna-60x120x10-21500208,Fravega,OTRAS,Bebés y Primera Infancia,Colchón De Cuna 60x120x10,https://www.fravega.com/p/colchon-de-cuna-60x120x10-21500208/,64500.0,42892.5,1,True
FRA-colchon-80x140x10-cuna-funcional--215002,Fravega,OTRAS,Bebés y Primera Infancia,Colchón 80x140x10 Cuna Funcional,https://www.fravega.com/p/colchon-80x140x10-cuna-funcional--21500217/,96630.0,64258.95,1,True
FRA-pelotero-montessori-bebes-ninos-rigido-9,Fravega,OTRAS,Bebés y Primera Infancia,Pelotero Montessori Bebes Niños Rígido 90cm  Gris Corralito,https://www.fravega.com/p/pelotero-montessori-bebes-ninos-rigido-90cm-gris-corralito-22766203/,120000.0,79999.0,1,True
FRA-practicuna-colecho-bebesit-celeste-50039,Fravega,OTRAS,Bebés y Primera Infancia,Practicuna Colecho Bebesit Celeste,https://www.fravega.com/p/practicuna-colecho-bebesit-celeste-50039696/,256198.0,178863.0,1,True
FRA-cuna-bebesit-colecho-gris-990268241,Fravega,OTRAS,Bebés y Primera Infancia,Cuna Bebesit Colecho Gris,https://www.fravega.com/p/cuna-bebesit-colecho-gris-990268241/,174999.99,139999.99,1,True
FRA-mosquitero-para-cochecito-o-cuna-univers,Fravega,OTRAS,Bebés y Primera Infancia,Mosquitero para Cochecito o Cuna Universal Love 2730,https://www.fravega.com/p/mosquitero-para-cochecito-o-cuna-universal-love-2730-50005433/,15000.0,11999.0,1,True
FRA-vibrador-para-cuna-love-800-negro-500055,Fravega,OTRAS,Bebés y Primera Infancia,Vibrador para Cuna Love 800 Negro,https://www.fravega.com/p/vibrador-para-cuna-love-800-negro-50005528/,17000.0,13599.0,1,True
FRA-corralito-desmontable-love-880-rosa-2120,Fravega,OTRAS,Bebés y Primera Infancia,Corralito Desmontable Love 880  Rosa,https://www.fravega.com/p/corralito-desmontable-love-880-rosa-21202587/,83700.0,66899.0,1,True
FRA-corralito-desmontable-love-881-con-pelot,Fravega,OTRAS,Bebés y Primera Infancia,Corralito Desmontable Love 881 con Pelotitas y Aro Negro,https://www.fravega.com/p/corralito-desmontable-love-881-con-pelotitas-y-aro-negro-21202596/,111000.0,88799.0,1,True
FRA-cuna-colecho-multifuncion-5-en1-21214921,Fravega,OTRAS,Bebés y Primera Infancia,Cuna Colecho Multifuncion 5 en1,https://www.fravega.com/p/cuna-colecho-multifuncion-5-en1-21214921/,298800.0,226400.0,1,True
FRA-cochecito-de-bebe-paraguita-mu-reforzado,Fravega,OTRAS,Bebés y Primera Infancia,Cochecito de Bebe Paraguita MU Reforzado Color Gris,https://www.fravega.com/p/cochecito-de-bebe-paraguita-mu-reforzado-color-gris-680669/,99999.0,59999.0,1,True
FRA-butaca-sillita-para-auto-ninos-de-9-a-36,Fravega,OTRAS,Bebés y Primera Infancia,Butaca Sillita para Auto Ninos de 9 a 36 kg,https://www.fravega.com/p/butaca-sillita-para-auto-ninos-de-9-a-36-kg-680827/,139999.0,89999.0,1,True
FRA-mamadera-avent-natural-response-jirafa-s,Fravega,OTRAS,Bebés y Primera Infancia,Mamadera Avent Natural Response Jirafa SCY903 66 260 Ml,https://www.fravega.com/p/mamadera-avent-natural-response-jirafa-scy903-66-260-ml-680774/,41299.0,31999.0,1,True
FRA-coche-cuna-love-172-negro-680004,Fravega,OTRAS,Bebés y Primera Infancia,Coche Cuna Love 172 Negro,https://www.fravega.com/p/coche-cuna-love-172-negro-680004/,399999.0,179999.0,1,True
FRA-caminador-con-musica-bebesit-1226-celest,Fravega,OTRAS,Bebés y Primera Infancia,Caminador con Música Bebesit 1226 Celeste,https://www.fravega.com/p/caminador-con-musica-bebesit-1226-celeste-680445/,69999.0,44999.0,1,True
FRA-combo-banera-plegable-adaptador-termomet,Fravega,OTRAS,Bebés y Primera Infancia,Combo Bañera Plegable Adaptador Termometro Electronico Love B340 Gris,https://www.fravega.com/p/combo-banera-plegable-adaptador-termometro-electronico-love-b340-gris-21183849/,76400.0,61099.0,1,True
FRA-baby-call-gadnic-con-camara-vision-noctu,Fravega,OTRAS,Bebés y Primera Infancia,"Baby Call Gadnic con Cámara Visión Nocturna a Color 3,2"" Temperatura Ambiente",https://www.fravega.com/p/baby-call-gadnic-con-camara-vision-nocturna-a-color-3-2-temperatura-ambiente-20056044/,136564.0,105049.01,1,True
FRA-colchoneta-de-bebe-gadnic-gimnasio-music,Fravega,OTRAS,Bebés y Primera Infancia,Colchoneta de Bebe Gadnic Gimnasio Musical,https://www.fravega.com/p/colchoneta-de-bebe-gadnic-gimnasio-musical-990165631/,57199.0,43999.0,1,True
FRA-esterilizador-a-vapor-para-microondas-av,Fravega,OTRAS,Bebés y Primera Infancia,Esterilizador a vapor para microondas AVENT SCF28102,https://www.fravega.com/p/esterilizador-a-vapor-para-microondas-avent-scf28102-680151/,89999.0,64999.0,1,True
FRA-sacaleche-manual-gadnic-brp00104-150ml-9,Fravega,OTRAS,Bebés y Primera Infancia,Sacaleche Manual Gadnic BRP00104 150ml,https://www.fravega.com/p/sacaleche-manual-gadnic-brp00104-150ml-990068128/,15924.0,12249.0,1,True
FRA-cuna-colecho-convertible-5-1-escritorio-,Fravega,OTRAS,Bebés y Primera Infancia,Cuna Colecho Convertible 5 en 1 Escritorio Con Colchon,https://www.fravega.com/p/cuna-colecho-convertible-5-1-escritorio-con-colchon--21215810/,384900.0,291600.0,1,True
FRA-cuna-multifuncion-colecho-escritorio-con,Fravega,OTRAS,Bebés y Primera Infancia,Cuna Multifunción Colecho Escritorio Con Colchon De 100x50,https://www.fravega.com/p/cuna-multifuncion-colecho-escritorio-con-colchon-de-100x50-21216331/,389500.0,295100.0,1,True
FRA-cama-montessori-estrella-blanco-y-rosa-c,Fravega,OTRAS,Bebés y Primera Infancia,Cama Montessori Estrella Blanco y Rosa + Colchon 140x80x12,https://www.fravega.com/p/cama-montessori-estrella-blanco-y-rosa-colchon-140x80x12-21296171/,498400.0,377600.0,1,True
FRA-cama-montessori-estrella-blanco-colchon-,Fravega,OTRAS,Bebés y Primera Infancia,Cama Montessori Estrella Blanco + Colchon 140x80x12,https://www.fravega.com/p/cama-montessori-estrella-blanco-colchon-140x80x12-21296185/,498400.0,377600.0,1,True
FRA-practicuna-colecho-bebesit-gris-con-mosq,Fravega,OTRAS,Bebés y Primera Infancia,Practicuna Colecho Bebesit Gris Con Mosquitero,https://www.fravega.com/p/practicuna-colecho-bebesit-gris-con-mosquitero-990173487/,187613.0,131329.0,1,True
FRA-barral-para-cuna-y-cochecitos-pollito-ro,Fravega,OTRAS,Bebés y Primera Infancia,Barral Para Cuna Y Cochecitos Pollito Rojo Phi Phi Toys,https://www.fravega.com/p/barral-para-cuna-y-cochecitos-pollito-rojo-phi-phi-toys-21477593/,31961.0,24699.0,1,True
FRA-colchon-para-practicuna-70x100x10-215002,Fravega,OTRAS,Bebés y Primera Infancia,Colchón Para Practicuna 70x100x10,https://www.fravega.com/p/colchon-para-practicuna-70x100x10-21500213/,65034.0,43247.8,1,True
FRA-cuna-corralito-con-colchon-love-820-turq,Fravega,OTRAS,Bebés y Primera Infancia,Cuna Corralito con Colchon Love 820 Turquesa,https://www.fravega.com/p/cuna-corralito-con-colchon-love-820-turquesa-22063170/,97700.0,78099.0,1,True
FRA-cuna-corralito-820-rosa-22063180,Fravega,OTRAS,Bebés y Primera Infancia,Cuna Corralito 820 Rosa,https://www.fravega.com/p/cuna-corralito-820-rosa-22063180/,97700.0,78099.0,1,True
FRA-practicuna-colecho-dencar-de-disney-con-,Fravega,OTRAS,Bebés y Primera Infancia,Practicuna Colecho Dencar de Disney con Mosquitero Gris,https://www.fravega.com/p/practicuna-colecho-dencar-de-disney-con-mosquitero-gris-22089168/,285690.0,204185.0,1,True
FRA-practicuna-funky-fresh-luna-funkyeco-par,Fravega,OTRAS,Bebés y Primera Infancia,Practicuna Funky Fresh Luna Funkyeco Para Bebés Color Gris Oscuro,https://www.fravega.com/p/practicuna-funky-fresh-luna-funkyeco-para-bebes-color-gris-oscuro-22467269/,178698.0,89349.0,1,True
FRA-practicuna-funky-fresh-luna-funkyeco-par,Fravega,OTRAS,Bebés y Primera Infancia,Practicuna Funky Fresh Luna Funkyeco Para Bebés Color Rosa,https://www.fravega.com/p/practicuna-funky-fresh-luna-funkyeco-para-bebes-color-rosa-22467279/,178698.0,89349.0,1,True
FRA-corralito-bebe-mawe-by-gadnic-plegable-t,Fravega,OTRAS,Bebés y Primera Infancia,Corralito Bebe Mawe by Gadnic Plegable Tela Oxford Aro Basquet Red Futbol,https://www.fravega.com/p/corralito-bebe-mawe-by-gadnic-plegable-tela-oxford-aro-basquet-red-futbol-990288860/,382394.0,294149.0,1,True
FRA-corralito-plegable-bebe-hexagonal-mawe-b,Fravega,OTRAS,Bebés y Primera Infancia,Corralito Plegable Bebe Hexagonal Mawe by Gadnic Tela Oxford 210D,https://www.fravega.com/p/corralito-plegable-bebe-hexagonal-mawe-by-gadnic-tela-oxford-210d-990290154/,79494.0,61149.0,1,True
FRA-corralito-inflable-cuadrado-baby-gym-int,Fravega,OTRAS,Bebés y Primera Infancia,Corralito inflable Cuadrado Baby Gym Intex,https://www.fravega.com/p/corralito-inflable-cuadrado-baby-gym-intex-10015568/,104374.0,93937.0,1,True
FRA-cochecito-de-bebe-paraguita-mu-reforzado,Fravega,OTRAS,Bebés y Primera Infancia,Cochecito de Bebe Paraguita MU Reforzado Color Gris,https://www.fravega.com/p/cochecito-de-bebe-paraguita-mu-reforzado-color-gris-680669/,99999.0,59999.0,1,True
FRA-butaca-sillita-para-auto-ninos-de-9-a-36,Fravega,OTRAS,Bebés y Primera Infancia,Butaca Sillita para Auto Ninos de 9 a 36 kg,https://www.fravega.com/p/butaca-sillita-para-auto-ninos-de-9-a-36-kg-680827/,139999.0,89999.0,1,True
FRA-mamadera-avent-natural-response-jirafa-s,Fravega,OTRAS,Bebés y Primera Infancia,Mamadera Avent Natural Response Jirafa SCY903 66 260 Ml,https://www.fravega.com/p/mamadera-avent-natural-response-jirafa-scy903-66-260-ml-680774/,41299.0,31999.0,1,True
FRA-coche-cuna-love-172-negro-680004,Fravega,OTRAS,Bebés y Primera Infancia,Coche Cuna Love 172 Negro,https://www.fravega.com/p/coche-cuna-love-172-negro-680004/,399999.0,179999.0,1,True
FRA-caminador-con-musica-bebesit-1226-celest,Fravega,OTRAS,Bebés y Primera Infancia,Caminador con Música Bebesit 1226 Celeste,https://www.fravega.com/p/caminador-con-musica-bebesit-1226-celeste-680445/,69999.0,44999.0,1,True
FRA-combo-banera-plegable-adaptador-termomet,Fravega,OTRAS,Bebés y Primera Infancia,Combo Bañera Plegable Adaptador Termometro Electronico Love B340 Gris,https://www.fravega.com/p/combo-banera-plegable-adaptador-termometro-electronico-love-b340-gris-21183849/,76400.0,61099.0,1,True
FRA-baby-call-gadnic-con-camara-vision-noctu,Fravega,OTRAS,Bebés y Primera Infancia,"Baby Call Gadnic con Cámara Visión Nocturna a Color 3,2"" Temperatura Ambiente",https://www.fravega.com/p/baby-call-gadnic-con-camara-vision-nocturna-a-color-3-2-temperatura-ambiente-20056044/,136564.0,105049.01,1,True
FRA-colchoneta-de-bebe-gadnic-gimnasio-music,Fravega,OTRAS,Bebés y Primera Infancia,Colchoneta de Bebe Gadnic Gimnasio Musical,https://www.fravega.com/p/colchoneta-de-bebe-gadnic-gimnasio-musical-990165631/,57199.0,43999.0,1,True
FRA-esterilizador-a-vapor-para-microondas-av,Fravega,OTRAS,Bebés y Primera Infancia,Esterilizador a vapor para microondas AVENT SCF28102,https://www.fravega.com/p/esterilizador-a-vapor-para-microondas-avent-scf28102-680151/,89999.0,64999.0,1,True
FRA-sacaleche-manual-gadnic-brp00104-150ml-9,Fravega,OTRAS,Bebés y Primera Infancia,Sacaleche Manual Gadnic BRP00104 150ml,https://www.fravega.com/p/sacaleche-manual-gadnic-brp00104-150ml-990068128/,15924.0,12249.0,1,True
FRA-corralito-inflable-redondo-intex-my-firs,Fravega,OTRAS,Bebés y Primera Infancia,Corralito Inflable Redondo Intex My First Gym,https://www.fravega.com/p/corralito-inflable-redondo-intex-my-first-gym-10015570/,78281.0,70453.0,1,True
FRA-colchon-gani-enjoy-190x080-20051323,Fravega,OTRAS,Bebés y Primera Infancia,Colchón Gani Enjoy 190x080,https://www.fravega.com/p/colchon-gani-enjoy-190x080-20051323/,222173.0,133303.0,1,True
FRA-practicuna-bebesit-2105-cambiador-mosqui,Fravega,OTRAS,Bebés y Primera Infancia,Practicuna Bebesit 2105 Cambiador Mosquitero,https://www.fravega.com/p/practicuna-bebesit-2105-cambiador-mosquitero-990024538/,200182.0,138274.0,1,True
FRA-corralito-bebes-y-ninos-1-20x1-20x60-mon,Fravega,OTRAS,Bebés y Primera Infancia,Corralito Bebés Y Niños (1.20x1.20x60) Montessori,https://www.fravega.com/p/corralito-bebes-y-ninos-1-20x1-20x60-montessori-20348968/,228332.5,109450.0,1,True
FRA-corralito-bebes-y-ninos-1-50x1-50x60-lis,Fravega,OTRAS,Bebés y Primera Infancia,Corralito Bebés Y Niños (1.50x1.50x60) - Liso Sin Diseño,https://www.fravega.com/p/corralito-bebes-y-ninos-1-50x1-50x60-liso-sin-diseno-20353021/,328900.0,173250.0,1,True
FRA-practicuna-colecho-para-bebe-bebesit-202,Fravega,OTRAS,Bebés y Primera Infancia,Practicuna Colecho Para Bebe Bebesit 2021c Con Mosquitero,https://www.fravega.com/p/practicuna-colecho-para-bebe-bebesit-2021c-con-mosquitero-20415049/,170799.0,141156.2,1,True
FRA-practicuna-colecho-para-bebe-bebesit-202,Fravega,OTRAS,Bebés y Primera Infancia,Practicuna Colecho Para Bebe Bebesit 2021b Rosa Con Mosquitero,https://www.fravega.com/p/practicuna-colecho-para-bebe-bebesit-2021b-rosa-con-mosquitero-20458674/,179737.47,166899.0,1,True
FRA-practicuna-colecho-bebe-bebesit-2021-gri,Fravega,OTRAS,Bebés y Primera Infancia,Practicuna Colecho Bebe Bebesit 2021 Gris Con Mosquitero,https://www.fravega.com/p/practicuna-colecho-bebe-bebesit-2021-gris-con-mosquitero-20458675/,170799.0,141156.2,1,True
FRA-chicco-carrusel-next2-dreams-3-1-76271-9,Fravega,CHICCO,Bebés y Primera Infancia,Chicco Carrusel Next2 Dreams 3 En 1 76271,https://www.fravega.com/p/chicco-carrusel-next2-dreams-3-1-76271-990052224/,149990.0,109990.0,1,True
FRA-chicco-luz-de-noche-goodnight-bear-blue-,Fravega,CHICCO,Bebés y Primera Infancia,Chicco Luz De Noche Goodnight Bear Blue 91562,https://www.fravega.com/p/chicco-luz-de-noche-goodnight-bear-blue-91562-990052273/,84990.0,64990.0,1,True
FRA-proyector-cuna-chicco-next2moon-musica-c,Fravega,CHICCO,Bebés y Primera Infancia,Proyector Cuna Chicco Next2moon Música Clásica 9828,https://www.fravega.com/p/proyector-cuna-chicco-next2moon-musica-clasica-9828-990052271/,129990.0,99990.0,1,True
FRA-cuna-plegable-tipo-moises-0-a-12-meses-l,Fravega,OTRAS,Bebés y Primera Infancia,Cuna Plegable tipo moises 0 a 12 Meses Love 852 Gris claro,https://www.fravega.com/p/cuna-plegable-tipo-moises-0-a-12-meses-love-852-gris-claro-21183805/,284700.0,227699.0,1,True
FRA-cuna-evolutiva-4-1-blanca-21195400,Fravega,OTRAS,Bebés y Primera Infancia,Cuna evolutiva 4 en 1 - Blanca,https://www.fravega.com/p/cuna-evolutiva-4-1-blanca-21195400/,1044100.0,750200.0,1,True
FRA-cama-evolutiva-1-plaza-blanca-21195404,Fravega,OTRAS,Bebés y Primera Infancia,Cama evolutiva - 1 plaza - Blanca,https://www.fravega.com/p/cama-evolutiva-1-plaza-blanca-21195404/,780800.0,570000.0,1,True
FRA-cama-evolutiva-1-plaza-21195407,Fravega,OTRAS,Bebés y Primera Infancia,Cama Evolutiva 1 Plaza,https://www.fravega.com/p/cama-evolutiva-1-plaza-21195407/,1122900.0,811030.0,1,True
FRA-cochecito-de-bebe-paraguita-mu-reforzado,Fravega,OTRAS,Bebés y Primera Infancia,Cochecito de Bebe Paraguita MU Reforzado Color Gris,https://www.fravega.com/p/cochecito-de-bebe-paraguita-mu-reforzado-color-gris-680669/,99999.0,59999.0,1,True
FRA-butaca-sillita-para-auto-ninos-de-9-a-36,Fravega,OTRAS,Bebés y Primera Infancia,Butaca Sillita para Auto Ninos de 9 a 36 kg,https://www.fravega.com/p/butaca-sillita-para-auto-ninos-de-9-a-36-kg-680827/,139999.0,89999.0,1,True
FRA-mamadera-avent-natural-response-jirafa-s,Fravega,OTRAS,Bebés y Primera Infancia,Mamadera Avent Natural Response Jirafa SCY903 66 260 Ml,https://www.fravega.com/p/mamadera-avent-natural-response-jirafa-scy903-66-260-ml-680774/,41299.0,31999.0,1,True
FRA-coche-cuna-love-172-negro-680004,Fravega,OTRAS,Bebés y Primera Infancia,Coche Cuna Love 172 Negro,https://www.fravega.com/p/coche-cuna-love-172-negro-680004/,399999.0,179999.0,1,True
FRA-caminador-con-musica-bebesit-1226-celest,Fravega,OTRAS,Bebés y Primera Infancia,Caminador con Música Bebesit 1226 Celeste,https://www.fravega.com/p/caminador-con-musica-bebesit-1226-celeste-680445/,69999.0,44999.0,1,True
FRA-combo-banera-plegable-adaptador-termomet,Fravega,OTRAS,Bebés y Primera Infancia,Combo Bañera Plegable Adaptador Termometro Electronico Love B340 Gris,https://www.fravega.com/p/combo-banera-plegable-adaptador-termometro-electronico-love-b340-gris-21183849/,76400.0,61099.0,1,True
FRA-baby-call-gadnic-con-camara-vision-noctu,Fravega,OTRAS,Bebés y Primera Infancia,"Baby Call Gadnic con Cámara Visión Nocturna a Color 3,2"" Temperatura Ambiente",https://www.fravega.com/p/baby-call-gadnic-con-camara-vision-nocturna-a-color-3-2-temperatura-ambiente-20056044/,136564.0,105049.01,1,True
FRA-colchoneta-de-bebe-gadnic-gimnasio-music,Fravega,OTRAS,Bebés y Primera Infancia,Colchoneta de Bebe Gadnic Gimnasio Musical,https://www.fravega.com/p/colchoneta-de-bebe-gadnic-gimnasio-musical-990165631/,57199.0,43999.0,1,True
FRA-esterilizador-a-vapor-para-microondas-av,Fravega,OTRAS,Bebés y Primera Infancia,Esterilizador a vapor para microondas AVENT SCF28102,https://www.fravega.com/p/esterilizador-a-vapor-para-microondas-avent-scf28102-680151/,89999.0,64999.0,1,True
FRA-sacaleche-manual-gadnic-brp00104-150ml-9,Fravega,OTRAS,Bebés y Primera Infancia,Sacaleche Manual Gadnic BRP00104 150ml,https://www.fravega.com/p/sacaleche-manual-gadnic-brp00104-150ml-990068128/,15924.0,12249.0,1,True
FRA-cuna-evolutiva-4-1-paraiso-21195919,Fravega,OTRAS,Bebés y Primera Infancia,Cuna evolutiva 4 en 1 - Paraíso,https://www.fravega.com/p/cuna-evolutiva-4-1-paraiso-21195919/,1560200.0,1020500.0,1,True
FRA-corralito-desmontable-love-880-rojo-2120,Fravega,OTRAS,Bebés y Primera Infancia,Corralito Desmontable Love 880  Rojo,https://www.fravega.com/p/corralito-desmontable-love-880-rojo-21202586/,83700.0,66899.0,1,True
FRA-corralito-desmontable-love-880-negro-212,Fravega,OTRAS,Bebés y Primera Infancia,Corralito Desmontable Love 880  Negro,https://www.fravega.com/p/corralito-desmontable-love-880-negro-21202591/,83700.0,66899.0,1,True
FRA-corralito-desmontable-love-880-azul-2120,Fravega,OTRAS,Bebés y Primera Infancia,Corralito Desmontable Love 880  Azul,https://www.fravega.com/p/corralito-desmontable-love-880-azul-21202589/,83700.0,66899.0,1,True
FRA-corralito-desmontable-love-881-con-pelot,Fravega,OTRAS,Bebés y Primera Infancia,Corralito Desmontable Love 881 con Pelotitas y Aro Rosa,https://www.fravega.com/p/corralito-desmontable-love-881-con-pelotitas-y-aro-rosa-21202594/,111000.0,88799.0,1,True
FRA-corralito-desmontable-love-881-con-pelot,Fravega,OTRAS,Bebés y Primera Infancia,Corralito Desmontable Love 881 con Pelotitas y Aro Rojo,https://www.fravega.com/p/corralito-desmontable-love-881-con-pelotitas-y-aro-rojo-21202592/,111000.0,88799.0,1,True
FRA-corralito-desmontable-love-881-con-pelot,Fravega,OTRAS,Bebés y Primera Infancia,Corralito Desmontable Love 881 con Pelotitas y Aro Gris,https://www.fravega.com/p/corralito-desmontable-love-881-con-pelotitas-y-aro-gris-21202597/,111000.0,88799.0,1,True
FRA-corralito-desmontable-love-881-con-pelot,Fravega,OTRAS,Bebés y Primera Infancia,Corralito Desmontable Love 881 con Pelotitas y Aro Azul,https://www.fravega.com/p/corralito-desmontable-love-881-con-pelotitas-y-aro-azul-21202595/,111000.0,88799.0,1,True
FRA-cuna-colecho-convertible-escritorio-mois,Fravega,OTRAS,Bebés y Primera Infancia,Cuna Colecho Convertible En Escritorio Moises Mesita 5 En 1,https://www.fravega.com/p/cuna-colecho-convertible-escritorio-moises-mesita-5-1-21214967/,312700.0,236900.0,1,True
FRA-cuna-colecho-multifuncion-5-1-incluye-co,Fravega,OTRAS,Bebés y Primera Infancia,Cuna Colecho Multifuncion 5 en 1 Incluye Colchón,https://www.fravega.com/p/cuna-colecho-multifuncion-5-1-incluye-colchon-21215807/,352300.0,266900.0,1,True
FRA-cama-montessori-infantil-juvenil-para-co,Fravega,OTRAS,Bebés y Primera Infancia,Cama Montessori Infantil Juvenil Para Colchon 140x80,https://www.fravega.com/p/cama-montessori-infantil-juvenil-para-colchon-140x80-21215946/,358800.0,271800.0,1,True
FRA-cuna-colecho-5-1-multifuncion-para-colch,Fravega,OTRAS,Bebés y Primera Infancia,Cuna Colecho 5 en 1 Multifuncion Para Colchon 100x50,https://www.fravega.com/p/cuna-colecho-5-1-multifuncion-para-colchon-100x50-21215951/,308100.0,233400.0,1,True
FRA-cuna-colecho-5-1-convertible-mosies-escr,Fravega,OTRAS,Bebés y Primera Infancia,Cuna Colecho 5 En 1 Convertible En Mosies Escritorio Mesa Infantil,https://www.fravega.com/p/cuna-colecho-5-1-convertible-mosies-escritorio-mesa-infantil--21215958/,336100.0,254600.0,1,True
FRA-cuna-5-1-convertible-colecho-escritorio-,Fravega,OTRAS,Bebés y Primera Infancia,Cuna 5 En 1 Convertible En Colecho Escritorio Mesa Moisés,https://www.fravega.com/p/cuna-5-1-convertible-colecho-escritorio-mesa-moises-21216401/,336100.0,254600.0,1,True
FRA-cuna-colecho-5-1-baranda-desmontable-bla,Fravega,OTRAS,Bebés y Primera Infancia,Cuna Colecho 5 en 1 Baranda Desmontable Blanca 120x60,https://www.fravega.com/p/cuna-colecho-5-1-baranda-desmontable-blanca-120x60-21263087/,340600.0,258000.0,1,True
FRA-cochecito-de-bebe-paraguita-mu-reforzado,Fravega,OTRAS,Bebés y Primera Infancia,Cochecito de Bebe Paraguita MU Reforzado Color Gris,https://www.fravega.com/p/cochecito-de-bebe-paraguita-mu-reforzado-color-gris-680669/,99999.0,59999.0,1,True
FRA-butaca-sillita-para-auto-ninos-de-9-a-36,Fravega,OTRAS,Bebés y Primera Infancia,Butaca Sillita para Auto Ninos de 9 a 36 kg,https://www.fravega.com/p/butaca-sillita-para-auto-ninos-de-9-a-36-kg-680827/,139999.0,89999.0,1,True
FRA-mamadera-avent-natural-response-jirafa-s,Fravega,OTRAS,Bebés y Primera Infancia,Mamadera Avent Natural Response Jirafa SCY903 66 260 Ml,https://www.fravega.com/p/mamadera-avent-natural-response-jirafa-scy903-66-260-ml-680774/,41299.0,31999.0,1,True
FRA-coche-cuna-love-172-negro-680004,Fravega,OTRAS,Bebés y Primera Infancia,Coche Cuna Love 172 Negro,https://www.fravega.com/p/coche-cuna-love-172-negro-680004/,399999.0,179999.0,1,True
FRA-caminador-con-musica-bebesit-1226-celest,Fravega,OTRAS,Bebés y Primera Infancia,Caminador con Música Bebesit 1226 Celeste,https://www.fravega.com/p/caminador-con-musica-bebesit-1226-celeste-680445/,69999.0,44999.0,1,True
FRA-combo-banera-plegable-adaptador-termomet,Fravega,OTRAS,Bebés y Primera Infancia,Combo Bañera Plegable Adaptador Termometro Electronico Love B340 Gris,https://www.fravega.com/p/combo-banera-plegable-adaptador-termometro-electronico-love-b340-gris-21183849/,76400.0,61099.0,1,True
FRA-baby-call-gadnic-con-camara-vision-noctu,Fravega,OTRAS,Bebés y Primera Infancia,"Baby Call Gadnic con Cámara Visión Nocturna a Color 3,2"" Temperatura Ambiente",https://www.fravega.com/p/baby-call-gadnic-con-camara-vision-nocturna-a-color-3-2-temperatura-ambiente-20056044/,136564.0,105049.01,1,True
FRA-colchoneta-de-bebe-gadnic-gimnasio-music,Fravega,OTRAS,Bebés y Primera Infancia,Colchoneta de Bebe Gadnic Gimnasio Musical,https://www.fravega.com/p/colchoneta-de-bebe-gadnic-gimnasio-musical-990165631/,57199.0,43999.0,1,True
FRA-esterilizador-a-vapor-para-microondas-av,Fravega,OTRAS,Bebés y Primera Infancia,Esterilizador a vapor para microondas AVENT SCF28102,https://www.fravega.com/p/esterilizador-a-vapor-para-microondas-avent-scf28102-680151/,89999.0,64999.0,1,True
FRA-sacaleche-manual-gadnic-brp00104-150ml-9,Fravega,OTRAS,Bebés y Primera Infancia,Sacaleche Manual Gadnic BRP00104 150ml,https://www.fravega.com/p/sacaleche-manual-gadnic-brp00104-150ml-990068128/,15924.0,12249.0,1,True
FRA-cama-montessori-infantil-azul-para-colch,Fravega,OTRAS,Bebés y Primera Infancia,Cama Montessori Infantil AZUL para colchon 140x80,https://www.fravega.com/p/cama-montessori-infantil-azul-para-colchon-140x80-21263105/,358800.0,271800.0,1,True
FRA-cama-montessori-infantil-rosa-para-colch,Fravega,OTRAS,Bebés y Primera Infancia,Cama Montessori Infantil ROSA para colchon 140x80,https://www.fravega.com/p/cama-montessori-infantil-rosa-para-colchon-140x80-21263106/,358800.0,271800.0,1,True
FRA-cama-montessori-infantil-gris-para-colch,Fravega,OTRAS,Bebés y Primera Infancia,Cama Montessori Infantil GRIS para colchon 140x80,https://www.fravega.com/p/cama-montessori-infantil-gris-para-colchon-140x80-21263142/,358800.0,271800.0,1,True
FRA-corralito-inflable-baby-gym-intex-19611-,Fravega,OTRAS,Bebés y Primera Infancia,Corralito Inflable Baby Gym Intex 19611 Amarillo,https://www.fravega.com/p/corralito-inflable-baby-gym-intex-19611-amarillo-680706/,79999.0,49999.0,1,True
FRA-corralito-inflable-my-first-gym-intex-68,Fravega,OTRAS,Bebés y Primera Infancia,Corralito Inflable My First Gym Intex,https://www.fravega.com/p/corralito-inflable-my-first-gym-intex-680745/,59999.0,39999.0,1,True
FRA-cuna-con-colchon-colecho-con-baranda-des,Fravega,OTRAS,Bebés y Primera Infancia,Cuna Con Colchon Colecho Con Baranda Desmontable Regulable,https://www.fravega.com/p/cuna-con-colchon-colecho-con-baranda-desmontable-regulable-21270275/,375500.0,284500.0,1,True
FRA-cuna-colecho-carilo-con-baranda-desmonta,Fravega,OTRAS,Bebés y Primera Infancia,Cuna Colecho CARILO Con Baranda Desmontable 5 En 1 Escritorio,https://www.fravega.com/p/cuna-colecho-carilo-con-baranda-desmontable-5-1-escritorio-21270305/,375500.0,284500.0,1,True
FRA-cama-montessori-estrella-blanco-y-azul-c,Fravega,OTRAS,Bebés y Primera Infancia,Cama Montessori Estrella Blanco y Azul + Colchon 140x80x12,https://www.fravega.com/p/cama-montessori-estrella-blanco-y-azul-colchon-140x80x12-21296178/,498400.0,377600.0,1,True
FRA-cama-montessori-estrella-blanco-y-gris-c,Fravega,OTRAS,Bebés y Primera Infancia,Cama Montessori Estrella Blanco y Gris + Colchon 140x80x12,https://www.fravega.com/p/cama-montessori-estrella-blanco-y-gris-colchon-140x80x12-21296191/,498400.0,377600.0,1,True
FRA-baranda-de-seguridad-12534-21301594,Fravega,OTRAS,Bebés y Primera Infancia,Baranda de Seguridad. 12534,https://www.fravega.com/p/baranda-de-seguridad-12534-21301594/,121985.0,97590.0,1,True
FRA-piano-electrico-para-cuna-rosa-pf03-rosa,Fravega,OTRAS,Bebés y Primera Infancia,Piano eléctrico para cuna rosa. pf03-rosa,https://www.fravega.com/p/piano-electrico-para-cuna-rosa-pf03-rosa-21301608/,41237.0,32990.0,1,True
FRA-piano-electrico-para-cuna-azul-pf04-azul,Fravega,OTRAS,Bebés y Primera Infancia,Piano eléctrico para cuna azul. pf04-azul,https://www.fravega.com/p/piano-electrico-para-cuna-azul-pf04-azul-21301612/,41237.0,32990.0,1,True
FRA-tira-de-cuna-payasos-lyon-toys-21359403,Fravega,OTRAS,Bebés y Primera Infancia,Tira De Cuna Payasos Lyon Toys,https://www.fravega.com/p/tira-de-cuna-payasos-lyon-toys-21359403/,24568.7,19399.0,1,True
FRA-cuna-convertible-antonella-con-cambiador,Fravega,OTRAS,Bebés y Primera Infancia,Cuna Convertible Antonella con Cambiador y Ruedas con Freno,https://www.fravega.com/p/cuna-convertible-antonella-con-cambiador-y-ruedas-con-freno-21453645/,419900.0,318100.0,1,True
FRA-cuna-convertible-antonella-cambiador-col,Fravega,OTRAS,Bebés y Primera Infancia,Cuna Convertible Antonella + Cambiador + Colchon + Ruedas,https://www.fravega.com/p/cuna-convertible-antonella-cambiador-colchon-ruedas-21453651/,492000.0,372700.0,1,True
