sku_original,competidor,marca,categoria,nombre_producto,url_producto,precio_regular,precio_oferta,cuotas,hay_stock
FRA-iphone-17-pro-256gb-orange-782896,Fravega,OTRAS,Smartphones,iPhone 17 Pro 256GB Orange,https://www.fravega.com/p/iphone-17-pro-256gb-orange-782896/,3499999.0,2473847.19,1,True
FRA-celular-samsung-galaxy-a27-5g-8gb-256gb-,Fravega,SAMSUNG,Smartphones,Celular Samsung Galaxy A27 5G 8GB 256GB Negro,https://www.fravega.com/p/celular-samsung-galaxy-a27-5g-8gb-256gb-negro-782807/,999999.0,826445.45,1,True
FRA-celular-xiaomi-redmi-note-14-128gb-midni,Fravega,XIAOMI,Smartphones,Celular Xiaomi Redmi Note 14 128GB Midnight Black,https://www.fravega.com/p/celular-xiaomi-redmi-note-14-128gb-midnight-black-782554/,529999.0,438015.7,1,True
FRA-iphone-15-128gb-black-782468,Fravega,OTRAS,Smartphones,iPhone 15 128GB Black,https://www.fravega.com/p/iphone-15-128gb-black-782468/,1749999.0,1446280.17,1,True
FRA-celular-motorola-g24-128gb-matte-charcoa,Fravega,MOTOROLA,Smartphones,Celular Motorola G24 128GB Matte Charcoal,https://www.fravega.com/p/celular-motorola-g24-128gb-matte-charcoal-782203/,339999.0,280990.91,1,True
FRA-celular-tcl-60r-4-128gb-blanco-990281664,Fravega,TCL,Smartphones,Celular TCL 60R 4+128GB Blanco,https://www.fravega.com/p/celular-tcl-60r-4-128gb-blanco-990281664/,340827.0,238579.0,1,True
FRA-celular-samsung-galaxy-a17-5g-256gb-gray,Fravega,SAMSUNG,Smartphones,Celular Samsung Galaxy A17 5G 256GB Gray,https://www.fravega.com/p/celular-samsung-galaxy-a17-5g-256gb-gray-782853/,729999.0,603304.96,1,True
FRA-celular-motorola-g17-4gb-128gb-782866,Fravega,MOTOROLA,Smartphones,Celular Motorola G17 4GB 128GB,https://www.fravega.com/p/celular-motorola-g17-4gb-128gb-782866/,399999.0,330577.69,1,True
FRA-iphone-17-256gb-negro-783324,Fravega,OTRAS,Smartphones,iPhone 17 256GB Negro,https://www.fravega.com/p/iphone-17-256gb-negro-783324/,2549999.0,1802374.19,1,True
FRA-celular-motorola-g67-4gb-256gb-782593,Fravega,MOTOROLA,Smartphones,Celular Motorola G67 4GB 256GB,https://www.fravega.com/p/celular-motorola-g67-4gb-256gb-782593/,699999.0,578511.57,1,True
FRA-celular-xiaomi-redmi-14c-4-256gb-midnigh,Fravega,XIAOMI,Smartphones,Celular Xiaomi Redmi 14C 4/256GB Midnight Black,https://www.fravega.com/p/celular-xiaomi-redmi-14c-4-256gb-midnight-black-782596/,399999.0,330577.69,1,True
FRA-celular-apple-iphone-17e-256gb-black--22,Fravega,APPLE,Smartphones,Celular Apple Iphone 17e 256GB Black,https://www.fravega.com/p/celular-apple-iphone-17e-256gb-black--22921199/,2428632.22,2185769.0,1,True
FRA-celular-tecno-pova-6-12-256gb-blue-78237,Fravega,OTRAS,Smartphones,Celular Tecno Pova 6 12/256GB Blue,https://www.fravega.com/p/celular-tecno-pova-6-12-256gb-blue-782377/,449999.0,371900.0,1,True
FRA-celular-samsung-galaxy-a37-5g-8gb-256gb-,Fravega,SAMSUNG,Smartphones,Celular Samsung Galaxy A37 5G 8GB 256GB Gris,https://www.fravega.com/p/celular-samsung-galaxy-a37-5g-8gb-256gb-gris-783024/,1149999.0,950412.4,1,True
FRA-celular-motorola-razr-70-ultra-12gb-512g,Fravega,MOTOROLA,Smartphones,Celular Motorola Razr 70 Ultra 12GB 512GB Orient Blue,https://www.fravega.com/p/celular-motorola-razr-70-ultra-12gb-512gb-orient-blue-783089/,2899999.0,2396693.39,1,True
FRA-iphone-17-pro-256gb-deep-blue-783159,Fravega,OTRAS,Smartphones,iPhone 17 Pro 256GB Deep Blue,https://www.fravega.com/p/iphone-17-pro-256gb-deep-blue-783159/,3499999.0,2473847.19,1,True
FRA-celular-zte-v80-pro-8-gb-256-gb-negro-78,Fravega,ZTE,Smartphones,Celular ZTE V80 PRO 8 GB 256 GB Negro,https://www.fravega.com/p/celular-zte-v80-pro-8-gb-256-gb-negro-782438/,484999.0,449999.0,1,True
FRA-celular-motorola-g47-4gb-128gb-fuchsia-r,Fravega,MOTOROLA,Smartphones,Celular Motorola G47 4GB 128GB Fuchsia Red,https://www.fravega.com/p/celular-motorola-g47-4gb-128gb-fuchsia-red-783080/,549999.0,454544.63,1,True
FRA-celular-tcl-k70-4gb-128gb-tpu-case-afa-7,Fravega,TCL,Smartphones,Celular TCL K70 4GB 128GB + TPU Case AFA,https://www.fravega.com/p/celular-tcl-k70-4gb-128gb-tpu-case-afa-783052/,319999.0,249999.0,1,True
FRA-celular-moto-motorola-g24-power-128-8gb-,Fravega,MOTOROLA,Smartphones,Celular Moto Motorola G24 Power 128/8GB Celeste,https://www.fravega.com/p/celular-moto-motorola-g24-power-128-8gb-celeste-990190458/,399999.0,311999.0,1,True
FRA-celular-samsung-galaxy-a07-64gb-verde-78,Fravega,SAMSUNG,Smartphones,Celular Samsung Galaxy A07 64GB Verde,https://www.fravega.com/p/celular-samsung-galaxy-a07-64gb-verde-782958/,299999.0,219999.0,1,True
FRA-celular-samsung-galaxy-a57-5g-8gb-256gb-,Fravega,SAMSUNG,Smartphones,Celular Samsung Galaxy A57 5G 8GB 256GB Violeta,https://www.fravega.com/p/celular-samsung-galaxy-a57-5g-8gb-256gb-violeta-783109/,1349999.0,1115701.65,1,True
FRA-celular-galaxy-a16-4g-blue-black-782588,Fravega,OTRAS,Smartphones,Celular Galaxy A16 4G Blue Black,https://www.fravega.com/p/celular-galaxy-a16-4g-blue-black-782588/,469999.0,389999.0,1,True
FRA-celular-motorola-g17-4gb-256gb-782883,Fravega,MOTOROLA,Smartphones,Celular Motorola G17 4GB 256GB,https://www.fravega.com/p/celular-motorola-g17-4gb-256gb-782883/,449999.0,371900.0,1,True
FRA-celular-samsung-galaxy-a16-lte-4gb-128gb,Fravega,SAMSUNG,Smartphones,Celular Samsung Galaxy A16 LTE 4GB 128GB Gris,https://www.fravega.com/p/celular-samsung-galaxy-a16-lte-4gb-128gb-gris-782877/,469999.0,389999.0,1,True
FRA-celular-motorola-g77-8gb-256gb-782745,Fravega,MOTOROLA,Smartphones,Celular Motorola G77 8GB 256GB,https://www.fravega.com/p/celular-motorola-g77-8gb-256gb-782745/,799999.0,661156.2,1,True
FRA-celular-motorola-g15-4-gb-256-gb-naranja,Fravega,MOTOROLA,Smartphones,Celular Motorola G15 4 GB 256 GB Naranja,https://www.fravega.com/p/celular-motorola-g15-4-gb-256-gb-naranja-782816/,349999.0,289255.37,1,True
FRA-celular-samsung-galaxy-a16-lte-4gb-128gb,Fravega,SAMSUNG,Smartphones,Celular Samsung Galaxy A16 LTE 4GB 128GB Green,https://www.fravega.com/p/celular-samsung-galaxy-a16-lte-4gb-128gb-green-782810/,469999.0,389999.0,1,True
FRA-celular-motorola-g17-4gb-256gb-782851,Fravega,MOTOROLA,Smartphones,Celular Motorola G17 4GB 256GB,https://www.fravega.com/p/celular-motorola-g17-4gb-256gb-782851/,449999.0,371900.0,1,True
FRA-celular-motorola-edge-70-fusion-8gb-256g,Fravega,MOTOROLA,Smartphones,Celular Motorola Edge 70 Fusion 8GB 256GB,https://www.fravega.com/p/celular-motorola-edge-70-fusion-8gb-256gb-782900/,999999.0,826445.45,1,True
FRA-celular-samsung-galaxy-a17-128gb-negro-7,Fravega,SAMSUNG,Smartphones,Celular Samsung Galaxy A17 128GB Negro,https://www.fravega.com/p/celular-samsung-galaxy-a17-128gb-negro-782838/,489999.0,404957.85,1,True
FRA-celular-motorola-g06-nfc-4gb-128gb-verde,Fravega,MOTOROLA,Smartphones,Celular Motorola G06 NFC 4GB 128GB Verde,https://www.fravega.com/p/celular-motorola-g06-nfc-4gb-128gb-verde-783092/,329999.0,272726.45,1,True
FRA-celular-xiaomi-redmi-note-14-pro-256gb-a,Fravega,XIAOMI,Smartphones,Celular Xiaomi Redmi Note 14 Pro 256GB Aurora Purple,https://www.fravega.com/p/celular-xiaomi-redmi-note-14-pro-256gb-aurora-purple-782600/,799999.0,661156.2,1,True
FRA-celular-samsung-galaxy-a07-128gb-negro-7,Fravega,SAMSUNG,Smartphones,Celular Samsung Galaxy A07 128GB Negro,https://www.fravega.com/p/celular-samsung-galaxy-a07-128gb-negro-782739/,349999.0,299999.0,1,True
FRA-iphone-17-pro-256gb-orange-782896,Fravega,OTRAS,Smartphones,iPhone 17 Pro 256GB Orange,https://www.fravega.com/p/iphone-17-pro-256gb-orange-782896/,3499999.0,2473847.19,1,True
FRA-celular-samsung-galaxy-a27-5g-8gb-256gb-,Fravega,SAMSUNG,Smartphones,Celular Samsung Galaxy A27 5G 8GB 256GB Negro,https://www.fravega.com/p/celular-samsung-galaxy-a27-5g-8gb-256gb-negro-782807/,999999.0,826445.45,1,True
FRA-celular-xiaomi-redmi-note-14-128gb-midni,Fravega,XIAOMI,Smartphones,Celular Xiaomi Redmi Note 14 128GB Midnight Black,https://www.fravega.com/p/celular-xiaomi-redmi-note-14-128gb-midnight-black-782554/,529999.0,438015.7,1,True
FRA-iphone-15-128gb-black-782468,Fravega,OTRAS,Smartphones,iPhone 15 128GB Black,https://www.fravega.com/p/iphone-15-128gb-black-782468/,1749999.0,1446280.17,1,True
FRA-celular-motorola-g24-128gb-matte-charcoa,Fravega,MOTOROLA,Smartphones,Celular Motorola G24 128GB Matte Charcoal,https://www.fravega.com/p/celular-motorola-g24-128gb-matte-charcoal-782203/,339999.0,280990.91,1,True
FRA-celular-tcl-60r-4-128gb-blanco-990281664,Fravega,TCL,Smartphones,Celular TCL 60R 4+128GB Blanco,https://www.fravega.com/p/celular-tcl-60r-4-128gb-blanco-990281664/,340827.0,238579.0,1,True
FRA-celular-samsung-galaxy-a17-5g-256gb-gray,Fravega,SAMSUNG,Smartphones,Celular Samsung Galaxy A17 5G 256GB Gray,https://www.fravega.com/p/celular-samsung-galaxy-a17-5g-256gb-gray-782853/,729999.0,603304.96,1,True
FRA-celular-motorola-g17-4gb-128gb-782866,Fravega,MOTOROLA,Smartphones,Celular Motorola G17 4GB 128GB,https://www.fravega.com/p/celular-motorola-g17-4gb-128gb-782866/,399999.0,330577.69,1,True
FRA-iphone-17-256gb-negro-783324,Fravega,OTRAS,Smartphones,iPhone 17 256GB Negro,https://www.fravega.com/p/iphone-17-256gb-negro-783324/,2549999.0,1802374.19,1,True
FRA-celular-motorola-g67-4gb-256gb-782593,Fravega,MOTOROLA,Smartphones,Celular Motorola G67 4GB 256GB,https://www.fravega.com/p/celular-motorola-g67-4gb-256gb-782593/,699999.0,578511.57,1,True
FRA-celular-xiaomi-redmi-14c-4-256gb-midnigh,Fravega,XIAOMI,Smartphones,Celular Xiaomi Redmi 14C 4/256GB Midnight Black,https://www.fravega.com/p/celular-xiaomi-redmi-14c-4-256gb-midnight-black-782596/,399999.0,330577.69,1,True
FRA-celular-apple-iphone-17e-256gb-black--22,Fravega,APPLE,Smartphones,Celular Apple Iphone 17e 256GB Black,https://www.fravega.com/p/celular-apple-iphone-17e-256gb-black--22921199/,2428632.22,2185769.0,1,True
FRA-celular-tecno-pova-6-12-256gb-blue-78237,Fravega,OTRAS,Smartphones,Celular Tecno Pova 6 12/256GB Blue,https://www.fravega.com/p/celular-tecno-pova-6-12-256gb-blue-782377/,449999.0,371900.0,1,True
FRA-celular-samsung-galaxy-a37-5g-8gb-256gb-,Fravega,SAMSUNG,Smartphones,Celular Samsung Galaxy A37 5G 8GB 256GB Gris,https://www.fravega.com/p/celular-samsung-galaxy-a37-5g-8gb-256gb-gris-783024/,1149999.0,950412.4,1,True
FRA-celular-motorola-razr-70-ultra-12gb-512g,Fravega,MOTOROLA,Smartphones,Celular Motorola Razr 70 Ultra 12GB 512GB Orient Blue,https://www.fravega.com/p/celular-motorola-razr-70-ultra-12gb-512gb-orient-blue-783089/,2899999.0,2396693.39,1,True
FRA-iphone-17-pro-256gb-deep-blue-783159,Fravega,OTRAS,Smartphones,iPhone 17 Pro 256GB Deep Blue,https://www.fravega.com/p/iphone-17-pro-256gb-deep-blue-783159/,3499999.0,2473847.19,1,True
FRA-celular-zte-v80-pro-8-gb-256-gb-negro-78,Fravega,ZTE,Smartphones,Celular ZTE V80 PRO 8 GB 256 GB Negro,https://www.fravega.com/p/celular-zte-v80-pro-8-gb-256-gb-negro-782438/,484999.0,449999.0,1,True
FRA-celular-motorola-g47-4gb-128gb-fuchsia-r,Fravega,MOTOROLA,Smartphones,Celular Motorola G47 4GB 128GB Fuchsia Red,https://www.fravega.com/p/celular-motorola-g47-4gb-128gb-fuchsia-red-783080/,549999.0,454544.63,1,True
FRA-celular-tcl-k70-4gb-128gb-tpu-case-afa-7,Fravega,TCL,Smartphones,Celular TCL K70 4GB 128GB + TPU Case AFA,https://www.fravega.com/p/celular-tcl-k70-4gb-128gb-tpu-case-afa-783052/,319999.0,249999.0,1,True
FRA-celular-moto-motorola-g24-power-128-8gb-,Fravega,MOTOROLA,Smartphones,Celular Moto Motorola G24 Power 128/8GB Celeste,https://www.fravega.com/p/celular-moto-motorola-g24-power-128-8gb-celeste-990190458/,399999.0,311999.0,1,True
FRA-celular-tecno-spark-30-pro-128gb-obsidia,Fravega,OTRAS,Smartphones,Celular Tecno Spark 30 Pro 128GB Obsidian Edge,https://www.fravega.com/p/celular-tecno-spark-30-pro-128gb-obsidian-edge-783067/,299999.0,289999.0,1,True
FRA-celular-motorola-edge-70-fusion-8gb-256g,Fravega,MOTOROLA,Smartphones,Celular Motorola Edge 70 Fusion 8GB 256GB,https://www.fravega.com/p/celular-motorola-edge-70-fusion-8gb-256gb-782913/,999999.0,826445.45,1,True
FRA-celular-enova-e10-view-max-blanco-3-32gb,Fravega,OTRAS,Smartphones,"Celular enova E10 View Max Blanco 3-32GB - 30+5MP - 6.75"" Android 14",https://www.fravega.com/p/celular-enova-e10-view-max-blanco-3-32gb-30-5mp-6-75-android-14-22617506/,174998.75,129999.0,1,True
FRA-celular-samsung-galaxy-s25-fe-5g-256gb-b,Fravega,SAMSUNG,Smartphones,Celular Samsung Galaxy S25 FE 5G 256GB Blanco,https://www.fravega.com/p/celular-samsung-galaxy-s25-fe-5g-256gb-blanco-782716/,1799999.0,1487602.48,1,True
FRA-celular-motorola-edge-70-pro-12gb-512gb-,Fravega,MOTOROLA,Smartphones,Celular Motorola Edge 70 Pro 12GB 512GB Lily White,https://www.fravega.com/p/celular-motorola-edge-70-pro-12gb-512gb-lily-white-783086/,1699999.0,1404957.85,1,True
FRA-celular-samsung-galaxy-a17-128gb-gris-78,Fravega,SAMSUNG,Smartphones,Celular Samsung Galaxy A17 128GB Gris,https://www.fravega.com/p/celular-samsung-galaxy-a17-128gb-gris-782808/,489999.0,404957.85,1,True
FRA-celular-motorola-gmax-8gb-256gb-overture,Fravega,MOTOROLA,Smartphones,Celular Motorola GMAX 8GB 256GB Overture,https://www.fravega.com/p/celular-motorola-gmax-8gb-256gb-overture-783084/,899999.0,743800.83,1,True
FRA-celular-motorola-edge-70-pro-12gb-512gb-,Fravega,MOTOROLA,Smartphones,Celular Motorola Edge 70 Pro 12GB 512GB Lily Titan,https://www.fravega.com/p/celular-motorola-edge-70-pro-12gb-512gb-lily-titan-783087/,1699999.0,1404957.85,1,True
FRA-celular-xiaomi-redmi-note-14-128gb-ocean,Fravega,XIAOMI,Smartphones,Celular Xiaomi Redmi Note 14 128GB Ocean Blue,https://www.fravega.com/p/celular-xiaomi-redmi-note-14-128gb-ocean-blue-783639/,529999.0,438015.7,1,True
FRA-celular-motorola-g15-4gb-128gb-sunrise-o,Fravega,MOTOROLA,Smartphones,Celular Motorola G15 4GB 128GB Sunrise Orange,https://www.fravega.com/p/celular-motorola-g15-4gb-128gb-sunrise-orange-782754/,299999.0,247933.06,1,True
FRA-celular-samsung-galaxy-a16-128-4gb-black,Fravega,SAMSUNG,Smartphones,Celular Samsung Galaxy A16 128/4GB Black,https://www.fravega.com/p/celular-samsung-galaxy-a16-128-4gb-black-990287111/,469999.0,389998.98,1,True
FRA-celular-xiaomi-redmi-note-14-pro-256gb-o,Fravega,XIAOMI,Smartphones,Celular Xiaomi Redmi Note 14 Pro 256GB Ocean Blue,https://www.fravega.com/p/celular-xiaomi-redmi-note-14-pro-256gb-ocean-blue-782632/,799999.0,661156.2,1,True
FRA-iphone-17-pro-256gb-orange-782896,Fravega,OTRAS,Smartphones,iPhone 17 Pro 256GB Orange,https://www.fravega.com/p/iphone-17-pro-256gb-orange-782896/,3499999.0,2473847.19,1,True
FRA-celular-samsung-galaxy-a27-5g-8gb-256gb-,Fravega,SAMSUNG,Smartphones,Celular Samsung Galaxy A27 5G 8GB 256GB Negro,https://www.fravega.com/p/celular-samsung-galaxy-a27-5g-8gb-256gb-negro-782807/,999999.0,826445.45,1,True
FRA-celular-xiaomi-redmi-note-14-128gb-midni,Fravega,XIAOMI,Smartphones,Celular Xiaomi Redmi Note 14 128GB Midnight Black,https://www.fravega.com/p/celular-xiaomi-redmi-note-14-128gb-midnight-black-782554/,529999.0,438015.7,1,True
FRA-iphone-15-128gb-black-782468,Fravega,OTRAS,Smartphones,iPhone 15 128GB Black,https://www.fravega.com/p/iphone-15-128gb-black-782468/,1749999.0,1446280.17,1,True
FRA-celular-motorola-g24-128gb-matte-charcoa,Fravega,MOTOROLA,Smartphones,Celular Motorola G24 128GB Matte Charcoal,https://www.fravega.com/p/celular-motorola-g24-128gb-matte-charcoal-782203/,339999.0,280990.91,1,True
FRA-celular-tcl-60r-4-128gb-blanco-990281664,Fravega,TCL,Smartphones,Celular TCL 60R 4+128GB Blanco,https://www.fravega.com/p/celular-tcl-60r-4-128gb-blanco-990281664/,340827.0,238579.0,1,True
FRA-celular-samsung-galaxy-a17-5g-256gb-gray,Fravega,SAMSUNG,Smartphones,Celular Samsung Galaxy A17 5G 256GB Gray,https://www.fravega.com/p/celular-samsung-galaxy-a17-5g-256gb-gray-782853/,729999.0,603304.96,1,True
FRA-celular-motorola-g17-4gb-128gb-782866,Fravega,MOTOROLA,Smartphones,Celular Motorola G17 4GB 128GB,https://www.fravega.com/p/celular-motorola-g17-4gb-128gb-782866/,399999.0,330577.69,1,True
FRA-iphone-17-256gb-negro-783324,Fravega,OTRAS,Smartphones,iPhone 17 256GB Negro,https://www.fravega.com/p/iphone-17-256gb-negro-783324/,2549999.0,1802374.19,1,True
FRA-celular-motorola-g67-4gb-256gb-782593,Fravega,MOTOROLA,Smartphones,Celular Motorola G67 4GB 256GB,https://www.fravega.com/p/celular-motorola-g67-4gb-256gb-782593/,699999.0,578511.57,1,True
FRA-celular-xiaomi-redmi-14c-4-256gb-midnigh,Fravega,XIAOMI,Smartphones,Celular Xiaomi Redmi 14C 4/256GB Midnight Black,https://www.fravega.com/p/celular-xiaomi-redmi-14c-4-256gb-midnight-black-782596/,399999.0,330577.69,1,True
FRA-celular-apple-iphone-17e-256gb-black--22,Fravega,APPLE,Smartphones,Celular Apple Iphone 17e 256GB Black,https://www.fravega.com/p/celular-apple-iphone-17e-256gb-black--22921199/,2428632.22,2185769.0,1,True
FRA-celular-tecno-pova-6-12-256gb-blue-78237,Fravega,OTRAS,Smartphones,Celular Tecno Pova 6 12/256GB Blue,https://www.fravega.com/p/celular-tecno-pova-6-12-256gb-blue-782377/,449999.0,371900.0,1,True
FRA-celular-samsung-galaxy-a37-5g-8gb-256gb-,Fravega,SAMSUNG,Smartphones,Celular Samsung Galaxy A37 5G 8GB 256GB Gris,https://www.fravega.com/p/celular-samsung-galaxy-a37-5g-8gb-256gb-gris-783024/,1149999.0,950412.4,1,True
FRA-celular-motorola-razr-70-ultra-12gb-512g,Fravega,MOTOROLA,Smartphones,Celular Motorola Razr 70 Ultra 12GB 512GB Orient Blue,https://www.fravega.com/p/celular-motorola-razr-70-ultra-12gb-512gb-orient-blue-783089/,2899999.0,2396693.39,1,True
FRA-iphone-17-pro-256gb-deep-blue-783159,Fravega,OTRAS,Smartphones,iPhone 17 Pro 256GB Deep Blue,https://www.fravega.com/p/iphone-17-pro-256gb-deep-blue-783159/,3499999.0,2473847.19,1,True
FRA-celular-zte-v80-pro-8-gb-256-gb-negro-78,Fravega,ZTE,Smartphones,Celular ZTE V80 PRO 8 GB 256 GB Negro,https://www.fravega.com/p/celular-zte-v80-pro-8-gb-256-gb-negro-782438/,484999.0,449999.0,1,True
FRA-celular-motorola-g47-4gb-128gb-fuchsia-r,Fravega,MOTOROLA,Smartphones,Celular Motorola G47 4GB 128GB Fuchsia Red,https://www.fravega.com/p/celular-motorola-g47-4gb-128gb-fuchsia-red-783080/,549999.0,454544.63,1,True
FRA-celular-tcl-k70-4gb-128gb-tpu-case-afa-7,Fravega,TCL,Smartphones,Celular TCL K70 4GB 128GB + TPU Case AFA,https://www.fravega.com/p/celular-tcl-k70-4gb-128gb-tpu-case-afa-783052/,319999.0,249999.0,1,True
FRA-celular-moto-motorola-g24-power-128-8gb-,Fravega,MOTOROLA,Smartphones,Celular Moto Motorola G24 Power 128/8GB Celeste,https://www.fravega.com/p/celular-moto-motorola-g24-power-128-8gb-celeste-990190458/,399999.0,311999.0,1,True
FRA-celular-motorola-edge-70-12gb-512gb-7825,Fravega,MOTOROLA,Smartphones,Celular Motorola EDGE 70 12GB 512GB,https://www.fravega.com/p/celular-motorola-edge-70-12gb-512gb-782528/,1499999.0,1239668.6,1,True
FRA-celular-zte-a56-pro-4gb-128gb-gray-78245,Fravega,ZTE,Smartphones,Celular ZTE A56 Pro 4GB 128GB Gray,https://www.fravega.com/p/celular-zte-a56-pro-4gb-128gb-gray-782455/,269999.0,223139.67,1,True
FRA-celular-samsung-galaxy-s25-fe-5g-256gb-j,Fravega,SAMSUNG,Smartphones,Celular Samsung Galaxy S25 FE 5G 256GB Jet Black,https://www.fravega.com/p/celular-samsung-galaxy-s25-fe-5g-256gb-jet-black-782880/,1799999.0,1487602.48,1,True
FRA-celular-motorola-g06-4gb-64gb-naranja-78,Fravega,MOTOROLA,Smartphones,Celular Motorola G06 4GB 64GB Naranja,https://www.fravega.com/p/celular-motorola-g06-4gb-64gb-naranja-782559/,219999.0,181817.36,1,True
FRA-celular-moto-g17-4-128gb-evening-blue-99,Fravega,OTRAS,Smartphones,Celular Moto G17 4+128GB Evening Blue,https://www.fravega.com/p/celular-moto-g17-4-128gb-evening-blue-990297863/,449999.0,314999.0,1,True
FRA-celular-nubia-neo-3-gt-5g-256gb-grey-782,Fravega,OTRAS,Smartphones,Celular Nubia Neo 3 GT 5G 256GB Grey,https://www.fravega.com/p/celular-nubia-neo-3-gt-5g-256gb-grey-782579/,689999.0,570247.11,1,True
FRA-celular-samsung-galaxy-a37-5g-8gb-256gb-,Fravega,SAMSUNG,Smartphones,Celular Samsung Galaxy A37 5G 8GB 256GB Violeta,https://www.fravega.com/p/celular-samsung-galaxy-a37-5g-8gb-256gb-violeta-783103/,1149999.0,950412.4,1,True
FRA-celular-motorola-g06-4gb-128gb-verde-782,Fravega,MOTOROLA,Smartphones,Celular Motorola G06 4GB 128GB Verde,https://www.fravega.com/p/celular-motorola-g06-4gb-128gb-verde-782567/,259999.0,214875.21,1,True
FRA-celular-samsung-galaxy-a57-5g-8gb-256gb-,Fravega,SAMSUNG,Smartphones,Celular Samsung Galaxy A57 5G 8GB 256GB Gris,https://www.fravega.com/p/celular-samsung-galaxy-a57-5g-8gb-256gb-gris-783021/,1349999.0,1115701.65,1,True
FRA-celular-motorola-edge-70-12gb-512gb-7824,Fravega,MOTOROLA,Smartphones,Celular Motorola EDGE 70 12GB 512GB,https://www.fravega.com/p/celular-motorola-edge-70-12gb-512gb-782437/,1499999.0,1239668.6,1,True
FRA-celular-motorola-g67-4gb-256gb-782665,Fravega,MOTOROLA,Smartphones,Celular Motorola G67 4GB 256GB,https://www.fravega.com/p/celular-motorola-g67-4gb-256gb-782665/,699999.0,578511.57,1,True
FRA-celular-sky-f4c-rojo-4g-bluetooth-radio-,Fravega,OTRAS,Smartphones,Celular Sky F4c Rojo 4g Bluetooth Radio Camara 0.8mp,https://www.fravega.com/p/celular-sky-f4c-rojo-4g-bluetooth-radio-camara-0-8mp-990245856/,51427.0,35999.0,1,True
FRA-celular-nubia-focus-2-5g-black-8gb-256gb,Fravega,OTRAS,Smartphones,Celular Nubia Focus 2 5G Black 8GB 256GB,https://www.fravega.com/p/celular-nubia-focus-2-5g-black-8gb-256gb-782724/,449999.0,371900.0,1,True
FRA-celular-motorola-g06-4gb-128gb-azul-7825,Fravega,MOTOROLA,Smartphones,Celular Motorola G06 4GB 128GB Azul,https://www.fravega.com/p/celular-motorola-g06-4gb-128gb-azul-782565/,259999.0,214875.21,1,True
FRA-celular-samsung-galaxy-a57-5g-8gb-256gb-,Fravega,SAMSUNG,Smartphones,Celular Samsung Galaxy A57 5G 8GB 256GB Violeta,https://www.fravega.com/p/celular-samsung-galaxy-a57-5g-8gb-256gb-violeta-783109/,1349999.0,1115701.65,1,True
FRA-iphone-17-pro-256gb-orange-782896,Fravega,OTRAS,Smartphones,iPhone 17 Pro 256GB Orange,https://www.fravega.com/p/iphone-17-pro-256gb-orange-782896/,3499999.0,2473847.19,1,True
FRA-celular-samsung-galaxy-a27-5g-8gb-256gb-,Fravega,SAMSUNG,Smartphones,Celular Samsung Galaxy A27 5G 8GB 256GB Negro,https://www.fravega.com/p/celular-samsung-galaxy-a27-5g-8gb-256gb-negro-782807/,999999.0,826445.45,1,True
FRA-celular-xiaomi-redmi-note-14-128gb-midni,Fravega,XIAOMI,Smartphones,Celular Xiaomi Redmi Note 14 128GB Midnight Black,https://www.fravega.com/p/celular-xiaomi-redmi-note-14-128gb-midnight-black-782554/,529999.0,438015.7,1,True
FRA-iphone-15-128gb-black-782468,Fravega,OTRAS,Smartphones,iPhone 15 128GB Black,https://www.fravega.com/p/iphone-15-128gb-black-782468/,1749999.0,1446280.17,1,True
FRA-celular-motorola-g24-128gb-matte-charcoa,Fravega,MOTOROLA,Smartphones,Celular Motorola G24 128GB Matte Charcoal,https://www.fravega.com/p/celular-motorola-g24-128gb-matte-charcoal-782203/,339999.0,280990.91,1,True
FRA-celular-tcl-60r-4-128gb-blanco-990281664,Fravega,TCL,Smartphones,Celular TCL 60R 4+128GB Blanco,https://www.fravega.com/p/celular-tcl-60r-4-128gb-blanco-990281664/,340827.0,238579.0,1,True
FRA-celular-samsung-galaxy-a17-5g-256gb-gray,Fravega,SAMSUNG,Smartphones,Celular Samsung Galaxy A17 5G 256GB Gray,https://www.fravega.com/p/celular-samsung-galaxy-a17-5g-256gb-gray-782853/,729999.0,603304.96,1,True
FRA-celular-motorola-g17-4gb-128gb-782866,Fravega,MOTOROLA,Smartphones,Celular Motorola G17 4GB 128GB,https://www.fravega.com/p/celular-motorola-g17-4gb-128gb-782866/,399999.0,330577.69,1,True
FRA-iphone-17-256gb-negro-783324,Fravega,OTRAS,Smartphones,iPhone 17 256GB Negro,https://www.fravega.com/p/iphone-17-256gb-negro-783324/,2549999.0,1802374.19,1,True
FRA-celular-motorola-g67-4gb-256gb-782593,Fravega,MOTOROLA,Smartphones,Celular Motorola G67 4GB 256GB,https://www.fravega.com/p/celular-motorola-g67-4gb-256gb-782593/,699999.0,578511.57,1,True
FRA-celular-xiaomi-redmi-14c-4-256gb-midnigh,Fravega,XIAOMI,Smartphones,Celular Xiaomi Redmi 14C 4/256GB Midnight Black,https://www.fravega.com/p/celular-xiaomi-redmi-14c-4-256gb-midnight-black-782596/,399999.0,330577.69,1,True
FRA-celular-apple-iphone-17e-256gb-black--22,Fravega,APPLE,Smartphones,Celular Apple Iphone 17e 256GB Black,https://www.fravega.com/p/celular-apple-iphone-17e-256gb-black--22921199/,2428632.22,2185769.0,1,True
FRA-celular-tecno-pova-6-12-256gb-blue-78237,Fravega,OTRAS,Smartphones,Celular Tecno Pova 6 12/256GB Blue,https://www.fravega.com/p/celular-tecno-pova-6-12-256gb-blue-782377/,449999.0,371900.0,1,True
FRA-celular-samsung-galaxy-a37-5g-8gb-256gb-,Fravega,SAMSUNG,Smartphones,Celular Samsung Galaxy A37 5G 8GB 256GB Gris,https://www.fravega.com/p/celular-samsung-galaxy-a37-5g-8gb-256gb-gris-783024/,1149999.0,950412.4,1,True
FRA-celular-motorola-razr-70-ultra-12gb-512g,Fravega,MOTOROLA,Smartphones,Celular Motorola Razr 70 Ultra 12GB 512GB Orient Blue,https://www.fravega.com/p/celular-motorola-razr-70-ultra-12gb-512gb-orient-blue-783089/,2899999.0,2396693.39,1,True
FRA-iphone-17-pro-256gb-deep-blue-783159,Fravega,OTRAS,Smartphones,iPhone 17 Pro 256GB Deep Blue,https://www.fravega.com/p/iphone-17-pro-256gb-deep-blue-783159/,3499999.0,2473847.19,1,True
FRA-celular-zte-v80-pro-8-gb-256-gb-negro-78,Fravega,ZTE,Smartphones,Celular ZTE V80 PRO 8 GB 256 GB Negro,https://www.fravega.com/p/celular-zte-v80-pro-8-gb-256-gb-negro-782438/,484999.0,449999.0,1,True
FRA-celular-motorola-g47-4gb-128gb-fuchsia-r,Fravega,MOTOROLA,Smartphones,Celular Motorola G47 4GB 128GB Fuchsia Red,https://www.fravega.com/p/celular-motorola-g47-4gb-128gb-fuchsia-red-783080/,549999.0,454544.63,1,True
FRA-celular-tcl-k70-4gb-128gb-tpu-case-afa-7,Fravega,TCL,Smartphones,Celular TCL K70 4GB 128GB + TPU Case AFA,https://www.fravega.com/p/celular-tcl-k70-4gb-128gb-tpu-case-afa-783052/,319999.0,249999.0,1,True
FRA-celular-moto-motorola-g24-power-128-8gb-,Fravega,MOTOROLA,Smartphones,Celular Moto Motorola G24 Power 128/8GB Celeste,https://www.fravega.com/p/celular-moto-motorola-g24-power-128-8gb-celeste-990190458/,399999.0,311999.0,1,True
FRA-celular-zte-a56-pro-4-128gb-gris-9902846,Fravega,ZTE,Smartphones,Celular ZTE A56 PRO 4+128GB Gris,https://www.fravega.com/p/celular-zte-a56-pro-4-128gb-gris-990284617/,314613.0,220229.0,1,True
FRA-celular-samsung-s26-ultra-12-gb-512gb-ne,Fravega,SAMSUNG,Smartphones,Celular Samsung S26 Ultra 12 GB 512GB Negro,https://www.fravega.com/p/celular-samsung-s26-ultra-12-gb-512gb-negro-782979/,3699999.0,3057850.41,1,True
FRA-celular-xiaomi-redmi-note-15-pro-8gb-256,Fravega,XIAOMI,Smartphones,Celular Xiaomi Redmi Note 15 Pro 8GB 256GB Black,https://www.fravega.com/p/celular-xiaomi-redmi-note-15-pro-8gb-256gb-black-782927/,899999.0,743800.83,1,True
FRA-iphone-17-pro-max-256gb-plata-782749,Fravega,OTRAS,Smartphones,iPhone 17 Pro Max 256GB Plata,https://www.fravega.com/p/iphone-17-pro-max-256gb-plata-782749/,3799999.0,2685891.29,1,True
FRA-motorola-moto-g77-256gb-8gb-shaded-spruc,Fravega,MOTOROLA,Smartphones,Motorola Moto G77 256gb 8gb Shaded Spruce,https://www.fravega.com/p/motorola-moto-g77-256gb-8gb-shaded-spruce-22894084/,785825.73,637619.0,1,True
FRA-celular-samsung-galaxy-s25-ultra-512gb-t,Fravega,SAMSUNG,Smartphones,Celular Samsung Galaxy S25 Ultra 512GB Titanium Black,https://www.fravega.com/p/celular-samsung-galaxy-s25-ultra-512gb-titanium-black-783019/,2999999.0,2479338.02,1,True
FRA-celular-tcl-60r-5g-4gb-128gb-gray-782523,Fravega,TCL,Smartphones,Celular TCL 60R 5G 4GB 128GB Gray,https://www.fravega.com/p/celular-tcl-60r-5g-4gb-128gb-gray-782523/,309999.0,239999.0,1,True
FRA-celular-samsung-galaxy-a57-5g-8gb-256gb-,Fravega,SAMSUNG,Smartphones,Celular Samsung Galaxy A57 5G 8GB 256GB Gris,https://www.fravega.com/p/celular-samsung-galaxy-a57-5g-8gb-256gb-gris-783108/,1349999.0,1115701.65,1,True
FRA-celular-motorola-gmax-8gb-256gb-blue-ato,Fravega,MOTOROLA,Smartphones,Celular Motorola GMAX 8GB 256GB Blue Atoll,https://www.fravega.com/p/celular-motorola-gmax-8gb-256gb-blue-atoll-783082/,899999.0,743800.83,1,True
FRA-celular-xiaomi-redmi-note-14-pro-256gb-m,Fravega,XIAOMI,Smartphones,Celular Xiaomi Redmi Note 14 Pro 256GB Midnight Black,https://www.fravega.com/p/celular-xiaomi-redmi-note-14-pro-256gb-midnight-black-782667/,799999.0,661156.2,1,True
FRA-celular-sky-flip-4g-64mb-128mb-bluetooth,Fravega,OTRAS,Smartphones,Celular Sky Flip 4G 64MB 128MB Bluetooth Azul,https://www.fravega.com/p/celular-sky-flip-4g-64mb-128mb-bluetooth-azul-990245881/,64870.0,45409.0,1,True
FRA-celular-samsung-galaxy-s25-ultra-512gb-t,Fravega,SAMSUNG,Smartphones,Celular Samsung Galaxy S25 Ultra 512GB Titanium Silverblue,https://www.fravega.com/p/celular-samsung-galaxy-s25-ultra-512gb-titanium-silverblue-782703/,2999999.0,2479338.02,1,True
FRA-iphone-17-pro-256gb-orange-782896,Fravega,OTRAS,Smartphones,iPhone 17 Pro 256GB Orange,https://www.fravega.com/p/iphone-17-pro-256gb-orange-782896/,3499999.0,2473847.19,1,True
FRA-celular-samsung-galaxy-a27-5g-8gb-256gb-,Fravega,SAMSUNG,Smartphones,Celular Samsung Galaxy A27 5G 8GB 256GB Negro,https://www.fravega.com/p/celular-samsung-galaxy-a27-5g-8gb-256gb-negro-782807/,999999.0,826445.45,1,True
FRA-celular-xiaomi-redmi-note-14-128gb-midni,Fravega,XIAOMI,Smartphones,Celular Xiaomi Redmi Note 14 128GB Midnight Black,https://www.fravega.com/p/celular-xiaomi-redmi-note-14-128gb-midnight-black-782554/,529999.0,438015.7,1,True
FRA-iphone-15-128gb-black-782468,Fravega,OTRAS,Smartphones,iPhone 15 128GB Black,https://www.fravega.com/p/iphone-15-128gb-black-782468/,1749999.0,1446280.17,1,True
FRA-celular-motorola-g24-128gb-matte-charcoa,Fravega,MOTOROLA,Smartphones,Celular Motorola G24 128GB Matte Charcoal,https://www.fravega.com/p/celular-motorola-g24-128gb-matte-charcoal-782203/,339999.0,280990.91,1,True
FRA-celular-tcl-60r-4-128gb-blanco-990281664,Fravega,TCL,Smartphones,Celular TCL 60R 4+128GB Blanco,https://www.fravega.com/p/celular-tcl-60r-4-128gb-blanco-990281664/,340827.0,238579.0,1,True
FRA-celular-samsung-galaxy-a17-5g-256gb-gray,Fravega,SAMSUNG,Smartphones,Celular Samsung Galaxy A17 5G 256GB Gray,https://www.fravega.com/p/celular-samsung-galaxy-a17-5g-256gb-gray-782853/,729999.0,603304.96,1,True
FRA-celular-motorola-g17-4gb-128gb-782866,Fravega,MOTOROLA,Smartphones,Celular Motorola G17 4GB 128GB,https://www.fravega.com/p/celular-motorola-g17-4gb-128gb-782866/,399999.0,330577.69,1,True
FRA-iphone-17-256gb-negro-783324,Fravega,OTRAS,Smartphones,iPhone 17 256GB Negro,https://www.fravega.com/p/iphone-17-256gb-negro-783324/,2549999.0,1802374.19,1,True
FRA-celular-motorola-g67-4gb-256gb-782593,Fravega,MOTOROLA,Smartphones,Celular Motorola G67 4GB 256GB,https://www.fravega.com/p/celular-motorola-g67-4gb-256gb-782593/,699999.0,578511.57,1,True
FRA-celular-xiaomi-redmi-14c-4-256gb-midnigh,Fravega,XIAOMI,Smartphones,Celular Xiaomi Redmi 14C 4/256GB Midnight Black,https://www.fravega.com/p/celular-xiaomi-redmi-14c-4-256gb-midnight-black-782596/,399999.0,330577.69,1,True
FRA-celular-apple-iphone-17e-256gb-black--22,Fravega,APPLE,Smartphones,Celular Apple Iphone 17e 256GB Black,https://www.fravega.com/p/celular-apple-iphone-17e-256gb-black--22921199/,2428632.22,2185769.0,1,True
FRA-celular-tecno-pova-6-12-256gb-blue-78237,Fravega,OTRAS,Smartphones,Celular Tecno Pova 6 12/256GB Blue,https://www.fravega.com/p/celular-tecno-pova-6-12-256gb-blue-782377/,449999.0,371900.0,1,True
FRA-celular-samsung-galaxy-a37-5g-8gb-256gb-,Fravega,SAMSUNG,Smartphones,Celular Samsung Galaxy A37 5G 8GB 256GB Gris,https://www.fravega.com/p/celular-samsung-galaxy-a37-5g-8gb-256gb-gris-783024/,1149999.0,950412.4,1,True
FRA-celular-motorola-razr-70-ultra-12gb-512g,Fravega,MOTOROLA,Smartphones,Celular Motorola Razr 70 Ultra 12GB 512GB Orient Blue,https://www.fravega.com/p/celular-motorola-razr-70-ultra-12gb-512gb-orient-blue-783089/,2899999.0,2396693.39,1,True
FRA-iphone-17-pro-256gb-deep-blue-783159,Fravega,OTRAS,Smartphones,iPhone 17 Pro 256GB Deep Blue,https://www.fravega.com/p/iphone-17-pro-256gb-deep-blue-783159/,3499999.0,2473847.19,1,True
FRA-celular-zte-v80-pro-8-gb-256-gb-negro-78,Fravega,ZTE,Smartphones,Celular ZTE V80 PRO 8 GB 256 GB Negro,https://www.fravega.com/p/celular-zte-v80-pro-8-gb-256-gb-negro-782438/,484999.0,449999.0,1,True
FRA-celular-motorola-g47-4gb-128gb-fuchsia-r,Fravega,MOTOROLA,Smartphones,Celular Motorola G47 4GB 128GB Fuchsia Red,https://www.fravega.com/p/celular-motorola-g47-4gb-128gb-fuchsia-red-783080/,549999.0,454544.63,1,True
FRA-celular-tcl-k70-4gb-128gb-tpu-case-afa-7,Fravega,TCL,Smartphones,Celular TCL K70 4GB 128GB + TPU Case AFA,https://www.fravega.com/p/celular-tcl-k70-4gb-128gb-tpu-case-afa-783052/,319999.0,249999.0,1,True
FRA-celular-moto-motorola-g24-power-128-8gb-,Fravega,MOTOROLA,Smartphones,Celular Moto Motorola G24 Power 128/8GB Celeste,https://www.fravega.com/p/celular-moto-motorola-g24-power-128-8gb-celeste-990190458/,399999.0,311999.0,1,True
FRA-celular-tcl-605-4gb-128gb-negro-782748,Fravega,TCL,Smartphones,Celular TCL 605 4GB 128GB Negro,https://www.fravega.com/p/celular-tcl-605-4gb-128gb-negro-782748/,249999.0,229999.0,1,True
FRA-celular-motorola-g47-4gb-128gb-impenetra,Fravega,MOTOROLA,Smartphones,Celular Motorola G47 4GB 128GB Impenetrable,https://www.fravega.com/p/celular-motorola-g47-4gb-128gb-impenetrable-783081/,549999.0,454544.63,1,True
FRA-celular-samsung-galaxy-a26-8-gb-256-gb-5,Fravega,SAMSUNG,Smartphones,Celular Samsung Galaxy A26 8 Gb + 256 Gb 5g White Blanco,https://www.fravega.com/p/celular-samsung-galaxy-a26-8-gb-256-gb-5g-white-blanco-22913988/,894598.74,630999.0,1,True
FRA-celular-zte-a56-pro-4gb-128gb-gold-78244,Fravega,ZTE,Smartphones,Celular ZTE A56 Pro 4GB 128GB Gold,https://www.fravega.com/p/celular-zte-a56-pro-4gb-128gb-gold-782442/,269999.0,223139.67,1,True
FRA-celular-nubia-music-2-pop-art-4gb-128gb-,Fravega,OTRAS,Smartphones,Celular Nubia Music 2 Pop Art 4GB 128GB,https://www.fravega.com/p/celular-nubia-music-2-pop-art-4gb-128gb-782723/,289999.0,229999.0,1,True
FRA-celular-tcl-605-8gb-256gb-negro-782729,Fravega,TCL,Smartphones,Celular TCL 605 8GB 256GB Negro,https://www.fravega.com/p/celular-tcl-605-8gb-256gb-negro-782729/,319999.0,264461.98,1,True
FRA-celular-xiaomi-redmi-15-8gb-256gb-black-,Fravega,XIAOMI,Smartphones,Celular Xiaomi Redmi 15 8GB 256GB Black,https://www.fravega.com/p/celular-xiaomi-redmi-15-8gb-256gb-black-782940/,599999.0,495866.94,1,True
FRA-celular-samsung-galaxy-a56-5g-dual-sim-2,Fravega,SAMSUNG,Smartphones,Celular Samsung Galaxy A56 5g Dual Sim 256gb 8gb Ram Gris,https://www.fravega.com/p/celular-samsung-galaxy-a56-5g-dual-sim-256gb-8gb-ram-gris-22914024/,1203298.74,899900.0,1,True
FRA-celular-tcl-k70-4gb-128gb-tpu-case-afa-7,Fravega,TCL,Smartphones,Celular TCL K70 4GB 128GB + TPU Case AFA,https://www.fravega.com/p/celular-tcl-k70-4gb-128gb-tpu-case-afa-783053/,319999.0,249999.0,1,True
FRA-celular-sky-f4c-dark-grey-4g-bluetooth-r,Fravega,OTRAS,Smartphones,Celular Sky F4c Dark Grey 4g Bluetooth Radio Camara 0.8mp,https://www.fravega.com/p/celular-sky-f4c-dark-grey-4g-bluetooth-radio-camara-0-8mp-990245882/,52656.0,36859.0,1,True
FRA-celular-samsung-galaxy-a36-5g-256-gb-8-g,Fravega,SAMSUNG,Smartphones,Celular Samsung Galaxy A36 5g 256 Gb 8 Gb Ram Negro,https://www.fravega.com/p/celular-samsung-galaxy-a36-5g-256-gb-8-gb-ram-negro-22914006/,1042018.74,706999.0,1,True
FRA-iphone-17e-256gb-negro-782895,Fravega,OTRAS,Smartphones,iPhone 17e 256GB Negro,https://www.fravega.com/p/iphone-17e-256gb-negro-782895/,1899999.0,1444866.16,1,True
FRA-smart-tv-samsung-55-4k-neo-qled-qn70f-50,Fravega,SAMSUNG,Televisores,"Smart TV Samsung 55"" 4K Neo QLED QN70F",https://www.fravega.com/p/smart-tv-samsung-55-4k-neo-qled-qn70f-502816/,2759999.0,2280990.91,1,True
FRA-prepaid-card-tv-samsung-oled-65-qn65s90h,Fravega,SAMSUNG,Televisores,Prepaid Card TV Samsung OLED 65” QN65S90H,https://www.fravega.com/p/prepaid-card-tv-samsung-oled-65-qn65s90h-14702/,600000.0,495867.77,1,True
FRA-smart-tv-qled-4k-55-tcl-55c6k-f-503079,Fravega,TCL,Televisores,Smart TV QLED 4K 55” TCL 55C6K-F,https://www.fravega.com/p/smart-tv-qled-4k-55-tcl-55c6k-f-503079/,1299999.0,1074379.34,1,True
FRA-prepaid-card-tv-samsung-oled-77-qn77s90h,Fravega,SAMSUNG,Televisores,Prepaid Card TV Samsung OLED 77” QN77S90H,https://www.fravega.com/p/prepaid-card-tv-samsung-oled-77-qn77s90h-14703/,800000.0,661157.02,1,True
FRA-smart-tv-hisense-70-4k-uhd-70a6n-503182,Fravega,HISENSE,Televisores,"Smart TV Hisense 70"" 4K UHD 70A6N",https://www.fravega.com/p/smart-tv-hisense-70-4k-uhd-70a6n-503182/,1499999.0,1239668.6,1,True
FRA-smart-tv-samsung-65-led-4k-crystal-uhd-u,Fravega,SAMSUNG,Televisores,"Smart TV Samsung 65"" LED 4K Crystal UHD U8000F",https://www.fravega.com/p/smart-tv-samsung-65-led-4k-crystal-uhd-u8000f-503076/,1299999.0,1199999.0,1,True
FRA-smart-tv-philco-32-hd-vidaa-pld32hs24vh-,Fravega,PHILCO,Televisores,"Smart TV Philco 32"" HD VIDAA PLD32HS24VH",https://www.fravega.com/p/smart-tv-philco-32-hd-vidaa-pld32hs24vh-990245091/,351999.0,255999.0,1,True
FRA-prepaid-card-tv-samsung-micro-rgb-65-mrn,Fravega,SAMSUNG,Televisores,Prepaid Card TV Samsung Micro RGB 65” MRN65R85H,https://www.fravega.com/p/prepaid-card-tv-samsung-micro-rgb-65-mrn65r85h-14803/,600000.0,495867.77,1,True
FRA-smart-tv-samsung-hd-32-un32h5000fgc-5030,Fravega,SAMSUNG,Televisores,Smart TV Samsung HD 32” UN32H5000FGC,https://www.fravega.com/p/smart-tv-samsung-hd-32-un32h5000fgc-503033/,379999.0,319999.0,1,True
FRA-smart-tv-50-noblex-roku-tv-fhd-db50x3110,Fravega,NOBLEX,Televisores,Smart Tv 50 Noblex Roku Tv Fhd Db50x3110,https://www.fravega.com/p/smart-tv-50-noblex-roku-tv-fhd-db50x3110-990288853/,659999.0,599999.0,1,True
FRA-smart-tv-philips-70-4k-uhd-70pud7908-77-,Fravega,PHILIPS,Televisores,"Smart TV Philips 70"" 4K UHD 70PUD7908/77",https://www.fravega.com/p/smart-tv-philips-70-4k-uhd-70pud7908-77-502021/,1949999.0,1611569.42,1,True
FRA-smart-tv-noblex-4k-50-dv50x6500f--502907,Fravega,NOBLEX,Televisores,"Smart TV Noblex 4K 50"" DV50X6500F",https://www.fravega.com/p/smart-tv-noblex-4k-50-dv50x6500f--502907/,599999.0,549999.0,1,True
FRA-smart-tv-samsung-65-4k-uhd-neo-qled-qn65,Fravega,SAMSUNG,Televisores,Smart TV Samsung 65” 4K UHD Neo QLED QN65QN70H,https://www.fravega.com/p/smart-tv-samsung-65-4k-uhd-neo-qled-qn65qn70h--502977/,2379999.0,1809885.17,1,True
FRA-smart-tv-philips-40-led-full-hd-40pfd692,Fravega,PHILIPS,Televisores,"Smart TV Philips 40"" LED Full HD 40PFD6920/77 Google TV WiFi",https://www.fravega.com/p/smart-tv-philips-40-led-full-hd-40pfd6920-77-google-tv-wifi-503082/,569999.0,471073.55,1,True
FRA-tv-led-65-noblex-vidaa-starwars-uh-50314,Fravega,NOBLEX,Televisores,"TV LED 65"" Noblex Vidaa Starwars UH",https://www.fravega.com/p/tv-led-65-noblex-vidaa-starwars-uh-503148/,1399999.0,1099999.0,1,True
FRA-tv-led-philips-55-uhd-55pud7309-77-50279,Fravega,PHILIPS,Televisores,"TV LED Philips 55"" UHD 55PUD7309/77",https://www.fravega.com/p/tv-led-philips-55-uhd-55pud7309-77-502793/,999999.0,826445.45,1,True
FRA-smart-tv-philips-65-led-4k-uhd-65pud8100,Fravega,PHILIPS,Televisores,"Smart TV Philips 65"" LED 4K UHD 65PUD8100/77 Ambilight Titan OS WiFi",https://www.fravega.com/p/smart-tv-philips-65-led-4k-uhd-65pud8100-77-ambilight-titan-os-wifi-503084/,1599999.0,1322313.22,1,True
FRA-smart-tv-samsung-85-qled-4k-q7-tizen-os-,Fravega,SAMSUNG,Televisores,Smart TV Samsung 85” QLED 4K Q7 Tizen OS,https://www.fravega.com/p/smart-tv-samsung-85-qled-4k-q7-tizen-os-503003/,4249999.0,3799999.0,1,True
FRA-smart-tv-samsung-qled-4k-uhd-75-qn75q7fa,Fravega,SAMSUNG,Televisores,Smart TV Samsung QLED 4K UHD 75” QN75Q7FAAGCZB,https://www.fravega.com/p/smart-tv-samsung-qled-4k-uhd-75-qn75q7faagczb-503123/,2599999.0,2148759.5,1,True
FRA-smart-tv-samsung-qled-4k-uhd-55-qn55q6fa,Fravega,SAMSUNG,Televisores,Smart TV Samsung QLED 4K UHD 55” QN55Q6FAAG,https://www.fravega.com/p/smart-tv-samsung-qled-4k-uhd-55-qn55q6faag-502993/,949999.0,899999.0,1,True
FRA-smart-tv-tcl-65-qled-65p8k-b-503027,Fravega,TCL,Televisores,"Smart TV TCL 65"" QLED 65P8K-B",https://www.fravega.com/p/smart-tv-tcl-65-qled-65p8k-b-503027/,1399999.0,1157023.97,1,True
FRA-tv-led-noblex-hd-40-dv40x5100f-502877,Fravega,NOBLEX,Televisores,TV Led Noblex HD 40” DV40X5100F,https://www.fravega.com/p/tv-led-noblex-hd-40-dv40x5100f-502877/,399999.0,379999.0,1,True
FRA-smart-tv-led-32-philips-32phd6910-77-502,Fravega,PHILIPS,Televisores,"Smart TV Led 32"" Philips 32PHD6910/77",https://www.fravega.com/p/smart-tv-led-32-philips-32phd6910-77-502788/,419999.0,347106.61,1,True
FRA-smart-tv-led-43-philips-43pfd6910-77-502,Fravega,PHILIPS,Televisores,"Smart TV LED 43"" Philips 43PFD6910/77",https://www.fravega.com/p/smart-tv-led-43-philips-43pfd6910-77-502789/,629999.0,520660.33,1,True
FRA-tv-led-32-noblex-vidaa-mickey1dv32v-hd--,Fravega,NOBLEX,Televisores,"TV LED 32"" Noblex Vidaa MICKEY1DV32V HD",https://www.fravega.com/p/tv-led-32-noblex-vidaa-mickey1dv32v-hd--503147/,319999.0,289999.0,1,True
FRA-smart-tv-philips-led-50-4k-uhd-titan-os-,Fravega,PHILIPS,Televisores,Smart TV Philips LED 50” 4K UHD Titan OS 50PUD7309/77,https://www.fravega.com/p/smart-tv-philips-led-50-4k-uhd-titan-os-50pud7309-77-502852/,849999.0,702478.51,1,True
FRA-smart-tv-samsung-qled-4k-uhd-55-qn55q6fa,Fravega,SAMSUNG,Televisores,Smart TV Samsung QLED 4K UHD 55” QN55Q6FAAGCZB,https://www.fravega.com/p/smart-tv-samsung-qled-4k-uhd-55-qn55q6faagczb-503023/,1049999.0,899999.0,1,True
FRA-smart-tv-samsung-qled-4k-uhd-65-qn65q6fa,Fravega,SAMSUNG,Televisores,Smart TV Samsung QLED 4K UHD 65” QN65Q6FAAG,https://www.fravega.com/p/smart-tv-samsung-qled-4k-uhd-65-qn65q6faag-503022/,1699999.0,1404957.85,1,True
FRA-smart-tv-tcl-43-qled-fhd-43s5k-google-tv,Fravega,TCL,Televisores,Smart TV TCL 43” QLED FHD 43S5K Google TV,https://www.fravega.com/p/smart-tv-tcl-43-qled-fhd-43s5k-google-tv-502831/,539999.0,446280.17,1,True
FRA-smart-tv-tcl-55-4k-uhd-led-55v6c-google-,Fravega,TCL,Televisores,Smart TV TCL 55” 4K UHD LED 55V6C Google TV,https://www.fravega.com/p/smart-tv-tcl-55-4k-uhd-led-55v6c-google-tv-503060/,799999.0,661156.2,1,True
FRA-smart-tv-samsung-50-led-4k-crystal-uhd-u,Fravega,SAMSUNG,Televisores,"Smart TV Samsung 50"" LED 4K Crystal UHD U8000F",https://www.fravega.com/p/smart-tv-samsung-50-led-4k-crystal-uhd-u8000f-503041/,917999.0,758676.86,1,True
FRA-tv-noblex-75-uhd-4k-led-x8-series-dv75x8,Fravega,NOBLEX,Televisores,TV Noblex 75” UHD 4K LED X8 Series DV75X8580 Google TV,https://www.fravega.com/p/tv-noblex-75-uhd-4k-led-x8-series-dv75x8580-google-tv-502794/,1599999.0,1322313.22,1,True
FRA-smart-tv-samsung-55-4k-neo-qled-qn70f-50,Fravega,SAMSUNG,Televisores,"Smart TV Samsung 55"" 4K Neo QLED QN70F",https://www.fravega.com/p/smart-tv-samsung-55-4k-neo-qled-qn70f-502816/,2759999.0,2280990.91,1,True
FRA-prepaid-card-tv-samsung-oled-65-qn65s90h,Fravega,SAMSUNG,Televisores,Prepaid Card TV Samsung OLED 65” QN65S90H,https://www.fravega.com/p/prepaid-card-tv-samsung-oled-65-qn65s90h-14702/,600000.0,495867.77,1,True
FRA-smart-tv-qled-4k-55-tcl-55c6k-f-503079,Fravega,TCL,Televisores,Smart TV QLED 4K 55” TCL 55C6K-F,https://www.fravega.com/p/smart-tv-qled-4k-55-tcl-55c6k-f-503079/,1299999.0,1074379.34,1,True
FRA-prepaid-card-tv-samsung-oled-77-qn77s90h,Fravega,SAMSUNG,Televisores,Prepaid Card TV Samsung OLED 77” QN77S90H,https://www.fravega.com/p/prepaid-card-tv-samsung-oled-77-qn77s90h-14703/,800000.0,661157.02,1,True
FRA-smart-tv-hisense-70-4k-uhd-70a6n-503182,Fravega,HISENSE,Televisores,"Smart TV Hisense 70"" 4K UHD 70A6N",https://www.fravega.com/p/smart-tv-hisense-70-4k-uhd-70a6n-503182/,1499999.0,1239668.6,1,True
FRA-smart-tv-samsung-65-led-4k-crystal-uhd-u,Fravega,SAMSUNG,Televisores,"Smart TV Samsung 65"" LED 4K Crystal UHD U8000F",https://www.fravega.com/p/smart-tv-samsung-65-led-4k-crystal-uhd-u8000f-503076/,1299999.0,1199999.0,1,True
FRA-smart-tv-philco-32-hd-vidaa-pld32hs24vh-,Fravega,PHILCO,Televisores,"Smart TV Philco 32"" HD VIDAA PLD32HS24VH",https://www.fravega.com/p/smart-tv-philco-32-hd-vidaa-pld32hs24vh-990245091/,351999.0,255999.0,1,True
FRA-prepaid-card-tv-samsung-micro-rgb-65-mrn,Fravega,SAMSUNG,Televisores,Prepaid Card TV Samsung Micro RGB 65” MRN65R85H,https://www.fravega.com/p/prepaid-card-tv-samsung-micro-rgb-65-mrn65r85h-14803/,600000.0,495867.77,1,True
FRA-smart-tv-samsung-hd-32-un32h5000fgc-5030,Fravega,SAMSUNG,Televisores,Smart TV Samsung HD 32” UN32H5000FGC,https://www.fravega.com/p/smart-tv-samsung-hd-32-un32h5000fgc-503033/,379999.0,319999.0,1,True
FRA-smart-tv-50-noblex-roku-tv-fhd-db50x3110,Fravega,NOBLEX,Televisores,Smart Tv 50 Noblex Roku Tv Fhd Db50x3110,https://www.fravega.com/p/smart-tv-50-noblex-roku-tv-fhd-db50x3110-990288853/,659999.0,599999.0,1,True
FRA-smart-tv-philips-70-4k-uhd-70pud7908-77-,Fravega,PHILIPS,Televisores,"Smart TV Philips 70"" 4K UHD 70PUD7908/77",https://www.fravega.com/p/smart-tv-philips-70-4k-uhd-70pud7908-77-502021/,1949999.0,1611569.42,1,True
FRA-smart-tv-noblex-4k-50-dv50x6500f--502907,Fravega,NOBLEX,Televisores,"Smart TV Noblex 4K 50"" DV50X6500F",https://www.fravega.com/p/smart-tv-noblex-4k-50-dv50x6500f--502907/,599999.0,549999.0,1,True
FRA-smart-tv-samsung-65-4k-uhd-neo-qled-qn65,Fravega,SAMSUNG,Televisores,Smart TV Samsung 65” 4K UHD Neo QLED QN65QN70H,https://www.fravega.com/p/smart-tv-samsung-65-4k-uhd-neo-qled-qn65qn70h--502977/,2379999.0,1809885.17,1,True
FRA-smart-tv-philips-40-led-full-hd-40pfd692,Fravega,PHILIPS,Televisores,"Smart TV Philips 40"" LED Full HD 40PFD6920/77 Google TV WiFi",https://www.fravega.com/p/smart-tv-philips-40-led-full-hd-40pfd6920-77-google-tv-wifi-503082/,569999.0,471073.55,1,True
FRA-tv-led-65-noblex-vidaa-starwars-uh-50314,Fravega,NOBLEX,Televisores,"TV LED 65"" Noblex Vidaa Starwars UH",https://www.fravega.com/p/tv-led-65-noblex-vidaa-starwars-uh-503148/,1399999.0,1099999.0,1,True
FRA-tv-led-philips-55-uhd-55pud7309-77-50279,Fravega,PHILIPS,Televisores,"TV LED Philips 55"" UHD 55PUD7309/77",https://www.fravega.com/p/tv-led-philips-55-uhd-55pud7309-77-502793/,999999.0,826445.45,1,True
FRA-smart-tv-philips-65-led-4k-uhd-65pud8100,Fravega,PHILIPS,Televisores,"Smart TV Philips 65"" LED 4K UHD 65PUD8100/77 Ambilight Titan OS WiFi",https://www.fravega.com/p/smart-tv-philips-65-led-4k-uhd-65pud8100-77-ambilight-titan-os-wifi-503084/,1599999.0,1322313.22,1,True
FRA-smart-tv-samsung-85-qled-4k-q7-tizen-os-,Fravega,SAMSUNG,Televisores,Smart TV Samsung 85” QLED 4K Q7 Tizen OS,https://www.fravega.com/p/smart-tv-samsung-85-qled-4k-q7-tizen-os-503003/,4249999.0,3799999.0,1,True
FRA-smart-tv-samsung-qled-4k-uhd-75-qn75q7fa,Fravega,SAMSUNG,Televisores,Smart TV Samsung QLED 4K UHD 75” QN75Q7FAAGCZB,https://www.fravega.com/p/smart-tv-samsung-qled-4k-uhd-75-qn75q7faagczb-503123/,2599999.0,2148759.5,1,True
FRA-smart-tv-tcl-55-qled-55c655-502785,Fravega,TCL,Televisores,Smart TV TCL 55” QLED 55C655,https://www.fravega.com/p/smart-tv-tcl-55-qled-55c655-502785/,949999.0,785123.14,1,True
FRA-smart-tv-samsung-50-led-4k-crystal-uhd-u,Fravega,SAMSUNG,Televisores,"Smart TV Samsung 50"" LED 4K Crystal UHD UN50U8000FGCZB",https://www.fravega.com/p/smart-tv-samsung-50-led-4k-crystal-uhd-un50u8000fgczb-503013/,917999.0,758676.86,1,True
FRA-tv-led-32-tcl-32s5k-fhd-qled-502997,Fravega,TCL,Televisores,"TV LED 32"" TCL 32S5K FHD QLED",https://www.fravega.com/p/tv-led-32-tcl-32s5k-fhd-qled-502997/,359999.0,297519.83,1,True
FRA-smart-tv-philips-qled-4k-55-55pud8250-77,Fravega,PHILIPS,Televisores,Smart TV Philips QLED 4K 55” 55PUD8250/77,https://www.fravega.com/p/smart-tv-philips-qled-4k-55-55pud8250-77-502897/,1299999.0,1074379.34,1,True
FRA-tv-led-50-noblex-vidaa-marvel1dv50v-uhd-,Fravega,NOBLEX,Televisores,"TV LED 50"" Noblex Vidaa MARVEL1DV50V UHD",https://www.fravega.com/p/tv-led-50-noblex-vidaa-marvel1dv50v-uhd-503146/,669999.0,599999.0,1,True
FRA-smart-tv-tcl-65-4k-uhd-led-65v6c-f-googl,Fravega,TCL,Televisores,Smart TV TCL 65” 4K UHD LED 65V6C-F Google TV,https://www.fravega.com/p/smart-tv-tcl-65-4k-uhd-led-65v6c-f-google-tv-503081/,1299999.0,1074379.34,1,True
FRA-smart-tv-samsung-hd-32-un32h5000fgc-5030,Fravega,SAMSUNG,Televisores,Smart TV Samsung HD 32” UN32H5000FGC,https://www.fravega.com/p/smart-tv-samsung-hd-32-un32h5000fgc-503063/,379999.0,319999.0,1,True
FRA-smart-tv-rca-uhd-4k-65-g65p7uhd-503246,Fravega,OTRAS,Televisores,Smart TV RCA UHD 4K 65” G65P7UHD,https://www.fravega.com/p/smart-tv-rca-uhd-4k-65-g65p7uhd-503246/,1199999.0,959999.0,1,True
FRA-smart-tv-philips-qled-4k-65-65pud8250-77,Fravega,PHILIPS,Televisores,Smart TV Philips QLED 4K 65” 65PUD8250/77,https://www.fravega.com/p/smart-tv-philips-qled-4k-65-65pud8250-77-502912/,1799999.0,1487602.48,1,True
FRA-smart-tv-samsung-55-4k-neo-qled-qn70f-50,Fravega,SAMSUNG,Televisores,"Smart TV Samsung 55"" 4K Neo QLED QN70F",https://www.fravega.com/p/smart-tv-samsung-55-4k-neo-qled-qn70f-502816/,2759999.0,2280990.91,1,True
FRA-prepaid-card-tv-samsung-oled-65-qn65s90h,Fravega,SAMSUNG,Televisores,Prepaid Card TV Samsung OLED 65” QN65S90H,https://www.fravega.com/p/prepaid-card-tv-samsung-oled-65-qn65s90h-14702/,600000.0,495867.77,1,True
FRA-smart-tv-qled-4k-55-tcl-55c6k-f-503079,Fravega,TCL,Televisores,Smart TV QLED 4K 55” TCL 55C6K-F,https://www.fravega.com/p/smart-tv-qled-4k-55-tcl-55c6k-f-503079/,1299999.0,1074379.34,1,True
FRA-prepaid-card-tv-samsung-oled-77-qn77s90h,Fravega,SAMSUNG,Televisores,Prepaid Card TV Samsung OLED 77” QN77S90H,https://www.fravega.com/p/prepaid-card-tv-samsung-oled-77-qn77s90h-14703/,800000.0,661157.02,1,True
FRA-smart-tv-hisense-70-4k-uhd-70a6n-503182,Fravega,HISENSE,Televisores,"Smart TV Hisense 70"" 4K UHD 70A6N",https://www.fravega.com/p/smart-tv-hisense-70-4k-uhd-70a6n-503182/,1499999.0,1239668.6,1,True
FRA-smart-tv-samsung-65-led-4k-crystal-uhd-u,Fravega,SAMSUNG,Televisores,"Smart TV Samsung 65"" LED 4K Crystal UHD U8000F",https://www.fravega.com/p/smart-tv-samsung-65-led-4k-crystal-uhd-u8000f-503076/,1299999.0,1199999.0,1,True
FRA-smart-tv-philco-32-hd-vidaa-pld32hs24vh-,Fravega,PHILCO,Televisores,"Smart TV Philco 32"" HD VIDAA PLD32HS24VH",https://www.fravega.com/p/smart-tv-philco-32-hd-vidaa-pld32hs24vh-990245091/,351999.0,255999.0,1,True
FRA-prepaid-card-tv-samsung-micro-rgb-65-mrn,Fravega,SAMSUNG,Televisores,Prepaid Card TV Samsung Micro RGB 65” MRN65R85H,https://www.fravega.com/p/prepaid-card-tv-samsung-micro-rgb-65-mrn65r85h-14803/,600000.0,495867.77,1,True
FRA-smart-tv-samsung-hd-32-un32h5000fgc-5030,Fravega,SAMSUNG,Televisores,Smart TV Samsung HD 32” UN32H5000FGC,https://www.fravega.com/p/smart-tv-samsung-hd-32-un32h5000fgc-503033/,379999.0,319999.0,1,True
FRA-smart-tv-50-noblex-roku-tv-fhd-db50x3110,Fravega,NOBLEX,Televisores,Smart Tv 50 Noblex Roku Tv Fhd Db50x3110,https://www.fravega.com/p/smart-tv-50-noblex-roku-tv-fhd-db50x3110-990288853/,659999.0,599999.0,1,True
FRA-smart-tv-philips-70-4k-uhd-70pud7908-77-,Fravega,PHILIPS,Televisores,"Smart TV Philips 70"" 4K UHD 70PUD7908/77",https://www.fravega.com/p/smart-tv-philips-70-4k-uhd-70pud7908-77-502021/,1949999.0,1611569.42,1,True
FRA-smart-tv-noblex-4k-50-dv50x6500f--502907,Fravega,NOBLEX,Televisores,"Smart TV Noblex 4K 50"" DV50X6500F",https://www.fravega.com/p/smart-tv-noblex-4k-50-dv50x6500f--502907/,599999.0,549999.0,1,True
FRA-smart-tv-samsung-65-4k-uhd-neo-qled-qn65,Fravega,SAMSUNG,Televisores,Smart TV Samsung 65” 4K UHD Neo QLED QN65QN70H,https://www.fravega.com/p/smart-tv-samsung-65-4k-uhd-neo-qled-qn65qn70h--502977/,2379999.0,1809885.17,1,True
FRA-smart-tv-philips-40-led-full-hd-40pfd692,Fravega,PHILIPS,Televisores,"Smart TV Philips 40"" LED Full HD 40PFD6920/77 Google TV WiFi",https://www.fravega.com/p/smart-tv-philips-40-led-full-hd-40pfd6920-77-google-tv-wifi-503082/,569999.0,471073.55,1,True
FRA-tv-led-65-noblex-vidaa-starwars-uh-50314,Fravega,NOBLEX,Televisores,"TV LED 65"" Noblex Vidaa Starwars UH",https://www.fravega.com/p/tv-led-65-noblex-vidaa-starwars-uh-503148/,1399999.0,1099999.0,1,True
FRA-tv-led-philips-55-uhd-55pud7309-77-50279,Fravega,PHILIPS,Televisores,"TV LED Philips 55"" UHD 55PUD7309/77",https://www.fravega.com/p/tv-led-philips-55-uhd-55pud7309-77-502793/,999999.0,826445.45,1,True
FRA-smart-tv-philips-65-led-4k-uhd-65pud8100,Fravega,PHILIPS,Televisores,"Smart TV Philips 65"" LED 4K UHD 65PUD8100/77 Ambilight Titan OS WiFi",https://www.fravega.com/p/smart-tv-philips-65-led-4k-uhd-65pud8100-77-ambilight-titan-os-wifi-503084/,1599999.0,1322313.22,1,True
FRA-smart-tv-samsung-85-qled-4k-q7-tizen-os-,Fravega,SAMSUNG,Televisores,Smart TV Samsung 85” QLED 4K Q7 Tizen OS,https://www.fravega.com/p/smart-tv-samsung-85-qled-4k-q7-tizen-os-503003/,4249999.0,3799999.0,1,True
FRA-smart-tv-samsung-qled-4k-uhd-75-qn75q7fa,Fravega,SAMSUNG,Televisores,Smart TV Samsung QLED 4K UHD 75” QN75Q7FAAGCZB,https://www.fravega.com/p/smart-tv-samsung-qled-4k-uhd-75-qn75q7faagczb-503123/,2599999.0,2148759.5,1,True
FRA-smart-tv-32-hisense-hd-vidaa-32a42k-9902,Fravega,HISENSE,Televisores,"Smart Tv 32"" Hisense HD VIDAA 32A42K",https://www.fravega.com/p/smart-tv-32-hisense-hd-vidaa-32a42k-990245175/,431199.0,329999.0,1,True
FRA-smart-tv-samsung-qled-4k-uhd-75-qn75q7fa,Fravega,SAMSUNG,Televisores,Smart TV Samsung QLED 4k UHD 75” QN75Q7FAAG,https://www.fravega.com/p/smart-tv-samsung-qled-4k-uhd-75-qn75q7faag-502970/,2599999.0,2148759.5,1,True
FRA-smart-tv-samsung-75-4k-uhd-qn75qn70fagcz,Fravega,SAMSUNG,Televisores,"Smart TV Samsung 75"" 4K UHD QN75QN70FAGCZB Neo QLED",https://www.fravega.com/p/smart-tv-samsung-75-4k-uhd-qn75qn70fagczb-neo-qled-502817/,4369999.0,3499999.0,1,True
FRA-tv-led-noblex-db24x4000-24-hd-990247407,Fravega,NOBLEX,Televisores,Tv Led Noblex Db24x4000 24 HD,https://www.fravega.com/p/tv-led-noblex-db24x4000-24-hd-990247407/,197999.0,176999.01,1,True
FRA-smart-tv-philips-58-led-4k-uhd-58pud7310,Fravega,PHILIPS,Televisores,Smart TV Philips 58” LED 4K UHD 58PUD7310/77 Google TV WiFi,https://www.fravega.com/p/smart-tv-philips-58-led-4k-uhd-58pud7310-77-google-tv-wifi-503083/,999999.0,826445.45,1,True
FRA-smart-tv-tcl-85-4k-mini-led-85c6k-google,Fravega,TCL,Televisores,Smart TV TCL 85” 4K Mini LED 85C6K Google TV-RV,https://www.fravega.com/p/smart-tv-tcl-85-4k-mini-led-85c6k-google-tv-rv-502900/,3499999.0,2892561.16,1,True
FRA-smart-tv-lg-43-pulgadas-lr6750psa-ai-ful,Fravega,LG,Televisores,Smart Tv LG 43 Pulgadas LR6750PSA AI Full HD,https://www.fravega.com/p/smart-tv-lg-43-pulgadas-lr6750psa-ai-full-hd-990274748/,611599.0,555999.01,1,True
FRA-smart-tv-aoc-55-4k-uhd-55u7345-77i-50312,Fravega,OTRAS,Televisores,Smart TV AOC 55” 4K UHD 55U7345/77I,https://www.fravega.com/p/smart-tv-aoc-55-4k-uhd-55u7345-77i-503129/,819999.0,599999.0,1,True
FRA-smart-tv-enova-32-led-hd-google-tv-te32h,Fravega,OTRAS,Televisores,"Smart TV enova 32"" LED HD Google TV TE32HG11",https://www.fravega.com/p/smart-tv-enova-32-led-hd-google-tv-te32hg11-22699349/,393748.75,309999.0,1,True
FRA-tv-led-24-hd-noblex-db24x4000-502300,Fravega,NOBLEX,Televisores,"TV LED 24"" HD Noblex DB24X4000",https://www.fravega.com/p/tv-led-24-hd-noblex-db24x4000-502300/,199999.0,189999.0,1,True
FRA-smart-tv-tcl-full-hd-qled-50-50s5k-f-502,Fravega,TCL,Televisores,Smart TV TCL Full HD QLED 50” 50S5K-F,https://www.fravega.com/p/smart-tv-tcl-full-hd-qled-50-50s5k-f-502700/,699999.0,578511.57,1,True
FRA-smart-tv-43-enova-led-full-hd-google-tv-,Fravega,OTRAS,Televisores,Smart Tv 43 Enova Led Full Hd Google Tv,https://www.fravega.com/p/smart-tv-43-enova-led-full-hd-google-tv-22860073/,606248.75,475299.0,1,True
FRA-smart-tv-samsung-55-4k-neo-qled-qn70f-50,Fravega,SAMSUNG,Televisores,"Smart TV Samsung 55"" 4K Neo QLED QN70F",https://www.fravega.com/p/smart-tv-samsung-55-4k-neo-qled-qn70f-502816/,2759999.0,2280990.91,1,True
FRA-prepaid-card-tv-samsung-oled-65-qn65s90h,Fravega,SAMSUNG,Televisores,Prepaid Card TV Samsung OLED 65” QN65S90H,https://www.fravega.com/p/prepaid-card-tv-samsung-oled-65-qn65s90h-14702/,600000.0,495867.77,1,True
FRA-smart-tv-qled-4k-55-tcl-55c6k-f-503079,Fravega,TCL,Televisores,Smart TV QLED 4K 55” TCL 55C6K-F,https://www.fravega.com/p/smart-tv-qled-4k-55-tcl-55c6k-f-503079/,1299999.0,1074379.34,1,True
FRA-prepaid-card-tv-samsung-oled-77-qn77s90h,Fravega,SAMSUNG,Televisores,Prepaid Card TV Samsung OLED 77” QN77S90H,https://www.fravega.com/p/prepaid-card-tv-samsung-oled-77-qn77s90h-14703/,800000.0,661157.02,1,True
FRA-smart-tv-hisense-70-4k-uhd-70a6n-503182,Fravega,HISENSE,Televisores,"Smart TV Hisense 70"" 4K UHD 70A6N",https://www.fravega.com/p/smart-tv-hisense-70-4k-uhd-70a6n-503182/,1499999.0,1239668.6,1,True
FRA-smart-tv-samsung-65-led-4k-crystal-uhd-u,Fravega,SAMSUNG,Televisores,"Smart TV Samsung 65"" LED 4K Crystal UHD U8000F",https://www.fravega.com/p/smart-tv-samsung-65-led-4k-crystal-uhd-u8000f-503076/,1299999.0,1199999.0,1,True
FRA-smart-tv-philco-32-hd-vidaa-pld32hs24vh-,Fravega,PHILCO,Televisores,"Smart TV Philco 32"" HD VIDAA PLD32HS24VH",https://www.fravega.com/p/smart-tv-philco-32-hd-vidaa-pld32hs24vh-990245091/,351999.0,255999.0,1,True
FRA-prepaid-card-tv-samsung-micro-rgb-65-mrn,Fravega,SAMSUNG,Televisores,Prepaid Card TV Samsung Micro RGB 65” MRN65R85H,https://www.fravega.com/p/prepaid-card-tv-samsung-micro-rgb-65-mrn65r85h-14803/,600000.0,495867.77,1,True
FRA-smart-tv-samsung-hd-32-un32h5000fgc-5030,Fravega,SAMSUNG,Televisores,Smart TV Samsung HD 32” UN32H5000FGC,https://www.fravega.com/p/smart-tv-samsung-hd-32-un32h5000fgc-503033/,379999.0,319999.0,1,True
FRA-smart-tv-50-noblex-roku-tv-fhd-db50x3110,Fravega,NOBLEX,Televisores,Smart Tv 50 Noblex Roku Tv Fhd Db50x3110,https://www.fravega.com/p/smart-tv-50-noblex-roku-tv-fhd-db50x3110-990288853/,659999.0,599999.0,1,True
FRA-smart-tv-philips-70-4k-uhd-70pud7908-77-,Fravega,PHILIPS,Televisores,"Smart TV Philips 70"" 4K UHD 70PUD7908/77",https://www.fravega.com/p/smart-tv-philips-70-4k-uhd-70pud7908-77-502021/,1949999.0,1611569.42,1,True
FRA-smart-tv-noblex-4k-50-dv50x6500f--502907,Fravega,NOBLEX,Televisores,"Smart TV Noblex 4K 50"" DV50X6500F",https://www.fravega.com/p/smart-tv-noblex-4k-50-dv50x6500f--502907/,599999.0,549999.0,1,True
FRA-smart-tv-samsung-65-4k-uhd-neo-qled-qn65,Fravega,SAMSUNG,Televisores,Smart TV Samsung 65” 4K UHD Neo QLED QN65QN70H,https://www.fravega.com/p/smart-tv-samsung-65-4k-uhd-neo-qled-qn65qn70h--502977/,2379999.0,1809885.17,1,True
FRA-smart-tv-philips-40-led-full-hd-40pfd692,Fravega,PHILIPS,Televisores,"Smart TV Philips 40"" LED Full HD 40PFD6920/77 Google TV WiFi",https://www.fravega.com/p/smart-tv-philips-40-led-full-hd-40pfd6920-77-google-tv-wifi-503082/,569999.0,471073.55,1,True
FRA-tv-led-65-noblex-vidaa-starwars-uh-50314,Fravega,NOBLEX,Televisores,"TV LED 65"" Noblex Vidaa Starwars UH",https://www.fravega.com/p/tv-led-65-noblex-vidaa-starwars-uh-503148/,1399999.0,1099999.0,1,True
FRA-tv-led-philips-55-uhd-55pud7309-77-50279,Fravega,PHILIPS,Televisores,"TV LED Philips 55"" UHD 55PUD7309/77",https://www.fravega.com/p/tv-led-philips-55-uhd-55pud7309-77-502793/,999999.0,826445.45,1,True
FRA-smart-tv-philips-65-led-4k-uhd-65pud8100,Fravega,PHILIPS,Televisores,"Smart TV Philips 65"" LED 4K UHD 65PUD8100/77 Ambilight Titan OS WiFi",https://www.fravega.com/p/smart-tv-philips-65-led-4k-uhd-65pud8100-77-ambilight-titan-os-wifi-503084/,1599999.0,1322313.22,1,True
FRA-smart-tv-samsung-85-qled-4k-q7-tizen-os-,Fravega,SAMSUNG,Televisores,Smart TV Samsung 85” QLED 4K Q7 Tizen OS,https://www.fravega.com/p/smart-tv-samsung-85-qled-4k-q7-tizen-os-503003/,4249999.0,3799999.0,1,True
FRA-smart-tv-samsung-qled-4k-uhd-75-qn75q7fa,Fravega,SAMSUNG,Televisores,Smart TV Samsung QLED 4K UHD 75” QN75Q7FAAGCZB,https://www.fravega.com/p/smart-tv-samsung-qled-4k-uhd-75-qn75q7faagczb-503123/,2599999.0,2148759.5,1,True
FRA-smart-tv-philips-75-led-4k-uhd-75pud8100,Fravega,PHILIPS,Televisores,"Smart TV Philips 75"" LED 4K UHD 75PUD8100/77 Ambilight Titan OS WiFi",https://www.fravega.com/p/smart-tv-philips-75-led-4k-uhd-75pud8100-77-ambilight-titan-os-wifi-503085/,2399999.0,1983470.25,1,True
FRA-smart-tv-lg-uhd-ai-75-uhd-4k-procesador-,Fravega,LG,Televisores,"Smart TV LG UHD AI 75"" UHD 4K Procesador Alpha 7 8va Gen con Inteligencia Artificial 75UA8550PSA",https://www.fravega.com/p/smart-tv-lg-uhd-ai-75-uhd-4k-procesador-alpha-7-8va-gen-con-inteligencia-artificial-75ua8550psa-503112/,2099999.0,1735536.36,1,True
FRA-smart-tv-rca-qled-uhd-4k-55-ql55th300-50,Fravega,OTRAS,Televisores,Smart TV RCA QLED UHD 4K 55” QL55TH300,https://www.fravega.com/p/smart-tv-rca-qled-uhd-4k-55-ql55th300-503247/,949999.0,749999.0,1,True
FRA-smart-tv-hd-aoc-32-32s5355-77i-502775,Fravega,OTRAS,Televisores,Smart TV  HD AOC 32” 32S5355/77I,https://www.fravega.com/p/smart-tv-hd-aoc-32-32s5355-77i-502775/,339999.0,239999.0,1,True
FRA-smart-tv-rca-uhd-4k-75-g75p7uhd-503175,Fravega,OTRAS,Televisores,Smart TV RCA UHD 4K 75” G75P7UHD,https://www.fravega.com/p/smart-tv-rca-uhd-4k-75-g75p7uhd-503175/,1799999.0,1499999.0,1,True
FRA-tv-philips-24-led-hd-24phd5565-77-502091,Fravega,PHILIPS,Televisores,"TV Philips 24"" LED HD 24PHD5565/77",https://www.fravega.com/p/tv-philips-24-led-hd-24phd5565-77-502091/,259999.0,209999.0,1,True
FRA-smart-tv-lg-oled-55-pulgadas-ultra-hd-4k,Fravega,LG,Televisores,Smart Tv LG Oled 55 Pulgadas Ultra HD 4k AI Thinq Oled55B5PSA Webos,https://www.fravega.com/p/smart-tv-lg-oled-55-pulgadas-ultra-hd-4k-ai-thinq-oled55b5psa-webos-990274751/,2686199.0,1942999.0,1,True
FRA-smart-tv-50-hisense-hd-led-vidaa-50a64n-,Fravega,HISENSE,Televisores,"Smart TV 50"" Hisense HD LED VIDAA 50A64N",https://www.fravega.com/p/smart-tv-50-hisense-hd-led-vidaa-50a64n-990245170/,910799.0,688999.0,1,True
FRA-smart-tv-55-qled-4k-philips-titanos-ambi,Fravega,PHILIPS,Televisores,"Smart TV 55"" QLED 4K Philips TitanOS Ambiligth",https://www.fravega.com/p/smart-tv-55-qled-4k-philips-titanos-ambiligth-990275745/,1340784.0,938549.0,1,True
FRA-smart-tv-40-philips-fhd-google-40pfd6920,Fravega,PHILIPS,Televisores,"Smart TV 40"" Philips FHD Google 40PFD6920/77",https://www.fravega.com/p/smart-tv-40-philips-fhd-google-40pfd6920-77-990258450/,656227.0,459359.0,1,True
FRA-smart-tv-gadnic-32-hd-panel-ips-bt-wifi-,Fravega,OTRAS,Televisores,Smart TV Gadnic 32” HD Panel IPS BT WiFi Triple HDMI Doble USB Sonido Estéreo 20W,https://www.fravega.com/p/smart-tv-gadnic-32-hd-panel-ips-bt-wifi-triple-hdmi-doble-usb-sonido-estereo-20w-990266226/,454739.0,349799.0,1,True
FRA-smart-tv-hyundai-32-hd-android-tv-990288,Fravega,OTRAS,Televisores,"Smart Tv Hyundai 32"" HD Android Tv",https://www.fravega.com/p/smart-tv-hyundai-32-hd-android-tv-990288988/,387777.0,349999.0,1,True
FRA-smart-tv-samsung-55-4k-neo-qled-qn70f-50,Fravega,SAMSUNG,Televisores,"Smart TV Samsung 55"" 4K Neo QLED QN70F",https://www.fravega.com/p/smart-tv-samsung-55-4k-neo-qled-qn70f-502816/,2759999.0,2280990.91,1,True
FRA-prepaid-card-tv-samsung-oled-65-qn65s90h,Fravega,SAMSUNG,Televisores,Prepaid Card TV Samsung OLED 65” QN65S90H,https://www.fravega.com/p/prepaid-card-tv-samsung-oled-65-qn65s90h-14702/,600000.0,495867.77,1,True
FRA-smart-tv-qled-4k-55-tcl-55c6k-f-503079,Fravega,TCL,Televisores,Smart TV QLED 4K 55” TCL 55C6K-F,https://www.fravega.com/p/smart-tv-qled-4k-55-tcl-55c6k-f-503079/,1299999.0,1074379.34,1,True
FRA-prepaid-card-tv-samsung-oled-77-qn77s90h,Fravega,SAMSUNG,Televisores,Prepaid Card TV Samsung OLED 77” QN77S90H,https://www.fravega.com/p/prepaid-card-tv-samsung-oled-77-qn77s90h-14703/,800000.0,661157.02,1,True
FRA-smart-tv-hisense-70-4k-uhd-70a6n-503182,Fravega,HISENSE,Televisores,"Smart TV Hisense 70"" 4K UHD 70A6N",https://www.fravega.com/p/smart-tv-hisense-70-4k-uhd-70a6n-503182/,1499999.0,1239668.6,1,True
FRA-smart-tv-samsung-65-led-4k-crystal-uhd-u,Fravega,SAMSUNG,Televisores,"Smart TV Samsung 65"" LED 4K Crystal UHD U8000F",https://www.fravega.com/p/smart-tv-samsung-65-led-4k-crystal-uhd-u8000f-503076/,1299999.0,1199999.0,1,True
FRA-smart-tv-philco-32-hd-vidaa-pld32hs24vh-,Fravega,PHILCO,Televisores,"Smart TV Philco 32"" HD VIDAA PLD32HS24VH",https://www.fravega.com/p/smart-tv-philco-32-hd-vidaa-pld32hs24vh-990245091/,351999.0,255999.0,1,True
FRA-prepaid-card-tv-samsung-micro-rgb-65-mrn,Fravega,SAMSUNG,Televisores,Prepaid Card TV Samsung Micro RGB 65” MRN65R85H,https://www.fravega.com/p/prepaid-card-tv-samsung-micro-rgb-65-mrn65r85h-14803/,600000.0,495867.77,1,True
FRA-smart-tv-samsung-hd-32-un32h5000fgc-5030,Fravega,SAMSUNG,Televisores,Smart TV Samsung HD 32” UN32H5000FGC,https://www.fravega.com/p/smart-tv-samsung-hd-32-un32h5000fgc-503033/,379999.0,319999.0,1,True
FRA-smart-tv-50-noblex-roku-tv-fhd-db50x3110,Fravega,NOBLEX,Televisores,Smart Tv 50 Noblex Roku Tv Fhd Db50x3110,https://www.fravega.com/p/smart-tv-50-noblex-roku-tv-fhd-db50x3110-990288853/,659999.0,599999.0,1,True
FRA-smart-tv-philips-70-4k-uhd-70pud7908-77-,Fravega,PHILIPS,Televisores,"Smart TV Philips 70"" 4K UHD 70PUD7908/77",https://www.fravega.com/p/smart-tv-philips-70-4k-uhd-70pud7908-77-502021/,1949999.0,1611569.42,1,True
FRA-smart-tv-noblex-4k-50-dv50x6500f--502907,Fravega,NOBLEX,Televisores,"Smart TV Noblex 4K 50"" DV50X6500F",https://www.fravega.com/p/smart-tv-noblex-4k-50-dv50x6500f--502907/,599999.0,549999.0,1,True
FRA-smart-tv-samsung-65-4k-uhd-neo-qled-qn65,Fravega,SAMSUNG,Televisores,Smart TV Samsung 65” 4K UHD Neo QLED QN65QN70H,https://www.fravega.com/p/smart-tv-samsung-65-4k-uhd-neo-qled-qn65qn70h--502977/,2379999.0,1809885.17,1,True
FRA-smart-tv-philips-40-led-full-hd-40pfd692,Fravega,PHILIPS,Televisores,"Smart TV Philips 40"" LED Full HD 40PFD6920/77 Google TV WiFi",https://www.fravega.com/p/smart-tv-philips-40-led-full-hd-40pfd6920-77-google-tv-wifi-503082/,569999.0,471073.55,1,True
FRA-tv-led-65-noblex-vidaa-starwars-uh-50314,Fravega,NOBLEX,Televisores,"TV LED 65"" Noblex Vidaa Starwars UH",https://www.fravega.com/p/tv-led-65-noblex-vidaa-starwars-uh-503148/,1399999.0,1099999.0,1,True
FRA-tv-led-philips-55-uhd-55pud7309-77-50279,Fravega,PHILIPS,Televisores,"TV LED Philips 55"" UHD 55PUD7309/77",https://www.fravega.com/p/tv-led-philips-55-uhd-55pud7309-77-502793/,999999.0,826445.45,1,True
FRA-smart-tv-philips-65-led-4k-uhd-65pud8100,Fravega,PHILIPS,Televisores,"Smart TV Philips 65"" LED 4K UHD 65PUD8100/77 Ambilight Titan OS WiFi",https://www.fravega.com/p/smart-tv-philips-65-led-4k-uhd-65pud8100-77-ambilight-titan-os-wifi-503084/,1599999.0,1322313.22,1,True
FRA-smart-tv-samsung-85-qled-4k-q7-tizen-os-,Fravega,SAMSUNG,Televisores,Smart TV Samsung 85” QLED 4K Q7 Tizen OS,https://www.fravega.com/p/smart-tv-samsung-85-qled-4k-q7-tizen-os-503003/,4249999.0,3799999.0,1,True
FRA-smart-tv-samsung-qled-4k-uhd-75-qn75q7fa,Fravega,SAMSUNG,Televisores,Smart TV Samsung QLED 4K UHD 75” QN75Q7FAAGCZB,https://www.fravega.com/p/smart-tv-samsung-qled-4k-uhd-75-qn75q7faagczb-503123/,2599999.0,2148759.5,1,True
FRA-smart-tv-hisense-qled-50-uhd-4k-google-t,Fravega,HISENSE,Televisores,Smart TV Hisense Qled 50'' UHD 4K Google Tv 50Q6N,https://www.fravega.com/p/smart-tv-hisense-qled-50-uhd-4k-google-tv-50q6n-990292664/,955899.0,826999.0,1,True
FRA-smart-tv-samsung-70-crystal-uhd-4k-u8000,Fravega,SAMSUNG,Televisores,"Smart TV Samsung 70"" Crystal UHD 4K U8000H",https://www.fravega.com/p/smart-tv-samsung-70-crystal-uhd-4k-u8000h-22950841/,1914839.0,1914839.0,1,True
FRA-smart-tv-43-hisense-hd-led-vidaa-43a42k-,Fravega,HISENSE,Televisores,"Smart TV 43"" Hisense HD LED VIDAA 43A42K",https://www.fravega.com/p/smart-tv-43-hisense-hd-led-vidaa-43a42k-990245178/,551099.0,493999.0,1,True
FRA-smart-tv-tcl-85-qled-4k-uhd-p8k-google-t,Fravega,TCL,Televisores,Smart TV TCL 85” QLED 4K UHD P8K Google TV,https://www.fravega.com/p/smart-tv-tcl-85-qled-4k-uhd-p8k-google-tv-502876/,3199999.0,2644627.27,1,True
FRA-smart-tv-hisense-43-fhd-43a42k-503064,Fravega,HISENSE,Televisores,Smart TV Hisense 43” FHD 43A42K,https://www.fravega.com/p/smart-tv-hisense-43-fhd-43a42k-503064/,479999.0,369999.0,1,True
FRA-tv-32-noblex-android-21244167,Fravega,NOBLEX,Televisores,"Tv 32"" Noblex Android",https://www.fravega.com/p/tv-32-noblex-android-21244167/,399999.0,329999.0,1,True
FRA-smart-tv-led-hd-32-bgh-android-b3225s5a-,Fravega,BGH,Televisores,Smart Tv Led Hd 32  Bgh Android B3225s5a,https://www.fravega.com/p/smart-tv-led-hd-32-bgh-android-b3225s5a-990219748/,399999.0,309999.0,1,True
FRA-smart-tv-oled-philips-65-4k-uhd-65oled77,Fravega,PHILIPS,Televisores,Smart TV Oled Philips 65” 4K UHD 65OLED779/77,https://www.fravega.com/p/smart-tv-oled-philips-65-4k-uhd-65oled779-77-502925/,3845879.0,3178412.4,1,True
FRA-smart-tv-58-hisense-led-4k-vidaa-58a64n-,Fravega,HISENSE,Televisores,"Smart TV 58"" Hisense Led 4K VIDAA 58A64N",https://www.fravega.com/p/smart-tv-58-hisense-led-4k-vidaa-58a64n-990247376/,916299.0,719999.01,1,True
FRA-tv-led-kanji-hd-24-24mt005-2-503070,Fravega,OTRAS,Televisores,TV LED Kanji HD 24” 24MT005-2,https://www.fravega.com/p/tv-led-kanji-hd-24-24mt005-2-503070/,199999.0,159999.0,1,True
FRA-smart-tv-samsung-4k-uhd-98-un98du9000gx-,Fravega,SAMSUNG,Televisores,Smart TV Samsung 4K UHD 98” UN98DU9000GX,https://www.fravega.com/p/smart-tv-samsung-4k-uhd-98-un98du9000gx-503086/,6999999.0,5785123.14,1,True
FRA-smart-tv-samsung-85-qled-4k-q7-tizen-os-,Fravega,SAMSUNG,Televisores,Smart TV Samsung 85” QLED 4K Q7 Tizen OS,https://www.fravega.com/p/smart-tv-samsung-85-qled-4k-q7-tizen-os-502802/,4249999.0,3512395.87,1,True
FRA-smart-tv-full-hd-43-samsung-f6000-1080p-,Fravega,SAMSUNG,Televisores,Smart Tv Full Hd 43'' Samsung F6000 1080p Hdr10+ Wifi Tizen,https://www.fravega.com/p/smart-tv-full-hd-43-samsung-f6000-1080p-hdr10-wifi-tizen-990293890/,799999.0,649999.0,1,True
FRA-notebook-hp-14-intel-core-5-8gb-512gb-om,Fravega,HP,Notebooks,"Notebook HP 14"" Intel Core 5 8GB 512GB OmniBook 3 14-HU0050LA",https://www.fravega.com/p/notebook-hp-14-intel-core-5-8gb-512gb-omnibook-3-14-hu0050la-364858/,2199999.0,1549999.0,1,True
FRA-macbook-apple-pro-13-3-m2-8gb-256-ssd-mn,Fravega,APPLE,Notebooks,"MacBook Apple Pro 13,3” M2 8GB 256 SSD MNEJ3LE/A Space Gray",https://www.fravega.com/p/macbook-apple-pro-13-3-m2-8gb-256-ssd-mnej3le-a-space-gray-364677/,8999999.0,3699999.0,1,True
FRA-notebook-acer-aspire-lite-intel-core-i5-,Fravega,ACER,Notebooks,Notebook Acer Aspire Lite Intel Core i5 8GB 512GB AL16-52P-579C,https://www.fravega.com/p/notebook-acer-aspire-lite-intel-core-i5-8gb-512gb-al16-52p-579c-364913/,1999999.0,1749999.0,1,True
FRA-notebook-exo-14-intel-n4020-4gb-128gb-em,Fravega,OTRAS,Notebooks,"Notebook Exo 14"" Intel N4020 4GB 128GB eMMC Smart XR2 Windows 11",https://www.fravega.com/p/notebook-exo-14-intel-n4020-4gb-128gb-emmc-smart-xr2-windows-11-364985/,499999.0,379999.0,1,True
FRA-notebook-hp-15-6-amd-ryzen-3-8gb-512gb-1,Fravega,HP,Notebooks,"Notebook HP 15,6” AMD Ryzen 3 8GB 512GB 15-fc0235la",https://www.fravega.com/p/notebook-hp-15-6-amd-ryzen-3-8gb-512gb-15-fc0235la-364753/,1899999.0,1249999.0,1,True
FRA-notebook-celeron-14-1-4gb-128-gb-ssd-phi,Fravega,PHILCO,Notebooks,"Notebook Celeron 14.1"" 4GB 128 GB SSD Philco N14P4020",https://www.fravega.com/p/notebook-celeron-14-1-4gb-128-gb-ssd-philco-n14p4020-990289226/,516999.0,315999.0,1,True
FRA-notebook-hp-15-6-amd-ryzen-5-8gb-512gb-1,Fravega,HP,Notebooks,"Notebook HP 15,6"" AMD Ryzen 5 8GB 512GB 15-FC0251LA + Mochila",https://www.fravega.com/p/notebook-hp-15-6-amd-ryzen-5-8gb-512gb-15-fc0251la-mochila-364837/,2199999.0,1399999.0,1,True
FRA-samsung-galaxy-book-4-15-6-fhd-intel-cor,Fravega,SAMSUNG,Notebooks,"Samsung Galaxy Book 4 15,6” FHD Intel Core i7 32GB 1TB NP750XGJ-KG1AR",https://www.fravega.com/p/samsung-galaxy-book-4-15-6-fhd-intel-core-i7-32gb-1tb-np750xgj-kg1ar-365072/,3999999.0,3599999.0,1,True
FRA-all-one-acer-23-8-full-hd-intel-core-i3-,Fravega,ACER,Notebooks,"All in One Acer 23,8” Full HD Intel Core i3 8GB 512GB C24-2YE13U3UNL",https://www.fravega.com/p/all-one-acer-23-8-full-hd-intel-core-i3-8gb-512gb-c24-2ye13u3unl-364821/,1499999.0,1199999.0,1,True
FRA-notebook-gfast-15-6-amd-ryzen-7-8gb-240g,Fravega,OTRAS,Notebooks,"Notebook Gfast 15,6” AMD Ryzen 7 8GB  240GB SSD N-755R",https://www.fravega.com/p/notebook-gfast-15-6-amd-ryzen-7-8gb-240gb-ssd-n-755r-364959/,1349999.0,1249999.0,1,True
FRA-notebook-acer-aspire-lite-15-intel-core-,Fravega,ACER,Notebooks,Notebook Acer Aspire Lite 15 Intel Core i5 16GB 512GB AL15-52P-51UH,https://www.fravega.com/p/notebook-acer-aspire-lite-15-intel-core-i5-16gb-512gb-al15-52p-51uh-364920/,2999999.0,1999999.0,1,True
FRA-samsung-galaxy-book-4-15-6-fhd-intel-cor,Fravega,SAMSUNG,Notebooks,"Samsung Galaxy Book 4 15,6” FHD Intel Core i7 16GB 1TB NP750XGJ-KS1AR",https://www.fravega.com/p/samsung-galaxy-book-4-15-6-fhd-intel-core-i7-16gb-1tb-np750xgj-ks1ar-365071/,3499999.0,2999999.0,1,True
FRA-notebook-acer-aspire-go-15-intel-core-i5,Fravega,ACER,Notebooks,Notebook Acer Aspire Go 15 Intel Core i5 16GB 512GB AG15-71P-51VE Verde,https://www.fravega.com/p/notebook-acer-aspire-go-15-intel-core-i5-16gb-512gb-ag15-71p-51ve-verde-364921/,2999999.0,2299999.0,1,True
FRA-notebook-acer-aspire-lite-intel-core-3-8,Fravega,ACER,Notebooks,Notebook Acer Aspire Lite Intel Core 3 8GB 512GB AL15-33P-316C,https://www.fravega.com/p/notebook-acer-aspire-lite-intel-core-3-8gb-512gb-al15-33p-316c-364735/,1399999.0,1349999.0,1,True
FRA-samsung-galaxy-book-4-15-6-fhd-intel-cor,Fravega,SAMSUNG,Notebooks,"Samsung Galaxy Book 4 15,6” FHD Intel Core i3 8GB 512GB NP750XGJ-KS3AR",https://www.fravega.com/p/samsung-galaxy-book-4-15-6-fhd-intel-core-i3-8gb-512gb-np750xgj-ks3ar-365069/,2199999.0,1899999.0,1,True
FRA-notebook-hp-14-em0002-4gb-ram-128gb-ssd-,Fravega,HP,Notebooks,"Notebook Hp 14-em0002 4gb Ram 128gb Ssd Athlon 7120u 14"" Hd Moonlight Blue",https://www.fravega.com/p/notebook-hp-14-em0002-4gb-ram-128gb-ssd-athlon-7120u-14-hd-moonlight-blue-22819531/,799999.0,629999.0,1,True
FRA-notebook-lenovo-ideapad-slim-3-15-6-ryze,Fravega,LENOVO,Notebooks,"Notebook Lenovo Ideapad Slim 3 15.6"" Ryzen 7 5825U 16GB 512GB Teclado Retroiluminado Color Artic Gray",https://www.fravega.com/p/notebook-lenovo-ideapad-slim-3-15-6-ryzen-7-5825u-16gb-512gb-teclado-retroiluminado-color-artic-gray-22883775/,1912999.0,1529999.0,1,True
FRA-notebook-lenovo-ideapad-slim-3-intel-n10,Fravega,LENOVO,Notebooks,Notebook Lenovo Ideapad Slim 3 Intel N100 8gb 128gb Ssd W11h,https://www.fravega.com/p/notebook-lenovo-ideapad-slim-3-intel-n100-8gb-128gb-ssd-w11h-22941024/,920773.05,679999.0,1,True
FRA-notebook-exo-r34-intel-n4020-14-1-4gb-12,Fravega,OTRAS,Notebooks,"Notebook Exo R34 Intel N4020 14,1 4GB 128GB Windows 11",https://www.fravega.com/p/notebook-exo-r34-intel-n4020-14-1-4gb-128gb-windows-11-20458266/,459999.0,429999.0,1,True
FRA-notebook-exo-14-intel-n4020-4gb-128gb-em,Fravega,OTRAS,Notebooks,"Notebook Exo 14"" Intel N4020 4GB 128GB eMMC Smart XR2 Windows 11",https://www.fravega.com/p/notebook-exo-14-intel-n4020-4gb-128gb-emmc-smart-xr2-windows-11-364583/,499999.0,379999.0,1,True
FRA-macbook-neo-13-512gb-indigo-364829,Fravega,OTRAS,Notebooks,Macbook Neo 13” 512GB Índigo,https://www.fravega.com/p/macbook-neo-13-512gb-indigo-364829/,2999999.0,2099999.0,1,True
FRA-macbook-neo-13-512gb-plata-364835,Fravega,OTRAS,Notebooks,Macbook Neo 13” 512GB Plata,https://www.fravega.com/p/macbook-neo-13-512gb-plata-364835/,2999999.0,2099999.0,1,True
FRA-notebook-hp-15-fd0331la-core-3-100u-16gb,Fravega,HP,Notebooks,Notebook Hp 15-fd0331la Core 3 100u 16gb 512gb Ssd 15.6 W11h,https://www.fravega.com/p/notebook-hp-15-fd0331la-core-3-100u-16gb-512gb-ssd-15-6-w11h-22934564/,2064203.33,1587848.72,1,True
FRA-notebook-hp-14-intel-core-5-8gb-512gb-om,Fravega,HP,Notebooks,"Notebook HP 14"" Intel Core 5 8GB 512GB OmniBook 3 14-HU0050LA",https://www.fravega.com/p/notebook-hp-14-intel-core-5-8gb-512gb-omnibook-3-14-hu0050la-364858/,2199999.0,1549999.0,1,True
FRA-macbook-apple-pro-13-3-m2-8gb-256-ssd-mn,Fravega,APPLE,Notebooks,"MacBook Apple Pro 13,3” M2 8GB 256 SSD MNEJ3LE/A Space Gray",https://www.fravega.com/p/macbook-apple-pro-13-3-m2-8gb-256-ssd-mnej3le-a-space-gray-364677/,8999999.0,3699999.0,1,True
FRA-notebook-acer-aspire-lite-intel-core-i5-,Fravega,ACER,Notebooks,Notebook Acer Aspire Lite Intel Core i5 8GB 512GB AL16-52P-579C,https://www.fravega.com/p/notebook-acer-aspire-lite-intel-core-i5-8gb-512gb-al16-52p-579c-364913/,1999999.0,1749999.0,1,True
FRA-notebook-exo-14-intel-n4020-4gb-128gb-em,Fravega,OTRAS,Notebooks,"Notebook Exo 14"" Intel N4020 4GB 128GB eMMC Smart XR2 Windows 11",https://www.fravega.com/p/notebook-exo-14-intel-n4020-4gb-128gb-emmc-smart-xr2-windows-11-364985/,499999.0,379999.0,1,True
FRA-notebook-hp-15-6-amd-ryzen-3-8gb-512gb-1,Fravega,HP,Notebooks,"Notebook HP 15,6” AMD Ryzen 3 8GB 512GB 15-fc0235la",https://www.fravega.com/p/notebook-hp-15-6-amd-ryzen-3-8gb-512gb-15-fc0235la-364753/,1899999.0,1249999.0,1,True
FRA-notebook-celeron-14-1-4gb-128-gb-ssd-phi,Fravega,PHILCO,Notebooks,"Notebook Celeron 14.1"" 4GB 128 GB SSD Philco N14P4020",https://www.fravega.com/p/notebook-celeron-14-1-4gb-128-gb-ssd-philco-n14p4020-990289226/,516999.0,315999.0,1,True
FRA-notebook-hp-15-6-amd-ryzen-5-8gb-512gb-1,Fravega,HP,Notebooks,"Notebook HP 15,6"" AMD Ryzen 5 8GB 512GB 15-FC0251LA + Mochila",https://www.fravega.com/p/notebook-hp-15-6-amd-ryzen-5-8gb-512gb-15-fc0251la-mochila-364837/,2199999.0,1399999.0,1,True
FRA-samsung-galaxy-book-4-15-6-fhd-intel-cor,Fravega,SAMSUNG,Notebooks,"Samsung Galaxy Book 4 15,6” FHD Intel Core i7 32GB 1TB NP750XGJ-KG1AR",https://www.fravega.com/p/samsung-galaxy-book-4-15-6-fhd-intel-core-i7-32gb-1tb-np750xgj-kg1ar-365072/,3999999.0,3599999.0,1,True
FRA-all-one-acer-23-8-full-hd-intel-core-i3-,Fravega,ACER,Notebooks,"All in One Acer 23,8” Full HD Intel Core i3 8GB 512GB C24-2YE13U3UNL",https://www.fravega.com/p/all-one-acer-23-8-full-hd-intel-core-i3-8gb-512gb-c24-2ye13u3unl-364821/,1499999.0,1199999.0,1,True
FRA-notebook-gfast-15-6-amd-ryzen-7-8gb-240g,Fravega,OTRAS,Notebooks,"Notebook Gfast 15,6” AMD Ryzen 7 8GB  240GB SSD N-755R",https://www.fravega.com/p/notebook-gfast-15-6-amd-ryzen-7-8gb-240gb-ssd-n-755r-364959/,1349999.0,1249999.0,1,True
FRA-notebook-acer-aspire-lite-15-intel-core-,Fravega,ACER,Notebooks,Notebook Acer Aspire Lite 15 Intel Core i5 16GB 512GB AL15-52P-51UH,https://www.fravega.com/p/notebook-acer-aspire-lite-15-intel-core-i5-16gb-512gb-al15-52p-51uh-364920/,2999999.0,1999999.0,1,True
FRA-samsung-galaxy-book-4-15-6-fhd-intel-cor,Fravega,SAMSUNG,Notebooks,"Samsung Galaxy Book 4 15,6” FHD Intel Core i7 16GB 1TB NP750XGJ-KS1AR",https://www.fravega.com/p/samsung-galaxy-book-4-15-6-fhd-intel-core-i7-16gb-1tb-np750xgj-ks1ar-365071/,3499999.0,2999999.0,1,True
FRA-notebook-acer-aspire-go-15-intel-core-i5,Fravega,ACER,Notebooks,Notebook Acer Aspire Go 15 Intel Core i5 16GB 512GB AG15-71P-51VE Verde,https://www.fravega.com/p/notebook-acer-aspire-go-15-intel-core-i5-16gb-512gb-ag15-71p-51ve-verde-364921/,2999999.0,2299999.0,1,True
FRA-notebook-acer-aspire-lite-intel-core-3-8,Fravega,ACER,Notebooks,Notebook Acer Aspire Lite Intel Core 3 8GB 512GB AL15-33P-316C,https://www.fravega.com/p/notebook-acer-aspire-lite-intel-core-3-8gb-512gb-al15-33p-316c-364735/,1399999.0,1349999.0,1,True
FRA-samsung-galaxy-book-4-15-6-fhd-intel-cor,Fravega,SAMSUNG,Notebooks,"Samsung Galaxy Book 4 15,6” FHD Intel Core i3 8GB 512GB NP750XGJ-KS3AR",https://www.fravega.com/p/samsung-galaxy-book-4-15-6-fhd-intel-core-i3-8gb-512gb-np750xgj-ks3ar-365069/,2199999.0,1899999.0,1,True
FRA-notebook-exo-rm84-14-intel-n4020-4gb-128,Fravega,OTRAS,Notebooks,Notebook Exo RM84 14 Intel N4020 4GB 128GB W11,https://www.fravega.com/p/notebook-exo-rm84-14-intel-n4020-4gb-128gb-w11-21194747/,459999.0,409999.0,1,True
FRA-notebook-gadnic-14-pulgadas-intel-celero,Fravega,LG,Notebooks,Notebook Gadnic 14 Pulgadas Intel Celeron N4500 RAM 4GB SSD 128GB Cámara Frontal Con Soporte,https://www.fravega.com/p/notebook-gadnic-14-pulgadas-intel-celeron-n4500-ram-4gb-ssd-128gb-camara-frontal-con-soporte-990284559/,652794.0,502149.0,1,True
FRA-notebook-lenovo-ip-slim-3-ryzen-3-7320u-,Fravega,LENOVO,Notebooks,Notebook Lenovo Ip Slim 3 Ryzen 3-7320u Fhd 16gb 512gb W11h,https://www.fravega.com/p/notebook-lenovo-ip-slim-3-ryzen-3-7320u-fhd-16gb-512gb-w11h-22883857/,1477706.15,1091299.0,1,True
FRA-apple-macbook-air-13-m2-24gb-512gb-midni,Fravega,APPLE,Notebooks,"Apple Macbook Air 13"" M2 24GB 512GB Midnight",https://www.fravega.com/p/apple-macbook-air-13-m2-24gb-512gb-midnight-22652387/,3268480.52,2953399.0,1,True
FRA-macbook-neo-13-512gb-citrico-364826,Fravega,OTRAS,Notebooks,Macbook Neo 13” 512GB Cítrico,https://www.fravega.com/p/macbook-neo-13-512gb-citrico-364826/,2999999.0,2099999.0,1,True
FRA-notebook-hp-14-intel-core-5-8gb-512gb-om,Fravega,HP,Notebooks,"Notebook HP 14"" Intel Core 5 8GB 512GB OmniBook 3 14-HU0050LA Reacondicionada",https://www.fravega.com/p/notebook-hp-14-intel-core-5-8gb-512gb-omnibook-3-14-hu0050la-reacondicionada-470987/,909999.0,752065.29,1,True
FRA-notebook-gfast-15-6-amd-ryzen-5-8gb-240g,Fravega,OTRAS,Notebooks,"Notebook Gfast 15,6” AMD Ryzen 5 8GB  240GB SSD N-537R",https://www.fravega.com/p/notebook-gfast-15-6-amd-ryzen-5-8gb-240gb-ssd-n-537r-365003/,1499999.0,949999.0,1,True
FRA-notebook-asus-vivobook-x1404va-i3-1315u-,Fravega,ASUS,Notebooks,Notebook Asus Vivobook X1404VA i3-1315U 16 GB 512 GB,https://www.fravega.com/p/notebook-asus-vivobook-x1404va-i3-1315u-16-gb-512-gb-22649716/,1794793.96,1507626.92,1,True
FRA-notebook-hp-full-hd-15-6-amd-ryzen-3-8gb,Fravega,HP,Notebooks,"Notebook HP Full HD 15,6” AMD Ryzen 3 8GB 512GB 15-fc0237la + Mochila",https://www.fravega.com/p/notebook-hp-full-hd-15-6-amd-ryzen-3-8gb-512gb-15-fc0237la-mochila-364754/,1899999.0,1249999.0,1,True
FRA-notebook-acer-ag15-31p-36cs-15-6-intel-c,Fravega,ACER,Notebooks,"Notebook Acer AG15-31P-36CS 15,6” Intel Ci3 N305 8GB 512GB SSD W11 Reacondicionada",https://www.fravega.com/p/notebook-acer-ag15-31p-36cs-15-6-intel-ci3-n305-8gb-512gb-ssd-w11-reacondicionada-470904/,699999.0,633483.26,1,True
FRA-notebook-asus-vivobook-m1502-ryzen-5-150,Fravega,ASUS,Notebooks,Notebook Asus Vivobook M1502 Ryzen 5 150 16gb 512gb Ssd W11h,https://www.fravega.com/p/notebook-asus-vivobook-m1502-ryzen-5-150-16gb-512gb-ssd-w11h-22883751/,2201188.16,1620199.0,1,True
FRA-notebook-lenovo-ideapad-slim-3-intel-n10,Fravega,LENOVO,Notebooks,Notebook Lenovo Ideapad Slim 3 Intel N100 8gb 128gb Ssd W11h,https://www.fravega.com/p/notebook-lenovo-ideapad-slim-3-intel-n100-8gb-128gb-ssd-w11h-22941026/,1183193.36,887743.0,1,True
FRA-notebook-lenovo-16-amd-ryzen-7-16gb-1tb-,Fravega,LENOVO,Notebooks,Notebook Lenovo 16” AMD Ryzen 7 16GB 1TB SSD 82Y40024AR,https://www.fravega.com/p/notebook-lenovo-16-amd-ryzen-7-16gb-1tb-ssd-82y40024ar-364505/,5999999.0,5699999.0,1,True
FRA-reacondicionado-notebook-dell-latitude-5,Fravega,DELL,Notebooks,Reacondicionado Notebook Dell Latitude 5420 Intel,https://www.fravega.com/p/reacondicionado-notebook-dell-latitude-5420-intel-22869435/,1024075.0,665647.0,1,True
FRA-notebook-hp-14-intel-core-5-8gb-512gb-om,Fravega,HP,Notebooks,"Notebook HP 14"" Intel Core 5 8GB 512GB OmniBook 3 14-HU0050LA",https://www.fravega.com/p/notebook-hp-14-intel-core-5-8gb-512gb-omnibook-3-14-hu0050la-364858/,2199999.0,1549999.0,1,True
FRA-macbook-apple-pro-13-3-m2-8gb-256-ssd-mn,Fravega,APPLE,Notebooks,"MacBook Apple Pro 13,3” M2 8GB 256 SSD MNEJ3LE/A Space Gray",https://www.fravega.com/p/macbook-apple-pro-13-3-m2-8gb-256-ssd-mnej3le-a-space-gray-364677/,8999999.0,3699999.0,1,True
FRA-notebook-acer-aspire-lite-intel-core-i5-,Fravega,ACER,Notebooks,Notebook Acer Aspire Lite Intel Core i5 8GB 512GB AL16-52P-579C,https://www.fravega.com/p/notebook-acer-aspire-lite-intel-core-i5-8gb-512gb-al16-52p-579c-364913/,1999999.0,1749999.0,1,True
FRA-notebook-exo-14-intel-n4020-4gb-128gb-em,Fravega,OTRAS,Notebooks,"Notebook Exo 14"" Intel N4020 4GB 128GB eMMC Smart XR2 Windows 11",https://www.fravega.com/p/notebook-exo-14-intel-n4020-4gb-128gb-emmc-smart-xr2-windows-11-364985/,499999.0,379999.0,1,True
FRA-notebook-hp-15-6-amd-ryzen-3-8gb-512gb-1,Fravega,HP,Notebooks,"Notebook HP 15,6” AMD Ryzen 3 8GB 512GB 15-fc0235la",https://www.fravega.com/p/notebook-hp-15-6-amd-ryzen-3-8gb-512gb-15-fc0235la-364753/,1899999.0,1249999.0,1,True
FRA-notebook-celeron-14-1-4gb-128-gb-ssd-phi,Fravega,PHILCO,Notebooks,"Notebook Celeron 14.1"" 4GB 128 GB SSD Philco N14P4020",https://www.fravega.com/p/notebook-celeron-14-1-4gb-128-gb-ssd-philco-n14p4020-990289226/,516999.0,315999.0,1,True
FRA-notebook-hp-15-6-amd-ryzen-5-8gb-512gb-1,Fravega,HP,Notebooks,"Notebook HP 15,6"" AMD Ryzen 5 8GB 512GB 15-FC0251LA + Mochila",https://www.fravega.com/p/notebook-hp-15-6-amd-ryzen-5-8gb-512gb-15-fc0251la-mochila-364837/,2199999.0,1399999.0,1,True
FRA-samsung-galaxy-book-4-15-6-fhd-intel-cor,Fravega,SAMSUNG,Notebooks,"Samsung Galaxy Book 4 15,6” FHD Intel Core i7 32GB 1TB NP750XGJ-KG1AR",https://www.fravega.com/p/samsung-galaxy-book-4-15-6-fhd-intel-core-i7-32gb-1tb-np750xgj-kg1ar-365072/,3999999.0,3599999.0,1,True
FRA-all-one-acer-23-8-full-hd-intel-core-i3-,Fravega,ACER,Notebooks,"All in One Acer 23,8” Full HD Intel Core i3 8GB 512GB C24-2YE13U3UNL",https://www.fravega.com/p/all-one-acer-23-8-full-hd-intel-core-i3-8gb-512gb-c24-2ye13u3unl-364821/,1499999.0,1199999.0,1,True
FRA-notebook-gfast-15-6-amd-ryzen-7-8gb-240g,Fravega,OTRAS,Notebooks,"Notebook Gfast 15,6” AMD Ryzen 7 8GB  240GB SSD N-755R",https://www.fravega.com/p/notebook-gfast-15-6-amd-ryzen-7-8gb-240gb-ssd-n-755r-364959/,1349999.0,1249999.0,1,True
FRA-notebook-acer-aspire-lite-15-intel-core-,Fravega,ACER,Notebooks,Notebook Acer Aspire Lite 15 Intel Core i5 16GB 512GB AL15-52P-51UH,https://www.fravega.com/p/notebook-acer-aspire-lite-15-intel-core-i5-16gb-512gb-al15-52p-51uh-364920/,2999999.0,1999999.0,1,True
FRA-samsung-galaxy-book-4-15-6-fhd-intel-cor,Fravega,SAMSUNG,Notebooks,"Samsung Galaxy Book 4 15,6” FHD Intel Core i7 16GB 1TB NP750XGJ-KS1AR",https://www.fravega.com/p/samsung-galaxy-book-4-15-6-fhd-intel-core-i7-16gb-1tb-np750xgj-ks1ar-365071/,3499999.0,2999999.0,1,True
FRA-notebook-acer-aspire-go-15-intel-core-i5,Fravega,ACER,Notebooks,Notebook Acer Aspire Go 15 Intel Core i5 16GB 512GB AG15-71P-51VE Verde,https://www.fravega.com/p/notebook-acer-aspire-go-15-intel-core-i5-16gb-512gb-ag15-71p-51ve-verde-364921/,2999999.0,2299999.0,1,True
FRA-notebook-acer-aspire-lite-intel-core-3-8,Fravega,ACER,Notebooks,Notebook Acer Aspire Lite Intel Core 3 8GB 512GB AL15-33P-316C,https://www.fravega.com/p/notebook-acer-aspire-lite-intel-core-3-8gb-512gb-al15-33p-316c-364735/,1399999.0,1349999.0,1,True
FRA-samsung-galaxy-book-4-15-6-fhd-intel-cor,Fravega,SAMSUNG,Notebooks,"Samsung Galaxy Book 4 15,6” FHD Intel Core i3 8GB 512GB NP750XGJ-KS3AR",https://www.fravega.com/p/samsung-galaxy-book-4-15-6-fhd-intel-core-i3-8gb-512gb-np750xgj-ks3ar-365069/,2199999.0,1899999.0,1,True
FRA-notebook-hp-250r-g10-core-5-120u-15-6-hd,Fravega,HP,Notebooks,Notebook Hp 250r G10 Core 5 120u 15.6 Hd 16gb 512gb Ssd,https://www.fravega.com/p/notebook-hp-250r-g10-core-5-120u-15-6-hd-16gb-512gb-ssd-22926079/,2415843.5,1858341.15,1,True
FRA-notebook-noblex-intel-celeron-4gb-ram-ss,Fravega,NOBLEX,Notebooks,Notebook Noblex Intel Celeron 4GB RAM SSD 128GB N14X1010,https://www.fravega.com/p/notebook-noblex-intel-celeron-4gb-ram-ssd-128gb-n14x1010-990158531/,588499.0,409999.0,1,True
FRA-notebook-exo-15-6intel-i5-8gb-480ssd-x67,Fravega,OTRAS,Notebooks,"Notebook Exo 15,6´Intel I5 8GB 480SSD X67 WIN 11",https://www.fravega.com/p/notebook-exo-15-6intel-i5-8gb-480ssd-x67-win-11-22603608/,2099999.0,1899999.0,1,True
FRA-notebook-lenovo-ideapad-1-celeron-n4500-,Fravega,LENOVO,Notebooks,Notebook Lenovo Ideapad 1 Celeron N4500 12gb 128gb 15.6 W11h,https://www.fravega.com/p/notebook-lenovo-ideapad-1-celeron-n4500-12gb-128gb-15-6-w11h-22881052/,1108788.14,852913.95,1,True
FRA-notebook-asus-vivobook-15-m1502-ryzen-5-,Fravega,ASUS,Notebooks,Notebook Asus Vivobook 15 M1502 Ryzen 5 150 16gb 512gb Ssd,https://www.fravega.com/p/notebook-asus-vivobook-15-m1502-ryzen-5-150-16gb-512gb-ssd-22882127/,1872691.29,1440531.76,1,True
FRA-notebook-hp-15-fd0331la-core-3-100u-8gb-,Fravega,HP,Notebooks,Notebook Hp 15-fd0331la Core 3 100u 8gb 512gb Ssd 15.6 W11h,https://www.fravega.com/p/notebook-hp-15-fd0331la-core-3-100u-8gb-512gb-ssd-15-6-w11h-22934562/,1649075.73,1268519.79,1,True
FRA-notebook-asus-vivobook-m1502-ryzen-5-150,Fravega,ASUS,Notebooks,Notebook Asus Vivobook M1502 Ryzen 5 150 16gb 512gb Ssd W11h,https://www.fravega.com/p/notebook-asus-vivobook-m1502-ryzen-5-150-16gb-512gb-ssd-w11h-22882126/,1881357.4,1379999.0,1,True
FRA-notebook-acer-16-intel-core-i3-de-8-nucl,Fravega,ACER,Notebooks,Notebook Acer 16” Intel Core i3 de 8 núcleos 8GB 512GB SSD Aspire Lite 16 Reacondicionada,https://www.fravega.com/p/notebook-acer-16-intel-core-i3-de-8-nucleos-8gb-512gb-ssd-aspire-lite-16-reacondicionada-470877/,849999.0,769229.86,1,True
FRA-notebook-lenovo-v15-g4-ryzen-7-7730u-40g,Fravega,LENOVO,Notebooks,Notebook Lenovo V15 G4 Ryzen 7 7730u 40gb Ssd 1tb 15.6 Fhd,https://www.fravega.com/p/notebook-lenovo-v15-g4-ryzen-7-7730u-40gb-ssd-1tb-15-6-fhd-22925559/,3219861.94,2476816.88,1,True
FRA-hp-pink-intel-n150-8gb-ram-128gb-ufs-not,Fravega,HP,Notebooks,HP Pink Intel N150 8GB Ram 128GB UFS Notebook ROSA Windows 11,https://www.fravega.com/p/hp-pink-intel-n150-8gb-ram-128gb-ufs-notebook-rosa-windows-11-990274676/,1601820.0,1118288.0,1,True
FRA-notebook-lenovo-15-6-r5-7520u-16gb-ssd51,Fravega,LENOVO,Notebooks,Notebook Lenovo 15.6 R5-7520U 16GB SSD512GB IDEA PAD S3 Win11Home,https://www.fravega.com/p/notebook-lenovo-15-6-r5-7520u-16gb-ssd512gb-idea-pad-s3-win11home-22701149/,2535284.0,1774699.0,1,True
FRA-notebook-asus-vivobook-15-m1502-ryzen-5-,Fravega,ASUS,Notebooks,Notebook Asus Vivobook 15 M1502 Ryzen 5 150 16gb 512gb Ssd,https://www.fravega.com/p/notebook-asus-vivobook-15-m1502-ryzen-5-150-16gb-512gb-ssd-22883752/,2191048.8,1685422.16,1,True
FRA-notebook-asus-vivobook-m1502-ryzen-5-150,Fravega,ASUS,Notebooks,Notebook Asus Vivobook M1502 Ryzen 5 150 16gb 512gb Ssd W11h,https://www.fravega.com/p/notebook-asus-vivobook-m1502-ryzen-5-150-16gb-512gb-ssd-w11h-22925505/,2417544.26,1795499.0,1,True
FRA-notebook-hp-14-intel-core-5-8gb-512gb-om,Fravega,HP,Notebooks,"Notebook HP 14"" Intel Core 5 8GB 512GB OmniBook 3 14-HU0050LA",https://www.fravega.com/p/notebook-hp-14-intel-core-5-8gb-512gb-omnibook-3-14-hu0050la-364858/,2199999.0,1549999.0,1,True
FRA-macbook-apple-pro-13-3-m2-8gb-256-ssd-mn,Fravega,APPLE,Notebooks,"MacBook Apple Pro 13,3” M2 8GB 256 SSD MNEJ3LE/A Space Gray",https://www.fravega.com/p/macbook-apple-pro-13-3-m2-8gb-256-ssd-mnej3le-a-space-gray-364677/,8999999.0,3699999.0,1,True
FRA-notebook-acer-aspire-lite-intel-core-i5-,Fravega,ACER,Notebooks,Notebook Acer Aspire Lite Intel Core i5 8GB 512GB AL16-52P-579C,https://www.fravega.com/p/notebook-acer-aspire-lite-intel-core-i5-8gb-512gb-al16-52p-579c-364913/,1999999.0,1749999.0,1,True
FRA-notebook-exo-14-intel-n4020-4gb-128gb-em,Fravega,OTRAS,Notebooks,"Notebook Exo 14"" Intel N4020 4GB 128GB eMMC Smart XR2 Windows 11",https://www.fravega.com/p/notebook-exo-14-intel-n4020-4gb-128gb-emmc-smart-xr2-windows-11-364985/,499999.0,379999.0,1,True
FRA-notebook-hp-15-6-amd-ryzen-3-8gb-512gb-1,Fravega,HP,Notebooks,"Notebook HP 15,6” AMD Ryzen 3 8GB 512GB 15-fc0235la",https://www.fravega.com/p/notebook-hp-15-6-amd-ryzen-3-8gb-512gb-15-fc0235la-364753/,1899999.0,1249999.0,1,True
FRA-notebook-celeron-14-1-4gb-128-gb-ssd-phi,Fravega,PHILCO,Notebooks,"Notebook Celeron 14.1"" 4GB 128 GB SSD Philco N14P4020",https://www.fravega.com/p/notebook-celeron-14-1-4gb-128-gb-ssd-philco-n14p4020-990289226/,516999.0,315999.0,1,True
FRA-notebook-hp-15-6-amd-ryzen-5-8gb-512gb-1,Fravega,HP,Notebooks,"Notebook HP 15,6"" AMD Ryzen 5 8GB 512GB 15-FC0251LA + Mochila",https://www.fravega.com/p/notebook-hp-15-6-amd-ryzen-5-8gb-512gb-15-fc0251la-mochila-364837/,2199999.0,1399999.0,1,True
FRA-samsung-galaxy-book-4-15-6-fhd-intel-cor,Fravega,SAMSUNG,Notebooks,"Samsung Galaxy Book 4 15,6” FHD Intel Core i7 32GB 1TB NP750XGJ-KG1AR",https://www.fravega.com/p/samsung-galaxy-book-4-15-6-fhd-intel-core-i7-32gb-1tb-np750xgj-kg1ar-365072/,3999999.0,3599999.0,1,True
FRA-all-one-acer-23-8-full-hd-intel-core-i3-,Fravega,ACER,Notebooks,"All in One Acer 23,8” Full HD Intel Core i3 8GB 512GB C24-2YE13U3UNL",https://www.fravega.com/p/all-one-acer-23-8-full-hd-intel-core-i3-8gb-512gb-c24-2ye13u3unl-364821/,1499999.0,1199999.0,1,True
FRA-notebook-gfast-15-6-amd-ryzen-7-8gb-240g,Fravega,OTRAS,Notebooks,"Notebook Gfast 15,6” AMD Ryzen 7 8GB  240GB SSD N-755R",https://www.fravega.com/p/notebook-gfast-15-6-amd-ryzen-7-8gb-240gb-ssd-n-755r-364959/,1349999.0,1249999.0,1,True
FRA-notebook-acer-aspire-lite-15-intel-core-,Fravega,ACER,Notebooks,Notebook Acer Aspire Lite 15 Intel Core i5 16GB 512GB AL15-52P-51UH,https://www.fravega.com/p/notebook-acer-aspire-lite-15-intel-core-i5-16gb-512gb-al15-52p-51uh-364920/,2999999.0,1999999.0,1,True
FRA-samsung-galaxy-book-4-15-6-fhd-intel-cor,Fravega,SAMSUNG,Notebooks,"Samsung Galaxy Book 4 15,6” FHD Intel Core i7 16GB 1TB NP750XGJ-KS1AR",https://www.fravega.com/p/samsung-galaxy-book-4-15-6-fhd-intel-core-i7-16gb-1tb-np750xgj-ks1ar-365071/,3499999.0,2999999.0,1,True
FRA-notebook-acer-aspire-go-15-intel-core-i5,Fravega,ACER,Notebooks,Notebook Acer Aspire Go 15 Intel Core i5 16GB 512GB AG15-71P-51VE Verde,https://www.fravega.com/p/notebook-acer-aspire-go-15-intel-core-i5-16gb-512gb-ag15-71p-51ve-verde-364921/,2999999.0,2299999.0,1,True
FRA-notebook-acer-aspire-lite-intel-core-3-8,Fravega,ACER,Notebooks,Notebook Acer Aspire Lite Intel Core 3 8GB 512GB AL15-33P-316C,https://www.fravega.com/p/notebook-acer-aspire-lite-intel-core-3-8gb-512gb-al15-33p-316c-364735/,1399999.0,1349999.0,1,True
FRA-samsung-galaxy-book-4-15-6-fhd-intel-cor,Fravega,SAMSUNG,Notebooks,"Samsung Galaxy Book 4 15,6” FHD Intel Core i3 8GB 512GB NP750XGJ-KS3AR",https://www.fravega.com/p/samsung-galaxy-book-4-15-6-fhd-intel-core-i3-8gb-512gb-np750xgj-ks3ar-365069/,2199999.0,1899999.0,1,True
FRA-notebook-lenovo-v15-g4-ryzen-7-7730u-16g,Fravega,LENOVO,Notebooks,Notebook Lenovo V15 G4 Ryzen 7 7730u 16gb Ssd 1tb 15.6 Fhd,https://www.fravega.com/p/notebook-lenovo-v15-g4-ryzen-7-7730u-16gb-ssd-1tb-15-6-fhd-22925549/,2790301.22,2146385.54,1,True
FRA-notebook-lenovo-ideapad-slim-3-intel-n10,Fravega,LENOVO,Notebooks,Notebook Lenovo Ideapad Slim 3 Intel N100 8gb 128gb Ssd W11h,https://www.fravega.com/p/notebook-lenovo-ideapad-slim-3-intel-n100-8gb-128gb-ssd-w11h-22941025/,1077304.46,781819.0,1,True
FRA-notebook-drax-ci5-8gb-ssd-512gb-windows-,Fravega,OTRAS,Notebooks,Notebook Drax Ci5 8gb Ssd 512gb Windows 11 Home,https://www.fravega.com/p/notebook-drax-ci5-8gb-ssd-512gb-windows-11-home-21454159/,1264935.6,1011569.0,1,True
FRA-notebook-asus-vivobook-x1404va-intel-cor,Fravega,ASUS,Notebooks,Notebook Asus Vivobook X1404VA Intel Core i5-1334U 16 GB 512 GB,https://www.fravega.com/p/notebook-asus-vivobook-x1404va-intel-core-i5-1334u-16-gb-512-gb-22647094/,1855208.89,1558375.47,1,True
FRA-notebook-hp-15-6-r5-7535u-16gb-ssd512gb-,Fravega,HP,Notebooks,Notebook HP 15.6 R5-7535U 16GB SSD512GB Sin Sistema Operativo,https://www.fravega.com/p/notebook-hp-15-6-r5-7535u-16gb-ssd512gb-sin-sistema-operativo-22733347/,2664713.0,1865299.0,1,True
FRA-notebook-asus-vivobook-14-i5-120u-24gb-1,Fravega,ASUS,Notebooks,Notebook Asus Vivobook 14 i5-120U 24GB 1TB,https://www.fravega.com/p/notebook-asus-vivobook-14-i5-120u-24gb-1tb-22802548/,2103111.33,1766613.52,1,True
FRA-samsung-galaxy-book-4-15-6-fhd-intel-cor,Fravega,SAMSUNG,Notebooks,"Samsung Galaxy Book 4 15,6” FHD Intel Core i5 16GB 512GB NP750XGJ-KS2AR",https://www.fravega.com/p/samsung-galaxy-book-4-15-6-fhd-intel-core-i5-16gb-512gb-np750xgj-ks2ar-364936/,2499999.0,2299999.0,1,True
FRA-notebook-lenovo-ip-slim-3-ryzen-3-7320u-,Fravega,LENOVO,Notebooks,Notebook Lenovo Ip Slim 3 Ryzen 3-7320u Fhd 16gb 512gb W11h,https://www.fravega.com/p/notebook-lenovo-ip-slim-3-ryzen-3-7320u-fhd-16gb-512gb-w11h-22883863/,1728916.2,1287771.0,1,True
FRA-notebook-hp-15-fd0331la-core-3-100u-16gb,Fravega,HP,Notebooks,Notebook Hp 15-fd0331la Core 3 100u 16gb 512gb Ssd 15.6 W11h,https://www.fravega.com/p/notebook-hp-15-fd0331la-core-3-100u-16gb-512gb-ssd-15-6-w11h-22934553/,1818108.28,1398544.83,1,True
FRA-notebook-lenovo-v15-g4-amd-ryzen-5-7520u,Fravega,LENOVO,Notebooks,Notebook Lenovo V15 G4 Amd Ryzen 5 7520u 16gb 512gb Fhd 15.6,https://www.fravega.com/p/notebook-lenovo-v15-g4-amd-ryzen-5-7520u-16gb-512gb-fhd-15-6-22957701/,1854203.0,1426310.0,1,True
FRA-notebook-hp-245-g10-amd-ryzen-5-7530u-14,Fravega,HP,Notebooks,Notebook Hp 245 G10 Amd Ryzen 5 7530u 14 Hd 16gb 512gb Ssd W11H,https://www.fravega.com/p/notebook-hp-245-g10-amd-ryzen-5-7530u-14-hd-16gb-512gb-ssd-w11h-22970975/,2127331.21,1636408.63,1,True
FRA-notebook-asus-vivobook-15-core-5-120u-16,Fravega,ASUS,Notebooks,Notebook Asus Vivobook 15 Core 5 120u 16gb 512gb SSD Windows 11 Home,https://www.fravega.com/p/notebook-asus-vivobook-15-core-5-120u-16gb-512gb-ssd-windows-11-home-23001373/,2366214.47,1769399.0,1,True
FRA-notebook-enova-14-celeron-n4020-ram-4gb-,Fravega,OTRAS,Notebooks,"Notebook Enova 14"" Celeron N4020 + RAM 4GB + SSD 128GB + Win 11 Home",https://www.fravega.com/p/notebook-enova-14-celeron-n4020-ram-4gb-ssd-128gb-win-11-home-20302029/,533748.75,418499.0,1,True
FRA-netbook-exo-11-intel-n4020-8gb-480ssd-rm,Fravega,OTRAS,Notebooks,Netbook Exo 11´ Intel N4020 8GB 480SSD RM255 Linux,https://www.fravega.com/p/netbook-exo-11-intel-n4020-8gb-480ssd-rm255-linux-22461562/,999999.0,899999.0,1,True
FRA-notebook-hp-14-intel-core-5-8gb-512gb-om,Fravega,HP,Notebooks,"Notebook HP 14"" Intel Core 5 8GB 512GB OmniBook 3 14-HU0050LA",https://www.fravega.com/p/notebook-hp-14-intel-core-5-8gb-512gb-omnibook-3-14-hu0050la-364858/,2199999.0,1549999.0,1,True
FRA-macbook-apple-pro-13-3-m2-8gb-256-ssd-mn,Fravega,APPLE,Notebooks,"MacBook Apple Pro 13,3” M2 8GB 256 SSD MNEJ3LE/A Space Gray",https://www.fravega.com/p/macbook-apple-pro-13-3-m2-8gb-256-ssd-mnej3le-a-space-gray-364677/,8999999.0,3699999.0,1,True
FRA-notebook-acer-aspire-lite-intel-core-i5-,Fravega,ACER,Notebooks,Notebook Acer Aspire Lite Intel Core i5 8GB 512GB AL16-52P-579C,https://www.fravega.com/p/notebook-acer-aspire-lite-intel-core-i5-8gb-512gb-al16-52p-579c-364913/,1999999.0,1749999.0,1,True
FRA-notebook-exo-14-intel-n4020-4gb-128gb-em,Fravega,OTRAS,Notebooks,"Notebook Exo 14"" Intel N4020 4GB 128GB eMMC Smart XR2 Windows 11",https://www.fravega.com/p/notebook-exo-14-intel-n4020-4gb-128gb-emmc-smart-xr2-windows-11-364985/,499999.0,379999.0,1,True
FRA-notebook-hp-15-6-amd-ryzen-3-8gb-512gb-1,Fravega,HP,Notebooks,"Notebook HP 15,6” AMD Ryzen 3 8GB 512GB 15-fc0235la",https://www.fravega.com/p/notebook-hp-15-6-amd-ryzen-3-8gb-512gb-15-fc0235la-364753/,1899999.0,1249999.0,1,True
FRA-notebook-celeron-14-1-4gb-128-gb-ssd-phi,Fravega,PHILCO,Notebooks,"Notebook Celeron 14.1"" 4GB 128 GB SSD Philco N14P4020",https://www.fravega.com/p/notebook-celeron-14-1-4gb-128-gb-ssd-philco-n14p4020-990289226/,516999.0,315999.0,1,True
FRA-notebook-hp-15-6-amd-ryzen-5-8gb-512gb-1,Fravega,HP,Notebooks,"Notebook HP 15,6"" AMD Ryzen 5 8GB 512GB 15-FC0251LA + Mochila",https://www.fravega.com/p/notebook-hp-15-6-amd-ryzen-5-8gb-512gb-15-fc0251la-mochila-364837/,2199999.0,1399999.0,1,True
FRA-samsung-galaxy-book-4-15-6-fhd-intel-cor,Fravega,SAMSUNG,Notebooks,"Samsung Galaxy Book 4 15,6” FHD Intel Core i7 32GB 1TB NP750XGJ-KG1AR",https://www.fravega.com/p/samsung-galaxy-book-4-15-6-fhd-intel-core-i7-32gb-1tb-np750xgj-kg1ar-365072/,3999999.0,3599999.0,1,True
FRA-all-one-acer-23-8-full-hd-intel-core-i3-,Fravega,ACER,Notebooks,"All in One Acer 23,8” Full HD Intel Core i3 8GB 512GB C24-2YE13U3UNL",https://www.fravega.com/p/all-one-acer-23-8-full-hd-intel-core-i3-8gb-512gb-c24-2ye13u3unl-364821/,1499999.0,1199999.0,1,True
FRA-notebook-gfast-15-6-amd-ryzen-7-8gb-240g,Fravega,OTRAS,Notebooks,"Notebook Gfast 15,6” AMD Ryzen 7 8GB  240GB SSD N-755R",https://www.fravega.com/p/notebook-gfast-15-6-amd-ryzen-7-8gb-240gb-ssd-n-755r-364959/,1349999.0,1249999.0,1,True
FRA-notebook-acer-aspire-lite-15-intel-core-,Fravega,ACER,Notebooks,Notebook Acer Aspire Lite 15 Intel Core i5 16GB 512GB AL15-52P-51UH,https://www.fravega.com/p/notebook-acer-aspire-lite-15-intel-core-i5-16gb-512gb-al15-52p-51uh-364920/,2999999.0,1999999.0,1,True
FRA-samsung-galaxy-book-4-15-6-fhd-intel-cor,Fravega,SAMSUNG,Notebooks,"Samsung Galaxy Book 4 15,6” FHD Intel Core i7 16GB 1TB NP750XGJ-KS1AR",https://www.fravega.com/p/samsung-galaxy-book-4-15-6-fhd-intel-core-i7-16gb-1tb-np750xgj-ks1ar-365071/,3499999.0,2999999.0,1,True
FRA-notebook-acer-aspire-go-15-intel-core-i5,Fravega,ACER,Notebooks,Notebook Acer Aspire Go 15 Intel Core i5 16GB 512GB AG15-71P-51VE Verde,https://www.fravega.com/p/notebook-acer-aspire-go-15-intel-core-i5-16gb-512gb-ag15-71p-51ve-verde-364921/,2999999.0,2299999.0,1,True
FRA-notebook-acer-aspire-lite-intel-core-3-8,Fravega,ACER,Notebooks,Notebook Acer Aspire Lite Intel Core 3 8GB 512GB AL15-33P-316C,https://www.fravega.com/p/notebook-acer-aspire-lite-intel-core-3-8gb-512gb-al15-33p-316c-364735/,1399999.0,1349999.0,1,True
FRA-samsung-galaxy-book-4-15-6-fhd-intel-cor,Fravega,SAMSUNG,Notebooks,"Samsung Galaxy Book 4 15,6” FHD Intel Core i3 8GB 512GB NP750XGJ-KS3AR",https://www.fravega.com/p/samsung-galaxy-book-4-15-6-fhd-intel-core-i3-8gb-512gb-np750xgj-ks3ar-365069/,2199999.0,1899999.0,1,True
FRA-notebook-philco-14-amd-ryzen-3-3200u-4gb,Fravega,PHILCO,Notebooks,"Notebook Philco 14"" AMD Ryzen 3-3200U 4GB 128GB SSD Windows 11 Home N14PR3200",https://www.fravega.com/p/notebook-philco-14-amd-ryzen-3-3200u-4gb-128gb-ssd-windows-11-home-n14pr3200-990228710/,867899.0,598999.01,1,True
FRA-notebook-asus-vivobook-go-15-6-fhd-core-,Fravega,ASUS,Notebooks,"Notebook Asus Vivobook Go 15.6"" FHD Core I3-N305 8GB 256GB UFS 2.1 Windows 11 E1504GA-BQ061W",https://www.fravega.com/p/notebook-asus-vivobook-go-15-6-fhd-core-i3-n305-8gb-256gb-ufs-2-1-windows-11-e1504ga-bq061w-990250701/,1737999.0,1185999.0,1,True
FRA-notebook-hp-14-pavilon-x360-i3-1315u-8gb,Fravega,HP,Notebooks,Notebook HP 14 Pavilon X360 i3-1315U 8GB SSD512GB Touch Win11Home,https://www.fravega.com/p/notebook-hp-14-pavilon-x360-i3-1315u-8gb-ssd512gb-touch-win11home-22628329/,2474999.0,1732499.0,1,True
FRA-notebook-samsung-galaxy-book-4-i38gb-ram,Fravega,SAMSUNG,Notebooks,Notebook Samsung Galaxy Book 4 I38GB RAM 256GB SSD,https://www.fravega.com/p/notebook-samsung-galaxy-book-4-i38gb-ram-256gb-ssd-990264071/,2018509.0,1552699.0,1,True
FRA-notebook-asus-vivobook-x1404va-i3-1315u-,Fravega,ASUS,Notebooks,Notebook Asus Vivobook X1404VA i3-1315U 16 GB 512 GB,https://www.fravega.com/p/notebook-asus-vivobook-x1404va-i3-1315u-16-gb-512-gb-22647107/,1492577.79,1253765.35,1,True
FRA-notebook-asus-vivobook-x1404va-intel-cor,Fravega,ASUS,Notebooks,Notebook Asus Vivobook X1404VA Intel Core i5-1334U 12 GB 512 GB,https://www.fravega.com/p/notebook-asus-vivobook-x1404va-intel-core-i5-1334u-12-gb-512-gb-22652419/,1774050.35,1490202.3,1,True
FRA-notebook-lenovo-15-6-i5-12450hx-8gb-ssd5,Fravega,LENOVO,Notebooks,Notebook Lenovo 15.6 i5-12450HX 8GB SSD512GB RTX3050 W11H,https://www.fravega.com/p/notebook-lenovo-15-6-i5-12450hx-8gb-ssd512gb-rtx3050-w11h-22701086/,3444570.0,2411199.0,1,True
FRA-notebook-15-3-lenovo-s3-r7-7735hs-16gb-s,Fravega,LENOVO,Notebooks,Notebook 15.3 Lenovo S3 R7-7735HS 16GB SSD512GB IDEA PAD W11H,https://www.fravega.com/p/notebook-15-3-lenovo-s3-r7-7735hs-16gb-ssd512gb-idea-pad-w11h-22701156/,3112141.0,2178499.0,1,True
FRA-laptop-hp-14-celeron-8gb-ram-256gb-win-1,Fravega,HP,Notebooks,Laptop HP 14 Celeron 8GB RAM 256GB Win 11,https://www.fravega.com/p/laptop-hp-14-celeron-8gb-ram-256gb-win-11-22717822/,1172319.0,879239.0,1,True
FRA-notebook-hp-core-i3-n305-256gb-ssd-8gb-r,Fravega,HP,Notebooks,"Notebook Hp Core i3 N305 256gb SSD 8gb Ram 15,6 FHD Win 11 Silver",https://www.fravega.com/p/notebook-hp-core-i3-n305-256gb-ssd-8gb-ram-15-6-fhd-win-11-silver-990280102/,1552320.0,1136108.0,1,True
FRA-notebook-tactil-hp-core-i5-1334u-ram-8gb,Fravega,HP,Notebooks,Notebook Tactil Hp Core I5 1334u Ram 8gb 512gb Ssd 15fd0267l Azul,https://www.fravega.com/p/notebook-tactil-hp-core-i5-1334u-ram-8gb-512gb-ssd-15fd0267l-azul-990283595/,1899999.0,1419999.0,1,True
FRA-hp-omnibook-3-16-next-gen-ai-pc-2k-ips-d,Fravega,HP,Notebooks,"HP OmniBook 3 16"" - Next Gen AI PC 2K IPS Display - 16GB - 512GB SSD Win Snapgragon X - Mica Silver - BZ0010WM",https://www.fravega.com/p/hp-omnibook-3-16-next-gen-ai-pc-2k-ips-display-16gb-512gb-ssd-win-snapgragon-x-mica-silver-bz0010wm-22827862/,1730000.0,1525500.0,1,True
FRA-notebook-acer-nitro-lite-intel-core-i5-8,Fravega,ACER,Notebooks,Notebook Acer Nitro Lite Intel Core i5 8GB 512GB NL16-71G-580G,https://www.fravega.com/p/notebook-acer-nitro-lite-intel-core-i5-8gb-512gb-nl16-71g-580g-364912/,4999999.0,2499999.0,1,True
FRA-notebook-asus-vivobook-x1404va-i5-1334u-,Fravega,ASUS,Notebooks,Notebook Asus Vivobook X1404VA i5-1334U 16 GB 512 GB,https://www.fravega.com/p/notebook-asus-vivobook-x1404va-i5-1334u-16-gb-512-gb-22844964/,2080593.77,1747698.77,1,True
FRA-ps5-playstation-5-con-astro-bot-y-gran-t,Fravega,OTRAS,Gaming y Videojuegos,PS5 PlayStation 5 con Astro Bot y Gran Turismo 7 Standar Bundle 2,https://www.fravega.com/p/ps5-playstation-5-con-astro-bot-y-gran-turismo-7-standar-bundle-2-342666/,1999999.0,1652891.74,1,True
FRA-ps5-playstation-5-con-astro-bot-y-gran-t,Fravega,OTRAS,Gaming y Videojuegos,PS5 PlayStation 5 con Astro Bot y Gran Turismo 7 Digital Bundle 2,https://www.fravega.com/p/ps5-playstation-5-con-astro-bot-y-gran-turismo-7-digital-bundle-2--342667/,1899999.0,1570247.11,1,True
FRA-consola-nintendo-switch-2-342626,Fravega,OTRAS,Gaming y Videojuegos,Consola Nintendo Switch 2,https://www.fravega.com/p/consola-nintendo-switch-2-342626/,1699999.0,1404957.85,1,True
FRA-joystick-microsoft-xbox-wireless-white-3,Fravega,OTRAS,Gaming y Videojuegos,Joystick Microsoft Xbox Wireless White,https://www.fravega.com/p/joystick-microsoft-xbox-wireless-white-342654/,189999.0,179999.0,1,True
FRA-sega-hdmi-688-juegos-2-joysticks-inalamb,Fravega,OTRAS,Gaming y Videojuegos,Sega Hdmi 688 Juegos 2 Joysticks Inalambricos,https://www.fravega.com/p/sega-hdmi-688-juegos-2-joysticks-inalambricos-21313129/,64999.0,39999.0,1,True
FRA-nintendo-switch-oled-model-super-mario-b,Fravega,OTRAS,Gaming y Videojuegos,Nintendo Switch OLED Model + Super Mario Bros. Wonder + 3mo NSO,https://www.fravega.com/p/nintendo-switch-oled-model-super-mario-bros-wonder-3mo-nso-342672/,999999.0,826445.45,1,True
FRA-pc-gamer-hp-omen-16l-desktop-amd-ryzen-5,Fravega,HP,Gaming y Videojuegos,PC Gamer HP OMEN 16L Desktop AMD Ryzen 5 16GB 512GB TG03-0001la,https://www.fravega.com/p/pc-gamer-hp-omen-16l-desktop-amd-ryzen-5-16gb-512gb-tg03-0001la-364732/,2799999.0,2149999.0,1,True
FRA-joystick-gamer-vsg-tarvos-multiplataform,Fravega,OTRAS,Gaming y Videojuegos,Joystick Gamer VSG Tarvos Multiplataforma,https://www.fravega.com/p/joystick-gamer-vsg-tarvos-multiplataforma-342539/,69999.0,59999.0,1,True
FRA-auriculares-gamer-vsg-pentagon-azul-3425,Fravega,OTRAS,Gaming y Videojuegos,Auriculares Gamer VSG Pentagon Azul,https://www.fravega.com/p/auriculares-gamer-vsg-pentagon-azul-342533/,49999.0,34999.0,1,True
FRA-consola-de-juegos-retro-portatil-sup-gam,Fravega,OTRAS,Gaming y Videojuegos,Consola de Juegos retro portátil sup game 400 en 1,https://www.fravega.com/p/consola-de-juegos-retro-portatil-sup-game-400-1--21195321/,45999.0,29999.0,1,True
FRA-joystick-ps5-dualsense-first-light-le-am,Fravega,OTRAS,Gaming y Videojuegos,Joystick PS5 Dualsense  FIRST LIGHT LE AMER,https://www.fravega.com/p/joystick-ps5-dualsense-first-light-le-amer-342691/,197999.0,163635.54,1,True
FRA-nintendo-switch-pro-controller-342670,Fravega,OTRAS,Gaming y Videojuegos,Nintendo Switch Pro Controller,https://www.fravega.com/p/nintendo-switch-pro-controller-342670/,289999.0,239668.6,1,True
FRA-ps5-estacion-de-recarga-para-el-dualsens,Fravega,OTRAS,Gaming y Videojuegos,PS5 Estación de recarga para el DualSense,https://www.fravega.com/p/ps5-estacion-de-recarga-para-el-dualsense-342659/,84999.0,79999.0,1,True
FRA-auriculares-jbl-quantum-100m2-negro-3425,Fravega,OTRAS,Gaming y Videojuegos,Auriculares JBL Quantum 100M2 Negro,https://www.fravega.com/p/auriculares-jbl-quantum-100m2-negro-342520/,89999.0,79999.0,1,True
FRA-auriculares-sony-ps5-pulse-elite-342658,Fravega,SONY,Gaming y Videojuegos,Auriculares Sony PS5 Pulse Elite,https://www.fravega.com/p/auriculares-sony-ps5-pulse-elite-342658/,434999.0,359503.31,1,True
FRA-consola-game-tv-stick-35-000-juegos-conv,Fravega,OTRAS,Gaming y Videojuegos,Consola Game Tv Stick +35.000 juegos +Converti en Smart  LA TV +2 Joystick  Android Tv Full 5G 8K 1año garantia,https://www.fravega.com/p/consola-game-tv-stick-35-000-juegos-converti-smart-la-tv-2-joystick-android-tv-full-5g-8k-1ano-garantia-22059842/,199999.0,139999.0,1,True
FRA-pc-gamer-ryzen-7-5700g-32gb-ram-480gb-ss,Fravega,OTRAS,Gaming y Videojuegos,PC GAMER RYZEN 7 5700G + 32GB RAM + 480GB SSD – GRAPHICS VEGA + PLACA WIFI,https://www.fravega.com/p/pc-gamer-ryzen-7-5700g-32gb-ram-480gb-ssd--graphics-vega-placa-wifi-21195293/,1632706.0,1387800.0,1,True
FRA-joystick-ps5-sony-dualsense-midnight-bla,Fravega,SONY,Gaming y Videojuegos,Joystick Ps5 Sony DualSense Midnight Black,https://www.fravega.com/p/joystick-ps5-sony-dualsense-midnight-black-342688/,174999.0,144627.27,1,True
FRA-joystick-ps5-dualsense-white-amer-342665,Fravega,OTRAS,Gaming y Videojuegos,Joystick PS5 Dualsense  WHITE AMER,https://www.fravega.com/p/joystick-ps5-dualsense-white-amer-342665/,179999.0,148759.5,1,True
FRA-control-inalambrico-ps5-dualsense-chroma,Fravega,OTRAS,Gaming y Videojuegos,Control Inalámbrico PS5 Dualsense Chroma Pearl,https://www.fravega.com/p/control-inalambrico-ps5-dualsense-chroma-pearl-342686/,299999.0,247933.06,1,True
FRA-joystick-ps5-dualsense-cosmic-red-amer-3,Fravega,OTRAS,Gaming y Videojuegos,Joystick PS5 Dualsense COSMIC RED AMER,https://www.fravega.com/p/joystick-ps5-dualsense-cosmic-red-amer-342692/,179999.0,148759.5,1,True
FRA-control-inalambrico-dualsense-rhythm-blu,Fravega,OTRAS,Gaming y Videojuegos,Control Inalámbrico DualSense Rhythm Blue,https://www.fravega.com/p/control-inalambrico-dualsense-rhythm-blue-342720/,199999.0,165288.43,1,True
FRA-joystick-ps5-dualsense-chroma-teal-34268,Fravega,OTRAS,Gaming y Videojuegos,Joystick PS5 Dualsense CHROMA TEAL,https://www.fravega.com/p/joystick-ps5-dualsense-chroma-teal-342684/,185999.0,153718.18,1,True
FRA-joystick-para-ps4-negro-inalambrico-negr,Fravega,OTRAS,Gaming y Videojuegos,Joystick Para Ps4 Negro Inalambrico Negro,https://www.fravega.com/p/joystick-para-ps4-negro-inalambrico-negro-22714834/,54999.0,34999.0,1,True
FRA-joystick-ps5-dualsense-starlight-blue-am,Fravega,OTRAS,Gaming y Videojuegos,Joystick PS5 Dualsense STARLIGHT BLUE AMER,https://www.fravega.com/p/joystick-ps5-dualsense-starlight-blue-amer-342696/,174999.0,144627.27,1,True
FRA-ps5-playstation-5-con-astro-bot-y-gran-t,Fravega,OTRAS,Gaming y Videojuegos,PS5 PlayStation 5 con Astro Bot y Gran Turismo 7 Standar Bundle 2,https://www.fravega.com/p/ps5-playstation-5-con-astro-bot-y-gran-turismo-7-standar-bundle-2-342666/,1999999.0,1652891.74,1,True
FRA-ps5-playstation-5-con-astro-bot-y-gran-t,Fravega,OTRAS,Gaming y Videojuegos,PS5 PlayStation 5 con Astro Bot y Gran Turismo 7 Digital Bundle 2,https://www.fravega.com/p/ps5-playstation-5-con-astro-bot-y-gran-turismo-7-digital-bundle-2--342667/,1899999.0,1570247.11,1,True
FRA-consola-nintendo-switch-2-342626,Fravega,OTRAS,Gaming y Videojuegos,Consola Nintendo Switch 2,https://www.fravega.com/p/consola-nintendo-switch-2-342626/,1699999.0,1404957.85,1,True
FRA-joystick-microsoft-xbox-wireless-white-3,Fravega,OTRAS,Gaming y Videojuegos,Joystick Microsoft Xbox Wireless White,https://www.fravega.com/p/joystick-microsoft-xbox-wireless-white-342654/,189999.0,179999.0,1,True
FRA-sega-hdmi-688-juegos-2-joysticks-inalamb,Fravega,OTRAS,Gaming y Videojuegos,Sega Hdmi 688 Juegos 2 Joysticks Inalambricos,https://www.fravega.com/p/sega-hdmi-688-juegos-2-joysticks-inalambricos-21313129/,64999.0,39999.0,1,True
FRA-nintendo-switch-oled-model-super-mario-b,Fravega,OTRAS,Gaming y Videojuegos,Nintendo Switch OLED Model + Super Mario Bros. Wonder + 3mo NSO,https://www.fravega.com/p/nintendo-switch-oled-model-super-mario-bros-wonder-3mo-nso-342672/,999999.0,826445.45,1,True
FRA-pc-gamer-hp-omen-16l-desktop-amd-ryzen-5,Fravega,HP,Gaming y Videojuegos,PC Gamer HP OMEN 16L Desktop AMD Ryzen 5 16GB 512GB TG03-0001la,https://www.fravega.com/p/pc-gamer-hp-omen-16l-desktop-amd-ryzen-5-16gb-512gb-tg03-0001la-364732/,2799999.0,2149999.0,1,True
FRA-joystick-gamer-vsg-tarvos-multiplataform,Fravega,OTRAS,Gaming y Videojuegos,Joystick Gamer VSG Tarvos Multiplataforma,https://www.fravega.com/p/joystick-gamer-vsg-tarvos-multiplataforma-342539/,69999.0,59999.0,1,True
FRA-auriculares-gamer-vsg-pentagon-azul-3425,Fravega,OTRAS,Gaming y Videojuegos,Auriculares Gamer VSG Pentagon Azul,https://www.fravega.com/p/auriculares-gamer-vsg-pentagon-azul-342533/,49999.0,34999.0,1,True
FRA-consola-de-juegos-retro-portatil-sup-gam,Fravega,OTRAS,Gaming y Videojuegos,Consola de Juegos retro portátil sup game 400 en 1,https://www.fravega.com/p/consola-de-juegos-retro-portatil-sup-game-400-1--21195321/,45999.0,29999.0,1,True
FRA-joystick-ps5-dualsense-first-light-le-am,Fravega,OTRAS,Gaming y Videojuegos,Joystick PS5 Dualsense  FIRST LIGHT LE AMER,https://www.fravega.com/p/joystick-ps5-dualsense-first-light-le-amer-342691/,197999.0,163635.54,1,True
FRA-nintendo-switch-pro-controller-342670,Fravega,OTRAS,Gaming y Videojuegos,Nintendo Switch Pro Controller,https://www.fravega.com/p/nintendo-switch-pro-controller-342670/,289999.0,239668.6,1,True
FRA-ps5-estacion-de-recarga-para-el-dualsens,Fravega,OTRAS,Gaming y Videojuegos,PS5 Estación de recarga para el DualSense,https://www.fravega.com/p/ps5-estacion-de-recarga-para-el-dualsense-342659/,84999.0,79999.0,1,True
FRA-auriculares-jbl-quantum-100m2-negro-3425,Fravega,OTRAS,Gaming y Videojuegos,Auriculares JBL Quantum 100M2 Negro,https://www.fravega.com/p/auriculares-jbl-quantum-100m2-negro-342520/,89999.0,79999.0,1,True
FRA-auriculares-sony-ps5-pulse-elite-342658,Fravega,SONY,Gaming y Videojuegos,Auriculares Sony PS5 Pulse Elite,https://www.fravega.com/p/auriculares-sony-ps5-pulse-elite-342658/,434999.0,359503.31,1,True
FRA-consola-game-tv-stick-35-000-juegos-conv,Fravega,OTRAS,Gaming y Videojuegos,Consola Game Tv Stick +35.000 juegos +Converti en Smart  LA TV +2 Joystick  Android Tv Full 5G 8K 1año garantia,https://www.fravega.com/p/consola-game-tv-stick-35-000-juegos-converti-smart-la-tv-2-joystick-android-tv-full-5g-8k-1ano-garantia-22059842/,199999.0,139999.0,1,True
FRA-pc-gamer-ryzen-7-5700g-32gb-ram-480gb-ss,Fravega,OTRAS,Gaming y Videojuegos,PC GAMER RYZEN 7 5700G + 32GB RAM + 480GB SSD – GRAPHICS VEGA + PLACA WIFI,https://www.fravega.com/p/pc-gamer-ryzen-7-5700g-32gb-ram-480gb-ssd--graphics-vega-placa-wifi-21195293/,1632706.0,1387800.0,1,True
FRA-joystick-ps5-dualsense-techno-red-amer-3,Fravega,OTRAS,Gaming y Videojuegos,Joystick PS5 Dualsense TECHNO RED AMER,https://www.fravega.com/p/joystick-ps5-dualsense-techno-red-amer-342664/,199999.0,165288.43,1,True
FRA-control-joystick-inalambrico-compatible-,Fravega,OTRAS,Gaming y Videojuegos,Control Joystick Inalambrico Compatible Con ps4 Blanco,https://www.fravega.com/p/control-joystick-inalambrico-compatible-con-ps4-blanco-21923141/,39999.0,26999.0,1,True
FRA-joystick-ps5-dualsense-fortnite-le-34269,Fravega,OTRAS,Gaming y Videojuegos,Joystick PS5 Dualsense  FORTNITE LE,https://www.fravega.com/p/joystick-ps5-dualsense-fortnite-le-342694/,199999.0,165288.43,1,True
FRA-videojuego-nintendo-switch-2-super-mario,Fravega,OTRAS,Gaming y Videojuegos,Videojuego Nintendo Switch 2 Super Mario Galaxy + Super Mario Galaxy 2,https://www.fravega.com/p/videojuego-nintendo-switch-2-super-mario-galaxy-super-mario-galaxy-2-342798/,164999.0,136362.81,1,True
FRA-videojuego-nintendo-switch-2-pokemon-pok,Fravega,OTRAS,Gaming y Videojuegos,Videojuego Nintendo Switch 2 Pokémon Pokopia,https://www.fravega.com/p/videojuego-nintendo-switch-2-pokemon-pokopia-342799/,164999.0,136362.81,1,True
FRA-joystick-microsoft-xbox-wireless-black-3,Fravega,OTRAS,Gaming y Videojuegos,Joystick Microsoft Xbox Wireless Black,https://www.fravega.com/p/joystick-microsoft-xbox-wireless-black-342653/,189999.0,179999.0,1,True
FRA-ps5-playstation-5-slim-blanco-4k-825-gb-,Fravega,OTRAS,Gaming y Videojuegos,PS5 PlayStation 5 Slim Blanco 4K 825 GB Digital,https://www.fravega.com/p/ps5-playstation-5-slim-blanco-4k-825-gb-digital-22913217/,1915198.74,1419999.0,1,True
FRA-game-stick-k8-la-mejor-consola-retro-40-,Fravega,OTRAS,Gaming y Videojuegos,Game Stick K8  La mejor Consola RETRO 40.000 juegos K8 La mas completa FULL Dos joystick Inalámbricos,https://www.fravega.com/p/game-stick-k8-la-mejor-consola-retro-40-000-juegos-k8-la-mas-completa-full-dos-joystick-inalambricos--22470655/,179999.0,108999.0,1,True
FRA-consola-retro-game-stick-m15-plus-pro-2-,Fravega,OTRAS,Gaming y Videojuegos,Consola Retro Game Stick M15 Plus Pro + 2 Joysticks + 20mil Juegos FULL Emulador 3D,https://www.fravega.com/p/consola-retro-game-stick-m15-plus-pro-2-joysticks-20mil-juegos-full-emulador-3d--21456157/,1219999.0,79999.0,1,True
FRA-consola-retro-game-stick-x2-plus-64gb-4k,Fravega,OTRAS,Gaming y Videojuegos,Consola Retro Game Stick x2 Plus 64GB 4K HDMI 35.000 Juegos,https://www.fravega.com/p/consola-retro-game-stick-x2-plus-64gb-4k-hdmi-35-000-juegos-21457950/,107999.0,87990.0,1,True
FRA-control-joystick-inalambrico-compatible-,Fravega,OTRAS,Gaming y Videojuegos,Control Joystick Inalambrico Compatible Con ps4 Verde Alpino,https://www.fravega.com/p/control-joystick-inalambrico-compatible-con-ps4-verde-alpino-21923174/,39999.0,26999.0,1,True
FRA-control-joystick-inalambrico-compatible-,Fravega,OTRAS,Gaming y Videojuegos,Control Joystick Inalambrico Compatible Con ps4 ROJO,https://www.fravega.com/p/control-joystick-inalambrico-compatible-con-ps4-rojo-21923152/,39999.0,26999.0,1,True
FRA-control-inalambrico-ps5-dualsense-chroma,Fravega,OTRAS,Gaming y Videojuegos,Control Inalámbrico PS5 Dualsense Chroma Indigo,https://www.fravega.com/p/control-inalambrico-ps5-dualsense-chroma-indigo--342685/,185999.0,153718.18,1,True
FRA-ps5-playstation-5-con-astro-bot-y-gran-t,Fravega,OTRAS,Gaming y Videojuegos,PS5 PlayStation 5 con Astro Bot y Gran Turismo 7 Standar Bundle 2,https://www.fravega.com/p/ps5-playstation-5-con-astro-bot-y-gran-turismo-7-standar-bundle-2-342666/,1999999.0,1652891.74,1,True
FRA-ps5-playstation-5-con-astro-bot-y-gran-t,Fravega,OTRAS,Gaming y Videojuegos,PS5 PlayStation 5 con Astro Bot y Gran Turismo 7 Digital Bundle 2,https://www.fravega.com/p/ps5-playstation-5-con-astro-bot-y-gran-turismo-7-digital-bundle-2--342667/,1899999.0,1570247.11,1,True
FRA-consola-nintendo-switch-2-342626,Fravega,OTRAS,Gaming y Videojuegos,Consola Nintendo Switch 2,https://www.fravega.com/p/consola-nintendo-switch-2-342626/,1699999.0,1404957.85,1,True
FRA-joystick-microsoft-xbox-wireless-white-3,Fravega,OTRAS,Gaming y Videojuegos,Joystick Microsoft Xbox Wireless White,https://www.fravega.com/p/joystick-microsoft-xbox-wireless-white-342654/,189999.0,179999.0,1,True
FRA-sega-hdmi-688-juegos-2-joysticks-inalamb,Fravega,OTRAS,Gaming y Videojuegos,Sega Hdmi 688 Juegos 2 Joysticks Inalambricos,https://www.fravega.com/p/sega-hdmi-688-juegos-2-joysticks-inalambricos-21313129/,64999.0,39999.0,1,True
FRA-nintendo-switch-oled-model-super-mario-b,Fravega,OTRAS,Gaming y Videojuegos,Nintendo Switch OLED Model + Super Mario Bros. Wonder + 3mo NSO,https://www.fravega.com/p/nintendo-switch-oled-model-super-mario-bros-wonder-3mo-nso-342672/,999999.0,826445.45,1,True
FRA-pc-gamer-hp-omen-16l-desktop-amd-ryzen-5,Fravega,HP,Gaming y Videojuegos,PC Gamer HP OMEN 16L Desktop AMD Ryzen 5 16GB 512GB TG03-0001la,https://www.fravega.com/p/pc-gamer-hp-omen-16l-desktop-amd-ryzen-5-16gb-512gb-tg03-0001la-364732/,2799999.0,2149999.0,1,True
FRA-joystick-gamer-vsg-tarvos-multiplataform,Fravega,OTRAS,Gaming y Videojuegos,Joystick Gamer VSG Tarvos Multiplataforma,https://www.fravega.com/p/joystick-gamer-vsg-tarvos-multiplataforma-342539/,69999.0,59999.0,1,True
FRA-auriculares-gamer-vsg-pentagon-azul-3425,Fravega,OTRAS,Gaming y Videojuegos,Auriculares Gamer VSG Pentagon Azul,https://www.fravega.com/p/auriculares-gamer-vsg-pentagon-azul-342533/,49999.0,34999.0,1,True
FRA-consola-de-juegos-retro-portatil-sup-gam,Fravega,OTRAS,Gaming y Videojuegos,Consola de Juegos retro portátil sup game 400 en 1,https://www.fravega.com/p/consola-de-juegos-retro-portatil-sup-game-400-1--21195321/,45999.0,29999.0,1,True
FRA-joystick-ps5-dualsense-first-light-le-am,Fravega,OTRAS,Gaming y Videojuegos,Joystick PS5 Dualsense  FIRST LIGHT LE AMER,https://www.fravega.com/p/joystick-ps5-dualsense-first-light-le-amer-342691/,197999.0,163635.54,1,True
FRA-nintendo-switch-pro-controller-342670,Fravega,OTRAS,Gaming y Videojuegos,Nintendo Switch Pro Controller,https://www.fravega.com/p/nintendo-switch-pro-controller-342670/,289999.0,239668.6,1,True
FRA-ps5-estacion-de-recarga-para-el-dualsens,Fravega,OTRAS,Gaming y Videojuegos,PS5 Estación de recarga para el DualSense,https://www.fravega.com/p/ps5-estacion-de-recarga-para-el-dualsense-342659/,84999.0,79999.0,1,True
FRA-auriculares-jbl-quantum-100m2-negro-3425,Fravega,OTRAS,Gaming y Videojuegos,Auriculares JBL Quantum 100M2 Negro,https://www.fravega.com/p/auriculares-jbl-quantum-100m2-negro-342520/,89999.0,79999.0,1,True
FRA-auriculares-sony-ps5-pulse-elite-342658,Fravega,SONY,Gaming y Videojuegos,Auriculares Sony PS5 Pulse Elite,https://www.fravega.com/p/auriculares-sony-ps5-pulse-elite-342658/,434999.0,359503.31,1,True
FRA-consola-game-tv-stick-35-000-juegos-conv,Fravega,OTRAS,Gaming y Videojuegos,Consola Game Tv Stick +35.000 juegos +Converti en Smart  LA TV +2 Joystick  Android Tv Full 5G 8K 1año garantia,https://www.fravega.com/p/consola-game-tv-stick-35-000-juegos-converti-smart-la-tv-2-joystick-android-tv-full-5g-8k-1ano-garantia-22059842/,199999.0,139999.0,1,True
FRA-pc-gamer-ryzen-7-5700g-32gb-ram-480gb-ss,Fravega,OTRAS,Gaming y Videojuegos,PC GAMER RYZEN 7 5700G + 32GB RAM + 480GB SSD – GRAPHICS VEGA + PLACA WIFI,https://www.fravega.com/p/pc-gamer-ryzen-7-5700g-32gb-ram-480gb-ssd--graphics-vega-placa-wifi-21195293/,1632706.0,1387800.0,1,True
FRA-joystick-ps5-dualsense-remix-green-amer-,Fravega,OTRAS,Gaming y Videojuegos,Joystick PS5 Dualsense  REMIX GREEN AMER,https://www.fravega.com/p/joystick-ps5-dualsense-remix-green-amer-342663/,199999.0,165288.43,1,True
FRA-xbox-series-x-standar-1-tb-22924959,Fravega,OTRAS,Gaming y Videojuegos,XBOX SERIES X STANDAR 1 TB,https://www.fravega.com/p/xbox-series-x-standar-1-tb-22924959/,2809798.74,2380999.0,1,True
FRA-videojuego-nintendo-switch-mario-kart-8-,Fravega,OTRAS,Gaming y Videojuegos,Videojuego Nintendo Switch Mario Kart 8 Deluxe,https://www.fravega.com/p/videojuego-nintendo-switch-mario-kart-8-deluxe-342802/,139999.0,115701.65,1,True
FRA-juego-ea-fifa-25-ps4-342553,Fravega,OTRAS,Gaming y Videojuegos,Juego EA FIFA 25 PS4,https://www.fravega.com/p/juego-ea-fifa-25-ps4-342553/,99999.0,82644.0,1,True
FRA-consola-retro-game-stick-x2-4k-64gb-mas-,Fravega,OTRAS,Gaming y Videojuegos,Consola Retro Game Stick X2 4k 64gb Mas De 33.000 Juegos  3D Plus,https://www.fravega.com/p/consola-retro-game-stick-x2-4k-64gb-mas-de-33-000-juegos-3d-plus-21923304/,169999.0,114999.0,1,True
FRA-joystick-ps5-dualsense-edge-wire-cfi-zcp,Fravega,OTRAS,Gaming y Videojuegos,Joystick PS5 Dualsense  EDGE WIRE CFI-ZCP1WY,https://www.fravega.com/p/joystick-ps5-dualsense-edge-wire-cfi-zcp1wy-342656/,559999.0,462809.09,1,True
FRA-juego-rummy-burako-con-estuche-eco-cuero,Fravega,OTRAS,Gaming y Videojuegos,Juego Rummy Burako con Estuche Eco Cuero Premium,https://www.fravega.com/p/juego-rummy-burako-con-estuche-eco-cuero-premium-22925108/,37510.0,31889.0,1,True
FRA-control-joystick-inalambrico-compatible-,Fravega,OTRAS,Gaming y Videojuegos,Control Joystick Inalambrico Compatible Con ps4 NEGRO,https://www.fravega.com/p/control-joystick-inalambrico-compatible-con-ps4-negro-21923140/,39999.0,26999.0,1,True
FRA-tv-box-stick-8k-smart-tv-con-2-joystick-,Fravega,OTRAS,Gaming y Videojuegos,TV Box Stick 8K Smart tv con 2 Joystick + MIles de Juegos,https://www.fravega.com/p/tv-box-stick-8k-smart-tv-con-2-joystick-miles-de-juegos-21923185/,119999.0,76999.0,1,True
FRA-ps5-playstation-5-slim-con-lectora-de-1t,Fravega,SONY,Gaming y Videojuegos,PS5 PlayStation 5 Slim Con Lectora De 1tb + Fc 26 Dig Sony Color Blanco,https://www.fravega.com/p/ps5-playstation-5-slim-con-lectora-de-1tb-fc-26-dig-sony-color-blanco-22923966/,2192398.74,1649999.0,1,True
FRA-consola-family-pocket-mini-usb-rca-joyst,Fravega,OTRAS,Gaming y Videojuegos,Consola Family Pocket Mini Usb Rca Joysticks Inalambricos,https://www.fravega.com/p/consola-family-pocket-mini-usb-rca-joysticks-inalambricos-21313063/,49999.0,26999.0,1,True
FRA-consola-retro-game-r36s-22-000-juegos-ps,Fravega,OTRAS,Gaming y Videojuegos,"Consola Retro Game R36S | +22.000 Juegos PS1, MAME, GBA y más",https://www.fravega.com/p/consola-retro-game-r36s-22-000-juegos-ps1-mame-gba-y-mas-22613268/,139799.0,99699.0,1,True
FRA-consola-ps5-digital-bundle-2-astro-gt7-3,Fravega,OTRAS,Gaming y Videojuegos,Consola PS5 DIGITAL BUNDLE 2 ASTRO+GT7,https://www.fravega.com/p/consola-ps5-digital-bundle-2-astro-gt7-342823/,1899999.0,1570247.11,1,True
FRA-nintendo-mario-tennis-fever-342671,Fravega,OTRAS,Gaming y Videojuegos,Nintendo Mario Tennis Fever,https://www.fravega.com/p/nintendo-mario-tennis-fever-342671/,164999.0,136362.81,1,True
FRA-ps5-playstation-5-con-astro-bot-y-gran-t,Fravega,OTRAS,Gaming y Videojuegos,PS5 PlayStation 5 con Astro Bot y Gran Turismo 7 Standar Bundle 2,https://www.fravega.com/p/ps5-playstation-5-con-astro-bot-y-gran-turismo-7-standar-bundle-2-342666/,1999999.0,1652891.74,1,True
FRA-ps5-playstation-5-con-astro-bot-y-gran-t,Fravega,OTRAS,Gaming y Videojuegos,PS5 PlayStation 5 con Astro Bot y Gran Turismo 7 Digital Bundle 2,https://www.fravega.com/p/ps5-playstation-5-con-astro-bot-y-gran-turismo-7-digital-bundle-2--342667/,1899999.0,1570247.11,1,True
FRA-consola-nintendo-switch-2-342626,Fravega,OTRAS,Gaming y Videojuegos,Consola Nintendo Switch 2,https://www.fravega.com/p/consola-nintendo-switch-2-342626/,1699999.0,1404957.85,1,True
FRA-joystick-microsoft-xbox-wireless-white-3,Fravega,OTRAS,Gaming y Videojuegos,Joystick Microsoft Xbox Wireless White,https://www.fravega.com/p/joystick-microsoft-xbox-wireless-white-342654/,189999.0,179999.0,1,True
FRA-sega-hdmi-688-juegos-2-joysticks-inalamb,Fravega,OTRAS,Gaming y Videojuegos,Sega Hdmi 688 Juegos 2 Joysticks Inalambricos,https://www.fravega.com/p/sega-hdmi-688-juegos-2-joysticks-inalambricos-21313129/,64999.0,39999.0,1,True
FRA-nintendo-switch-oled-model-super-mario-b,Fravega,OTRAS,Gaming y Videojuegos,Nintendo Switch OLED Model + Super Mario Bros. Wonder + 3mo NSO,https://www.fravega.com/p/nintendo-switch-oled-model-super-mario-bros-wonder-3mo-nso-342672/,999999.0,826445.45,1,True
FRA-pc-gamer-hp-omen-16l-desktop-amd-ryzen-5,Fravega,HP,Gaming y Videojuegos,PC Gamer HP OMEN 16L Desktop AMD Ryzen 5 16GB 512GB TG03-0001la,https://www.fravega.com/p/pc-gamer-hp-omen-16l-desktop-amd-ryzen-5-16gb-512gb-tg03-0001la-364732/,2799999.0,2149999.0,1,True
FRA-joystick-gamer-vsg-tarvos-multiplataform,Fravega,OTRAS,Gaming y Videojuegos,Joystick Gamer VSG Tarvos Multiplataforma,https://www.fravega.com/p/joystick-gamer-vsg-tarvos-multiplataforma-342539/,69999.0,59999.0,1,True
FRA-auriculares-gamer-vsg-pentagon-azul-3425,Fravega,OTRAS,Gaming y Videojuegos,Auriculares Gamer VSG Pentagon Azul,https://www.fravega.com/p/auriculares-gamer-vsg-pentagon-azul-342533/,49999.0,34999.0,1,True
FRA-consola-de-juegos-retro-portatil-sup-gam,Fravega,OTRAS,Gaming y Videojuegos,Consola de Juegos retro portátil sup game 400 en 1,https://www.fravega.com/p/consola-de-juegos-retro-portatil-sup-game-400-1--21195321/,45999.0,29999.0,1,True
FRA-joystick-ps5-dualsense-first-light-le-am,Fravega,OTRAS,Gaming y Videojuegos,Joystick PS5 Dualsense  FIRST LIGHT LE AMER,https://www.fravega.com/p/joystick-ps5-dualsense-first-light-le-amer-342691/,197999.0,163635.54,1,True
FRA-nintendo-switch-pro-controller-342670,Fravega,OTRAS,Gaming y Videojuegos,Nintendo Switch Pro Controller,https://www.fravega.com/p/nintendo-switch-pro-controller-342670/,289999.0,239668.6,1,True
FRA-ps5-estacion-de-recarga-para-el-dualsens,Fravega,OTRAS,Gaming y Videojuegos,PS5 Estación de recarga para el DualSense,https://www.fravega.com/p/ps5-estacion-de-recarga-para-el-dualsense-342659/,84999.0,79999.0,1,True
FRA-auriculares-jbl-quantum-100m2-negro-3425,Fravega,OTRAS,Gaming y Videojuegos,Auriculares JBL Quantum 100M2 Negro,https://www.fravega.com/p/auriculares-jbl-quantum-100m2-negro-342520/,89999.0,79999.0,1,True
FRA-auriculares-sony-ps5-pulse-elite-342658,Fravega,SONY,Gaming y Videojuegos,Auriculares Sony PS5 Pulse Elite,https://www.fravega.com/p/auriculares-sony-ps5-pulse-elite-342658/,434999.0,359503.31,1,True
FRA-consola-game-tv-stick-35-000-juegos-conv,Fravega,OTRAS,Gaming y Videojuegos,Consola Game Tv Stick +35.000 juegos +Converti en Smart  LA TV +2 Joystick  Android Tv Full 5G 8K 1año garantia,https://www.fravega.com/p/consola-game-tv-stick-35-000-juegos-converti-smart-la-tv-2-joystick-android-tv-full-5g-8k-1ano-garantia-22059842/,199999.0,139999.0,1,True
FRA-pc-gamer-ryzen-7-5700g-32gb-ram-480gb-ss,Fravega,OTRAS,Gaming y Videojuegos,PC GAMER RYZEN 7 5700G + 32GB RAM + 480GB SSD – GRAPHICS VEGA + PLACA WIFI,https://www.fravega.com/p/pc-gamer-ryzen-7-5700g-32gb-ram-480gb-ssd--graphics-vega-placa-wifi-21195293/,1632706.0,1387800.0,1,True
FRA-joystick-ps5-dualsense-marathon-le-amer-,Fravega,OTRAS,Gaming y Videojuegos,Joystick PS5 Dualsense MARATHON LE - AMER,https://www.fravega.com/p/joystick-ps5-dualsense-marathon-le-amer-342657/,199999.0,165288.43,1,True
FRA-preventa-videojuego-marvel-s-wolverine-p,Fravega,OTRAS,Gaming y Videojuegos,Preventa Videojuego Marvel's Wolverine para Playstation 5,https://www.fravega.com/p/preventa-videojuego-marvel-s-wolverine-para-playstation-5-342638/,174999.0,144627.27,1,True
FRA-control-inalambrico-dualsense-edge-midni,Fravega,OTRAS,Gaming y Videojuegos,Control Inalámbrico DualSense Edge Midnight Black,https://www.fravega.com/p/control-inalambrico-dualsense-edge-midnight-black-342722/,559999.0,462809.09,1,True
FRA-control-joystick-inalambrico-compatible-,Fravega,OTRAS,Gaming y Videojuegos,Control Joystick Inalambrico Compatible Con ps4 AZUL,https://www.fravega.com/p/control-joystick-inalambrico-compatible-con-ps4-azul-21923163/,39999.0,26999.0,1,True
FRA-consola-ps5-standar-bundle-2-342559,Fravega,OTRAS,Gaming y Videojuegos,Consola PS5 STANDAR BUNDLE 2,https://www.fravega.com/p/consola-ps5-standar-bundle-2-342559/,1999999.0,1652891.74,1,True
FRA-consola-retro-portatil-sup-400-juegos-1-,Fravega,OTRAS,Gaming y Videojuegos,Consola Retro Portatil Sup 400 Juegos en 1 + Joystick Ideal Regalo,https://www.fravega.com/p/consola-retro-portatil-sup-400-juegos-1-joystick-ideal-regalo--22663304/,37999.0,28999.0,1,True
FRA-ps5-playstation-5-pro-cfi-7020-2tb-digit,Fravega,OTRAS,Gaming y Videojuegos,PS5 PlayStation 5 Pro CFI-7020 2TB Digital Color Blanco 2024,https://www.fravega.com/p/ps5-playstation-5-pro-cfi-7020-2tb-digital-color-blanco-2024-22913220/,3225598.74,2475999.0,1,True
FRA-juego-ps5-marvel-tokon-fighting-souls-ed,Fravega,OTRAS,Gaming y Videojuegos,Juego PS5 Marvel Tokon Fighting Souls Edición Estándar,https://www.fravega.com/p/juego-ps5-marvel-tokon-fighting-souls-edicion-estandar-342807/,144999.0,119833.88,1,True
FRA-videojuego-nintendo-switch-2-pokemon-leg,Fravega,OTRAS,Gaming y Videojuegos,Videojuego Nintendo Switch 2 Pokémon Legends: Z-A,https://www.fravega.com/p/videojuego-nintendo-switch-2-pokemon-legends-z-a-342797/,164999.0,136362.81,1,True
FRA-juego-ea-fifa-25-ps5-342569,Fravega,OTRAS,Gaming y Videojuegos,Juego EA FIFA 25 PS5,https://www.fravega.com/p/juego-ea-fifa-25-ps5-342569/,99999.0,82644.0,1,True
FRA-consola-game-stick-4k-pro-m15-20-000-jue,Fravega,OTRAS,Gaming y Videojuegos,Consola Game Stick 4K Pro M15 20.000 Juegos (64GB),https://www.fravega.com/p/consola-game-stick-4k-pro-m15-20-000-juegos-64gb--21521207/,89699.0,72599.0,1,True
FRA-sega-hdmi-688-juegos-2-joysticks-inalamb,Fravega,OTRAS,Gaming y Videojuegos,Sega Hdmi 688 Juegos 2 Joysticks Inalambricos,https://www.fravega.com/p/sega-hdmi-688-juegos-2-joysticks-inalambricos-21915789/,69999.0,46499.0,1,True
FRA-joystick-para-pc-notebook-usb-analogico-,Fravega,OTRAS,Gaming y Videojuegos,Joystick Para Pc Notebook Usb Analogico Con Vibracion Color,https://www.fravega.com/p/joystick-para-pc-notebook-usb-analogico-con-vibracion-color-21922974/,19999.0,14999.0,1,True
FRA-ps5-playstation-5-con-astro-bot-y-gran-t,Fravega,OTRAS,Gaming y Videojuegos,PS5 PlayStation 5 con Astro Bot y Gran Turismo 7 Standar Bundle 2,https://www.fravega.com/p/ps5-playstation-5-con-astro-bot-y-gran-turismo-7-standar-bundle-2-342666/,1999999.0,1652891.74,1,True
FRA-ps5-playstation-5-con-astro-bot-y-gran-t,Fravega,OTRAS,Gaming y Videojuegos,PS5 PlayStation 5 con Astro Bot y Gran Turismo 7 Digital Bundle 2,https://www.fravega.com/p/ps5-playstation-5-con-astro-bot-y-gran-turismo-7-digital-bundle-2--342667/,1899999.0,1570247.11,1,True
FRA-consola-nintendo-switch-2-342626,Fravega,OTRAS,Gaming y Videojuegos,Consola Nintendo Switch 2,https://www.fravega.com/p/consola-nintendo-switch-2-342626/,1699999.0,1404957.85,1,True
FRA-joystick-microsoft-xbox-wireless-white-3,Fravega,OTRAS,Gaming y Videojuegos,Joystick Microsoft Xbox Wireless White,https://www.fravega.com/p/joystick-microsoft-xbox-wireless-white-342654/,189999.0,179999.0,1,True
FRA-sega-hdmi-688-juegos-2-joysticks-inalamb,Fravega,OTRAS,Gaming y Videojuegos,Sega Hdmi 688 Juegos 2 Joysticks Inalambricos,https://www.fravega.com/p/sega-hdmi-688-juegos-2-joysticks-inalambricos-21313129/,64999.0,39999.0,1,True
FRA-nintendo-switch-oled-model-super-mario-b,Fravega,OTRAS,Gaming y Videojuegos,Nintendo Switch OLED Model + Super Mario Bros. Wonder + 3mo NSO,https://www.fravega.com/p/nintendo-switch-oled-model-super-mario-bros-wonder-3mo-nso-342672/,999999.0,826445.45,1,True
FRA-pc-gamer-hp-omen-16l-desktop-amd-ryzen-5,Fravega,HP,Gaming y Videojuegos,PC Gamer HP OMEN 16L Desktop AMD Ryzen 5 16GB 512GB TG03-0001la,https://www.fravega.com/p/pc-gamer-hp-omen-16l-desktop-amd-ryzen-5-16gb-512gb-tg03-0001la-364732/,2799999.0,2149999.0,1,True
FRA-joystick-gamer-vsg-tarvos-multiplataform,Fravega,OTRAS,Gaming y Videojuegos,Joystick Gamer VSG Tarvos Multiplataforma,https://www.fravega.com/p/joystick-gamer-vsg-tarvos-multiplataforma-342539/,69999.0,59999.0,1,True
FRA-auriculares-gamer-vsg-pentagon-azul-3425,Fravega,OTRAS,Gaming y Videojuegos,Auriculares Gamer VSG Pentagon Azul,https://www.fravega.com/p/auriculares-gamer-vsg-pentagon-azul-342533/,49999.0,34999.0,1,True
FRA-consola-de-juegos-retro-portatil-sup-gam,Fravega,OTRAS,Gaming y Videojuegos,Consola de Juegos retro portátil sup game 400 en 1,https://www.fravega.com/p/consola-de-juegos-retro-portatil-sup-game-400-1--21195321/,45999.0,29999.0,1,True
FRA-joystick-ps5-dualsense-first-light-le-am,Fravega,OTRAS,Gaming y Videojuegos,Joystick PS5 Dualsense  FIRST LIGHT LE AMER,https://www.fravega.com/p/joystick-ps5-dualsense-first-light-le-amer-342691/,197999.0,163635.54,1,True
FRA-nintendo-switch-pro-controller-342670,Fravega,OTRAS,Gaming y Videojuegos,Nintendo Switch Pro Controller,https://www.fravega.com/p/nintendo-switch-pro-controller-342670/,289999.0,239668.6,1,True
FRA-ps5-estacion-de-recarga-para-el-dualsens,Fravega,OTRAS,Gaming y Videojuegos,PS5 Estación de recarga para el DualSense,https://www.fravega.com/p/ps5-estacion-de-recarga-para-el-dualsense-342659/,84999.0,79999.0,1,True
FRA-auriculares-jbl-quantum-100m2-negro-3425,Fravega,OTRAS,Gaming y Videojuegos,Auriculares JBL Quantum 100M2 Negro,https://www.fravega.com/p/auriculares-jbl-quantum-100m2-negro-342520/,89999.0,79999.0,1,True
FRA-auriculares-sony-ps5-pulse-elite-342658,Fravega,SONY,Gaming y Videojuegos,Auriculares Sony PS5 Pulse Elite,https://www.fravega.com/p/auriculares-sony-ps5-pulse-elite-342658/,434999.0,359503.31,1,True
FRA-consola-game-tv-stick-35-000-juegos-conv,Fravega,OTRAS,Gaming y Videojuegos,Consola Game Tv Stick +35.000 juegos +Converti en Smart  LA TV +2 Joystick  Android Tv Full 5G 8K 1año garantia,https://www.fravega.com/p/consola-game-tv-stick-35-000-juegos-converti-smart-la-tv-2-joystick-android-tv-full-5g-8k-1ano-garantia-22059842/,199999.0,139999.0,1,True
FRA-pc-gamer-ryzen-7-5700g-32gb-ram-480gb-ss,Fravega,OTRAS,Gaming y Videojuegos,PC GAMER RYZEN 7 5700G + 32GB RAM + 480GB SSD – GRAPHICS VEGA + PLACA WIFI,https://www.fravega.com/p/pc-gamer-ryzen-7-5700g-32gb-ram-480gb-ssd--graphics-vega-placa-wifi-21195293/,1632706.0,1387800.0,1,True
FRA-consola-super-mini-drive-level-up-joysti,Fravega,OTRAS,Gaming y Videojuegos,Consola Super Mini Drive Level Up Joysticks Inalámbricos +1000 Juegos Retro,https://www.fravega.com/p/consola-super-mini-drive-level-up-joysticks-inalambricos-1000-juegos-retro-22539983/,84999.0,66999.0,1,True
FRA-control-joystick-inalambrico-compatible-,Fravega,OTRAS,Gaming y Videojuegos,Control Joystick Inalambrico Compatible Con ps4 Naranja,https://www.fravega.com/p/control-joystick-inalambrico-compatible-con-ps4-naranja-22883572/,39999.0,26999.0,1,True
FRA-juego-ps4-the-last-of-us-part-ii-remaste,Fravega,OTRAS,Gaming y Videojuegos,Juego PS4 The Last of Us Part II Remastered HITS,https://www.fravega.com/p/juego-ps4-the-last-of-us-part-ii-remastered-hits-342740/,51999.0,42974.38,1,True
FRA-juego-ps4-minecraft-starter-collection-r,Fravega,OTRAS,Gaming y Videojuegos,Juego PS4 Minecraft Starter Collection Refresh,https://www.fravega.com/p/juego-ps4-minecraft-starter-collection-refresh-342742/,77999.0,64461.98,1,True
FRA-xbox-series-s-1t-robot-white-22926881,Fravega,OTRAS,Gaming y Videojuegos,XBOX SERIES S 1T ROBOT WHITE,https://www.fravega.com/p/xbox-series-s-1t-robot-white-22926881/,2016000.0,1477999.0,1,True
FRA-playstation-vr2-342721,Fravega,OTRAS,Gaming y Videojuegos,PlayStation VR2,https://www.fravega.com/p/playstation-vr2-342721/,1299999.0,1074379.34,1,True
FRA-consola-multi-emuladora-retro-play2-jueg,Fravega,OTRAS,Gaming y Videojuegos,Consola Multi Emuladora Retro Play2 Juegos Convertidor Smart LevelUp Retroplay,https://www.fravega.com/p/consola-multi-emuladora-retro-play2-juegos-convertidor-smart-levelup-retroplay-50006657/,164999.0,127399.0,1,True
FRA-consola-game-stick-4k-con-2-joysticks-in,Fravega,OTRAS,Gaming y Videojuegos,Consola Game Stick 4k con 2 Joysticks Inalámbricos,https://www.fravega.com/p/consola-game-stick-4k-con-2-joysticks-inalambricos-21225419/,86200.0,47999.0,1,True
FRA-consola-retro-game-stick-lite-4k-hdmi-64,Fravega,OTRAS,Gaming y Videojuegos,Consola Retro Game Stick Lite 4k Hdmi 64gb 20.000 Juegos,https://www.fravega.com/p/consola-retro-game-stick-lite-4k-hdmi-64gb-20-000-juegos-21457948/,81899.0,67499.0,1,True
FRA-joystick-inalambrico-compatible-con-pc-p,Fravega,OTRAS,Gaming y Videojuegos,Joystick Inalámbrico Compatible Con Pc PS3 Mando Color Blanco,https://www.fravega.com/p/joystick-inalambrico-compatible-con-pc-ps3-mando-color-blanco-21922983/,29999.0,19999.0,1,True
FRA-joystick-ps5-dualsense-m-black-amer-usb-,Fravega,OTRAS,Gaming y Videojuegos,Joystick PS5 Dualsense  M BLACK AMER + USB C,https://www.fravega.com/p/joystick-ps5-dualsense-m-black-amer-usb-c-342655/,179999.0,148759.5,1,True
FRA-ps5-playstation-5-slim-1tb-standard-colo,Fravega,OTRAS,Gaming y Videojuegos,PS5 PlayStation 5 Slim 1TB Standard Color Blanco,https://www.fravega.com/p/ps5-playstation-5-slim-1tb-standard-color-blanco-22913216/,2154598.74,1660999.0,1,True
FRA-ps5-playstation-5-slim-edicion-digital-1,Fravega,OTRAS,Gaming y Videojuegos,PS5 Playstation 5 Slim Edición Digital 1tb Blanco,https://www.fravega.com/p/ps5-playstation-5-slim-edicion-digital-1tb-blanco-22923974/,2141998.74,1680999.0,1,True
FRA-meta-quest-3s-256gb-batman-arkham-shadow,Fravega,ATMA,Gaming y Videojuegos,Meta Quest 3S 256GB + Batman Arkham Shadow,https://www.fravega.com/p/meta-quest-3s-256gb-batman-arkham-shadow-22927214/,1524600.0,1120000.0,1,True
FRA-ps5-portatil--342101,Fravega,OTRAS,Gaming y Videojuegos,Ps5 Portátil,https://www.fravega.com/p/ps5-portatil--342101/,799999.0,661156.2,1,True
FRA-heladera-electrolux-inverter-no-frost-if,Fravega,OTRAS,Heladeras,Heladera Electrolux Inverter No Frost IF43S 390L​ts,https://www.fravega.com/p/heladera-electrolux-inverter-no-frost-if43s-390lts-160984/,1439999.0,1099999.0,1,True
FRA-heladera-whirlpool-no-frost-340-lts-wrm4,Fravega,WHIRLPOOL,Heladeras,Heladera Whirlpool No Frost 340 Lts WRM40MK,https://www.fravega.com/p/heladera-whirlpool-no-frost-340-lts-wrm40mk-161336/,959999.0,899999.0,1,True
FRA-heladera-gafa-no-frost-354l-inverter-pla,Fravega,GAFA,Heladeras,Heladera Gafa No Frost 354L Inverter Plata HGNW333P,https://www.fravega.com/p/heladera-gafa-no-frost-354l-inverter-plata-hgnw333p-990224072/,1210110.0,973073.0,1,True
FRA-heladera-samsung-rt38cg6720s9b3-no-frost,Fravega,SAMSUNG,Heladeras,Heladera Samsung RT38CG6720S9B3 No Frost Inverter 384 L,https://www.fravega.com/p/heladera-samsung-rt38cg6720s9b3-no-frost-inverter-384-l--161202/,1464999.0,1318499.0,1,True
FRA-heladera-drean-no-frost-rda250fvrt-250lt,Fravega,DREAN,Heladeras,Heladera Drean No Frost RDA250FVRT 250Lts Grafito,https://www.fravega.com/p/heladera-drean-no-frost-rda250fvrt-250lts-grafito-161387/,789999.0,652891.74,1,True
FRA-freezer-philco-phch410bm-410-litros-1605,Fravega,PHILCO,Heladeras,Freezer Philco PHCH410BM 410 Litros,https://www.fravega.com/p/freezer-philco-phch410bm-410-litros-160587/,1199999.0,849999.0,1,True
FRA-heladera-185lts-con-dispenser-plateada-p,Fravega,PHILCO,Heladeras,Heladera 185Lts con Dispenser Plateada Philco PHSD179PD2,https://www.fravega.com/p/heladera-185lts-con-dispenser-plateada-philco-phsd179pd2-990175374/,677599.0,422999.0,1,True
FRA-freezer-vertical-whirlpool-evox-231-lts-,Fravega,WHIRLPOOL,Heladeras,Freezer Vertical Whirlpool Evox 231 Lts,https://www.fravega.com/p/freezer-vertical-whirlpool-evox-231-lts-161382/,1579999.0,1199999.0,1,True
FRA-heladera-ciclica-midea-mdrt414fge50a-295,Fravega,MIDEA,Heladeras,Heladera Cíclica Midea MDRT414FGE50A 295 L,https://www.fravega.com/p/heladera-ciclica-midea-mdrt414fge50a-295-l-161262/,853999.0,769999.0,1,True
FRA-freezers-inverter-gafa-fghi302b-l-316-lt,Fravega,GAFA,Heladeras,Freezers Inverter Gafa FGHI302B-L 316 Lts,https://www.fravega.com/p/freezers-inverter-gafa-fghi302b-l-316-lts-161414/,830499.0,749999.0,1,True
FRA-heladera-one-door-161lts-con-dispenser-b,Fravega,PHILCO,Heladeras,Heladera One Door 161Lts con Dispenser  Blanca Philco PHSD179BD2,https://www.fravega.com/p/heladera-one-door-161lts-con-dispenser-blanca-philco-phsd179bd2-990182015/,626999.0,494999.0,1,True
FRA-heladera-gafa-hgnw340p-no-frost-inverter,Fravega,GAFA,Heladeras,Heladera Gafa HGNW340P No Frost Inverter 348L Dispenser Plateada,https://www.fravega.com/p/heladera-gafa-hgnw340p-no-frost-inverter-348l-dispenser-plateada--161306/,1089099.0,999999.0,1,True
FRA-heladera-kanji-kjh-hd260-w-ciclica-260-l,Fravega,OTRAS,Heladeras,Heladera Kanji KJH-HD260-W Cíclica 260 Lts Blanco,https://www.fravega.com/p/heladera-kanji-kjh-hd260-w-ciclica-260-lts-blanco-161476/,699999.0,549999.0,1,True
FRA-freezer-horizontal-inverter-philco-phch0,Fravega,PHILCO,Heladeras,Freezer Horizontal Inverter Philco PHCH099BI 99 Litros,https://www.fravega.com/p/freezer-horizontal-inverter-philco-phch099bi-99-litros-161312/,679999.0,469999.0,1,True
FRA-heladera-con-freezer-ciclica-314-l-gris-,Fravega,DREAN,Heladeras,Heladera con freezer Cíclica 314 L Gris Drean HDR320F50E,https://www.fravega.com/p/heladera-con-freezer-ciclica-314-l-gris-drean-hdr320f50e-990248018/,1076899.0,819999.0,1,True
FRA-heladera-hisense-rt1n240ned1-top-mount-d,Fravega,HISENSE,Heladeras,Heladera Hisense RT1N240NED1 Top Mount Defrost 240 Lts Silver,https://www.fravega.com/p/heladera-hisense-rt1n240ned1-top-mount-defrost-240-lts-silver-161376/,745999.0,649999.0,1,True
FRA-freezer-philco-phch249bi-horizontal-inve,Fravega,PHILCO,Heladeras,Freezer Philco PHCH249BI Horizontal Inverter 249 L,https://www.fravega.com/p/freezer-philco-phch249bi-horizontal-inverter-249-l-161294/,879999.0,629999.0,1,True
FRA-freezer-exhibidora-vertical-teora-tev375,Fravega,OTRAS,Heladeras,Freezer exhibidora vertical Teora TEV375BTE,https://www.fravega.com/p/freezer-exhibidora-vertical-teora-tev375bte-21196387/,2890000.0,2200000.0,1,True
FRA-heladera-electrolux-inverter-top-freezer,Fravega,OTRAS,Heladeras,Heladera Electrolux Inverter Top Freezer No Frost AutoSense IW46S 424Lts Plata,https://www.fravega.com/p/heladera-electrolux-inverter-top-freezer-no-frost-autosense-iw46s-424lts-plata-160930/,1679999.0,1299999.0,1,True
FRA-heladera-hisense-con-dispenser-379l-top-,Fravega,HISENSE,Heladeras,Heladera Hisense Con Dispenser 379L Top Mount Inverter No Frost Inox RT3N375NMC,https://www.fravega.com/p/heladera-hisense-con-dispenser-379l-top-mount-inverter-no-frost-inox-rt3n375nmc-990223139/,1536699.0,1082999.01,1,True
FRA-heladera-beko-inverter-no-frost-529l-sid,Fravega,OTRAS,Heladeras,Heladera Beko Inverter No Frost 529L Side By Side Inoxidable,https://www.fravega.com/p/heladera-beko-inverter-no-frost-529l-side-by-side-inoxidable-990286947/,2777777.0,2499999.0,1,True
FRA-heladera-beko-no-frost-252l-blanco-99027,Fravega,OTRAS,Heladeras,Heladera Beko No Frost 252L Blanco,https://www.fravega.com/p/heladera-beko-no-frost-252l-blanco-990277557/,1444443.0,1219999.0,1,True
FRA-freezers-inverter-gafa-fghi202b-m-200-lt,Fravega,GAFA,Heladeras,Freezers Inverter Gafa FGHI202B-M 200 Lts,https://www.fravega.com/p/freezers-inverter-gafa-fghi202b-m-200-lts-161264/,617499.0,569999.0,1,True
FRA-heladera-ciclica-bambi-2f2100ba-banco-bl,Fravega,OTRAS,Heladeras,Heladera Cíclica Bambi 2F2100BA Banco Blanca 239 Litros,https://www.fravega.com/p/heladera-ciclica-bambi-2f2100ba-banco-blanca-239-litros-161292/,699999.0,549999.0,1,True
FRA-heladera-drean-hdr280f50b-ciclica-277-l-,Fravega,DREAN,Heladeras,Heladera Drean HDR280F50B Cíclica 277 L Blanca,https://www.fravega.com/p/heladera-drean-hdr280f50b-ciclica-277-l-blanca-161046/,749999.0,719999.0,1,True
FRA-heladera-samsung-inverter-no-frost-299l-,Fravega,SAMSUNG,Heladeras,Heladera Samsung Inverter No Frost 299L RT29K507JS8,https://www.fravega.com/p/heladera-samsung-inverter-no-frost-299l-rt29k507js8-160955/,1099999.0,909090.08,1,True
FRA-heladera-no-frost-midea-mdrt489mte46adw-,Fravega,MIDEA,Heladeras,Heladera No Frost Midea MDRT489MTE46ADW 340 Litros,https://www.fravega.com/p/heladera-no-frost-midea-mdrt489mte46adw-340-litros-161122/,1019999.0,949999.0,1,True
FRA-heladera-electrolux-no-frost-inverter-mu,Fravega,OTRAS,Heladeras,Heladera Electrolux No Frost Inverter Multidoor IM7S 480Lts Gris,https://www.fravega.com/p/heladera-electrolux-no-frost-inverter-multidoor-im7s-480lts-gris-161283/,1799999.0,1699999.0,1,True
FRA-freezer-vertical-siam-fsi-cv180b-166-lts,Fravega,OTRAS,Heladeras,Freezer Vertical Siam FSI-CV180B 166 Lts,https://www.fravega.com/p/freezer-vertical-siam-fsi-cv180b-166-lts-160944/,699999.0,649999.0,1,True
FRA-heladera-gafa-257l-top-freezer-puerta-re,Fravega,GAFA,Heladeras,Heladera Gafa 257L Top Freezer Puerta Reversible Blanca HGF252B,https://www.fravega.com/p/heladera-gafa-257l-top-freezer-puerta-reversible-blanca-hgf252b-161316/,714299.0,699999.0,1,True
FRA-heladera-drean-ciclica-hdr320f50e-314lts,Fravega,DREAN,Heladeras,Heladera Drean Cíclica HDR320F50E 314Lts Gris,https://www.fravega.com/p/heladera-drean-ciclica-hdr320f50e-314lts-gris-161270/,869999.0,719007.44,1,True
FRA-heladera-gafa-319l-top-freezer-plata-con,Fravega,GAFA,Heladeras,Heladera Gafa 319L Top freezer Plata con WD HGW311P,https://www.fravega.com/p/heladera-gafa-319l-top-freezer-plata-con-wd-hgw311p-990268013/,987777.0,826769.0,1,True
FRA-heladera-electrolux-inverter-no-frost-if,Fravega,OTRAS,Heladeras,Heladera Electrolux Inverter No Frost IF43S 390L​ts,https://www.fravega.com/p/heladera-electrolux-inverter-no-frost-if43s-390lts-160984/,1439999.0,1099999.0,1,True
FRA-heladera-whirlpool-no-frost-340-lts-wrm4,Fravega,WHIRLPOOL,Heladeras,Heladera Whirlpool No Frost 340 Lts WRM40MK,https://www.fravega.com/p/heladera-whirlpool-no-frost-340-lts-wrm40mk-161336/,959999.0,899999.0,1,True
FRA-heladera-gafa-no-frost-354l-inverter-pla,Fravega,GAFA,Heladeras,Heladera Gafa No Frost 354L Inverter Plata HGNW333P,https://www.fravega.com/p/heladera-gafa-no-frost-354l-inverter-plata-hgnw333p-990224072/,1210110.0,973073.0,1,True
FRA-heladera-samsung-rt38cg6720s9b3-no-frost,Fravega,SAMSUNG,Heladeras,Heladera Samsung RT38CG6720S9B3 No Frost Inverter 384 L,https://www.fravega.com/p/heladera-samsung-rt38cg6720s9b3-no-frost-inverter-384-l--161202/,1464999.0,1318499.0,1,True
FRA-heladera-drean-no-frost-rda250fvrt-250lt,Fravega,DREAN,Heladeras,Heladera Drean No Frost RDA250FVRT 250Lts Grafito,https://www.fravega.com/p/heladera-drean-no-frost-rda250fvrt-250lts-grafito-161387/,789999.0,652891.74,1,True
FRA-freezer-philco-phch410bm-410-litros-1605,Fravega,PHILCO,Heladeras,Freezer Philco PHCH410BM 410 Litros,https://www.fravega.com/p/freezer-philco-phch410bm-410-litros-160587/,1199999.0,849999.0,1,True
FRA-heladera-185lts-con-dispenser-plateada-p,Fravega,PHILCO,Heladeras,Heladera 185Lts con Dispenser Plateada Philco PHSD179PD2,https://www.fravega.com/p/heladera-185lts-con-dispenser-plateada-philco-phsd179pd2-990175374/,677599.0,422999.0,1,True
FRA-freezer-vertical-whirlpool-evox-231-lts-,Fravega,WHIRLPOOL,Heladeras,Freezer Vertical Whirlpool Evox 231 Lts,https://www.fravega.com/p/freezer-vertical-whirlpool-evox-231-lts-161382/,1579999.0,1199999.0,1,True
FRA-heladera-ciclica-midea-mdrt414fge50a-295,Fravega,MIDEA,Heladeras,Heladera Cíclica Midea MDRT414FGE50A 295 L,https://www.fravega.com/p/heladera-ciclica-midea-mdrt414fge50a-295-l-161262/,853999.0,769999.0,1,True
FRA-freezers-inverter-gafa-fghi302b-l-316-lt,Fravega,GAFA,Heladeras,Freezers Inverter Gafa FGHI302B-L 316 Lts,https://www.fravega.com/p/freezers-inverter-gafa-fghi302b-l-316-lts-161414/,830499.0,749999.0,1,True
FRA-heladera-one-door-161lts-con-dispenser-b,Fravega,PHILCO,Heladeras,Heladera One Door 161Lts con Dispenser  Blanca Philco PHSD179BD2,https://www.fravega.com/p/heladera-one-door-161lts-con-dispenser-blanca-philco-phsd179bd2-990182015/,626999.0,494999.0,1,True
FRA-heladera-gafa-hgnw340p-no-frost-inverter,Fravega,GAFA,Heladeras,Heladera Gafa HGNW340P No Frost Inverter 348L Dispenser Plateada,https://www.fravega.com/p/heladera-gafa-hgnw340p-no-frost-inverter-348l-dispenser-plateada--161306/,1089099.0,999999.0,1,True
FRA-heladera-kanji-kjh-hd260-w-ciclica-260-l,Fravega,OTRAS,Heladeras,Heladera Kanji KJH-HD260-W Cíclica 260 Lts Blanco,https://www.fravega.com/p/heladera-kanji-kjh-hd260-w-ciclica-260-lts-blanco-161476/,699999.0,549999.0,1,True
FRA-freezer-horizontal-inverter-philco-phch0,Fravega,PHILCO,Heladeras,Freezer Horizontal Inverter Philco PHCH099BI 99 Litros,https://www.fravega.com/p/freezer-horizontal-inverter-philco-phch099bi-99-litros-161312/,679999.0,469999.0,1,True
FRA-heladera-con-freezer-ciclica-314-l-gris-,Fravega,DREAN,Heladeras,Heladera con freezer Cíclica 314 L Gris Drean HDR320F50E,https://www.fravega.com/p/heladera-con-freezer-ciclica-314-l-gris-drean-hdr320f50e-990248018/,1076899.0,819999.0,1,True
FRA-heladera-hisense-rt1n240ned1-top-mount-d,Fravega,HISENSE,Heladeras,Heladera Hisense RT1N240NED1 Top Mount Defrost 240 Lts Silver,https://www.fravega.com/p/heladera-hisense-rt1n240ned1-top-mount-defrost-240-lts-silver-161376/,745999.0,649999.0,1,True
FRA-freezer-philco-phch249bi-horizontal-inve,Fravega,PHILCO,Heladeras,Freezer Philco PHCH249BI Horizontal Inverter 249 L,https://www.fravega.com/p/freezer-philco-phch249bi-horizontal-inverter-249-l-161294/,879999.0,629999.0,1,True
FRA-freezer-exhibidora-vertical-teora-tev375,Fravega,OTRAS,Heladeras,Freezer exhibidora vertical Teora TEV375BTE,https://www.fravega.com/p/freezer-exhibidora-vertical-teora-tev375bte-21196387/,2890000.0,2200000.0,1,True
FRA-heladera-electrolux-inverter-top-freezer,Fravega,OTRAS,Heladeras,Heladera Electrolux Inverter Top Freezer No Frost AutoSense IW46S 424Lts Plata,https://www.fravega.com/p/heladera-electrolux-inverter-top-freezer-no-frost-autosense-iw46s-424lts-plata-160930/,1679999.0,1299999.0,1,True
FRA-heladera-hisense-con-dispenser-379l-top-,Fravega,HISENSE,Heladeras,Heladera Hisense Con Dispenser 379L Top Mount Inverter No Frost Inox RT3N375NMC,https://www.fravega.com/p/heladera-hisense-con-dispenser-379l-top-mount-inverter-no-frost-inox-rt3n375nmc-990223139/,1536699.0,1082999.01,1,True
FRA-heladera-bajo-mesada-philco-phbm091b-93l,Fravega,PHILCO,Heladeras,Heladera Bajo Mesada Philco PHBM091B 93Lt,https://www.fravega.com/p/heladera-bajo-mesada-philco-phbm091b-93lt-160541/,469999.0,349999.0,1,True
FRA-heladera-no-frost-hisense-346l-inverter-,Fravega,HISENSE,Heladeras,Heladera No Frost Hisense 346L Inverter Dispenser Inox RT3N320NMC,https://www.fravega.com/p/heladera-no-frost-hisense-346l-inverter-dispenser-inox-rt3n320nmc-990223656/,1335399.0,999998.99,1,True
FRA-heladera-electrolux-inverter-no-frost-in,Fravega,OTRAS,Heladeras,Heladera Electrolux Inverter No Frost Inverter Bottom Freezer IB6S 429Lts,https://www.fravega.com/p/heladera-electrolux-inverter-no-frost-inverter-bottom-freezer-ib6s-429lts-161282/,1419699.0,1399999.0,1,True
FRA-heladera-drean-no-frost-rzn262fxarx0-262,Fravega,DREAN,Heladeras,Heladera Drean No Frost RZN262FXARX0 262 Lts,https://www.fravega.com/p/heladera-drean-no-frost-rzn262fxarx0-262-lts-161477/,839999.0,694214.05,1,True
FRA-heladera-exhibidora-vertical-briket-3030,Fravega,OTRAS,Heladeras,Heladera Exhibidora Vertical Briket 3030 293 Lts,https://www.fravega.com/p/heladera-exhibidora-vertical-briket-3030-293-lts-161106/,1199999.0,899999.0,1,True
FRA-heladera-drean-no-frost-side-by-side-dtp,Fravega,DREAN,Heladeras,Heladera Drean No Frost Side by Side DTP469LKRSS0 - 522 litros,https://www.fravega.com/p/heladera-drean-no-frost-side-by-side-dtp469lkrss0-522-litros-161585/,2149999.0,1776858.68,1,True
FRA-exhibidora-inelro-mt17ng-r290-460lts-160,Fravega,OTRAS,Heladeras,Exhibidora Inelro MT17NG R290 460Lts,https://www.fravega.com/p/exhibidora-inelro-mt17ng-r290-460lts-160938/,2256999.0,1299999.0,1,True
FRA-freezer-vertical-65lts-philco-phcv065b-1,Fravega,PHILCO,Heladeras,Freezer Vertical 65Lts Philco PHCV065B,https://www.fravega.com/p/freezer-vertical-65lts-philco-phcv065b-160817/,399999.0,369999.0,1,True
FRA-freezer-inelro-inverter-fih-550a-470lts-,Fravega,OTRAS,Heladeras,Freezer Inelro Inverter FIH 550A++ 470Lts,https://www.fravega.com/p/freezer-inelro-inverter-fih-550a-470lts-161109/,1399999.0,1099999.0,1,True
FRA-heladera-ciclica-midea-mdrt33-240-litros,Fravega,MIDEA,Heladeras,Heladera Cíclica Midea MDRT33 240 Litros,https://www.fravega.com/p/heladera-ciclica-midea-mdrt33-240-litros-161314/,778999.0,719999.0,1,True
FRA-heladera-whirlpool-inverter-no-frost-bot,Fravega,WHIRLPOOL,Heladeras,Heladera Whirlpool Inverter No Frost Bottom Freezer Inox  397 Litros WRE45MK,https://www.fravega.com/p/heladera-whirlpool-inverter-no-frost-bottom-freezer-inox-397-litros-wre45mk-161487/,1649999.0,1363635.54,1,True
FRA-freezer-horizontal-gafa-100l-gris-invert,Fravega,GAFA,Heladeras,Freezer Horizontal Gafa 100L Gris Inverter con Función Turbo FGHI102P-S,https://www.fravega.com/p/freezer-horizontal-gafa-100l-gris-inverter-con-funcion-turbo-fghi102p-s-990292265/,561888.0,445015.0,1,True
FRA-heladera-ciclica-gafa-319-lts-puerta-rev,Fravega,GAFA,Heladeras,Heladera Cíclica Gafa 319 Lts Puerta Reversible HGF311P,https://www.fravega.com/p/heladera-ciclica-gafa-319-lts-puerta-reversible-hgf311p-161333/,830399.0,799999.0,1,True
FRA-heladera-electrolux-inverter-no-frost-if,Fravega,OTRAS,Heladeras,Heladera Electrolux Inverter No Frost IF43S 390L​ts,https://www.fravega.com/p/heladera-electrolux-inverter-no-frost-if43s-390lts-160984/,1439999.0,1099999.0,1,True
FRA-heladera-whirlpool-no-frost-340-lts-wrm4,Fravega,WHIRLPOOL,Heladeras,Heladera Whirlpool No Frost 340 Lts WRM40MK,https://www.fravega.com/p/heladera-whirlpool-no-frost-340-lts-wrm40mk-161336/,959999.0,899999.0,1,True
FRA-heladera-gafa-no-frost-354l-inverter-pla,Fravega,GAFA,Heladeras,Heladera Gafa No Frost 354L Inverter Plata HGNW333P,https://www.fravega.com/p/heladera-gafa-no-frost-354l-inverter-plata-hgnw333p-990224072/,1210110.0,973073.0,1,True
FRA-heladera-samsung-rt38cg6720s9b3-no-frost,Fravega,SAMSUNG,Heladeras,Heladera Samsung RT38CG6720S9B3 No Frost Inverter 384 L,https://www.fravega.com/p/heladera-samsung-rt38cg6720s9b3-no-frost-inverter-384-l--161202/,1464999.0,1318499.0,1,True
FRA-heladera-drean-no-frost-rda250fvrt-250lt,Fravega,DREAN,Heladeras,Heladera Drean No Frost RDA250FVRT 250Lts Grafito,https://www.fravega.com/p/heladera-drean-no-frost-rda250fvrt-250lts-grafito-161387/,789999.0,652891.74,1,True
FRA-freezer-philco-phch410bm-410-litros-1605,Fravega,PHILCO,Heladeras,Freezer Philco PHCH410BM 410 Litros,https://www.fravega.com/p/freezer-philco-phch410bm-410-litros-160587/,1199999.0,849999.0,1,True
FRA-heladera-185lts-con-dispenser-plateada-p,Fravega,PHILCO,Heladeras,Heladera 185Lts con Dispenser Plateada Philco PHSD179PD2,https://www.fravega.com/p/heladera-185lts-con-dispenser-plateada-philco-phsd179pd2-990175374/,677599.0,422999.0,1,True
FRA-freezer-vertical-whirlpool-evox-231-lts-,Fravega,WHIRLPOOL,Heladeras,Freezer Vertical Whirlpool Evox 231 Lts,https://www.fravega.com/p/freezer-vertical-whirlpool-evox-231-lts-161382/,1579999.0,1199999.0,1,True
FRA-heladera-ciclica-midea-mdrt414fge50a-295,Fravega,MIDEA,Heladeras,Heladera Cíclica Midea MDRT414FGE50A 295 L,https://www.fravega.com/p/heladera-ciclica-midea-mdrt414fge50a-295-l-161262/,853999.0,769999.0,1,True
FRA-freezers-inverter-gafa-fghi302b-l-316-lt,Fravega,GAFA,Heladeras,Freezers Inverter Gafa FGHI302B-L 316 Lts,https://www.fravega.com/p/freezers-inverter-gafa-fghi302b-l-316-lts-161414/,830499.0,749999.0,1,True
FRA-heladera-one-door-161lts-con-dispenser-b,Fravega,PHILCO,Heladeras,Heladera One Door 161Lts con Dispenser  Blanca Philco PHSD179BD2,https://www.fravega.com/p/heladera-one-door-161lts-con-dispenser-blanca-philco-phsd179bd2-990182015/,626999.0,494999.0,1,True
FRA-heladera-gafa-hgnw340p-no-frost-inverter,Fravega,GAFA,Heladeras,Heladera Gafa HGNW340P No Frost Inverter 348L Dispenser Plateada,https://www.fravega.com/p/heladera-gafa-hgnw340p-no-frost-inverter-348l-dispenser-plateada--161306/,1089099.0,999999.0,1,True
FRA-heladera-kanji-kjh-hd260-w-ciclica-260-l,Fravega,OTRAS,Heladeras,Heladera Kanji KJH-HD260-W Cíclica 260 Lts Blanco,https://www.fravega.com/p/heladera-kanji-kjh-hd260-w-ciclica-260-lts-blanco-161476/,699999.0,549999.0,1,True
FRA-freezer-horizontal-inverter-philco-phch0,Fravega,PHILCO,Heladeras,Freezer Horizontal Inverter Philco PHCH099BI 99 Litros,https://www.fravega.com/p/freezer-horizontal-inverter-philco-phch099bi-99-litros-161312/,679999.0,469999.0,1,True
FRA-heladera-con-freezer-ciclica-314-l-gris-,Fravega,DREAN,Heladeras,Heladera con freezer Cíclica 314 L Gris Drean HDR320F50E,https://www.fravega.com/p/heladera-con-freezer-ciclica-314-l-gris-drean-hdr320f50e-990248018/,1076899.0,819999.0,1,True
FRA-heladera-hisense-rt1n240ned1-top-mount-d,Fravega,HISENSE,Heladeras,Heladera Hisense RT1N240NED1 Top Mount Defrost 240 Lts Silver,https://www.fravega.com/p/heladera-hisense-rt1n240ned1-top-mount-defrost-240-lts-silver-161376/,745999.0,649999.0,1,True
FRA-freezer-philco-phch249bi-horizontal-inve,Fravega,PHILCO,Heladeras,Freezer Philco PHCH249BI Horizontal Inverter 249 L,https://www.fravega.com/p/freezer-philco-phch249bi-horizontal-inverter-249-l-161294/,879999.0,629999.0,1,True
FRA-freezer-exhibidora-vertical-teora-tev375,Fravega,OTRAS,Heladeras,Freezer exhibidora vertical Teora TEV375BTE,https://www.fravega.com/p/freezer-exhibidora-vertical-teora-tev375bte-21196387/,2890000.0,2200000.0,1,True
FRA-heladera-electrolux-inverter-top-freezer,Fravega,OTRAS,Heladeras,Heladera Electrolux Inverter Top Freezer No Frost AutoSense IW46S 424Lts Plata,https://www.fravega.com/p/heladera-electrolux-inverter-top-freezer-no-frost-autosense-iw46s-424lts-plata-160930/,1679999.0,1299999.0,1,True
FRA-heladera-hisense-con-dispenser-379l-top-,Fravega,HISENSE,Heladeras,Heladera Hisense Con Dispenser 379L Top Mount Inverter No Frost Inox RT3N375NMC,https://www.fravega.com/p/heladera-hisense-con-dispenser-379l-top-mount-inverter-no-frost-inox-rt3n375nmc-990223139/,1536699.0,1082999.01,1,True
FRA-heladera-no-frost-inverter-side-by-side-,Fravega,DREAN,Heladeras,Heladera No Frost Inverter Side by Side Drean DSP480LKRSS0 503 Litros,https://www.fravega.com/p/heladera-no-frost-inverter-side-by-side-drean-dsp480lkrss0-503-litros-161244/,1899999.0,1799999.0,1,True
FRA-freezer-gafa-inverter-fghi300b-l-280l-bl,Fravega,GAFA,Heladeras,Freezer Gafa Inverter FGHI300B-L 280L Blanco,https://www.fravega.com/p/freezer-gafa-inverter-fghi300b-l-280l-blanco-160950/,845999.0,789999.0,1,True
FRA-heladera-whirlpool-inverter-no-frost-wrm,Fravega,WHIRLPOOL,Heladeras,Heladera Whirlpool Inverter No Frost WRM42HK Top Mount Inox 386 lts,https://www.fravega.com/p/heladera-whirlpool-inverter-no-frost-wrm42hk-top-mount-inox-386-lts-161134/,1549999.0,1159999.0,1,True
FRA-heladera-drean-ciclica-con-dispenser-hdr,Fravega,DREAN,Heladeras,Heladera Drean Cíclica con Dispenser HDR400F41E 396Lts Gris,https://www.fravega.com/p/heladera-drean-ciclica-con-dispenser-hdr400f41e-396lts-gris-161271/,1069999.0,884296.69,1,True
FRA-heladera-gafa-hgnf255b-no-frost-inverter,Fravega,GAFA,Heladeras,Heladera Gafa HGNF255B No Frost Inverter 259L Plateada,https://www.fravega.com/p/heladera-gafa-hgnf255b-no-frost-inverter-259l-plateada--161304/,899999.0,743800.83,1,True
FRA-heladera-exhibidora-vertical-teora-tev50,Fravega,OTRAS,Heladeras,Heladera Exhibidora Vertical Teora TEV500 450lts Blanca,https://www.fravega.com/p/heladera-exhibidora-vertical-teora-tev500-450lts-blanca-21194271/,1440900.0,1089000.0,1,True
FRA-heladera-samsung-inverter-rt47cg6722s9b3,Fravega,SAMSUNG,Heladeras,Heladera Samsung Inverter RT47CG6722S9B3 470 Lts,https://www.fravega.com/p/heladera-samsung-inverter-rt47cg6722s9b3-470-lts-161249/,1799999.0,1574999.0,1,True
FRA-heladera-philco-phsb555xt-gris-496-lts-1,Fravega,PHILCO,Heladeras,Heladera Philco PHSB555XT Gris 496 Lts,https://www.fravega.com/p/heladera-philco-phsb555xt-gris-496-lts-160828/,2299999.0,1699999.0,1,True
FRA-heladera-philco-one-door-164l-con-dispen,Fravega,PHILCO,Heladeras,Heladera Philco One Door 164L Con Dispenser PHSD170XD,https://www.fravega.com/p/heladera-philco-one-door-164l-con-dispenser-phsd170xd-990235511/,1148399.0,487099.0,1,True
FRA-heladera-samsung-inverter-rb31fsrndsa-no,Fravega,SAMSUNG,Heladeras,Heladera Samsung Inverter RB31FSRNDSA No Frost Bottom 328 L,https://www.fravega.com/p/heladera-samsung-inverter-rb31fsrndsa-no-frost-bottom-328-l-160856/,1869999.0,1545453.72,1,True
FRA-cava-de-vinos-vondom-para-12-botellas-es,Fravega,OTRAS,Heladeras,Cava de Vinos Vondom para 12 Botellas Estantes de Madera,https://www.fravega.com/p/cava-de-vinos-vondom-para-12-botellas-estantes-de-madera-161130/,279999.0,249999.0,1,True
FRA-heladera-samsung-no-frost-inverter-rt29k,Fravega,SAMSUNG,Heladeras,Heladera Samsung No Frost Inverter RT29K577JS8 308Lts,https://www.fravega.com/p/heladera-samsung-no-frost-inverter-rt29k577js8-308lts-160752/,1164999.0,962809.09,1,True
FRA-heladera-electrolux-inverter-no-frost-if,Fravega,OTRAS,Heladeras,Heladera Electrolux Inverter No Frost IF43S 390L​ts,https://www.fravega.com/p/heladera-electrolux-inverter-no-frost-if43s-390lts-160984/,1439999.0,1099999.0,1,True
FRA-heladera-whirlpool-no-frost-340-lts-wrm4,Fravega,WHIRLPOOL,Heladeras,Heladera Whirlpool No Frost 340 Lts WRM40MK,https://www.fravega.com/p/heladera-whirlpool-no-frost-340-lts-wrm40mk-161336/,959999.0,899999.0,1,True
FRA-heladera-gafa-no-frost-354l-inverter-pla,Fravega,GAFA,Heladeras,Heladera Gafa No Frost 354L Inverter Plata HGNW333P,https://www.fravega.com/p/heladera-gafa-no-frost-354l-inverter-plata-hgnw333p-990224072/,1210110.0,973073.0,1,True
FRA-heladera-samsung-rt38cg6720s9b3-no-frost,Fravega,SAMSUNG,Heladeras,Heladera Samsung RT38CG6720S9B3 No Frost Inverter 384 L,https://www.fravega.com/p/heladera-samsung-rt38cg6720s9b3-no-frost-inverter-384-l--161202/,1464999.0,1318499.0,1,True
FRA-heladera-drean-no-frost-rda250fvrt-250lt,Fravega,DREAN,Heladeras,Heladera Drean No Frost RDA250FVRT 250Lts Grafito,https://www.fravega.com/p/heladera-drean-no-frost-rda250fvrt-250lts-grafito-161387/,789999.0,652891.74,1,True
FRA-freezer-philco-phch410bm-410-litros-1605,Fravega,PHILCO,Heladeras,Freezer Philco PHCH410BM 410 Litros,https://www.fravega.com/p/freezer-philco-phch410bm-410-litros-160587/,1199999.0,849999.0,1,True
FRA-heladera-185lts-con-dispenser-plateada-p,Fravega,PHILCO,Heladeras,Heladera 185Lts con Dispenser Plateada Philco PHSD179PD2,https://www.fravega.com/p/heladera-185lts-con-dispenser-plateada-philco-phsd179pd2-990175374/,677599.0,422999.0,1,True
FRA-freezer-vertical-whirlpool-evox-231-lts-,Fravega,WHIRLPOOL,Heladeras,Freezer Vertical Whirlpool Evox 231 Lts,https://www.fravega.com/p/freezer-vertical-whirlpool-evox-231-lts-161382/,1579999.0,1199999.0,1,True
FRA-heladera-ciclica-midea-mdrt414fge50a-295,Fravega,MIDEA,Heladeras,Heladera Cíclica Midea MDRT414FGE50A 295 L,https://www.fravega.com/p/heladera-ciclica-midea-mdrt414fge50a-295-l-161262/,853999.0,769999.0,1,True
FRA-freezers-inverter-gafa-fghi302b-l-316-lt,Fravega,GAFA,Heladeras,Freezers Inverter Gafa FGHI302B-L 316 Lts,https://www.fravega.com/p/freezers-inverter-gafa-fghi302b-l-316-lts-161414/,830499.0,749999.0,1,True
FRA-heladera-one-door-161lts-con-dispenser-b,Fravega,PHILCO,Heladeras,Heladera One Door 161Lts con Dispenser  Blanca Philco PHSD179BD2,https://www.fravega.com/p/heladera-one-door-161lts-con-dispenser-blanca-philco-phsd179bd2-990182015/,626999.0,494999.0,1,True
FRA-heladera-gafa-hgnw340p-no-frost-inverter,Fravega,GAFA,Heladeras,Heladera Gafa HGNW340P No Frost Inverter 348L Dispenser Plateada,https://www.fravega.com/p/heladera-gafa-hgnw340p-no-frost-inverter-348l-dispenser-plateada--161306/,1089099.0,999999.0,1,True
FRA-heladera-kanji-kjh-hd260-w-ciclica-260-l,Fravega,OTRAS,Heladeras,Heladera Kanji KJH-HD260-W Cíclica 260 Lts Blanco,https://www.fravega.com/p/heladera-kanji-kjh-hd260-w-ciclica-260-lts-blanco-161476/,699999.0,549999.0,1,True
FRA-freezer-horizontal-inverter-philco-phch0,Fravega,PHILCO,Heladeras,Freezer Horizontal Inverter Philco PHCH099BI 99 Litros,https://www.fravega.com/p/freezer-horizontal-inverter-philco-phch099bi-99-litros-161312/,679999.0,469999.0,1,True
FRA-heladera-con-freezer-ciclica-314-l-gris-,Fravega,DREAN,Heladeras,Heladera con freezer Cíclica 314 L Gris Drean HDR320F50E,https://www.fravega.com/p/heladera-con-freezer-ciclica-314-l-gris-drean-hdr320f50e-990248018/,1076899.0,819999.0,1,True
FRA-heladera-hisense-rt1n240ned1-top-mount-d,Fravega,HISENSE,Heladeras,Heladera Hisense RT1N240NED1 Top Mount Defrost 240 Lts Silver,https://www.fravega.com/p/heladera-hisense-rt1n240ned1-top-mount-defrost-240-lts-silver-161376/,745999.0,649999.0,1,True
FRA-freezer-philco-phch249bi-horizontal-inve,Fravega,PHILCO,Heladeras,Freezer Philco PHCH249BI Horizontal Inverter 249 L,https://www.fravega.com/p/freezer-philco-phch249bi-horizontal-inverter-249-l-161294/,879999.0,629999.0,1,True
FRA-freezer-exhibidora-vertical-teora-tev375,Fravega,OTRAS,Heladeras,Freezer exhibidora vertical Teora TEV375BTE,https://www.fravega.com/p/freezer-exhibidora-vertical-teora-tev375bte-21196387/,2890000.0,2200000.0,1,True
FRA-heladera-electrolux-inverter-top-freezer,Fravega,OTRAS,Heladeras,Heladera Electrolux Inverter Top Freezer No Frost AutoSense IW46S 424Lts Plata,https://www.fravega.com/p/heladera-electrolux-inverter-top-freezer-no-frost-autosense-iw46s-424lts-plata-160930/,1679999.0,1299999.0,1,True
FRA-heladera-hisense-con-dispenser-379l-top-,Fravega,HISENSE,Heladeras,Heladera Hisense Con Dispenser 379L Top Mount Inverter No Frost Inox RT3N375NMC,https://www.fravega.com/p/heladera-hisense-con-dispenser-379l-top-mount-inverter-no-frost-inox-rt3n375nmc-990223139/,1536699.0,1082999.01,1,True
FRA-freezer-inverter-horizontal-midea-mdrc41,Fravega,MIDEA,Heladeras,Freezer Inverter Horizontal Midea MDRC411FZE01 285 Litros,https://www.fravega.com/p/freezer-inverter-horizontal-midea-mdrc411fze01-285-litros-161391/,862999.0,749999.0,1,True
FRA-freezer-inelro-fih-350pi-plus-279-lts--1,Fravega,OTRAS,Heladeras,Freezer Inelro FIH 350PI Plus 279 lts.,https://www.fravega.com/p/freezer-inelro-fih-350pi-plus-279-lts--160933/,1299999.0,899999.0,1,True
FRA-freezer-eslabon-de-lujo-evu20mb-vertical,Fravega,OTRAS,Heladeras,Freezer Eslabón de Lujo EVU20MB Vertical 142 Lts,https://www.fravega.com/p/freezer-eslabon-de-lujo-evu20mb-vertical-142-lts-161232/,879999.0,749999.0,1,True
FRA-heladera-whirlpool-no-frost-454-lts-wrm5,Fravega,WHIRLPOOL,Heladeras,Heladera Whirlpool No Frost 454 Lts WRM53MK,https://www.fravega.com/p/heladera-whirlpool-no-frost-454-lts-wrm53mk-161458/,1399999.0,1157023.97,1,True
FRA-heladera-side-by-side-inverter-no-frost-,Fravega,GAFA,Heladeras,Heladera Side by Side Inverter No Frost Gafa 451 Lts HGSBS457X,https://www.fravega.com/p/heladera-side-by-side-inverter-no-frost-gafa-451-lts-hgsbs457x-161424/,1499999.0,1239668.6,1,True
FRA-heladera-midea-mdrb424fge46a-w-inverter-,Fravega,MIDEA,Heladeras,Heladera Midea MDRB424FGE46A-W Inverter Combi No Frost 300 Lts Inoxidable,https://www.fravega.com/p/heladera-midea-mdrb424fge46a-w-inverter-combi-no-frost-300-lts-inoxidable-161180/,1299999.0,1199999.0,1,True
FRA-heladera-samsung-no-frost-inverter-rt32k,Fravega,SAMSUNG,Heladeras,Heladera Samsung No Frost Inverter RT32K5070S8 320Lts,https://www.fravega.com/p/heladera-samsung-no-frost-inverter-rt32k5070s8-320lts-160564/,1289999.0,1066114.88,1,True
FRA-heladera-whirlpool-wrm42mb-inverter-no-f,Fravega,WHIRLPOOL,Heladeras,Heladera Whirlpool WRM42MB Inverter No Frost Top Freezer - 407 / 386 Litros,https://www.fravega.com/p/heladera-whirlpool-wrm42mb-inverter-no-frost-top-freezer-407-386-litros-161748/,1099999.0,909090.08,1,True
FRA-heladera-no-frost-side-by-side-electrolu,Fravega,OTRAS,Heladeras,Heladera No Frost Side by Side Electrolux ES40S 431 Lts,https://www.fravega.com/p/heladera-no-frost-side-by-side-electrolux-es40s-431-lts-161236/,1994999.0,1799999.0,1,True
FRA-freezer-congelador-vertical-siam-94fsi-c,Fravega,OTRAS,Heladeras,Freezer Congelador Vertical Siam 94FSI-CV065B 65 Litros,https://www.fravega.com/p/freezer-congelador-vertical-siam-94fsi-cv065b-65-litros-20055039/,544499.0,346799.0,1,True
FRA-freezer-vertical-kultek-307-lts-no-frost,Fravega,OTRAS,Heladeras,Freezer Vertical Kültek 307 Lts No Frost Silver KTFV280S,https://www.fravega.com/p/freezer-vertical-kultek-307-lts-no-frost-silver-ktfv280s--161243/,1699999.0,1499999.0,1,True
FRA-heladera-electrolux-inverter-top-freezer,Fravega,OTRAS,Heladeras,Heladera Electrolux Inverter Top Freezer No Frost AutoSense IW46S 424Lts Plata Reacondicionado,https://www.fravega.com/p/heladera-electrolux-inverter-top-freezer-no-frost-autosense-iw46s-424lts-plata-reacondicionado-470854/,939999.0,776858.68,1,True
FRA-heladera-midea-mdrf692fgf46ad-no-frost-i,Fravega,MIDEA,Heladeras,Heladera Midea MDRF692FGF46AD No Frost Inverter Smart French Door 458 Lts Inoxidable,https://www.fravega.com/p/heladera-midea-mdrf692fgf46ad-no-frost-inverter-smart-french-door-458-lts-inoxidable-161171/,2199999.0,1818180.99,1,True
FRA-heladera-electrolux-inverter-no-frost-if,Fravega,OTRAS,Heladeras,Heladera Electrolux Inverter No Frost IF43S 390L​ts,https://www.fravega.com/p/heladera-electrolux-inverter-no-frost-if43s-390lts-160984/,1439999.0,1099999.0,1,True
FRA-heladera-whirlpool-no-frost-340-lts-wrm4,Fravega,WHIRLPOOL,Heladeras,Heladera Whirlpool No Frost 340 Lts WRM40MK,https://www.fravega.com/p/heladera-whirlpool-no-frost-340-lts-wrm40mk-161336/,959999.0,899999.0,1,True
FRA-heladera-gafa-no-frost-354l-inverter-pla,Fravega,GAFA,Heladeras,Heladera Gafa No Frost 354L Inverter Plata HGNW333P,https://www.fravega.com/p/heladera-gafa-no-frost-354l-inverter-plata-hgnw333p-990224072/,1210110.0,973073.0,1,True
FRA-heladera-samsung-rt38cg6720s9b3-no-frost,Fravega,SAMSUNG,Heladeras,Heladera Samsung RT38CG6720S9B3 No Frost Inverter 384 L,https://www.fravega.com/p/heladera-samsung-rt38cg6720s9b3-no-frost-inverter-384-l--161202/,1464999.0,1318499.0,1,True
FRA-heladera-drean-no-frost-rda250fvrt-250lt,Fravega,DREAN,Heladeras,Heladera Drean No Frost RDA250FVRT 250Lts Grafito,https://www.fravega.com/p/heladera-drean-no-frost-rda250fvrt-250lts-grafito-161387/,789999.0,652891.74,1,True
FRA-freezer-philco-phch410bm-410-litros-1605,Fravega,PHILCO,Heladeras,Freezer Philco PHCH410BM 410 Litros,https://www.fravega.com/p/freezer-philco-phch410bm-410-litros-160587/,1199999.0,849999.0,1,True
FRA-heladera-185lts-con-dispenser-plateada-p,Fravega,PHILCO,Heladeras,Heladera 185Lts con Dispenser Plateada Philco PHSD179PD2,https://www.fravega.com/p/heladera-185lts-con-dispenser-plateada-philco-phsd179pd2-990175374/,677599.0,422999.0,1,True
FRA-freezer-vertical-whirlpool-evox-231-lts-,Fravega,WHIRLPOOL,Heladeras,Freezer Vertical Whirlpool Evox 231 Lts,https://www.fravega.com/p/freezer-vertical-whirlpool-evox-231-lts-161382/,1579999.0,1199999.0,1,True
FRA-heladera-ciclica-midea-mdrt414fge50a-295,Fravega,MIDEA,Heladeras,Heladera Cíclica Midea MDRT414FGE50A 295 L,https://www.fravega.com/p/heladera-ciclica-midea-mdrt414fge50a-295-l-161262/,853999.0,769999.0,1,True
FRA-freezers-inverter-gafa-fghi302b-l-316-lt,Fravega,GAFA,Heladeras,Freezers Inverter Gafa FGHI302B-L 316 Lts,https://www.fravega.com/p/freezers-inverter-gafa-fghi302b-l-316-lts-161414/,830499.0,749999.0,1,True
FRA-heladera-one-door-161lts-con-dispenser-b,Fravega,PHILCO,Heladeras,Heladera One Door 161Lts con Dispenser  Blanca Philco PHSD179BD2,https://www.fravega.com/p/heladera-one-door-161lts-con-dispenser-blanca-philco-phsd179bd2-990182015/,626999.0,494999.0,1,True
FRA-heladera-gafa-hgnw340p-no-frost-inverter,Fravega,GAFA,Heladeras,Heladera Gafa HGNW340P No Frost Inverter 348L Dispenser Plateada,https://www.fravega.com/p/heladera-gafa-hgnw340p-no-frost-inverter-348l-dispenser-plateada--161306/,1089099.0,999999.0,1,True
FRA-heladera-kanji-kjh-hd260-w-ciclica-260-l,Fravega,OTRAS,Heladeras,Heladera Kanji KJH-HD260-W Cíclica 260 Lts Blanco,https://www.fravega.com/p/heladera-kanji-kjh-hd260-w-ciclica-260-lts-blanco-161476/,699999.0,549999.0,1,True
FRA-freezer-horizontal-inverter-philco-phch0,Fravega,PHILCO,Heladeras,Freezer Horizontal Inverter Philco PHCH099BI 99 Litros,https://www.fravega.com/p/freezer-horizontal-inverter-philco-phch099bi-99-litros-161312/,679999.0,469999.0,1,True
FRA-heladera-con-freezer-ciclica-314-l-gris-,Fravega,DREAN,Heladeras,Heladera con freezer Cíclica 314 L Gris Drean HDR320F50E,https://www.fravega.com/p/heladera-con-freezer-ciclica-314-l-gris-drean-hdr320f50e-990248018/,1076899.0,819999.0,1,True
FRA-heladera-hisense-rt1n240ned1-top-mount-d,Fravega,HISENSE,Heladeras,Heladera Hisense RT1N240NED1 Top Mount Defrost 240 Lts Silver,https://www.fravega.com/p/heladera-hisense-rt1n240ned1-top-mount-defrost-240-lts-silver-161376/,745999.0,649999.0,1,True
FRA-freezer-philco-phch249bi-horizontal-inve,Fravega,PHILCO,Heladeras,Freezer Philco PHCH249BI Horizontal Inverter 249 L,https://www.fravega.com/p/freezer-philco-phch249bi-horizontal-inverter-249-l-161294/,879999.0,629999.0,1,True
FRA-freezer-exhibidora-vertical-teora-tev375,Fravega,OTRAS,Heladeras,Freezer exhibidora vertical Teora TEV375BTE,https://www.fravega.com/p/freezer-exhibidora-vertical-teora-tev375bte-21196387/,2890000.0,2200000.0,1,True
FRA-heladera-electrolux-inverter-top-freezer,Fravega,OTRAS,Heladeras,Heladera Electrolux Inverter Top Freezer No Frost AutoSense IW46S 424Lts Plata,https://www.fravega.com/p/heladera-electrolux-inverter-top-freezer-no-frost-autosense-iw46s-424lts-plata-160930/,1679999.0,1299999.0,1,True
FRA-heladera-hisense-con-dispenser-379l-top-,Fravega,HISENSE,Heladeras,Heladera Hisense Con Dispenser 379L Top Mount Inverter No Frost Inox RT3N375NMC,https://www.fravega.com/p/heladera-hisense-con-dispenser-379l-top-mount-inverter-no-frost-inox-rt3n375nmc-990223139/,1536699.0,1082999.01,1,True
FRA-heladera-midea-470l-inverter-no-frost-md,Fravega,MIDEA,Heladeras,Heladera Midea 470L Inverter No Frost MDRT645MTE46ADW Inoxidable,https://www.fravega.com/p/heladera-midea-470l-inverter-no-frost-mdrt645mte46adw-inoxidable-161054/,1822999.0,1299999.0,1,True
FRA-heladera-gafa-no-frost-262l-inverter-pla,Fravega,GAFA,Heladeras,Heladera Gafa No Frost 262L Inverter Plata HGNW251P,https://www.fravega.com/p/heladera-gafa-no-frost-262l-inverter-plata-hgnw251p-990224073/,1103666.0,923768.0,1,True
FRA-heladera-gafa-hgnf255b-no-frost-inverter,Fravega,GAFA,Heladeras,Heladera Gafa HGNF255B No Frost Inverter 259L Blanca,https://www.fravega.com/p/heladera-gafa-hgnf255b-no-frost-inverter-259l-blanca--161302/,849999.0,702478.51,1,True
FRA-heladera-philco-nphct225x-ciclica-199-lt,Fravega,PHILCO,Heladeras,Heladera Philco NPHCT225X Cíclica 199 Lts Inoxidable,https://www.fravega.com/p/heladera-philco-nphct225x-ciclica-199-lts-inoxidable-161351/,699999.0,599999.0,1,True
FRA-heladera-electrolux-no-frost-inverter-mu,Fravega,OTRAS,Heladeras,Heladera Electrolux No Frost Inverter Multidoor IM7S 480Lts Gris Reacondicionado,https://www.fravega.com/p/heladera-electrolux-no-frost-inverter-multidoor-im7s-480lts-gris-reacondicionado-470945/,1299999.0,1074379.34,1,True
FRA-cava-vondom-8-botellas-t8-negra-160448,Fravega,OTRAS,Heladeras,Cava Vondom 8 Botellas T8 Negra,https://www.fravega.com/p/cava-vondom-8-botellas-t8-negra-160448/,259999.0,239999.0,1,True
FRA-heladera-drean-ciclica-hdr400f41n-396lts,Fravega,DREAN,Heladeras,Heladera Drean Cíclica HDR400F41N 396Lts Black Steel,https://www.fravega.com/p/heladera-drean-ciclica-hdr400f41n-396lts-black-steel-990199696/,1398759.0,959999.0,1,True
FRA-cava-de-vinos-electrolux-para-12-botella,Fravega,OTRAS,Heladeras,Cava de Vinos Electrolux para 12 Botellas ERW125XAMB,https://www.fravega.com/p/cava-de-vinos-electrolux-para-12-botellas-erw125xamb-160223/,374199.0,259999.0,1,True
FRA-freezer-vertical-siam-151-lts-neto-negro,Fravega,OTRAS,Heladeras,Freezer Vertical Siam 151 Lts Neto Negro 6 Cajones FSI-CV181N,https://www.fravega.com/p/freezer-vertical-siam-151-lts-neto-negro-6-cajones-fsi-cv181n-990232847/,822799.0,669999.0,1,True
FRA-heladera-ciclica-gafa-257-lts-hgf252p-16,Fravega,GAFA,Heladeras,Heladera Cíclica GAFA 257 Lts HGF252P,https://www.fravega.com/p/heladera-ciclica-gafa-257-lts-hgf252p-161157/,779999.0,644627.27,1,True
FRA-heladera-whirlpool-wrm46mk-xpert-inverte,Fravega,WHIRLPOOL,Heladeras,Heladera Whirlpool WRM46MK Xpert Inverter No Frost Top Freezer 383 Litros,https://www.fravega.com/p/heladera-whirlpool-wrm46mk-xpert-inverter-no-frost-top-freezer-383-litros-161527/,1299999.0,1074379.34,1,True
FRA-heladera-samsung-inverter-no-frost-407-l,Fravega,SAMSUNG,Heladeras,Heladera Samsung Inverter No Frost 407 Lts RT42CG6720S9B3,https://www.fravega.com/p/heladera-samsung-inverter-no-frost-407-lts-rt42cg6720s9b3-161238/,1649999.0,1484999.0,1,True
FRA-heladera-electrolux-inverter-top-freezer,Fravega,OTRAS,Heladeras,Heladera Electrolux Inverter Top Freezer No Frost 508L Plata IT70S,https://www.fravega.com/p/heladera-electrolux-inverter-top-freezer-no-frost-508l-plata-it70s-161267/,2399999.0,1499999.0,1,True
FRA--freezer-midea-fc-mj6war1-160-lt-160516,Fravega,MIDEA,Heladeras,Freezer Midea FC-MJ6WAR1 160 Lt,https://www.fravega.com/p/-freezer-midea-fc-mj6war1-160-lt-160516/,809999.0,699999.0,1,True
FRA-lavasecarropas-philco-12kg-8kg-phls128-2,Fravega,PHILCO,Lavado,Lavasecarropas Philco 12Kg 8KG PHLS128-2TN,https://www.fravega.com/p/lavasecarropas-philco-12kg-8kg-phls128-2tn-170570/,1099999.0,995474.21,1,True
FRA-secarropas-drean-sed090vgcl0-9k-gris-280,Fravega,DREAN,Lavado,Secarropas Drean SED090VGCL0 9K Gris,https://www.fravega.com/p/secarropas-drean-sed090vgcl0-9k-gris-280081/,949999.0,849999.0,1,True
FRA-lavarropas-drean-concept-neo-fuzzy-6-5-k,Fravega,DREAN,Lavado,"Lavarropas Drean Concept Neo Fuzzy 6,5 Kg Blanco",https://www.fravega.com/p/lavarropas-drean-concept-neo-fuzzy-6-5-kg-blanco-170702/,619999.0,569999.0,1,True
FRA-lavarropas-carga-frontal-philco-inverter,Fravega,PHILCO,Lavado,Lavarropas Carga Frontal Philco Inverter 6 Kg Blanco PHLF67BN,https://www.fravega.com/p/lavarropas-carga-frontal-philco-inverter-6-kg-blanco-phlf67bn-990292663/,725999.0,547999.01,1,True
FRA-lavarropas-inverter-midea-8-kg-mf100w80b,Fravega,MIDEA,Lavado,Lavarropas Inverter Midea 8 Kg Mf100w80b/w-a1,https://www.fravega.com/p/lavarropas-inverter-midea-8-kg-mf100w80b-w-a1-990289039/,946999.0,617599.0,1,True
FRA-lavarropas-whirlpool-carga-frontal-7kg-i,Fravega,WHIRLPOOL,Lavado,Lavarropas Whirlpool Carga Frontal 7kg Inverter Titanium,https://www.fravega.com/p/lavarropas-whirlpool-carga-frontal-7kg-inverter-titanium-170822/,879999.0,727271.9,1,True
FRA-lavarropas-automatico-inverter-drean-10-,Fravega,DREAN,Lavado,Lavarropas Automático Inverter Drean 10 Kg 1200 RPM LCFDR1012SB0,https://www.fravega.com/p/lavarropas-automatico-inverter-drean-10-kg-1200-rpm-lcfdr1012sb0-170650/,1099999.0,919999.0,1,True
FRA-lavarropas-philco-11-kg-carga-frontal-in,Fravega,PHILCO,Lavado,Lavarropas Philco 11 Kg Carga Frontal Inverter Grey PHLF117GN,https://www.fravega.com/p/lavarropas-philco-11-kg-carga-frontal-inverter-grey-phlf117gn-990284913/,1099999.0,819999.0,1,True
FRA-lavarropas-midea-carga-frontal-6kg-1000r,Fravega,MIDEA,Lavado,Lavarropas Midea Carga Frontal 6kg 1000rpm MF100 Titanium,https://www.fravega.com/p/lavarropas-midea-carga-frontal-6kg-1000rpm-mf100-titanium-170550/,819999.0,599999.0,1,True
FRA-lavarropas-carga-superior-gafa-fuzzyfit-,Fravega,GAFA,Lavado,Lavarropas Carga Superior Gafa FuzzyFit 7kg Blanco,https://www.fravega.com/p/lavarropas-carga-superior-gafa-fuzzyfit-7kg-blanco-50029870/,707221.0,581989.0,1,True
FRA-lavavajillas-whirlpool-wlv14sy-14c-17012,Fravega,WHIRLPOOL,Lavado,Lavavajillas Whirlpool WLV14SY 14C,https://www.fravega.com/p/lavavajillas-whirlpool-wlv14sy-14c-170123/,1399999.0,1157023.97,1,True
FRA-secarropas-smartlife-calor-inverter-10kg,Fravega,HP,Lavado,Secarropas Smartlife Calor Inverter 10kg SL-DYHP10G Gris,https://www.fravega.com/p/secarropas-smartlife-calor-inverter-10kg-sl-dyhp10g-gris-280065/,1574999.0,1399999.0,1,True
FRA-lavavajillas-electrolux-ls14e-14-cubiert,Fravega,OTRAS,Lavado,Lavavajillas Electrolux LS14E 14 Cubiertos,https://www.fravega.com/p/lavavajillas-electrolux-ls14e-14-cubiertos-170792/,1099999.0,899999.0,1,True
FRA-lavarropas-philco-11-kg-carga-frontal-in,Fravega,PHILCO,Lavado,Lavarropas Philco 11 Kg Carga Frontal Inverter Blanco PHLF117BN,https://www.fravega.com/p/lavarropas-philco-11-kg-carga-frontal-inverter-blanco-phlf117bn-990284577/,1044999.0,809999.0,1,True
FRA-lavarropas-midea-carga-frontal-inverter-,Fravega,MIDEA,Lavado,Lavarropas Midea Carga Frontal Inverter Wi-Fi 8kg 1400rpm MF200 Blanco,https://www.fravega.com/p/lavarropas-midea-carga-frontal-inverter-wi-fi-8kg-1400rpm-mf200-blanco-170548/,894999.0,669999.0,1,True
FRA-lavavajillas-whirlpool-wsfo3t2x-sense-in,Fravega,WHIRLPOOL,Lavado,Lavavajillas Whirlpool WSFO3T2X Sense Inverter 10C Inox,https://www.fravega.com/p/lavavajillas-whirlpool-wsfo3t2x-sense-inverter-10c-inox-170194/,1279999.0,1057850.41,1,True
FRA-lavavajillas-14-cubiertos-blanco-philco-,Fravega,PHILCO,Lavado,Lavavajillas 14 Cubiertos Blanco Philco PHLJ14B,https://www.fravega.com/p/lavavajillas-14-cubiertos-blanco-philco-phlj14b-990249416/,978999.0,729999.0,1,True
FRA-lavarropas-automatico-carga-frontal-inve,Fravega,PHILCO,Lavado,Lavarropas Automático Carga Frontal Inverter Philco 6 Kg 1000 RPM PHLF61BN,https://www.fravega.com/p/lavarropas-automatico-carga-frontal-inverter-philco-6-kg-1000-rpm-phlf61bn-170802/,649999.0,569999.0,1,True
FRA-lavarropas-carga-superior-whirlpool-wwi0,Fravega,WHIRLPOOL,Lavado,"Lavarropas Carga Superior Whirlpool WWI06AW 6,5kg 720 RPM Blanco",https://www.fravega.com/p/lavarropas-carga-superior-whirlpool-wwi06aw-6-5kg-720-rpm-blanco-170724/,669999.0,553718.18,1,True
FRA-secarropas-smartlife-calor-8kg-sl-dyhp08,Fravega,HP,Lavado,Secarropas Smartlife Calor 8kg SL-DYHP08W Blanco,https://www.fravega.com/p/secarropas-smartlife-calor-8kg-sl-dyhp08w-blanco-280060/,1049999.0,867767.77,1,True
FRA-lavasecarropas-tcl-inverter-10-6kg-c2210,Fravega,TCL,Lavado,Lavasecarropas TCL Inverter 10/6KG C2210WDG Grafito,https://www.fravega.com/p/lavasecarropas-tcl-inverter-10-6kg-c2210wdg-grafito-170654/,1299999.0,1049999.0,1,True
FRA-lavarropas-beko-inverter-10kg-carga-fron,Fravega,OTRAS,Lavado,Lavarropas Beko Inverter 10Kg Carga Frontal 1400 Rpm,https://www.fravega.com/p/lavarropas-beko-inverter-10kg-carga-frontal-1400-rpm-990286444/,1533332.0,1219999.0,1,True
FRA-lavarropas-beko-inverter-10kg-carga-fron,Fravega,OTRAS,Lavado,Lavarropas Beko Inverter 10Kg Carga Frontal 1400 Rpm Inoxidable,https://www.fravega.com/p/lavarropas-beko-inverter-10kg-carga-frontal-1400-rpm-inoxidable-990286445/,1633332.0,1299999.0,1,True
FRA-lavarropas-automatico-carga-superior-phi,Fravega,PHILCO,Lavado,Lavarropas Automático Carga Superior Philco 5 Kg 700 RPM PHLS67GN,https://www.fravega.com/p/lavarropas-automatico-carga-superior-philco-5-kg-700-rpm-phls67gn--170703/,499999.0,419999.0,1,True
FRA-lavarropas-drean-inverter-9kg-lfdr0914is,Fravega,DREAN,Lavado,Lavarropas Drean Inverter 9Kg LFDR0914ISG Grafito,https://www.fravega.com/p/lavarropas-drean-inverter-9kg-lfdr0914isg-grafito-170819/,1149999.0,950412.4,1,True
FRA-lavarropas-drean-concept-neo-fuzzy-6-5-k,Fravega,DREAN,Lavado,"Lavarropas Drean Concept Neo Fuzzy 6,5 Kg Gris",https://www.fravega.com/p/lavarropas-drean-concept-neo-fuzzy-6-5-kg-gris-170718/,638999.0,599999.0,1,True
FRA-lavarropas-smartlife-6k-sl-wmu061000w-17,Fravega,OTRAS,Lavado,Lavarropas Smartlife 6K SL-WMU061000W,https://www.fravega.com/p/lavarropas-smartlife-6k-sl-wmu061000w-170465/,629999.0,499999.0,1,True
FRA-lavarropas-automatico-carga-frontal-inve,Fravega,MIDEA,Lavado,"Lavarropas Automático Carga Frontal Inverter Midea 11,5 Kg 1400 RPM MF200W115WB/T-A1",https://www.fravega.com/p/lavarropas-automatico-carga-frontal-inverter-midea-11-5-kg-1400-rpm-mf200w115wb-t-a1-170565/,1144999.0,899999.0,1,True
FRA-lavarropas-automatico-inverter-drean-6kg,Fravega,DREAN,Lavado,Lavarropas Automático Inverter Drean 6Kg 800 RPM LCFDR0608LB0,https://www.fravega.com/p/lavarropas-automatico-inverter-drean-6kg-800-rpm-lcfdr0608lb0-170538/,699999.0,649999.0,1,True
FRA-lavarropas-bgh-bwfi08s24ar-carga-frontal,Fravega,BGH,Lavado,Lavarropas BGH BWFI08S24AR Carga Frontal Inverter 8kg Silver,https://www.fravega.com/p/lavarropas-bgh-bwfi08s24ar-carga-frontal-inverter-8kg-silver-170825/,899999.0,799999.0,1,True
FRA-secarropas-centrifugo-koh-i-noor-c-755-2,Fravega,OTRAS,Lavado,Secarropas Centrifugo KOH-I-NOOR C-755/2 5.5Kg,https://www.fravega.com/p/secarropas-centrifugo-koh-i-noor-c-755-2-5-5kg-280017/,279999.0,219999.0,1,True
FRA-lavarropas-drean-11-5kg-inverter-lfdr111,Fravega,DREAN,Lavado,"Lavarropas Drean 11,5Kg Inverter LFDR1114ISG Gris",https://www.fravega.com/p/lavarropas-drean-11-5kg-inverter-lfdr1114isg-gris-170638/,1299999.0,1176469.68,1,True
FRA-lavarropas-samsung-carga-frontal-7kg-ino,Fravega,SAMSUNG,Lavado,Lavarropas Samsung Carga frontal 7kg Inox WW70AA46BX,https://www.fravega.com/p/lavarropas-samsung-carga-frontal-7kg-inox-ww70aa46bx-170468/,1159999.0,985999.0,1,True
FRA-lavasecarropas-philco-12kg-8kg-phls128-2,Fravega,PHILCO,Lavado,Lavasecarropas Philco 12Kg 8KG PHLS128-2TN,https://www.fravega.com/p/lavasecarropas-philco-12kg-8kg-phls128-2tn-170570/,1099999.0,995474.21,1,True
FRA-secarropas-drean-sed090vgcl0-9k-gris-280,Fravega,DREAN,Lavado,Secarropas Drean SED090VGCL0 9K Gris,https://www.fravega.com/p/secarropas-drean-sed090vgcl0-9k-gris-280081/,949999.0,849999.0,1,True
FRA-lavarropas-drean-concept-neo-fuzzy-6-5-k,Fravega,DREAN,Lavado,"Lavarropas Drean Concept Neo Fuzzy 6,5 Kg Blanco",https://www.fravega.com/p/lavarropas-drean-concept-neo-fuzzy-6-5-kg-blanco-170702/,619999.0,569999.0,1,True
FRA-lavarropas-carga-frontal-philco-inverter,Fravega,PHILCO,Lavado,Lavarropas Carga Frontal Philco Inverter 6 Kg Blanco PHLF67BN,https://www.fravega.com/p/lavarropas-carga-frontal-philco-inverter-6-kg-blanco-phlf67bn-990292663/,725999.0,547999.01,1,True
FRA-lavarropas-inverter-midea-8-kg-mf100w80b,Fravega,MIDEA,Lavado,Lavarropas Inverter Midea 8 Kg Mf100w80b/w-a1,https://www.fravega.com/p/lavarropas-inverter-midea-8-kg-mf100w80b-w-a1-990289039/,946999.0,617599.0,1,True
FRA-lavarropas-whirlpool-carga-frontal-7kg-i,Fravega,WHIRLPOOL,Lavado,Lavarropas Whirlpool Carga Frontal 7kg Inverter Titanium,https://www.fravega.com/p/lavarropas-whirlpool-carga-frontal-7kg-inverter-titanium-170822/,879999.0,727271.9,1,True
FRA-lavarropas-automatico-inverter-drean-10-,Fravega,DREAN,Lavado,Lavarropas Automático Inverter Drean 10 Kg 1200 RPM LCFDR1012SB0,https://www.fravega.com/p/lavarropas-automatico-inverter-drean-10-kg-1200-rpm-lcfdr1012sb0-170650/,1099999.0,919999.0,1,True
FRA-lavarropas-philco-11-kg-carga-frontal-in,Fravega,PHILCO,Lavado,Lavarropas Philco 11 Kg Carga Frontal Inverter Grey PHLF117GN,https://www.fravega.com/p/lavarropas-philco-11-kg-carga-frontal-inverter-grey-phlf117gn-990284913/,1099999.0,819999.0,1,True
FRA-lavarropas-midea-carga-frontal-6kg-1000r,Fravega,MIDEA,Lavado,Lavarropas Midea Carga Frontal 6kg 1000rpm MF100 Titanium,https://www.fravega.com/p/lavarropas-midea-carga-frontal-6kg-1000rpm-mf100-titanium-170550/,819999.0,599999.0,1,True
FRA-lavarropas-carga-superior-gafa-fuzzyfit-,Fravega,GAFA,Lavado,Lavarropas Carga Superior Gafa FuzzyFit 7kg Blanco,https://www.fravega.com/p/lavarropas-carga-superior-gafa-fuzzyfit-7kg-blanco-50029870/,707221.0,581989.0,1,True
FRA-lavavajillas-whirlpool-wlv14sy-14c-17012,Fravega,WHIRLPOOL,Lavado,Lavavajillas Whirlpool WLV14SY 14C,https://www.fravega.com/p/lavavajillas-whirlpool-wlv14sy-14c-170123/,1399999.0,1157023.97,1,True
FRA-secarropas-smartlife-calor-inverter-10kg,Fravega,HP,Lavado,Secarropas Smartlife Calor Inverter 10kg SL-DYHP10G Gris,https://www.fravega.com/p/secarropas-smartlife-calor-inverter-10kg-sl-dyhp10g-gris-280065/,1574999.0,1399999.0,1,True
FRA-lavavajillas-electrolux-ls14e-14-cubiert,Fravega,OTRAS,Lavado,Lavavajillas Electrolux LS14E 14 Cubiertos,https://www.fravega.com/p/lavavajillas-electrolux-ls14e-14-cubiertos-170792/,1099999.0,899999.0,1,True
FRA-lavarropas-philco-11-kg-carga-frontal-in,Fravega,PHILCO,Lavado,Lavarropas Philco 11 Kg Carga Frontal Inverter Blanco PHLF117BN,https://www.fravega.com/p/lavarropas-philco-11-kg-carga-frontal-inverter-blanco-phlf117bn-990284577/,1044999.0,809999.0,1,True
FRA-lavarropas-midea-carga-frontal-inverter-,Fravega,MIDEA,Lavado,Lavarropas Midea Carga Frontal Inverter Wi-Fi 8kg 1400rpm MF200 Blanco,https://www.fravega.com/p/lavarropas-midea-carga-frontal-inverter-wi-fi-8kg-1400rpm-mf200-blanco-170548/,894999.0,669999.0,1,True
FRA-lavavajillas-whirlpool-wsfo3t2x-sense-in,Fravega,WHIRLPOOL,Lavado,Lavavajillas Whirlpool WSFO3T2X Sense Inverter 10C Inox,https://www.fravega.com/p/lavavajillas-whirlpool-wsfo3t2x-sense-inverter-10c-inox-170194/,1279999.0,1057850.41,1,True
FRA-lavavajillas-14-cubiertos-blanco-philco-,Fravega,PHILCO,Lavado,Lavavajillas 14 Cubiertos Blanco Philco PHLJ14B,https://www.fravega.com/p/lavavajillas-14-cubiertos-blanco-philco-phlj14b-990249416/,978999.0,729999.0,1,True
FRA-lavarropas-automatico-carga-frontal-inve,Fravega,PHILCO,Lavado,Lavarropas Automático Carga Frontal Inverter Philco 6 Kg 1000 RPM PHLF61BN,https://www.fravega.com/p/lavarropas-automatico-carga-frontal-inverter-philco-6-kg-1000-rpm-phlf61bn-170802/,649999.0,569999.0,1,True
FRA-lavarropas-carga-superior-whirlpool-wwi0,Fravega,WHIRLPOOL,Lavado,"Lavarropas Carga Superior Whirlpool WWI06AW 6,5kg 720 RPM Blanco",https://www.fravega.com/p/lavarropas-carga-superior-whirlpool-wwi06aw-6-5kg-720-rpm-blanco-170724/,669999.0,553718.18,1,True
FRA-secarropas-smartlife-calor-8kg-sl-dyhp08,Fravega,HP,Lavado,Secarropas Smartlife Calor 8kg SL-DYHP08W Blanco,https://www.fravega.com/p/secarropas-smartlife-calor-8kg-sl-dyhp08w-blanco-280060/,1049999.0,867767.77,1,True
FRA-lavasecarropas-tcl-inverter-10-6kg-c2210,Fravega,TCL,Lavado,Lavasecarropas TCL Inverter 10/6KG C2210WDG Grafito,https://www.fravega.com/p/lavasecarropas-tcl-inverter-10-6kg-c2210wdg-grafito-170654/,1299999.0,1049999.0,1,True
FRA-secarropas-por-calor-columbia-scp-6000-2,Fravega,OTRAS,Lavado,Secarropas por Calor Columbia SCP 6000,https://www.fravega.com/p/secarropas-por-calor-columbia-scp-6000-280008/,219999.0,179999.0,1,True
FRA-lavasecarropas-automatico-carga-frontal-,Fravega,MIDEA,Lavado,Lavasecarropas Automático Carga Frontal Inverter Midea 8Kg 6Kg 1400 RPM MF200D80WB/T,https://www.fravega.com/p/lavasecarropas-automatico-carga-frontal-inverter-midea-8kg-6kg-1400-rpm-mf200d80wb-t-170712/,1199999.0,999999.0,1,True
FRA-lavasecarropas-carga-frontal-noblex-10-5,Fravega,NOBLEX,Lavado,"Lavasecarropas Carga frontal Noblex 10,5 Kg 7 Kg 1200 RPM NOLS1057DGN",https://www.fravega.com/p/lavasecarropas-carga-frontal-noblex-10-5-kg-7-kg-1200-rpm-nols1057dgn--170909/,1599999.0,999999.0,1,True
FRA-lavarropas-hisense-wf1i8041bw-carga-fron,Fravega,HISENSE,Lavado,Lavarropas Hisense WF1I8041BW Carga Frontal 8 Kg 1400 RPM Blanco,https://www.fravega.com/p/lavarropas-hisense-wf1i8041bw-carga-frontal-8-kg-1400-rpm-blanco-170754/,699999.0,578511.57,1,True
FRA-lavasecarropas-drean-carga-frontal-8-kg-,Fravega,DREAN,Lavado,Lavasecarropas Drean Carga Frontal 8 Kg LSCDR0805SG0,https://www.fravega.com/p/lavasecarropas-drean-carga-frontal-8-kg-lscdr0805sg0-170555/,1199999.0,991734.71,1,True
FRA-lavasecarropas-electrolux-10-5kg-7kg-lsc,Fravega,OTRAS,Lavado,"Lavasecarropas Electrolux 10,5Kg 7KG LSC11",https://www.fravega.com/p/lavasecarropas-electrolux-10-5kg-7kg-lsc11-171092/,1166999.0,1099999.0,1,True
FRA-secarropas-centrifugo-ecologico-koh-i-no,Fravega,OTRAS,Lavado,"Secarropas Centrífugo Ecológico Koh-I-Noor N-755/Eco 5,5 Kg Negro",https://www.fravega.com/p/secarropas-centrifugo-ecologico-koh-i-noor-n-755-eco-5-5-kg-negro-280054/,309999.0,229999.0,1,True
FRA-lavarropas-automatico-carga-frontal-inve,Fravega,MIDEA,Lavado,"Lavarropas Automático Carga Frontal Inverter Midea 10,5 Kg 1400 RPM MF200W105WB/T-A1",https://www.fravega.com/p/lavarropas-automatico-carga-frontal-inverter-midea-10-5-kg-1400-rpm-mf200w105wb-t-a1-170633/,1089999.0,869999.0,1,True
FRA-lavarropas-automatico-inverter-drean-6kg,Fravega,DREAN,Lavado,Lavarropas Automático Inverter Drean 6Kg 1000 RPM LCFDR0610LB0,https://www.fravega.com/p/lavarropas-automatico-inverter-drean-6kg-1000-rpm-lcfdr0610lb0-170579/,749999.0,729999.0,1,True
FRA-secarropas-centrifugo-drean-qv-6-5kg-281,Fravega,DREAN,Lavado,Secarropas Centrifugo Drean QV 6.5Kg,https://www.fravega.com/p/secarropas-centrifugo-drean-qv-6-5kg-281852/,253999.0,239999.0,1,True
FRA-lavarropas-midea-carga-frontal-6kg-1000r,Fravega,MIDEA,Lavado,Lavarropas Midea Carga Frontal 6kg 1000rpm MF100 White,https://www.fravega.com/p/lavarropas-midea-carga-frontal-6kg-1000rpm-mf100-white-170551/,779999.0,529999.0,1,True
FRA-lavasecarropas-samsung-carga-frontal-wd1,Fravega,SAMSUNG,Lavado,Lavasecarropas Samsung Carga Frontal WD11T504DBX con SmartThings AI Control 11kg + 7kg,https://www.fravega.com/p/lavasecarropas-samsung-carga-frontal-wd11t504dbx-con-smartthings-ai-control-11kg-7kg-170590/,1899999.0,1719456.11,1,True
FRA-lavasecarropas-philco-12kg-8kg-phls128-2,Fravega,PHILCO,Lavado,Lavasecarropas Philco 12Kg 8KG PHLS128-2TN,https://www.fravega.com/p/lavasecarropas-philco-12kg-8kg-phls128-2tn-170570/,1099999.0,995474.21,1,True
FRA-secarropas-drean-sed090vgcl0-9k-gris-280,Fravega,DREAN,Lavado,Secarropas Drean SED090VGCL0 9K Gris,https://www.fravega.com/p/secarropas-drean-sed090vgcl0-9k-gris-280081/,949999.0,849999.0,1,True
FRA-lavarropas-drean-concept-neo-fuzzy-6-5-k,Fravega,DREAN,Lavado,"Lavarropas Drean Concept Neo Fuzzy 6,5 Kg Blanco",https://www.fravega.com/p/lavarropas-drean-concept-neo-fuzzy-6-5-kg-blanco-170702/,619999.0,569999.0,1,True
FRA-lavarropas-carga-frontal-philco-inverter,Fravega,PHILCO,Lavado,Lavarropas Carga Frontal Philco Inverter 6 Kg Blanco PHLF67BN,https://www.fravega.com/p/lavarropas-carga-frontal-philco-inverter-6-kg-blanco-phlf67bn-990292663/,725999.0,547999.01,1,True
FRA-lavarropas-inverter-midea-8-kg-mf100w80b,Fravega,MIDEA,Lavado,Lavarropas Inverter Midea 8 Kg Mf100w80b/w-a1,https://www.fravega.com/p/lavarropas-inverter-midea-8-kg-mf100w80b-w-a1-990289039/,946999.0,617599.0,1,True
FRA-lavarropas-whirlpool-carga-frontal-7kg-i,Fravega,WHIRLPOOL,Lavado,Lavarropas Whirlpool Carga Frontal 7kg Inverter Titanium,https://www.fravega.com/p/lavarropas-whirlpool-carga-frontal-7kg-inverter-titanium-170822/,879999.0,727271.9,1,True
FRA-lavarropas-automatico-inverter-drean-10-,Fravega,DREAN,Lavado,Lavarropas Automático Inverter Drean 10 Kg 1200 RPM LCFDR1012SB0,https://www.fravega.com/p/lavarropas-automatico-inverter-drean-10-kg-1200-rpm-lcfdr1012sb0-170650/,1099999.0,919999.0,1,True
FRA-lavarropas-philco-11-kg-carga-frontal-in,Fravega,PHILCO,Lavado,Lavarropas Philco 11 Kg Carga Frontal Inverter Grey PHLF117GN,https://www.fravega.com/p/lavarropas-philco-11-kg-carga-frontal-inverter-grey-phlf117gn-990284913/,1099999.0,819999.0,1,True
FRA-lavarropas-midea-carga-frontal-6kg-1000r,Fravega,MIDEA,Lavado,Lavarropas Midea Carga Frontal 6kg 1000rpm MF100 Titanium,https://www.fravega.com/p/lavarropas-midea-carga-frontal-6kg-1000rpm-mf100-titanium-170550/,819999.0,599999.0,1,True
FRA-lavarropas-carga-superior-gafa-fuzzyfit-,Fravega,GAFA,Lavado,Lavarropas Carga Superior Gafa FuzzyFit 7kg Blanco,https://www.fravega.com/p/lavarropas-carga-superior-gafa-fuzzyfit-7kg-blanco-50029870/,707221.0,581989.0,1,True
FRA-lavavajillas-whirlpool-wlv14sy-14c-17012,Fravega,WHIRLPOOL,Lavado,Lavavajillas Whirlpool WLV14SY 14C,https://www.fravega.com/p/lavavajillas-whirlpool-wlv14sy-14c-170123/,1399999.0,1157023.97,1,True
FRA-secarropas-smartlife-calor-inverter-10kg,Fravega,HP,Lavado,Secarropas Smartlife Calor Inverter 10kg SL-DYHP10G Gris,https://www.fravega.com/p/secarropas-smartlife-calor-inverter-10kg-sl-dyhp10g-gris-280065/,1574999.0,1399999.0,1,True
FRA-lavavajillas-electrolux-ls14e-14-cubiert,Fravega,OTRAS,Lavado,Lavavajillas Electrolux LS14E 14 Cubiertos,https://www.fravega.com/p/lavavajillas-electrolux-ls14e-14-cubiertos-170792/,1099999.0,899999.0,1,True
FRA-lavarropas-philco-11-kg-carga-frontal-in,Fravega,PHILCO,Lavado,Lavarropas Philco 11 Kg Carga Frontal Inverter Blanco PHLF117BN,https://www.fravega.com/p/lavarropas-philco-11-kg-carga-frontal-inverter-blanco-phlf117bn-990284577/,1044999.0,809999.0,1,True
FRA-lavarropas-midea-carga-frontal-inverter-,Fravega,MIDEA,Lavado,Lavarropas Midea Carga Frontal Inverter Wi-Fi 8kg 1400rpm MF200 Blanco,https://www.fravega.com/p/lavarropas-midea-carga-frontal-inverter-wi-fi-8kg-1400rpm-mf200-blanco-170548/,894999.0,669999.0,1,True
FRA-lavavajillas-whirlpool-wsfo3t2x-sense-in,Fravega,WHIRLPOOL,Lavado,Lavavajillas Whirlpool WSFO3T2X Sense Inverter 10C Inox,https://www.fravega.com/p/lavavajillas-whirlpool-wsfo3t2x-sense-inverter-10c-inox-170194/,1279999.0,1057850.41,1,True
FRA-lavavajillas-14-cubiertos-blanco-philco-,Fravega,PHILCO,Lavado,Lavavajillas 14 Cubiertos Blanco Philco PHLJ14B,https://www.fravega.com/p/lavavajillas-14-cubiertos-blanco-philco-phlj14b-990249416/,978999.0,729999.0,1,True
FRA-lavarropas-automatico-carga-frontal-inve,Fravega,PHILCO,Lavado,Lavarropas Automático Carga Frontal Inverter Philco 6 Kg 1000 RPM PHLF61BN,https://www.fravega.com/p/lavarropas-automatico-carga-frontal-inverter-philco-6-kg-1000-rpm-phlf61bn-170802/,649999.0,569999.0,1,True
FRA-lavarropas-carga-superior-whirlpool-wwi0,Fravega,WHIRLPOOL,Lavado,"Lavarropas Carga Superior Whirlpool WWI06AW 6,5kg 720 RPM Blanco",https://www.fravega.com/p/lavarropas-carga-superior-whirlpool-wwi06aw-6-5kg-720-rpm-blanco-170724/,669999.0,553718.18,1,True
FRA-secarropas-smartlife-calor-8kg-sl-dyhp08,Fravega,HP,Lavado,Secarropas Smartlife Calor 8kg SL-DYHP08W Blanco,https://www.fravega.com/p/secarropas-smartlife-calor-8kg-sl-dyhp08w-blanco-280060/,1049999.0,867767.77,1,True
FRA-lavasecarropas-tcl-inverter-10-6kg-c2210,Fravega,TCL,Lavado,Lavasecarropas TCL Inverter 10/6KG C2210WDG Grafito,https://www.fravega.com/p/lavasecarropas-tcl-inverter-10-6kg-c2210wdg-grafito-170654/,1299999.0,1049999.0,1,True
FRA-lavarropas-inverter-smartlife-11-5-kg-14,Fravega,OTRAS,Lavado,Lavarropas Inverter Smartlife 11.5 Kg 1400 RPM SL-WMI1151400GW,https://www.fravega.com/p/lavarropas-inverter-smartlife-11-5-kg-1400-rpm-sl-wmi1151400gw-170729/,1049999.0,799999.0,1,True
FRA-lavarropas-automatico-inverter-drean-11-,Fravega,LG,Lavado,Lavarropas Automático Inverter Drean 11 Kg 700 RPM LPDR1165LG,https://www.fravega.com/p/lavarropas-automatico-inverter-drean-11-kg-700-rpm-lpdr1165lg-170475/,1049999.0,950225.34,1,True
FRA-lavarropas-carga-superior-gafa-digifit-6,Fravega,GAFA,Lavado,"Lavarropas Carga Superior Gafa DigiFit 6,5kg Blanco",https://www.fravega.com/p/lavarropas-carga-superior-gafa-digifit-6-5kg-blanco-50029845/,665443.0,547599.0,1,True
FRA-lavarropas-semiautomatico-carga-superior,Fravega,DREAN,Lavado,Lavarropas Semiautomático Carga Superior Drean LTDR87SB0 8Kg,https://www.fravega.com/p/lavarropas-semiautomatico-carga-superior-drean-ltdr87sb0-8kg-170787/,335999.0,299999.0,1,True
FRA-lavarropas-gafa-lgs070s-carga-superior-f,Fravega,LG,Lavado,Lavarropas Gafa LGS070S Carga Superior Fuzzy 7 Kg Silver,https://www.fravega.com/p/lavarropas-gafa-lgs070s-carga-superior-fuzzy-7-kg-silver-170843/,714399.0,669999.0,1,True
FRA-lavarropas-automatico-electrolux-7-kg-12,Fravega,OTRAS,Lavado,Lavarropas Automático Electrolux 7 Kg 1200 RPM ELAF207W,https://www.fravega.com/p/lavarropas-automatico-electrolux-7-kg-1200-rpm-elaf207w-170560/,749999.0,619833.88,1,True
FRA-lavarropas-automatico-carga-frontal-gafa,Fravega,GAFA,Lavado,Lavarropas Automático Carga Frontal Gafa 6Kg 1000 RPM,https://www.fravega.com/p/lavarropas-automatico-carga-frontal-gafa-6kg-1000-rpm-170965/,629999.0,579999.0,1,True
FRA-lavasecarropas-automatico-carga-frontal-,Fravega,MIDEA,Lavado,Lavasecarropas Automático Carga Frontal Inverter Midea 8Kg 6Kg 1400 RPM MF200D80WB/W,https://www.fravega.com/p/lavasecarropas-automatico-carga-frontal-inverter-midea-8kg-6kg-1400-rpm-mf200d80wb-w-170658/,1149999.0,949999.0,1,True
FRA-secarropas-electrolux-premium-care-9kg-b,Fravega,OTRAS,Lavado,Secarropas Electrolux Premium Care 9kg Blanco ESEF209B,https://www.fravega.com/p/secarropas-electrolux-premium-care-9kg-blanco-esef209b--280294/,1374665.55,899999.0,1,True
FRA-lavasecarropas-philco-12kg-8kg-phls128-2,Fravega,PHILCO,Lavado,Lavasecarropas Philco 12Kg 8KG PHLS128-2TN,https://www.fravega.com/p/lavasecarropas-philco-12kg-8kg-phls128-2tn-170570/,1099999.0,995474.21,1,True
FRA-secarropas-drean-sed090vgcl0-9k-gris-280,Fravega,DREAN,Lavado,Secarropas Drean SED090VGCL0 9K Gris,https://www.fravega.com/p/secarropas-drean-sed090vgcl0-9k-gris-280081/,949999.0,849999.0,1,True
FRA-lavarropas-drean-concept-neo-fuzzy-6-5-k,Fravega,DREAN,Lavado,"Lavarropas Drean Concept Neo Fuzzy 6,5 Kg Blanco",https://www.fravega.com/p/lavarropas-drean-concept-neo-fuzzy-6-5-kg-blanco-170702/,619999.0,569999.0,1,True
FRA-lavarropas-carga-frontal-philco-inverter,Fravega,PHILCO,Lavado,Lavarropas Carga Frontal Philco Inverter 6 Kg Blanco PHLF67BN,https://www.fravega.com/p/lavarropas-carga-frontal-philco-inverter-6-kg-blanco-phlf67bn-990292663/,725999.0,547999.01,1,True
FRA-lavarropas-inverter-midea-8-kg-mf100w80b,Fravega,MIDEA,Lavado,Lavarropas Inverter Midea 8 Kg Mf100w80b/w-a1,https://www.fravega.com/p/lavarropas-inverter-midea-8-kg-mf100w80b-w-a1-990289039/,946999.0,617599.0,1,True
FRA-lavarropas-whirlpool-carga-frontal-7kg-i,Fravega,WHIRLPOOL,Lavado,Lavarropas Whirlpool Carga Frontal 7kg Inverter Titanium,https://www.fravega.com/p/lavarropas-whirlpool-carga-frontal-7kg-inverter-titanium-170822/,879999.0,727271.9,1,True
FRA-lavarropas-automatico-inverter-drean-10-,Fravega,DREAN,Lavado,Lavarropas Automático Inverter Drean 10 Kg 1200 RPM LCFDR1012SB0,https://www.fravega.com/p/lavarropas-automatico-inverter-drean-10-kg-1200-rpm-lcfdr1012sb0-170650/,1099999.0,919999.0,1,True
FRA-lavarropas-philco-11-kg-carga-frontal-in,Fravega,PHILCO,Lavado,Lavarropas Philco 11 Kg Carga Frontal Inverter Grey PHLF117GN,https://www.fravega.com/p/lavarropas-philco-11-kg-carga-frontal-inverter-grey-phlf117gn-990284913/,1099999.0,819999.0,1,True
FRA-lavarropas-midea-carga-frontal-6kg-1000r,Fravega,MIDEA,Lavado,Lavarropas Midea Carga Frontal 6kg 1000rpm MF100 Titanium,https://www.fravega.com/p/lavarropas-midea-carga-frontal-6kg-1000rpm-mf100-titanium-170550/,819999.0,599999.0,1,True
FRA-lavarropas-carga-superior-gafa-fuzzyfit-,Fravega,GAFA,Lavado,Lavarropas Carga Superior Gafa FuzzyFit 7kg Blanco,https://www.fravega.com/p/lavarropas-carga-superior-gafa-fuzzyfit-7kg-blanco-50029870/,707221.0,581989.0,1,True
FRA-lavavajillas-whirlpool-wlv14sy-14c-17012,Fravega,WHIRLPOOL,Lavado,Lavavajillas Whirlpool WLV14SY 14C,https://www.fravega.com/p/lavavajillas-whirlpool-wlv14sy-14c-170123/,1399999.0,1157023.97,1,True
FRA-secarropas-smartlife-calor-inverter-10kg,Fravega,HP,Lavado,Secarropas Smartlife Calor Inverter 10kg SL-DYHP10G Gris,https://www.fravega.com/p/secarropas-smartlife-calor-inverter-10kg-sl-dyhp10g-gris-280065/,1574999.0,1399999.0,1,True
FRA-lavavajillas-electrolux-ls14e-14-cubiert,Fravega,OTRAS,Lavado,Lavavajillas Electrolux LS14E 14 Cubiertos,https://www.fravega.com/p/lavavajillas-electrolux-ls14e-14-cubiertos-170792/,1099999.0,899999.0,1,True
FRA-lavarropas-philco-11-kg-carga-frontal-in,Fravega,PHILCO,Lavado,Lavarropas Philco 11 Kg Carga Frontal Inverter Blanco PHLF117BN,https://www.fravega.com/p/lavarropas-philco-11-kg-carga-frontal-inverter-blanco-phlf117bn-990284577/,1044999.0,809999.0,1,True
FRA-lavarropas-midea-carga-frontal-inverter-,Fravega,MIDEA,Lavado,Lavarropas Midea Carga Frontal Inverter Wi-Fi 8kg 1400rpm MF200 Blanco,https://www.fravega.com/p/lavarropas-midea-carga-frontal-inverter-wi-fi-8kg-1400rpm-mf200-blanco-170548/,894999.0,669999.0,1,True
FRA-lavavajillas-whirlpool-wsfo3t2x-sense-in,Fravega,WHIRLPOOL,Lavado,Lavavajillas Whirlpool WSFO3T2X Sense Inverter 10C Inox,https://www.fravega.com/p/lavavajillas-whirlpool-wsfo3t2x-sense-inverter-10c-inox-170194/,1279999.0,1057850.41,1,True
FRA-lavavajillas-14-cubiertos-blanco-philco-,Fravega,PHILCO,Lavado,Lavavajillas 14 Cubiertos Blanco Philco PHLJ14B,https://www.fravega.com/p/lavavajillas-14-cubiertos-blanco-philco-phlj14b-990249416/,978999.0,729999.0,1,True
FRA-lavarropas-automatico-carga-frontal-inve,Fravega,PHILCO,Lavado,Lavarropas Automático Carga Frontal Inverter Philco 6 Kg 1000 RPM PHLF61BN,https://www.fravega.com/p/lavarropas-automatico-carga-frontal-inverter-philco-6-kg-1000-rpm-phlf61bn-170802/,649999.0,569999.0,1,True
FRA-lavarropas-carga-superior-whirlpool-wwi0,Fravega,WHIRLPOOL,Lavado,"Lavarropas Carga Superior Whirlpool WWI06AW 6,5kg 720 RPM Blanco",https://www.fravega.com/p/lavarropas-carga-superior-whirlpool-wwi06aw-6-5kg-720-rpm-blanco-170724/,669999.0,553718.18,1,True
FRA-secarropas-smartlife-calor-8kg-sl-dyhp08,Fravega,HP,Lavado,Secarropas Smartlife Calor 8kg SL-DYHP08W Blanco,https://www.fravega.com/p/secarropas-smartlife-calor-8kg-sl-dyhp08w-blanco-280060/,1049999.0,867767.77,1,True
FRA-lavasecarropas-tcl-inverter-10-6kg-c2210,Fravega,TCL,Lavado,Lavasecarropas TCL Inverter 10/6KG C2210WDG Grafito,https://www.fravega.com/p/lavasecarropas-tcl-inverter-10-6kg-c2210wdg-grafito-170654/,1299999.0,1049999.0,1,True
FRA-lavasecarropas-bgh-inverter-carga-fronta,Fravega,BGH,Lavado,Lavasecarropas BGH Inverter Carga Frontal 10/6kg 1400 RPM Blanco BWDN10W25AR,https://www.fravega.com/p/lavasecarropas-bgh-inverter-carga-frontal-10-6kg-1400-rpm-blanco-bwdn10w25ar-170770/,1149999.0,999999.0,1,True
FRA-lavasecarropas-hisense-wd1i1141bw-11-7-k,Fravega,HISENSE,Lavado,Lavasecarropas Hisense WD1I1141BW 11/7 Kg Blanco,https://www.fravega.com/p/lavasecarropas-hisense-wd1i1141bw-11-7-kg-blanco-170756/,1099999.0,899999.0,1,True
FRA-secarropas-centrifugo-koh-i-noor-b-665-2,Fravega,OTRAS,Lavado,"Secarropas Centrifugo KOH-I-NOOR B-665/2 6,5 Kg",https://www.fravega.com/p/secarropas-centrifugo-koh-i-noor-b-665-2-6-5-kg-280029/,309499.0,279999.0,1,True
FRA-secarropas-centrifugo-koh-i-noor-a-665-2,Fravega,OTRAS,Lavado,"Secarropas Centrifugo KOH-I-NOOR A-665/2 6,5 Kg",https://www.fravega.com/p/secarropas-centrifugo-koh-i-noor-a-665-2-6-5-kg-280026/,389999.0,349999.0,1,True
FRA-lavarropas-carga-superior-whirlpool-6kg-,Fravega,WHIRLPOOL,Lavado,Lavarropas Carga Superior Whirlpool 6KG 1200 RPM WCS60ZB,https://www.fravega.com/p/lavarropas-carga-superior-whirlpool-6kg-1200-rpm-wcs60zb-10011542/,1379999.0,1299999.0,1,True
FRA-secarropas-centrifugo-drean-qv-5-5kg-281,Fravega,DREAN,Lavado,Secarropas Centrifugo Drean QV 5.5Kg,https://www.fravega.com/p/secarropas-centrifugo-drean-qv-5-5kg-281791/,239999.0,209999.0,1,True
FRA-lavarropa-hisense-6-kg-carga-superior-wt,Fravega,HISENSE,Lavado,Lavarropa Hisense 6 Kg Carga Superior Wtja802t Gris,https://www.fravega.com/p/lavarropa-hisense-6-kg-carga-superior-wtja802t-gris-170805/,559999.0,499999.0,1,True
FRA-lavarropas-carga-frontal-9-5kg-1400-rpm-,Fravega,SAMSUNG,Lavado,Lavarropas Carga Frontal 9.5Kg 1400 RPM Samsung WW95AA046BWU,https://www.fravega.com/p/lavarropas-carga-frontal-9-5kg-1400-rpm-samsung-ww95aa046bwu-170401/,1345999.0,1112395.87,1,True
FRA-lavarropas-semiautomatico-drean-5kg-lrdr,Fravega,DREAN,Lavado,Lavarropas Semiautomático Drean 5Kg LRDR57SB0 Blanco,https://www.fravega.com/p/lavarropas-semiautomatico-drean-5kg-lrdr57sb0-blanco-170492/,218499.0,199999.0,1,True
FRA-lavarropas-lg-carga-frontal-12kg-ai-dd-i,Fravega,LG,Lavado,Lavarropas LG Carga Frontal 12Kg AI DD Inverter Gris Oscuro WM12BVC4S6,https://www.fravega.com/p/lavarropas-lg-carga-frontal-12kg-ai-dd-inverter-gris-oscuro-wm12bvc4s6-990295685/,1539999.0,1399999.0,1,True
FRA-lavasecarropas-smartlife-inverter-11-5kg,Fravega,OTRAS,Lavado,Lavasecarropas Smartlife Inverter 11.5KG SL-WDI11581400W Blanco,https://www.fravega.com/p/lavasecarropas-smartlife-inverter-11-5kg-sl-wdi11581400w-blanco-170528/,1245999.0,999999.0,1,True
FRA-lavarropas-inverter-carga-frontal-6kg-te,Fravega,OTRAS,Lavado,Lavarropas Inverter Carga Frontal 6Kg Telefunken TFK-WMCFWT,https://www.fravega.com/p/lavarropas-inverter-carga-frontal-6kg-telefunken-tfk-wmcfwt-170810/,699999.0,469999.0,1,True
FRA-lavasecarropas-samsung-wd11t504-control-,Fravega,SAMSUNG,Lavado,Lavasecarropas Samsung WD11T504 Control IA White 11Kg/7kg,https://www.fravega.com/p/lavasecarropas-samsung-wd11t504-control-ia-white-11kg-7kg-990293539/,1999999.0,1699999.15,1,True
FRA-lavasecarropas-philco-12kg-8kg-phls128-2,Fravega,PHILCO,Lavado,Lavasecarropas Philco 12Kg 8KG PHLS128-2TN,https://www.fravega.com/p/lavasecarropas-philco-12kg-8kg-phls128-2tn-170570/,1099999.0,995474.21,1,True
FRA-secarropas-drean-sed090vgcl0-9k-gris-280,Fravega,DREAN,Lavado,Secarropas Drean SED090VGCL0 9K Gris,https://www.fravega.com/p/secarropas-drean-sed090vgcl0-9k-gris-280081/,949999.0,849999.0,1,True
FRA-lavarropas-drean-concept-neo-fuzzy-6-5-k,Fravega,DREAN,Lavado,"Lavarropas Drean Concept Neo Fuzzy 6,5 Kg Blanco",https://www.fravega.com/p/lavarropas-drean-concept-neo-fuzzy-6-5-kg-blanco-170702/,619999.0,569999.0,1,True
FRA-lavarropas-carga-frontal-philco-inverter,Fravega,PHILCO,Lavado,Lavarropas Carga Frontal Philco Inverter 6 Kg Blanco PHLF67BN,https://www.fravega.com/p/lavarropas-carga-frontal-philco-inverter-6-kg-blanco-phlf67bn-990292663/,725999.0,547999.01,1,True
FRA-lavarropas-inverter-midea-8-kg-mf100w80b,Fravega,MIDEA,Lavado,Lavarropas Inverter Midea 8 Kg Mf100w80b/w-a1,https://www.fravega.com/p/lavarropas-inverter-midea-8-kg-mf100w80b-w-a1-990289039/,946999.0,617599.0,1,True
FRA-lavarropas-whirlpool-carga-frontal-7kg-i,Fravega,WHIRLPOOL,Lavado,Lavarropas Whirlpool Carga Frontal 7kg Inverter Titanium,https://www.fravega.com/p/lavarropas-whirlpool-carga-frontal-7kg-inverter-titanium-170822/,879999.0,727271.9,1,True
FRA-lavarropas-automatico-inverter-drean-10-,Fravega,DREAN,Lavado,Lavarropas Automático Inverter Drean 10 Kg 1200 RPM LCFDR1012SB0,https://www.fravega.com/p/lavarropas-automatico-inverter-drean-10-kg-1200-rpm-lcfdr1012sb0-170650/,1099999.0,919999.0,1,True
FRA-lavarropas-philco-11-kg-carga-frontal-in,Fravega,PHILCO,Lavado,Lavarropas Philco 11 Kg Carga Frontal Inverter Grey PHLF117GN,https://www.fravega.com/p/lavarropas-philco-11-kg-carga-frontal-inverter-grey-phlf117gn-990284913/,1099999.0,819999.0,1,True
FRA-lavarropas-midea-carga-frontal-6kg-1000r,Fravega,MIDEA,Lavado,Lavarropas Midea Carga Frontal 6kg 1000rpm MF100 Titanium,https://www.fravega.com/p/lavarropas-midea-carga-frontal-6kg-1000rpm-mf100-titanium-170550/,819999.0,599999.0,1,True
FRA-lavarropas-carga-superior-gafa-fuzzyfit-,Fravega,GAFA,Lavado,Lavarropas Carga Superior Gafa FuzzyFit 7kg Blanco,https://www.fravega.com/p/lavarropas-carga-superior-gafa-fuzzyfit-7kg-blanco-50029870/,707221.0,581989.0,1,True
FRA-lavavajillas-whirlpool-wlv14sy-14c-17012,Fravega,WHIRLPOOL,Lavado,Lavavajillas Whirlpool WLV14SY 14C,https://www.fravega.com/p/lavavajillas-whirlpool-wlv14sy-14c-170123/,1399999.0,1157023.97,1,True
FRA-secarropas-smartlife-calor-inverter-10kg,Fravega,HP,Lavado,Secarropas Smartlife Calor Inverter 10kg SL-DYHP10G Gris,https://www.fravega.com/p/secarropas-smartlife-calor-inverter-10kg-sl-dyhp10g-gris-280065/,1574999.0,1399999.0,1,True
FRA-lavavajillas-electrolux-ls14e-14-cubiert,Fravega,OTRAS,Lavado,Lavavajillas Electrolux LS14E 14 Cubiertos,https://www.fravega.com/p/lavavajillas-electrolux-ls14e-14-cubiertos-170792/,1099999.0,899999.0,1,True
FRA-lavarropas-philco-11-kg-carga-frontal-in,Fravega,PHILCO,Lavado,Lavarropas Philco 11 Kg Carga Frontal Inverter Blanco PHLF117BN,https://www.fravega.com/p/lavarropas-philco-11-kg-carga-frontal-inverter-blanco-phlf117bn-990284577/,1044999.0,809999.0,1,True
FRA-lavarropas-midea-carga-frontal-inverter-,Fravega,MIDEA,Lavado,Lavarropas Midea Carga Frontal Inverter Wi-Fi 8kg 1400rpm MF200 Blanco,https://www.fravega.com/p/lavarropas-midea-carga-frontal-inverter-wi-fi-8kg-1400rpm-mf200-blanco-170548/,894999.0,669999.0,1,True
FRA-lavavajillas-whirlpool-wsfo3t2x-sense-in,Fravega,WHIRLPOOL,Lavado,Lavavajillas Whirlpool WSFO3T2X Sense Inverter 10C Inox,https://www.fravega.com/p/lavavajillas-whirlpool-wsfo3t2x-sense-inverter-10c-inox-170194/,1279999.0,1057850.41,1,True
FRA-lavavajillas-14-cubiertos-blanco-philco-,Fravega,PHILCO,Lavado,Lavavajillas 14 Cubiertos Blanco Philco PHLJ14B,https://www.fravega.com/p/lavavajillas-14-cubiertos-blanco-philco-phlj14b-990249416/,978999.0,729999.0,1,True
FRA-lavarropas-automatico-carga-frontal-inve,Fravega,PHILCO,Lavado,Lavarropas Automático Carga Frontal Inverter Philco 6 Kg 1000 RPM PHLF61BN,https://www.fravega.com/p/lavarropas-automatico-carga-frontal-inverter-philco-6-kg-1000-rpm-phlf61bn-170802/,649999.0,569999.0,1,True
FRA-lavarropas-carga-superior-whirlpool-wwi0,Fravega,WHIRLPOOL,Lavado,"Lavarropas Carga Superior Whirlpool WWI06AW 6,5kg 720 RPM Blanco",https://www.fravega.com/p/lavarropas-carga-superior-whirlpool-wwi06aw-6-5kg-720-rpm-blanco-170724/,669999.0,553718.18,1,True
FRA-secarropas-smartlife-calor-8kg-sl-dyhp08,Fravega,HP,Lavado,Secarropas Smartlife Calor 8kg SL-DYHP08W Blanco,https://www.fravega.com/p/secarropas-smartlife-calor-8kg-sl-dyhp08w-blanco-280060/,1049999.0,867767.77,1,True
FRA-lavasecarropas-tcl-inverter-10-6kg-c2210,Fravega,TCL,Lavado,Lavasecarropas TCL Inverter 10/6KG C2210WDG Grafito,https://www.fravega.com/p/lavasecarropas-tcl-inverter-10-6kg-c2210wdg-grafito-170654/,1299999.0,1049999.0,1,True
FRA-lavarropas-bgh-inverter-carga-frontal-9k,Fravega,BGH,Lavado,Lavarropas BGH Inverter Carga Frontal 9kg 1400 RPM BWFS09S25AR,https://www.fravega.com/p/lavarropas-bgh-inverter-carga-frontal-9kg-1400-rpm-bwfs09s25ar-170827/,999999.0,899999.0,1,True
FRA-lavarropas-carga-frontal-inverter-whirlp,Fravega,WHIRLPOOL,Lavado,Lavarropas Carga Frontal Inverter Whirlpool 9kg 1400rpm WNQ90AS Gris,https://www.fravega.com/p/lavarropas-carga-frontal-inverter-whirlpool-9kg-1400rpm-wnq90as-gris-170446/,1249999.0,1033057.02,1,True
FRA-lavarropa-kanji-4kg-automatico-silver-ca,Fravega,OTRAS,Lavado,Lavarropa Kanji 4Kg Automatico Silver Carga Superior,https://www.fravega.com/p/lavarropa-kanji-4kg-automatico-silver-carga-superior-22722612/,495999.0,334999.0,1,True
FRA-lavavajillas-bgh-blvm14s25-14-cubiertos-,Fravega,BGH,Lavado,Lavavajillas BGH BLVM14S25 14 Cubiertos Silver,https://www.fravega.com/p/lavavajillas-bgh-blvm14s25-14-cubiertos-silver-171163/,899999.0,814999.0,1,True
FRA-lavarropas-semiautomatico-codini-4051-10,Fravega,OTRAS,Lavado,Lavarropas Semiautomatico Codini 4051 10KG,https://www.fravega.com/p/lavarropas-semiautomatico-codini-4051-10kg-170055/,229999.0,189999.0,1,True
FRA-lavavajillas-sobre-mesada-philco-phlj05b,Fravega,PHILCO,Lavado,Lavavajillas Sobre Mesada Philco PHLJ05B 5 Cubiertos Blanco,https://www.fravega.com/p/lavavajillas-sobre-mesada-philco-phlj05b-5-cubiertos-blanco-170320/,616399.0,409999.0,1,True
FRA-secarropas-whirlpool-por-calor-7-kg-1000,Fravega,WHIRLPOOL,Lavado,Secarropas Whirlpool Por Calor 7 KG,https://www.fravega.com/p/secarropas-whirlpool-por-calor-7-kg-10009364/,869999.0,819999.0,1,True
FRA-lavasecarropas-whirlpool-carga-frontal-9,Fravega,WHIRLPOOL,Lavado,"Lavasecarropas Whirlpool Carga Frontal 9,5/6kg Blanco WNC95ABDNA",https://www.fravega.com/p/lavasecarropas-whirlpool-carga-frontal-9-5-6kg-blanco-wnc95abdna-170428/,1729999.0,1199999.0,1,True
FRA-lavavajilla-drean-lvdr1306ci-13c-inoxida,Fravega,DREAN,Lavado,Lavavajilla Drean LVDR1306CI 13C Inoxidable,https://www.fravega.com/p/lavavajilla-drean-lvdr1306ci-13c-inoxidable-170637/,875499.0,723552.89,1,True
FRA-lavarropas-carga-frontal-electrolux-8-5k,Fravega,OTRAS,Lavado,"Lavarropas Carga Frontal Electrolux 8,5kg blanco Inverter ELAF208W",https://www.fravega.com/p/lavarropas-carga-frontal-electrolux-8-5kg-blanco-inverter-elaf208w-990268583/,979666.0,775895.0,1,True
FRA-combo-lavarropa-codini-10kgs-secarropas-,Fravega,OTRAS,Lavado,Combo Lavarropa Codini 10kgs + Secarropas Codini Advance 6.5kgs Blanco,https://www.fravega.com/p/combo-lavarropa-codini-10kgs-secarropas-codini-advance-6-5kgs-blanco-22461857/,469999.0,379999.0,1,True
FRA-lavasecarropas-smartlife-11-5kg-sl-wdi11,Fravega,OTRAS,Lavado,Lavasecarropas Smartlife 11.5KG SL-WDI11581400G Gris,https://www.fravega.com/p/lavasecarropas-smartlife-11-5kg-sl-wdi11581400g-gris-170564/,1299999.0,1099999.0,1,True
FRA-lavarropas-automatico-carga-frontal-inve,Fravega,OTRAS,Lavado,Lavarropas Automático Carga Frontal Inverter Smartlife 8Kg 1400 RPM SL-WM26I081400,https://www.fravega.com/p/lavarropas-automatico-carga-frontal-inverter-smartlife-8kg-1400-rpm-sl-wm26i081400-170814/,699999.0,659999.0,1,True
FRA-lavavajillas-inverter-midea-de-415xar1-1,Fravega,MIDEA,Lavado,Lavavajillas Inverter Midea DE-415XAR1 15C,https://www.fravega.com/p/lavavajillas-inverter-midea-de-415xar1-15c-170723/,1249999.0,1099999.0,1,True
FRA-lavarropas-semiautomatico-carga-superior,Fravega,OTRAS,Lavado,Lavarropas Semiautomático Carga Superior Columbia 7 Kg LSC-7001,https://www.fravega.com/p/lavarropas-semiautomatico-carga-superior-columbia-7-kg-lsc-7001-170358/,236999.0,199999.0,1,True
FRA-aire-acondicionado-carrier-inverter-spli,Fravega,OTRAS,Aires Acondicionados,Aire Acondicionado Carrier Inverter Split Frío/Calor 53HVP12N81E 3600W 3100F,https://www.fravega.com/p/aire-acondicionado-carrier-inverter-split-frio-calor-53hvp12n81e-3600w-3100f-21055/,949999.0,785123.14,1,True
FRA-aire-acondicionado-split-frio-calor-hise,Fravega,HISENSE,Aires Acondicionados,Aire Acondicionado Split Frío/Calor Hisense 2750W 2300F 27HR4SYRKG00N,https://www.fravega.com/p/aire-acondicionado-split-frio-calor-hisense-2750w-2300f-27hr4syrkg00n-20889/,699999.0,599999.0,1,True
FRA-aire-acondicionado-split-inverter-midea-,Fravega,MIDEA,Aires Acondicionados,Aire Acondicionado Split Inverter Midea FC 3600W 3100F MSZIC-12H-N81E,https://www.fravega.com/p/aire-acondicionado-split-inverter-midea-fc-3600w-3100f-mszic-12h-n81e-21060/,759999.0,628098.35,1,True
FRA-aire-acondicionado-split-frio-calor-sams,Fravega,SAMSUNG,Aires Acondicionados,Aire Acondicionado Split Frío/Calor Samsung Inverter 4500F AR40F18,https://www.fravega.com/p/aire-acondicionado-split-frio-calor-samsung-inverter-4500f-ar40f18-990257268/,2399999.0,1369999.0,1,True
FRA-aire-acondicionado-bgh-split-inverter-fr,Fravega,BGH,Aires Acondicionados,Aire Acondicionado Bgh Split Inverter Frio/calor 3100F 3650W Blanco BSI37WCNX,https://www.fravega.com/p/aire-acondicionado-bgh-split-inverter-frio-calor-3100f-3650w-blanco-bsi37wcnx-21206/,949999.0,785123.14,1,True
FRA-aire-acondicionado-siam-split-frio-calor,Fravega,OTRAS,Aires Acondicionados,Aire Acondicionado Siam Split Frío/calor 2365fg SMS25HA4CN,https://www.fravega.com/p/aire-acondicionado-siam-split-frio-calor-2365fg-sms25ha4cn-990251792/,879999.0,569999.0,1,True
FRA-calefactor-infrarrojo-liliana-ci650-2200,Fravega,LILIANA,Aires Acondicionados,Calefactor Infrarrojo Liliana CI650 2200W,https://www.fravega.com/p/calefactor-infrarrojo-liliana-ci650-2200w-130892/,157999.0,119999.0,1,True
FRA-caloventor-kanji-home-kjh-ch103-blanco-1,Fravega,OTRAS,Aires Acondicionados,Caloventor Kanji Home KJH-CH103 Blanco,https://www.fravega.com/p/caloventor-kanji-home-kjh-ch103-blanco-130556/,30999.0,24999.0,1,True
FRA-split-comfee-inverter-r-32-3096-kcal-h-f,Fravega,OTRAS,Aires Acondicionados,Split Comfee Inverter R-32 3096 kCal/h Frío Calor,https://www.fravega.com/p/split-comfee-inverter-r-32-3096-kcal-h-frio-calor-990175069/,1143999.0,674598.98,1,True
FRA-aire-acondicionado-lg-inverter-dualcool-,Fravega,LG,Aires Acondicionados,Aire Acondicionado LG Inverter DUALCOOL WiFi Frío Calor 3000 Frigorías S4-W12JA31A,https://www.fravega.com/p/aire-acondicionado-lg-inverter-dualcool-wifi-frio-calor-3000-frigorias-s4-w12ja31a-990247380/,1534499.0,1249998.99,1,True
FRA-aire-acondicionado-philco-inverter-4700f,Fravega,PHILCO,Aires Acondicionados,Aire Acondicionado Philco Inverter 4700F 5500W PHIN55HA2AN,https://www.fravega.com/p/aire-acondicionado-philco-inverter-4700f-5500w-phin55ha2an-21135/,1192800.0,985785.12,1,True
FRA-calefactor-multigas-orbis-sin-salida-404,Fravega,OTRAS,Aires Acondicionados,Calefactor Multigas Orbis Sin Salida 4044NO 4200 kcal/h,https://www.fravega.com/p/calefactor-multigas-orbis-sin-salida-4044no-4200-kcal-h-130425/,299999.0,249999.0,1,True
FRA-aire-acondicionado-split-fc-hitachi-hsrp,Fravega,OTRAS,Aires Acondicionados,Aire Acondicionado Split Fc Hitachi Hsrpe5800fcinv 5800w Blanco,https://www.fravega.com/p/aire-acondicionado-split-fc-hitachi-hsrpe5800fcinv-5800w-blanco-990301003/,1412300.0,1115717.0,1,True
FRA-aire-acondicionado-split-frio-calor-inve,Fravega,HISENSE,Aires Acondicionados,Aire Acondicionado Split Frío/Calor Inverter Hisense 5500W 4700F 55UR4SXSCA,https://www.fravega.com/p/aire-acondicionado-split-frio-calor-inverter-hisense-5500w-4700f-55ur4sxsca-20907/,1499999.0,1399999.0,1,True
FRA-calefactor-electrico-longvie-ee2k-130233,Fravega,OTRAS,Aires Acondicionados,Calefactor Eléctrico Longvie EE2K,https://www.fravega.com/p/calefactor-electrico-longvie-ee2k-130233/,249999.0,179999.0,1,True
FRA-aire-acondicionado-split-frio-calor-hise,Fravega,HISENSE,Aires Acondicionados,Aire Acondicionado Split Frío/Calor Hisense 3400W 2900F 34HR4SVRKG03PX4,https://www.fravega.com/p/aire-acondicionado-split-frio-calor-hisense-3400w-2900f-34hr4svrkg03px4-20890/,799999.0,659999.0,1,True
FRA-aire-acondicionado-philco-inverter-3200f,Fravega,PHILCO,Aires Acondicionados,Aire Acondicionado Philco Inverter 3200F 3750W PHIN37HA2AN,https://www.fravega.com/p/aire-acondicionado-philco-inverter-3200f-3750w-phin37ha2an-21134/,852000.0,704132.23,1,True
FRA-aire-acondicionado-lg-inverter-artcool-f,Fravega,LG,Aires Acondicionados,Aire Acondicionado LG Inverter ARTCOOL Frío/Calor 6000W S4-W24K2RPE,https://www.fravega.com/p/aire-acondicionado-lg-inverter-artcool-frio-calor-6000w-s4-w24k2rpe-990247382/,3079999.0,2699999.0,1,True
FRA-caloventor-kanjihome-kjh-ch103-2000-w-ne,Fravega,OTRAS,Aires Acondicionados,Caloventor KanjiHome KJH-CH103 2000 W Negro,https://www.fravega.com/p/caloventor-kanjihome-kjh-ch103-2000-w-negro-130688/,28999.0,21999.0,1,True
FRA-panel-calefactor-vitroceramico-2000w-gad,Fravega,OTRAS,Aires Acondicionados,Panel Calefactor Vitrocerámico 2000W Gadnic Con Termostato Vidrio Templado 3 Niveles,https://www.fravega.com/p/panel-calefactor-vitroceramico-2000w-gadnic-con-termostato-vidrio-templado-3-niveles-990289428/,139294.0,107149.0,1,True
FRA-aire-acondicionado-split-frio-calor-hise,Fravega,HISENSE,Aires Acondicionados,Aire Acondicionado Split Frío/Calor Hisense 5200W 4400F 52HR4SXSKG00PX4N,https://www.fravega.com/p/aire-acondicionado-split-frio-calor-hisense-5200w-4400f-52hr4sxskg00px4n-20917/,1299999.0,999999.0,1,True
FRA-calefactor-sin-ventilacion-longvie-eca2s,Fravega,OTRAS,Aires Acondicionados,Calefactor Sin Ventilación Longvie ECA2S 2200 kcal/h,https://www.fravega.com/p/calefactor-sin-ventilacion-longvie-eca2s-2200-kcal-h-130051/,259999.0,199999.0,1,True
FRA-aire-acondicionado-lg-inverter-lg-dualco,Fravega,LG,Aires Acondicionados,Aire Acondicionado LG Inverter LG DUALCOOL WiFi Frío Calor 4500 Frigorías S4-W18KL31A,https://www.fravega.com/p/aire-acondicionado-lg-inverter-lg-dualcool-wifi-frio-calor-4500-frigorias-s4-w18kl31a-990247383/,1759999.0,1549998.99,1,True
FRA-aire-acondicionado-split-frio-calor-phil,Fravega,PHILCO,Aires Acondicionados,Aire Acondicionado Split Frío/Calor Philco 5400F 6300W  PHS60HA4CN,https://www.fravega.com/p/aire-acondicionado-split-frio-calor-philco-5400f-6300w-phs60ha4cn-20644/,1299999.0,1074379.34,1,True
FRA-aire-acondicionado-lg-inverter-dualcool-,Fravega,LG,Aires Acondicionados,Aire Acondicionado LG Inverter DUALCOOL WiFi Frío/Calor 6000 Frigorías S4-W24K231E,https://www.fravega.com/p/aire-acondicionado-lg-inverter-dualcool-wifi-frio-calor-6000-frigorias-s4-w24k231e-990247379/,2474999.0,2149999.0,1,True
FRA-aire-acondicionado-ventana-frio-solo-phi,Fravega,PHILCO,Aires Acondicionados,Aire Acondicionado Ventana Frío Solo Philco PHW25CA3AN 2150F 2500W,https://www.fravega.com/p/aire-acondicionado-ventana-frio-solo-philco-phw25ca3an-2150f-2500w-20575/,889999.0,649999.0,1,True
FRA-aire-acondicionado-carrier-inverter-spli,Fravega,OTRAS,Aires Acondicionados,Aire Acondicionado Carrier Inverter Split Frío/Calor 53HVP12N81E 3600W 3100F,https://www.fravega.com/p/aire-acondicionado-carrier-inverter-split-frio-calor-53hvp12n81e-3600w-3100f-21055/,949999.0,785123.14,1,True
FRA-aire-acondicionado-split-frio-calor-hise,Fravega,HISENSE,Aires Acondicionados,Aire Acondicionado Split Frío/Calor Hisense 2750W 2300F 27HR4SYRKG00N,https://www.fravega.com/p/aire-acondicionado-split-frio-calor-hisense-2750w-2300f-27hr4syrkg00n-20889/,699999.0,599999.0,1,True
FRA-aire-acondicionado-split-inverter-midea-,Fravega,MIDEA,Aires Acondicionados,Aire Acondicionado Split Inverter Midea FC 3600W 3100F MSZIC-12H-N81E,https://www.fravega.com/p/aire-acondicionado-split-inverter-midea-fc-3600w-3100f-mszic-12h-n81e-21060/,759999.0,628098.35,1,True
FRA-aire-acondicionado-split-frio-calor-sams,Fravega,SAMSUNG,Aires Acondicionados,Aire Acondicionado Split Frío/Calor Samsung Inverter 4500F AR40F18,https://www.fravega.com/p/aire-acondicionado-split-frio-calor-samsung-inverter-4500f-ar40f18-990257268/,2399999.0,1369999.0,1,True
FRA-aire-acondicionado-bgh-split-inverter-fr,Fravega,BGH,Aires Acondicionados,Aire Acondicionado Bgh Split Inverter Frio/calor 3100F 3650W Blanco BSI37WCNX,https://www.fravega.com/p/aire-acondicionado-bgh-split-inverter-frio-calor-3100f-3650w-blanco-bsi37wcnx-21206/,949999.0,785123.14,1,True
FRA-aire-acondicionado-siam-split-frio-calor,Fravega,OTRAS,Aires Acondicionados,Aire Acondicionado Siam Split Frío/calor 2365fg SMS25HA4CN,https://www.fravega.com/p/aire-acondicionado-siam-split-frio-calor-2365fg-sms25ha4cn-990251792/,879999.0,569999.0,1,True
FRA-calefactor-infrarrojo-liliana-ci650-2200,Fravega,LILIANA,Aires Acondicionados,Calefactor Infrarrojo Liliana CI650 2200W,https://www.fravega.com/p/calefactor-infrarrojo-liliana-ci650-2200w-130892/,157999.0,119999.0,1,True
FRA-caloventor-kanji-home-kjh-ch103-blanco-1,Fravega,OTRAS,Aires Acondicionados,Caloventor Kanji Home KJH-CH103 Blanco,https://www.fravega.com/p/caloventor-kanji-home-kjh-ch103-blanco-130556/,30999.0,24999.0,1,True
FRA-split-comfee-inverter-r-32-3096-kcal-h-f,Fravega,OTRAS,Aires Acondicionados,Split Comfee Inverter R-32 3096 kCal/h Frío Calor,https://www.fravega.com/p/split-comfee-inverter-r-32-3096-kcal-h-frio-calor-990175069/,1143999.0,674598.98,1,True
FRA-aire-acondicionado-lg-inverter-dualcool-,Fravega,LG,Aires Acondicionados,Aire Acondicionado LG Inverter DUALCOOL WiFi Frío Calor 3000 Frigorías S4-W12JA31A,https://www.fravega.com/p/aire-acondicionado-lg-inverter-dualcool-wifi-frio-calor-3000-frigorias-s4-w12ja31a-990247380/,1534499.0,1249998.99,1,True
FRA-aire-acondicionado-philco-inverter-4700f,Fravega,PHILCO,Aires Acondicionados,Aire Acondicionado Philco Inverter 4700F 5500W PHIN55HA2AN,https://www.fravega.com/p/aire-acondicionado-philco-inverter-4700f-5500w-phin55ha2an-21135/,1192800.0,985785.12,1,True
FRA-calefactor-multigas-orbis-sin-salida-404,Fravega,OTRAS,Aires Acondicionados,Calefactor Multigas Orbis Sin Salida 4044NO 4200 kcal/h,https://www.fravega.com/p/calefactor-multigas-orbis-sin-salida-4044no-4200-kcal-h-130425/,299999.0,249999.0,1,True
FRA-aire-acondicionado-split-fc-hitachi-hsrp,Fravega,OTRAS,Aires Acondicionados,Aire Acondicionado Split Fc Hitachi Hsrpe5800fcinv 5800w Blanco,https://www.fravega.com/p/aire-acondicionado-split-fc-hitachi-hsrpe5800fcinv-5800w-blanco-990301003/,1412300.0,1115717.0,1,True
FRA-aire-acondicionado-split-frio-calor-inve,Fravega,HISENSE,Aires Acondicionados,Aire Acondicionado Split Frío/Calor Inverter Hisense 5500W 4700F 55UR4SXSCA,https://www.fravega.com/p/aire-acondicionado-split-frio-calor-inverter-hisense-5500w-4700f-55ur4sxsca-20907/,1499999.0,1399999.0,1,True
FRA-calefactor-electrico-longvie-ee2k-130233,Fravega,OTRAS,Aires Acondicionados,Calefactor Eléctrico Longvie EE2K,https://www.fravega.com/p/calefactor-electrico-longvie-ee2k-130233/,249999.0,179999.0,1,True
FRA-aire-acondicionado-split-frio-calor-hise,Fravega,HISENSE,Aires Acondicionados,Aire Acondicionado Split Frío/Calor Hisense 3400W 2900F 34HR4SVRKG03PX4,https://www.fravega.com/p/aire-acondicionado-split-frio-calor-hisense-3400w-2900f-34hr4svrkg03px4-20890/,799999.0,659999.0,1,True
FRA-aire-acondicionado-philco-inverter-3200f,Fravega,PHILCO,Aires Acondicionados,Aire Acondicionado Philco Inverter 3200F 3750W PHIN37HA2AN,https://www.fravega.com/p/aire-acondicionado-philco-inverter-3200f-3750w-phin37ha2an-21134/,852000.0,704132.23,1,True
FRA-aire-acondicionado-lg-inverter-artcool-f,Fravega,LG,Aires Acondicionados,Aire Acondicionado LG Inverter ARTCOOL Frío/Calor 6000W S4-W24K2RPE,https://www.fravega.com/p/aire-acondicionado-lg-inverter-artcool-frio-calor-6000w-s4-w24k2rpe-990247382/,3079999.0,2699999.0,1,True
FRA-caloventor-kanjihome-kjh-ch103-2000-w-ne,Fravega,OTRAS,Aires Acondicionados,Caloventor KanjiHome KJH-CH103 2000 W Negro,https://www.fravega.com/p/caloventor-kanjihome-kjh-ch103-2000-w-negro-130688/,28999.0,21999.0,1,True
FRA-panel-calefactor-vitroceramico-2000w-gad,Fravega,OTRAS,Aires Acondicionados,Panel Calefactor Vitrocerámico 2000W Gadnic Con Termostato Vidrio Templado 3 Niveles,https://www.fravega.com/p/panel-calefactor-vitroceramico-2000w-gadnic-con-termostato-vidrio-templado-3-niveles-990289428/,139294.0,107149.0,1,True
FRA-aire-acondicionado-split-frio-calor-hise,Fravega,HISENSE,Aires Acondicionados,Aire Acondicionado Split Frío/Calor Hisense 5200W 4400F 52HR4SXSKG00PX4N,https://www.fravega.com/p/aire-acondicionado-split-frio-calor-hisense-5200w-4400f-52hr4sxskg00px4n-20917/,1299999.0,999999.0,1,True
FRA-calefactor-sin-ventilacion-longvie-eca2s,Fravega,OTRAS,Aires Acondicionados,Calefactor Sin Ventilación Longvie ECA2S 2200 kcal/h,https://www.fravega.com/p/calefactor-sin-ventilacion-longvie-eca2s-2200-kcal-h-130051/,259999.0,199999.0,1,True
FRA-aire-acondicionado-carrier-inverter-spli,Fravega,OTRAS,Aires Acondicionados,Aire Acondicionado Carrier Inverter Split Frío/Calor 53HVP22N81E 6800W 5900F,https://www.fravega.com/p/aire-acondicionado-carrier-inverter-split-frio-calor-53hvp22n81e-6800w-5900f-21059/,1799999.0,1487602.48,1,True
FRA-aire-acondicionado-lg-inverter-artcool-f,Fravega,LG,Aires Acondicionados,Aire Acondicionado LG Inverter ARTCOOL Frío/Calor 3000 Frigorías,https://www.fravega.com/p/aire-acondicionado-lg-inverter-artcool-frio-calor-3000-frigorias-990247381/,1704999.0,1549998.99,1,True
FRA-aire-acondicionado-ventana-frio-solo-phi,Fravega,PHILCO,Aires Acondicionados,Aire Acondicionado Ventana Frío Solo Philco PHW32CA3AN 2838F 3300W,https://www.fravega.com/p/aire-acondicionado-ventana-frio-solo-philco-phw32ca3an-2838f-3300w-20483/,939999.0,759999.0,1,True
FRA-aire-acondicionado-frio-calor-bgh-split-,Fravega,BGH,Aires Acondicionados,Aire Acondicionado Frío/Calor BGH Split Inverter 3139F BSI37WCNX,https://www.fravega.com/p/aire-acondicionado-frio-calor-bgh-split-inverter-3139f-bsi37wcnx-990249086/,1299999.0,916999.0,1,True
FRA-aire-acondicionado-split-frio-calor-phil,Fravega,PHILCO,Aires Acondicionados,Aire Acondicionado Split Frío/Calor Philco 4400F 5200W PHS50HA4CN,https://www.fravega.com/p/aire-acondicionado-split-frio-calor-philco-4400f-5200w-phs50ha4cn-21136/,1086300.0,897768.6,1,True
FRA-aire-acondicionado-split-tcl-taca-3400w-,Fravega,TCL,Aires Acondicionados,Aire Acondicionado Split TCL TACA-3400W ELITE 2900F 3400W,https://www.fravega.com/p/aire-acondicionado-split-tcl-taca-3400w-elite-2900f-3400w-20946/,799999.0,699999.0,1,True
FRA-kit-instalacion-sansei-universal-3m-aa-3,Fravega,OTRAS,Aires Acondicionados,Kit instalación Sansei Universal 3m AA 3000/4500fg (1/4”-1/2”) SAKITAACU1214A3,https://www.fravega.com/p/kit-instalacion-sansei-universal-3m-aa-3000-4500fg-1-4-1-2-sakitaacu1214a3-990252070/,105599.0,59999.0,1,True
FRA-split-comfee-inverter-r-32-4601-kcal-h-f,Fravega,OTRAS,Aires Acondicionados,Split Comfee Inverter R-32 4601 kCal/h Frío Calor,https://www.fravega.com/p/split-comfee-inverter-r-32-4601-kcal-h-frio-calor-990175070/,1799999.0,1241998.99,1,True
FRA-aire-acondicionado-portatil-admiral-ad-p,Fravega,OTRAS,Aires Acondicionados,Aire Acondicionado Portátil Admiral AD-PX12 3000F 3500W,https://www.fravega.com/p/aire-acondicionado-portatil-admiral-ad-px12-3000f-3500w-20949/,599999.0,495866.94,1,True
FRA-aire-acondicionado-split-frio-calor-hita,Fravega,OTRAS,Aires Acondicionados,Aire Acondicionado Split Frio/Calor Hitachi 3200W HSP3200FCE,https://www.fravega.com/p/aire-acondicionado-split-frio-calor-hitachi-3200w-hsp3200fce-20764/,949999.0,699999.0,1,True
FRA-aire-acondicionado-split-frio-calor-bgh-,Fravega,BGH,Aires Acondicionados,Aire Acondicionado Split Frío/Calor BGH 3100F BS35WCDW,https://www.fravega.com/p/aire-acondicionado-split-frio-calor-bgh-3100f-bs35wcdw-990247363/,1099999.0,823999.0,1,True
FRA-aire-acondicionado-bgh-split-on-off-2408,Fravega,BGH,Aires Acondicionados,Aire Acondicionado BGH Split On/Off 2408 fg BS26WCDW,https://www.fravega.com/p/aire-acondicionado-bgh-split-on-off-2408-fg-bs26wcdw-990257511/,1065999.0,782999.0,1,True
FRA-aire-acondicionado-carrier-inverter-spli,Fravega,OTRAS,Aires Acondicionados,Aire Acondicionado Carrier Inverter Split Frío/Calor 53HVP12N81E 3600W 3100F,https://www.fravega.com/p/aire-acondicionado-carrier-inverter-split-frio-calor-53hvp12n81e-3600w-3100f-21055/,949999.0,785123.14,1,True
FRA-aire-acondicionado-split-frio-calor-hise,Fravega,HISENSE,Aires Acondicionados,Aire Acondicionado Split Frío/Calor Hisense 2750W 2300F 27HR4SYRKG00N,https://www.fravega.com/p/aire-acondicionado-split-frio-calor-hisense-2750w-2300f-27hr4syrkg00n-20889/,699999.0,599999.0,1,True
FRA-aire-acondicionado-split-inverter-midea-,Fravega,MIDEA,Aires Acondicionados,Aire Acondicionado Split Inverter Midea FC 3600W 3100F MSZIC-12H-N81E,https://www.fravega.com/p/aire-acondicionado-split-inverter-midea-fc-3600w-3100f-mszic-12h-n81e-21060/,759999.0,628098.35,1,True
FRA-aire-acondicionado-split-frio-calor-sams,Fravega,SAMSUNG,Aires Acondicionados,Aire Acondicionado Split Frío/Calor Samsung Inverter 4500F AR40F18,https://www.fravega.com/p/aire-acondicionado-split-frio-calor-samsung-inverter-4500f-ar40f18-990257268/,2399999.0,1369999.0,1,True
FRA-aire-acondicionado-bgh-split-inverter-fr,Fravega,BGH,Aires Acondicionados,Aire Acondicionado Bgh Split Inverter Frio/calor 3100F 3650W Blanco BSI37WCNX,https://www.fravega.com/p/aire-acondicionado-bgh-split-inverter-frio-calor-3100f-3650w-blanco-bsi37wcnx-21206/,949999.0,785123.14,1,True
FRA-aire-acondicionado-siam-split-frio-calor,Fravega,OTRAS,Aires Acondicionados,Aire Acondicionado Siam Split Frío/calor 2365fg SMS25HA4CN,https://www.fravega.com/p/aire-acondicionado-siam-split-frio-calor-2365fg-sms25ha4cn-990251792/,879999.0,569999.0,1,True
FRA-calefactor-infrarrojo-liliana-ci650-2200,Fravega,LILIANA,Aires Acondicionados,Calefactor Infrarrojo Liliana CI650 2200W,https://www.fravega.com/p/calefactor-infrarrojo-liliana-ci650-2200w-130892/,157999.0,119999.0,1,True
FRA-caloventor-kanji-home-kjh-ch103-blanco-1,Fravega,OTRAS,Aires Acondicionados,Caloventor Kanji Home KJH-CH103 Blanco,https://www.fravega.com/p/caloventor-kanji-home-kjh-ch103-blanco-130556/,30999.0,24999.0,1,True
FRA-split-comfee-inverter-r-32-3096-kcal-h-f,Fravega,OTRAS,Aires Acondicionados,Split Comfee Inverter R-32 3096 kCal/h Frío Calor,https://www.fravega.com/p/split-comfee-inverter-r-32-3096-kcal-h-frio-calor-990175069/,1143999.0,674598.98,1,True
FRA-aire-acondicionado-lg-inverter-dualcool-,Fravega,LG,Aires Acondicionados,Aire Acondicionado LG Inverter DUALCOOL WiFi Frío Calor 3000 Frigorías S4-W12JA31A,https://www.fravega.com/p/aire-acondicionado-lg-inverter-dualcool-wifi-frio-calor-3000-frigorias-s4-w12ja31a-990247380/,1534499.0,1249998.99,1,True
FRA-aire-acondicionado-philco-inverter-4700f,Fravega,PHILCO,Aires Acondicionados,Aire Acondicionado Philco Inverter 4700F 5500W PHIN55HA2AN,https://www.fravega.com/p/aire-acondicionado-philco-inverter-4700f-5500w-phin55ha2an-21135/,1192800.0,985785.12,1,True
FRA-calefactor-multigas-orbis-sin-salida-404,Fravega,OTRAS,Aires Acondicionados,Calefactor Multigas Orbis Sin Salida 4044NO 4200 kcal/h,https://www.fravega.com/p/calefactor-multigas-orbis-sin-salida-4044no-4200-kcal-h-130425/,299999.0,249999.0,1,True
FRA-aire-acondicionado-split-fc-hitachi-hsrp,Fravega,OTRAS,Aires Acondicionados,Aire Acondicionado Split Fc Hitachi Hsrpe5800fcinv 5800w Blanco,https://www.fravega.com/p/aire-acondicionado-split-fc-hitachi-hsrpe5800fcinv-5800w-blanco-990301003/,1412300.0,1115717.0,1,True
FRA-aire-acondicionado-split-frio-calor-inve,Fravega,HISENSE,Aires Acondicionados,Aire Acondicionado Split Frío/Calor Inverter Hisense 5500W 4700F 55UR4SXSCA,https://www.fravega.com/p/aire-acondicionado-split-frio-calor-inverter-hisense-5500w-4700f-55ur4sxsca-20907/,1499999.0,1399999.0,1,True
FRA-calefactor-electrico-longvie-ee2k-130233,Fravega,OTRAS,Aires Acondicionados,Calefactor Eléctrico Longvie EE2K,https://www.fravega.com/p/calefactor-electrico-longvie-ee2k-130233/,249999.0,179999.0,1,True
FRA-aire-acondicionado-split-frio-calor-hise,Fravega,HISENSE,Aires Acondicionados,Aire Acondicionado Split Frío/Calor Hisense 3400W 2900F 34HR4SVRKG03PX4,https://www.fravega.com/p/aire-acondicionado-split-frio-calor-hisense-3400w-2900f-34hr4svrkg03px4-20890/,799999.0,659999.0,1,True
FRA-aire-acondicionado-philco-inverter-3200f,Fravega,PHILCO,Aires Acondicionados,Aire Acondicionado Philco Inverter 3200F 3750W PHIN37HA2AN,https://www.fravega.com/p/aire-acondicionado-philco-inverter-3200f-3750w-phin37ha2an-21134/,852000.0,704132.23,1,True
FRA-aire-acondicionado-lg-inverter-artcool-f,Fravega,LG,Aires Acondicionados,Aire Acondicionado LG Inverter ARTCOOL Frío/Calor 6000W S4-W24K2RPE,https://www.fravega.com/p/aire-acondicionado-lg-inverter-artcool-frio-calor-6000w-s4-w24k2rpe-990247382/,3079999.0,2699999.0,1,True
FRA-caloventor-kanjihome-kjh-ch103-2000-w-ne,Fravega,OTRAS,Aires Acondicionados,Caloventor KanjiHome KJH-CH103 2000 W Negro,https://www.fravega.com/p/caloventor-kanjihome-kjh-ch103-2000-w-negro-130688/,28999.0,21999.0,1,True
FRA-panel-calefactor-vitroceramico-2000w-gad,Fravega,OTRAS,Aires Acondicionados,Panel Calefactor Vitrocerámico 2000W Gadnic Con Termostato Vidrio Templado 3 Niveles,https://www.fravega.com/p/panel-calefactor-vitroceramico-2000w-gadnic-con-termostato-vidrio-templado-3-niveles-990289428/,139294.0,107149.0,1,True
FRA-aire-acondicionado-split-frio-calor-hise,Fravega,HISENSE,Aires Acondicionados,Aire Acondicionado Split Frío/Calor Hisense 5200W 4400F 52HR4SXSKG00PX4N,https://www.fravega.com/p/aire-acondicionado-split-frio-calor-hisense-5200w-4400f-52hr4sxskg00px4n-20917/,1299999.0,999999.0,1,True
FRA-calefactor-sin-ventilacion-longvie-eca2s,Fravega,OTRAS,Aires Acondicionados,Calefactor Sin Ventilación Longvie ECA2S 2200 kcal/h,https://www.fravega.com/p/calefactor-sin-ventilacion-longvie-eca2s-2200-kcal-h-130051/,259999.0,199999.0,1,True
FRA-aire-acondicionado-surrey-portatil-551px,Fravega,SURREY,Aires Acondicionados,Aire Acondicionado Surrey Portátil 551PXQ12N81F Reacondicionado,https://www.fravega.com/p/aire-acondicionado-surrey-portatil-551pxq12n81f-reacondicionado-471423/,469999.0,388428.93,1,True
FRA-aire-acondicionado-portatil-bgh-3500w-fr,Fravega,BGH,Aires Acondicionados,Aire Acondicionado Portátil BGH 3500W Frío/Calor BP35WCEW,https://www.fravega.com/p/aire-acondicionado-portatil-bgh-3500w-frio-calor-bp35wcew-21177/,949999.0,785123.14,1,True
FRA-aire-acondicionado-philco-split-frio-cal,Fravega,PHILCO,Aires Acondicionados,Aire Acondicionado Philco Split Frío/calor 2881 Frigorías Blanco 220v - 240v Phs32ha3an,https://www.fravega.com/p/aire-acondicionado-philco-split-frio-calor-2881-frigorias-blanco-220v-240v-phs32ha3an-20085749/,899000.0,699000.0,1,True
FRA-aire-acondicionado-inverter-admiral-ad12,Fravega,OTRAS,Aires Acondicionados,Aire Acondicionado Inverter Admiral AD12AGINV 2900F 3400W,https://www.fravega.com/p/aire-acondicionado-inverter-admiral-ad12aginv-2900f-3400w-21006/,899999.0,743800.83,1,True
FRA-aire-acondicionado-hyundai-inverter-con-,Fravega,OTRAS,Aires Acondicionados,Aire Acondicionado Hyundai Inverter con Wi-Fi 6000W F/C,https://www.fravega.com/p/aire-acondicionado-hyundai-inverter-con-wi-fi-6000w-f-c-990195324/,2054444.0,1849000.0,1,True
FRA-aire-acondicionado-portatil-kanji-frio-c,Fravega,OTRAS,Aires Acondicionados,Aire Acondicionado Portátil Kanji Frío/Calor 2900W,https://www.fravega.com/p/aire-acondicionado-portatil-kanji-frio-calor-2900w-20961/,699999.0,529999.0,1,True
FRA-aire-acondicionado-split-frio-calor-sams,Fravega,SAMSUNG,Aires Acondicionados,Aire Acondicionado Split Frío/Calor Samsung Inverter 2580F AR40F12,https://www.fravega.com/p/aire-acondicionado-split-frio-calor-samsung-inverter-2580f-ar40f12-990257267/,1629999.0,988999.01,1,True
FRA-aire-acondicionado-portatil-sansei-frio-,Fravega,OTRAS,Aires Acondicionados,Aire Acondicionado Portátil Sansei Frío/calor 2279 Frigorías 2650w SAP26HC9AN,https://www.fravega.com/p/aire-acondicionado-portatil-sansei-frio-calor-2279-frigorias-2650w-sap26hc9an-990263810/,659999.0,549999.0,1,True
FRA-nuevo-aire-acondicionado-philco-8000w-r3,Fravega,PHILCO,Aires Acondicionados,NUEVO Aire Acondicionado PHILCO 8000W R32 F/C,https://www.fravega.com/p/nuevo-aire-acondicionado-philco-8000w-r32-f-c--22708058/,1999000.0,1699000.0,1,True
FRA-nuevo-aire-acondicionado-r32-philco-inve,Fravega,PHILCO,Aires Acondicionados,Nuevo Aire Acondicionado R32 PHILCO Inverter 3750W,https://www.fravega.com/p/nuevo-aire-acondicionado-r32-philco-inverter-3750w-22715978/,1099000.0,899000.0,1,True
FRA-aire-acondicionado-likon-split-inverter-,Fravega,OTRAS,Aires Acondicionados,Aire Acondicionado Likon Split Inverter Frío/Calor 3000F,https://www.fravega.com/p/aire-acondicionado-likon-split-inverter-frio-calor-3000f-990290214/,1299998.0,731999.0,1,True
FRA-combo-aire-acondicionado-bgh-split-inver,Fravega,BGH,Aires Acondicionados,Combo Aire Acondicionado BGH Split Inverter Frio/Calor 3100F + Camiseta BGH adidas Talle L,https://www.fravega.com/p/combo-aire-acondicionado-bgh-split-inverter-frio-calor-3100f-camiseta-bgh-adidas-talle-l-990295576/,1329998.0,916999.0,1,True
FRA-aire-acondicionado-samsung-6150w-inverte,Fravega,SAMSUNG,Aires Acondicionados,Aire Acondicionado SAMSUNG 6150W Inverter F/C,https://www.fravega.com/p/aire-acondicionado-samsung-6150w-inverter-f-c-22672810/,2699000.0,1999000.0,1,True
FRA-aire-acondicionado-lg-dual-cool-inverter,Fravega,LG,Aires Acondicionados,Aire acondicionado LG Dual cool Inverter Wifi 4500 Fg S4-W18KL31A,https://www.fravega.com/p/aire-acondicionado-lg-dual-cool-inverter-wifi-4500-fg-s4-w18kl31a-990144931/,2268370.0,1587859.01,1,True
FRA-split-comfee-inverter-r-32-5590-kcal-h-f,Fravega,OTRAS,Aires Acondicionados,Split Comfee Inverter R-32 5590 kCal/h Frío Calor,https://www.fravega.com/p/split-comfee-inverter-r-32-5590-kcal-h-frio-calor-990175578/,2131999.0,1579999.0,1,True
FRA-aire-acondicionado-carrier-inverter-spli,Fravega,OTRAS,Aires Acondicionados,Aire Acondicionado Carrier Inverter Split Frío/Calor 53HVP12N81E 3600W 3100F,https://www.fravega.com/p/aire-acondicionado-carrier-inverter-split-frio-calor-53hvp12n81e-3600w-3100f-21055/,949999.0,785123.14,1,True
FRA-aire-acondicionado-split-frio-calor-hise,Fravega,HISENSE,Aires Acondicionados,Aire Acondicionado Split Frío/Calor Hisense 2750W 2300F 27HR4SYRKG00N,https://www.fravega.com/p/aire-acondicionado-split-frio-calor-hisense-2750w-2300f-27hr4syrkg00n-20889/,699999.0,599999.0,1,True
FRA-aire-acondicionado-split-inverter-midea-,Fravega,MIDEA,Aires Acondicionados,Aire Acondicionado Split Inverter Midea FC 3600W 3100F MSZIC-12H-N81E,https://www.fravega.com/p/aire-acondicionado-split-inverter-midea-fc-3600w-3100f-mszic-12h-n81e-21060/,759999.0,628098.35,1,True
FRA-aire-acondicionado-split-frio-calor-sams,Fravega,SAMSUNG,Aires Acondicionados,Aire Acondicionado Split Frío/Calor Samsung Inverter 4500F AR40F18,https://www.fravega.com/p/aire-acondicionado-split-frio-calor-samsung-inverter-4500f-ar40f18-990257268/,2399999.0,1369999.0,1,True
FRA-aire-acondicionado-bgh-split-inverter-fr,Fravega,BGH,Aires Acondicionados,Aire Acondicionado Bgh Split Inverter Frio/calor 3100F 3650W Blanco BSI37WCNX,https://www.fravega.com/p/aire-acondicionado-bgh-split-inverter-frio-calor-3100f-3650w-blanco-bsi37wcnx-21206/,949999.0,785123.14,1,True
FRA-aire-acondicionado-siam-split-frio-calor,Fravega,OTRAS,Aires Acondicionados,Aire Acondicionado Siam Split Frío/calor 2365fg SMS25HA4CN,https://www.fravega.com/p/aire-acondicionado-siam-split-frio-calor-2365fg-sms25ha4cn-990251792/,879999.0,569999.0,1,True
FRA-calefactor-infrarrojo-liliana-ci650-2200,Fravega,LILIANA,Aires Acondicionados,Calefactor Infrarrojo Liliana CI650 2200W,https://www.fravega.com/p/calefactor-infrarrojo-liliana-ci650-2200w-130892/,157999.0,119999.0,1,True
FRA-caloventor-kanji-home-kjh-ch103-blanco-1,Fravega,OTRAS,Aires Acondicionados,Caloventor Kanji Home KJH-CH103 Blanco,https://www.fravega.com/p/caloventor-kanji-home-kjh-ch103-blanco-130556/,30999.0,24999.0,1,True
FRA-split-comfee-inverter-r-32-3096-kcal-h-f,Fravega,OTRAS,Aires Acondicionados,Split Comfee Inverter R-32 3096 kCal/h Frío Calor,https://www.fravega.com/p/split-comfee-inverter-r-32-3096-kcal-h-frio-calor-990175069/,1143999.0,674598.98,1,True
FRA-aire-acondicionado-lg-inverter-dualcool-,Fravega,LG,Aires Acondicionados,Aire Acondicionado LG Inverter DUALCOOL WiFi Frío Calor 3000 Frigorías S4-W12JA31A,https://www.fravega.com/p/aire-acondicionado-lg-inverter-dualcool-wifi-frio-calor-3000-frigorias-s4-w12ja31a-990247380/,1534499.0,1249998.99,1,True
FRA-aire-acondicionado-philco-inverter-4700f,Fravega,PHILCO,Aires Acondicionados,Aire Acondicionado Philco Inverter 4700F 5500W PHIN55HA2AN,https://www.fravega.com/p/aire-acondicionado-philco-inverter-4700f-5500w-phin55ha2an-21135/,1192800.0,985785.12,1,True
FRA-calefactor-multigas-orbis-sin-salida-404,Fravega,OTRAS,Aires Acondicionados,Calefactor Multigas Orbis Sin Salida 4044NO 4200 kcal/h,https://www.fravega.com/p/calefactor-multigas-orbis-sin-salida-4044no-4200-kcal-h-130425/,299999.0,249999.0,1,True
FRA-aire-acondicionado-split-fc-hitachi-hsrp,Fravega,OTRAS,Aires Acondicionados,Aire Acondicionado Split Fc Hitachi Hsrpe5800fcinv 5800w Blanco,https://www.fravega.com/p/aire-acondicionado-split-fc-hitachi-hsrpe5800fcinv-5800w-blanco-990301003/,1412300.0,1115717.0,1,True
FRA-aire-acondicionado-split-frio-calor-inve,Fravega,HISENSE,Aires Acondicionados,Aire Acondicionado Split Frío/Calor Inverter Hisense 5500W 4700F 55UR4SXSCA,https://www.fravega.com/p/aire-acondicionado-split-frio-calor-inverter-hisense-5500w-4700f-55ur4sxsca-20907/,1499999.0,1399999.0,1,True
FRA-calefactor-electrico-longvie-ee2k-130233,Fravega,OTRAS,Aires Acondicionados,Calefactor Eléctrico Longvie EE2K,https://www.fravega.com/p/calefactor-electrico-longvie-ee2k-130233/,249999.0,179999.0,1,True
FRA-aire-acondicionado-split-frio-calor-hise,Fravega,HISENSE,Aires Acondicionados,Aire Acondicionado Split Frío/Calor Hisense 3400W 2900F 34HR4SVRKG03PX4,https://www.fravega.com/p/aire-acondicionado-split-frio-calor-hisense-3400w-2900f-34hr4svrkg03px4-20890/,799999.0,659999.0,1,True
FRA-aire-acondicionado-philco-inverter-3200f,Fravega,PHILCO,Aires Acondicionados,Aire Acondicionado Philco Inverter 3200F 3750W PHIN37HA2AN,https://www.fravega.com/p/aire-acondicionado-philco-inverter-3200f-3750w-phin37ha2an-21134/,852000.0,704132.23,1,True
FRA-aire-acondicionado-lg-inverter-artcool-f,Fravega,LG,Aires Acondicionados,Aire Acondicionado LG Inverter ARTCOOL Frío/Calor 6000W S4-W24K2RPE,https://www.fravega.com/p/aire-acondicionado-lg-inverter-artcool-frio-calor-6000w-s4-w24k2rpe-990247382/,3079999.0,2699999.0,1,True
FRA-caloventor-kanjihome-kjh-ch103-2000-w-ne,Fravega,OTRAS,Aires Acondicionados,Caloventor KanjiHome KJH-CH103 2000 W Negro,https://www.fravega.com/p/caloventor-kanjihome-kjh-ch103-2000-w-negro-130688/,28999.0,21999.0,1,True
FRA-panel-calefactor-vitroceramico-2000w-gad,Fravega,OTRAS,Aires Acondicionados,Panel Calefactor Vitrocerámico 2000W Gadnic Con Termostato Vidrio Templado 3 Niveles,https://www.fravega.com/p/panel-calefactor-vitroceramico-2000w-gadnic-con-termostato-vidrio-templado-3-niveles-990289428/,139294.0,107149.0,1,True
FRA-aire-acondicionado-split-frio-calor-hise,Fravega,HISENSE,Aires Acondicionados,Aire Acondicionado Split Frío/Calor Hisense 5200W 4400F 52HR4SXSKG00PX4N,https://www.fravega.com/p/aire-acondicionado-split-frio-calor-hisense-5200w-4400f-52hr4sxskg00px4n-20917/,1299999.0,999999.0,1,True
FRA-calefactor-sin-ventilacion-longvie-eca2s,Fravega,OTRAS,Aires Acondicionados,Calefactor Sin Ventilación Longvie ECA2S 2200 kcal/h,https://www.fravega.com/p/calefactor-sin-ventilacion-longvie-eca2s-2200-kcal-h-130051/,259999.0,199999.0,1,True
FRA-aa-bgh-silent-air-3300w-f-c--21957288,Fravega,BGH,Aires Acondicionados,AA BGH Silent Air 3300W F/C,https://www.fravega.com/p/aa-bgh-silent-air-3300w-f-c--21957288/,949000.0,799000.0,1,True
FRA-aire-acondicionado-hyundai-inverter-con-,Fravega,OTRAS,Aires Acondicionados,Aire Acondicionado Hyundai Inverter con Wi-Fi 5000W F/C,https://www.fravega.com/p/aire-acondicionado-hyundai-inverter-con-wi-fi-5000w-f-c-990195323/,1605556.0,1444999.99,1,True
FRA-aire-acondicionado-ventana-midea-mvf12cf,Fravega,MIDEA,Aires Acondicionados,Aire Acondicionado Ventana Midea MVF12CFN81F,https://www.fravega.com/p/aire-acondicionado-ventana-midea-mvf12cfn81f-21415/,899999.0,799999.0,1,True
FRA-aire-acondicionado-portatil-surrey-551px,Fravega,SURREY,Aires Acondicionados,Aire Acondicionado Portatil Surrey 551PXQ12N81F 3010 Frigorias Frio/Calor,https://www.fravega.com/p/aire-acondicionado-portatil-surrey-551pxq12n81f-3010-frigorias-frio-calor-22599093/,1199999.0,999998.0,1,True
FRA-aire-acondicionado-hyundai-wifi-inverter,Fravega,OTRAS,Aires Acondicionados,Aire Acondicionado HYUNDAI WIFI INVERTER 3200 W F/C Efic A++,https://www.fravega.com/p/aire-acondicionado-hyundai-wifi-inverter-3200-w-f-c-efic-a--22638865/,1299000.0,899000.0,1,True
FRA-aire-acondicionado-samsung-3000w-inverte,Fravega,SAMSUNG,Aires Acondicionados,Aire Acondicionado SAMSUNG 3000W Inverter F/C,https://www.fravega.com/p/aire-acondicionado-samsung-3000w-inverter-f-c-22672826/,1399000.0,999000.0,1,True
FRA-aire-acondicionado-portatil-frio-calor-s,Fravega,OTRAS,Aires Acondicionados,Aire Acondicionado Portátil Frío Calor Sansei SAP26HC9AN,https://www.fravega.com/p/aire-acondicionado-portatil-frio-calor-sansei-sap26hc9an-21122/,699999.0,599999.0,1,True
FRA-aire-acondicionado-noblex-split-2750w-f-,Fravega,NOBLEX,Aires Acondicionados,Aire Acondicionado NOBLEX Split 2750W F/C On/Off,https://www.fravega.com/p/aire-acondicionado-noblex-split-2750w-f-c-on-off-22854226/,799000.0,679000.0,1,True
FRA-aire-acondicionado-ventana-frio-solo-phi,Fravega,PHILCO,Aires Acondicionados,Aire Acondicionado Ventana Frío Solo Philco PHW50CA3AN 4386F 5100W,https://www.fravega.com/p/aire-acondicionado-ventana-frio-solo-philco-phw50ca3an-4386f-5100w-20505/,1399999.0,1099999.0,1,True
FRA-aire-acondicionado-split-frio-calor-kelv,Fravega,OTRAS,Aires Acondicionados,Aire Acondicionado Split Frío/Calor Kelvinator K3200FCP 2700F 3200W,https://www.fravega.com/p/aire-acondicionado-split-frio-calor-kelvinator-k3200fcp-2700f-3200w-20794/,799999.0,749999.0,1,True
FRA-aire-acondicionado-lg-inverter-artcool-f,Fravega,LG,Aires Acondicionados,Aire Acondicionado LG Inverter Artcool Frío Calor 6000fg,https://www.fravega.com/p/aire-acondicionado-lg-inverter-artcool-frio-calor-6000fg-990006064/,3999999.0,2799998.99,1,True
FRA-aire-acondicionado-lg-dualcool-inverter-,Fravega,LG,Aires Acondicionados,Aire Acondicionado LG Dualcool Inverter Frío Calor 6000fg,https://www.fravega.com/p/aire-acondicionado-lg-dualcool-inverter-frio-calor-6000fg-990006458/,2840999.0,2159999.0,1,True
FRA-aire-acondicionado-philco-piso-techo-180,Fravega,PHILCO,Aires Acondicionados,Aire Acondicionado Philco Piso Techo 18000w Trifasico,https://www.fravega.com/p/aire-acondicionado-philco-piso-techo-18000w-trifasico-20051361/,3999000.0,3199000.0,1,True
FRA-aire-acondicionado-philco-split-frio-cal,Fravega,PHILCO,Aires Acondicionados,Aire Acondicionado Philco Split Frio/calor 4472 Frigorías Blanco 220v Phs50ha4cn,https://www.fravega.com/p/aire-acondicionado-philco-split-frio-calor-4472-frigorias-blanco-220v-phs50ha4cn-20051996/,1399000.0,1199000.0,1,True
FRA-aire-acondicionado-philco-split-frio-cal,Fravega,PHILCO,Aires Acondicionados,Aire Acondicionado Philco Split Frío/calor 5418 Frigorías Blanco 220v Phs60ha4cn,https://www.fravega.com/p/aire-acondicionado-philco-split-frio-calor-5418-frigorias-blanco-220v-phs60ha4cn-20059707/,1699000.0,1399000.0,1,True
FRA-aire-acondicionado-carrier-inverter-spli,Fravega,OTRAS,Aires Acondicionados,Aire Acondicionado Carrier Inverter Split Frío/Calor 53HVP12N81E 3600W 3100F,https://www.fravega.com/p/aire-acondicionado-carrier-inverter-split-frio-calor-53hvp12n81e-3600w-3100f-21055/,949999.0,785123.14,1,True
FRA-aire-acondicionado-split-frio-calor-hise,Fravega,HISENSE,Aires Acondicionados,Aire Acondicionado Split Frío/Calor Hisense 2750W 2300F 27HR4SYRKG00N,https://www.fravega.com/p/aire-acondicionado-split-frio-calor-hisense-2750w-2300f-27hr4syrkg00n-20889/,699999.0,599999.0,1,True
FRA-aire-acondicionado-split-inverter-midea-,Fravega,MIDEA,Aires Acondicionados,Aire Acondicionado Split Inverter Midea FC 3600W 3100F MSZIC-12H-N81E,https://www.fravega.com/p/aire-acondicionado-split-inverter-midea-fc-3600w-3100f-mszic-12h-n81e-21060/,759999.0,628098.35,1,True
FRA-aire-acondicionado-split-frio-calor-sams,Fravega,SAMSUNG,Aires Acondicionados,Aire Acondicionado Split Frío/Calor Samsung Inverter 4500F AR40F18,https://www.fravega.com/p/aire-acondicionado-split-frio-calor-samsung-inverter-4500f-ar40f18-990257268/,2399999.0,1369999.0,1,True
FRA-aire-acondicionado-bgh-split-inverter-fr,Fravega,BGH,Aires Acondicionados,Aire Acondicionado Bgh Split Inverter Frio/calor 3100F 3650W Blanco BSI37WCNX,https://www.fravega.com/p/aire-acondicionado-bgh-split-inverter-frio-calor-3100f-3650w-blanco-bsi37wcnx-21206/,949999.0,785123.14,1,True
FRA-aire-acondicionado-siam-split-frio-calor,Fravega,OTRAS,Aires Acondicionados,Aire Acondicionado Siam Split Frío/calor 2365fg SMS25HA4CN,https://www.fravega.com/p/aire-acondicionado-siam-split-frio-calor-2365fg-sms25ha4cn-990251792/,879999.0,569999.0,1,True
FRA-calefactor-infrarrojo-liliana-ci650-2200,Fravega,LILIANA,Aires Acondicionados,Calefactor Infrarrojo Liliana CI650 2200W,https://www.fravega.com/p/calefactor-infrarrojo-liliana-ci650-2200w-130892/,157999.0,119999.0,1,True
FRA-caloventor-kanji-home-kjh-ch103-blanco-1,Fravega,OTRAS,Aires Acondicionados,Caloventor Kanji Home KJH-CH103 Blanco,https://www.fravega.com/p/caloventor-kanji-home-kjh-ch103-blanco-130556/,30999.0,24999.0,1,True
FRA-split-comfee-inverter-r-32-3096-kcal-h-f,Fravega,OTRAS,Aires Acondicionados,Split Comfee Inverter R-32 3096 kCal/h Frío Calor,https://www.fravega.com/p/split-comfee-inverter-r-32-3096-kcal-h-frio-calor-990175069/,1143999.0,674598.98,1,True
FRA-aire-acondicionado-lg-inverter-dualcool-,Fravega,LG,Aires Acondicionados,Aire Acondicionado LG Inverter DUALCOOL WiFi Frío Calor 3000 Frigorías S4-W12JA31A,https://www.fravega.com/p/aire-acondicionado-lg-inverter-dualcool-wifi-frio-calor-3000-frigorias-s4-w12ja31a-990247380/,1534499.0,1249998.99,1,True
FRA-aire-acondicionado-philco-inverter-4700f,Fravega,PHILCO,Aires Acondicionados,Aire Acondicionado Philco Inverter 4700F 5500W PHIN55HA2AN,https://www.fravega.com/p/aire-acondicionado-philco-inverter-4700f-5500w-phin55ha2an-21135/,1192800.0,985785.12,1,True
FRA-calefactor-multigas-orbis-sin-salida-404,Fravega,OTRAS,Aires Acondicionados,Calefactor Multigas Orbis Sin Salida 4044NO 4200 kcal/h,https://www.fravega.com/p/calefactor-multigas-orbis-sin-salida-4044no-4200-kcal-h-130425/,299999.0,249999.0,1,True
FRA-aire-acondicionado-split-fc-hitachi-hsrp,Fravega,OTRAS,Aires Acondicionados,Aire Acondicionado Split Fc Hitachi Hsrpe5800fcinv 5800w Blanco,https://www.fravega.com/p/aire-acondicionado-split-fc-hitachi-hsrpe5800fcinv-5800w-blanco-990301003/,1412300.0,1115717.0,1,True
FRA-aire-acondicionado-split-frio-calor-inve,Fravega,HISENSE,Aires Acondicionados,Aire Acondicionado Split Frío/Calor Inverter Hisense 5500W 4700F 55UR4SXSCA,https://www.fravega.com/p/aire-acondicionado-split-frio-calor-inverter-hisense-5500w-4700f-55ur4sxsca-20907/,1499999.0,1399999.0,1,True
FRA-calefactor-electrico-longvie-ee2k-130233,Fravega,OTRAS,Aires Acondicionados,Calefactor Eléctrico Longvie EE2K,https://www.fravega.com/p/calefactor-electrico-longvie-ee2k-130233/,249999.0,179999.0,1,True
FRA-aire-acondicionado-split-frio-calor-hise,Fravega,HISENSE,Aires Acondicionados,Aire Acondicionado Split Frío/Calor Hisense 3400W 2900F 34HR4SVRKG03PX4,https://www.fravega.com/p/aire-acondicionado-split-frio-calor-hisense-3400w-2900f-34hr4svrkg03px4-20890/,799999.0,659999.0,1,True
FRA-aire-acondicionado-philco-inverter-3200f,Fravega,PHILCO,Aires Acondicionados,Aire Acondicionado Philco Inverter 3200F 3750W PHIN37HA2AN,https://www.fravega.com/p/aire-acondicionado-philco-inverter-3200f-3750w-phin37ha2an-21134/,852000.0,704132.23,1,True
FRA-aire-acondicionado-lg-inverter-artcool-f,Fravega,LG,Aires Acondicionados,Aire Acondicionado LG Inverter ARTCOOL Frío/Calor 6000W S4-W24K2RPE,https://www.fravega.com/p/aire-acondicionado-lg-inverter-artcool-frio-calor-6000w-s4-w24k2rpe-990247382/,3079999.0,2699999.0,1,True
FRA-caloventor-kanjihome-kjh-ch103-2000-w-ne,Fravega,OTRAS,Aires Acondicionados,Caloventor KanjiHome KJH-CH103 2000 W Negro,https://www.fravega.com/p/caloventor-kanjihome-kjh-ch103-2000-w-negro-130688/,28999.0,21999.0,1,True
FRA-panel-calefactor-vitroceramico-2000w-gad,Fravega,OTRAS,Aires Acondicionados,Panel Calefactor Vitrocerámico 2000W Gadnic Con Termostato Vidrio Templado 3 Niveles,https://www.fravega.com/p/panel-calefactor-vitroceramico-2000w-gadnic-con-termostato-vidrio-templado-3-niveles-990289428/,139294.0,107149.0,1,True
FRA-aire-acondicionado-split-frio-calor-hise,Fravega,HISENSE,Aires Acondicionados,Aire Acondicionado Split Frío/Calor Hisense 5200W 4400F 52HR4SXSKG00PX4N,https://www.fravega.com/p/aire-acondicionado-split-frio-calor-hisense-5200w-4400f-52hr4sxskg00px4n-20917/,1299999.0,999999.0,1,True
FRA-calefactor-sin-ventilacion-longvie-eca2s,Fravega,OTRAS,Aires Acondicionados,Calefactor Sin Ventilación Longvie ECA2S 2200 kcal/h,https://www.fravega.com/p/calefactor-sin-ventilacion-longvie-eca2s-2200-kcal-h-130051/,259999.0,199999.0,1,True
FRA-aire-acondicionado-split-surrey-frio-cal,Fravega,SURREY,Aires Acondicionados,Aire Acondicionado Split Surrey Frío Calor 2950F 3430W 553GFQ1201F,https://www.fravega.com/p/aire-acondicionado-split-surrey-frio-calor-2950f-3430w-553gfq1201f-20773/,999999.0,899999.0,1,True
FRA-aire-acondicionado-lg-split-inverter-art,Fravega,LG,Aires Acondicionados,Aire acondicionado LG Split inverter art cool 4500 Fg S4-W18KLRPA,https://www.fravega.com/p/aire-acondicionado-lg-split-inverter-art-cool-4500-fg-s4-w18klrpa-990052874/,3225499.0,2257849.0,1,True
FRA-aire-split-lg-frio-calor-artcool-w24k2rp,Fravega,LG,Aires Acondicionados,Aire Split LG Frio/calor Artcool W24k2rpe 6448W,https://www.fravega.com/p/aire-split-lg-frio-calor-artcool-w24k2rpe-6448w-21196400/,3359999.0,3149999.0,1,True
FRA-aire-split-inverter-f-c-lg-artcool-s4w18,Fravega,LG,Aires Acondicionados,Aire Split Inverter F/c LG Artcool S4w18klrpa 5000w,https://www.fravega.com/p/aire-split-inverter-f-c-lg-artcool-s4w18klrpa-5000w-21265248/,2561999.0,2408999.0,1,True
FRA-aire-acondicionado-piso-techo-siam-on-of,Fravega,OTRAS,Aires Acondicionados,Aire Acondicionado Piso Techo SIAM On Off 6 Tn 18000 frig F/C,https://www.fravega.com/p/aire-acondicionado-piso-techo-siam-on-off-6-tn-18000-frig-f-c-21499537/,3999000.0,3299000.0,1,True
FRA-split-midea-inverter-fc-3096-kcal-h-r-32,Fravega,MIDEA,Aires Acondicionados,Split Midea Inverter Fc 3096 Kcal/h. R-32 Msnic-12h-kn81f,https://www.fravega.com/p/split-midea-inverter-fc-3096-kcal-h-r-32-msnic-12h-kn81f-990183912/,1368739.0,1053929.03,1,True
FRA-aire-acondicionado-hyundai-inverter-con-,Fravega,OTRAS,Aires Acondicionados,Aire Acondicionado Hyundai Inverter con Wi-Fi 3200W F/C,https://www.fravega.com/p/aire-acondicionado-hyundai-inverter-con-wi-fi-3200w-f-c-990195325/,1088889.0,980000.01,1,True
FRA-aire-acondicionado-hisense-frio-calor-fr,Fravega,HISENSE,Aires Acondicionados,Aire Acondicionado Hisense Frio Calor Fresh Master AS12UW5RXJQJ00PI,https://www.fravega.com/p/aire-acondicionado-hisense-frio-calor-fresh-master-as12uw5rxjqj00pi-990207253/,1759999.0,1469999.0,1,True
FRA-aire-acondicionado-hisense-inverter-5500,Fravega,HISENSE,Aires Acondicionados,Aire Acondicionado HISENSE Inverter 5500 W NEGRO F/C,https://www.fravega.com/p/aire-acondicionado-hisense-inverter-5500-w-negro-f-c-22352337/,1799000.0,1399000.0,1,True
FRA-estufa-garrafera-plegable-daewoo-dany701,Fravega,OTRAS,Aires Acondicionados,Estufa Garrafera Plegable Daewoo Dany701 Alta Eficiencia,https://www.fravega.com/p/estufa-garrafera-plegable-daewoo-dany701-alta-eficiencia-22461526/,361998.59,202119.0,1,True
FRA-aire-acondicionado-split-on-off-2503-kca,Fravega,OTRAS,Aires Acondicionados,Aire Acondicionado Split On/off 2503 Kcal/h - Comfee,https://www.fravega.com/p/aire-acondicionado-split-on-off-2503-kcal-h-comfee-990225598/,905999.0,619999.0,1,True
FRA-aire-acondicionado-hitachi-hspe5400fcinv,Fravega,OTRAS,Aires Acondicionados,Aire acondicionado Hitachi hspe5400fcinv split electrico 220v inverter,https://www.fravega.com/p/aire-acondicionado-hitachi-hspe5400fcinv-split-electrico-220v-inverter-22506133/,1999999.0,1249999.0,1,True
FRA--aire-acondicionado-hitachi-hspe6400fcin,Fravega,OTRAS,Aires Acondicionados,Aire acondicionado Hitachi hspe6400fcinv inverter 220v,https://www.fravega.com/p/-aire-acondicionado-hitachi-hspe6400fcinv-inverter-220v-22506380/,1999999.0,1565998.0,1,True
FRA-aire-acondicionado-hisense-split-inverte,Fravega,HISENSE,Aires Acondicionados,Aire Acondicionado Hisense Split Inverter 5500w AS18UR4SXSCD00PX4,https://www.fravega.com/p/aire-acondicionado-hisense-split-inverter-5500w-as18ur4sxscd00px4-990245172/,1649999.0,1314999.0,1,True
FRA-aire-acondicionado-tcl-split-frio-calor-,Fravega,TCL,Aires Acondicionados,Aire Acondicionado TCL Split Frío/Calor 5400W Elite On/Off,https://www.fravega.com/p/aire-acondicionado-tcl-split-frio-calor-5400w-elite-on-off-20967/,1099999.0,909090.08,1,True
FRA-depiladora-ipl-philips-lumea-prestige-br,Fravega,PHILIPS,Pequeños Electrodomésticos,Depiladora IPL Philips Lumea Prestige BRI947/30,https://www.fravega.com/p/depiladora-ipl-philips-lumea-prestige-bri947-30-13275/,959999.0,659999.0,1,True
FRA-aspiradora-robot-electrolux-4-1-wi-fi-ex,Fravega,OTRAS,Pequeños Electrodomésticos,Aspiradora Robot Electrolux 4 en 1 Wi-Fi Experience Mapeo Inteligente y Base Autolimpieza ERB80,https://www.fravega.com/p/aspiradora-robot-electrolux-4-1-wi-fi-experience-mapeo-inteligente-y-base-autolimpieza-erb80-990277197/,966666.0,695999.0,1,True
FRA-pava-electrica-ultracomb-pe-4930-con-pan,Fravega,OTRAS,Pequeños Electrodomésticos,Pava Eléctrica Ultracomb PE-4930 Con Pantalla Táctil Y Selector De Temperatura Negro,https://www.fravega.com/p/pava-electrica-ultracomb-pe-4930-con-pantalla-tactil-y-selector-de-temperatura-negro-14350/,89999.0,63999.0,1,True
FRA-mixer-kanji-3-1-800w-lic-bl0800la02-kjn-,Fravega,OTRAS,Pequeños Electrodomésticos,Mixer Kanji 3 en 1 800W LIC-BL0800LA02-KJN,https://www.fravega.com/p/mixer-kanji-3-1-800w-lic-bl0800la02-kjn-180574/,59999.0,39999.0,1,True
FRA-cafetera-nespresso-inissia-black-13916,Fravega,OTRAS,Pequeños Electrodomésticos,Cafetera Nespresso Inissia Black,https://www.fravega.com/p/cafetera-nespresso-inissia-black-13916/,363900.0,218340.0,1,True
FRA-cortabarba-philips-oneblade-qp2824-10-fa,Fravega,PHILIPS,Pequeños Electrodomésticos,Cortabarba Philips Oneblade QP2824/10 Face & Body,https://www.fravega.com/p/cortabarba-philips-oneblade-qp2824-10-face--body-30356/,86299.0,59999.0,1,True
FRA-pava-electrica-winco-w1704-acero-14324,Fravega,ACER,Pequeños Electrodomésticos,Pava Eléctrica Winco W1704 Acero,https://www.fravega.com/p/pava-electrica-winco-w1704-acero-14324/,29999.0,15999.0,1,True
FRA-freidora-de-aire-atma-y-hornito-electric,Fravega,ATMA,Pequeños Electrodomésticos,Freidora de Aire Atma y Hornito Eléctrico HGFA2323PI 23Lts Silver,https://www.fravega.com/p/freidora-de-aire-atma-y-hornito-electrico-hgfa2323pi-23lts-silver-240247/,299999.0,169999.0,1,True
FRA-freidora-de-aire-peabody-pe-afw520n-5-2l,Fravega,OTRAS,Pequeños Electrodomésticos,"Freidora de Aire Peabody PE-AFW520N 5,2Lts",https://www.fravega.com/p/freidora-de-aire-peabody-pe-afw520n-5-2lts-14090/,109999.0,89999.0,1,True
FRA-pava-electrica-kanji-home-con-corte-mate,Fravega,OTRAS,Pequeños Electrodomésticos,Pava Eléctrica Kanji Home con Corte Mate KJH-PE15002M,https://www.fravega.com/p/pava-electrica-kanji-home-con-corte-mate-kjh-pe15002m--13629/,29999.0,19999.0,1,True
FRA-secador-de-pelo-gama-mistral-ceramic-ion,Fravega,GAMA,Pequeños Electrodomésticos,Secador de Pelo GAMA Mistral Ceramic Ion,https://www.fravega.com/p/secador-de-pelo-gama-mistral-ceramic-ion-13349/,74999.0,51999.0,1,True
FRA-microondas-bgh-20-litros-digital-eco-b12,Fravega,BGH,Pequeños Electrodomésticos,Microondas BGH 20 Litros Digital ECO B120DB20,https://www.fravega.com/p/microondas-bgh-20-litros-digital-eco-b120db20-110288/,259999.0,149999.0,1,True
FRA-aspiradora-philco-stick-vertical-2-1-hvc,Fravega,PHILCO,Pequeños Electrodomésticos,Aspiradora Philco Stick Vertical 2 en 1 HVCPH177PI,https://www.fravega.com/p/aspiradora-philco-stick-vertical-2-1-hvcph177pi--60288/,129999.0,49999.0,1,True
FRA-freidora-de-aire-atma-con-visor-fr246abp,Fravega,ATMA,Pequeños Electrodomésticos,Freidora de Aire ATMA con Visor FR246ABP 6Lts Negro,https://www.fravega.com/p/freidora-de-aire-atma-con-visor-fr246abp-6lts-negro-13898/,189999.0,109999.0,1,True
FRA-tostadora-kanji-negra-800w-kjh-tm800-05-,Fravega,OTRAS,Pequeños Electrodomésticos,Tostadora Kanji Negra 800W KJH-TM800-05,https://www.fravega.com/p/tostadora-kanji-negra-800w-kjh-tm800-05-14175/,39999.0,27999.0,1,True
FRA-tostadora-atma-to20wp-14443,Fravega,ATMA,Pequeños Electrodomésticos,Tostadora Atma TO20WP,https://www.fravega.com/p/tostadora-atma-to20wp-14443/,49999.0,28999.0,1,True
FRA-pava-electrica-yelmo-1-7lts-pe-3902k--12,Fravega,OTRAS,Pequeños Electrodomésticos,Pava Eléctrica Yelmo 1.7Lts PE-3902K,https://www.fravega.com/p/pava-electrica-yelmo-1-7lts-pe-3902k--12346/,49999.0,29999.0,1,True
FRA-cafetera-de-filtro-atma-ca2180p-14442,Fravega,ATMA,Pequeños Electrodomésticos,Cafetera de FIltro ATMA CA2180P,https://www.fravega.com/p/cafetera-de-filtro-atma-ca2180p-14442/,49999.0,23999.0,1,True
FRA-repuesto-cuchillas-x2-para-cortabarba-ph,Fravega,PHILIPS,Pequeños Electrodomésticos,Repuesto Cuchillas x2 para Cortabarba Philips OneBlade,https://www.fravega.com/p/repuesto-cuchillas-x2-para-cortabarba-philips-oneblade-30460/,31499.0,25999.0,1,True
FRA-yogurtera-yelmo-yg-1700-7-jarros-vidrio-,Fravega,OTRAS,Pequeños Electrodomésticos,"Yogurtera Yelmo Yg-1700 7 Jarros Vidrio 1,1L Recetario 15W",https://www.fravega.com/p/yogurtera-yelmo-yg-1700-7-jarros-vidrio-1-1l-recetario-15w-20057421/,62049.83,29999.0,1,True
FRA-planchita-de-pelo-admiral-ad-pl001-ceram,Fravega,OTRAS,Pequeños Electrodomésticos,Planchita de Pelo Admiral AD-PL001 Ceramic 230,https://www.fravega.com/p/planchita-de-pelo-admiral-ad-pl001-ceramic-230-14214/,39999.0,19999.0,1,True
FRA-mixer-3-1-electrolux-efficient-600w-eib2,Fravega,OTRAS,Pequeños Electrodomésticos,Mixer 3 en 1 Electrolux Efficient 600W EIB20,https://www.fravega.com/p/mixer-3-1-electrolux-efficient-600w-eib20-180384/,110999.0,89999.0,1,True
FRA-limpiadora-a-vapor-midow-m1-0004-1500w-3,Fravega,OTRAS,Pequeños Electrodomésticos,Limpiadora a Vapor Midow M1/0004 1500W,https://www.fravega.com/p/limpiadora-a-vapor-midow-m1-0004-1500w-311224/,99999.0,70699.0,1,True
FRA-plancha-a-vapor-ultracomb-pl-4170-250316,Fravega,OTRAS,Pequeños Electrodomésticos,Plancha A Vapor Ultracomb PL-4170,https://www.fravega.com/p/plancha-a-vapor-ultracomb-pl-4170-250316/,42999.0,26999.0,1,True
FRA-secador-de-pelo-profesional-remington-si,Fravega,REMINGTON,Pequeños Electrodomésticos,Secador de Pelo Profesional Remington Silk AC9096 2400W,https://www.fravega.com/p/secador-de-pelo-profesional-remington-silk-ac9096-2400w-11933/,104999.0,84799.0,1,True
FRA-cortabarba-philips-oneblade-qp2724-10-30,Fravega,PHILIPS,Pequeños Electrodomésticos,Cortabarba Philips Oneblade QP2724/10,https://www.fravega.com/p/cortabarba-philips-oneblade-qp2724-10-30337/,64899.0,45999.0,1,True
FRA-pava-electrica-atma-pe1821rap-1-7-litros,Fravega,ATMA,Pequeños Electrodomésticos,"Pava Eléctrica ATMA PE1821RAP 1,7 litros",https://www.fravega.com/p/pava-electrica-atma-pe1821rap-1-7-litros-13610/,48999.0,43999.0,1,True
FRA-sandwichera-oster-deep-plates-ckstsm400-,Fravega,OSTER,Pequeños Electrodomésticos,Sandwichera Oster Deep Plates CKSTSM400,https://www.fravega.com/p/sandwichera-oster-deep-plates-ckstsm400--13836/,41999.0,39999.0,1,True
FRA-planchita-de-pelo-gama-elegance-bella-to,Fravega,GAMA,Pequeños Electrodomésticos,Planchita de Pelo GAMA Elegance Bella Tourmaline ION 230°C,https://www.fravega.com/p/planchita-de-pelo-gama-elegance-bella-tourmaline-ion-230c-13040/,69999.0,54999.0,1,True
FRA-cafetera-nespresso-inissia-black-aerocci,Fravega,OTRAS,Pequeños Electrodomésticos,Cafetera Nespresso Inissia Black + Aeroccino 3,https://www.fravega.com/p/cafetera-nespresso-inissia-black-aeroccino-3-11932/,525950.0,315570.0,1,True
FRA-balanza-de-cocina-anti-deslizante-led-di,Fravega,OTRAS,Pequeños Electrodomésticos,Balanza De Cocina Anti-Deslizante Led Digital 10kg Con Tara Blanca Kenta,https://www.fravega.com/p/balanza-de-cocina-anti-deslizante-led-digital-10kg-con-tara-blanca-kenta--22718915/,11427.14,7999.0,1,True
FRA-freidora-de-aire-philips-na12000-4-2-lit,Fravega,PHILIPS,Pequeños Electrodomésticos,"Freidora de Aire Philips NA12000 4,2 Litros",https://www.fravega.com/p/freidora-de-aire-philips-na12000-4-2-litros-14092/,159999.0,92999.0,1,True
FRA-microondas-mecanico-bgh-b118mn25-18-litr,Fravega,BGH,Pequeños Electrodomésticos,Microondas Mecánico BGH B118MN25 18 Litros,https://www.fravega.com/p/microondas-mecanico-bgh-b118mn25-18-litros-110414/,199999.0,129999.0,1,True
FRA-afeitadora-electrica-inalambrica-philco-,Fravega,PHILCO,Pequeños Electrodomésticos,Afeitadora Eléctrica Inalámbrica Philco AE5105,https://www.fravega.com/p/afeitadora-electrica-inalambrica-philco-ae5105-30464/,54999.0,34999.0,1,True
FRA-pava-electrica-philco-peph1182ip-inoxida,Fravega,PHILCO,Pequeños Electrodomésticos,Pava Eléctrica Philco PEPH1182IP Inoxidable,https://www.fravega.com/p/pava-electrica-philco-peph1182ip-inoxidable-14055/,41999.0,29999.0,1,True
FRA-cafetera-moulinex-genio-s-plus-negra-134,Fravega,OTRAS,Pequeños Electrodomésticos,Cafetera Moulinex Genio S Plus Negra,https://www.fravega.com/p/cafetera-moulinex-genio-s-plus-negra-13414/,312690.0,219999.0,1,True
FRA-yogurtera-electrica-novohome-nh-yg2900-1,Fravega,OTRAS,Pequeños Electrodomésticos,Yogurtera Eléctrica Novohome NH-YG2900 1.5 Lts 20w,https://www.fravega.com/p/yogurtera-electrica-novohome-nh-yg2900-1-5-lts-20w-990274938/,41989.0,34238.0,1,True
FRA-microondas-digital-atma-matdb20ubn-20-lt,Fravega,ATMA,Pequeños Electrodomésticos,Microondas Digital ATMA MATDB20UBN 20 Lts,https://www.fravega.com/p/microondas-digital-atma-matdb20ubn-20-lts-110305/,239999.0,209999.0,1,True
FRA-freidora-de-aire-atma-con-visor-fr246awp,Fravega,ATMA,Pequeños Electrodomésticos,Freidora de Aire ATMA con Visor FR246AWP 6Lts Blanco,https://www.fravega.com/p/freidora-de-aire-atma-con-visor-fr246awp-6lts-blanco-14102/,189999.0,109999.0,1,True
FRA-secador-remington-d3015-power-volumen-20,Fravega,REMINGTON,Pequeños Electrodomésticos,Secador Remington D3015 Power Volumen 2000,https://www.fravega.com/p/secador-remington-d3015-power-volumen-2000-12426/,69999.0,59999.0,1,True
FRA-planchita-de-pelo-allure-pl1010ap-titani,Fravega,OTRAS,Pequeños Electrodomésticos,Planchita de Pelo Allure PL1010AP Titanium Ion,https://www.fravega.com/p/planchita-de-pelo-allure-pl1010ap-titanium-ion-13892/,34999.0,22999.0,1,True
FRA-maquina-de-coser-mc202-mini-recta-con-lu,Fravega,OTRAS,Pequeños Electrodomésticos,Máquina de Coser MC202 Mini Recta con Luz Portátil,https://www.fravega.com/p/maquina-de-coser-mc202-mini-recta-con-luz-portatil-200047/,55999.0,26999.0,1,True
FRA-mixer-philco-4-1-600w-lmph8508np-180532,Fravega,PHILCO,Pequeños Electrodomésticos,Mixer Philco 4 en 1 600W LMPH8508NP,https://www.fravega.com/p/mixer-philco-4-1-600w-lmph8508np-180532/,99999.0,69999.0,1,True
FRA-steamer-vaporizador-de-prendas-suono-hog,Fravega,OTRAS,Pequeños Electrodomésticos,Steamer Vaporizador de Prendas Suono HOG0322VER,https://www.fravega.com/p/steamer-vaporizador-de-prendas-suono-hog0322ver-250275/,54999.0,24999.0,1,True
FRA-pava-electrica-oster-1-7-lts-bvstkt89700,Fravega,OSTER,Pequeños Electrodomésticos,"Pava Eléctrica Oster 1,7 Lts BVSTKT8970054",https://www.fravega.com/p/pava-electrica-oster-1-7-lts-bvstkt8970054-13256/,104999.0,78499.0,1,True
FRA-licuadora-mondial-pratic-power-550w-1-6l,Fravega,OTRAS,Pequeños Electrodomésticos,"Licuadora Mondial Pratic Power 550W 1,6Lts L-98-B Negro",https://www.fravega.com/p/licuadora-mondial-pratic-power-550w-1-6lts-l-98-b-negro-180525/,59999.0,44999.0,1,True
FRA-cafetera-oster-digital-programable-12-ta,Fravega,OSTER,Pequeños Electrodomésticos,Cafetera Oster Digital Programable 12 Tazas BVSTDC4403,https://www.fravega.com/p/cafetera-oster-digital-programable-12-tazas-bvstdc4403-14121/,115499.0,79999.0,1,True
FRA-mixer-atma-lmat8528bp-5en1-180522,Fravega,ATMA,Pequeños Electrodomésticos,Mixer Atma LMAT8528BP 5EN1,https://www.fravega.com/p/mixer-atma-lmat8528bp-5en1-180522/,99999.0,79999.0,1,True
FRA-aspiradora-ciclonica-electrolux-2200w-ea,Fravega,OTRAS,Pequeños Electrodomésticos,Aspiradora Ciclónica Electrolux 2200W EasyBox con Boquilla PET EAS41,https://www.fravega.com/p/aspiradora-ciclonica-electrolux-2200w-easybox-con-boquilla-pet-eas41-60425/,239999.0,209999.0,1,True
FRA-afeitadora-philips-s1881-00-serie-1000-u,Fravega,PHILIPS,Pequeños Electrodomésticos,Afeitadora Philips S1881/00 Serie 1000 uso en Húmedo y Seco,https://www.fravega.com/p/afeitadora-philips-s1881-00-serie-1000-uso-humedo-y-seco-30625/,81999.0,64999.0,1,True
FRA-freidora-de-aire-y-hornito-peabody-pe-af,Fravega,OTRAS,Pequeños Electrodomésticos,Freidora de Aire y Hornito Peabody PE-AFO120N 12 Litros,https://www.fravega.com/p/freidora-de-aire-y-hornito-peabody-pe-afo120n-12-litros-13863/,289999.0,179999.0,1,True
FRA-cafetera-espresso-suono-20-bar-espumador,Fravega,OTRAS,Pequeños Electrodomésticos,Cafetera Espresso Suono 20 Bar Espumador HOG0389ACE,https://www.fravega.com/p/cafetera-espresso-suono-20-bar-espumador-hog0389ace-13969/,179999.0,109999.0,1,True
FRA-cafetera-expresso-smartlife-sl-ec5501-14,Fravega,OTRAS,Pequeños Electrodomésticos,Cafetera Expresso Smartlife SL-EC5501,https://www.fravega.com/p/cafetera-expresso-smartlife-sl-ec5501-14038/,149999.0,119999.0,1,True
FRA-maquina-de-helados-y-postres-ninja-cream,Fravega,OTRAS,Pequeños Electrodomésticos,Máquina de Helados Y Postres Ninja Creami,https://www.fravega.com/p/maquina-de-helados-y-postres-ninja-creami-14355/,634999.0,524792.56,1,True
FRA-waflera-atma-toy-story-woody-mw013wtsdn-,Fravega,ATMA,Pequeños Electrodomésticos,Waflera Atma Toy Story Woody MW013WTSDN,https://www.fravega.com/p/waflera-atma-toy-story-woody-mw013wtsdn-14425/,39999.0,38999.0,1,True
FRA-aspiradora-de-tacho-electrolux-a10n1-pol,Fravega,OTRAS,Pequeños Electrodomésticos,Aspiradora de Tacho Electrolux A10N1 Polvo y Agua 10 Litros,https://www.fravega.com/p/aspiradora-de-tacho-electrolux-a10n1-polvo-y-agua-10-litros-60315/,149999.0,89999.0,1,True
FRA-planchita-de-pelo-revlon-rvst2182red-anc,Fravega,OTRAS,Pequeños Electrodomésticos,Planchita de Pelo Revlon RVST2182RED Ancha,https://www.fravega.com/p/planchita-de-pelo-revlon-rvst2182red-ancha-10407/,69999.0,49999.0,1,True
FRA-tostadora-electrolux-ets10-negro-13457,Fravega,OTRAS,Pequeños Electrodomésticos,Tostadora Electrolux ETS10 Negro,https://www.fravega.com/p/tostadora-electrolux-ets10-negro-13457/,51099.0,47999.0,1,True
FRA-pava-electrica-electrolux-efficient-1-8l,Fravega,OTRAS,Pequeños Electrodomésticos,"Pava Eléctrica Electrolux Efficient 1,8Lts EEK11",https://www.fravega.com/p/pava-electrica-electrolux-efficient-1-8lts-eek11-14569/,58999.0,34999.0,1,True
FRA-steamer-atma-gs2200pi-1400-watts-250133,Fravega,ATMA,Pequeños Electrodomésticos,Steamer ATMA GS2200PI 1400 watts,https://www.fravega.com/p/steamer-atma-gs2200pi-1400-watts-250133/,75999.0,49999.0,1,True
FRA-secador-de-pelo-philips-dry-care-bhd274-,Fravega,PHILIPS,Pequeños Electrodomésticos,Secador de Pelo Philips Dry Care BHD274-00,https://www.fravega.com/p/secador-de-pelo-philips-dry-care-bhd274-00-13183/,122399.0,89999.0,1,True
FRA-hornito-electrico-bgh-bhe55m25-55-lts-24,Fravega,BGH,Pequeños Electrodomésticos,Hornito Eléctrico BGH BHE55M25 55 Lts,https://www.fravega.com/p/hornito-electrico-bgh-bhe55m25-55-lts-240809/,213999.0,169999.0,1,True
FRA-afeitadora-philips-serie-5000-x5012-05-3,Fravega,PHILIPS,Pequeños Electrodomésticos,Afeitadora Philips Serie 5000 X5012/05,https://www.fravega.com/p/afeitadora-philips-serie-5000-x5012-05-30374/,139999.0,103999.0,1,True
FRA-pava-electrica-philips-digital-hd9396-90,Fravega,PHILIPS,Pequeños Electrodomésticos,"Pava Eléctrica Philips Digital HD9396/90 1,7 Lts",https://www.fravega.com/p/pava-electrica-philips-digital-hd9396-90-1-7-lts-14287/,99999.0,94999.0,1,True
FRA-quita-saca-pelusa-electrico-smart-tek-qp,Fravega,OTRAS,Pequeños Electrodomésticos,Quita Saca Pelusa Electrico Smart Tek Qp1214,https://www.fravega.com/p/quita-saca-pelusa-electrico-smart-tek-qp1214-22632354/,49999.0,24599.0,1,True
FRA-freidora-de-aire-digital-atma-fr246gap-6,Fravega,ATMA,Pequeños Electrodomésticos,Freidora de Aire Digital ATMA FR246GAP 6Lt,https://www.fravega.com/p/freidora-de-aire-digital-atma-fr246gap-6lt-13988/,189999.0,109999.0,1,True
FRA-yogurtera-yg-1704-4-jarros-720ml-super-c,Fravega,OTRAS,Pequeños Electrodomésticos,Yogurtera Yg 1704 4 Jarros 720ml Super Compacta 20w,https://www.fravega.com/p/yogurtera-yg-1704-4-jarros-720ml-super-compacta-20w-21506842/,59999.0,27099.0,1,True
FRA-depiladora-electrica-philips-bre227-00-1,Fravega,PHILIPS,Pequeños Electrodomésticos,Depiladora Eléctrica Philips BRE227/00,https://www.fravega.com/p/depiladora-electrica-philips-bre227-00-14404/,72999.0,59999.0,1,True
FRA-pava-electrica-atma-peat1351wp-1-8-litro,Fravega,ATMA,Pequeños Electrodomésticos,"Pava Eléctrica Atma PEAT1351WP 1,8 Litros",https://www.fravega.com/p/pava-electrica-atma-peat1351wp-1-8-litros-14145/,44999.0,37999.0,1,True
FRA-balanza-digital-de-cocina-icare-tm-801-n,Fravega,OTRAS,Pequeños Electrodomésticos,Balanza Digital de Cocina iCare TM-801 N/D,https://www.fravega.com/p/balanza-digital-de-cocina-icare-tm-801-n-d-20022096/,22907.0,9000.0,1,True
FRA-cafetera-oster-bvstdc4404--13725,Fravega,OSTER,Pequeños Electrodomésticos,Cafetera Oster BVSTDC4404,https://www.fravega.com/p/cafetera-oster-bvstdc4404--13725/,161699.0,112999.0,1,True
FRA-hornito-electrico-bgh-bhe40m25i-40-lts-2,Fravega,BGH,Pequeños Electrodomésticos,Hornito Eléctrico BGH BHE40M25I 40 Lts,https://www.fravega.com/p/hornito-electrico-bgh-bhe40m25i-40-lts-240808/,189999.0,139999.0,1,True
FRA-depiladora-ipl-philips-lumea-lumea-advan,Fravega,PHILIPS,Pequeños Electrodomésticos,Depiladora IPL Philips Lumea Lumea Advanced BRI920/30 + Recortador,https://www.fravega.com/p/depiladora-ipl-philips-lumea-lumea-advanced-bri920-30-recortador-13149/,699999.0,439999.0,1,True
FRA-tostadora-kanji-blanca-800w-kjh-tm800-04,Fravega,OTRAS,Pequeños Electrodomésticos,Tostadora Kanji Blanca 800W KJH-TM800-04,https://www.fravega.com/p/tostadora-kanji-blanca-800w-kjh-tm800-04-12736/,39999.0,23999.0,1,True
FRA-aspiradora-de-mano-yelmo-recargable-as-3,Fravega,OTRAS,Pequeños Electrodomésticos,Aspiradora de Mano Yelmo Recargable AS-3240 Auto y Hogar,https://www.fravega.com/p/aspiradora-de-mano-yelmo-recargable-as-3240-auto-y-hogar-60323/,59999.0,37999.0,1,True
FRA-multigroom-all-one-philips-mg3911-15-inc,Fravega,PHILIPS,Pequeños Electrodomésticos,Multigroom All-in-One Philips MG3911/15 incluye 7 accesorios,https://www.fravega.com/p/multigroom-all-one-philips-mg3911-15-incluye-7-accesorios-30397/,51799.0,35999.0,1,True
FRA-sillon-living-esquinero-3-cuerpos-chenil,Fravega,OTRAS,Muebles,Sillon Living Esquinero 3 Cuerpos Chenille Gris Oscuro + Manta + Vaso de Regalo | Promo Invierno,https://www.fravega.com/p/sillon-living-esquinero-3-cuerpos-chenille-gris-oscuro-manta-vaso-de-regalo-promo-invierno-22924551/,2129863.0,739999.0,1,True
FRA-despensero-2-maxi-puertas-centro-estant-,Fravega,OTRAS,Muebles,Despensero 2 Maxi Puertas Centro Estant DIS4 Blanco 180 x 60 cm,https://www.fravega.com/p/despensero-2-maxi-puertas-centro-estant-dis4-blanco-180-x-60-cm-600010/,199999.0,149999.0,1,True
FRA-placard-180-x-180-blanco-2-puertas-corre,Fravega,OTRAS,Muebles,Placard 180 x 180 Blanco 2 Puertas Corredizas 4 cajones - Rieles y Perfiles Aluminio,https://www.fravega.com/p/placard-180-x-180-blanco-2-puertas-corredizas-4-cajones-rieles-y-perfiles-aluminio--22875220/,680000.0,538821.0,1,True
FRA-set-x4-sillas-de-diseno-allegra-negra-li,Fravega,OTRAS,Muebles,Set x4 Sillas de Diseño Allegra Negra Living Comedor Cocina,https://www.fravega.com/p/set-x4-sillas-de-diseno-allegra-negra-living-comedor-cocina-601611/,199999.0,118999.0,1,True
FRA-juego-de-comedor-analu-6-sillas-madesa-1,Fravega,OTRAS,Muebles,Juego de comedor Analu 6 sillas Madesa 136 Cm,https://www.fravega.com/p/juego-de-comedor-analu-6-sillas-madesa-136-cm-22707584/,499998.0,319919.0,1,True
FRA-vanitory-colgante-50-cm-nordico-bacha-gr,Fravega,LG,Muebles,Vanitory Colgante 50 cm Nórdico Bacha + Griferia + Espejo,https://www.fravega.com/p/vanitory-colgante-50-cm-nordico-bacha-griferia-espejo--22883676/,137846.0,96344.0,1,True
FRA-combo-vanitory-50-cm-nordico-espejo-grif,Fravega,OTRAS,Muebles,Combo Vanitory 50 cm Nordico + Espejo + Griferia Cromada,https://www.fravega.com/p/combo-vanitory-50-cm-nordico-espejo-griferia-cromada-22883679/,189449.0,117779.0,1,True
FRA-bajo-mesada-120-blanco-20031576,Fravega,OTRAS,Muebles,Bajo Mesada 120 blanco,https://www.fravega.com/p/bajo-mesada-120-blanco-20031576/,204820.0,178300.0,1,True
FRA-mueble-para-microondas-kp50-blanco-50022,Fravega,OTRAS,Muebles,Mueble para Microondas KP50 Blanco,https://www.fravega.com/p/mueble-para-microondas-kp50-blanco-50022175/,209440.0,174900.0,1,True
FRA-biblioteca-centro-estant-l9bl-blanca-180,Fravega,OTRAS,Muebles,Biblioteca Centro Estant L9BL Blanca 180 x 41 cm,https://www.fravega.com/p/biblioteca-centro-estant-l9bl-blanca-180-x-41-cm-600837/,99999.0,74999.0,1,True
FRA-cama-box-emc-queen-con-6-cajones-y-2-zap,Fravega,OTRAS,Muebles,Cama Box EMC Queen con 6 Cajones y 2 Zapateros Venezia,https://www.fravega.com/p/cama-box-emc-queen-con-6-cajones-y-2-zapateros-venezia-21195869/,1781955.0,534587.0,1,True
FRA-silla-oficina-ultimate-ut-j03-601491,Fravega,OTRAS,Muebles,Silla Oficina Ultimate UT-J03,https://www.fravega.com/p/silla-oficina-ultimate-ut-j03-601491/,199999.0,105999.0,1,True
FRA-respaldo-de-cama-centro-estant-dali-140-,Fravega,OTRAS,Muebles,Respaldo de cama Centro Estant Dali 140-160 Negro Paraiso,https://www.fravega.com/p/respaldo-de-cama-centro-estant-dali-140-160-negro-paraiso-21184405/,196658.0,129300.0,1,True
FRA-mesa-tv-centro-estant-mt4002bl-blanco-12,Fravega,OTRAS,Muebles,Mesa TV Centro Estant MT4002BL Blanco 128 x 50 cm,https://www.fravega.com/p/mesa-tv-centro-estant-mt4002bl-blanco-128-x-50-cm-601417/,199999.0,119999.0,1,True
FRA-rack-tv-negro-con-puerta-corrediza--mueb,Fravega,LG,Muebles,Rack TV Negro con Puerta Corrediza – Mueble para Televisor Moderno 50 a 55 Pulgadas con Ruedas 136 cm,https://www.fravega.com/p/rack-tv-negro-con-puerta-corrediza--mueble-para-televisor-moderno-50-a-55-pulgadas-con-ruedas-136-cm-22589027/,250000.0,172229.0,1,True
FRA-silla-de-oficina-premium-ultimate-ut-c34,Fravega,OTRAS,Muebles,Silla de Oficina Premium Ultimate UT-C340W Blanco,https://www.fravega.com/p/silla-de-oficina-premium-ultimate-ut-c340w-blanco-601654/,149999.0,89999.0,1,True
FRA-cama-box-160-2-plazas-queen-con-zapatero,Fravega,OTRAS,Muebles,"Cama Box 160 2 Plazas Queen con Zapateros, Bauleras y Cajones Blanco Centro Estant",https://www.fravega.com/p/cama-box-160-2-plazas-queen-con-zapateros-bauleras-y-cajones-blanco-centro-estant-22715855/,700200.0,416800.0,1,True
FRA-escritorio-centro-estant-milan-negro-par,Fravega,OTRAS,Muebles,Escritorio Centro Estant Milan Negro Paraiso Ancho 168cm,https://www.fravega.com/p/escritorio-centro-estant-milan-negro-paraiso-ancho-168cm-990049086/,194239.0,168990.0,1,True
FRA-placard-4-puertas-orlandi-abedul-bahia-1,Fravega,OTRAS,Muebles,Placard 4 Puertas Orlandi Abedul Bahía 181 x 121 cm,https://www.fravega.com/p/placard-4-puertas-orlandi-abedul-bahia-181-x-121-cm-601305/,349999.0,235999.0,1,True
FRA-placard-ropero-madesa-tokio-2-puertas-co,Fravega,OTRAS,Muebles,Placard Ropero Madesa Tokio 2 Puertas Corredizas 2 Cajones,https://www.fravega.com/p/placard-ropero-madesa-tokio-2-puertas-corredizas-2-cajones-22742243/,909998.0,449919.0,1,True
FRA-silla-oficina-ultimate-ut-c201-601763,Fravega,OTRAS,Muebles,Silla Oficina Ultimate UT-C201,https://www.fravega.com/p/silla-oficina-ultimate-ut-c201-601763/,99999.0,64999.0,1,True
FRA-silla-de-oficina-ergonomica-ultimate-ut-,Fravega,OTRAS,Muebles,Silla de Oficina Ergonómica Ultimate UT-C329-1,https://www.fravega.com/p/silla-de-oficina-ergonomica-ultimate-ut-c329-1-601728/,199999.0,120999.0,1,True
FRA-placard-ropero-puertas-corredizas-con-es,Fravega,OTRAS,Muebles,Placard Ropero Puertas Corredizas Con Espejo 2.00 X 2.00 Carpinteria Rivadavia,https://www.fravega.com/p/placard-ropero-puertas-corredizas-con-espejo-2-00-x-2-00-carpinteria-rivadavia-22625778/,700000.0,613719.0,1,True
FRA-organizador-de-zapatos-y-ropa-con-8-ganc,Fravega,OTRAS,Muebles,Organizador De Zapatos Y Ropa Con 8 Ganchos Y 5 Niveles 80x172x26cm Marca HomeCo. Color Negro,https://www.fravega.com/p/organizador-de-zapatos-y-ropa-con-8-ganchos-y-5-niveles-80x172x26cm-marca-homeco-color-negro-22635122/,67040.48,24418.9,1,True
FRA-placard-ropero-con-baulera-alzada-puerta,Fravega,OTRAS,Muebles,Placard Ropero con Baulera Alzada Puertas Corredizas 240x235,https://www.fravega.com/p/placard-ropero-con-baulera-alzada-puertas-corredizas-240x235-21230021/,800000.0,750345.0,1,True
FRA-sillon-mesh-ejecutivo-respaldo-alto-sill,Fravega,OTRAS,Muebles,Sillon Mesh Ejecutivo Respaldo Alto Silla Escritorio Pc,https://www.fravega.com/p/sillon-mesh-ejecutivo-respaldo-alto-silla-escritorio-pc-22768546/,137723.44,89999.0,1,True
FRA-organizador-de-escritorio-moderno-waggs-,Fravega,OTRAS,Muebles,Organizador de Escritorio Moderno Waggs Multiuso con Cajón y Estante,https://www.fravega.com/p/organizador-de-escritorio-moderno-waggs-multiuso-con-cajon-y-estante-22082781/,32185.99,13799.0,1,True
FRA-placard-180x240cm-blanco-con-8-cubos-y-4,Fravega,OTRAS,Muebles,Placard 180x240cm Blanco con 8 Cubos y 4 Cajones,https://www.fravega.com/p/placard-180x240cm-blanco-con-8-cubos-y-4-cajones-22869619/,900000.0,737818.0,1,True
FRA-sillas-tolix-x4-estilo-industrial-color-,Fravega,OTRAS,Muebles,Sillas Tolix X4 Estilo Industrial Color Negro Plasticas Gardenlife,https://www.fravega.com/p/sillas-tolix-x4-estilo-industrial-color-negro-plasticas-gardenlife-601613/,199999.0,149999.0,1,True
FRA-sillon-gerencial-ergonomico-elegante-con,Fravega,OTRAS,Muebles,Sillón Gerencial Ergonómico Elegante Con Apoya Pies Baires4,https://www.fravega.com/p/sillon-gerencial-ergonomico-elegante-con-apoya-pies-baires4-22768517/,236476.15,176937.88,1,True
FRA-placard-ropero-180x180-puertas-corrediza,Fravega,OTRAS,Muebles,Placard Ropero 180x180 Puertas Corredizas Blanco con 2 Perchas de Regalo,https://www.fravega.com/p/placard-ropero-180x180-puertas-corredizas-blanco-con-2-perchas-de-regalo-22617892/,589998.75,519999.0,1,True
FRA-juego-de-comedor-cocina-jaine-madesa-mes,Fravega,OTRAS,Muebles,Juego De Comedor Cocina Jaíne Madesa Mesa Con 6 Sillas,https://www.fravega.com/p/juego-de-comedor-cocina-jaine-madesa-mesa-con-6-sillas-22627125/,659972.0,349919.0,1,True
FRA-sillon-living-esquinero-3-cuerpos-chenil,Fravega,OTRAS,Muebles,Sillon Living Esquinero 3 Cuerpos Chenille Gris Oscuro + Manta + Vaso de Regalo | Promo Invierno,https://www.fravega.com/p/sillon-living-esquinero-3-cuerpos-chenille-gris-oscuro-manta-vaso-de-regalo-promo-invierno-22924551/,2129863.0,739999.0,1,True
FRA-despensero-2-maxi-puertas-centro-estant-,Fravega,OTRAS,Muebles,Despensero 2 Maxi Puertas Centro Estant DIS4 Blanco 180 x 60 cm,https://www.fravega.com/p/despensero-2-maxi-puertas-centro-estant-dis4-blanco-180-x-60-cm-600010/,199999.0,149999.0,1,True
FRA-placard-180-x-180-blanco-2-puertas-corre,Fravega,OTRAS,Muebles,Placard 180 x 180 Blanco 2 Puertas Corredizas 4 cajones - Rieles y Perfiles Aluminio,https://www.fravega.com/p/placard-180-x-180-blanco-2-puertas-corredizas-4-cajones-rieles-y-perfiles-aluminio--22875220/,680000.0,538821.0,1,True
FRA-set-x4-sillas-de-diseno-allegra-negra-li,Fravega,OTRAS,Muebles,Set x4 Sillas de Diseño Allegra Negra Living Comedor Cocina,https://www.fravega.com/p/set-x4-sillas-de-diseno-allegra-negra-living-comedor-cocina-601611/,199999.0,118999.0,1,True
FRA-juego-de-comedor-analu-6-sillas-madesa-1,Fravega,OTRAS,Muebles,Juego de comedor Analu 6 sillas Madesa 136 Cm,https://www.fravega.com/p/juego-de-comedor-analu-6-sillas-madesa-136-cm-22707584/,499998.0,319919.0,1,True
FRA-vanitory-colgante-50-cm-nordico-bacha-gr,Fravega,LG,Muebles,Vanitory Colgante 50 cm Nórdico Bacha + Griferia + Espejo,https://www.fravega.com/p/vanitory-colgante-50-cm-nordico-bacha-griferia-espejo--22883676/,137846.0,96344.0,1,True
FRA-combo-vanitory-50-cm-nordico-espejo-grif,Fravega,OTRAS,Muebles,Combo Vanitory 50 cm Nordico + Espejo + Griferia Cromada,https://www.fravega.com/p/combo-vanitory-50-cm-nordico-espejo-griferia-cromada-22883679/,189449.0,117779.0,1,True
FRA-bajo-mesada-120-blanco-20031576,Fravega,OTRAS,Muebles,Bajo Mesada 120 blanco,https://www.fravega.com/p/bajo-mesada-120-blanco-20031576/,204820.0,178300.0,1,True
FRA-mueble-para-microondas-kp50-blanco-50022,Fravega,OTRAS,Muebles,Mueble para Microondas KP50 Blanco,https://www.fravega.com/p/mueble-para-microondas-kp50-blanco-50022175/,209440.0,174900.0,1,True
FRA-biblioteca-centro-estant-l9bl-blanca-180,Fravega,OTRAS,Muebles,Biblioteca Centro Estant L9BL Blanca 180 x 41 cm,https://www.fravega.com/p/biblioteca-centro-estant-l9bl-blanca-180-x-41-cm-600837/,99999.0,74999.0,1,True
FRA-cama-box-emc-queen-con-6-cajones-y-2-zap,Fravega,OTRAS,Muebles,Cama Box EMC Queen con 6 Cajones y 2 Zapateros Venezia,https://www.fravega.com/p/cama-box-emc-queen-con-6-cajones-y-2-zapateros-venezia-21195869/,1781955.0,534587.0,1,True
FRA-silla-oficina-ultimate-ut-j03-601491,Fravega,OTRAS,Muebles,Silla Oficina Ultimate UT-J03,https://www.fravega.com/p/silla-oficina-ultimate-ut-j03-601491/,199999.0,105999.0,1,True
FRA-respaldo-de-cama-centro-estant-dali-140-,Fravega,OTRAS,Muebles,Respaldo de cama Centro Estant Dali 140-160 Negro Paraiso,https://www.fravega.com/p/respaldo-de-cama-centro-estant-dali-140-160-negro-paraiso-21184405/,196658.0,129300.0,1,True
FRA-mesa-tv-centro-estant-mt4002bl-blanco-12,Fravega,OTRAS,Muebles,Mesa TV Centro Estant MT4002BL Blanco 128 x 50 cm,https://www.fravega.com/p/mesa-tv-centro-estant-mt4002bl-blanco-128-x-50-cm-601417/,199999.0,119999.0,1,True
FRA-rack-tv-negro-con-puerta-corrediza--mueb,Fravega,LG,Muebles,Rack TV Negro con Puerta Corrediza – Mueble para Televisor Moderno 50 a 55 Pulgadas con Ruedas 136 cm,https://www.fravega.com/p/rack-tv-negro-con-puerta-corrediza--mueble-para-televisor-moderno-50-a-55-pulgadas-con-ruedas-136-cm-22589027/,250000.0,172229.0,1,True
FRA-silla-de-oficina-premium-ultimate-ut-c34,Fravega,OTRAS,Muebles,Silla de Oficina Premium Ultimate UT-C340W Blanco,https://www.fravega.com/p/silla-de-oficina-premium-ultimate-ut-c340w-blanco-601654/,149999.0,89999.0,1,True
FRA-cama-box-160-2-plazas-queen-con-zapatero,Fravega,OTRAS,Muebles,"Cama Box 160 2 Plazas Queen con Zapateros, Bauleras y Cajones Blanco Centro Estant",https://www.fravega.com/p/cama-box-160-2-plazas-queen-con-zapateros-bauleras-y-cajones-blanco-centro-estant-22715855/,700200.0,416800.0,1,True
FRA-escritorio-centro-estant-milan-negro-par,Fravega,OTRAS,Muebles,Escritorio Centro Estant Milan Negro Paraiso Ancho 168cm,https://www.fravega.com/p/escritorio-centro-estant-milan-negro-paraiso-ancho-168cm-990049086/,194239.0,168990.0,1,True
FRA-perchero-organizador-doble-barral-metali,Fravega,OTRAS,Muebles,Perchero Organizador Doble Barral Metálico Waggs con Estante,https://www.fravega.com/p/perchero-organizador-doble-barral-metalico-waggs-con-estante-22617150/,67186.0,33599.0,1,True
FRA-rack-panel-solus-tv-70-off-white-cinamom,Fravega,OTRAS,Muebles,RACK PANEL SOLUS TV 70'' OFF WHITE CINAMOMO CARPINTERIA RIVADAVIA,https://www.fravega.com/p/rack-panel-solus-tv-70-off-white-cinamomo-carpinteria-rivadavia-22701360/,235000.0,224207.0,1,True
FRA-mesa-recibidora-de-arrime-auxiliar-con-c,Fravega,OTRAS,Muebles,Mesa Recibidora De Arrime Auxiliar Con Cajón - Patas En Mdf! Blanco,https://www.fravega.com/p/mesa-recibidora-de-arrime-auxiliar-con-cajon-patas-mdf-blanco-22716015/,165000.0,88000.0,1,True
FRA-placard-puertas-corredizas-120-x-180-x-0,Fravega,OTRAS,Muebles,Placard Puertas Corredizas 120 x 180 x 0.55 Linea Económica,https://www.fravega.com/p/placard-puertas-corredizas-120-x-180-x-0-55-linea-economica-21230022/,450000.0,320787.0,1,True
FRA-baul-juguetero-montessori-biblioteca-inf,Fravega,OTRAS,Muebles,"Baúl Juguetero Montessori, Biblioteca Infantil, Organizador - Blanco - Juguetero Montessori",https://www.fravega.com/p/baul-juguetero-montessori-biblioteca-infantil-organizador-blanco-juguetero-montessori-22646748/,118800.0,59400.0,1,True
FRA-organizador-zapatero-botinero-waggs-gris,Fravega,OTRAS,Muebles,Organizador Zapatero Botinero Waggs Gris 12 Niveles 36 Pares,https://www.fravega.com/p/organizador-zapatero-botinero-waggs-gris-12-niveles-36-pares-22767020/,46185.99,27389.0,1,True
FRA-placard-ropero-con-baulera-alzada-puerta,Fravega,OTRAS,Muebles,Placard Ropero con Baulera Alzada Puertas Corredizas 240x235,https://www.fravega.com/p/placard-ropero-con-baulera-alzada-puertas-corredizas-240x235-22927456/,925000.0,853105.0,1,True
FRA-escritorio-centro-estant-sc80bl-blanco-8,Fravega,OTRAS,Muebles,Escritorio Centro Estant SC80BL Blanco 82 x 44 cm,https://www.fravega.com/p/escritorio-centro-estant-sc80bl-blanco-82-x-44-cm-600944/,129999.0,89999.0,1,True
FRA-mesa-de-luz-orlandi-jacaranda--601500,Fravega,OTRAS,Muebles,Mesa de Luz Orlandi Jacaranda,https://www.fravega.com/p/mesa-de-luz-orlandi-jacaranda--601500/,70999.0,49999.0,1,True
FRA-rack-panel-tv-solus-70-pulgadas-negro-ca,Fravega,LG,Muebles,Rack Panel TV SOLUS 70 Pulgadas Negro Carpinteria Rivadavia,https://www.fravega.com/p/rack-panel-tv-solus-70-pulgadas-negro-carpinteria-rivadavia-22701366/,235000.0,224207.0,1,True
FRA-mesa-de-luz-orlandi-venecia-60-x-42-cm-6,Fravega,OTRAS,Muebles,Mesa de Luz Orlandi Venecia 60 x 42 cm,https://www.fravega.com/p/mesa-de-luz-orlandi-venecia-60-x-42-cm-601215/,70999.0,49999.0,1,True
FRA-placard-240-perfileria-de-aluminio-carpi,Fravega,OTRAS,Muebles,Placard 240 Perfileria de Aluminio Carpinteria Rivadavia Linea Delta,https://www.fravega.com/p/placard-240-perfileria-de-aluminio-carpinteria-rivadavia-linea-delta-20017411/,650000.0,578988.0,1,True
FRA-silla-de-oficina-premium-ultimate-ut-c34,Fravega,OTRAS,Muebles,Silla de Oficina Premium Ultimate UT-C340B Negro,https://www.fravega.com/p/silla-de-oficina-premium-ultimate-ut-c340b-negro-601624/,149999.0,89999.0,1,True
FRA-juego-de-comedor-cocina-madesa-havana-co,Fravega,OTRAS,Muebles,Juego De Comedor Cocina Madesa Havana Conjunto Mesa con 4 Sillas,https://www.fravega.com/p/juego-de-comedor-cocina-madesa-havana-conjunto-mesa-con-4-sillas-22627150/,589972.0,279919.0,1,True
FRA-placard-ropero-puertas-corredizas-con-es,Fravega,OTRAS,Muebles,Placard Ropero Puertas Corredizas Con Espejo 2.00 X 2.00 Carpinteria Rivadavia,https://www.fravega.com/p/placard-ropero-puertas-corredizas-con-espejo-2-00-x-2-00-carpinteria-rivadavia-22927461/,799999.0,697769.0,1,True
FRA-sillon-living-esquinero-3-cuerpos-chenil,Fravega,OTRAS,Muebles,Sillon Living Esquinero 3 Cuerpos Chenille Gris Oscuro + Manta + Vaso de Regalo | Promo Invierno,https://www.fravega.com/p/sillon-living-esquinero-3-cuerpos-chenille-gris-oscuro-manta-vaso-de-regalo-promo-invierno-22924551/,2129863.0,739999.0,1,True
FRA-despensero-2-maxi-puertas-centro-estant-,Fravega,OTRAS,Muebles,Despensero 2 Maxi Puertas Centro Estant DIS4 Blanco 180 x 60 cm,https://www.fravega.com/p/despensero-2-maxi-puertas-centro-estant-dis4-blanco-180-x-60-cm-600010/,199999.0,149999.0,1,True
FRA-placard-180-x-180-blanco-2-puertas-corre,Fravega,OTRAS,Muebles,Placard 180 x 180 Blanco 2 Puertas Corredizas 4 cajones - Rieles y Perfiles Aluminio,https://www.fravega.com/p/placard-180-x-180-blanco-2-puertas-corredizas-4-cajones-rieles-y-perfiles-aluminio--22875220/,680000.0,538821.0,1,True
FRA-set-x4-sillas-de-diseno-allegra-negra-li,Fravega,OTRAS,Muebles,Set x4 Sillas de Diseño Allegra Negra Living Comedor Cocina,https://www.fravega.com/p/set-x4-sillas-de-diseno-allegra-negra-living-comedor-cocina-601611/,199999.0,118999.0,1,True
FRA-juego-de-comedor-analu-6-sillas-madesa-1,Fravega,OTRAS,Muebles,Juego de comedor Analu 6 sillas Madesa 136 Cm,https://www.fravega.com/p/juego-de-comedor-analu-6-sillas-madesa-136-cm-22707584/,499998.0,319919.0,1,True
FRA-vanitory-colgante-50-cm-nordico-bacha-gr,Fravega,LG,Muebles,Vanitory Colgante 50 cm Nórdico Bacha + Griferia + Espejo,https://www.fravega.com/p/vanitory-colgante-50-cm-nordico-bacha-griferia-espejo--22883676/,137846.0,96344.0,1,True
FRA-combo-vanitory-50-cm-nordico-espejo-grif,Fravega,OTRAS,Muebles,Combo Vanitory 50 cm Nordico + Espejo + Griferia Cromada,https://www.fravega.com/p/combo-vanitory-50-cm-nordico-espejo-griferia-cromada-22883679/,189449.0,117779.0,1,True
FRA-bajo-mesada-120-blanco-20031576,Fravega,OTRAS,Muebles,Bajo Mesada 120 blanco,https://www.fravega.com/p/bajo-mesada-120-blanco-20031576/,204820.0,178300.0,1,True
FRA-mueble-para-microondas-kp50-blanco-50022,Fravega,OTRAS,Muebles,Mueble para Microondas KP50 Blanco,https://www.fravega.com/p/mueble-para-microondas-kp50-blanco-50022175/,209440.0,174900.0,1,True
FRA-biblioteca-centro-estant-l9bl-blanca-180,Fravega,OTRAS,Muebles,Biblioteca Centro Estant L9BL Blanca 180 x 41 cm,https://www.fravega.com/p/biblioteca-centro-estant-l9bl-blanca-180-x-41-cm-600837/,99999.0,74999.0,1,True
FRA-cama-box-emc-queen-con-6-cajones-y-2-zap,Fravega,OTRAS,Muebles,Cama Box EMC Queen con 6 Cajones y 2 Zapateros Venezia,https://www.fravega.com/p/cama-box-emc-queen-con-6-cajones-y-2-zapateros-venezia-21195869/,1781955.0,534587.0,1,True
FRA-silla-oficina-ultimate-ut-j03-601491,Fravega,OTRAS,Muebles,Silla Oficina Ultimate UT-J03,https://www.fravega.com/p/silla-oficina-ultimate-ut-j03-601491/,199999.0,105999.0,1,True
FRA-respaldo-de-cama-centro-estant-dali-140-,Fravega,OTRAS,Muebles,Respaldo de cama Centro Estant Dali 140-160 Negro Paraiso,https://www.fravega.com/p/respaldo-de-cama-centro-estant-dali-140-160-negro-paraiso-21184405/,196658.0,129300.0,1,True
FRA-mesa-tv-centro-estant-mt4002bl-blanco-12,Fravega,OTRAS,Muebles,Mesa TV Centro Estant MT4002BL Blanco 128 x 50 cm,https://www.fravega.com/p/mesa-tv-centro-estant-mt4002bl-blanco-128-x-50-cm-601417/,199999.0,119999.0,1,True
FRA-rack-tv-negro-con-puerta-corrediza--mueb,Fravega,LG,Muebles,Rack TV Negro con Puerta Corrediza – Mueble para Televisor Moderno 50 a 55 Pulgadas con Ruedas 136 cm,https://www.fravega.com/p/rack-tv-negro-con-puerta-corrediza--mueble-para-televisor-moderno-50-a-55-pulgadas-con-ruedas-136-cm-22589027/,250000.0,172229.0,1,True
FRA-silla-de-oficina-premium-ultimate-ut-c34,Fravega,OTRAS,Muebles,Silla de Oficina Premium Ultimate UT-C340W Blanco,https://www.fravega.com/p/silla-de-oficina-premium-ultimate-ut-c340w-blanco-601654/,149999.0,89999.0,1,True
FRA-cama-box-160-2-plazas-queen-con-zapatero,Fravega,OTRAS,Muebles,"Cama Box 160 2 Plazas Queen con Zapateros, Bauleras y Cajones Blanco Centro Estant",https://www.fravega.com/p/cama-box-160-2-plazas-queen-con-zapateros-bauleras-y-cajones-blanco-centro-estant-22715855/,700200.0,416800.0,1,True
FRA-escritorio-centro-estant-milan-negro-par,Fravega,OTRAS,Muebles,Escritorio Centro Estant Milan Negro Paraiso Ancho 168cm,https://www.fravega.com/p/escritorio-centro-estant-milan-negro-paraiso-ancho-168cm-990049086/,194239.0,168990.0,1,True
FRA-placard-ropero-150x180-puertas-corrediza,Fravega,OTRAS,Muebles,Placard Ropero 150x180 Puertas Corredizas Blanco,https://www.fravega.com/p/placard-ropero-150x180-puertas-corredizas-blanco-22581788/,444998.75,339999.0,1,True
FRA-rack-tv-flotante-moderno-con-led--panel-,Fravega,OTRAS,Muebles,Rack TV Flotante Moderno con LED – Panel para TV Illusion 219 cm Carpinteria Rivadavia,https://www.fravega.com/p/rack-tv-flotante-moderno-con-led--panel-para-tv-illusion-219-cm-carpinteria-rivadavia-22619454/,500999.0,396665.0,1,True
FRA-botinero-24-pares-centro-estant-b24bl-bl,Fravega,OTRAS,Muebles,Botinero 24 Pares Centro Estant B24BL Blanco 153 x 61 cm,https://www.fravega.com/p/botinero-24-pares-centro-estant-b24bl-blanco-153-x-61-cm-601109/,229999.0,155999.0,1,True
FRA-silla-de-oficina-sillon-mesh-respaldo-al,Fravega,OTRAS,Muebles,Silla de Oficina Sillon Mesh Respaldo Alto Ergonomica Escritorio PC,https://www.fravega.com/p/silla-de-oficina-sillon-mesh-respaldo-alto-ergonomica-escritorio-pc-22882143/,199886.0,116225.0,1,True
FRA-placard-ropero-vestidor-puertas-corrediz,Fravega,OTRAS,Muebles,Placard Ropero Vestidor Puertas Corredizas con Baulera 180 x 235,https://www.fravega.com/p/placard-ropero-vestidor-puertas-corredizas-con-baulera-180-x-235-21230020/,680000.0,621921.0,1,True
FRA-placard-180x180-cm-cubos-disenos-moderno,Fravega,OTRAS,Muebles,Placard 180x180 cm cubos Diseños Modernos Blanco,https://www.fravega.com/p/placard-180x180-cm-cubos-disenos-modernos-blanco--21295674/,494998.75,459999.0,1,True
FRA-organizador-de-ropa-para-cajon-m002-wagg,Fravega,OTRAS,Muebles,Organizador de Ropa para Cajon M002 Waggs 4 Piezas 45 Divisiones Beige,https://www.fravega.com/p/organizador-de-ropa-para-cajon-m002-waggs-4-piezas-45-divisiones-beige-21453959/,23786.0,11899.0,1,True
FRA-placard-ropero-150x180-puertas-corrediza,Fravega,OTRAS,Muebles,Placard Ropero 150x180 Puertas Corredizas Blanco,https://www.fravega.com/p/placard-ropero-150x180-puertas-corredizas-blanco-22605105/,511248.75,375999.0,1,True
FRA-ropero-placard-de-melamina-4-puertas-cen,Fravega,OTRAS,Muebles,Ropero Placard De Melamina 4 Puertas Centro Estant Libe40bl,https://www.fravega.com/p/ropero-placard-de-melamina-4-puertas-centro-estant-libe40bl-990259031/,369589.0,290990.0,1,True
FRA-panel-negro-cinamomo-varillado-para-tv-h,Fravega,OTRAS,Muebles,"Panel Negro Cinamomo Varillado para TV hasta 55"" Carpinteria Rivadavia",https://www.fravega.com/p/panel-negro-cinamomo-varillado-para-tv-hasta-55-carpinteria-rivadavia-22701359/,199999.0,181502.0,1,True
FRA-placard-ropero-120x180-puertas-corrediza,Fravega,OTRAS,Muebles,Placard Ropero 120x180 Puertas Corredizas Blanco,https://www.fravega.com/p/placard-ropero-120x180-puertas-corredizas-blanco-22581730/,399998.75,298999.0,1,True
FRA-escritorio-madesa-9424-gamer-para-ordena,Fravega,OTRAS,Muebles,"Escritorio Madesa 9424 Gamer Para Ordenador, Color Negro Y Azul",https://www.fravega.com/p/escritorio-madesa-9424-gamer-para-ordenador-color-negro-y-azul-22737269/,259998.0,119919.0,1,True
FRA-comoda-infantil-cajonera-6-cajones-para-,Fravega,OTRAS,Muebles,Cómoda Infantil Cajonera 6 Cajones Para Dormitorio Madesa,https://www.fravega.com/p/comoda-infantil-cajonera-6-cajones-para-dormitorio-madesa-22742348/,629998.0,299919.0,1,True
FRA-placard-corredizas-con-espejo-y-baulera-,Fravega,OTRAS,Muebles,Placard Corredizas Con Espejo Y Baulera 2.00 x 2.40 - Carpinteria Rivadavia,https://www.fravega.com/p/placard-corredizas-con-espejo-y-baulera-2-00-x-2-40-carpinteria-rivadavia-22927451/,890842.0,858888.0,1,True
FRA-organizador-de-escritorio-porta-lapices-,Fravega,OTRAS,Muebles,Organizador De Escritorio Porta Lapices Soporte Libros Waggs,https://www.fravega.com/p/organizador-de-escritorio-porta-lapices-soporte-libros-waggs-21454255/,37786.0,18899.0,1,True
FRA-sillon-living-esquinero-3-cuerpos-chenil,Fravega,OTRAS,Muebles,Sillon Living Esquinero 3 Cuerpos Chenille Gris Oscuro + Manta + Vaso de Regalo | Promo Invierno,https://www.fravega.com/p/sillon-living-esquinero-3-cuerpos-chenille-gris-oscuro-manta-vaso-de-regalo-promo-invierno-22924551/,2129863.0,739999.0,1,True
FRA-despensero-2-maxi-puertas-centro-estant-,Fravega,OTRAS,Muebles,Despensero 2 Maxi Puertas Centro Estant DIS4 Blanco 180 x 60 cm,https://www.fravega.com/p/despensero-2-maxi-puertas-centro-estant-dis4-blanco-180-x-60-cm-600010/,199999.0,149999.0,1,True
FRA-placard-180-x-180-blanco-2-puertas-corre,Fravega,OTRAS,Muebles,Placard 180 x 180 Blanco 2 Puertas Corredizas 4 cajones - Rieles y Perfiles Aluminio,https://www.fravega.com/p/placard-180-x-180-blanco-2-puertas-corredizas-4-cajones-rieles-y-perfiles-aluminio--22875220/,680000.0,538821.0,1,True
FRA-set-x4-sillas-de-diseno-allegra-negra-li,Fravega,OTRAS,Muebles,Set x4 Sillas de Diseño Allegra Negra Living Comedor Cocina,https://www.fravega.com/p/set-x4-sillas-de-diseno-allegra-negra-living-comedor-cocina-601611/,199999.0,118999.0,1,True
FRA-juego-de-comedor-analu-6-sillas-madesa-1,Fravega,OTRAS,Muebles,Juego de comedor Analu 6 sillas Madesa 136 Cm,https://www.fravega.com/p/juego-de-comedor-analu-6-sillas-madesa-136-cm-22707584/,499998.0,319919.0,1,True
FRA-vanitory-colgante-50-cm-nordico-bacha-gr,Fravega,LG,Muebles,Vanitory Colgante 50 cm Nórdico Bacha + Griferia + Espejo,https://www.fravega.com/p/vanitory-colgante-50-cm-nordico-bacha-griferia-espejo--22883676/,137846.0,96344.0,1,True
FRA-combo-vanitory-50-cm-nordico-espejo-grif,Fravega,OTRAS,Muebles,Combo Vanitory 50 cm Nordico + Espejo + Griferia Cromada,https://www.fravega.com/p/combo-vanitory-50-cm-nordico-espejo-griferia-cromada-22883679/,189449.0,117779.0,1,True
FRA-bajo-mesada-120-blanco-20031576,Fravega,OTRAS,Muebles,Bajo Mesada 120 blanco,https://www.fravega.com/p/bajo-mesada-120-blanco-20031576/,204820.0,178300.0,1,True
FRA-mueble-para-microondas-kp50-blanco-50022,Fravega,OTRAS,Muebles,Mueble para Microondas KP50 Blanco,https://www.fravega.com/p/mueble-para-microondas-kp50-blanco-50022175/,209440.0,174900.0,1,True
FRA-biblioteca-centro-estant-l9bl-blanca-180,Fravega,OTRAS,Muebles,Biblioteca Centro Estant L9BL Blanca 180 x 41 cm,https://www.fravega.com/p/biblioteca-centro-estant-l9bl-blanca-180-x-41-cm-600837/,99999.0,74999.0,1,True
FRA-cama-box-emc-queen-con-6-cajones-y-2-zap,Fravega,OTRAS,Muebles,Cama Box EMC Queen con 6 Cajones y 2 Zapateros Venezia,https://www.fravega.com/p/cama-box-emc-queen-con-6-cajones-y-2-zapateros-venezia-21195869/,1781955.0,534587.0,1,True
FRA-silla-oficina-ultimate-ut-j03-601491,Fravega,OTRAS,Muebles,Silla Oficina Ultimate UT-J03,https://www.fravega.com/p/silla-oficina-ultimate-ut-j03-601491/,199999.0,105999.0,1,True
FRA-respaldo-de-cama-centro-estant-dali-140-,Fravega,OTRAS,Muebles,Respaldo de cama Centro Estant Dali 140-160 Negro Paraiso,https://www.fravega.com/p/respaldo-de-cama-centro-estant-dali-140-160-negro-paraiso-21184405/,196658.0,129300.0,1,True
FRA-mesa-tv-centro-estant-mt4002bl-blanco-12,Fravega,OTRAS,Muebles,Mesa TV Centro Estant MT4002BL Blanco 128 x 50 cm,https://www.fravega.com/p/mesa-tv-centro-estant-mt4002bl-blanco-128-x-50-cm-601417/,199999.0,119999.0,1,True
FRA-rack-tv-negro-con-puerta-corrediza--mueb,Fravega,LG,Muebles,Rack TV Negro con Puerta Corrediza – Mueble para Televisor Moderno 50 a 55 Pulgadas con Ruedas 136 cm,https://www.fravega.com/p/rack-tv-negro-con-puerta-corrediza--mueble-para-televisor-moderno-50-a-55-pulgadas-con-ruedas-136-cm-22589027/,250000.0,172229.0,1,True
FRA-silla-de-oficina-premium-ultimate-ut-c34,Fravega,OTRAS,Muebles,Silla de Oficina Premium Ultimate UT-C340W Blanco,https://www.fravega.com/p/silla-de-oficina-premium-ultimate-ut-c340w-blanco-601654/,149999.0,89999.0,1,True
FRA-cama-box-160-2-plazas-queen-con-zapatero,Fravega,OTRAS,Muebles,"Cama Box 160 2 Plazas Queen con Zapateros, Bauleras y Cajones Blanco Centro Estant",https://www.fravega.com/p/cama-box-160-2-plazas-queen-con-zapateros-bauleras-y-cajones-blanco-centro-estant-22715855/,700200.0,416800.0,1,True
FRA-escritorio-centro-estant-milan-negro-par,Fravega,OTRAS,Muebles,Escritorio Centro Estant Milan Negro Paraiso Ancho 168cm,https://www.fravega.com/p/escritorio-centro-estant-milan-negro-paraiso-ancho-168cm-990049086/,194239.0,168990.0,1,True
FRA-escritorio-plegable-para-pc-notebook-fip,Fravega,OTRAS,Muebles,Escritorio Plegable Para Pc Notebook Fiplasto es0006 Blanco,https://www.fravega.com/p/escritorio-plegable-para-pc-notebook-fiplasto-es0006-blanco-22736495/,199999.0,119999.0,1,True
FRA-escritorio-maquillador-mueble-tocador-co,Fravega,OTRAS,Muebles,Escritorio Maquillador Mueble Tocador Con Espejo Juvenil con Cajones Color Blanco Paraiso Dormitorio,https://www.fravega.com/p/escritorio-maquillador-mueble-tocador-con-espejo-juvenil-con-cajones-color-blanco-paraiso-dormitorio-22881753/,299846.0,209446.0,1,True
FRA-cama-box-2-plazas-140-o-160-con-cajones-,Fravega,OTRAS,Muebles,Cama Box 2 Plazas 140 O 160 Con Cajones Zapatero Color Blanco,https://www.fravega.com/p/cama-box-2-plazas-140-o-160-con-cajones-zapatero-color-blanco-22946318/,689441.0,396441.0,1,True
FRA-mesa-de-luz-orlandi-abedul-601344,Fravega,OTRAS,Muebles,Mesa de Luz Orlandi Abedul,https://www.fravega.com/p/mesa-de-luz-orlandi-abedul-601344/,69999.0,46999.0,1,True
FRA-biblioteca-centro-estant-l9n-negro-180-x,Fravega,OTRAS,Muebles,Biblioteca Centro Estant L9N Negro 180 x 41 cm,https://www.fravega.com/p/biblioteca-centro-estant-l9n-negro-180-x-41-cm-601111/,89999.0,69999.0,1,True
FRA-silla-de-oficina-ergonomica-fravega-home,Fravega,OTRAS,Muebles,Silla de Oficina Ergonómica Frávega Home B36O,https://www.fravega.com/p/silla-de-oficina-ergonomica-fravega-home-b36o-601804/,449999.0,279999.0,1,True
FRA-placard-ropero-puertas-corredizas-180x18,Fravega,OTRAS,Muebles,Placard Ropero Puertas Corredizas 180x180 Blanco con 2 Perchas de Regalo,https://www.fravega.com/p/placard-ropero-puertas-corredizas-180x180-blanco-con-2-perchas-de-regalo-22617493/,494998.75,458999.0,1,True
FRA-panel-para-tv-hasta-55-con-luces-led-y-d,Fravega,OTRAS,Muebles,Panel para TV hasta 55” con Luces LED y Detalles Varillado – Rack TV Moderno Flotante,https://www.fravega.com/p/panel-para-tv-hasta-55-con-luces-led-y-detalles-varillado--rack-tv-moderno-flotante-22619371/,450000.0,329266.0,1,True
FRA-respaldo-de-cama-centro-estant-dali-140-,Fravega,OTRAS,Muebles,Respaldo de Cama Centro Estant Dali 140-160 Blanco Paraiso,https://www.fravega.com/p/respaldo-de-cama-centro-estant-dali-140-160-blanco-paraiso-50022494/,196658.0,129300.0,1,True
FRA--placard-vestidor-180x180-cm-cubos-disen,Fravega,OTRAS,Muebles,Placard Vestidor 180x180 cm cubos Diseños Modernos Blanco,https://www.fravega.com/p/-placard-vestidor-180x180-cm-cubos-disenos-modernos-blanco-21295817/,471248.75,349999.0,1,True
FRA-mueble-zapatero-organizador-estantes-8-n,Fravega,OTRAS,Muebles,Mueble Zapatero Organizador Estantes 8 Niveles Hogar Actual,https://www.fravega.com/p/mueble-zapatero-organizador-estantes-8-niveles-hogar-actual-990227441/,43249.0,28348.0,1,True
FRA-organizador-zapatero-botinero-waggs-marr,Fravega,OTRAS,Muebles,Organizador Zapatero Botinero Waggs Marrón 12 Niveles 36 Pares,https://www.fravega.com/p/organizador-zapatero-botinero-waggs-marron-12-niveles-36-pares-22708130/,46186.0,23699.0,1,True
FRA-juego-de-mesa-eames-redonda-90x90-4-sill,Fravega,OTRAS,Muebles,Juego De Mesa Eames Redonda 90x90 + 4 Sillas Eames,https://www.fravega.com/p/juego-de-mesa-eames-redonda-90x90-4-sillas-eames-22745264/,377493.32,299296.98,1,True
FRA-sillon-living-esquinero-3-cuerpos-chenil,Fravega,OTRAS,Muebles,Sillon Living Esquinero 3 Cuerpos Chenille Gris Oscuro + Manta + Vaso de Regalo | Promo Invierno,https://www.fravega.com/p/sillon-living-esquinero-3-cuerpos-chenille-gris-oscuro-manta-vaso-de-regalo-promo-invierno-22924551/,2129863.0,739999.0,1,True
FRA-despensero-2-maxi-puertas-centro-estant-,Fravega,OTRAS,Muebles,Despensero 2 Maxi Puertas Centro Estant DIS4 Blanco 180 x 60 cm,https://www.fravega.com/p/despensero-2-maxi-puertas-centro-estant-dis4-blanco-180-x-60-cm-600010/,199999.0,149999.0,1,True
FRA-placard-180-x-180-blanco-2-puertas-corre,Fravega,OTRAS,Muebles,Placard 180 x 180 Blanco 2 Puertas Corredizas 4 cajones - Rieles y Perfiles Aluminio,https://www.fravega.com/p/placard-180-x-180-blanco-2-puertas-corredizas-4-cajones-rieles-y-perfiles-aluminio--22875220/,680000.0,538821.0,1,True
FRA-set-x4-sillas-de-diseno-allegra-negra-li,Fravega,OTRAS,Muebles,Set x4 Sillas de Diseño Allegra Negra Living Comedor Cocina,https://www.fravega.com/p/set-x4-sillas-de-diseno-allegra-negra-living-comedor-cocina-601611/,199999.0,118999.0,1,True
FRA-juego-de-comedor-analu-6-sillas-madesa-1,Fravega,OTRAS,Muebles,Juego de comedor Analu 6 sillas Madesa 136 Cm,https://www.fravega.com/p/juego-de-comedor-analu-6-sillas-madesa-136-cm-22707584/,499998.0,319919.0,1,True
FRA-vanitory-colgante-50-cm-nordico-bacha-gr,Fravega,LG,Muebles,Vanitory Colgante 50 cm Nórdico Bacha + Griferia + Espejo,https://www.fravega.com/p/vanitory-colgante-50-cm-nordico-bacha-griferia-espejo--22883676/,137846.0,96344.0,1,True
FRA-combo-vanitory-50-cm-nordico-espejo-grif,Fravega,OTRAS,Muebles,Combo Vanitory 50 cm Nordico + Espejo + Griferia Cromada,https://www.fravega.com/p/combo-vanitory-50-cm-nordico-espejo-griferia-cromada-22883679/,189449.0,117779.0,1,True
FRA-bajo-mesada-120-blanco-20031576,Fravega,OTRAS,Muebles,Bajo Mesada 120 blanco,https://www.fravega.com/p/bajo-mesada-120-blanco-20031576/,204820.0,178300.0,1,True
FRA-mueble-para-microondas-kp50-blanco-50022,Fravega,OTRAS,Muebles,Mueble para Microondas KP50 Blanco,https://www.fravega.com/p/mueble-para-microondas-kp50-blanco-50022175/,209440.0,174900.0,1,True
FRA-biblioteca-centro-estant-l9bl-blanca-180,Fravega,OTRAS,Muebles,Biblioteca Centro Estant L9BL Blanca 180 x 41 cm,https://www.fravega.com/p/biblioteca-centro-estant-l9bl-blanca-180-x-41-cm-600837/,99999.0,74999.0,1,True
FRA-cama-box-emc-queen-con-6-cajones-y-2-zap,Fravega,OTRAS,Muebles,Cama Box EMC Queen con 6 Cajones y 2 Zapateros Venezia,https://www.fravega.com/p/cama-box-emc-queen-con-6-cajones-y-2-zapateros-venezia-21195869/,1781955.0,534587.0,1,True
FRA-silla-oficina-ultimate-ut-j03-601491,Fravega,OTRAS,Muebles,Silla Oficina Ultimate UT-J03,https://www.fravega.com/p/silla-oficina-ultimate-ut-j03-601491/,199999.0,105999.0,1,True
FRA-respaldo-de-cama-centro-estant-dali-140-,Fravega,OTRAS,Muebles,Respaldo de cama Centro Estant Dali 140-160 Negro Paraiso,https://www.fravega.com/p/respaldo-de-cama-centro-estant-dali-140-160-negro-paraiso-21184405/,196658.0,129300.0,1,True
FRA-mesa-tv-centro-estant-mt4002bl-blanco-12,Fravega,OTRAS,Muebles,Mesa TV Centro Estant MT4002BL Blanco 128 x 50 cm,https://www.fravega.com/p/mesa-tv-centro-estant-mt4002bl-blanco-128-x-50-cm-601417/,199999.0,119999.0,1,True
FRA-rack-tv-negro-con-puerta-corrediza--mueb,Fravega,LG,Muebles,Rack TV Negro con Puerta Corrediza – Mueble para Televisor Moderno 50 a 55 Pulgadas con Ruedas 136 cm,https://www.fravega.com/p/rack-tv-negro-con-puerta-corrediza--mueble-para-televisor-moderno-50-a-55-pulgadas-con-ruedas-136-cm-22589027/,250000.0,172229.0,1,True
FRA-silla-de-oficina-premium-ultimate-ut-c34,Fravega,OTRAS,Muebles,Silla de Oficina Premium Ultimate UT-C340W Blanco,https://www.fravega.com/p/silla-de-oficina-premium-ultimate-ut-c340w-blanco-601654/,149999.0,89999.0,1,True
FRA-cama-box-160-2-plazas-queen-con-zapatero,Fravega,OTRAS,Muebles,"Cama Box 160 2 Plazas Queen con Zapateros, Bauleras y Cajones Blanco Centro Estant",https://www.fravega.com/p/cama-box-160-2-plazas-queen-con-zapateros-bauleras-y-cajones-blanco-centro-estant-22715855/,700200.0,416800.0,1,True
FRA-escritorio-centro-estant-milan-negro-par,Fravega,OTRAS,Muebles,Escritorio Centro Estant Milan Negro Paraiso Ancho 168cm,https://www.fravega.com/p/escritorio-centro-estant-milan-negro-paraiso-ancho-168cm-990049086/,194239.0,168990.0,1,True
FRA-comoda-mallorca-blanco-paraiso-50001494,Fravega,OTRAS,Muebles,Comoda Mallorca blanco paraiso,https://www.fravega.com/p/comoda-mallorca-blanco-paraiso-50001494/,300454.0,190400.0,1,True
FRA-silla-de-oficina-reclinable-starway-lc00,Fravega,OTRAS,Muebles,Silla de Oficina Reclinable Starway LC001 Color Negro,https://www.fravega.com/p/silla-de-oficina-reclinable-starway-lc001-color-negro--21242388/,199999.0,149999.0,1,True
FRA-organizador-de-escritorio-porta-lapices-,Fravega,OTRAS,Muebles,Organizador De Escritorio Porta Lapices de Bamboo Con Cajon Waggs,https://www.fravega.com/p/organizador-de-escritorio-porta-lapices-de-bamboo-con-cajon-waggs--21464314/,36385.99,15599.0,1,True
FRA-escritorio-gamer-moderno-madesa-para-pc-,Fravega,OTRAS,Muebles,Escritorio Gamer Moderno Madesa Para Pc Y Consola 9424,https://www.fravega.com/p/escritorio-gamer-moderno-madesa-para-pc-y-consola-9424-22737253/,259998.0,119919.0,1,True
FRA-mesa-tv-rack-economica-pintada-de-negro-,Fravega,OTRAS,Muebles,Mesa Tv Rack Económica Pintada De Negro - Mdf Mudanza Living,https://www.fravega.com/p/mesa-tv-rack-economica-pintada-de-negro-mdf-mudanza-living-22834454/,109000.0,71500.0,1,True
FRA-sillon-de-3-cuerpos-esquinero-convertibl,Fravega,OTRAS,Muebles,Sillón de 3 Cuerpos Esquinero Convertible American Wood Chenille Gris,https://www.fravega.com/p/sillon-de-3-cuerpos-esquinero-convertible-american-wood-chenille-gris-50000857/,2129863.0,749999.0,1,True
FRA-banqueta-taburete-ecocuero-negro-x2-9901,Fravega,OTRAS,Muebles,Banqueta Taburete Ecocuero Negro X2,https://www.fravega.com/p/banqueta-taburete-ecocuero-negro-x2-990165312/,209669.0,144599.0,1,True
FRA-placard-madesa-reno-3-puertas-corredizas,Fravega,OTRAS,Muebles,Placard Madesa Reno 3 Puertas Corredizas 4 Cajones 180 Cm,https://www.fravega.com/p/placard-madesa-reno-3-puertas-corredizas-4-cajones-180-cm-22742410/,1109998.0,599919.0,1,True
FRA-mesa-ratona-auxiliar-home-make-negra--60,Fravega,OTRAS,Muebles,Mesa Ratona Auxiliar Home Make Negra,https://www.fravega.com/p/mesa-ratona-auxiliar-home-make-negra--601487/,49999.0,19999.0,1,True
FRA-placard-ropero-con-baulera-200x233-cm-di,Fravega,OTRAS,Muebles,Placard Ropero con Baulera 200x233 cm Diseños Modernos Blanco  Placard Ropero con Baulera 200x233 cm Diseños Modernos Blanco,https://www.fravega.com/p/placard-ropero-con-baulera-200x233-cm-disenos-modernos-blanco-placard-ropero-con-baulera-200x233-cm-disenos-modernos-blanco-21454547/,892498.75,764999.0,1,True
FRA-mueble-de-cocina-completo-madesa-emilly-,Fravega,OTRAS,Muebles,"Mueble De Cocina Completo Madesa Emilly Con Bajo Mesada, Alacena Y Despensero",https://www.fravega.com/p/mueble-de-cocina-completo-madesa-emilly-con-bajo-mesada-alacena-y-despensero-22627211/,509972.0,289919.0,1,True
FRA-rack-esquinero-organizador-de-calzado-y-,Fravega,OTRAS,Muebles,Rack Esquinero Organizador De Calzado y Ropa con Perchero y Estantes 45x180x45cm Marca Homeco. Color Negro,https://www.fravega.com/p/rack-esquinero-organizador-de-calzado-y-ropa-con-perchero-y-estantes-45x180x45cm-marca-homeco-color-negro-22635120/,28780.0,14899.01,1,True
FRA-despensero-organizador-multifuncion-180-,Fravega,OTRAS,Muebles,Despensero Organizador Multifuncion 180 X 60 Moderno Blanco,https://www.fravega.com/p/despensero-organizador-multifuncion-180-x-60-moderno-blanco-22708524/,134995.0,120763.0,1,True
FRA-colchon-caja-sueno-dorado-box-rolo-2-pla,Fravega,OTRAS,Colchones y Sommiers,Colchón en Caja Sueño Dorado Box Rolo 2 Plazas (140x190 cm) - Espuma Alta Densidad + Soft,https://www.fravega.com/p/colchon-caja-sueno-dorado-box-rolo-2-plazas-140x190-cm-espuma-alta-densidad-soft-610783/,599999.0,399999.0,1,True
FRA-conjunto-sommier-y-colchon-de-espuma-kin,Fravega,OTRAS,Colchones y Sommiers,Conjunto Sommier y Colchón de espuma King Koil Bradford Super King 200x200 cm,https://www.fravega.com/p/conjunto-sommier-y-colchon-de-espuma-king-koil-bradford-super-king-200x200-cm-20027553/,2701665.0,1620999.0,1,True
FRA-estelar-descanso-sommier-2x2-king-pillow,Fravega,OTRAS,Colchones y Sommiers,Estelar Descanso Sommier 2x2 King Pillow Alta Densidad,https://www.fravega.com/p/estelar-descanso-sommier-2x2-king-pillow-alta-densidad-22514474/,1499900.0,899900.0,1,True
FRA-colchon-de-resortes-king-koil-lexington-,Fravega,OTRAS,Colchones y Sommiers,Colchón de resortes King Koil Lexington Queen Size 160x200 cm con SOMMIER DE REGALO,https://www.fravega.com/p/colchon-de-resortes-king-koil-lexington-queen-size-160x200-cm-con-sommier-de-regalo-50003050/,3979998.0,2387999.0,1,True
FRA-conjunto-sommier-y-colchon-suavestar-del,Fravega,OTRAS,Colchones y Sommiers,Conjunto Sommier y Colchón Suavestar Deluxe 2 Plazas (140x190 cm) - Espuma 25 kg/m³,https://www.fravega.com/p/conjunto-sommier-y-colchon-suavestar-deluxe-2-plazas-140x190-cm-espuma-25-kg-m-610593/,799999.0,599999.0,1,True
FRA-colchon-y-sommier-arcoiris-rio-2-plazas-,Fravega,OTRAS,Colchones y Sommiers,Colchón y Sommier Arcoiris Rio 2 Plazas 140x190 Resortes,https://www.fravega.com/p/colchon-y-sommier-arcoiris-rio-2-plazas-140x190-resortes-20007026/,1337880.0,559900.0,1,True
FRA-combo-conjunto-sommier-elite-alumine-2-p,Fravega,OTRAS,Colchones y Sommiers,Combo Conjunto Sommier Elite Aluminé 2 Plazas (140x190 cm) + Respaldo Pana Velvet + 2 Almohadas de Regalo,https://www.fravega.com/p/combo-conjunto-sommier-elite-alumine-2-plazas-140x190-cm-respaldo-pana-velvet-2-almohadas-de-regalo-610825/,899999.0,715999.0,1,True
FRA-conjunto-sommier-y-colchon-de-resortes-k,Fravega,OTRAS,Colchones y Sommiers,Conjunto Sommier y Colchón de resortes King Koil 120 Gold - Luxury Pocket Super King 200x200 cm,https://www.fravega.com/p/conjunto-sommier-y-colchon-de-resortes-king-koil-120-gold-luxury-pocket-super-king-200x200-cm-22490798/,3391998.0,2119999.0,1,True
FRA-conjunto-sommier-y-colchon-suavestar-cen,Fravega,OTRAS,Colchones y Sommiers,Conjunto Sommier y Colchón Suavestar Centuria Queen (2 Plazas y Media) (160x200 cm) - Espuma 35 kg/m³,https://www.fravega.com/p/conjunto-sommier-y-colchon-suavestar-centuria-queen-2-plazas-y-media-160x200-cm-espuma-35-kg-m-610628/,1499999.0,999999.0,1,True
FRA-sommier-y-colchon-bicama-de-resortes-1-1,Fravega,OTRAS,Colchones y Sommiers,Sommier y Colchón Bicama de Resortes 1 1/2 Plaza Inducol Agra 100x200 Cm,https://www.fravega.com/p/sommier-y-colchon-bicama-de-resortes-1-1-2-plaza-inducol-agra-100x200-cm-20190986/,1651665.0,990999.0,1,True
FRA-conjunto-sommier-y-colchon-suavestar-spo,Fravega,OTRAS,Colchones y Sommiers,Conjunto Sommier y Colchón Suavestar Sport 1 Plaza y Media (100x190 cm) - Espuma 30kg/m³,https://www.fravega.com/p/conjunto-sommier-y-colchon-suavestar-sport-1-plaza-y-media-100x190-cm-espuma-30kg-m-610923/,699999.0,549999.0,1,True
FRA-sommier-y-colchon-cannon-reims-pillow-to,Fravega,OTRAS,Colchones y Sommiers,Sommier Y Colchón Cannon Reims Pillow Top 200X200X30 King,https://www.fravega.com/p/sommier-y-colchon-cannon-reims-pillow-top-200x200x30-king-990194788/,2852352.0,1426176.0,1,True
FRA-colchon-suavestar-sport-2-plazas-140x190,Fravega,OTRAS,Colchones y Sommiers,Colchón Suavestar Sport 2 Plazas (140x190 cm) - Espuma Alta Densidad 30kg/m³,https://www.fravega.com/p/colchon-suavestar-sport-2-plazas-140x190-cm-espuma-alta-densidad-30kg-m-610657/,599999.0,429999.0,1,True
FRA-combo-2230-norcee-140x190-sommier-colcho,Fravega,OTRAS,Colchones y Sommiers,Combo 2230 NORCEE 140x190 Sommier + Colchón + Respaldo y 2 almohadas de regalo Espuma Alta Densidad,https://www.fravega.com/p/combo-2230-norcee-140x190-sommier-colchon-respaldo-y-2-almohadas-de-regalo-espuma-alta-densidad-22708009/,3552337.0,949000.0,1,True
FRA-conjunto-sommier-y-colchon-nap-franklin-,Fravega,OTRAS,Colchones y Sommiers,Conjunto Sommier y Colchón NAP Franklin 2 Plazas (140x190 cm) - Espuma Alta Densidad,https://www.fravega.com/p/conjunto-sommier-y-colchon-nap-franklin-2-plazas-140x190-cm-espuma-alta-densidad-610868/,539999.0,379999.0,1,True
FRA-sommier-y-colchon-2230-norcee-pillow-140,Fravega,OTRAS,Colchones y Sommiers,Sommier y Colchón 2230 Norcee Pillow 140x190 Espuma Alta Densidad con 2 Almohadas de Regalo,https://www.fravega.com/p/sommier-y-colchon-2230-norcee-pillow-140x190-espuma-alta-densidad-con-2-almohadas-de-regalo-22526253/,3989698.0,1199000.0,1,True
FRA-conjunto-sommier-y-colchon-elite-sonar-2,Fravega,OTRAS,Colchones y Sommiers,Conjunto Sommier y Colchón Elite Soñar 2 Plazas (140x190 cm) - Resortes Bonell,https://www.fravega.com/p/conjunto-sommier-y-colchon-elite-sonar-2-plazas-140x190-cm-resortes-bonell-610926/,710999.0,499999.0,1,True
FRA-sommier-y-colchon-cannon-sublime-euro-pi,Fravega,OTRAS,Colchones y Sommiers,Sommier y Colchón Cannon Sublime Euro Pillow 200x180,https://www.fravega.com/p/sommier-y-colchon-cannon-sublime-euro-pillow-200x180-990218847/,3866222.0,1353177.0,1,True
FRA-conjunto-sommier-y-colchon-elite-everest,Fravega,OTRAS,Colchones y Sommiers,Conjunto Sommier y Colchón Elite Everest 2 Plazas (140x190 cm) - Espuma Alta Densidad,https://www.fravega.com/p/conjunto-sommier-y-colchon-elite-everest-2-plazas-140x190-cm-espuma-alta-densidad-610860/,699999.0,539999.0,1,True
FRA-sommier-y-colchon-cannon-reims-pillow-to,Fravega,OTRAS,Colchones y Sommiers,Sommier Y Colchón Cannon Reims Pillow Top 200X180X30 King,https://www.fravega.com/p/sommier-y-colchon-cannon-reims-pillow-top-200x180x30-king-990194786/,2708311.0,1489570.98,1,True
FRA-sommier-y-colchon-cannon-tamesis-200x200,Fravega,OTRAS,Colchones y Sommiers,Sommier Y Colchón Cannon Tamesis 200X200X25 King,https://www.fravega.com/p/sommier-y-colchon-cannon-tamesis-200x200x25-king-20030381/,2575327.0,1287663.0,1,True
FRA-combo-sommier-colchon-respaldo-y-2-almoh,Fravega,OTRAS,Colchones y Sommiers,Combo Sommier + Colchón + Respaldo y 2 almohadas de regalo 2230 SYRMA 140x190 Espuma Alta Densidad,https://www.fravega.com/p/combo-sommier-colchon-respaldo-y-2-almohadas-de-regalo-2230-syrma-140x190-espuma-alta-densidad-22652849/,2649076.0,720000.0,1,True
FRA-colchon-de-espuma-estelar-140x190cm-somm,Fravega,OTRAS,Colchones y Sommiers,Colchón de Espuma Estelar 140x190cm + Sommier 2 Plazas con Almohadas,https://www.fravega.com/p/colchon-de-espuma-estelar-140x190cm-sommier-2-plazas-con-almohadas-22589242/,999900.0,509900.0,1,True
FRA-conjunto-sommier-y-colchon-elite-lanin-1,Fravega,OTRAS,Colchones y Sommiers,Conjunto Sommier y Colchón Elite Lanin 1 Plaza y Media (100x190 cm) - Espuma + Almohada de Regalo,https://www.fravega.com/p/conjunto-sommier-y-colchon-elite-lanin-1-plaza-y-media-100x190-cm-espuma-almohada-de-regalo-610794/,499999.0,349999.0,1,True
FRA-conjunto-sommier-y-colchon-suavestar-spo,Fravega,OTRAS,Colchones y Sommiers,Conjunto Sommier y Colchón Suavestar Sport 2 Plazas (140x190 cm) - Espuma 30kg/m³,https://www.fravega.com/p/conjunto-sommier-y-colchon-suavestar-sport-2-plazas-140x190-cm-espuma-30kg-m-610670/,929999.0,649999.0,1,True
FRA-colchon-cl-estelar-080x190-espuma-200030,Fravega,OTRAS,Colchones y Sommiers,Colchón CL Estelar 080x190 Espuma,https://www.fravega.com/p/colchon-cl-estelar-080x190-espuma-20003006/,329900.0,164900.0,1,True
FRA-colchon-cannon-espuma-tropical-1-plaza-8,Fravega,OTRAS,Colchones y Sommiers,Colchón Cannon Espuma Tropical 1 Plaza 80x190x18,https://www.fravega.com/p/colchon-cannon-espuma-tropical-1-plaza-80x190x18-610638/,179999.0,119999.0,1,True
FRA-colchon-estelar-spot-80x190-espuma-almoh,Fravega,OTRAS,Colchones y Sommiers,Colchon Estelar Spot 80x190 Espuma + Almohada de Regalo,https://www.fravega.com/p/colchon-estelar-spot-80x190-espuma-almohada-de-regalo-21961199/,219900.0,129900.0,1,True
FRA-sommier-cl-estelar-140x190-espuma-2-almo,Fravega,OTRAS,Colchones y Sommiers,Sommier CL Estelar 140x190 Espuma + 2 Almohadas de Regalo,https://www.fravega.com/p/sommier-cl-estelar-140x190-espuma-2-almohadas-de-regalo-20046532/,899900.0,454900.0,1,True
FRA-colchon-gani-aquiles-3-0-190x080x25-1-pl,Fravega,OTRAS,Colchones y Sommiers,Colchón Gani Aquiles 3.0 190X080X25 1 Plaza,https://www.fravega.com/p/colchon-gani-aquiles-3-0-190x080x25-1-plaza-20032036/,523690.0,199002.0,1,True
FRA-sommier-y-colchon-de-espuma-arcoiris-tm-,Fravega,OTRAS,Colchones y Sommiers,Sommier y Colchón de Espuma Arcoiris TM 80 x 190 cm,https://www.fravega.com/p/sommier-y-colchon-de-espuma-arcoiris-tm-80-x-190-cm-20310108/,382026.0,259900.0,1,True
FRA-colchon-suavestar-deluxe-1-plaza-80x190-,Fravega,OTRAS,Colchones y Sommiers,Colchón Suavestar Deluxe 1 Plaza (80x190 cm) - Espuma 25 kg/m³ + Tratamiento Antiácaros,https://www.fravega.com/p/colchon-suavestar-deluxe-1-plaza-80x190-cm-espuma-25-kg-m-tratamiento-antiacaros-610495/,399999.0,229999.0,1,True
FRA-colchon-caja-sueno-dorado-box-rolo-2-pla,Fravega,OTRAS,Colchones y Sommiers,Colchón en Caja Sueño Dorado Box Rolo 2 Plazas (140x190 cm) - Espuma Alta Densidad + Soft,https://www.fravega.com/p/colchon-caja-sueno-dorado-box-rolo-2-plazas-140x190-cm-espuma-alta-densidad-soft-610783/,599999.0,399999.0,1,True
FRA-conjunto-sommier-y-colchon-de-espuma-kin,Fravega,OTRAS,Colchones y Sommiers,Conjunto Sommier y Colchón de espuma King Koil Bradford Super King 200x200 cm,https://www.fravega.com/p/conjunto-sommier-y-colchon-de-espuma-king-koil-bradford-super-king-200x200-cm-20027553/,2701665.0,1620999.0,1,True
FRA-estelar-descanso-sommier-2x2-king-pillow,Fravega,OTRAS,Colchones y Sommiers,Estelar Descanso Sommier 2x2 King Pillow Alta Densidad,https://www.fravega.com/p/estelar-descanso-sommier-2x2-king-pillow-alta-densidad-22514474/,1499900.0,899900.0,1,True
FRA-colchon-de-resortes-king-koil-lexington-,Fravega,OTRAS,Colchones y Sommiers,Colchón de resortes King Koil Lexington Queen Size 160x200 cm con SOMMIER DE REGALO,https://www.fravega.com/p/colchon-de-resortes-king-koil-lexington-queen-size-160x200-cm-con-sommier-de-regalo-50003050/,3979998.0,2387999.0,1,True
FRA-conjunto-sommier-y-colchon-suavestar-del,Fravega,OTRAS,Colchones y Sommiers,Conjunto Sommier y Colchón Suavestar Deluxe 2 Plazas (140x190 cm) - Espuma 25 kg/m³,https://www.fravega.com/p/conjunto-sommier-y-colchon-suavestar-deluxe-2-plazas-140x190-cm-espuma-25-kg-m-610593/,799999.0,599999.0,1,True
FRA-colchon-y-sommier-arcoiris-rio-2-plazas-,Fravega,OTRAS,Colchones y Sommiers,Colchón y Sommier Arcoiris Rio 2 Plazas 140x190 Resortes,https://www.fravega.com/p/colchon-y-sommier-arcoiris-rio-2-plazas-140x190-resortes-20007026/,1337880.0,559900.0,1,True
FRA-combo-conjunto-sommier-elite-alumine-2-p,Fravega,OTRAS,Colchones y Sommiers,Combo Conjunto Sommier Elite Aluminé 2 Plazas (140x190 cm) + Respaldo Pana Velvet + 2 Almohadas de Regalo,https://www.fravega.com/p/combo-conjunto-sommier-elite-alumine-2-plazas-140x190-cm-respaldo-pana-velvet-2-almohadas-de-regalo-610825/,899999.0,715999.0,1,True
FRA-conjunto-sommier-y-colchon-de-resortes-k,Fravega,OTRAS,Colchones y Sommiers,Conjunto Sommier y Colchón de resortes King Koil 120 Gold - Luxury Pocket Super King 200x200 cm,https://www.fravega.com/p/conjunto-sommier-y-colchon-de-resortes-king-koil-120-gold-luxury-pocket-super-king-200x200-cm-22490798/,3391998.0,2119999.0,1,True
FRA-conjunto-sommier-y-colchon-suavestar-cen,Fravega,OTRAS,Colchones y Sommiers,Conjunto Sommier y Colchón Suavestar Centuria Queen (2 Plazas y Media) (160x200 cm) - Espuma 35 kg/m³,https://www.fravega.com/p/conjunto-sommier-y-colchon-suavestar-centuria-queen-2-plazas-y-media-160x200-cm-espuma-35-kg-m-610628/,1499999.0,999999.0,1,True
FRA-sommier-y-colchon-bicama-de-resortes-1-1,Fravega,OTRAS,Colchones y Sommiers,Sommier y Colchón Bicama de Resortes 1 1/2 Plaza Inducol Agra 100x200 Cm,https://www.fravega.com/p/sommier-y-colchon-bicama-de-resortes-1-1-2-plaza-inducol-agra-100x200-cm-20190986/,1651665.0,990999.0,1,True
FRA-conjunto-sommier-y-colchon-suavestar-spo,Fravega,OTRAS,Colchones y Sommiers,Conjunto Sommier y Colchón Suavestar Sport 1 Plaza y Media (100x190 cm) - Espuma 30kg/m³,https://www.fravega.com/p/conjunto-sommier-y-colchon-suavestar-sport-1-plaza-y-media-100x190-cm-espuma-30kg-m-610923/,699999.0,549999.0,1,True
FRA-sommier-y-colchon-cannon-reims-pillow-to,Fravega,OTRAS,Colchones y Sommiers,Sommier Y Colchón Cannon Reims Pillow Top 200X200X30 King,https://www.fravega.com/p/sommier-y-colchon-cannon-reims-pillow-top-200x200x30-king-990194788/,2852352.0,1426176.0,1,True
FRA-colchon-suavestar-sport-2-plazas-140x190,Fravega,OTRAS,Colchones y Sommiers,Colchón Suavestar Sport 2 Plazas (140x190 cm) - Espuma Alta Densidad 30kg/m³,https://www.fravega.com/p/colchon-suavestar-sport-2-plazas-140x190-cm-espuma-alta-densidad-30kg-m-610657/,599999.0,429999.0,1,True
FRA-combo-2230-norcee-140x190-sommier-colcho,Fravega,OTRAS,Colchones y Sommiers,Combo 2230 NORCEE 140x190 Sommier + Colchón + Respaldo y 2 almohadas de regalo Espuma Alta Densidad,https://www.fravega.com/p/combo-2230-norcee-140x190-sommier-colchon-respaldo-y-2-almohadas-de-regalo-espuma-alta-densidad-22708009/,3552337.0,949000.0,1,True
FRA-conjunto-sommier-y-colchon-nap-franklin-,Fravega,OTRAS,Colchones y Sommiers,Conjunto Sommier y Colchón NAP Franklin 2 Plazas (140x190 cm) - Espuma Alta Densidad,https://www.fravega.com/p/conjunto-sommier-y-colchon-nap-franklin-2-plazas-140x190-cm-espuma-alta-densidad-610868/,539999.0,379999.0,1,True
FRA-sommier-y-colchon-2230-norcee-pillow-140,Fravega,OTRAS,Colchones y Sommiers,Sommier y Colchón 2230 Norcee Pillow 140x190 Espuma Alta Densidad con 2 Almohadas de Regalo,https://www.fravega.com/p/sommier-y-colchon-2230-norcee-pillow-140x190-espuma-alta-densidad-con-2-almohadas-de-regalo-22526253/,3989698.0,1199000.0,1,True
FRA-conjunto-sommier-y-colchon-elite-sonar-2,Fravega,OTRAS,Colchones y Sommiers,Conjunto Sommier y Colchón Elite Soñar 2 Plazas (140x190 cm) - Resortes Bonell,https://www.fravega.com/p/conjunto-sommier-y-colchon-elite-sonar-2-plazas-140x190-cm-resortes-bonell-610926/,710999.0,499999.0,1,True
FRA-sommier-y-colchon-cannon-sublime-euro-pi,Fravega,OTRAS,Colchones y Sommiers,Sommier y Colchón Cannon Sublime Euro Pillow 200x180,https://www.fravega.com/p/sommier-y-colchon-cannon-sublime-euro-pillow-200x180-990218847/,3866222.0,1353177.0,1,True
FRA-conjunto-sommier-y-colchon-elite-everest,Fravega,OTRAS,Colchones y Sommiers,Conjunto Sommier y Colchón Elite Everest 2 Plazas (140x190 cm) - Espuma Alta Densidad,https://www.fravega.com/p/conjunto-sommier-y-colchon-elite-everest-2-plazas-140x190-cm-espuma-alta-densidad-610860/,699999.0,539999.0,1,True
FRA-sommier-y-colchon-cannon-reims-pillow-to,Fravega,OTRAS,Colchones y Sommiers,Sommier Y Colchón Cannon Reims Pillow Top 200X180X30 King,https://www.fravega.com/p/sommier-y-colchon-cannon-reims-pillow-top-200x180x30-king-990194786/,2708311.0,1489570.98,1,True
FRA-sommier-y-colchon-cannon-tamesis-200x200,Fravega,OTRAS,Colchones y Sommiers,Sommier Y Colchón Cannon Tamesis 200X200X25 King,https://www.fravega.com/p/sommier-y-colchon-cannon-tamesis-200x200x25-king-20030381/,2575327.0,1287663.0,1,True
FRA-combo-sommier-colchon-respaldo-y-2-almoh,Fravega,OTRAS,Colchones y Sommiers,Combo Sommier + Colchón + Respaldo y 2 almohadas de regalo 2230 SYRMA 140x190 Espuma Alta Densidad,https://www.fravega.com/p/combo-sommier-colchon-respaldo-y-2-almohadas-de-regalo-2230-syrma-140x190-espuma-alta-densidad-22652849/,2649076.0,720000.0,1,True
FRA-colchon-de-espuma-estelar-140x190cm-somm,Fravega,OTRAS,Colchones y Sommiers,Colchón de Espuma Estelar 140x190cm + Sommier 2 Plazas con Almohadas,https://www.fravega.com/p/colchon-de-espuma-estelar-140x190cm-sommier-2-plazas-con-almohadas-22589242/,999900.0,509900.0,1,True
FRA-conjunto-sommier-y-colchon-elite-lanin-1,Fravega,OTRAS,Colchones y Sommiers,Conjunto Sommier y Colchón Elite Lanin 1 Plaza y Media (100x190 cm) - Espuma + Almohada de Regalo,https://www.fravega.com/p/conjunto-sommier-y-colchon-elite-lanin-1-plaza-y-media-100x190-cm-espuma-almohada-de-regalo-610794/,499999.0,349999.0,1,True
FRA-conjunto-sommier-y-colchon-suavestar-spo,Fravega,OTRAS,Colchones y Sommiers,Conjunto Sommier y Colchón Suavestar Sport 2 Plazas (140x190 cm) - Espuma 30kg/m³,https://www.fravega.com/p/conjunto-sommier-y-colchon-suavestar-sport-2-plazas-140x190-cm-espuma-30kg-m-610670/,929999.0,649999.0,1,True
FRA-colchon-cl-estelar-080x190-espuma-200030,Fravega,OTRAS,Colchones y Sommiers,Colchón CL Estelar 080x190 Espuma,https://www.fravega.com/p/colchon-cl-estelar-080x190-espuma-20003006/,329900.0,164900.0,1,True
FRA-colchon-cannon-espuma-tropical-1-plaza-8,Fravega,OTRAS,Colchones y Sommiers,Colchón Cannon Espuma Tropical 1 Plaza 80x190x18,https://www.fravega.com/p/colchon-cannon-espuma-tropical-1-plaza-80x190x18-610638/,179999.0,119999.0,1,True
FRA-colchon-estelar-spot-80x190-espuma-almoh,Fravega,OTRAS,Colchones y Sommiers,Colchon Estelar Spot 80x190 Espuma + Almohada de Regalo,https://www.fravega.com/p/colchon-estelar-spot-80x190-espuma-almohada-de-regalo-21961199/,219900.0,129900.0,1,True
FRA-sommier-cl-estelar-140x190-espuma-2-almo,Fravega,OTRAS,Colchones y Sommiers,Sommier CL Estelar 140x190 Espuma + 2 Almohadas de Regalo,https://www.fravega.com/p/sommier-cl-estelar-140x190-espuma-2-almohadas-de-regalo-20046532/,899900.0,454900.0,1,True
FRA-colchon-gani-aquiles-3-0-190x080x25-1-pl,Fravega,OTRAS,Colchones y Sommiers,Colchón Gani Aquiles 3.0 190X080X25 1 Plaza,https://www.fravega.com/p/colchon-gani-aquiles-3-0-190x080x25-1-plaza-20032036/,523690.0,199002.0,1,True
FRA-sommier-y-colchon-de-espuma-arcoiris-tm-,Fravega,OTRAS,Colchones y Sommiers,Sommier y Colchón de Espuma Arcoiris TM 80 x 190 cm,https://www.fravega.com/p/sommier-y-colchon-de-espuma-arcoiris-tm-80-x-190-cm-20310108/,382026.0,259900.0,1,True
FRA-colchon-suavestar-deluxe-1-plaza-80x190-,Fravega,OTRAS,Colchones y Sommiers,Colchón Suavestar Deluxe 1 Plaza (80x190 cm) - Espuma 25 kg/m³ + Tratamiento Antiácaros,https://www.fravega.com/p/colchon-suavestar-deluxe-1-plaza-80x190-cm-espuma-25-kg-m-tratamiento-antiacaros-610495/,399999.0,229999.0,1,True
FRA-colchon-caja-sueno-dorado-box-rolo-2-pla,Fravega,OTRAS,Colchones y Sommiers,Colchón en Caja Sueño Dorado Box Rolo 2 Plazas (140x190 cm) - Espuma Alta Densidad + Soft,https://www.fravega.com/p/colchon-caja-sueno-dorado-box-rolo-2-plazas-140x190-cm-espuma-alta-densidad-soft-610783/,599999.0,399999.0,1,True
FRA-conjunto-sommier-y-colchon-de-espuma-kin,Fravega,OTRAS,Colchones y Sommiers,Conjunto Sommier y Colchón de espuma King Koil Bradford Super King 200x200 cm,https://www.fravega.com/p/conjunto-sommier-y-colchon-de-espuma-king-koil-bradford-super-king-200x200-cm-20027553/,2701665.0,1620999.0,1,True
FRA-estelar-descanso-sommier-2x2-king-pillow,Fravega,OTRAS,Colchones y Sommiers,Estelar Descanso Sommier 2x2 King Pillow Alta Densidad,https://www.fravega.com/p/estelar-descanso-sommier-2x2-king-pillow-alta-densidad-22514474/,1499900.0,899900.0,1,True
FRA-colchon-de-resortes-king-koil-lexington-,Fravega,OTRAS,Colchones y Sommiers,Colchón de resortes King Koil Lexington Queen Size 160x200 cm con SOMMIER DE REGALO,https://www.fravega.com/p/colchon-de-resortes-king-koil-lexington-queen-size-160x200-cm-con-sommier-de-regalo-50003050/,3979998.0,2387999.0,1,True
FRA-conjunto-sommier-y-colchon-suavestar-del,Fravega,OTRAS,Colchones y Sommiers,Conjunto Sommier y Colchón Suavestar Deluxe 2 Plazas (140x190 cm) - Espuma 25 kg/m³,https://www.fravega.com/p/conjunto-sommier-y-colchon-suavestar-deluxe-2-plazas-140x190-cm-espuma-25-kg-m-610593/,799999.0,599999.0,1,True
FRA-colchon-y-sommier-arcoiris-rio-2-plazas-,Fravega,OTRAS,Colchones y Sommiers,Colchón y Sommier Arcoiris Rio 2 Plazas 140x190 Resortes,https://www.fravega.com/p/colchon-y-sommier-arcoiris-rio-2-plazas-140x190-resortes-20007026/,1337880.0,559900.0,1,True
FRA-combo-conjunto-sommier-elite-alumine-2-p,Fravega,OTRAS,Colchones y Sommiers,Combo Conjunto Sommier Elite Aluminé 2 Plazas (140x190 cm) + Respaldo Pana Velvet + 2 Almohadas de Regalo,https://www.fravega.com/p/combo-conjunto-sommier-elite-alumine-2-plazas-140x190-cm-respaldo-pana-velvet-2-almohadas-de-regalo-610825/,899999.0,715999.0,1,True
FRA-conjunto-sommier-y-colchon-de-resortes-k,Fravega,OTRAS,Colchones y Sommiers,Conjunto Sommier y Colchón de resortes King Koil 120 Gold - Luxury Pocket Super King 200x200 cm,https://www.fravega.com/p/conjunto-sommier-y-colchon-de-resortes-king-koil-120-gold-luxury-pocket-super-king-200x200-cm-22490798/,3391998.0,2119999.0,1,True
FRA-conjunto-sommier-y-colchon-suavestar-cen,Fravega,OTRAS,Colchones y Sommiers,Conjunto Sommier y Colchón Suavestar Centuria Queen (2 Plazas y Media) (160x200 cm) - Espuma 35 kg/m³,https://www.fravega.com/p/conjunto-sommier-y-colchon-suavestar-centuria-queen-2-plazas-y-media-160x200-cm-espuma-35-kg-m-610628/,1499999.0,999999.0,1,True
FRA-sommier-y-colchon-bicama-de-resortes-1-1,Fravega,OTRAS,Colchones y Sommiers,Sommier y Colchón Bicama de Resortes 1 1/2 Plaza Inducol Agra 100x200 Cm,https://www.fravega.com/p/sommier-y-colchon-bicama-de-resortes-1-1-2-plaza-inducol-agra-100x200-cm-20190986/,1651665.0,990999.0,1,True
FRA-conjunto-sommier-y-colchon-suavestar-spo,Fravega,OTRAS,Colchones y Sommiers,Conjunto Sommier y Colchón Suavestar Sport 1 Plaza y Media (100x190 cm) - Espuma 30kg/m³,https://www.fravega.com/p/conjunto-sommier-y-colchon-suavestar-sport-1-plaza-y-media-100x190-cm-espuma-30kg-m-610923/,699999.0,549999.0,1,True
FRA-sommier-y-colchon-cannon-reims-pillow-to,Fravega,OTRAS,Colchones y Sommiers,Sommier Y Colchón Cannon Reims Pillow Top 200X200X30 King,https://www.fravega.com/p/sommier-y-colchon-cannon-reims-pillow-top-200x200x30-king-990194788/,2852352.0,1426176.0,1,True
FRA-colchon-suavestar-sport-2-plazas-140x190,Fravega,OTRAS,Colchones y Sommiers,Colchón Suavestar Sport 2 Plazas (140x190 cm) - Espuma Alta Densidad 30kg/m³,https://www.fravega.com/p/colchon-suavestar-sport-2-plazas-140x190-cm-espuma-alta-densidad-30kg-m-610657/,599999.0,429999.0,1,True
FRA-combo-2230-norcee-140x190-sommier-colcho,Fravega,OTRAS,Colchones y Sommiers,Combo 2230 NORCEE 140x190 Sommier + Colchón + Respaldo y 2 almohadas de regalo Espuma Alta Densidad,https://www.fravega.com/p/combo-2230-norcee-140x190-sommier-colchon-respaldo-y-2-almohadas-de-regalo-espuma-alta-densidad-22708009/,3552337.0,949000.0,1,True
FRA-conjunto-sommier-y-colchon-nap-franklin-,Fravega,OTRAS,Colchones y Sommiers,Conjunto Sommier y Colchón NAP Franklin 2 Plazas (140x190 cm) - Espuma Alta Densidad,https://www.fravega.com/p/conjunto-sommier-y-colchon-nap-franklin-2-plazas-140x190-cm-espuma-alta-densidad-610868/,539999.0,379999.0,1,True
FRA-sommier-y-colchon-2230-norcee-pillow-140,Fravega,OTRAS,Colchones y Sommiers,Sommier y Colchón 2230 Norcee Pillow 140x190 Espuma Alta Densidad con 2 Almohadas de Regalo,https://www.fravega.com/p/sommier-y-colchon-2230-norcee-pillow-140x190-espuma-alta-densidad-con-2-almohadas-de-regalo-22526253/,3989698.0,1199000.0,1,True
FRA-conjunto-sommier-y-colchon-elite-sonar-2,Fravega,OTRAS,Colchones y Sommiers,Conjunto Sommier y Colchón Elite Soñar 2 Plazas (140x190 cm) - Resortes Bonell,https://www.fravega.com/p/conjunto-sommier-y-colchon-elite-sonar-2-plazas-140x190-cm-resortes-bonell-610926/,710999.0,499999.0,1,True
FRA-sommier-y-colchon-cannon-sublime-euro-pi,Fravega,OTRAS,Colchones y Sommiers,Sommier y Colchón Cannon Sublime Euro Pillow 200x180,https://www.fravega.com/p/sommier-y-colchon-cannon-sublime-euro-pillow-200x180-990218847/,3866222.0,1353177.0,1,True
FRA-conjunto-sommier-y-colchon-elite-everest,Fravega,OTRAS,Colchones y Sommiers,Conjunto Sommier y Colchón Elite Everest 2 Plazas (140x190 cm) - Espuma Alta Densidad,https://www.fravega.com/p/conjunto-sommier-y-colchon-elite-everest-2-plazas-140x190-cm-espuma-alta-densidad-610860/,699999.0,539999.0,1,True
FRA-sommier-y-colchon-cannon-reims-pillow-to,Fravega,OTRAS,Colchones y Sommiers,Sommier Y Colchón Cannon Reims Pillow Top 200X180X30 King,https://www.fravega.com/p/sommier-y-colchon-cannon-reims-pillow-top-200x180x30-king-990194786/,2708311.0,1489570.98,1,True
FRA-sommier-y-colchon-cannon-tamesis-200x200,Fravega,OTRAS,Colchones y Sommiers,Sommier Y Colchón Cannon Tamesis 200X200X25 King,https://www.fravega.com/p/sommier-y-colchon-cannon-tamesis-200x200x25-king-20030381/,2575327.0,1287663.0,1,True
FRA-combo-sommier-colchon-respaldo-y-2-almoh,Fravega,OTRAS,Colchones y Sommiers,Combo Sommier + Colchón + Respaldo y 2 almohadas de regalo 2230 SYRMA 140x190 Espuma Alta Densidad,https://www.fravega.com/p/combo-sommier-colchon-respaldo-y-2-almohadas-de-regalo-2230-syrma-140x190-espuma-alta-densidad-22652849/,2649076.0,720000.0,1,True
FRA-colchon-de-espuma-estelar-140x190cm-somm,Fravega,OTRAS,Colchones y Sommiers,Colchón de Espuma Estelar 140x190cm + Sommier 2 Plazas con Almohadas,https://www.fravega.com/p/colchon-de-espuma-estelar-140x190cm-sommier-2-plazas-con-almohadas-22589242/,999900.0,509900.0,1,True
FRA-conjunto-sommier-y-colchon-elite-lanin-1,Fravega,OTRAS,Colchones y Sommiers,Conjunto Sommier y Colchón Elite Lanin 1 Plaza y Media (100x190 cm) - Espuma + Almohada de Regalo,https://www.fravega.com/p/conjunto-sommier-y-colchon-elite-lanin-1-plaza-y-media-100x190-cm-espuma-almohada-de-regalo-610794/,499999.0,349999.0,1,True
FRA-conjunto-sommier-y-colchon-suavestar-spo,Fravega,OTRAS,Colchones y Sommiers,Conjunto Sommier y Colchón Suavestar Sport 2 Plazas (140x190 cm) - Espuma 30kg/m³,https://www.fravega.com/p/conjunto-sommier-y-colchon-suavestar-sport-2-plazas-140x190-cm-espuma-30kg-m-610670/,929999.0,649999.0,1,True
FRA-colchon-cl-estelar-080x190-espuma-200030,Fravega,OTRAS,Colchones y Sommiers,Colchón CL Estelar 080x190 Espuma,https://www.fravega.com/p/colchon-cl-estelar-080x190-espuma-20003006/,329900.0,164900.0,1,True
FRA-colchon-cannon-espuma-tropical-1-plaza-8,Fravega,OTRAS,Colchones y Sommiers,Colchón Cannon Espuma Tropical 1 Plaza 80x190x18,https://www.fravega.com/p/colchon-cannon-espuma-tropical-1-plaza-80x190x18-610638/,179999.0,119999.0,1,True
FRA-colchon-estelar-spot-80x190-espuma-almoh,Fravega,OTRAS,Colchones y Sommiers,Colchon Estelar Spot 80x190 Espuma + Almohada de Regalo,https://www.fravega.com/p/colchon-estelar-spot-80x190-espuma-almohada-de-regalo-21961199/,219900.0,129900.0,1,True
FRA-sommier-cl-estelar-140x190-espuma-2-almo,Fravega,OTRAS,Colchones y Sommiers,Sommier CL Estelar 140x190 Espuma + 2 Almohadas de Regalo,https://www.fravega.com/p/sommier-cl-estelar-140x190-espuma-2-almohadas-de-regalo-20046532/,899900.0,454900.0,1,True
FRA-colchon-gani-aquiles-3-0-190x080x25-1-pl,Fravega,OTRAS,Colchones y Sommiers,Colchón Gani Aquiles 3.0 190X080X25 1 Plaza,https://www.fravega.com/p/colchon-gani-aquiles-3-0-190x080x25-1-plaza-20032036/,523690.0,199002.0,1,True
FRA-sommier-y-colchon-de-espuma-arcoiris-tm-,Fravega,OTRAS,Colchones y Sommiers,Sommier y Colchón de Espuma Arcoiris TM 80 x 190 cm,https://www.fravega.com/p/sommier-y-colchon-de-espuma-arcoiris-tm-80-x-190-cm-20310108/,382026.0,259900.0,1,True
FRA-colchon-suavestar-deluxe-1-plaza-80x190-,Fravega,OTRAS,Colchones y Sommiers,Colchón Suavestar Deluxe 1 Plaza (80x190 cm) - Espuma 25 kg/m³ + Tratamiento Antiácaros,https://www.fravega.com/p/colchon-suavestar-deluxe-1-plaza-80x190-cm-espuma-25-kg-m-tratamiento-antiacaros-610495/,399999.0,229999.0,1,True
FRA-colchon-caja-sueno-dorado-box-rolo-2-pla,Fravega,OTRAS,Colchones y Sommiers,Colchón en Caja Sueño Dorado Box Rolo 2 Plazas (140x190 cm) - Espuma Alta Densidad + Soft,https://www.fravega.com/p/colchon-caja-sueno-dorado-box-rolo-2-plazas-140x190-cm-espuma-alta-densidad-soft-610783/,599999.0,399999.0,1,True
FRA-conjunto-sommier-y-colchon-de-espuma-kin,Fravega,OTRAS,Colchones y Sommiers,Conjunto Sommier y Colchón de espuma King Koil Bradford Super King 200x200 cm,https://www.fravega.com/p/conjunto-sommier-y-colchon-de-espuma-king-koil-bradford-super-king-200x200-cm-20027553/,2701665.0,1620999.0,1,True
FRA-estelar-descanso-sommier-2x2-king-pillow,Fravega,OTRAS,Colchones y Sommiers,Estelar Descanso Sommier 2x2 King Pillow Alta Densidad,https://www.fravega.com/p/estelar-descanso-sommier-2x2-king-pillow-alta-densidad-22514474/,1499900.0,899900.0,1,True
FRA-colchon-de-resortes-king-koil-lexington-,Fravega,OTRAS,Colchones y Sommiers,Colchón de resortes King Koil Lexington Queen Size 160x200 cm con SOMMIER DE REGALO,https://www.fravega.com/p/colchon-de-resortes-king-koil-lexington-queen-size-160x200-cm-con-sommier-de-regalo-50003050/,3979998.0,2387999.0,1,True
FRA-conjunto-sommier-y-colchon-suavestar-del,Fravega,OTRAS,Colchones y Sommiers,Conjunto Sommier y Colchón Suavestar Deluxe 2 Plazas (140x190 cm) - Espuma 25 kg/m³,https://www.fravega.com/p/conjunto-sommier-y-colchon-suavestar-deluxe-2-plazas-140x190-cm-espuma-25-kg-m-610593/,799999.0,599999.0,1,True
FRA-colchon-y-sommier-arcoiris-rio-2-plazas-,Fravega,OTRAS,Colchones y Sommiers,Colchón y Sommier Arcoiris Rio 2 Plazas 140x190 Resortes,https://www.fravega.com/p/colchon-y-sommier-arcoiris-rio-2-plazas-140x190-resortes-20007026/,1337880.0,559900.0,1,True
FRA-combo-conjunto-sommier-elite-alumine-2-p,Fravega,OTRAS,Colchones y Sommiers,Combo Conjunto Sommier Elite Aluminé 2 Plazas (140x190 cm) + Respaldo Pana Velvet + 2 Almohadas de Regalo,https://www.fravega.com/p/combo-conjunto-sommier-elite-alumine-2-plazas-140x190-cm-respaldo-pana-velvet-2-almohadas-de-regalo-610825/,899999.0,715999.0,1,True
FRA-conjunto-sommier-y-colchon-de-resortes-k,Fravega,OTRAS,Colchones y Sommiers,Conjunto Sommier y Colchón de resortes King Koil 120 Gold - Luxury Pocket Super King 200x200 cm,https://www.fravega.com/p/conjunto-sommier-y-colchon-de-resortes-king-koil-120-gold-luxury-pocket-super-king-200x200-cm-22490798/,3391998.0,2119999.0,1,True
FRA-conjunto-sommier-y-colchon-suavestar-cen,Fravega,OTRAS,Colchones y Sommiers,Conjunto Sommier y Colchón Suavestar Centuria Queen (2 Plazas y Media) (160x200 cm) - Espuma 35 kg/m³,https://www.fravega.com/p/conjunto-sommier-y-colchon-suavestar-centuria-queen-2-plazas-y-media-160x200-cm-espuma-35-kg-m-610628/,1499999.0,999999.0,1,True
FRA-sommier-y-colchon-bicama-de-resortes-1-1,Fravega,OTRAS,Colchones y Sommiers,Sommier y Colchón Bicama de Resortes 1 1/2 Plaza Inducol Agra 100x200 Cm,https://www.fravega.com/p/sommier-y-colchon-bicama-de-resortes-1-1-2-plaza-inducol-agra-100x200-cm-20190986/,1651665.0,990999.0,1,True
FRA-conjunto-sommier-y-colchon-suavestar-spo,Fravega,OTRAS,Colchones y Sommiers,Conjunto Sommier y Colchón Suavestar Sport 1 Plaza y Media (100x190 cm) - Espuma 30kg/m³,https://www.fravega.com/p/conjunto-sommier-y-colchon-suavestar-sport-1-plaza-y-media-100x190-cm-espuma-30kg-m-610923/,699999.0,549999.0,1,True
FRA-sommier-y-colchon-cannon-reims-pillow-to,Fravega,OTRAS,Colchones y Sommiers,Sommier Y Colchón Cannon Reims Pillow Top 200X200X30 King,https://www.fravega.com/p/sommier-y-colchon-cannon-reims-pillow-top-200x200x30-king-990194788/,2852352.0,1426176.0,1,True
FRA-colchon-suavestar-sport-2-plazas-140x190,Fravega,OTRAS,Colchones y Sommiers,Colchón Suavestar Sport 2 Plazas (140x190 cm) - Espuma Alta Densidad 30kg/m³,https://www.fravega.com/p/colchon-suavestar-sport-2-plazas-140x190-cm-espuma-alta-densidad-30kg-m-610657/,599999.0,429999.0,1,True
FRA-combo-2230-norcee-140x190-sommier-colcho,Fravega,OTRAS,Colchones y Sommiers,Combo 2230 NORCEE 140x190 Sommier + Colchón + Respaldo y 2 almohadas de regalo Espuma Alta Densidad,https://www.fravega.com/p/combo-2230-norcee-140x190-sommier-colchon-respaldo-y-2-almohadas-de-regalo-espuma-alta-densidad-22708009/,3552337.0,949000.0,1,True
FRA-conjunto-sommier-y-colchon-nap-franklin-,Fravega,OTRAS,Colchones y Sommiers,Conjunto Sommier y Colchón NAP Franklin 2 Plazas (140x190 cm) - Espuma Alta Densidad,https://www.fravega.com/p/conjunto-sommier-y-colchon-nap-franklin-2-plazas-140x190-cm-espuma-alta-densidad-610868/,539999.0,379999.0,1,True
FRA-sommier-y-colchon-2230-norcee-pillow-140,Fravega,OTRAS,Colchones y Sommiers,Sommier y Colchón 2230 Norcee Pillow 140x190 Espuma Alta Densidad con 2 Almohadas de Regalo,https://www.fravega.com/p/sommier-y-colchon-2230-norcee-pillow-140x190-espuma-alta-densidad-con-2-almohadas-de-regalo-22526253/,3989698.0,1199000.0,1,True
FRA-conjunto-sommier-y-colchon-elite-sonar-2,Fravega,OTRAS,Colchones y Sommiers,Conjunto Sommier y Colchón Elite Soñar 2 Plazas (140x190 cm) - Resortes Bonell,https://www.fravega.com/p/conjunto-sommier-y-colchon-elite-sonar-2-plazas-140x190-cm-resortes-bonell-610926/,710999.0,499999.0,1,True
FRA-sommier-y-colchon-cannon-sublime-euro-pi,Fravega,OTRAS,Colchones y Sommiers,Sommier y Colchón Cannon Sublime Euro Pillow 200x180,https://www.fravega.com/p/sommier-y-colchon-cannon-sublime-euro-pillow-200x180-990218847/,3866222.0,1353177.0,1,True
FRA-conjunto-sommier-y-colchon-elite-everest,Fravega,OTRAS,Colchones y Sommiers,Conjunto Sommier y Colchón Elite Everest 2 Plazas (140x190 cm) - Espuma Alta Densidad,https://www.fravega.com/p/conjunto-sommier-y-colchon-elite-everest-2-plazas-140x190-cm-espuma-alta-densidad-610860/,699999.0,539999.0,1,True
FRA-sommier-y-colchon-cannon-reims-pillow-to,Fravega,OTRAS,Colchones y Sommiers,Sommier Y Colchón Cannon Reims Pillow Top 200X180X30 King,https://www.fravega.com/p/sommier-y-colchon-cannon-reims-pillow-top-200x180x30-king-990194786/,2708311.0,1489570.98,1,True
FRA-sommier-y-colchon-cannon-tamesis-200x200,Fravega,OTRAS,Colchones y Sommiers,Sommier Y Colchón Cannon Tamesis 200X200X25 King,https://www.fravega.com/p/sommier-y-colchon-cannon-tamesis-200x200x25-king-20030381/,2575327.0,1287663.0,1,True
FRA-combo-sommier-colchon-respaldo-y-2-almoh,Fravega,OTRAS,Colchones y Sommiers,Combo Sommier + Colchón + Respaldo y 2 almohadas de regalo 2230 SYRMA 140x190 Espuma Alta Densidad,https://www.fravega.com/p/combo-sommier-colchon-respaldo-y-2-almohadas-de-regalo-2230-syrma-140x190-espuma-alta-densidad-22652849/,2649076.0,720000.0,1,True
FRA-colchon-de-espuma-estelar-140x190cm-somm,Fravega,OTRAS,Colchones y Sommiers,Colchón de Espuma Estelar 140x190cm + Sommier 2 Plazas con Almohadas,https://www.fravega.com/p/colchon-de-espuma-estelar-140x190cm-sommier-2-plazas-con-almohadas-22589242/,999900.0,509900.0,1,True
FRA-conjunto-sommier-y-colchon-elite-lanin-1,Fravega,OTRAS,Colchones y Sommiers,Conjunto Sommier y Colchón Elite Lanin 1 Plaza y Media (100x190 cm) - Espuma + Almohada de Regalo,https://www.fravega.com/p/conjunto-sommier-y-colchon-elite-lanin-1-plaza-y-media-100x190-cm-espuma-almohada-de-regalo-610794/,499999.0,349999.0,1,True
FRA-conjunto-sommier-y-colchon-suavestar-spo,Fravega,OTRAS,Colchones y Sommiers,Conjunto Sommier y Colchón Suavestar Sport 2 Plazas (140x190 cm) - Espuma 30kg/m³,https://www.fravega.com/p/conjunto-sommier-y-colchon-suavestar-sport-2-plazas-140x190-cm-espuma-30kg-m-610670/,929999.0,649999.0,1,True
FRA-colchon-cl-estelar-080x190-espuma-200030,Fravega,OTRAS,Colchones y Sommiers,Colchón CL Estelar 080x190 Espuma,https://www.fravega.com/p/colchon-cl-estelar-080x190-espuma-20003006/,329900.0,164900.0,1,True
FRA-colchon-cannon-espuma-tropical-1-plaza-8,Fravega,OTRAS,Colchones y Sommiers,Colchón Cannon Espuma Tropical 1 Plaza 80x190x18,https://www.fravega.com/p/colchon-cannon-espuma-tropical-1-plaza-80x190x18-610638/,179999.0,119999.0,1,True
FRA-colchon-estelar-spot-80x190-espuma-almoh,Fravega,OTRAS,Colchones y Sommiers,Colchon Estelar Spot 80x190 Espuma + Almohada de Regalo,https://www.fravega.com/p/colchon-estelar-spot-80x190-espuma-almohada-de-regalo-21961199/,219900.0,129900.0,1,True
FRA-sommier-cl-estelar-140x190-espuma-2-almo,Fravega,OTRAS,Colchones y Sommiers,Sommier CL Estelar 140x190 Espuma + 2 Almohadas de Regalo,https://www.fravega.com/p/sommier-cl-estelar-140x190-espuma-2-almohadas-de-regalo-20046532/,899900.0,454900.0,1,True
FRA-colchon-gani-aquiles-3-0-190x080x25-1-pl,Fravega,OTRAS,Colchones y Sommiers,Colchón Gani Aquiles 3.0 190X080X25 1 Plaza,https://www.fravega.com/p/colchon-gani-aquiles-3-0-190x080x25-1-plaza-20032036/,523690.0,199002.0,1,True
FRA-sommier-y-colchon-de-espuma-arcoiris-tm-,Fravega,OTRAS,Colchones y Sommiers,Sommier y Colchón de Espuma Arcoiris TM 80 x 190 cm,https://www.fravega.com/p/sommier-y-colchon-de-espuma-arcoiris-tm-80-x-190-cm-20310108/,382026.0,259900.0,1,True
FRA-colchon-suavestar-deluxe-1-plaza-80x190-,Fravega,OTRAS,Colchones y Sommiers,Colchón Suavestar Deluxe 1 Plaza (80x190 cm) - Espuma 25 kg/m³ + Tratamiento Antiácaros,https://www.fravega.com/p/colchon-suavestar-deluxe-1-plaza-80x190-cm-espuma-25-kg-m-tratamiento-antiacaros-610495/,399999.0,229999.0,1,True
FRA-colchon-caja-sueno-dorado-box-rolo-2-pla,Fravega,OTRAS,Colchones y Sommiers,Colchón en Caja Sueño Dorado Box Rolo 2 Plazas (140x190 cm) - Espuma Alta Densidad + Soft,https://www.fravega.com/p/colchon-caja-sueno-dorado-box-rolo-2-plazas-140x190-cm-espuma-alta-densidad-soft-610783/,599999.0,399999.0,1,True
FRA-conjunto-sommier-y-colchon-de-espuma-kin,Fravega,OTRAS,Colchones y Sommiers,Conjunto Sommier y Colchón de espuma King Koil Bradford Super King 200x200 cm,https://www.fravega.com/p/conjunto-sommier-y-colchon-de-espuma-king-koil-bradford-super-king-200x200-cm-20027553/,2701665.0,1620999.0,1,True
FRA-estelar-descanso-sommier-2x2-king-pillow,Fravega,OTRAS,Colchones y Sommiers,Estelar Descanso Sommier 2x2 King Pillow Alta Densidad,https://www.fravega.com/p/estelar-descanso-sommier-2x2-king-pillow-alta-densidad-22514474/,1499900.0,899900.0,1,True
FRA-colchon-de-resortes-king-koil-lexington-,Fravega,OTRAS,Colchones y Sommiers,Colchón de resortes King Koil Lexington Queen Size 160x200 cm con SOMMIER DE REGALO,https://www.fravega.com/p/colchon-de-resortes-king-koil-lexington-queen-size-160x200-cm-con-sommier-de-regalo-50003050/,3979998.0,2387999.0,1,True
FRA-conjunto-sommier-y-colchon-suavestar-del,Fravega,OTRAS,Colchones y Sommiers,Conjunto Sommier y Colchón Suavestar Deluxe 2 Plazas (140x190 cm) - Espuma 25 kg/m³,https://www.fravega.com/p/conjunto-sommier-y-colchon-suavestar-deluxe-2-plazas-140x190-cm-espuma-25-kg-m-610593/,799999.0,599999.0,1,True
FRA-colchon-y-sommier-arcoiris-rio-2-plazas-,Fravega,OTRAS,Colchones y Sommiers,Colchón y Sommier Arcoiris Rio 2 Plazas 140x190 Resortes,https://www.fravega.com/p/colchon-y-sommier-arcoiris-rio-2-plazas-140x190-resortes-20007026/,1337880.0,559900.0,1,True
FRA-combo-conjunto-sommier-elite-alumine-2-p,Fravega,OTRAS,Colchones y Sommiers,Combo Conjunto Sommier Elite Aluminé 2 Plazas (140x190 cm) + Respaldo Pana Velvet + 2 Almohadas de Regalo,https://www.fravega.com/p/combo-conjunto-sommier-elite-alumine-2-plazas-140x190-cm-respaldo-pana-velvet-2-almohadas-de-regalo-610825/,899999.0,715999.0,1,True
FRA-conjunto-sommier-y-colchon-de-resortes-k,Fravega,OTRAS,Colchones y Sommiers,Conjunto Sommier y Colchón de resortes King Koil 120 Gold - Luxury Pocket Super King 200x200 cm,https://www.fravega.com/p/conjunto-sommier-y-colchon-de-resortes-king-koil-120-gold-luxury-pocket-super-king-200x200-cm-22490798/,3391998.0,2119999.0,1,True
FRA-conjunto-sommier-y-colchon-suavestar-cen,Fravega,OTRAS,Colchones y Sommiers,Conjunto Sommier y Colchón Suavestar Centuria Queen (2 Plazas y Media) (160x200 cm) - Espuma 35 kg/m³,https://www.fravega.com/p/conjunto-sommier-y-colchon-suavestar-centuria-queen-2-plazas-y-media-160x200-cm-espuma-35-kg-m-610628/,1499999.0,999999.0,1,True
FRA-sommier-y-colchon-bicama-de-resortes-1-1,Fravega,OTRAS,Colchones y Sommiers,Sommier y Colchón Bicama de Resortes 1 1/2 Plaza Inducol Agra 100x200 Cm,https://www.fravega.com/p/sommier-y-colchon-bicama-de-resortes-1-1-2-plaza-inducol-agra-100x200-cm-20190986/,1651665.0,990999.0,1,True
FRA-conjunto-sommier-y-colchon-suavestar-spo,Fravega,OTRAS,Colchones y Sommiers,Conjunto Sommier y Colchón Suavestar Sport 1 Plaza y Media (100x190 cm) - Espuma 30kg/m³,https://www.fravega.com/p/conjunto-sommier-y-colchon-suavestar-sport-1-plaza-y-media-100x190-cm-espuma-30kg-m-610923/,699999.0,549999.0,1,True
FRA-sommier-y-colchon-cannon-reims-pillow-to,Fravega,OTRAS,Colchones y Sommiers,Sommier Y Colchón Cannon Reims Pillow Top 200X200X30 King,https://www.fravega.com/p/sommier-y-colchon-cannon-reims-pillow-top-200x200x30-king-990194788/,2852352.0,1426176.0,1,True
FRA-colchon-suavestar-sport-2-plazas-140x190,Fravega,OTRAS,Colchones y Sommiers,Colchón Suavestar Sport 2 Plazas (140x190 cm) - Espuma Alta Densidad 30kg/m³,https://www.fravega.com/p/colchon-suavestar-sport-2-plazas-140x190-cm-espuma-alta-densidad-30kg-m-610657/,599999.0,429999.0,1,True
FRA-combo-2230-norcee-140x190-sommier-colcho,Fravega,OTRAS,Colchones y Sommiers,Combo 2230 NORCEE 140x190 Sommier + Colchón + Respaldo y 2 almohadas de regalo Espuma Alta Densidad,https://www.fravega.com/p/combo-2230-norcee-140x190-sommier-colchon-respaldo-y-2-almohadas-de-regalo-espuma-alta-densidad-22708009/,3552337.0,949000.0,1,True
FRA-conjunto-sommier-y-colchon-nap-franklin-,Fravega,OTRAS,Colchones y Sommiers,Conjunto Sommier y Colchón NAP Franklin 2 Plazas (140x190 cm) - Espuma Alta Densidad,https://www.fravega.com/p/conjunto-sommier-y-colchon-nap-franklin-2-plazas-140x190-cm-espuma-alta-densidad-610868/,539999.0,379999.0,1,True
FRA-sommier-y-colchon-2230-norcee-pillow-140,Fravega,OTRAS,Colchones y Sommiers,Sommier y Colchón 2230 Norcee Pillow 140x190 Espuma Alta Densidad con 2 Almohadas de Regalo,https://www.fravega.com/p/sommier-y-colchon-2230-norcee-pillow-140x190-espuma-alta-densidad-con-2-almohadas-de-regalo-22526253/,3989698.0,1199000.0,1,True
FRA-conjunto-sommier-y-colchon-elite-sonar-2,Fravega,OTRAS,Colchones y Sommiers,Conjunto Sommier y Colchón Elite Soñar 2 Plazas (140x190 cm) - Resortes Bonell,https://www.fravega.com/p/conjunto-sommier-y-colchon-elite-sonar-2-plazas-140x190-cm-resortes-bonell-610926/,710999.0,499999.0,1,True
FRA-sommier-y-colchon-cannon-sublime-euro-pi,Fravega,OTRAS,Colchones y Sommiers,Sommier y Colchón Cannon Sublime Euro Pillow 200x180,https://www.fravega.com/p/sommier-y-colchon-cannon-sublime-euro-pillow-200x180-990218847/,3866222.0,1353177.0,1,True
FRA-conjunto-sommier-y-colchon-elite-everest,Fravega,OTRAS,Colchones y Sommiers,Conjunto Sommier y Colchón Elite Everest 2 Plazas (140x190 cm) - Espuma Alta Densidad,https://www.fravega.com/p/conjunto-sommier-y-colchon-elite-everest-2-plazas-140x190-cm-espuma-alta-densidad-610860/,699999.0,539999.0,1,True
FRA-sommier-y-colchon-cannon-reims-pillow-to,Fravega,OTRAS,Colchones y Sommiers,Sommier Y Colchón Cannon Reims Pillow Top 200X180X30 King,https://www.fravega.com/p/sommier-y-colchon-cannon-reims-pillow-top-200x180x30-king-990194786/,2708311.0,1489570.98,1,True
FRA-sommier-y-colchon-cannon-tamesis-200x200,Fravega,OTRAS,Colchones y Sommiers,Sommier Y Colchón Cannon Tamesis 200X200X25 King,https://www.fravega.com/p/sommier-y-colchon-cannon-tamesis-200x200x25-king-20030381/,2575327.0,1287663.0,1,True
FRA-combo-sommier-colchon-respaldo-y-2-almoh,Fravega,OTRAS,Colchones y Sommiers,Combo Sommier + Colchón + Respaldo y 2 almohadas de regalo 2230 SYRMA 140x190 Espuma Alta Densidad,https://www.fravega.com/p/combo-sommier-colchon-respaldo-y-2-almohadas-de-regalo-2230-syrma-140x190-espuma-alta-densidad-22652849/,2649076.0,720000.0,1,True
FRA-colchon-de-espuma-estelar-140x190cm-somm,Fravega,OTRAS,Colchones y Sommiers,Colchón de Espuma Estelar 140x190cm + Sommier 2 Plazas con Almohadas,https://www.fravega.com/p/colchon-de-espuma-estelar-140x190cm-sommier-2-plazas-con-almohadas-22589242/,999900.0,509900.0,1,True
FRA-conjunto-sommier-y-colchon-elite-lanin-1,Fravega,OTRAS,Colchones y Sommiers,Conjunto Sommier y Colchón Elite Lanin 1 Plaza y Media (100x190 cm) - Espuma + Almohada de Regalo,https://www.fravega.com/p/conjunto-sommier-y-colchon-elite-lanin-1-plaza-y-media-100x190-cm-espuma-almohada-de-regalo-610794/,499999.0,349999.0,1,True
FRA-conjunto-sommier-y-colchon-suavestar-spo,Fravega,OTRAS,Colchones y Sommiers,Conjunto Sommier y Colchón Suavestar Sport 2 Plazas (140x190 cm) - Espuma 30kg/m³,https://www.fravega.com/p/conjunto-sommier-y-colchon-suavestar-sport-2-plazas-140x190-cm-espuma-30kg-m-610670/,929999.0,649999.0,1,True
FRA-colchon-cl-estelar-080x190-espuma-200030,Fravega,OTRAS,Colchones y Sommiers,Colchón CL Estelar 080x190 Espuma,https://www.fravega.com/p/colchon-cl-estelar-080x190-espuma-20003006/,329900.0,164900.0,1,True
FRA-colchon-cannon-espuma-tropical-1-plaza-8,Fravega,OTRAS,Colchones y Sommiers,Colchón Cannon Espuma Tropical 1 Plaza 80x190x18,https://www.fravega.com/p/colchon-cannon-espuma-tropical-1-plaza-80x190x18-610638/,179999.0,119999.0,1,True
FRA-colchon-estelar-spot-80x190-espuma-almoh,Fravega,OTRAS,Colchones y Sommiers,Colchon Estelar Spot 80x190 Espuma + Almohada de Regalo,https://www.fravega.com/p/colchon-estelar-spot-80x190-espuma-almohada-de-regalo-21961199/,219900.0,129900.0,1,True
FRA-sommier-cl-estelar-140x190-espuma-2-almo,Fravega,OTRAS,Colchones y Sommiers,Sommier CL Estelar 140x190 Espuma + 2 Almohadas de Regalo,https://www.fravega.com/p/sommier-cl-estelar-140x190-espuma-2-almohadas-de-regalo-20046532/,899900.0,454900.0,1,True
FRA-colchon-gani-aquiles-3-0-190x080x25-1-pl,Fravega,OTRAS,Colchones y Sommiers,Colchón Gani Aquiles 3.0 190X080X25 1 Plaza,https://www.fravega.com/p/colchon-gani-aquiles-3-0-190x080x25-1-plaza-20032036/,523690.0,199002.0,1,True
FRA-sommier-y-colchon-de-espuma-arcoiris-tm-,Fravega,OTRAS,Colchones y Sommiers,Sommier y Colchón de Espuma Arcoiris TM 80 x 190 cm,https://www.fravega.com/p/sommier-y-colchon-de-espuma-arcoiris-tm-80-x-190-cm-20310108/,382026.0,259900.0,1,True
FRA-colchon-suavestar-deluxe-1-plaza-80x190-,Fravega,OTRAS,Colchones y Sommiers,Colchón Suavestar Deluxe 1 Plaza (80x190 cm) - Espuma 25 kg/m³ + Tratamiento Antiácaros,https://www.fravega.com/p/colchon-suavestar-deluxe-1-plaza-80x190-cm-espuma-25-kg-m-tratamiento-antiacaros-610495/,399999.0,229999.0,1,True
FRA-pelota-de-futbol-reebok-vortex-nro-5-ggs,Fravega,OTRAS,Deportes y Fitness,Pelota de Futbol Reebok Vortex Nro.5 GGSS,https://www.fravega.com/p/pelota-de-futbol-reebok-vortex-nro-5-ggss--562730/,19999.0,13999.0,1,True
FRA-bicicleta-spinning-randers-arg-820sp-6-k,Fravega,OTRAS,Deportes y Fitness,Bicicleta Spinning Randers ARG-820SP 6 Kg,https://www.fravega.com/p/bicicleta-spinning-randers-arg-820sp-6-kg-990054591/,466108.0,313273.01,1,True
FRA-tabla-de-pilates-randers-arg-920vc-99027,Fravega,OTRAS,Deportes y Fitness,Tabla de Pilates Randers ARG-920VC,https://www.fravega.com/p/tabla-de-pilates-randers-arg-920vc-990274764/,176480.0,108734.0,1,True
FRA-multigimnasio-admiral-ad-fmg45-45-kg-mul,Fravega,OTRAS,Deportes y Fitness,Multigimnasio Admiral AD-FMG45 45 kg multigym,https://www.fravega.com/p/multigimnasio-admiral-ad-fmg45-45-kg-multigym-562252/,729999.0,399999.0,1,True
FRA-cinta-caminadora-motorizada-arg-360-ultr,Fravega,OTRAS,Deportes y Fitness,Cinta Caminadora Motorizada ARG-360 Ultraplana,https://www.fravega.com/p/cinta-caminadora-motorizada-arg-360-ultraplana-990051958/,736733.0,597746.0,1,True
FRA-guantes-profesionales-para-mma-gfitness-,Fravega,OTRAS,Deportes y Fitness,Guantes Profesionales para MMA Gfitness,https://www.fravega.com/p/guantes-profesionales-para-mma-gfitness-22516793/,101869.0,53659.0,1,True
FRA-multigimnasio-randers-arg-63140-560100,Fravega,OTRAS,Deportes y Fitness,Multigimnasio Randers ARG-63140,https://www.fravega.com/p/multigimnasio-randers-arg-63140-560100/,799999.0,706998.0,1,True
FRA-bicicleta-fija-energy-fit-shock-rider-sp,Fravega,OTRAS,Deportes y Fitness,Bicicleta Fija Energy Fit Shock Rider Spinning Con App Bluetooth,https://www.fravega.com/p/bicicleta-fija-energy-fit-shock-rider-spinning-con-app-bluetooth-22128586/,700000.0,550000.0,1,True
FRA-bicicleta-magnetica-vertical-te2455hp-se,Fravega,HP,Deportes y Fitness,Bicicleta Magnetica Vertical TE2455HP Semikon,https://www.fravega.com/p/bicicleta-magnetica-vertical-te2455hp-semikon-20111010/,536827.0,472407.0,1,True
FRA-creatina-monohidratada-star-nutrition-30,Fravega,OTRAS,Deportes y Fitness,Creatina Monohidratada Star Nutrition 300 Gr - Doypack,https://www.fravega.com/p/creatina-monohidratada-star-nutrition-300-gr-doypack-22631157/,37395.0,29916.0,1,True
FRA-barra-de-dominadas-trexa-tx-fd1-de-pared,Fravega,OTRAS,Deportes y Fitness,Barra de Dominadas Trexa TX-FD1 de pared,https://www.fravega.com/p/barra-de-dominadas-trexa-tx-fd1-de-pared-562059/,79999.0,54999.0,1,True
FRA-yoga-mat-trexa-tx-fym10g-10mm-gris-56210,Fravega,OTRAS,Deportes y Fitness,Yoga Mat Trexa TX-FYM10G 10mm Gris,https://www.fravega.com/p/yoga-mat-trexa-tx-fym10g-10mm-gris-562108/,29999.0,15149.0,1,True
FRA-bicicleta-ghepard-x1-mountain-bike-rodad,Fravega,OTRAS,Deportes y Fitness,Bicicleta Ghepard x1 Mountain Bike Rodado 29 Talle 18 NEGRO BLANCO GRIS,https://www.fravega.com/p/bicicleta-ghepard-x1-mountain-bike-rodado-29-talle-18-negro-blanco-gris-562907/,499999.0,224999.0,1,True
FRA-bicicleta-fija-admiral-ad-fbm1-mecanica-,Fravega,OTRAS,Deportes y Fitness,Bicicleta Fija Admiral AD-FBM1 mecánica,https://www.fravega.com/p/bicicleta-fija-admiral-ad-fbm1-mecanica-561939/,199999.0,111099.0,1,True
FRA-cinta-de-correr-caminadora-admiral-ad-fc,Fravega,OTRAS,Deportes y Fitness,Cinta de correr caminadora Admiral AD-FCC11 12 km/h plegable digital,https://www.fravega.com/p/cinta-de-correr-caminadora-admiral-ad-fcc11-12-km-h-plegable-digital-562277/,899999.0,599999.0,1,True
FRA-bicicleta-ghepard-x1-mountain-bike-rodad,Fravega,OTRAS,Deportes y Fitness,Bicicleta Ghepard x1 Mountain Bike Rodado 29 Talle 20 NEGRO BLANCO ROJO,https://www.fravega.com/p/bicicleta-ghepard-x1-mountain-bike-rodado-29-talle-20-negro-blanco-rojo-562909/,499999.0,224999.0,1,True
FRA-bicicleta-infantil-flower-nathor-rodado-,Fravega,OTRAS,Deportes y Fitness,Bicicleta Infantil Flower Nathor Rodado 12 Rosa,https://www.fravega.com/p/bicicleta-infantil-flower-nathor-rodado-12-rosa--563074/,149999.0,79999.0,1,True
FRA-bicicleta-olmo-mint-r24-blanco-562614,Fravega,OTRAS,Deportes y Fitness,Bicicleta Olmo Mint R24 Blanco,https://www.fravega.com/p/bicicleta-olmo-mint-r24-blanco-562614/,459999.0,319999.0,1,True
FRA-bicicleta-ghepard-x1-mountain-bike-rodad,Fravega,OTRAS,Deportes y Fitness,Bicicleta Ghepard x1 Mountain Bike Rodado 29 Talle 18 NEGRO BLANCO ROJO,https://www.fravega.com/p/bicicleta-ghepard-x1-mountain-bike-rodado-29-talle-18-negro-blanco-rojo-562905/,499999.0,244999.0,1,True
FRA-bicicleta-mtb-overtech-q3-r29-rosa-gris-,Fravega,OTRAS,Deportes y Fitness,Bicicleta Mtb Overtech Q3 R29 Rosa/Gris M,https://www.fravega.com/p/bicicleta-mtb-overtech-q3-r29-rosa-gris-m-22884844/,449999.0,218999.0,1,True
FRA-bicicleta-peretti-rodado-12-acero-cross-,Fravega,ACER,Deportes y Fitness,Bicicleta Peretti Rodado 12 Acero CROSS Blanco,https://www.fravega.com/p/bicicleta-peretti-rodado-12-acero-cross-blanco-561776/,149999.0,69999.0,1,True
FRA-bicicleta-spinning-fija-admiral-ad-fbs6-,Fravega,OTRAS,Deportes y Fitness,Bicicleta Spinning Fija Admiral AD-FBS6 6 kg,https://www.fravega.com/p/bicicleta-spinning-fija-admiral-ad-fbs6-6-kg-562558/,459999.0,252499.0,1,True
FRA-arco-de-futbol-exahome-200x150-20001593,Fravega,OTRAS,Deportes y Fitness,Arco de Fútbol Exahome 200x150,https://www.fravega.com/p/arco-de-futbol-exahome-200x150-20001593/,86990.0,76990.0,1,True
FRA-bicicleta-fija-gadnic-b-18-hogarena-regu,Fravega,OTRAS,Deportes y Fitness,Bicicleta Fija Gadnic B-18 Hogareña Regulable 5 Programas Hasta 100kg Magnética,https://www.fravega.com/p/bicicleta-fija-gadnic-b-18-hogarena-regulable-5-programas-hasta-100kg-magnetica-20049282/,216124.0,166249.0,1,True
FRA-bicicleta-olmo-mint-r24-ng-fc-562653,Fravega,OTRAS,Deportes y Fitness,Bicicleta Olmo Mint R24 NG/FC,https://www.fravega.com/p/bicicleta-olmo-mint-r24-ng-fc-562653/,599999.0,319999.0,1,True
FRA-pelota-de-futbol-reebok-vortex-nro-5-ggs,Fravega,OTRAS,Deportes y Fitness,Pelota de Futbol Reebok Vortex Nro.5 GGSS,https://www.fravega.com/p/pelota-de-futbol-reebok-vortex-nro-5-ggss--562730/,19999.0,13999.0,1,True
FRA-bicicleta-spinning-randers-arg-820sp-6-k,Fravega,OTRAS,Deportes y Fitness,Bicicleta Spinning Randers ARG-820SP 6 Kg,https://www.fravega.com/p/bicicleta-spinning-randers-arg-820sp-6-kg-990054591/,466108.0,313273.01,1,True
FRA-tabla-de-pilates-randers-arg-920vc-99027,Fravega,OTRAS,Deportes y Fitness,Tabla de Pilates Randers ARG-920VC,https://www.fravega.com/p/tabla-de-pilates-randers-arg-920vc-990274764/,176480.0,108734.0,1,True
FRA-multigimnasio-admiral-ad-fmg45-45-kg-mul,Fravega,OTRAS,Deportes y Fitness,Multigimnasio Admiral AD-FMG45 45 kg multigym,https://www.fravega.com/p/multigimnasio-admiral-ad-fmg45-45-kg-multigym-562252/,729999.0,399999.0,1,True
FRA-cinta-caminadora-motorizada-arg-360-ultr,Fravega,OTRAS,Deportes y Fitness,Cinta Caminadora Motorizada ARG-360 Ultraplana,https://www.fravega.com/p/cinta-caminadora-motorizada-arg-360-ultraplana-990051958/,736733.0,597746.0,1,True
FRA-guantes-profesionales-para-mma-gfitness-,Fravega,OTRAS,Deportes y Fitness,Guantes Profesionales para MMA Gfitness,https://www.fravega.com/p/guantes-profesionales-para-mma-gfitness-22516793/,101869.0,53659.0,1,True
FRA-multigimnasio-randers-arg-63140-560100,Fravega,OTRAS,Deportes y Fitness,Multigimnasio Randers ARG-63140,https://www.fravega.com/p/multigimnasio-randers-arg-63140-560100/,799999.0,706998.0,1,True
FRA-bicicleta-fija-energy-fit-shock-rider-sp,Fravega,OTRAS,Deportes y Fitness,Bicicleta Fija Energy Fit Shock Rider Spinning Con App Bluetooth,https://www.fravega.com/p/bicicleta-fija-energy-fit-shock-rider-spinning-con-app-bluetooth-22128586/,700000.0,550000.0,1,True
FRA-bicicleta-magnetica-vertical-te2455hp-se,Fravega,HP,Deportes y Fitness,Bicicleta Magnetica Vertical TE2455HP Semikon,https://www.fravega.com/p/bicicleta-magnetica-vertical-te2455hp-semikon-20111010/,536827.0,472407.0,1,True
FRA-creatina-monohidratada-star-nutrition-30,Fravega,OTRAS,Deportes y Fitness,Creatina Monohidratada Star Nutrition 300 Gr - Doypack,https://www.fravega.com/p/creatina-monohidratada-star-nutrition-300-gr-doypack-22631157/,37395.0,29916.0,1,True
FRA-barra-de-dominadas-trexa-tx-fd1-de-pared,Fravega,OTRAS,Deportes y Fitness,Barra de Dominadas Trexa TX-FD1 de pared,https://www.fravega.com/p/barra-de-dominadas-trexa-tx-fd1-de-pared-562059/,79999.0,54999.0,1,True
FRA-monopatin-gadnic-city-plegable-de-alumin,Fravega,OTRAS,Deportes y Fitness,"Monopatín Gadnic City Plegable de Alumino Niños y Adultos Hasta 90kg Ruedas 200mm , Blanco",https://www.fravega.com/p/monopatin-gadnic-city-plegable-de-alumino-ninos-y-adultos-hasta-90kg-ruedas-200mm-blanco--20118392/,324999.0,249999.0,1,True
FRA-bicicleta-peretti-rodado-12-acero-cross-,Fravega,ACER,Deportes y Fitness,Bicicleta Peretti Rodado 12 Acero CROSS Verde,https://www.fravega.com/p/bicicleta-peretti-rodado-12-acero-cross-verde-561921/,149999.0,69999.0,1,True
FRA-kit-x-5-bandas-elasticas-force-by-gadnic,Fravega,OTRAS,Deportes y Fitness,Kit x 5 Bandas Elásticas Force By Gadnic Isométricas,https://www.fravega.com/p/kit-x-5-bandas-elasticas-force-by-gadnic-isometricas-990276586/,16444.0,12648.99,1,True
FRA-bicicleta-mountain-bike-slp-5-pro-rodado,Fravega,OTRAS,Deportes y Fitness,Bicicleta Mountain Bike SLP 5 Pro Rodado 29” T20 NG8GI9BA6,https://www.fravega.com/p/bicicleta-mountain-bike-slp-5-pro-rodado-29-t20-ng8gi9ba6-562406/,499999.0,284999.0,1,True
FRA-inflador-portatil-digital-compresor-aire,Fravega,OTRAS,Deportes y Fitness,Inflador Portátil Digital Compresor Aire 2600mAh Auto Moto Bici LED USB,https://www.fravega.com/p/inflador-portatil-digital-compresor-aire-2600mah-auto-moto-bici-led-usb-563001/,69999.0,49999.0,1,True
FRA-bicicleta-mountain-bike-slp-5-pro-rodado,Fravega,OTRAS,Deportes y Fitness,Bicicleta Mountain Bike SLP 5 Pro Rodado 29” T20 BA5NG7RJ8,https://www.fravega.com/p/bicicleta-mountain-bike-slp-5-pro-rodado-29-t20-ba5ng7rj8-562375/,499999.0,284999.0,1,True
FRA-bicicleta-gross-mtb-rodado-29-mountain-b,Fravega,OTRAS,Deportes y Fitness,Bicicleta Gross MTB Rodado 29 Mountain Bike Aluminio 21v Cambios Shimano Negro Blanco,https://www.fravega.com/p/bicicleta-gross-mtb-rodado-29-mountain-bike-aluminio-21v-cambios-shimano-negro-blanco-562848/,599999.0,334999.0,1,True
FRA-bicicleta-mtb-overtech-q3-r29-rosa-gris-,Fravega,OTRAS,Deportes y Fitness,Bicicleta Mtb Overtech Q3 R29 Rosa/Gris S,https://www.fravega.com/p/bicicleta-mtb-overtech-q3-r29-rosa-gris-s-22884725/,449999.0,218999.0,1,True
FRA-2-arcos-de-futbol-200x150-con-red-desarm,Fravega,OTRAS,Deportes y Fitness,2 Arcos de Fútbol 200x150 con Red Desarmables,https://www.fravega.com/p/2-arcos-de-futbol-200x150-con-red-desarmables-20035974/,154990.0,139990.0,1,True
FRA-bicicleta-infantil-nathor-r12-mechanic-5,Fravega,OTRAS,Deportes y Fitness,Bicicleta Infantil Nathor R12 Mechanic,https://www.fravega.com/p/bicicleta-infantil-nathor-r12-mechanic-562601/,149999.0,79999.0,1,True
FRA-bicicleta-olmo-tiny-r16-rosa--562597,Fravega,OTRAS,Deportes y Fitness,Bicicleta Olmo Tiny R16 Rosa,https://www.fravega.com/p/bicicleta-olmo-tiny-r16-rosa--562597/,599999.0,299999.0,1,True
FRA-mat-de-yoga-enrollable-color-rosa-gfitne,Fravega,OTRAS,Deportes y Fitness,Mat de Yoga enrollable Color Rosa Gfitness,https://www.fravega.com/p/mat-de-yoga-enrollable-color-rosa-gfitness-21916759/,45655.0,13463.0,1,True
FRA-bicicleta-infantil-apollo-nathor-rodado-,Fravega,OTRAS,Deportes y Fitness,Bicicleta Infantil Apollo Nathor Rodado 16 Negra y Verde,https://www.fravega.com/p/bicicleta-infantil-apollo-nathor-rodado-16-negra-y-verde--563075/,299999.0,199999.0,1,True
FRA-bicicleta-peretti-rodado-12-acero-cross-,Fravega,ACER,Deportes y Fitness,Bicicleta Peretti Rodado 12 Acero CROSS Rosa,https://www.fravega.com/p/bicicleta-peretti-rodado-12-acero-cross-rosa-561854/,149999.0,69999.0,1,True
FRA-bicicleta-mountain-bike-rodado-29-alumin,Fravega,OTRAS,Deportes y Fitness,Bicicleta Mountain Bike Rodado 29” Aluminio SLP 25PRO T18 NGAAVR,https://www.fravega.com/p/bicicleta-mountain-bike-rodado-29-aluminio-slp-25pro-t18-ngaavr-561763/,699999.0,379999.0,1,True
FRA-pelota-de-futbol-reebok-vortex-nro-5-ggs,Fravega,OTRAS,Deportes y Fitness,Pelota de Futbol Reebok Vortex Nro.5 GGSS,https://www.fravega.com/p/pelota-de-futbol-reebok-vortex-nro-5-ggss--562730/,19999.0,13999.0,1,True
FRA-bicicleta-spinning-randers-arg-820sp-6-k,Fravega,OTRAS,Deportes y Fitness,Bicicleta Spinning Randers ARG-820SP 6 Kg,https://www.fravega.com/p/bicicleta-spinning-randers-arg-820sp-6-kg-990054591/,466108.0,313273.01,1,True
FRA-tabla-de-pilates-randers-arg-920vc-99027,Fravega,OTRAS,Deportes y Fitness,Tabla de Pilates Randers ARG-920VC,https://www.fravega.com/p/tabla-de-pilates-randers-arg-920vc-990274764/,176480.0,108734.0,1,True
FRA-multigimnasio-admiral-ad-fmg45-45-kg-mul,Fravega,OTRAS,Deportes y Fitness,Multigimnasio Admiral AD-FMG45 45 kg multigym,https://www.fravega.com/p/multigimnasio-admiral-ad-fmg45-45-kg-multigym-562252/,729999.0,399999.0,1,True
FRA-cinta-caminadora-motorizada-arg-360-ultr,Fravega,OTRAS,Deportes y Fitness,Cinta Caminadora Motorizada ARG-360 Ultraplana,https://www.fravega.com/p/cinta-caminadora-motorizada-arg-360-ultraplana-990051958/,736733.0,597746.0,1,True
FRA-guantes-profesionales-para-mma-gfitness-,Fravega,OTRAS,Deportes y Fitness,Guantes Profesionales para MMA Gfitness,https://www.fravega.com/p/guantes-profesionales-para-mma-gfitness-22516793/,101869.0,53659.0,1,True
FRA-multigimnasio-randers-arg-63140-560100,Fravega,OTRAS,Deportes y Fitness,Multigimnasio Randers ARG-63140,https://www.fravega.com/p/multigimnasio-randers-arg-63140-560100/,799999.0,706998.0,1,True
FRA-bicicleta-fija-energy-fit-shock-rider-sp,Fravega,OTRAS,Deportes y Fitness,Bicicleta Fija Energy Fit Shock Rider Spinning Con App Bluetooth,https://www.fravega.com/p/bicicleta-fija-energy-fit-shock-rider-spinning-con-app-bluetooth-22128586/,700000.0,550000.0,1,True
FRA-bicicleta-magnetica-vertical-te2455hp-se,Fravega,HP,Deportes y Fitness,Bicicleta Magnetica Vertical TE2455HP Semikon,https://www.fravega.com/p/bicicleta-magnetica-vertical-te2455hp-semikon-20111010/,536827.0,472407.0,1,True
FRA-creatina-monohidratada-star-nutrition-30,Fravega,OTRAS,Deportes y Fitness,Creatina Monohidratada Star Nutrition 300 Gr - Doypack,https://www.fravega.com/p/creatina-monohidratada-star-nutrition-300-gr-doypack-22631157/,37395.0,29916.0,1,True
FRA-barra-de-dominadas-trexa-tx-fd1-de-pared,Fravega,OTRAS,Deportes y Fitness,Barra de Dominadas Trexa TX-FD1 de pared,https://www.fravega.com/p/barra-de-dominadas-trexa-tx-fd1-de-pared-562059/,79999.0,54999.0,1,True
FRA-bicicleta-mountain-bike-slp-5-pro-rodado,Fravega,OTRAS,Deportes y Fitness,Bicicleta Mountain Bike SLP 5 Pro Rodado 29” T20 NG7VR4VR5,https://www.fravega.com/p/bicicleta-mountain-bike-slp-5-pro-rodado-29-t20-ng7vr4vr5-562390/,499999.0,284999.0,1,True
FRA-bicicleta-spinning-fija-admiral-ad-fbs10,Fravega,OTRAS,Deportes y Fitness,Bicicleta Spinning Fija Admiral AD-FBS10 10 kg,https://www.fravega.com/p/bicicleta-spinning-fija-admiral-ad-fbs10-10-kg-562691/,599999.0,349999.0,1,True
FRA-monopatin-electrico-kanji-scooter-350w-2,Fravega,OTRAS,Deportes y Fitness,Monopatín Eléctrico Kanji Scooter 350W 25km/h,https://www.fravega.com/p/monopatin-electrico-kanji-scooter-350w-25km-h-562410/,999999.0,599999.0,1,True
FRA-pelota-de-futbol-con-efecto-kicker-ball-,Fravega,OTRAS,Deportes y Fitness,Pelota de Fútbol con efecto Kicker Ball,https://www.fravega.com/p/pelota-de-futbol-con-efecto-kicker-ball-990075536/,39900.0,19900.0,1,True
FRA-pelota-de-futbol-maradona-nro-5-mrd2100-,Fravega,OTRAS,Deportes y Fitness,Pelota de Fútbol Maradona Nro. 5 MRD2100 Boca Juniors Oficial,https://www.fravega.com/p/pelota-de-futbol-maradona-nro-5-mrd2100-boca-juniors-oficial-562198/,29999.0,11999.0,1,True
FRA-bicicleta-mtb-overtech-mountain-bike-q6-,Fravega,OTRAS,Deportes y Fitness,Bicicleta Mtb Overtech Mountain Bike Q6 R29 Aluminio 21v Freno A Disco Talle M Negro/Rojo/Rojo,https://www.fravega.com/p/bicicleta-mtb-overtech-mountain-bike-q6-r29-aluminio-21v-freno-a-disco-talle-m-negro-rojo-rojo-21302709/,599999.0,274999.0,1,True
FRA-star-nutrition-whey-protein-2-lb-sabor-c,Fravega,OTRAS,Deportes y Fitness,Star Nutrition Whey Protein 2 Lb Sabor Chocolate Suizo,https://www.fravega.com/p/star-nutrition-whey-protein-2-lb-sabor-chocolate-suizo-22636050/,98380.0,78700.0,1,True
FRA-guantes-tacticos-gadnic-touchscreen-cicl,Fravega,OTRAS,Deportes y Fitness,Guantes Tacticos Gadnic Touchscreen Ciclismo Moto - Talle XL,https://www.fravega.com/p/guantes-tacticos-gadnic-touchscreen-ciclismo-moto-talle-xl-990164431/,16834.0,12949.0,1,True
FRA-bicicleta-ghepard-x1-mountain-bike-rodad,Fravega,OTRAS,Deportes y Fitness,Bicicleta Ghepard x1 Mountain Bike Rodado 29 Talle 20 NEGRO BLANCO GRIS,https://www.fravega.com/p/bicicleta-ghepard-x1-mountain-bike-rodado-29-talle-20-negro-blanco-gris-562910/,499999.0,224999.0,1,True
FRA-bicicleta-infantil-nathor-r12-mechanic-5,Fravega,OTRAS,Deportes y Fitness,Bicicleta Infantil Nathor R12 Mechanic,https://www.fravega.com/p/bicicleta-infantil-nathor-r12-mechanic-563073/,149999.0,79999.0,1,True
FRA-bicicleta-mountain-bike-slp-10-pro-rodad,Fravega,OTRAS,Deportes y Fitness,Bicicleta Mountain Bike SLP 10 Pro Rodado 29” T18 17192-NG7BA7AA3T18,https://www.fravega.com/p/bicicleta-mountain-bike-slp-10-pro-rodado-29-t18-17192-ng7ba7aa3t18-562418/,599999.0,299999.0,1,True
FRA-bicicleta-jeico-mtb-k1-r24-acero-21v-v-b,Fravega,ACER,Deportes y Fitness,Bicicleta Jeico MTB K1 R24 Acero 21v V-Brake Talle M Azul,https://www.fravega.com/p/bicicleta-jeico-mtb-k1-r24-acero-21v-v-brake-talle-m-azul-990244464/,389532.0,258662.99,1,True
FRA-bicicleta-mtb-overtech-q3-r29-gris-negro,Fravega,OTRAS,Deportes y Fitness,Bicicleta Mtb Overtech Q3 R29 Gris/Negro M,https://www.fravega.com/p/bicicleta-mtb-overtech-q3-r29-gris-negro-m-22885581/,449999.0,218999.0,1,True
FRA-bicicleta-infantil-butterfly-nathor-roda,Fravega,OTRAS,Deportes y Fitness,Bicicleta Infantil Butterfly Nathor Rodado 16 Negra y Violeta,https://www.fravega.com/p/bicicleta-infantil-butterfly-nathor-rodado-16-negra-y-violeta--563076/,299999.0,199999.0,1,True
FRA-monopatin-plegable-alien-tech-aluminio-a,Fravega,OTRAS,Deportes y Fitness,Monopatin Plegable Alien Tech Aluminio Alta Resistencia,https://www.fravega.com/p/monopatin-plegable-alien-tech-aluminio-alta-resistencia-22884178/,109999.0,72999.0,1,True
FRA-pelota-de-futbol-reebok-vortex-nro-5-ggs,Fravega,OTRAS,Deportes y Fitness,Pelota de Futbol Reebok Vortex Nro.5 GGSS,https://www.fravega.com/p/pelota-de-futbol-reebok-vortex-nro-5-ggss--562730/,19999.0,13999.0,1,True
FRA-bicicleta-spinning-randers-arg-820sp-6-k,Fravega,OTRAS,Deportes y Fitness,Bicicleta Spinning Randers ARG-820SP 6 Kg,https://www.fravega.com/p/bicicleta-spinning-randers-arg-820sp-6-kg-990054591/,466108.0,313273.01,1,True
FRA-tabla-de-pilates-randers-arg-920vc-99027,Fravega,OTRAS,Deportes y Fitness,Tabla de Pilates Randers ARG-920VC,https://www.fravega.com/p/tabla-de-pilates-randers-arg-920vc-990274764/,176480.0,108734.0,1,True
FRA-multigimnasio-admiral-ad-fmg45-45-kg-mul,Fravega,OTRAS,Deportes y Fitness,Multigimnasio Admiral AD-FMG45 45 kg multigym,https://www.fravega.com/p/multigimnasio-admiral-ad-fmg45-45-kg-multigym-562252/,729999.0,399999.0,1,True
FRA-cinta-caminadora-motorizada-arg-360-ultr,Fravega,OTRAS,Deportes y Fitness,Cinta Caminadora Motorizada ARG-360 Ultraplana,https://www.fravega.com/p/cinta-caminadora-motorizada-arg-360-ultraplana-990051958/,736733.0,597746.0,1,True
FRA-guantes-profesionales-para-mma-gfitness-,Fravega,OTRAS,Deportes y Fitness,Guantes Profesionales para MMA Gfitness,https://www.fravega.com/p/guantes-profesionales-para-mma-gfitness-22516793/,101869.0,53659.0,1,True
FRA-multigimnasio-randers-arg-63140-560100,Fravega,OTRAS,Deportes y Fitness,Multigimnasio Randers ARG-63140,https://www.fravega.com/p/multigimnasio-randers-arg-63140-560100/,799999.0,706998.0,1,True
FRA-bicicleta-fija-energy-fit-shock-rider-sp,Fravega,OTRAS,Deportes y Fitness,Bicicleta Fija Energy Fit Shock Rider Spinning Con App Bluetooth,https://www.fravega.com/p/bicicleta-fija-energy-fit-shock-rider-spinning-con-app-bluetooth-22128586/,700000.0,550000.0,1,True
FRA-bicicleta-magnetica-vertical-te2455hp-se,Fravega,HP,Deportes y Fitness,Bicicleta Magnetica Vertical TE2455HP Semikon,https://www.fravega.com/p/bicicleta-magnetica-vertical-te2455hp-semikon-20111010/,536827.0,472407.0,1,True
FRA-creatina-monohidratada-star-nutrition-30,Fravega,OTRAS,Deportes y Fitness,Creatina Monohidratada Star Nutrition 300 Gr - Doypack,https://www.fravega.com/p/creatina-monohidratada-star-nutrition-300-gr-doypack-22631157/,37395.0,29916.0,1,True
FRA-barra-de-dominadas-trexa-tx-fd1-de-pared,Fravega,OTRAS,Deportes y Fitness,Barra de Dominadas Trexa TX-FD1 de pared,https://www.fravega.com/p/barra-de-dominadas-trexa-tx-fd1-de-pared-562059/,79999.0,54999.0,1,True
FRA-bicicleta-infantil-rodado-20-acero-olmo-,Fravega,ACER,Deportes y Fitness,Bicicleta Infantil Rodado 20” Acero Olmo Tiny 20 Rosa,https://www.fravega.com/p/bicicleta-infantil-rodado-20-acero-olmo-tiny-20-rosa-562719/,499999.0,299999.0,1,True
FRA-star-nutrition-whey-protein-2-lb-sabor-c,Fravega,OTRAS,Deportes y Fitness,Star Nutrition Whey Protein 2 Lb Sabor Cookies And Cream,https://www.fravega.com/p/star-nutrition-whey-protein-2-lb-sabor-cookies-and-cream-22635883/,98380.0,78700.0,1,True
FRA-banco-de-pesas-admiral-reclinable-ejerci,Fravega,OTRAS,Deportes y Fitness,Banco de Pesas Admiral Reclinable Ejercicio Fitness Gym,https://www.fravega.com/p/banco-de-pesas-admiral-reclinable-ejercicio-fitness-gym-563728/,199999.0,169999.0,1,True
FRA-bicicleta-gross-mtb-rodado-29-mountain-b,Fravega,OTRAS,Deportes y Fitness,Bicicleta Gross MTB Rodado 29 Mountain Bike Aluminio 21v Cambios Shimano Gris Negro,https://www.fravega.com/p/bicicleta-gross-mtb-rodado-29-mountain-bike-aluminio-21v-cambios-shimano-gris-negro-562847/,599999.0,334999.0,1,True
FRA-bicicleta-mtb-overtech-q5-lady-r29-21v-c,Fravega,OTRAS,Deportes y Fitness,"Bicicleta Mtb Overtech Q5 Lady R29, 21V con Shimano, Freno a Disco, Con Sus, Negro/Rosa S",https://www.fravega.com/p/bicicleta-mtb-overtech-q5-lady-r29-21v-con-shimano-freno-a-disco-con-sus-negro-rosa-s-22855123/,499999.0,254999.0,1,True
FRA-banco-de-pesas-y-abdominales-admiral-ad-,Fravega,OTRAS,Deportes y Fitness,Banco de pesas y abdominales Admiral AD-FBP1 curvo,https://www.fravega.com/p/banco-de-pesas-y-abdominales-admiral-ad-fbp1-curvo-562744/,149999.0,100999.0,1,True
FRA-pelota-de-futbol-con-efecto-kicker-ball-,Fravega,OTRAS,Deportes y Fitness,Pelota de Fútbol con Efecto Kicker Ball,https://www.fravega.com/p/pelota-de-futbol-con-efecto-kicker-ball-990075720/,39900.0,19900.0,1,True
FRA-bicicleta-mtb-overtech-q6-lady-r29-alumi,Fravega,OTRAS,Deportes y Fitness,"Bicicleta Mtb Overtech Q6 Lady R29 Aluminio, 21v Con Shimano, Freno A Disco, Con Suspensión, Negro/Rosa S",https://www.fravega.com/p/bicicleta-mtb-overtech-q6-lady-r29-aluminio-21v-con-shimano-freno-a-disco-con-suspension-negro-rosa-s-22873867/,599999.0,274999.0,1,True
FRA-bicicleta-mtb-overtech-mountain-bike-q6-,Fravega,OTRAS,Deportes y Fitness,Bicicleta Mtb Overtech Mountain Bike Q6 R29 Aluminio 21v Freno A Disco Talle M Negro/Rojo/Blanco,https://www.fravega.com/p/bicicleta-mtb-overtech-mountain-bike-q6-r29-aluminio-21v-freno-a-disco-talle-m-negro-rojo-blanco-21192799/,599999.0,274999.0,1,True
FRA-mancuernas-pvc-roja-peso-1kg-body-pump-2,Fravega,OTRAS,Deportes y Fitness,Mancuernas PVC Roja Peso: 1kg Body Pump,https://www.fravega.com/p/mancuernas-pvc-roja-peso-1kg-body-pump-21205543/,11302.0,8476.0,1,True
FRA-guantes-tacticos-gadnic-touchscreen-cicl,Fravega,OTRAS,Deportes y Fitness,Guantes Tácticos Gadnic Touchscreen Ciclismo Moto - Talle L,https://www.fravega.com/p/guantes-tacticos-gadnic-touchscreen-ciclismo-moto-talle-l-990164390/,16834.0,12949.0,1,True
FRA-bicicleta-mountain-bike-slp-5-pro-rodado,Fravega,OTRAS,Deportes y Fitness,Bicicleta Mountain Bike SLP 5 Pro Rodado 29” T18 NG7VR4VR5,https://www.fravega.com/p/bicicleta-mountain-bike-slp-5-pro-rodado-29-t18-ng7vr4vr5-562287/,499999.0,284999.0,1,True
FRA-monopatin-overtech-maxi-891-plegable-nin,Fravega,OTRAS,Deportes y Fitness,Monopatin Overtech Maxi-891 Plegable Niños 4 Ruedas Led Reforzado 80kg Negro WT-71,https://www.fravega.com/p/monopatin-overtech-maxi-891-plegable-ninos-4-ruedas-led-reforzado-80kg-negro-wt-71-22611509/,99999.0,61999.0,1,True
FRA-asiento-infantil-para-bicicleta-gadnic-c,Fravega,OTRAS,Deportes y Fitness,Asiento Infantil Para Bicicleta GADNIC Con Manillar Hasta 25kg,https://www.fravega.com/p/asiento-infantil-para-bicicleta-gadnic-con-manillar-hasta-25kg-990284234/,88269.0,67899.0,1,True
FRA-patines-ajustables-de-4-ruedas-para-nino,Fravega,OTRAS,Deportes y Fitness,Patines Ajustables De 4 Ruedas Para Niños +8 Pcs Y Casco,https://www.fravega.com/p/patines-ajustables-de-4-ruedas-para-ninos-8-pcs-y-casco-22887526/,94999.0,59999.0,1,True
FRA-pelota-de-futbol-reebok-vortex-nro-5-ggs,Fravega,OTRAS,Deportes y Fitness,Pelota de Futbol Reebok Vortex Nro.5 GGSS,https://www.fravega.com/p/pelota-de-futbol-reebok-vortex-nro-5-ggss--562730/,19999.0,13999.0,1,True
FRA-bicicleta-spinning-randers-arg-820sp-6-k,Fravega,OTRAS,Deportes y Fitness,Bicicleta Spinning Randers ARG-820SP 6 Kg,https://www.fravega.com/p/bicicleta-spinning-randers-arg-820sp-6-kg-990054591/,466108.0,313273.01,1,True
FRA-tabla-de-pilates-randers-arg-920vc-99027,Fravega,OTRAS,Deportes y Fitness,Tabla de Pilates Randers ARG-920VC,https://www.fravega.com/p/tabla-de-pilates-randers-arg-920vc-990274764/,176480.0,108734.0,1,True
FRA-multigimnasio-admiral-ad-fmg45-45-kg-mul,Fravega,OTRAS,Deportes y Fitness,Multigimnasio Admiral AD-FMG45 45 kg multigym,https://www.fravega.com/p/multigimnasio-admiral-ad-fmg45-45-kg-multigym-562252/,729999.0,399999.0,1,True
FRA-cinta-caminadora-motorizada-arg-360-ultr,Fravega,OTRAS,Deportes y Fitness,Cinta Caminadora Motorizada ARG-360 Ultraplana,https://www.fravega.com/p/cinta-caminadora-motorizada-arg-360-ultraplana-990051958/,736733.0,597746.0,1,True
FRA-guantes-profesionales-para-mma-gfitness-,Fravega,OTRAS,Deportes y Fitness,Guantes Profesionales para MMA Gfitness,https://www.fravega.com/p/guantes-profesionales-para-mma-gfitness-22516793/,101869.0,53659.0,1,True
FRA-multigimnasio-randers-arg-63140-560100,Fravega,OTRAS,Deportes y Fitness,Multigimnasio Randers ARG-63140,https://www.fravega.com/p/multigimnasio-randers-arg-63140-560100/,799999.0,706998.0,1,True
FRA-bicicleta-fija-energy-fit-shock-rider-sp,Fravega,OTRAS,Deportes y Fitness,Bicicleta Fija Energy Fit Shock Rider Spinning Con App Bluetooth,https://www.fravega.com/p/bicicleta-fija-energy-fit-shock-rider-spinning-con-app-bluetooth-22128586/,700000.0,550000.0,1,True
FRA-bicicleta-magnetica-vertical-te2455hp-se,Fravega,HP,Deportes y Fitness,Bicicleta Magnetica Vertical TE2455HP Semikon,https://www.fravega.com/p/bicicleta-magnetica-vertical-te2455hp-semikon-20111010/,536827.0,472407.0,1,True
FRA-creatina-monohidratada-star-nutrition-30,Fravega,OTRAS,Deportes y Fitness,Creatina Monohidratada Star Nutrition 300 Gr - Doypack,https://www.fravega.com/p/creatina-monohidratada-star-nutrition-300-gr-doypack-22631157/,37395.0,29916.0,1,True
FRA-barra-de-dominadas-trexa-tx-fd1-de-pared,Fravega,OTRAS,Deportes y Fitness,Barra de Dominadas Trexa TX-FD1 de pared,https://www.fravega.com/p/barra-de-dominadas-trexa-tx-fd1-de-pared-562059/,79999.0,54999.0,1,True
FRA-bicicleta-mtb-overtech-q5-r29-21v-con-sh,Fravega,OTRAS,Deportes y Fitness,"Bicicleta Mtb Overtech Q5 R29, 21V con Shimano, Con suspensión, Azul/Azul/Blanco L",https://www.fravega.com/p/bicicleta-mtb-overtech-q5-r29-21v-con-shimano-con-suspension-azul-azul-blanco-l-22491752/,499999.0,254999.0,1,True
FRA-bicicleta-topmega-mtb-tigris-aluminio-r2,Fravega,OTRAS,Deportes y Fitness,Bicicleta TopMega MTB Tigris Aluminio R29 21VEL Gris Celeste Talle M 1011854,https://www.fravega.com/p/bicicleta-topmega-mtb-tigris-aluminio-r29-21vel-gris-celeste-talle-m-1011854-22613827/,592460.0,373635.0,1,True
FRA-bicicleta-fija-minibike-arg-116-randers-,Fravega,OTRAS,Deportes y Fitness,Bicicleta Fija Minibike ARG-116 Randers Consola Digital,https://www.fravega.com/p/bicicleta-fija-minibike-arg-116-randers-consola-digital-990251453/,112728.0,71540.0,1,True
FRA-bicicleta-fija-force-by-gadnic-thg799-sp,Fravega,OTRAS,Deportes y Fitness,Bicicleta Fija Force By Gadnic THG799 Spinning Hasta 120 Kg Volante de Inercia 6 Kg,https://www.fravega.com/p/bicicleta-fija-force-by-gadnic-thg799-spinning-hasta-120-kg-volante-de-inercia-6-kg-990276973/,531894.0,409149.0,1,True
FRA-bicicleta-mountain-bike-nordic-x2-0-roda,Fravega,OTRAS,Deportes y Fitness,Bicicleta Mountain Bike Nordic X2.0 Rodado 29 T20,https://www.fravega.com/p/bicicleta-mountain-bike-nordic-x2-0-rodado-29-t20-562999/,599999.0,294999.0,1,True
FRA-bicicleta-mountain-bike-nordic-x2-0-roda,Fravega,OTRAS,Deportes y Fitness,Bicicleta Mountain Bike Nordic X2.0 Rodado 29 T20 Rojo - Gris,https://www.fravega.com/p/bicicleta-mountain-bike-nordic-x2-0-rodado-29-t20-rojo-gris-561441/,399999.0,279999.0,1,True
FRA-bicicleta-mtb-overtech-q5-r29-21v-freno-,Fravega,OTRAS,Deportes y Fitness,"Bicicleta Mtb Overtech Q5 R29, 21V Freno a Disco, Suspensión, Negro/Rojo/Blanco L",https://www.fravega.com/p/bicicleta-mtb-overtech-q5-r29-21v-freno-a-disco-suspension-negro-rojo-blanco-l--21202518/,499999.0,254999.0,1,True
FRA-pelota-de-futbol-drb-flash-nro-5-platead,Fravega,OTRAS,Deportes y Fitness,Pelota de Futbol DRB Flash Nro. 5 Plateado PVC 00265,https://www.fravega.com/p/pelota-de-futbol-drb-flash-nro-5-plateado-pvc-00265-562003/,15999.0,10999.0,1,True
FRA-bicicleta-mountain-bike-slp-5-pro-rodado,Fravega,OTRAS,Deportes y Fitness,Bicicleta Mountain Bike SLP 5 Pro Rodado 29” T18 VR7NG11VR8,https://www.fravega.com/p/bicicleta-mountain-bike-slp-5-pro-rodado-29-t18-vr7ng11vr8-562361/,499999.0,284999.0,1,True
FRA-pelota-kick-off-n5-562562,Fravega,OTRAS,Deportes y Fitness,Pelota Kick Off Nº5,https://www.fravega.com/p/pelota-kick-off-n5-562562/,94999.0,64999.0,1,True
FRA-bicicleta-trexa-trx-6-0-mtb-r29-t18-alum,Fravega,OTRAS,Deportes y Fitness,Bicicleta Trexa TRX 6.0 MTB R29 T18 Aluminio Blanca,https://www.fravega.com/p/bicicleta-trexa-trx-6-0-mtb-r29-t18-aluminio-blanca-562707/,699999.0,284999.0,1,True
FRA-bicicleta-bolt-nathor-rodado-20-azul-y-n,Fravega,OTRAS,Deportes y Fitness,Bicicleta  Bolt Nathor Rodado 20 Azul y Negra,https://www.fravega.com/p/bicicleta-bolt-nathor-rodado-20-azul-y-negra--563077/,399999.0,284999.0,1,True
FRA-bicicleta-mtb-overtech-q6-lady-r29-alumi,Fravega,OTRAS,Deportes y Fitness,"Bicicleta Mtb Overtech Q6 Lady R29 Aluminio, 21v Con Shimano, Freno A Disco, Con Suspensión, Rosa/Violeta S",https://www.fravega.com/p/bicicleta-mtb-overtech-q6-lady-r29-aluminio-21v-con-shimano-freno-a-disco-con-suspension-rosa-violeta-s-22873856/,599999.0,274999.0,1,True
FRA-bicicleta-fija-spinning-s6000-22910520,Fravega,OTRAS,Deportes y Fitness,BICICLETA FIJA SPINNING S6000,https://www.fravega.com/p/bicicleta-fija-spinning-s6000-22910520/,519990.0,274990.0,1,True
FRA-secador-de-pelo-gama-mistral-ceramic-ion,Fravega,GAMA,Belleza y Cuidado Personal,Secador de Pelo GAMA Mistral Ceramic Ion,https://www.fravega.com/p/secador-de-pelo-gama-mistral-ceramic-ion-13349/,74999.0,51999.0,1,True
FRA-planchita-de-pelo-gama-elegance-bella-to,Fravega,GAMA,Belleza y Cuidado Personal,Planchita de Pelo GAMA Elegance Bella Tourmaline ION 230°C,https://www.fravega.com/p/planchita-de-pelo-gama-elegance-bella-tourmaline-ion-230c-13040/,69999.0,54999.0,1,True
FRA-depiladora-ipl-philips-lumea-prestige-br,Fravega,PHILIPS,Belleza y Cuidado Personal,Depiladora IPL Philips Lumea Prestige BRI947/30,https://www.fravega.com/p/depiladora-ipl-philips-lumea-prestige-bri947-30-13275/,959999.0,659999.0,1,True
FRA-secador-de-pelo-profesional-remington-si,Fravega,REMINGTON,Belleza y Cuidado Personal,Secador de Pelo Profesional Remington Silk AC9096 2400W,https://www.fravega.com/p/secador-de-pelo-profesional-remington-silk-ac9096-2400w-11933/,104999.0,84799.0,1,True
FRA-planchita-de-pelo-admiral-ad-pl001-ceram,Fravega,OTRAS,Belleza y Cuidado Personal,Planchita de Pelo Admiral AD-PL001 Ceramic 230,https://www.fravega.com/p/planchita-de-pelo-admiral-ad-pl001-ceramic-230-14214/,39999.0,19999.0,1,True
FRA-depiladora-ipl-philips-lumea-lumea-advan,Fravega,PHILIPS,Belleza y Cuidado Personal,Depiladora IPL Philips Lumea Lumea Advanced BRI920/30 + Recortador,https://www.fravega.com/p/depiladora-ipl-philips-lumea-lumea-advanced-bri920-30-recortador-13149/,699999.0,439999.0,1,True
FRA-secador-remington-d3015-power-volumen-20,Fravega,REMINGTON,Belleza y Cuidado Personal,Secador Remington D3015 Power Volumen 2000,https://www.fravega.com/p/secador-remington-d3015-power-volumen-2000-12426/,69999.0,59999.0,1,True
FRA-planchita-de-pelo-allure-pl1010ap-titani,Fravega,OTRAS,Belleza y Cuidado Personal,Planchita de Pelo Allure PL1010AP Titanium Ion,https://www.fravega.com/p/planchita-de-pelo-allure-pl1010ap-titanium-ion-13892/,34999.0,22999.0,1,True
FRA-depiladora-electrica-philips-bre227-00-1,Fravega,PHILIPS,Belleza y Cuidado Personal,Depiladora Eléctrica Philips BRE227/00,https://www.fravega.com/p/depiladora-electrica-philips-bre227-00-14404/,72999.0,59999.0,1,True
FRA-secador-de-pelo-philips-dry-care-bhd274-,Fravega,PHILIPS,Belleza y Cuidado Personal,Secador de Pelo Philips Dry Care BHD274-00,https://www.fravega.com/p/secador-de-pelo-philips-dry-care-bhd274-00-13183/,122399.0,89999.0,1,True
FRA-planchita-de-pelo-remington-wet2straight,Fravega,REMINGTON,Belleza y Cuidado Personal,Planchita de Pelo Remington Wet2Straight S27A,https://www.fravega.com/p/planchita-de-pelo-remington-wet2straight-s27a-14242/,79999.0,64999.0,1,True
FRA-depiladora-philips-satinshave-essential-,Fravega,PHILIPS,Belleza y Cuidado Personal,Depiladora Philips SatinShave Essential HP6306/00 F,https://www.fravega.com/p/depiladora-philips-satinshave-essential-hp6306-00-f-13682/,36499.0,31499.0,1,True
FRA-secador-de-pelo-gama-professional-ultra-,Fravega,GAMA,Belleza y Cuidado Personal,Secador de Pelo Gama Professional Ultra AC 2200W,https://www.fravega.com/p/secador-de-pelo-gama-professional-ultra-ac-2200w-14437/,99999.0,74999.0,1,True
FRA-planchita-de-pelo-revlon-rvst2182red-anc,Fravega,OTRAS,Belleza y Cuidado Personal,Planchita de Pelo Revlon RVST2182RED Ancha,https://www.fravega.com/p/planchita-de-pelo-revlon-rvst2182red-ancha-10407/,69999.0,49999.0,1,True
FRA-depiladora-electrica-corporal-gadnic-2-v,Fravega,OTRAS,Belleza y Cuidado Personal,Depiladora Electrica Corporal Gadnic 2 Velocidades,https://www.fravega.com/p/depiladora-electrica-corporal-gadnic-2-velocidades-20057895/,80878.0,62214.0,1,True
FRA-cepillo-secador-modelador-electrico-2000,Fravega,OTRAS,Belleza y Cuidado Personal,Cepillo Secador Modelador Eléctrico 2000 W Seis,https://www.fravega.com/p/cepillo-secador-modelador-electrico-2000-w-seis-22909720/,17226.0,14649.0,1,True
FRA-planchita-de-pelo-remington-gloss-s9350-,Fravega,REMINGTON,Belleza y Cuidado Personal,Planchita de Pelo Remington Gloss S9350 Tecnología Antiestática,https://www.fravega.com/p/planchita-de-pelo-remington-gloss-s9350-tecnologia-antiestatica-14501/,89999.0,69999.0,1,True
FRA-depiladora-facial-con-luz-recargable-usb,Fravega,OTRAS,Belleza y Cuidado Personal,Depiladora Facial Con Luz Recargable Usb Vellos Finos RJ3740 Blanco,https://www.fravega.com/p/depiladora-facial-con-luz-recargable-usb-vellos-finos-rj3740-blanco-22709024/,12829.69,8980.78,1,True
FRA-secador-de-pelo-gama-diamond-ceramic-129,Fravega,GAMA,Belleza y Cuidado Personal,Secador de Pelo GAMA Diamond Ceramic,https://www.fravega.com/p/secador-de-pelo-gama-diamond-ceramic-12982/,99999.0,74999.0,1,True
FRA-cepillo-alisador-electrico-enchen-by-xia,Fravega,XIAOMI,Belleza y Cuidado Personal,Cepillo Alisador Eléctrico Enchen By Xiaomi Control de Temp.,https://www.fravega.com/p/cepillo-alisador-electrico-enchen-by-xiaomi-control-de-temp--990245043/,62989.0,40990.0,1,True
FRA-repuesto-cuchillas-x2-para-cortabarba-ph,Fravega,PHILIPS,Belleza y Cuidado Personal,Repuesto Cuchillas x2 para Cortabarba Philips OneBlade,https://www.fravega.com/p/repuesto-cuchillas-x2-para-cortabarba-philips-oneblade-30460/,31499.0,25999.0,1,True
FRA-afeitadora-electrica-inalambrica-philco-,Fravega,PHILCO,Belleza y Cuidado Personal,Afeitadora Eléctrica Inalámbrica Philco AE5105,https://www.fravega.com/p/afeitadora-electrica-inalambrica-philco-ae5105-30464/,54999.0,34999.0,1,True
FRA-afeitadora-philips-s1881-00-serie-1000-u,Fravega,PHILIPS,Belleza y Cuidado Personal,Afeitadora Philips S1881/00 Serie 1000 uso en Húmedo y Seco,https://www.fravega.com/p/afeitadora-philips-s1881-00-serie-1000-uso-humedo-y-seco-30625/,81999.0,64999.0,1,True
FRA-afeitadora-philips-serie-5000-x5012-05-3,Fravega,PHILIPS,Belleza y Cuidado Personal,Afeitadora Philips Serie 5000 X5012/05,https://www.fravega.com/p/afeitadora-philips-serie-5000-x5012-05-30374/,139999.0,103999.0,1,True
FRA-afeitadora-electrica-philips-serie-7000-,Fravega,PHILIPS,Belleza y Cuidado Personal,Afeitadora Eléctrica Philips Serie 7000,https://www.fravega.com/p/afeitadora-electrica-philips-serie-7000-30617/,251999.0,199999.0,1,True
FRA-afeitadora-philips-serie-3000-s3882-00-w,Fravega,PHILIPS,Belleza y Cuidado Personal,Afeitadora Philips Serie 3000 S3882/00 Wet & Dry,https://www.fravega.com/p/afeitadora-philips-serie-3000-s3882-00-wet--dry-30616/,143999.0,89999.0,1,True
FRA-recortadora-afeitar-cejas-barba-vk-4803-,Fravega,OTRAS,Belleza y Cuidado Personal,Recortadora Afeitar Cejas Barba Vk-4803 Ultracomb  3 en 1,https://www.fravega.com/p/recortadora-afeitar-cejas-barba-vk-4803-ultracomb-3-1-990275803/,19379.83,11330.89,1,True
FRA-afeitadora-y-recortadora-ultracomb-led-6,Fravega,OTRAS,Belleza y Cuidado Personal,Afeitadora Y Recortadora Ultracomb Led 6 Cabezales Bk4918,https://www.fravega.com/p/afeitadora-y-recortadora-ultracomb-led-6-cabezales-bk4918-990275801/,58309.83,33903.9,1,True
FRA-afeitadora-philips-s5898-17-30315,Fravega,PHILIPS,Belleza y Cuidado Personal,Afeitadora Philips S5898/17,https://www.fravega.com/p/afeitadora-philips-s5898-17-30315/,194999.0,184999.0,1,True
FRA-afeitadora-philco-turbo-ae5305-30319,Fravega,PHILCO,Belleza y Cuidado Personal,Afeitadora Philco Turbo AE5305,https://www.fravega.com/p/afeitadora-philco-turbo-ae5305-30319/,74999.0,59999.0,1,True
FRA-afeitadora-de-cabeza-remington-balder-pr,Fravega,REMINGTON,Belleza y Cuidado Personal,Afeitadora de cabeza Remington Balder PRO XR7001,https://www.fravega.com/p/afeitadora-de-cabeza-remington-balder-pro-xr7001-30353/,149999.0,109999.0,1,True
FRA-maquina-multi-afeitadora-gadnic-rzr-9k-d,Fravega,OTRAS,Belleza y Cuidado Personal,Máquina Multi Afeitadora Gadnic RZR 9K Display Digital,https://www.fravega.com/p/maquina-multi-afeitadora-gadnic-rzr-9k-display-digital-990165202/,68094.0,52380.0,1,True
FRA-afeitadora-kemei-km-1102-negra-22508218,Fravega,OTRAS,Belleza y Cuidado Personal,Afeitadora Kemei Km-1102 Negra,https://www.fravega.com/p/afeitadora-kemei-km-1102-negra-22508218/,40999.0,34999.0,1,True
FRA-recortadora-trimmer-gama-italy-gnt-512-c,Fravega,GAMA,Belleza y Cuidado Personal,Recortadora Trimmer Gama Italy GNT 512 Color Negro Inalambrico,https://www.fravega.com/p/recortadora-trimmer-gama-italy-gnt-512-color-negro-inalambrico-22560070/,28165.0,16899.0,1,True
FRA-trimmer-nariz-oido-remington-ne3200-seco,Fravega,REMINGTON,Belleza y Cuidado Personal,Trimmer Nariz Oido Remington Ne3200 En Seco O Humedo A Pila,https://www.fravega.com/p/trimmer-nariz-oido-remington-ne3200-seco-o-humedo-a-pila-990017664/,25489.0,18990.0,1,True
FRA-recortador-para-nariz-y-oidos-remington-,Fravega,REMINGTON,Belleza y Cuidado Personal,Recortador para nariz y oídos Remington NE3200,https://www.fravega.com/p/recortador-para-nariz-y-oidos-remington-ne3200-21218302/,20899.0,13140.5,1,True
FRA-repuesto-kemei-original-laminas-con-cuch,Fravega,OTRAS,Belleza y Cuidado Personal,Repuesto Kemei Original Láminas con cuchillas Modelo km-2026,https://www.fravega.com/p/repuesto-kemei-original-laminas-con-cuchillas-modelo-km-2026-21253818/,28000.0,19000.0,1,True
FRA-trimmer-gama-italy-nt600-nariz-oreja-con,Fravega,GAMA,Belleza y Cuidado Personal,Trimmer Gama Italy Nt600 Nariz Oreja Con Base Color Negro,https://www.fravega.com/p/trimmer-gama-italy-nt600-nariz-oreja-con-base-color-negro-21961114/,43498.0,26099.0,1,True
FRA-afeitadora-wahl-travel-shaver-negra--226,Fravega,OTRAS,Belleza y Cuidado Personal,Afeitadora Wahl Travel Shaver Negra,https://www.fravega.com/p/afeitadora-wahl-travel-shaver-negra--22635264/,49999.0,33000.0,1,True
FRA-afeitadora-electrica-chica-wahl-travel-s,Fravega,OTRAS,Belleza y Cuidado Personal,Afeitadora Electrica Chica Wahl Travel Shaver 7 Piezas Negro,https://www.fravega.com/p/afeitadora-electrica-chica-wahl-travel-shaver-7-piezas-negro-22636012/,40740.0,32590.0,1,True
FRA-perfume-revlon-charlie-blue-edt-para-muj,Fravega,OTRAS,Belleza y Cuidado Personal,Perfume Revlon Charlie Blue EDT para mujer 100 ml/3.4 fl.oz,https://www.fravega.com/p/perfume-revlon-charlie-blue-edt-para-mujer-100-ml-3-4-fl-oz-22826743/,63253.0,58825.29,1,True
FRA-combo-alisado-luminoliss-250gr-shampoo-l,Fravega,OTRAS,Belleza y Cuidado Personal,Combo Alisado Luminoliss 250gr + Shampoo Luminoclean 300gr,https://www.fravega.com/p/combo-alisado-luminoliss-250gr-shampoo-luminoclean-300gr-22859950/,31910.0,25530.0,1,True
FRA-montale-arabians-tonka-eau-de-parfum-3-4,Fravega,OTRAS,Belleza y Cuidado Personal,Montale Arabians Tonka Eau De Parfum 3.4 Onzas,https://www.fravega.com/p/montale-arabians-tonka-eau-de-parfum-3-4-onzas-22597445/,740779.0,481506.0,1,True
FRA-tangle-teezer-el-mejor-cepillo-desenreda,Fravega,OTRAS,Belleza y Cuidado Personal,"Tangle Teezer , El mejor cepillo desenredante para",https://www.fravega.com/p/tangle-teezer-el-mejor-cepillo-desenredante-para-22659249/,104125.0,78093.0,1,True
FRA-perfume-montale-arabians-tonka-eau-de-pa,Fravega,OTRAS,Belleza y Cuidado Personal,Perfume MONTALE Arabians Tonka Eau De Parfum 100 ml para hom,https://www.fravega.com/p/perfume-montale-arabians-tonka-eau-de-parfum-100-ml-para-hom-22826641/,351967.0,327329.31,1,True
FRA-ds-laboratories-revita-shampoo-champu-pa,Fravega,OTRAS,Belleza y Cuidado Personal,DS Laboratories Revita Shampoo - Champú para el,https://www.fravega.com/p/ds-laboratories-revita-shampoo-champu-para-el-22662562/,107640.0,80730.0,1,True
FRA-givenchy-organza-3-3-oz-eau-de-parfum-sp,Fravega,OTRAS,Belleza y Cuidado Personal,Givenchy ORGANZA 3.3 OZ EAU DE PARFUM SPRAY NUEVO,https://www.fravega.com/p/givenchy-organza-3-3-oz-eau-de-parfum-spray-nuevo-22711682/,248914.0,161794.0,1,True
FRA-loreal-paris-everpure-kit-de-champu-y-22,Fravega,OTRAS,Belleza y Cuidado Personal,LOreal Paris EverPure - Kit de champú y,https://www.fravega.com/p/loreal-paris-everpure-kit-de-champu-y-22597966/,104720.0,78540.0,1,True
FRA-perfume-liquid-brun-french-avenue-100ml-,Fravega,OTRAS,Belleza y Cuidado Personal,Perfume Liquid Brun French Avenue 100ml Edp Arabe,https://www.fravega.com/p/perfume-liquid-brun-french-avenue-100ml-edp-arabe-22599035/,137999.0,103499.0,1,True
FRA-american-crew-pomade-pomada-para-fijacio,Fravega,OTRAS,Belleza y Cuidado Personal,American Crew Pomade pomada para fijación y brillo,https://www.fravega.com/p/american-crew-pomade-pomada-para-fijacion-y-brillo-22676491/,98670.0,74003.0,1,True
FRA-perfume-armaf-club-de-nuit-precieux-1-ex,Fravega,OTRAS,Belleza y Cuidado Personal,"Perfume Armaf Club De Nuit Precieux, 1 extracto de perfume,",https://www.fravega.com/p/perfume-armaf-club-de-nuit-precieux-1-extracto-de-perfume--22802957/,183839.0,170970.27,1,True
FRA-kit-reparador-karseell-maca-power-shampo,Fravega,OTRAS,Belleza y Cuidado Personal,Kit Reparador Karseell Maca Power Shampoo + Máscara Colágeno,https://www.fravega.com/p/kit-reparador-karseell-maca-power-shampoo-mascara-colageno-23002941/,76480.0,61180.0,1,True
FRA-perfume-antonio-banderas-king-seduction-,Fravega,OTRAS,Belleza y Cuidado Personal,Perfume Antonio Banderas King Seduction Absolute Men 100 Ml,https://www.fravega.com/p/perfume-antonio-banderas-king-seduction-absolute-men-100-ml-990029482/,47815.0,33470.5,1,True
FRA-mascara-matizadora-blue-la-puissance-neu,Fravega,OTRAS,Belleza y Cuidado Personal,Mascara Matizadora Blue La Puissance Neutralizadora X 250,https://www.fravega.com/p/mascara-matizadora-blue-la-puissance-neutralizadora-x-250-22635954/,32440.0,25950.0,1,True
FRA-l-eau-d-issey-pour-homme-eau--cedre-edt-,Fravega,OTRAS,Belleza y Cuidado Personal,L'eau d'Issey pour Homme Eau & Cèdre EDT,https://www.fravega.com/p/l-eau-d-issey-pour-homme-eau--cedre-edt-990283321/,268000.0,241200.0,1,True
FRA-removedor-de-tinte-para-cabello-color-oo,Fravega,OTRAS,Belleza y Cuidado Personal,Removedor de Tinte para Cabello Color Oops con Acondicionador Extra,https://www.fravega.com/p/removedor-de-tinte-para-cabello-color-oops-con-acondicionador-extra-22721279/,90352.0,76799.2,1,True
FRA-perfume-jean-paul-gaultier-le-male-elixi,Fravega,OTRAS,Belleza y Cuidado Personal,Perfume Jean Paul Gaultier Le Male Elixir Parfum 125ml,https://www.fravega.com/p/perfume-jean-paul-gaultier-le-male-elixir-parfum-125ml-990153115/,313500.0,219450.0,1,True
FRA-kit-x2-unidades-alisado-sin-formol-lumin,Fravega,OTRAS,Belleza y Cuidado Personal,Kit X2 Unidades Alisado Sin Formol Luminoliss Antifrizz 250g,https://www.fravega.com/p/kit-x2-unidades-alisado-sin-formol-luminoliss-antifrizz-250g-23002937/,74990.0,59990.0,1,True
FRA-perfume-afnan-supremacy-collectors-editi,Fravega,OTRAS,Belleza y Cuidado Personal,Perfume Afnan Supremacy Collectors Edition Eau De,https://www.fravega.com/p/perfume-afnan-supremacy-collectors-edition-eau-de-22879154/,255987.0,191990.0,1,True
FRA-fidelite-colormaster-mascara-bano-de-cre,Fravega,OTRAS,Belleza y Cuidado Personal,Fidelite Colormaster Mascara Baño De Crema Extra Acida 270 G,https://www.fravega.com/p/fidelite-colormaster-mascara-bano-de-crema-extra-acida-270-g-21229594/,10430.0,8340.0,1,True
FRA-secador-de-pelo-gama-mistral-ceramic-ion,Fravega,GAMA,Belleza y Cuidado Personal,Secador de Pelo GAMA Mistral Ceramic Ion,https://www.fravega.com/p/secador-de-pelo-gama-mistral-ceramic-ion-13349/,74999.0,51999.0,1,True
FRA-planchita-de-pelo-gama-elegance-bella-to,Fravega,GAMA,Belleza y Cuidado Personal,Planchita de Pelo GAMA Elegance Bella Tourmaline ION 230°C,https://www.fravega.com/p/planchita-de-pelo-gama-elegance-bella-tourmaline-ion-230c-13040/,69999.0,54999.0,1,True
FRA-depiladora-ipl-philips-lumea-prestige-br,Fravega,PHILIPS,Belleza y Cuidado Personal,Depiladora IPL Philips Lumea Prestige BRI947/30,https://www.fravega.com/p/depiladora-ipl-philips-lumea-prestige-bri947-30-13275/,959999.0,659999.0,1,True
FRA-secador-de-pelo-profesional-remington-si,Fravega,REMINGTON,Belleza y Cuidado Personal,Secador de Pelo Profesional Remington Silk AC9096 2400W,https://www.fravega.com/p/secador-de-pelo-profesional-remington-silk-ac9096-2400w-11933/,104999.0,84799.0,1,True
FRA-planchita-de-pelo-admiral-ad-pl001-ceram,Fravega,OTRAS,Belleza y Cuidado Personal,Planchita de Pelo Admiral AD-PL001 Ceramic 230,https://www.fravega.com/p/planchita-de-pelo-admiral-ad-pl001-ceramic-230-14214/,39999.0,19999.0,1,True
FRA-depiladora-ipl-philips-lumea-lumea-advan,Fravega,PHILIPS,Belleza y Cuidado Personal,Depiladora IPL Philips Lumea Lumea Advanced BRI920/30 + Recortador,https://www.fravega.com/p/depiladora-ipl-philips-lumea-lumea-advanced-bri920-30-recortador-13149/,699999.0,439999.0,1,True
FRA-secador-remington-d3015-power-volumen-20,Fravega,REMINGTON,Belleza y Cuidado Personal,Secador Remington D3015 Power Volumen 2000,https://www.fravega.com/p/secador-remington-d3015-power-volumen-2000-12426/,69999.0,59999.0,1,True
FRA-planchita-de-pelo-allure-pl1010ap-titani,Fravega,OTRAS,Belleza y Cuidado Personal,Planchita de Pelo Allure PL1010AP Titanium Ion,https://www.fravega.com/p/planchita-de-pelo-allure-pl1010ap-titanium-ion-13892/,34999.0,22999.0,1,True
FRA-depiladora-electrica-philips-bre227-00-1,Fravega,PHILIPS,Belleza y Cuidado Personal,Depiladora Eléctrica Philips BRE227/00,https://www.fravega.com/p/depiladora-electrica-philips-bre227-00-14404/,72999.0,59999.0,1,True
FRA-secador-de-pelo-philips-dry-care-bhd274-,Fravega,PHILIPS,Belleza y Cuidado Personal,Secador de Pelo Philips Dry Care BHD274-00,https://www.fravega.com/p/secador-de-pelo-philips-dry-care-bhd274-00-13183/,122399.0,89999.0,1,True
FRA-planchita-de-pelo-remington-wet2straight,Fravega,REMINGTON,Belleza y Cuidado Personal,Planchita de Pelo Remington Wet2Straight S27A,https://www.fravega.com/p/planchita-de-pelo-remington-wet2straight-s27a-14242/,79999.0,64999.0,1,True
FRA-depiladora-philips-satinshave-essential-,Fravega,PHILIPS,Belleza y Cuidado Personal,Depiladora Philips SatinShave Essential HP6306/00 F,https://www.fravega.com/p/depiladora-philips-satinshave-essential-hp6306-00-f-13682/,36499.0,31499.0,1,True
FRA-secador-de-pelo-gama-professional-ultra-,Fravega,GAMA,Belleza y Cuidado Personal,Secador de Pelo Gama Professional Ultra AC 2200W,https://www.fravega.com/p/secador-de-pelo-gama-professional-ultra-ac-2200w-14437/,99999.0,74999.0,1,True
FRA-planchita-de-pelo-revlon-rvst2182red-anc,Fravega,OTRAS,Belleza y Cuidado Personal,Planchita de Pelo Revlon RVST2182RED Ancha,https://www.fravega.com/p/planchita-de-pelo-revlon-rvst2182red-ancha-10407/,69999.0,49999.0,1,True
FRA-depiladora-electrica-corporal-gadnic-2-v,Fravega,OTRAS,Belleza y Cuidado Personal,Depiladora Electrica Corporal Gadnic 2 Velocidades,https://www.fravega.com/p/depiladora-electrica-corporal-gadnic-2-velocidades-20057895/,80878.0,62214.0,1,True
FRA-cepillo-secador-modelador-electrico-2000,Fravega,OTRAS,Belleza y Cuidado Personal,Cepillo Secador Modelador Eléctrico 2000 W Seis,https://www.fravega.com/p/cepillo-secador-modelador-electrico-2000-w-seis-22909720/,17226.0,14649.0,1,True
FRA-planchita-de-pelo-remington-gloss-s9350-,Fravega,REMINGTON,Belleza y Cuidado Personal,Planchita de Pelo Remington Gloss S9350 Tecnología Antiestática,https://www.fravega.com/p/planchita-de-pelo-remington-gloss-s9350-tecnologia-antiestatica-14501/,89999.0,69999.0,1,True
FRA-depiladora-facial-con-luz-recargable-usb,Fravega,OTRAS,Belleza y Cuidado Personal,Depiladora Facial Con Luz Recargable Usb Vellos Finos RJ3740 Blanco,https://www.fravega.com/p/depiladora-facial-con-luz-recargable-usb-vellos-finos-rj3740-blanco-22709024/,12829.69,8980.78,1,True
FRA-secador-de-pelo-gama-diamond-ceramic-129,Fravega,GAMA,Belleza y Cuidado Personal,Secador de Pelo GAMA Diamond Ceramic,https://www.fravega.com/p/secador-de-pelo-gama-diamond-ceramic-12982/,99999.0,74999.0,1,True
FRA-cepillo-alisador-electrico-enchen-by-xia,Fravega,XIAOMI,Belleza y Cuidado Personal,Cepillo Alisador Eléctrico Enchen By Xiaomi Control de Temp.,https://www.fravega.com/p/cepillo-alisador-electrico-enchen-by-xiaomi-control-de-temp--990245043/,62989.0,40990.0,1,True
FRA-repuesto-cuchillas-x2-para-cortabarba-ph,Fravega,PHILIPS,Belleza y Cuidado Personal,Repuesto Cuchillas x2 para Cortabarba Philips OneBlade,https://www.fravega.com/p/repuesto-cuchillas-x2-para-cortabarba-philips-oneblade-30460/,31499.0,25999.0,1,True
FRA-afeitadora-electrica-inalambrica-philco-,Fravega,PHILCO,Belleza y Cuidado Personal,Afeitadora Eléctrica Inalámbrica Philco AE5105,https://www.fravega.com/p/afeitadora-electrica-inalambrica-philco-ae5105-30464/,54999.0,34999.0,1,True
FRA-afeitadora-philips-s1881-00-serie-1000-u,Fravega,PHILIPS,Belleza y Cuidado Personal,Afeitadora Philips S1881/00 Serie 1000 uso en Húmedo y Seco,https://www.fravega.com/p/afeitadora-philips-s1881-00-serie-1000-uso-humedo-y-seco-30625/,81999.0,64999.0,1,True
FRA-afeitadora-philips-serie-5000-x5012-05-3,Fravega,PHILIPS,Belleza y Cuidado Personal,Afeitadora Philips Serie 5000 X5012/05,https://www.fravega.com/p/afeitadora-philips-serie-5000-x5012-05-30374/,139999.0,103999.0,1,True
FRA-afeitadora-electrica-philips-serie-7000-,Fravega,PHILIPS,Belleza y Cuidado Personal,Afeitadora Eléctrica Philips Serie 7000,https://www.fravega.com/p/afeitadora-electrica-philips-serie-7000-30617/,251999.0,199999.0,1,True
FRA-afeitadora-philips-serie-3000-s3882-00-w,Fravega,PHILIPS,Belleza y Cuidado Personal,Afeitadora Philips Serie 3000 S3882/00 Wet & Dry,https://www.fravega.com/p/afeitadora-philips-serie-3000-s3882-00-wet--dry-30616/,143999.0,89999.0,1,True
FRA-recortadora-afeitar-cejas-barba-vk-4803-,Fravega,OTRAS,Belleza y Cuidado Personal,Recortadora Afeitar Cejas Barba Vk-4803 Ultracomb  3 en 1,https://www.fravega.com/p/recortadora-afeitar-cejas-barba-vk-4803-ultracomb-3-1-990275803/,19379.83,11330.89,1,True
FRA-afeitadora-y-recortadora-ultracomb-led-6,Fravega,OTRAS,Belleza y Cuidado Personal,Afeitadora Y Recortadora Ultracomb Led 6 Cabezales Bk4918,https://www.fravega.com/p/afeitadora-y-recortadora-ultracomb-led-6-cabezales-bk4918-990275801/,58309.83,33903.9,1,True
FRA-afeitadora-philips-s5898-17-30315,Fravega,PHILIPS,Belleza y Cuidado Personal,Afeitadora Philips S5898/17,https://www.fravega.com/p/afeitadora-philips-s5898-17-30315/,194999.0,184999.0,1,True
FRA-afeitadora-philco-turbo-ae5305-30319,Fravega,PHILCO,Belleza y Cuidado Personal,Afeitadora Philco Turbo AE5305,https://www.fravega.com/p/afeitadora-philco-turbo-ae5305-30319/,74999.0,59999.0,1,True
FRA-afeitadora-de-cabeza-remington-balder-pr,Fravega,REMINGTON,Belleza y Cuidado Personal,Afeitadora de cabeza Remington Balder PRO XR7001,https://www.fravega.com/p/afeitadora-de-cabeza-remington-balder-pro-xr7001-30353/,149999.0,109999.0,1,True
FRA-maquina-multi-afeitadora-gadnic-rzr-9k-d,Fravega,OTRAS,Belleza y Cuidado Personal,Máquina Multi Afeitadora Gadnic RZR 9K Display Digital,https://www.fravega.com/p/maquina-multi-afeitadora-gadnic-rzr-9k-display-digital-990165202/,68094.0,52380.0,1,True
FRA-afeitadora-kemei-km-1102-negra-22508218,Fravega,OTRAS,Belleza y Cuidado Personal,Afeitadora Kemei Km-1102 Negra,https://www.fravega.com/p/afeitadora-kemei-km-1102-negra-22508218/,40999.0,34999.0,1,True
FRA-recortadora-trimmer-gama-italy-gnt-512-c,Fravega,GAMA,Belleza y Cuidado Personal,Recortadora Trimmer Gama Italy GNT 512 Color Negro Inalambrico,https://www.fravega.com/p/recortadora-trimmer-gama-italy-gnt-512-color-negro-inalambrico-22560070/,28165.0,16899.0,1,True
FRA-trimmer-nariz-oido-remington-ne3200-seco,Fravega,REMINGTON,Belleza y Cuidado Personal,Trimmer Nariz Oido Remington Ne3200 En Seco O Humedo A Pila,https://www.fravega.com/p/trimmer-nariz-oido-remington-ne3200-seco-o-humedo-a-pila-990017664/,25489.0,18990.0,1,True
FRA-recortador-para-nariz-y-oidos-remington-,Fravega,REMINGTON,Belleza y Cuidado Personal,Recortador para nariz y oídos Remington NE3200,https://www.fravega.com/p/recortador-para-nariz-y-oidos-remington-ne3200-21218302/,20899.0,13140.5,1,True
FRA-repuesto-kemei-original-laminas-con-cuch,Fravega,OTRAS,Belleza y Cuidado Personal,Repuesto Kemei Original Láminas con cuchillas Modelo km-2026,https://www.fravega.com/p/repuesto-kemei-original-laminas-con-cuchillas-modelo-km-2026-21253818/,28000.0,19000.0,1,True
FRA-trimmer-gama-italy-nt600-nariz-oreja-con,Fravega,GAMA,Belleza y Cuidado Personal,Trimmer Gama Italy Nt600 Nariz Oreja Con Base Color Negro,https://www.fravega.com/p/trimmer-gama-italy-nt600-nariz-oreja-con-base-color-negro-21961114/,43498.0,26099.0,1,True
FRA-afeitadora-wahl-travel-shaver-negra--226,Fravega,OTRAS,Belleza y Cuidado Personal,Afeitadora Wahl Travel Shaver Negra,https://www.fravega.com/p/afeitadora-wahl-travel-shaver-negra--22635264/,49999.0,33000.0,1,True
FRA-afeitadora-electrica-chica-wahl-travel-s,Fravega,OTRAS,Belleza y Cuidado Personal,Afeitadora Electrica Chica Wahl Travel Shaver 7 Piezas Negro,https://www.fravega.com/p/afeitadora-electrica-chica-wahl-travel-shaver-7-piezas-negro-22636012/,40740.0,32590.0,1,True
FRA-perfume-revlon-charlie-blue-edt-para-muj,Fravega,OTRAS,Belleza y Cuidado Personal,Perfume Revlon Charlie Blue EDT para mujer 100 ml/3.4 fl.oz,https://www.fravega.com/p/perfume-revlon-charlie-blue-edt-para-mujer-100-ml-3-4-fl-oz-22826743/,63253.0,58825.29,1,True
FRA-combo-alisado-luminoliss-250gr-shampoo-l,Fravega,OTRAS,Belleza y Cuidado Personal,Combo Alisado Luminoliss 250gr + Shampoo Luminoclean 300gr,https://www.fravega.com/p/combo-alisado-luminoliss-250gr-shampoo-luminoclean-300gr-22859950/,31910.0,25530.0,1,True
FRA-montale-arabians-tonka-eau-de-parfum-3-4,Fravega,OTRAS,Belleza y Cuidado Personal,Montale Arabians Tonka Eau De Parfum 3.4 Onzas,https://www.fravega.com/p/montale-arabians-tonka-eau-de-parfum-3-4-onzas-22597445/,740779.0,481506.0,1,True
FRA-tangle-teezer-el-mejor-cepillo-desenreda,Fravega,OTRAS,Belleza y Cuidado Personal,"Tangle Teezer , El mejor cepillo desenredante para",https://www.fravega.com/p/tangle-teezer-el-mejor-cepillo-desenredante-para-22659249/,104125.0,78093.0,1,True
FRA-perfume-montale-arabians-tonka-eau-de-pa,Fravega,OTRAS,Belleza y Cuidado Personal,Perfume MONTALE Arabians Tonka Eau De Parfum 100 ml para hom,https://www.fravega.com/p/perfume-montale-arabians-tonka-eau-de-parfum-100-ml-para-hom-22826641/,351967.0,327329.31,1,True
FRA-ds-laboratories-revita-shampoo-champu-pa,Fravega,OTRAS,Belleza y Cuidado Personal,DS Laboratories Revita Shampoo - Champú para el,https://www.fravega.com/p/ds-laboratories-revita-shampoo-champu-para-el-22662562/,107640.0,80730.0,1,True
FRA-givenchy-organza-3-3-oz-eau-de-parfum-sp,Fravega,OTRAS,Belleza y Cuidado Personal,Givenchy ORGANZA 3.3 OZ EAU DE PARFUM SPRAY NUEVO,https://www.fravega.com/p/givenchy-organza-3-3-oz-eau-de-parfum-spray-nuevo-22711682/,248914.0,161794.0,1,True
FRA-loreal-paris-everpure-kit-de-champu-y-22,Fravega,OTRAS,Belleza y Cuidado Personal,LOreal Paris EverPure - Kit de champú y,https://www.fravega.com/p/loreal-paris-everpure-kit-de-champu-y-22597966/,104720.0,78540.0,1,True
FRA-perfume-liquid-brun-french-avenue-100ml-,Fravega,OTRAS,Belleza y Cuidado Personal,Perfume Liquid Brun French Avenue 100ml Edp Arabe,https://www.fravega.com/p/perfume-liquid-brun-french-avenue-100ml-edp-arabe-22599035/,137999.0,103499.0,1,True
FRA-american-crew-pomade-pomada-para-fijacio,Fravega,OTRAS,Belleza y Cuidado Personal,American Crew Pomade pomada para fijación y brillo,https://www.fravega.com/p/american-crew-pomade-pomada-para-fijacion-y-brillo-22676491/,98670.0,74003.0,1,True
FRA-perfume-armaf-club-de-nuit-precieux-1-ex,Fravega,OTRAS,Belleza y Cuidado Personal,"Perfume Armaf Club De Nuit Precieux, 1 extracto de perfume,",https://www.fravega.com/p/perfume-armaf-club-de-nuit-precieux-1-extracto-de-perfume--22802957/,183839.0,170970.27,1,True
FRA-kit-reparador-karseell-maca-power-shampo,Fravega,OTRAS,Belleza y Cuidado Personal,Kit Reparador Karseell Maca Power Shampoo + Máscara Colágeno,https://www.fravega.com/p/kit-reparador-karseell-maca-power-shampoo-mascara-colageno-23002941/,76480.0,61180.0,1,True
FRA-perfume-antonio-banderas-king-seduction-,Fravega,OTRAS,Belleza y Cuidado Personal,Perfume Antonio Banderas King Seduction Absolute Men 100 Ml,https://www.fravega.com/p/perfume-antonio-banderas-king-seduction-absolute-men-100-ml-990029482/,47815.0,33470.5,1,True
FRA-mascara-matizadora-blue-la-puissance-neu,Fravega,OTRAS,Belleza y Cuidado Personal,Mascara Matizadora Blue La Puissance Neutralizadora X 250,https://www.fravega.com/p/mascara-matizadora-blue-la-puissance-neutralizadora-x-250-22635954/,32440.0,25950.0,1,True
FRA-l-eau-d-issey-pour-homme-eau--cedre-edt-,Fravega,OTRAS,Belleza y Cuidado Personal,L'eau d'Issey pour Homme Eau & Cèdre EDT,https://www.fravega.com/p/l-eau-d-issey-pour-homme-eau--cedre-edt-990283321/,268000.0,241200.0,1,True
FRA-removedor-de-tinte-para-cabello-color-oo,Fravega,OTRAS,Belleza y Cuidado Personal,Removedor de Tinte para Cabello Color Oops con Acondicionador Extra,https://www.fravega.com/p/removedor-de-tinte-para-cabello-color-oops-con-acondicionador-extra-22721279/,90352.0,76799.2,1,True
FRA-perfume-jean-paul-gaultier-le-male-elixi,Fravega,OTRAS,Belleza y Cuidado Personal,Perfume Jean Paul Gaultier Le Male Elixir Parfum 125ml,https://www.fravega.com/p/perfume-jean-paul-gaultier-le-male-elixir-parfum-125ml-990153115/,313500.0,219450.0,1,True
FRA-kit-x2-unidades-alisado-sin-formol-lumin,Fravega,OTRAS,Belleza y Cuidado Personal,Kit X2 Unidades Alisado Sin Formol Luminoliss Antifrizz 250g,https://www.fravega.com/p/kit-x2-unidades-alisado-sin-formol-luminoliss-antifrizz-250g-23002937/,74990.0,59990.0,1,True
FRA-perfume-afnan-supremacy-collectors-editi,Fravega,OTRAS,Belleza y Cuidado Personal,Perfume Afnan Supremacy Collectors Edition Eau De,https://www.fravega.com/p/perfume-afnan-supremacy-collectors-edition-eau-de-22879154/,255987.0,191990.0,1,True
FRA-fidelite-colormaster-mascara-bano-de-cre,Fravega,OTRAS,Belleza y Cuidado Personal,Fidelite Colormaster Mascara Baño De Crema Extra Acida 270 G,https://www.fravega.com/p/fidelite-colormaster-mascara-bano-de-crema-extra-acida-270-g-21229594/,10430.0,8340.0,1,True
FRA-secador-de-pelo-gama-mistral-ceramic-ion,Fravega,GAMA,Belleza y Cuidado Personal,Secador de Pelo GAMA Mistral Ceramic Ion,https://www.fravega.com/p/secador-de-pelo-gama-mistral-ceramic-ion-13349/,74999.0,51999.0,1,True
FRA-planchita-de-pelo-gama-elegance-bella-to,Fravega,GAMA,Belleza y Cuidado Personal,Planchita de Pelo GAMA Elegance Bella Tourmaline ION 230°C,https://www.fravega.com/p/planchita-de-pelo-gama-elegance-bella-tourmaline-ion-230c-13040/,69999.0,54999.0,1,True
FRA-depiladora-ipl-philips-lumea-prestige-br,Fravega,PHILIPS,Belleza y Cuidado Personal,Depiladora IPL Philips Lumea Prestige BRI947/30,https://www.fravega.com/p/depiladora-ipl-philips-lumea-prestige-bri947-30-13275/,959999.0,659999.0,1,True
FRA-secador-de-pelo-profesional-remington-si,Fravega,REMINGTON,Belleza y Cuidado Personal,Secador de Pelo Profesional Remington Silk AC9096 2400W,https://www.fravega.com/p/secador-de-pelo-profesional-remington-silk-ac9096-2400w-11933/,104999.0,84799.0,1,True
FRA-planchita-de-pelo-admiral-ad-pl001-ceram,Fravega,OTRAS,Belleza y Cuidado Personal,Planchita de Pelo Admiral AD-PL001 Ceramic 230,https://www.fravega.com/p/planchita-de-pelo-admiral-ad-pl001-ceramic-230-14214/,39999.0,19999.0,1,True
FRA-depiladora-ipl-philips-lumea-lumea-advan,Fravega,PHILIPS,Belleza y Cuidado Personal,Depiladora IPL Philips Lumea Lumea Advanced BRI920/30 + Recortador,https://www.fravega.com/p/depiladora-ipl-philips-lumea-lumea-advanced-bri920-30-recortador-13149/,699999.0,439999.0,1,True
FRA-secador-remington-d3015-power-volumen-20,Fravega,REMINGTON,Belleza y Cuidado Personal,Secador Remington D3015 Power Volumen 2000,https://www.fravega.com/p/secador-remington-d3015-power-volumen-2000-12426/,69999.0,59999.0,1,True
FRA-planchita-de-pelo-allure-pl1010ap-titani,Fravega,OTRAS,Belleza y Cuidado Personal,Planchita de Pelo Allure PL1010AP Titanium Ion,https://www.fravega.com/p/planchita-de-pelo-allure-pl1010ap-titanium-ion-13892/,34999.0,22999.0,1,True
FRA-depiladora-electrica-philips-bre227-00-1,Fravega,PHILIPS,Belleza y Cuidado Personal,Depiladora Eléctrica Philips BRE227/00,https://www.fravega.com/p/depiladora-electrica-philips-bre227-00-14404/,72999.0,59999.0,1,True
FRA-secador-de-pelo-philips-dry-care-bhd274-,Fravega,PHILIPS,Belleza y Cuidado Personal,Secador de Pelo Philips Dry Care BHD274-00,https://www.fravega.com/p/secador-de-pelo-philips-dry-care-bhd274-00-13183/,122399.0,89999.0,1,True
FRA-planchita-de-pelo-remington-wet2straight,Fravega,REMINGTON,Belleza y Cuidado Personal,Planchita de Pelo Remington Wet2Straight S27A,https://www.fravega.com/p/planchita-de-pelo-remington-wet2straight-s27a-14242/,79999.0,64999.0,1,True
FRA-depiladora-philips-satinshave-essential-,Fravega,PHILIPS,Belleza y Cuidado Personal,Depiladora Philips SatinShave Essential HP6306/00 F,https://www.fravega.com/p/depiladora-philips-satinshave-essential-hp6306-00-f-13682/,36499.0,31499.0,1,True
FRA-secador-de-pelo-gama-professional-ultra-,Fravega,GAMA,Belleza y Cuidado Personal,Secador de Pelo Gama Professional Ultra AC 2200W,https://www.fravega.com/p/secador-de-pelo-gama-professional-ultra-ac-2200w-14437/,99999.0,74999.0,1,True
FRA-planchita-de-pelo-revlon-rvst2182red-anc,Fravega,OTRAS,Belleza y Cuidado Personal,Planchita de Pelo Revlon RVST2182RED Ancha,https://www.fravega.com/p/planchita-de-pelo-revlon-rvst2182red-ancha-10407/,69999.0,49999.0,1,True
FRA-depiladora-electrica-corporal-gadnic-2-v,Fravega,OTRAS,Belleza y Cuidado Personal,Depiladora Electrica Corporal Gadnic 2 Velocidades,https://www.fravega.com/p/depiladora-electrica-corporal-gadnic-2-velocidades-20057895/,80878.0,62214.0,1,True
FRA-cepillo-secador-modelador-electrico-2000,Fravega,OTRAS,Belleza y Cuidado Personal,Cepillo Secador Modelador Eléctrico 2000 W Seis,https://www.fravega.com/p/cepillo-secador-modelador-electrico-2000-w-seis-22909720/,17226.0,14649.0,1,True
FRA-planchita-de-pelo-remington-gloss-s9350-,Fravega,REMINGTON,Belleza y Cuidado Personal,Planchita de Pelo Remington Gloss S9350 Tecnología Antiestática,https://www.fravega.com/p/planchita-de-pelo-remington-gloss-s9350-tecnologia-antiestatica-14501/,89999.0,69999.0,1,True
FRA-depiladora-facial-con-luz-recargable-usb,Fravega,OTRAS,Belleza y Cuidado Personal,Depiladora Facial Con Luz Recargable Usb Vellos Finos RJ3740 Blanco,https://www.fravega.com/p/depiladora-facial-con-luz-recargable-usb-vellos-finos-rj3740-blanco-22709024/,12829.69,8980.78,1,True
FRA-secador-de-pelo-gama-diamond-ceramic-129,Fravega,GAMA,Belleza y Cuidado Personal,Secador de Pelo GAMA Diamond Ceramic,https://www.fravega.com/p/secador-de-pelo-gama-diamond-ceramic-12982/,99999.0,74999.0,1,True
FRA-cepillo-alisador-electrico-enchen-by-xia,Fravega,XIAOMI,Belleza y Cuidado Personal,Cepillo Alisador Eléctrico Enchen By Xiaomi Control de Temp.,https://www.fravega.com/p/cepillo-alisador-electrico-enchen-by-xiaomi-control-de-temp--990245043/,62989.0,40990.0,1,True
FRA-repuesto-cuchillas-x2-para-cortabarba-ph,Fravega,PHILIPS,Belleza y Cuidado Personal,Repuesto Cuchillas x2 para Cortabarba Philips OneBlade,https://www.fravega.com/p/repuesto-cuchillas-x2-para-cortabarba-philips-oneblade-30460/,31499.0,25999.0,1,True
FRA-afeitadora-electrica-inalambrica-philco-,Fravega,PHILCO,Belleza y Cuidado Personal,Afeitadora Eléctrica Inalámbrica Philco AE5105,https://www.fravega.com/p/afeitadora-electrica-inalambrica-philco-ae5105-30464/,54999.0,34999.0,1,True
FRA-afeitadora-philips-s1881-00-serie-1000-u,Fravega,PHILIPS,Belleza y Cuidado Personal,Afeitadora Philips S1881/00 Serie 1000 uso en Húmedo y Seco,https://www.fravega.com/p/afeitadora-philips-s1881-00-serie-1000-uso-humedo-y-seco-30625/,81999.0,64999.0,1,True
FRA-afeitadora-philips-serie-5000-x5012-05-3,Fravega,PHILIPS,Belleza y Cuidado Personal,Afeitadora Philips Serie 5000 X5012/05,https://www.fravega.com/p/afeitadora-philips-serie-5000-x5012-05-30374/,139999.0,103999.0,1,True
FRA-afeitadora-electrica-philips-serie-7000-,Fravega,PHILIPS,Belleza y Cuidado Personal,Afeitadora Eléctrica Philips Serie 7000,https://www.fravega.com/p/afeitadora-electrica-philips-serie-7000-30617/,251999.0,199999.0,1,True
FRA-afeitadora-philips-serie-3000-s3882-00-w,Fravega,PHILIPS,Belleza y Cuidado Personal,Afeitadora Philips Serie 3000 S3882/00 Wet & Dry,https://www.fravega.com/p/afeitadora-philips-serie-3000-s3882-00-wet--dry-30616/,143999.0,89999.0,1,True
FRA-recortadora-afeitar-cejas-barba-vk-4803-,Fravega,OTRAS,Belleza y Cuidado Personal,Recortadora Afeitar Cejas Barba Vk-4803 Ultracomb  3 en 1,https://www.fravega.com/p/recortadora-afeitar-cejas-barba-vk-4803-ultracomb-3-1-990275803/,19379.83,11330.89,1,True
FRA-afeitadora-y-recortadora-ultracomb-led-6,Fravega,OTRAS,Belleza y Cuidado Personal,Afeitadora Y Recortadora Ultracomb Led 6 Cabezales Bk4918,https://www.fravega.com/p/afeitadora-y-recortadora-ultracomb-led-6-cabezales-bk4918-990275801/,58309.83,33903.9,1,True
FRA-afeitadora-philips-s5898-17-30315,Fravega,PHILIPS,Belleza y Cuidado Personal,Afeitadora Philips S5898/17,https://www.fravega.com/p/afeitadora-philips-s5898-17-30315/,194999.0,184999.0,1,True
FRA-afeitadora-philco-turbo-ae5305-30319,Fravega,PHILCO,Belleza y Cuidado Personal,Afeitadora Philco Turbo AE5305,https://www.fravega.com/p/afeitadora-philco-turbo-ae5305-30319/,74999.0,59999.0,1,True
FRA-afeitadora-de-cabeza-remington-balder-pr,Fravega,REMINGTON,Belleza y Cuidado Personal,Afeitadora de cabeza Remington Balder PRO XR7001,https://www.fravega.com/p/afeitadora-de-cabeza-remington-balder-pro-xr7001-30353/,149999.0,109999.0,1,True
FRA-maquina-multi-afeitadora-gadnic-rzr-9k-d,Fravega,OTRAS,Belleza y Cuidado Personal,Máquina Multi Afeitadora Gadnic RZR 9K Display Digital,https://www.fravega.com/p/maquina-multi-afeitadora-gadnic-rzr-9k-display-digital-990165202/,68094.0,52380.0,1,True
FRA-afeitadora-kemei-km-1102-negra-22508218,Fravega,OTRAS,Belleza y Cuidado Personal,Afeitadora Kemei Km-1102 Negra,https://www.fravega.com/p/afeitadora-kemei-km-1102-negra-22508218/,40999.0,34999.0,1,True
FRA-recortadora-trimmer-gama-italy-gnt-512-c,Fravega,GAMA,Belleza y Cuidado Personal,Recortadora Trimmer Gama Italy GNT 512 Color Negro Inalambrico,https://www.fravega.com/p/recortadora-trimmer-gama-italy-gnt-512-color-negro-inalambrico-22560070/,28165.0,16899.0,1,True
FRA-trimmer-nariz-oido-remington-ne3200-seco,Fravega,REMINGTON,Belleza y Cuidado Personal,Trimmer Nariz Oido Remington Ne3200 En Seco O Humedo A Pila,https://www.fravega.com/p/trimmer-nariz-oido-remington-ne3200-seco-o-humedo-a-pila-990017664/,25489.0,18990.0,1,True
FRA-recortador-para-nariz-y-oidos-remington-,Fravega,REMINGTON,Belleza y Cuidado Personal,Recortador para nariz y oídos Remington NE3200,https://www.fravega.com/p/recortador-para-nariz-y-oidos-remington-ne3200-21218302/,20899.0,13140.5,1,True
FRA-repuesto-kemei-original-laminas-con-cuch,Fravega,OTRAS,Belleza y Cuidado Personal,Repuesto Kemei Original Láminas con cuchillas Modelo km-2026,https://www.fravega.com/p/repuesto-kemei-original-laminas-con-cuchillas-modelo-km-2026-21253818/,28000.0,19000.0,1,True
FRA-trimmer-gama-italy-nt600-nariz-oreja-con,Fravega,GAMA,Belleza y Cuidado Personal,Trimmer Gama Italy Nt600 Nariz Oreja Con Base Color Negro,https://www.fravega.com/p/trimmer-gama-italy-nt600-nariz-oreja-con-base-color-negro-21961114/,43498.0,26099.0,1,True
FRA-afeitadora-wahl-travel-shaver-negra--226,Fravega,OTRAS,Belleza y Cuidado Personal,Afeitadora Wahl Travel Shaver Negra,https://www.fravega.com/p/afeitadora-wahl-travel-shaver-negra--22635264/,49999.0,33000.0,1,True
FRA-afeitadora-electrica-chica-wahl-travel-s,Fravega,OTRAS,Belleza y Cuidado Personal,Afeitadora Electrica Chica Wahl Travel Shaver 7 Piezas Negro,https://www.fravega.com/p/afeitadora-electrica-chica-wahl-travel-shaver-7-piezas-negro-22636012/,40740.0,32590.0,1,True
FRA-perfume-revlon-charlie-blue-edt-para-muj,Fravega,OTRAS,Belleza y Cuidado Personal,Perfume Revlon Charlie Blue EDT para mujer 100 ml/3.4 fl.oz,https://www.fravega.com/p/perfume-revlon-charlie-blue-edt-para-mujer-100-ml-3-4-fl-oz-22826743/,63253.0,58825.29,1,True
FRA-combo-alisado-luminoliss-250gr-shampoo-l,Fravega,OTRAS,Belleza y Cuidado Personal,Combo Alisado Luminoliss 250gr + Shampoo Luminoclean 300gr,https://www.fravega.com/p/combo-alisado-luminoliss-250gr-shampoo-luminoclean-300gr-22859950/,31910.0,25530.0,1,True
FRA-montale-arabians-tonka-eau-de-parfum-3-4,Fravega,OTRAS,Belleza y Cuidado Personal,Montale Arabians Tonka Eau De Parfum 3.4 Onzas,https://www.fravega.com/p/montale-arabians-tonka-eau-de-parfum-3-4-onzas-22597445/,740779.0,481506.0,1,True
FRA-tangle-teezer-el-mejor-cepillo-desenreda,Fravega,OTRAS,Belleza y Cuidado Personal,"Tangle Teezer , El mejor cepillo desenredante para",https://www.fravega.com/p/tangle-teezer-el-mejor-cepillo-desenredante-para-22659249/,104125.0,78093.0,1,True
FRA-perfume-montale-arabians-tonka-eau-de-pa,Fravega,OTRAS,Belleza y Cuidado Personal,Perfume MONTALE Arabians Tonka Eau De Parfum 100 ml para hom,https://www.fravega.com/p/perfume-montale-arabians-tonka-eau-de-parfum-100-ml-para-hom-22826641/,351967.0,327329.31,1,True
FRA-ds-laboratories-revita-shampoo-champu-pa,Fravega,OTRAS,Belleza y Cuidado Personal,DS Laboratories Revita Shampoo - Champú para el,https://www.fravega.com/p/ds-laboratories-revita-shampoo-champu-para-el-22662562/,107640.0,80730.0,1,True
FRA-givenchy-organza-3-3-oz-eau-de-parfum-sp,Fravega,OTRAS,Belleza y Cuidado Personal,Givenchy ORGANZA 3.3 OZ EAU DE PARFUM SPRAY NUEVO,https://www.fravega.com/p/givenchy-organza-3-3-oz-eau-de-parfum-spray-nuevo-22711682/,248914.0,161794.0,1,True
FRA-loreal-paris-everpure-kit-de-champu-y-22,Fravega,OTRAS,Belleza y Cuidado Personal,LOreal Paris EverPure - Kit de champú y,https://www.fravega.com/p/loreal-paris-everpure-kit-de-champu-y-22597966/,104720.0,78540.0,1,True
FRA-perfume-liquid-brun-french-avenue-100ml-,Fravega,OTRAS,Belleza y Cuidado Personal,Perfume Liquid Brun French Avenue 100ml Edp Arabe,https://www.fravega.com/p/perfume-liquid-brun-french-avenue-100ml-edp-arabe-22599035/,137999.0,103499.0,1,True
FRA-american-crew-pomade-pomada-para-fijacio,Fravega,OTRAS,Belleza y Cuidado Personal,American Crew Pomade pomada para fijación y brillo,https://www.fravega.com/p/american-crew-pomade-pomada-para-fijacion-y-brillo-22676491/,98670.0,74003.0,1,True
FRA-perfume-armaf-club-de-nuit-precieux-1-ex,Fravega,OTRAS,Belleza y Cuidado Personal,"Perfume Armaf Club De Nuit Precieux, 1 extracto de perfume,",https://www.fravega.com/p/perfume-armaf-club-de-nuit-precieux-1-extracto-de-perfume--22802957/,183839.0,170970.27,1,True
FRA-kit-reparador-karseell-maca-power-shampo,Fravega,OTRAS,Belleza y Cuidado Personal,Kit Reparador Karseell Maca Power Shampoo + Máscara Colágeno,https://www.fravega.com/p/kit-reparador-karseell-maca-power-shampoo-mascara-colageno-23002941/,76480.0,61180.0,1,True
FRA-perfume-antonio-banderas-king-seduction-,Fravega,OTRAS,Belleza y Cuidado Personal,Perfume Antonio Banderas King Seduction Absolute Men 100 Ml,https://www.fravega.com/p/perfume-antonio-banderas-king-seduction-absolute-men-100-ml-990029482/,47815.0,33470.5,1,True
FRA-mascara-matizadora-blue-la-puissance-neu,Fravega,OTRAS,Belleza y Cuidado Personal,Mascara Matizadora Blue La Puissance Neutralizadora X 250,https://www.fravega.com/p/mascara-matizadora-blue-la-puissance-neutralizadora-x-250-22635954/,32440.0,25950.0,1,True
FRA-l-eau-d-issey-pour-homme-eau--cedre-edt-,Fravega,OTRAS,Belleza y Cuidado Personal,L'eau d'Issey pour Homme Eau & Cèdre EDT,https://www.fravega.com/p/l-eau-d-issey-pour-homme-eau--cedre-edt-990283321/,268000.0,241200.0,1,True
FRA-removedor-de-tinte-para-cabello-color-oo,Fravega,OTRAS,Belleza y Cuidado Personal,Removedor de Tinte para Cabello Color Oops con Acondicionador Extra,https://www.fravega.com/p/removedor-de-tinte-para-cabello-color-oops-con-acondicionador-extra-22721279/,90352.0,76799.2,1,True
FRA-perfume-jean-paul-gaultier-le-male-elixi,Fravega,OTRAS,Belleza y Cuidado Personal,Perfume Jean Paul Gaultier Le Male Elixir Parfum 125ml,https://www.fravega.com/p/perfume-jean-paul-gaultier-le-male-elixir-parfum-125ml-990153115/,313500.0,219450.0,1,True
FRA-kit-x2-unidades-alisado-sin-formol-lumin,Fravega,OTRAS,Belleza y Cuidado Personal,Kit X2 Unidades Alisado Sin Formol Luminoliss Antifrizz 250g,https://www.fravega.com/p/kit-x2-unidades-alisado-sin-formol-luminoliss-antifrizz-250g-23002937/,74990.0,59990.0,1,True
FRA-perfume-afnan-supremacy-collectors-editi,Fravega,OTRAS,Belleza y Cuidado Personal,Perfume Afnan Supremacy Collectors Edition Eau De,https://www.fravega.com/p/perfume-afnan-supremacy-collectors-edition-eau-de-22879154/,255987.0,191990.0,1,True
FRA-fidelite-colormaster-mascara-bano-de-cre,Fravega,OTRAS,Belleza y Cuidado Personal,Fidelite Colormaster Mascara Baño De Crema Extra Acida 270 G,https://www.fravega.com/p/fidelite-colormaster-mascara-bano-de-crema-extra-acida-270-g-21229594/,10430.0,8340.0,1,True
FRA-secador-de-pelo-gama-mistral-ceramic-ion,Fravega,GAMA,Belleza y Cuidado Personal,Secador de Pelo GAMA Mistral Ceramic Ion,https://www.fravega.com/p/secador-de-pelo-gama-mistral-ceramic-ion-13349/,74999.0,51999.0,1,True
FRA-planchita-de-pelo-gama-elegance-bella-to,Fravega,GAMA,Belleza y Cuidado Personal,Planchita de Pelo GAMA Elegance Bella Tourmaline ION 230°C,https://www.fravega.com/p/planchita-de-pelo-gama-elegance-bella-tourmaline-ion-230c-13040/,69999.0,54999.0,1,True
FRA-depiladora-ipl-philips-lumea-prestige-br,Fravega,PHILIPS,Belleza y Cuidado Personal,Depiladora IPL Philips Lumea Prestige BRI947/30,https://www.fravega.com/p/depiladora-ipl-philips-lumea-prestige-bri947-30-13275/,959999.0,659999.0,1,True
FRA-secador-de-pelo-profesional-remington-si,Fravega,REMINGTON,Belleza y Cuidado Personal,Secador de Pelo Profesional Remington Silk AC9096 2400W,https://www.fravega.com/p/secador-de-pelo-profesional-remington-silk-ac9096-2400w-11933/,104999.0,84799.0,1,True
FRA-planchita-de-pelo-admiral-ad-pl001-ceram,Fravega,OTRAS,Belleza y Cuidado Personal,Planchita de Pelo Admiral AD-PL001 Ceramic 230,https://www.fravega.com/p/planchita-de-pelo-admiral-ad-pl001-ceramic-230-14214/,39999.0,19999.0,1,True
FRA-depiladora-ipl-philips-lumea-lumea-advan,Fravega,PHILIPS,Belleza y Cuidado Personal,Depiladora IPL Philips Lumea Lumea Advanced BRI920/30 + Recortador,https://www.fravega.com/p/depiladora-ipl-philips-lumea-lumea-advanced-bri920-30-recortador-13149/,699999.0,439999.0,1,True
FRA-secador-remington-d3015-power-volumen-20,Fravega,REMINGTON,Belleza y Cuidado Personal,Secador Remington D3015 Power Volumen 2000,https://www.fravega.com/p/secador-remington-d3015-power-volumen-2000-12426/,69999.0,59999.0,1,True
FRA-planchita-de-pelo-allure-pl1010ap-titani,Fravega,OTRAS,Belleza y Cuidado Personal,Planchita de Pelo Allure PL1010AP Titanium Ion,https://www.fravega.com/p/planchita-de-pelo-allure-pl1010ap-titanium-ion-13892/,34999.0,22999.0,1,True
FRA-depiladora-electrica-philips-bre227-00-1,Fravega,PHILIPS,Belleza y Cuidado Personal,Depiladora Eléctrica Philips BRE227/00,https://www.fravega.com/p/depiladora-electrica-philips-bre227-00-14404/,72999.0,59999.0,1,True
FRA-secador-de-pelo-philips-dry-care-bhd274-,Fravega,PHILIPS,Belleza y Cuidado Personal,Secador de Pelo Philips Dry Care BHD274-00,https://www.fravega.com/p/secador-de-pelo-philips-dry-care-bhd274-00-13183/,122399.0,89999.0,1,True
FRA-planchita-de-pelo-remington-wet2straight,Fravega,REMINGTON,Belleza y Cuidado Personal,Planchita de Pelo Remington Wet2Straight S27A,https://www.fravega.com/p/planchita-de-pelo-remington-wet2straight-s27a-14242/,79999.0,64999.0,1,True
FRA-depiladora-philips-satinshave-essential-,Fravega,PHILIPS,Belleza y Cuidado Personal,Depiladora Philips SatinShave Essential HP6306/00 F,https://www.fravega.com/p/depiladora-philips-satinshave-essential-hp6306-00-f-13682/,36499.0,31499.0,1,True
FRA-secador-de-pelo-gama-professional-ultra-,Fravega,GAMA,Belleza y Cuidado Personal,Secador de Pelo Gama Professional Ultra AC 2200W,https://www.fravega.com/p/secador-de-pelo-gama-professional-ultra-ac-2200w-14437/,99999.0,74999.0,1,True
FRA-planchita-de-pelo-revlon-rvst2182red-anc,Fravega,OTRAS,Belleza y Cuidado Personal,Planchita de Pelo Revlon RVST2182RED Ancha,https://www.fravega.com/p/planchita-de-pelo-revlon-rvst2182red-ancha-10407/,69999.0,49999.0,1,True
FRA-depiladora-electrica-corporal-gadnic-2-v,Fravega,OTRAS,Belleza y Cuidado Personal,Depiladora Electrica Corporal Gadnic 2 Velocidades,https://www.fravega.com/p/depiladora-electrica-corporal-gadnic-2-velocidades-20057895/,80878.0,62214.0,1,True
FRA-cepillo-secador-modelador-electrico-2000,Fravega,OTRAS,Belleza y Cuidado Personal,Cepillo Secador Modelador Eléctrico 2000 W Seis,https://www.fravega.com/p/cepillo-secador-modelador-electrico-2000-w-seis-22909720/,17226.0,14649.0,1,True
FRA-planchita-de-pelo-remington-gloss-s9350-,Fravega,REMINGTON,Belleza y Cuidado Personal,Planchita de Pelo Remington Gloss S9350 Tecnología Antiestática,https://www.fravega.com/p/planchita-de-pelo-remington-gloss-s9350-tecnologia-antiestatica-14501/,89999.0,69999.0,1,True
FRA-depiladora-facial-con-luz-recargable-usb,Fravega,OTRAS,Belleza y Cuidado Personal,Depiladora Facial Con Luz Recargable Usb Vellos Finos RJ3740 Blanco,https://www.fravega.com/p/depiladora-facial-con-luz-recargable-usb-vellos-finos-rj3740-blanco-22709024/,12829.69,8980.78,1,True
FRA-secador-de-pelo-gama-diamond-ceramic-129,Fravega,GAMA,Belleza y Cuidado Personal,Secador de Pelo GAMA Diamond Ceramic,https://www.fravega.com/p/secador-de-pelo-gama-diamond-ceramic-12982/,99999.0,74999.0,1,True
FRA-cepillo-alisador-electrico-enchen-by-xia,Fravega,XIAOMI,Belleza y Cuidado Personal,Cepillo Alisador Eléctrico Enchen By Xiaomi Control de Temp.,https://www.fravega.com/p/cepillo-alisador-electrico-enchen-by-xiaomi-control-de-temp--990245043/,62989.0,40990.0,1,True
FRA-repuesto-cuchillas-x2-para-cortabarba-ph,Fravega,PHILIPS,Belleza y Cuidado Personal,Repuesto Cuchillas x2 para Cortabarba Philips OneBlade,https://www.fravega.com/p/repuesto-cuchillas-x2-para-cortabarba-philips-oneblade-30460/,31499.0,25999.0,1,True
FRA-afeitadora-electrica-inalambrica-philco-,Fravega,PHILCO,Belleza y Cuidado Personal,Afeitadora Eléctrica Inalámbrica Philco AE5105,https://www.fravega.com/p/afeitadora-electrica-inalambrica-philco-ae5105-30464/,54999.0,34999.0,1,True
FRA-afeitadora-philips-s1881-00-serie-1000-u,Fravega,PHILIPS,Belleza y Cuidado Personal,Afeitadora Philips S1881/00 Serie 1000 uso en Húmedo y Seco,https://www.fravega.com/p/afeitadora-philips-s1881-00-serie-1000-uso-humedo-y-seco-30625/,81999.0,64999.0,1,True
FRA-afeitadora-philips-serie-5000-x5012-05-3,Fravega,PHILIPS,Belleza y Cuidado Personal,Afeitadora Philips Serie 5000 X5012/05,https://www.fravega.com/p/afeitadora-philips-serie-5000-x5012-05-30374/,139999.0,103999.0,1,True
FRA-afeitadora-electrica-philips-serie-7000-,Fravega,PHILIPS,Belleza y Cuidado Personal,Afeitadora Eléctrica Philips Serie 7000,https://www.fravega.com/p/afeitadora-electrica-philips-serie-7000-30617/,251999.0,199999.0,1,True
FRA-afeitadora-philips-serie-3000-s3882-00-w,Fravega,PHILIPS,Belleza y Cuidado Personal,Afeitadora Philips Serie 3000 S3882/00 Wet & Dry,https://www.fravega.com/p/afeitadora-philips-serie-3000-s3882-00-wet--dry-30616/,143999.0,89999.0,1,True
FRA-recortadora-afeitar-cejas-barba-vk-4803-,Fravega,OTRAS,Belleza y Cuidado Personal,Recortadora Afeitar Cejas Barba Vk-4803 Ultracomb  3 en 1,https://www.fravega.com/p/recortadora-afeitar-cejas-barba-vk-4803-ultracomb-3-1-990275803/,19379.83,11330.89,1,True
FRA-afeitadora-y-recortadora-ultracomb-led-6,Fravega,OTRAS,Belleza y Cuidado Personal,Afeitadora Y Recortadora Ultracomb Led 6 Cabezales Bk4918,https://www.fravega.com/p/afeitadora-y-recortadora-ultracomb-led-6-cabezales-bk4918-990275801/,58309.83,33903.9,1,True
FRA-afeitadora-philips-s5898-17-30315,Fravega,PHILIPS,Belleza y Cuidado Personal,Afeitadora Philips S5898/17,https://www.fravega.com/p/afeitadora-philips-s5898-17-30315/,194999.0,184999.0,1,True
FRA-afeitadora-philco-turbo-ae5305-30319,Fravega,PHILCO,Belleza y Cuidado Personal,Afeitadora Philco Turbo AE5305,https://www.fravega.com/p/afeitadora-philco-turbo-ae5305-30319/,74999.0,59999.0,1,True
FRA-afeitadora-de-cabeza-remington-balder-pr,Fravega,REMINGTON,Belleza y Cuidado Personal,Afeitadora de cabeza Remington Balder PRO XR7001,https://www.fravega.com/p/afeitadora-de-cabeza-remington-balder-pro-xr7001-30353/,149999.0,109999.0,1,True
FRA-maquina-multi-afeitadora-gadnic-rzr-9k-d,Fravega,OTRAS,Belleza y Cuidado Personal,Máquina Multi Afeitadora Gadnic RZR 9K Display Digital,https://www.fravega.com/p/maquina-multi-afeitadora-gadnic-rzr-9k-display-digital-990165202/,68094.0,52380.0,1,True
FRA-afeitadora-kemei-km-1102-negra-22508218,Fravega,OTRAS,Belleza y Cuidado Personal,Afeitadora Kemei Km-1102 Negra,https://www.fravega.com/p/afeitadora-kemei-km-1102-negra-22508218/,40999.0,34999.0,1,True
FRA-recortadora-trimmer-gama-italy-gnt-512-c,Fravega,GAMA,Belleza y Cuidado Personal,Recortadora Trimmer Gama Italy GNT 512 Color Negro Inalambrico,https://www.fravega.com/p/recortadora-trimmer-gama-italy-gnt-512-color-negro-inalambrico-22560070/,28165.0,16899.0,1,True
FRA-trimmer-nariz-oido-remington-ne3200-seco,Fravega,REMINGTON,Belleza y Cuidado Personal,Trimmer Nariz Oido Remington Ne3200 En Seco O Humedo A Pila,https://www.fravega.com/p/trimmer-nariz-oido-remington-ne3200-seco-o-humedo-a-pila-990017664/,25489.0,18990.0,1,True
FRA-recortador-para-nariz-y-oidos-remington-,Fravega,REMINGTON,Belleza y Cuidado Personal,Recortador para nariz y oídos Remington NE3200,https://www.fravega.com/p/recortador-para-nariz-y-oidos-remington-ne3200-21218302/,20899.0,13140.5,1,True
FRA-repuesto-kemei-original-laminas-con-cuch,Fravega,OTRAS,Belleza y Cuidado Personal,Repuesto Kemei Original Láminas con cuchillas Modelo km-2026,https://www.fravega.com/p/repuesto-kemei-original-laminas-con-cuchillas-modelo-km-2026-21253818/,28000.0,19000.0,1,True
FRA-trimmer-gama-italy-nt600-nariz-oreja-con,Fravega,GAMA,Belleza y Cuidado Personal,Trimmer Gama Italy Nt600 Nariz Oreja Con Base Color Negro,https://www.fravega.com/p/trimmer-gama-italy-nt600-nariz-oreja-con-base-color-negro-21961114/,43498.0,26099.0,1,True
FRA-afeitadora-wahl-travel-shaver-negra--226,Fravega,OTRAS,Belleza y Cuidado Personal,Afeitadora Wahl Travel Shaver Negra,https://www.fravega.com/p/afeitadora-wahl-travel-shaver-negra--22635264/,49999.0,33000.0,1,True
FRA-afeitadora-electrica-chica-wahl-travel-s,Fravega,OTRAS,Belleza y Cuidado Personal,Afeitadora Electrica Chica Wahl Travel Shaver 7 Piezas Negro,https://www.fravega.com/p/afeitadora-electrica-chica-wahl-travel-shaver-7-piezas-negro-22636012/,40740.0,32590.0,1,True
FRA-perfume-revlon-charlie-blue-edt-para-muj,Fravega,OTRAS,Belleza y Cuidado Personal,Perfume Revlon Charlie Blue EDT para mujer 100 ml/3.4 fl.oz,https://www.fravega.com/p/perfume-revlon-charlie-blue-edt-para-mujer-100-ml-3-4-fl-oz-22826743/,63253.0,58825.29,1,True
FRA-combo-alisado-luminoliss-250gr-shampoo-l,Fravega,OTRAS,Belleza y Cuidado Personal,Combo Alisado Luminoliss 250gr + Shampoo Luminoclean 300gr,https://www.fravega.com/p/combo-alisado-luminoliss-250gr-shampoo-luminoclean-300gr-22859950/,31910.0,25530.0,1,True
FRA-montale-arabians-tonka-eau-de-parfum-3-4,Fravega,OTRAS,Belleza y Cuidado Personal,Montale Arabians Tonka Eau De Parfum 3.4 Onzas,https://www.fravega.com/p/montale-arabians-tonka-eau-de-parfum-3-4-onzas-22597445/,740779.0,481506.0,1,True
FRA-tangle-teezer-el-mejor-cepillo-desenreda,Fravega,OTRAS,Belleza y Cuidado Personal,"Tangle Teezer , El mejor cepillo desenredante para",https://www.fravega.com/p/tangle-teezer-el-mejor-cepillo-desenredante-para-22659249/,104125.0,78093.0,1,True
FRA-perfume-montale-arabians-tonka-eau-de-pa,Fravega,OTRAS,Belleza y Cuidado Personal,Perfume MONTALE Arabians Tonka Eau De Parfum 100 ml para hom,https://www.fravega.com/p/perfume-montale-arabians-tonka-eau-de-parfum-100-ml-para-hom-22826641/,351967.0,327329.31,1,True
FRA-ds-laboratories-revita-shampoo-champu-pa,Fravega,OTRAS,Belleza y Cuidado Personal,DS Laboratories Revita Shampoo - Champú para el,https://www.fravega.com/p/ds-laboratories-revita-shampoo-champu-para-el-22662562/,107640.0,80730.0,1,True
FRA-givenchy-organza-3-3-oz-eau-de-parfum-sp,Fravega,OTRAS,Belleza y Cuidado Personal,Givenchy ORGANZA 3.3 OZ EAU DE PARFUM SPRAY NUEVO,https://www.fravega.com/p/givenchy-organza-3-3-oz-eau-de-parfum-spray-nuevo-22711682/,248914.0,161794.0,1,True
FRA-loreal-paris-everpure-kit-de-champu-y-22,Fravega,OTRAS,Belleza y Cuidado Personal,LOreal Paris EverPure - Kit de champú y,https://www.fravega.com/p/loreal-paris-everpure-kit-de-champu-y-22597966/,104720.0,78540.0,1,True
FRA-perfume-liquid-brun-french-avenue-100ml-,Fravega,OTRAS,Belleza y Cuidado Personal,Perfume Liquid Brun French Avenue 100ml Edp Arabe,https://www.fravega.com/p/perfume-liquid-brun-french-avenue-100ml-edp-arabe-22599035/,137999.0,103499.0,1,True
FRA-american-crew-pomade-pomada-para-fijacio,Fravega,OTRAS,Belleza y Cuidado Personal,American Crew Pomade pomada para fijación y brillo,https://www.fravega.com/p/american-crew-pomade-pomada-para-fijacion-y-brillo-22676491/,98670.0,74003.0,1,True
FRA-perfume-armaf-club-de-nuit-precieux-1-ex,Fravega,OTRAS,Belleza y Cuidado Personal,"Perfume Armaf Club De Nuit Precieux, 1 extracto de perfume,",https://www.fravega.com/p/perfume-armaf-club-de-nuit-precieux-1-extracto-de-perfume--22802957/,183839.0,170970.27,1,True
FRA-kit-reparador-karseell-maca-power-shampo,Fravega,OTRAS,Belleza y Cuidado Personal,Kit Reparador Karseell Maca Power Shampoo + Máscara Colágeno,https://www.fravega.com/p/kit-reparador-karseell-maca-power-shampoo-mascara-colageno-23002941/,76480.0,61180.0,1,True
FRA-perfume-antonio-banderas-king-seduction-,Fravega,OTRAS,Belleza y Cuidado Personal,Perfume Antonio Banderas King Seduction Absolute Men 100 Ml,https://www.fravega.com/p/perfume-antonio-banderas-king-seduction-absolute-men-100-ml-990029482/,47815.0,33470.5,1,True
FRA-mascara-matizadora-blue-la-puissance-neu,Fravega,OTRAS,Belleza y Cuidado Personal,Mascara Matizadora Blue La Puissance Neutralizadora X 250,https://www.fravega.com/p/mascara-matizadora-blue-la-puissance-neutralizadora-x-250-22635954/,32440.0,25950.0,1,True
FRA-l-eau-d-issey-pour-homme-eau--cedre-edt-,Fravega,OTRAS,Belleza y Cuidado Personal,L'eau d'Issey pour Homme Eau & Cèdre EDT,https://www.fravega.com/p/l-eau-d-issey-pour-homme-eau--cedre-edt-990283321/,268000.0,241200.0,1,True
FRA-removedor-de-tinte-para-cabello-color-oo,Fravega,OTRAS,Belleza y Cuidado Personal,Removedor de Tinte para Cabello Color Oops con Acondicionador Extra,https://www.fravega.com/p/removedor-de-tinte-para-cabello-color-oops-con-acondicionador-extra-22721279/,90352.0,76799.2,1,True
FRA-perfume-jean-paul-gaultier-le-male-elixi,Fravega,OTRAS,Belleza y Cuidado Personal,Perfume Jean Paul Gaultier Le Male Elixir Parfum 125ml,https://www.fravega.com/p/perfume-jean-paul-gaultier-le-male-elixir-parfum-125ml-990153115/,313500.0,219450.0,1,True
FRA-kit-x2-unidades-alisado-sin-formol-lumin,Fravega,OTRAS,Belleza y Cuidado Personal,Kit X2 Unidades Alisado Sin Formol Luminoliss Antifrizz 250g,https://www.fravega.com/p/kit-x2-unidades-alisado-sin-formol-luminoliss-antifrizz-250g-23002937/,74990.0,59990.0,1,True
FRA-perfume-afnan-supremacy-collectors-editi,Fravega,OTRAS,Belleza y Cuidado Personal,Perfume Afnan Supremacy Collectors Edition Eau De,https://www.fravega.com/p/perfume-afnan-supremacy-collectors-edition-eau-de-22879154/,255987.0,191990.0,1,True
FRA-fidelite-colormaster-mascara-bano-de-cre,Fravega,OTRAS,Belleza y Cuidado Personal,Fidelite Colormaster Mascara Baño De Crema Extra Acida 270 G,https://www.fravega.com/p/fidelite-colormaster-mascara-bano-de-crema-extra-acida-270-g-21229594/,10430.0,8340.0,1,True
FRA-secador-de-pelo-gama-mistral-ceramic-ion,Fravega,GAMA,Belleza y Cuidado Personal,Secador de Pelo GAMA Mistral Ceramic Ion,https://www.fravega.com/p/secador-de-pelo-gama-mistral-ceramic-ion-13349/,74999.0,51999.0,1,True
FRA-planchita-de-pelo-gama-elegance-bella-to,Fravega,GAMA,Belleza y Cuidado Personal,Planchita de Pelo GAMA Elegance Bella Tourmaline ION 230°C,https://www.fravega.com/p/planchita-de-pelo-gama-elegance-bella-tourmaline-ion-230c-13040/,69999.0,54999.0,1,True
FRA-depiladora-ipl-philips-lumea-prestige-br,Fravega,PHILIPS,Belleza y Cuidado Personal,Depiladora IPL Philips Lumea Prestige BRI947/30,https://www.fravega.com/p/depiladora-ipl-philips-lumea-prestige-bri947-30-13275/,959999.0,659999.0,1,True
FRA-secador-de-pelo-profesional-remington-si,Fravega,REMINGTON,Belleza y Cuidado Personal,Secador de Pelo Profesional Remington Silk AC9096 2400W,https://www.fravega.com/p/secador-de-pelo-profesional-remington-silk-ac9096-2400w-11933/,104999.0,84799.0,1,True
FRA-planchita-de-pelo-admiral-ad-pl001-ceram,Fravega,OTRAS,Belleza y Cuidado Personal,Planchita de Pelo Admiral AD-PL001 Ceramic 230,https://www.fravega.com/p/planchita-de-pelo-admiral-ad-pl001-ceramic-230-14214/,39999.0,19999.0,1,True
FRA-depiladora-ipl-philips-lumea-lumea-advan,Fravega,PHILIPS,Belleza y Cuidado Personal,Depiladora IPL Philips Lumea Lumea Advanced BRI920/30 + Recortador,https://www.fravega.com/p/depiladora-ipl-philips-lumea-lumea-advanced-bri920-30-recortador-13149/,699999.0,439999.0,1,True
FRA-secador-remington-d3015-power-volumen-20,Fravega,REMINGTON,Belleza y Cuidado Personal,Secador Remington D3015 Power Volumen 2000,https://www.fravega.com/p/secador-remington-d3015-power-volumen-2000-12426/,69999.0,59999.0,1,True
FRA-planchita-de-pelo-allure-pl1010ap-titani,Fravega,OTRAS,Belleza y Cuidado Personal,Planchita de Pelo Allure PL1010AP Titanium Ion,https://www.fravega.com/p/planchita-de-pelo-allure-pl1010ap-titanium-ion-13892/,34999.0,22999.0,1,True
FRA-depiladora-electrica-philips-bre227-00-1,Fravega,PHILIPS,Belleza y Cuidado Personal,Depiladora Eléctrica Philips BRE227/00,https://www.fravega.com/p/depiladora-electrica-philips-bre227-00-14404/,72999.0,59999.0,1,True
FRA-secador-de-pelo-philips-dry-care-bhd274-,Fravega,PHILIPS,Belleza y Cuidado Personal,Secador de Pelo Philips Dry Care BHD274-00,https://www.fravega.com/p/secador-de-pelo-philips-dry-care-bhd274-00-13183/,122399.0,89999.0,1,True
FRA-planchita-de-pelo-remington-wet2straight,Fravega,REMINGTON,Belleza y Cuidado Personal,Planchita de Pelo Remington Wet2Straight S27A,https://www.fravega.com/p/planchita-de-pelo-remington-wet2straight-s27a-14242/,79999.0,64999.0,1,True
FRA-depiladora-philips-satinshave-essential-,Fravega,PHILIPS,Belleza y Cuidado Personal,Depiladora Philips SatinShave Essential HP6306/00 F,https://www.fravega.com/p/depiladora-philips-satinshave-essential-hp6306-00-f-13682/,36499.0,31499.0,1,True
FRA-secador-de-pelo-gama-professional-ultra-,Fravega,GAMA,Belleza y Cuidado Personal,Secador de Pelo Gama Professional Ultra AC 2200W,https://www.fravega.com/p/secador-de-pelo-gama-professional-ultra-ac-2200w-14437/,99999.0,74999.0,1,True
FRA-planchita-de-pelo-revlon-rvst2182red-anc,Fravega,OTRAS,Belleza y Cuidado Personal,Planchita de Pelo Revlon RVST2182RED Ancha,https://www.fravega.com/p/planchita-de-pelo-revlon-rvst2182red-ancha-10407/,69999.0,49999.0,1,True
FRA-depiladora-electrica-corporal-gadnic-2-v,Fravega,OTRAS,Belleza y Cuidado Personal,Depiladora Electrica Corporal Gadnic 2 Velocidades,https://www.fravega.com/p/depiladora-electrica-corporal-gadnic-2-velocidades-20057895/,80878.0,62214.0,1,True
FRA-cepillo-secador-modelador-electrico-2000,Fravega,OTRAS,Belleza y Cuidado Personal,Cepillo Secador Modelador Eléctrico 2000 W Seis,https://www.fravega.com/p/cepillo-secador-modelador-electrico-2000-w-seis-22909720/,17226.0,14649.0,1,True
FRA-planchita-de-pelo-remington-gloss-s9350-,Fravega,REMINGTON,Belleza y Cuidado Personal,Planchita de Pelo Remington Gloss S9350 Tecnología Antiestática,https://www.fravega.com/p/planchita-de-pelo-remington-gloss-s9350-tecnologia-antiestatica-14501/,89999.0,69999.0,1,True
FRA-depiladora-facial-con-luz-recargable-usb,Fravega,OTRAS,Belleza y Cuidado Personal,Depiladora Facial Con Luz Recargable Usb Vellos Finos RJ3740 Blanco,https://www.fravega.com/p/depiladora-facial-con-luz-recargable-usb-vellos-finos-rj3740-blanco-22709024/,12829.69,8980.78,1,True
FRA-secador-de-pelo-gama-diamond-ceramic-129,Fravega,GAMA,Belleza y Cuidado Personal,Secador de Pelo GAMA Diamond Ceramic,https://www.fravega.com/p/secador-de-pelo-gama-diamond-ceramic-12982/,99999.0,74999.0,1,True
FRA-cepillo-alisador-electrico-enchen-by-xia,Fravega,XIAOMI,Belleza y Cuidado Personal,Cepillo Alisador Eléctrico Enchen By Xiaomi Control de Temp.,https://www.fravega.com/p/cepillo-alisador-electrico-enchen-by-xiaomi-control-de-temp--990245043/,62989.0,40990.0,1,True
FRA-repuesto-cuchillas-x2-para-cortabarba-ph,Fravega,PHILIPS,Belleza y Cuidado Personal,Repuesto Cuchillas x2 para Cortabarba Philips OneBlade,https://www.fravega.com/p/repuesto-cuchillas-x2-para-cortabarba-philips-oneblade-30460/,31499.0,25999.0,1,True
FRA-afeitadora-electrica-inalambrica-philco-,Fravega,PHILCO,Belleza y Cuidado Personal,Afeitadora Eléctrica Inalámbrica Philco AE5105,https://www.fravega.com/p/afeitadora-electrica-inalambrica-philco-ae5105-30464/,54999.0,34999.0,1,True
FRA-afeitadora-philips-s1881-00-serie-1000-u,Fravega,PHILIPS,Belleza y Cuidado Personal,Afeitadora Philips S1881/00 Serie 1000 uso en Húmedo y Seco,https://www.fravega.com/p/afeitadora-philips-s1881-00-serie-1000-uso-humedo-y-seco-30625/,81999.0,64999.0,1,True
FRA-afeitadora-philips-serie-5000-x5012-05-3,Fravega,PHILIPS,Belleza y Cuidado Personal,Afeitadora Philips Serie 5000 X5012/05,https://www.fravega.com/p/afeitadora-philips-serie-5000-x5012-05-30374/,139999.0,103999.0,1,True
FRA-afeitadora-electrica-philips-serie-7000-,Fravega,PHILIPS,Belleza y Cuidado Personal,Afeitadora Eléctrica Philips Serie 7000,https://www.fravega.com/p/afeitadora-electrica-philips-serie-7000-30617/,251999.0,199999.0,1,True
FRA-afeitadora-philips-serie-3000-s3882-00-w,Fravega,PHILIPS,Belleza y Cuidado Personal,Afeitadora Philips Serie 3000 S3882/00 Wet & Dry,https://www.fravega.com/p/afeitadora-philips-serie-3000-s3882-00-wet--dry-30616/,143999.0,89999.0,1,True
FRA-recortadora-afeitar-cejas-barba-vk-4803-,Fravega,OTRAS,Belleza y Cuidado Personal,Recortadora Afeitar Cejas Barba Vk-4803 Ultracomb  3 en 1,https://www.fravega.com/p/recortadora-afeitar-cejas-barba-vk-4803-ultracomb-3-1-990275803/,19379.83,11330.89,1,True
FRA-afeitadora-y-recortadora-ultracomb-led-6,Fravega,OTRAS,Belleza y Cuidado Personal,Afeitadora Y Recortadora Ultracomb Led 6 Cabezales Bk4918,https://www.fravega.com/p/afeitadora-y-recortadora-ultracomb-led-6-cabezales-bk4918-990275801/,58309.83,33903.9,1,True
FRA-afeitadora-philips-s5898-17-30315,Fravega,PHILIPS,Belleza y Cuidado Personal,Afeitadora Philips S5898/17,https://www.fravega.com/p/afeitadora-philips-s5898-17-30315/,194999.0,184999.0,1,True
FRA-afeitadora-philco-turbo-ae5305-30319,Fravega,PHILCO,Belleza y Cuidado Personal,Afeitadora Philco Turbo AE5305,https://www.fravega.com/p/afeitadora-philco-turbo-ae5305-30319/,74999.0,59999.0,1,True
FRA-afeitadora-de-cabeza-remington-balder-pr,Fravega,REMINGTON,Belleza y Cuidado Personal,Afeitadora de cabeza Remington Balder PRO XR7001,https://www.fravega.com/p/afeitadora-de-cabeza-remington-balder-pro-xr7001-30353/,149999.0,109999.0,1,True
FRA-maquina-multi-afeitadora-gadnic-rzr-9k-d,Fravega,OTRAS,Belleza y Cuidado Personal,Máquina Multi Afeitadora Gadnic RZR 9K Display Digital,https://www.fravega.com/p/maquina-multi-afeitadora-gadnic-rzr-9k-display-digital-990165202/,68094.0,52380.0,1,True
FRA-afeitadora-kemei-km-1102-negra-22508218,Fravega,OTRAS,Belleza y Cuidado Personal,Afeitadora Kemei Km-1102 Negra,https://www.fravega.com/p/afeitadora-kemei-km-1102-negra-22508218/,40999.0,34999.0,1,True
FRA-recortadora-trimmer-gama-italy-gnt-512-c,Fravega,GAMA,Belleza y Cuidado Personal,Recortadora Trimmer Gama Italy GNT 512 Color Negro Inalambrico,https://www.fravega.com/p/recortadora-trimmer-gama-italy-gnt-512-color-negro-inalambrico-22560070/,28165.0,16899.0,1,True
FRA-trimmer-nariz-oido-remington-ne3200-seco,Fravega,REMINGTON,Belleza y Cuidado Personal,Trimmer Nariz Oido Remington Ne3200 En Seco O Humedo A Pila,https://www.fravega.com/p/trimmer-nariz-oido-remington-ne3200-seco-o-humedo-a-pila-990017664/,25489.0,18990.0,1,True
FRA-recortador-para-nariz-y-oidos-remington-,Fravega,REMINGTON,Belleza y Cuidado Personal,Recortador para nariz y oídos Remington NE3200,https://www.fravega.com/p/recortador-para-nariz-y-oidos-remington-ne3200-21218302/,20899.0,13140.5,1,True
FRA-repuesto-kemei-original-laminas-con-cuch,Fravega,OTRAS,Belleza y Cuidado Personal,Repuesto Kemei Original Láminas con cuchillas Modelo km-2026,https://www.fravega.com/p/repuesto-kemei-original-laminas-con-cuchillas-modelo-km-2026-21253818/,28000.0,19000.0,1,True
FRA-trimmer-gama-italy-nt600-nariz-oreja-con,Fravega,GAMA,Belleza y Cuidado Personal,Trimmer Gama Italy Nt600 Nariz Oreja Con Base Color Negro,https://www.fravega.com/p/trimmer-gama-italy-nt600-nariz-oreja-con-base-color-negro-21961114/,43498.0,26099.0,1,True
FRA-afeitadora-wahl-travel-shaver-negra--226,Fravega,OTRAS,Belleza y Cuidado Personal,Afeitadora Wahl Travel Shaver Negra,https://www.fravega.com/p/afeitadora-wahl-travel-shaver-negra--22635264/,49999.0,33000.0,1,True
FRA-afeitadora-electrica-chica-wahl-travel-s,Fravega,OTRAS,Belleza y Cuidado Personal,Afeitadora Electrica Chica Wahl Travel Shaver 7 Piezas Negro,https://www.fravega.com/p/afeitadora-electrica-chica-wahl-travel-shaver-7-piezas-negro-22636012/,40740.0,32590.0,1,True
FRA-perfume-revlon-charlie-blue-edt-para-muj,Fravega,OTRAS,Belleza y Cuidado Personal,Perfume Revlon Charlie Blue EDT para mujer 100 ml/3.4 fl.oz,https://www.fravega.com/p/perfume-revlon-charlie-blue-edt-para-mujer-100-ml-3-4-fl-oz-22826743/,63253.0,58825.29,1,True
FRA-combo-alisado-luminoliss-250gr-shampoo-l,Fravega,OTRAS,Belleza y Cuidado Personal,Combo Alisado Luminoliss 250gr + Shampoo Luminoclean 300gr,https://www.fravega.com/p/combo-alisado-luminoliss-250gr-shampoo-luminoclean-300gr-22859950/,31910.0,25530.0,1,True
FRA-montale-arabians-tonka-eau-de-parfum-3-4,Fravega,OTRAS,Belleza y Cuidado Personal,Montale Arabians Tonka Eau De Parfum 3.4 Onzas,https://www.fravega.com/p/montale-arabians-tonka-eau-de-parfum-3-4-onzas-22597445/,740779.0,481506.0,1,True
FRA-tangle-teezer-el-mejor-cepillo-desenreda,Fravega,OTRAS,Belleza y Cuidado Personal,"Tangle Teezer , El mejor cepillo desenredante para",https://www.fravega.com/p/tangle-teezer-el-mejor-cepillo-desenredante-para-22659249/,104125.0,78093.0,1,True
FRA-perfume-montale-arabians-tonka-eau-de-pa,Fravega,OTRAS,Belleza y Cuidado Personal,Perfume MONTALE Arabians Tonka Eau De Parfum 100 ml para hom,https://www.fravega.com/p/perfume-montale-arabians-tonka-eau-de-parfum-100-ml-para-hom-22826641/,351967.0,327329.31,1,True
FRA-ds-laboratories-revita-shampoo-champu-pa,Fravega,OTRAS,Belleza y Cuidado Personal,DS Laboratories Revita Shampoo - Champú para el,https://www.fravega.com/p/ds-laboratories-revita-shampoo-champu-para-el-22662562/,107640.0,80730.0,1,True
FRA-givenchy-organza-3-3-oz-eau-de-parfum-sp,Fravega,OTRAS,Belleza y Cuidado Personal,Givenchy ORGANZA 3.3 OZ EAU DE PARFUM SPRAY NUEVO,https://www.fravega.com/p/givenchy-organza-3-3-oz-eau-de-parfum-spray-nuevo-22711682/,248914.0,161794.0,1,True
FRA-loreal-paris-everpure-kit-de-champu-y-22,Fravega,OTRAS,Belleza y Cuidado Personal,LOreal Paris EverPure - Kit de champú y,https://www.fravega.com/p/loreal-paris-everpure-kit-de-champu-y-22597966/,104720.0,78540.0,1,True
FRA-perfume-liquid-brun-french-avenue-100ml-,Fravega,OTRAS,Belleza y Cuidado Personal,Perfume Liquid Brun French Avenue 100ml Edp Arabe,https://www.fravega.com/p/perfume-liquid-brun-french-avenue-100ml-edp-arabe-22599035/,137999.0,103499.0,1,True
FRA-american-crew-pomade-pomada-para-fijacio,Fravega,OTRAS,Belleza y Cuidado Personal,American Crew Pomade pomada para fijación y brillo,https://www.fravega.com/p/american-crew-pomade-pomada-para-fijacion-y-brillo-22676491/,98670.0,74003.0,1,True
FRA-perfume-armaf-club-de-nuit-precieux-1-ex,Fravega,OTRAS,Belleza y Cuidado Personal,"Perfume Armaf Club De Nuit Precieux, 1 extracto de perfume,",https://www.fravega.com/p/perfume-armaf-club-de-nuit-precieux-1-extracto-de-perfume--22802957/,183839.0,170970.27,1,True
FRA-kit-reparador-karseell-maca-power-shampo,Fravega,OTRAS,Belleza y Cuidado Personal,Kit Reparador Karseell Maca Power Shampoo + Máscara Colágeno,https://www.fravega.com/p/kit-reparador-karseell-maca-power-shampoo-mascara-colageno-23002941/,76480.0,61180.0,1,True
FRA-perfume-antonio-banderas-king-seduction-,Fravega,OTRAS,Belleza y Cuidado Personal,Perfume Antonio Banderas King Seduction Absolute Men 100 Ml,https://www.fravega.com/p/perfume-antonio-banderas-king-seduction-absolute-men-100-ml-990029482/,47815.0,33470.5,1,True
FRA-mascara-matizadora-blue-la-puissance-neu,Fravega,OTRAS,Belleza y Cuidado Personal,Mascara Matizadora Blue La Puissance Neutralizadora X 250,https://www.fravega.com/p/mascara-matizadora-blue-la-puissance-neutralizadora-x-250-22635954/,32440.0,25950.0,1,True
FRA-l-eau-d-issey-pour-homme-eau--cedre-edt-,Fravega,OTRAS,Belleza y Cuidado Personal,L'eau d'Issey pour Homme Eau & Cèdre EDT,https://www.fravega.com/p/l-eau-d-issey-pour-homme-eau--cedre-edt-990283321/,268000.0,241200.0,1,True
FRA-removedor-de-tinte-para-cabello-color-oo,Fravega,OTRAS,Belleza y Cuidado Personal,Removedor de Tinte para Cabello Color Oops con Acondicionador Extra,https://www.fravega.com/p/removedor-de-tinte-para-cabello-color-oops-con-acondicionador-extra-22721279/,90352.0,76799.2,1,True
FRA-perfume-jean-paul-gaultier-le-male-elixi,Fravega,OTRAS,Belleza y Cuidado Personal,Perfume Jean Paul Gaultier Le Male Elixir Parfum 125ml,https://www.fravega.com/p/perfume-jean-paul-gaultier-le-male-elixir-parfum-125ml-990153115/,313500.0,219450.0,1,True
FRA-kit-x2-unidades-alisado-sin-formol-lumin,Fravega,OTRAS,Belleza y Cuidado Personal,Kit X2 Unidades Alisado Sin Formol Luminoliss Antifrizz 250g,https://www.fravega.com/p/kit-x2-unidades-alisado-sin-formol-luminoliss-antifrizz-250g-23002937/,74990.0,59990.0,1,True
FRA-perfume-afnan-supremacy-collectors-editi,Fravega,OTRAS,Belleza y Cuidado Personal,Perfume Afnan Supremacy Collectors Edition Eau De,https://www.fravega.com/p/perfume-afnan-supremacy-collectors-edition-eau-de-22879154/,255987.0,191990.0,1,True
FRA-fidelite-colormaster-mascara-bano-de-cre,Fravega,OTRAS,Belleza y Cuidado Personal,Fidelite Colormaster Mascara Baño De Crema Extra Acida 270 G,https://www.fravega.com/p/fidelite-colormaster-mascara-bano-de-crema-extra-acida-270-g-21229594/,10430.0,8340.0,1,True
FRA-escalera-articulada-black-and-decker-4x5,Fravega,OTRAS,Herramientas,Escalera Articulada Black And Decker 4x5 20 Escalones,https://www.fravega.com/p/escalera-articulada-black-and-decker-4x5-20-escalones--22605134/,340578.26,245216.35,1,True
FRA-combo-argus-inodoro-largo-deposito-tapa-,Fravega,OTRAS,Herramientas,Combo Argus Inodoro Largo + Depósito + Tapa Asiento Caída amortiguada + Bidet 1 agujero sin transferencia,https://www.fravega.com/p/combo-argus-inodoro-largo-deposito-tapa-asiento-caida-amortiguada-bidet-1-agujero-sin-transferencia-22478768/,1335000.0,795000.0,1,True
FRA-inodoro-inteligente-triton-total-white-2,Fravega,OTRAS,Herramientas,Inodoro Inteligente Triton Total White,https://www.fravega.com/p/inodoro-inteligente-triton-total-white-22143681/,1669000.0,1379338.84,1,True
FRA-griferia-eurogrif-monocomando-cocina-roc,Fravega,OTRAS,Herramientas,Griferia Eurogrif Monocomando Cocina Rociador Flexible Gourmet,https://www.fravega.com/p/griferia-eurogrif-monocomando-cocina-rociador-flexible-gourmet-311354/,59999.0,49999.0,1,True
FRA-revestimiento-autoadhesivo-rollo-vinilic,Fravega,OTRAS,Herramientas,Revestimiento Autoadhesivo Rollo Vinílico Símil Mármol 60x300cm BEIGE,https://www.fravega.com/p/revestimiento-autoadhesivo-rollo-vinilico-simil-marmol-60x300cm-beige-22864423/,67688.0,18999.0,1,True
FRA-kit-de-herramientas-daewoo-set-108-pzs-d,Fravega,OTRAS,Herramientas,Kit de Herramientas Daewoo Set 108 Pzs DWS108B Llaves Tubo Criquet,https://www.fravega.com/p/kit-de-herramientas-daewoo-set-108-pzs-dws108b-llaves-tubo-criquet-311001/,124999.0,99999.0,1,True
FRA-inodoro-largo-deposito-tapa-con-caida-am,Fravega,OTRAS,Herramientas,Inodoro Largo + Depósito + Tapa con caída Amortiguada Argus Krumm,https://www.fravega.com/p/inodoro-largo-deposito-tapa-con-caida-amortiguada-argus-krumm--22478934/,735000.0,475999.0,1,True
FRA-set-de-herramientas-manuales-black--deck,Fravega,OTRAS,Herramientas,Set de Herramientas Manuales Black & Decker 152 Pzs BMT152C-AR,https://www.fravega.com/p/set-de-herramientas-manuales-black--decker-152-pzs-bmt152c-ar-311101/,99999.0,80799.0,1,True
FRA-caja-de-piso-vinilico-autoadhesivo-teka-,Fravega,OTRAS,Herramientas,Caja De Piso Vinílico Autoadhesivo Teka Pvc 2mm Espesor Rinde 5m2,https://www.fravega.com/p/caja-de-piso-vinilico-autoadhesivo-teka-pvc-2mm-espesor-rinde-5m2-22900989/,85098.52,78000.0,1,True
FRA-cortadora-de-ceramica-porcelanato-80cm-e,Fravega,OTRAS,Herramientas,Cortadora De Ceramica Porcelanato 80cm + Escuadra Omaha,https://www.fravega.com/p/cortadora-de-ceramica-porcelanato-80cm-escuadra-omaha-22833087/,299460.0,158289.0,1,True
FRA-rotomartillo-stanley-sthr1232k-ar-311124,Fravega,OTRAS,Herramientas,Rotomartillo Stanley STHR1232K-AR,https://www.fravega.com/p/rotomartillo-stanley-sthr1232k-ar-311124/,399999.0,299999.0,1,True
FRA-griferia-de-cocina-monocomando-phoenix-c,Fravega,OTRAS,Herramientas,Grifería de Cocina Monocomando Phoenix Cromo Krumm,https://www.fravega.com/p/griferia-de-cocina-monocomando-phoenix-cromo-krumm--22497587/,305999.0,219999.0,1,True
FRA-pistola-de-pintura-daewoo-hvlp-600ml-dw9,Fravega,OTRAS,Herramientas,Pistola de Pintura Daewoo HVLP 600ml DW9U,https://www.fravega.com/p/pistola-de-pintura-daewoo-hvlp-600ml-dw9u-310771/,69999.0,39999.0,1,True
FRA-piso-vinilico-spc-alarce-6mm-0-5-por-caj,Fravega,OTRAS,Herramientas,Piso Vinilico SPC Alarce 6mm 0.5 por caja 1.7336m2,https://www.fravega.com/p/piso-vinilico-spc-alarce-6mm-0-5-por-caja-1-7336m2-990186061/,89249.0,71399.0,1,True
FRA-set-herramientas-manuales-black--decker-,Fravega,OTRAS,Herramientas,Set Herramientas Manuales Black & Decker 152 Pzs BMT152C-AR,https://www.fravega.com/p/set-herramientas-manuales-black--decker-152-pzs-bmt152c-ar-310584/,94999.0,74999.0,1,True
FRA-hidrolavadora-karcher-1300w-k-compacta-2,Fravega,OTRAS,Herramientas,Hidrolavadora Karcher 1300w K Compacta 220v Alta Presión Autostop,https://www.fravega.com/p/hidrolavadora-karcher-1300w-k-compacta-220v-alta-presion-autostop-311113/,199999.0,139999.0,1,True
FRA-amoladora-angular-black--decker-g720n-ar,Fravega,OTRAS,Herramientas,Amoladora Angular Black & Decker G720N-AR,https://www.fravega.com/p/amoladora-angular-black--decker-g720n-ar-310339/,89999.0,67999.0,1,True
FRA-hidrolavadora-philco-pro-1400w-110bar-co,Fravega,PHILCO,Herramientas,Hidrolavadora Philco Pro 1400w 110bar con Autostop,https://www.fravega.com/p/hidrolavadora-philco-pro-1400w-110bar-con-autostop-311251/,149999.0,99999.0,1,True
FRA-hidrolavadora-daewoo-dax65-100-1600w-100,Fravega,OTRAS,Herramientas,Hidrolavadora Daewoo DAX65-100 1600W 100 bar con Autostop,https://www.fravega.com/p/hidrolavadora-daewoo-dax65-100-1600w-100-bar-con-autostop-310342/,219999.0,161599.0,1,True
FRA-carro-porta-herramientas-4-1-admiral-con,Fravega,OTRAS,Herramientas,Carro Porta Herramientas 4 en 1 Admiral con Ganchos Metálicos,https://www.fravega.com/p/carro-porta-herramientas-4-1-admiral-con-ganchos-metalicos-311315/,149999.0,99999.0,1,True
FRA-lijadora-orbital-black--decker-bs200-ar-,Fravega,OTRAS,Herramientas,Lijadora Orbital Black & Decker BS200-AR,https://www.fravega.com/p/lijadora-orbital-black--decker-bs200-ar-310392/,69999.0,60599.0,1,True
FRA-hidrolavadora-admiral-1400w-110-bar-con-,Fravega,OTRAS,Herramientas,Hidrolavadora Admiral 1400w 110 Bar con Autostop + Accesorios Alta Presión,https://www.fravega.com/p/hidrolavadora-admiral-1400w-110-bar-con-autostop-accesorios-alta-presion-311358/,149999.0,99999.0,1,True
FRA-amoladora-angular-bosch-gws-700-710-watt,Fravega,BOSCH,Herramientas,Amoladora angular Bosch GWS 700 710 Watts + 5 Discos,https://www.fravega.com/p/amoladora-angular-bosch-gws-700-710-watts-5-discos-311437/,99999.0,80799.0,1,True
FRA-hidrolavadora-daewoo-inalambrica-dax65-l,Fravega,OTRAS,Herramientas,Hidrolavadora Daewoo Inalámbrica DAX65-LI Pistola Portátil c/ Maletín y 2 Baterías,https://www.fravega.com/p/hidrolavadora-daewoo-inalambrica-dax65-li-pistola-portatil-c-maletin-y-2-baterias-311107/,149999.0,99999.0,1,True
FRA-motosierra-explosicion-52cc-espada-50cm-,Fravega,LG,Herramientas,Motosierra Explosicion 52cc Espada 50cm 20 PuLG Motor 2.5hp,https://www.fravega.com/p/motosierra-explosicion-52cc-espada-50cm-20-pulg-motor-2-5hp-22808505/,210174.64,112759.0,1,True
FRA-taladro-percutor-black-and-decker-bed713,Fravega,OTRAS,Herramientas,Taladro Percutor Black and Decker BED713650,https://www.fravega.com/p/taladro-percutor-black-and-decker-bed713650-311186/,84999.0,65649.0,1,True
FRA-escalera-de-aluminio-4x4-articulada-16-e,Fravega,OTRAS,Herramientas,"Escalera de Aluminio 4x4 Articulada 16 Escalones Garden Life TE1700 Multipropósito 4,35 mts",https://www.fravega.com/p/escalera-de-aluminio-4x4-articulada-16-escalones-garden-life-te1700-multiproposito-4-35-mts-310862/,219999.0,181799.0,1,True
FRA-soldadora-inverter-lusqtoff-megairon100-,Fravega,OTRAS,Herramientas,Soldadora Inverter Lusqtoff Megairon100-8 Mascara Escuadras Magneticas Naranja/negro 220v 50hz,https://www.fravega.com/p/soldadora-inverter-lusqtoff-megairon100-8-mascara-escuadras-magneticas-naranja-negro-220v-50hz-22721052/,281680.0,144669.0,1,True
FRA-nivel-laser-verde-10-metros-tripode-pleg,Fravega,OTRAS,Herramientas,Nivel Laser Verde 10 Metros + Tripode Plegable Lusqtoff,https://www.fravega.com/p/nivel-laser-verde-10-metros-tripode-plegable-lusqtoff-22880691/,116460.4,62219.0,1,True
FRA-escalera-articulada-black-and-decker-4x5,Fravega,OTRAS,Herramientas,Escalera Articulada Black And Decker 4x5 20 Escalones,https://www.fravega.com/p/escalera-articulada-black-and-decker-4x5-20-escalones--22605134/,340578.26,245216.35,1,True
FRA-combo-argus-inodoro-largo-deposito-tapa-,Fravega,OTRAS,Herramientas,Combo Argus Inodoro Largo + Depósito + Tapa Asiento Caída amortiguada + Bidet 1 agujero sin transferencia,https://www.fravega.com/p/combo-argus-inodoro-largo-deposito-tapa-asiento-caida-amortiguada-bidet-1-agujero-sin-transferencia-22478768/,1335000.0,795000.0,1,True
FRA-inodoro-inteligente-triton-total-white-2,Fravega,OTRAS,Herramientas,Inodoro Inteligente Triton Total White,https://www.fravega.com/p/inodoro-inteligente-triton-total-white-22143681/,1669000.0,1379338.84,1,True
FRA-griferia-eurogrif-monocomando-cocina-roc,Fravega,OTRAS,Herramientas,Griferia Eurogrif Monocomando Cocina Rociador Flexible Gourmet,https://www.fravega.com/p/griferia-eurogrif-monocomando-cocina-rociador-flexible-gourmet-311354/,59999.0,49999.0,1,True
FRA-revestimiento-autoadhesivo-rollo-vinilic,Fravega,OTRAS,Herramientas,Revestimiento Autoadhesivo Rollo Vinílico Símil Mármol 60x300cm BEIGE,https://www.fravega.com/p/revestimiento-autoadhesivo-rollo-vinilico-simil-marmol-60x300cm-beige-22864423/,67688.0,18999.0,1,True
FRA-kit-de-herramientas-daewoo-set-108-pzs-d,Fravega,OTRAS,Herramientas,Kit de Herramientas Daewoo Set 108 Pzs DWS108B Llaves Tubo Criquet,https://www.fravega.com/p/kit-de-herramientas-daewoo-set-108-pzs-dws108b-llaves-tubo-criquet-311001/,124999.0,99999.0,1,True
FRA-inodoro-largo-deposito-tapa-con-caida-am,Fravega,OTRAS,Herramientas,Inodoro Largo + Depósito + Tapa con caída Amortiguada Argus Krumm,https://www.fravega.com/p/inodoro-largo-deposito-tapa-con-caida-amortiguada-argus-krumm--22478934/,735000.0,475999.0,1,True
FRA-set-de-herramientas-manuales-black--deck,Fravega,OTRAS,Herramientas,Set de Herramientas Manuales Black & Decker 152 Pzs BMT152C-AR,https://www.fravega.com/p/set-de-herramientas-manuales-black--decker-152-pzs-bmt152c-ar-311101/,99999.0,80799.0,1,True
FRA-caja-de-piso-vinilico-autoadhesivo-teka-,Fravega,OTRAS,Herramientas,Caja De Piso Vinílico Autoadhesivo Teka Pvc 2mm Espesor Rinde 5m2,https://www.fravega.com/p/caja-de-piso-vinilico-autoadhesivo-teka-pvc-2mm-espesor-rinde-5m2-22900989/,85098.52,78000.0,1,True
FRA-cortadora-de-ceramica-porcelanato-80cm-e,Fravega,OTRAS,Herramientas,Cortadora De Ceramica Porcelanato 80cm + Escuadra Omaha,https://www.fravega.com/p/cortadora-de-ceramica-porcelanato-80cm-escuadra-omaha-22833087/,299460.0,158289.0,1,True
FRA-rotomartillo-stanley-sthr1232k-ar-311124,Fravega,OTRAS,Herramientas,Rotomartillo Stanley STHR1232K-AR,https://www.fravega.com/p/rotomartillo-stanley-sthr1232k-ar-311124/,399999.0,299999.0,1,True
FRA-griferia-de-cocina-monocomando-phoenix-c,Fravega,OTRAS,Herramientas,Grifería de Cocina Monocomando Phoenix Cromo Krumm,https://www.fravega.com/p/griferia-de-cocina-monocomando-phoenix-cromo-krumm--22497587/,305999.0,219999.0,1,True
FRA-pistola-de-pintura-daewoo-hvlp-600ml-dw9,Fravega,OTRAS,Herramientas,Pistola de Pintura Daewoo HVLP 600ml DW9U,https://www.fravega.com/p/pistola-de-pintura-daewoo-hvlp-600ml-dw9u-310771/,69999.0,39999.0,1,True
FRA-piso-vinilico-spc-alarce-6mm-0-5-por-caj,Fravega,OTRAS,Herramientas,Piso Vinilico SPC Alarce 6mm 0.5 por caja 1.7336m2,https://www.fravega.com/p/piso-vinilico-spc-alarce-6mm-0-5-por-caja-1-7336m2-990186061/,89249.0,71399.0,1,True
FRA-set-herramientas-manuales-black--decker-,Fravega,OTRAS,Herramientas,Set Herramientas Manuales Black & Decker 152 Pzs BMT152C-AR,https://www.fravega.com/p/set-herramientas-manuales-black--decker-152-pzs-bmt152c-ar-310584/,94999.0,74999.0,1,True
FRA-hidrolavadora-karcher-1300w-k-compacta-2,Fravega,OTRAS,Herramientas,Hidrolavadora Karcher 1300w K Compacta 220v Alta Presión Autostop,https://www.fravega.com/p/hidrolavadora-karcher-1300w-k-compacta-220v-alta-presion-autostop-311113/,199999.0,139999.0,1,True
FRA-amoladora-angular-black--decker-g720n-ar,Fravega,OTRAS,Herramientas,Amoladora Angular Black & Decker G720N-AR,https://www.fravega.com/p/amoladora-angular-black--decker-g720n-ar-310339/,89999.0,67999.0,1,True
FRA-hidrolavadora-philco-pro-1400w-110bar-co,Fravega,PHILCO,Herramientas,Hidrolavadora Philco Pro 1400w 110bar con Autostop,https://www.fravega.com/p/hidrolavadora-philco-pro-1400w-110bar-con-autostop-311251/,149999.0,99999.0,1,True
FRA-hidrolavadora-daewoo-dax65-100-1600w-100,Fravega,OTRAS,Herramientas,Hidrolavadora Daewoo DAX65-100 1600W 100 bar con Autostop,https://www.fravega.com/p/hidrolavadora-daewoo-dax65-100-1600w-100-bar-con-autostop-310342/,219999.0,161599.0,1,True
FRA-carro-porta-herramientas-4-1-admiral-con,Fravega,OTRAS,Herramientas,Carro Porta Herramientas 4 en 1 Admiral con Ganchos Metálicos,https://www.fravega.com/p/carro-porta-herramientas-4-1-admiral-con-ganchos-metalicos-311315/,149999.0,99999.0,1,True
FRA-lijadora-orbital-black--decker-bs200-ar-,Fravega,OTRAS,Herramientas,Lijadora Orbital Black & Decker BS200-AR,https://www.fravega.com/p/lijadora-orbital-black--decker-bs200-ar-310392/,69999.0,60599.0,1,True
FRA-hidrolavadora-admiral-1400w-110-bar-con-,Fravega,OTRAS,Herramientas,Hidrolavadora Admiral 1400w 110 Bar con Autostop + Accesorios Alta Presión,https://www.fravega.com/p/hidrolavadora-admiral-1400w-110-bar-con-autostop-accesorios-alta-presion-311358/,149999.0,99999.0,1,True
FRA-amoladora-angular-bosch-gws-700-710-watt,Fravega,BOSCH,Herramientas,Amoladora angular Bosch GWS 700 710 Watts + 5 Discos,https://www.fravega.com/p/amoladora-angular-bosch-gws-700-710-watts-5-discos-311437/,99999.0,80799.0,1,True
FRA-hidrolavadora-daewoo-inalambrica-dax65-l,Fravega,OTRAS,Herramientas,Hidrolavadora Daewoo Inalámbrica DAX65-LI Pistola Portátil c/ Maletín y 2 Baterías,https://www.fravega.com/p/hidrolavadora-daewoo-inalambrica-dax65-li-pistola-portatil-c-maletin-y-2-baterias-311107/,149999.0,99999.0,1,True
FRA-motosierra-explosicion-52cc-espada-50cm-,Fravega,LG,Herramientas,Motosierra Explosicion 52cc Espada 50cm 20 PuLG Motor 2.5hp,https://www.fravega.com/p/motosierra-explosicion-52cc-espada-50cm-20-pulg-motor-2-5hp-22808505/,210174.64,112759.0,1,True
FRA-taladro-percutor-black-and-decker-bed713,Fravega,OTRAS,Herramientas,Taladro Percutor Black and Decker BED713650,https://www.fravega.com/p/taladro-percutor-black-and-decker-bed713650-311186/,84999.0,65649.0,1,True
FRA-escalera-de-aluminio-4x4-articulada-16-e,Fravega,OTRAS,Herramientas,"Escalera de Aluminio 4x4 Articulada 16 Escalones Garden Life TE1700 Multipropósito 4,35 mts",https://www.fravega.com/p/escalera-de-aluminio-4x4-articulada-16-escalones-garden-life-te1700-multiproposito-4-35-mts-310862/,219999.0,181799.0,1,True
FRA-soldadora-inverter-lusqtoff-megairon100-,Fravega,OTRAS,Herramientas,Soldadora Inverter Lusqtoff Megairon100-8 Mascara Escuadras Magneticas Naranja/negro 220v 50hz,https://www.fravega.com/p/soldadora-inverter-lusqtoff-megairon100-8-mascara-escuadras-magneticas-naranja-negro-220v-50hz-22721052/,281680.0,144669.0,1,True
FRA-nivel-laser-verde-10-metros-tripode-pleg,Fravega,OTRAS,Herramientas,Nivel Laser Verde 10 Metros + Tripode Plegable Lusqtoff,https://www.fravega.com/p/nivel-laser-verde-10-metros-tripode-plegable-lusqtoff-22880691/,116460.4,62219.0,1,True
FRA-escalera-articulada-black-and-decker-4x5,Fravega,OTRAS,Herramientas,Escalera Articulada Black And Decker 4x5 20 Escalones,https://www.fravega.com/p/escalera-articulada-black-and-decker-4x5-20-escalones--22605134/,340578.26,245216.35,1,True
FRA-combo-argus-inodoro-largo-deposito-tapa-,Fravega,OTRAS,Herramientas,Combo Argus Inodoro Largo + Depósito + Tapa Asiento Caída amortiguada + Bidet 1 agujero sin transferencia,https://www.fravega.com/p/combo-argus-inodoro-largo-deposito-tapa-asiento-caida-amortiguada-bidet-1-agujero-sin-transferencia-22478768/,1335000.0,795000.0,1,True
FRA-inodoro-inteligente-triton-total-white-2,Fravega,OTRAS,Herramientas,Inodoro Inteligente Triton Total White,https://www.fravega.com/p/inodoro-inteligente-triton-total-white-22143681/,1669000.0,1379338.84,1,True
FRA-griferia-eurogrif-monocomando-cocina-roc,Fravega,OTRAS,Herramientas,Griferia Eurogrif Monocomando Cocina Rociador Flexible Gourmet,https://www.fravega.com/p/griferia-eurogrif-monocomando-cocina-rociador-flexible-gourmet-311354/,59999.0,49999.0,1,True
FRA-revestimiento-autoadhesivo-rollo-vinilic,Fravega,OTRAS,Herramientas,Revestimiento Autoadhesivo Rollo Vinílico Símil Mármol 60x300cm BEIGE,https://www.fravega.com/p/revestimiento-autoadhesivo-rollo-vinilico-simil-marmol-60x300cm-beige-22864423/,67688.0,18999.0,1,True
FRA-kit-de-herramientas-daewoo-set-108-pzs-d,Fravega,OTRAS,Herramientas,Kit de Herramientas Daewoo Set 108 Pzs DWS108B Llaves Tubo Criquet,https://www.fravega.com/p/kit-de-herramientas-daewoo-set-108-pzs-dws108b-llaves-tubo-criquet-311001/,124999.0,99999.0,1,True
FRA-inodoro-largo-deposito-tapa-con-caida-am,Fravega,OTRAS,Herramientas,Inodoro Largo + Depósito + Tapa con caída Amortiguada Argus Krumm,https://www.fravega.com/p/inodoro-largo-deposito-tapa-con-caida-amortiguada-argus-krumm--22478934/,735000.0,475999.0,1,True
FRA-set-de-herramientas-manuales-black--deck,Fravega,OTRAS,Herramientas,Set de Herramientas Manuales Black & Decker 152 Pzs BMT152C-AR,https://www.fravega.com/p/set-de-herramientas-manuales-black--decker-152-pzs-bmt152c-ar-311101/,99999.0,80799.0,1,True
FRA-caja-de-piso-vinilico-autoadhesivo-teka-,Fravega,OTRAS,Herramientas,Caja De Piso Vinílico Autoadhesivo Teka Pvc 2mm Espesor Rinde 5m2,https://www.fravega.com/p/caja-de-piso-vinilico-autoadhesivo-teka-pvc-2mm-espesor-rinde-5m2-22900989/,85098.52,78000.0,1,True
FRA-cortadora-de-ceramica-porcelanato-80cm-e,Fravega,OTRAS,Herramientas,Cortadora De Ceramica Porcelanato 80cm + Escuadra Omaha,https://www.fravega.com/p/cortadora-de-ceramica-porcelanato-80cm-escuadra-omaha-22833087/,299460.0,158289.0,1,True
FRA-rotomartillo-stanley-sthr1232k-ar-311124,Fravega,OTRAS,Herramientas,Rotomartillo Stanley STHR1232K-AR,https://www.fravega.com/p/rotomartillo-stanley-sthr1232k-ar-311124/,399999.0,299999.0,1,True
FRA-griferia-de-cocina-monocomando-phoenix-c,Fravega,OTRAS,Herramientas,Grifería de Cocina Monocomando Phoenix Cromo Krumm,https://www.fravega.com/p/griferia-de-cocina-monocomando-phoenix-cromo-krumm--22497587/,305999.0,219999.0,1,True
FRA-pistola-de-pintura-daewoo-hvlp-600ml-dw9,Fravega,OTRAS,Herramientas,Pistola de Pintura Daewoo HVLP 600ml DW9U,https://www.fravega.com/p/pistola-de-pintura-daewoo-hvlp-600ml-dw9u-310771/,69999.0,39999.0,1,True
FRA-piso-vinilico-spc-alarce-6mm-0-5-por-caj,Fravega,OTRAS,Herramientas,Piso Vinilico SPC Alarce 6mm 0.5 por caja 1.7336m2,https://www.fravega.com/p/piso-vinilico-spc-alarce-6mm-0-5-por-caja-1-7336m2-990186061/,89249.0,71399.0,1,True
FRA-set-herramientas-manuales-black--decker-,Fravega,OTRAS,Herramientas,Set Herramientas Manuales Black & Decker 152 Pzs BMT152C-AR,https://www.fravega.com/p/set-herramientas-manuales-black--decker-152-pzs-bmt152c-ar-310584/,94999.0,74999.0,1,True
FRA-hidrolavadora-karcher-1300w-k-compacta-2,Fravega,OTRAS,Herramientas,Hidrolavadora Karcher 1300w K Compacta 220v Alta Presión Autostop,https://www.fravega.com/p/hidrolavadora-karcher-1300w-k-compacta-220v-alta-presion-autostop-311113/,199999.0,139999.0,1,True
FRA-amoladora-angular-black--decker-g720n-ar,Fravega,OTRAS,Herramientas,Amoladora Angular Black & Decker G720N-AR,https://www.fravega.com/p/amoladora-angular-black--decker-g720n-ar-310339/,89999.0,67999.0,1,True
FRA-hidrolavadora-philco-pro-1400w-110bar-co,Fravega,PHILCO,Herramientas,Hidrolavadora Philco Pro 1400w 110bar con Autostop,https://www.fravega.com/p/hidrolavadora-philco-pro-1400w-110bar-con-autostop-311251/,149999.0,99999.0,1,True
FRA-hidrolavadora-daewoo-dax65-100-1600w-100,Fravega,OTRAS,Herramientas,Hidrolavadora Daewoo DAX65-100 1600W 100 bar con Autostop,https://www.fravega.com/p/hidrolavadora-daewoo-dax65-100-1600w-100-bar-con-autostop-310342/,219999.0,161599.0,1,True
FRA-carro-porta-herramientas-4-1-admiral-con,Fravega,OTRAS,Herramientas,Carro Porta Herramientas 4 en 1 Admiral con Ganchos Metálicos,https://www.fravega.com/p/carro-porta-herramientas-4-1-admiral-con-ganchos-metalicos-311315/,149999.0,99999.0,1,True
FRA-lijadora-orbital-black--decker-bs200-ar-,Fravega,OTRAS,Herramientas,Lijadora Orbital Black & Decker BS200-AR,https://www.fravega.com/p/lijadora-orbital-black--decker-bs200-ar-310392/,69999.0,60599.0,1,True
FRA-hidrolavadora-admiral-1400w-110-bar-con-,Fravega,OTRAS,Herramientas,Hidrolavadora Admiral 1400w 110 Bar con Autostop + Accesorios Alta Presión,https://www.fravega.com/p/hidrolavadora-admiral-1400w-110-bar-con-autostop-accesorios-alta-presion-311358/,149999.0,99999.0,1,True
FRA-amoladora-angular-bosch-gws-700-710-watt,Fravega,BOSCH,Herramientas,Amoladora angular Bosch GWS 700 710 Watts + 5 Discos,https://www.fravega.com/p/amoladora-angular-bosch-gws-700-710-watts-5-discos-311437/,99999.0,80799.0,1,True
FRA-hidrolavadora-daewoo-inalambrica-dax65-l,Fravega,OTRAS,Herramientas,Hidrolavadora Daewoo Inalámbrica DAX65-LI Pistola Portátil c/ Maletín y 2 Baterías,https://www.fravega.com/p/hidrolavadora-daewoo-inalambrica-dax65-li-pistola-portatil-c-maletin-y-2-baterias-311107/,149999.0,99999.0,1,True
FRA-motosierra-explosicion-52cc-espada-50cm-,Fravega,LG,Herramientas,Motosierra Explosicion 52cc Espada 50cm 20 PuLG Motor 2.5hp,https://www.fravega.com/p/motosierra-explosicion-52cc-espada-50cm-20-pulg-motor-2-5hp-22808505/,210174.64,112759.0,1,True
FRA-taladro-percutor-black-and-decker-bed713,Fravega,OTRAS,Herramientas,Taladro Percutor Black and Decker BED713650,https://www.fravega.com/p/taladro-percutor-black-and-decker-bed713650-311186/,84999.0,65649.0,1,True
FRA-escalera-de-aluminio-4x4-articulada-16-e,Fravega,OTRAS,Herramientas,"Escalera de Aluminio 4x4 Articulada 16 Escalones Garden Life TE1700 Multipropósito 4,35 mts",https://www.fravega.com/p/escalera-de-aluminio-4x4-articulada-16-escalones-garden-life-te1700-multiproposito-4-35-mts-310862/,219999.0,181799.0,1,True
FRA-soldadora-inverter-lusqtoff-megairon100-,Fravega,OTRAS,Herramientas,Soldadora Inverter Lusqtoff Megairon100-8 Mascara Escuadras Magneticas Naranja/negro 220v 50hz,https://www.fravega.com/p/soldadora-inverter-lusqtoff-megairon100-8-mascara-escuadras-magneticas-naranja-negro-220v-50hz-22721052/,281680.0,144669.0,1,True
FRA-nivel-laser-verde-10-metros-tripode-pleg,Fravega,OTRAS,Herramientas,Nivel Laser Verde 10 Metros + Tripode Plegable Lusqtoff,https://www.fravega.com/p/nivel-laser-verde-10-metros-tripode-plegable-lusqtoff-22880691/,116460.4,62219.0,1,True
FRA-escalera-articulada-black-and-decker-4x5,Fravega,OTRAS,Herramientas,Escalera Articulada Black And Decker 4x5 20 Escalones,https://www.fravega.com/p/escalera-articulada-black-and-decker-4x5-20-escalones--22605134/,340578.26,245216.35,1,True
FRA-combo-argus-inodoro-largo-deposito-tapa-,Fravega,OTRAS,Herramientas,Combo Argus Inodoro Largo + Depósito + Tapa Asiento Caída amortiguada + Bidet 1 agujero sin transferencia,https://www.fravega.com/p/combo-argus-inodoro-largo-deposito-tapa-asiento-caida-amortiguada-bidet-1-agujero-sin-transferencia-22478768/,1335000.0,795000.0,1,True
FRA-inodoro-inteligente-triton-total-white-2,Fravega,OTRAS,Herramientas,Inodoro Inteligente Triton Total White,https://www.fravega.com/p/inodoro-inteligente-triton-total-white-22143681/,1669000.0,1379338.84,1,True
FRA-griferia-eurogrif-monocomando-cocina-roc,Fravega,OTRAS,Herramientas,Griferia Eurogrif Monocomando Cocina Rociador Flexible Gourmet,https://www.fravega.com/p/griferia-eurogrif-monocomando-cocina-rociador-flexible-gourmet-311354/,59999.0,49999.0,1,True
FRA-revestimiento-autoadhesivo-rollo-vinilic,Fravega,OTRAS,Herramientas,Revestimiento Autoadhesivo Rollo Vinílico Símil Mármol 60x300cm BEIGE,https://www.fravega.com/p/revestimiento-autoadhesivo-rollo-vinilico-simil-marmol-60x300cm-beige-22864423/,67688.0,18999.0,1,True
FRA-kit-de-herramientas-daewoo-set-108-pzs-d,Fravega,OTRAS,Herramientas,Kit de Herramientas Daewoo Set 108 Pzs DWS108B Llaves Tubo Criquet,https://www.fravega.com/p/kit-de-herramientas-daewoo-set-108-pzs-dws108b-llaves-tubo-criquet-311001/,124999.0,99999.0,1,True
FRA-inodoro-largo-deposito-tapa-con-caida-am,Fravega,OTRAS,Herramientas,Inodoro Largo + Depósito + Tapa con caída Amortiguada Argus Krumm,https://www.fravega.com/p/inodoro-largo-deposito-tapa-con-caida-amortiguada-argus-krumm--22478934/,735000.0,475999.0,1,True
FRA-set-de-herramientas-manuales-black--deck,Fravega,OTRAS,Herramientas,Set de Herramientas Manuales Black & Decker 152 Pzs BMT152C-AR,https://www.fravega.com/p/set-de-herramientas-manuales-black--decker-152-pzs-bmt152c-ar-311101/,99999.0,80799.0,1,True
FRA-caja-de-piso-vinilico-autoadhesivo-teka-,Fravega,OTRAS,Herramientas,Caja De Piso Vinílico Autoadhesivo Teka Pvc 2mm Espesor Rinde 5m2,https://www.fravega.com/p/caja-de-piso-vinilico-autoadhesivo-teka-pvc-2mm-espesor-rinde-5m2-22900989/,85098.52,78000.0,1,True
FRA-cortadora-de-ceramica-porcelanato-80cm-e,Fravega,OTRAS,Herramientas,Cortadora De Ceramica Porcelanato 80cm + Escuadra Omaha,https://www.fravega.com/p/cortadora-de-ceramica-porcelanato-80cm-escuadra-omaha-22833087/,299460.0,158289.0,1,True
FRA-rotomartillo-stanley-sthr1232k-ar-311124,Fravega,OTRAS,Herramientas,Rotomartillo Stanley STHR1232K-AR,https://www.fravega.com/p/rotomartillo-stanley-sthr1232k-ar-311124/,399999.0,299999.0,1,True
FRA-griferia-de-cocina-monocomando-phoenix-c,Fravega,OTRAS,Herramientas,Grifería de Cocina Monocomando Phoenix Cromo Krumm,https://www.fravega.com/p/griferia-de-cocina-monocomando-phoenix-cromo-krumm--22497587/,305999.0,219999.0,1,True
FRA-pistola-de-pintura-daewoo-hvlp-600ml-dw9,Fravega,OTRAS,Herramientas,Pistola de Pintura Daewoo HVLP 600ml DW9U,https://www.fravega.com/p/pistola-de-pintura-daewoo-hvlp-600ml-dw9u-310771/,69999.0,39999.0,1,True
FRA-piso-vinilico-spc-alarce-6mm-0-5-por-caj,Fravega,OTRAS,Herramientas,Piso Vinilico SPC Alarce 6mm 0.5 por caja 1.7336m2,https://www.fravega.com/p/piso-vinilico-spc-alarce-6mm-0-5-por-caja-1-7336m2-990186061/,89249.0,71399.0,1,True
FRA-set-herramientas-manuales-black--decker-,Fravega,OTRAS,Herramientas,Set Herramientas Manuales Black & Decker 152 Pzs BMT152C-AR,https://www.fravega.com/p/set-herramientas-manuales-black--decker-152-pzs-bmt152c-ar-310584/,94999.0,74999.0,1,True
FRA-hidrolavadora-karcher-1300w-k-compacta-2,Fravega,OTRAS,Herramientas,Hidrolavadora Karcher 1300w K Compacta 220v Alta Presión Autostop,https://www.fravega.com/p/hidrolavadora-karcher-1300w-k-compacta-220v-alta-presion-autostop-311113/,199999.0,139999.0,1,True
FRA-amoladora-angular-black--decker-g720n-ar,Fravega,OTRAS,Herramientas,Amoladora Angular Black & Decker G720N-AR,https://www.fravega.com/p/amoladora-angular-black--decker-g720n-ar-310339/,89999.0,67999.0,1,True
FRA-hidrolavadora-philco-pro-1400w-110bar-co,Fravega,PHILCO,Herramientas,Hidrolavadora Philco Pro 1400w 110bar con Autostop,https://www.fravega.com/p/hidrolavadora-philco-pro-1400w-110bar-con-autostop-311251/,149999.0,99999.0,1,True
FRA-hidrolavadora-daewoo-dax65-100-1600w-100,Fravega,OTRAS,Herramientas,Hidrolavadora Daewoo DAX65-100 1600W 100 bar con Autostop,https://www.fravega.com/p/hidrolavadora-daewoo-dax65-100-1600w-100-bar-con-autostop-310342/,219999.0,161599.0,1,True
FRA-carro-porta-herramientas-4-1-admiral-con,Fravega,OTRAS,Herramientas,Carro Porta Herramientas 4 en 1 Admiral con Ganchos Metálicos,https://www.fravega.com/p/carro-porta-herramientas-4-1-admiral-con-ganchos-metalicos-311315/,149999.0,99999.0,1,True
FRA-lijadora-orbital-black--decker-bs200-ar-,Fravega,OTRAS,Herramientas,Lijadora Orbital Black & Decker BS200-AR,https://www.fravega.com/p/lijadora-orbital-black--decker-bs200-ar-310392/,69999.0,60599.0,1,True
FRA-hidrolavadora-admiral-1400w-110-bar-con-,Fravega,OTRAS,Herramientas,Hidrolavadora Admiral 1400w 110 Bar con Autostop + Accesorios Alta Presión,https://www.fravega.com/p/hidrolavadora-admiral-1400w-110-bar-con-autostop-accesorios-alta-presion-311358/,149999.0,99999.0,1,True
FRA-amoladora-angular-bosch-gws-700-710-watt,Fravega,BOSCH,Herramientas,Amoladora angular Bosch GWS 700 710 Watts + 5 Discos,https://www.fravega.com/p/amoladora-angular-bosch-gws-700-710-watts-5-discos-311437/,99999.0,80799.0,1,True
FRA-hidrolavadora-daewoo-inalambrica-dax65-l,Fravega,OTRAS,Herramientas,Hidrolavadora Daewoo Inalámbrica DAX65-LI Pistola Portátil c/ Maletín y 2 Baterías,https://www.fravega.com/p/hidrolavadora-daewoo-inalambrica-dax65-li-pistola-portatil-c-maletin-y-2-baterias-311107/,149999.0,99999.0,1,True
FRA-motosierra-explosicion-52cc-espada-50cm-,Fravega,LG,Herramientas,Motosierra Explosicion 52cc Espada 50cm 20 PuLG Motor 2.5hp,https://www.fravega.com/p/motosierra-explosicion-52cc-espada-50cm-20-pulg-motor-2-5hp-22808505/,210174.64,112759.0,1,True
FRA-taladro-percutor-black-and-decker-bed713,Fravega,OTRAS,Herramientas,Taladro Percutor Black and Decker BED713650,https://www.fravega.com/p/taladro-percutor-black-and-decker-bed713650-311186/,84999.0,65649.0,1,True
FRA-escalera-de-aluminio-4x4-articulada-16-e,Fravega,OTRAS,Herramientas,"Escalera de Aluminio 4x4 Articulada 16 Escalones Garden Life TE1700 Multipropósito 4,35 mts",https://www.fravega.com/p/escalera-de-aluminio-4x4-articulada-16-escalones-garden-life-te1700-multiproposito-4-35-mts-310862/,219999.0,181799.0,1,True
FRA-soldadora-inverter-lusqtoff-megairon100-,Fravega,OTRAS,Herramientas,Soldadora Inverter Lusqtoff Megairon100-8 Mascara Escuadras Magneticas Naranja/negro 220v 50hz,https://www.fravega.com/p/soldadora-inverter-lusqtoff-megairon100-8-mascara-escuadras-magneticas-naranja-negro-220v-50hz-22721052/,281680.0,144669.0,1,True
FRA-nivel-laser-verde-10-metros-tripode-pleg,Fravega,OTRAS,Herramientas,Nivel Laser Verde 10 Metros + Tripode Plegable Lusqtoff,https://www.fravega.com/p/nivel-laser-verde-10-metros-tripode-plegable-lusqtoff-22880691/,116460.4,62219.0,1,True
FRA-escalera-articulada-black-and-decker-4x5,Fravega,OTRAS,Herramientas,Escalera Articulada Black And Decker 4x5 20 Escalones,https://www.fravega.com/p/escalera-articulada-black-and-decker-4x5-20-escalones--22605134/,340578.26,245216.35,1,True
FRA-combo-argus-inodoro-largo-deposito-tapa-,Fravega,OTRAS,Herramientas,Combo Argus Inodoro Largo + Depósito + Tapa Asiento Caída amortiguada + Bidet 1 agujero sin transferencia,https://www.fravega.com/p/combo-argus-inodoro-largo-deposito-tapa-asiento-caida-amortiguada-bidet-1-agujero-sin-transferencia-22478768/,1335000.0,795000.0,1,True
FRA-inodoro-inteligente-triton-total-white-2,Fravega,OTRAS,Herramientas,Inodoro Inteligente Triton Total White,https://www.fravega.com/p/inodoro-inteligente-triton-total-white-22143681/,1669000.0,1379338.84,1,True
FRA-griferia-eurogrif-monocomando-cocina-roc,Fravega,OTRAS,Herramientas,Griferia Eurogrif Monocomando Cocina Rociador Flexible Gourmet,https://www.fravega.com/p/griferia-eurogrif-monocomando-cocina-rociador-flexible-gourmet-311354/,59999.0,49999.0,1,True
FRA-revestimiento-autoadhesivo-rollo-vinilic,Fravega,OTRAS,Herramientas,Revestimiento Autoadhesivo Rollo Vinílico Símil Mármol 60x300cm BEIGE,https://www.fravega.com/p/revestimiento-autoadhesivo-rollo-vinilico-simil-marmol-60x300cm-beige-22864423/,67688.0,18999.0,1,True
FRA-kit-de-herramientas-daewoo-set-108-pzs-d,Fravega,OTRAS,Herramientas,Kit de Herramientas Daewoo Set 108 Pzs DWS108B Llaves Tubo Criquet,https://www.fravega.com/p/kit-de-herramientas-daewoo-set-108-pzs-dws108b-llaves-tubo-criquet-311001/,124999.0,99999.0,1,True
FRA-inodoro-largo-deposito-tapa-con-caida-am,Fravega,OTRAS,Herramientas,Inodoro Largo + Depósito + Tapa con caída Amortiguada Argus Krumm,https://www.fravega.com/p/inodoro-largo-deposito-tapa-con-caida-amortiguada-argus-krumm--22478934/,735000.0,475999.0,1,True
FRA-set-de-herramientas-manuales-black--deck,Fravega,OTRAS,Herramientas,Set de Herramientas Manuales Black & Decker 152 Pzs BMT152C-AR,https://www.fravega.com/p/set-de-herramientas-manuales-black--decker-152-pzs-bmt152c-ar-311101/,99999.0,80799.0,1,True
FRA-caja-de-piso-vinilico-autoadhesivo-teka-,Fravega,OTRAS,Herramientas,Caja De Piso Vinílico Autoadhesivo Teka Pvc 2mm Espesor Rinde 5m2,https://www.fravega.com/p/caja-de-piso-vinilico-autoadhesivo-teka-pvc-2mm-espesor-rinde-5m2-22900989/,85098.52,78000.0,1,True
FRA-cortadora-de-ceramica-porcelanato-80cm-e,Fravega,OTRAS,Herramientas,Cortadora De Ceramica Porcelanato 80cm + Escuadra Omaha,https://www.fravega.com/p/cortadora-de-ceramica-porcelanato-80cm-escuadra-omaha-22833087/,299460.0,158289.0,1,True
FRA-rotomartillo-stanley-sthr1232k-ar-311124,Fravega,OTRAS,Herramientas,Rotomartillo Stanley STHR1232K-AR,https://www.fravega.com/p/rotomartillo-stanley-sthr1232k-ar-311124/,399999.0,299999.0,1,True
FRA-griferia-de-cocina-monocomando-phoenix-c,Fravega,OTRAS,Herramientas,Grifería de Cocina Monocomando Phoenix Cromo Krumm,https://www.fravega.com/p/griferia-de-cocina-monocomando-phoenix-cromo-krumm--22497587/,305999.0,219999.0,1,True
FRA-pistola-de-pintura-daewoo-hvlp-600ml-dw9,Fravega,OTRAS,Herramientas,Pistola de Pintura Daewoo HVLP 600ml DW9U,https://www.fravega.com/p/pistola-de-pintura-daewoo-hvlp-600ml-dw9u-310771/,69999.0,39999.0,1,True
FRA-piso-vinilico-spc-alarce-6mm-0-5-por-caj,Fravega,OTRAS,Herramientas,Piso Vinilico SPC Alarce 6mm 0.5 por caja 1.7336m2,https://www.fravega.com/p/piso-vinilico-spc-alarce-6mm-0-5-por-caja-1-7336m2-990186061/,89249.0,71399.0,1,True
FRA-set-herramientas-manuales-black--decker-,Fravega,OTRAS,Herramientas,Set Herramientas Manuales Black & Decker 152 Pzs BMT152C-AR,https://www.fravega.com/p/set-herramientas-manuales-black--decker-152-pzs-bmt152c-ar-310584/,94999.0,74999.0,1,True
FRA-hidrolavadora-karcher-1300w-k-compacta-2,Fravega,OTRAS,Herramientas,Hidrolavadora Karcher 1300w K Compacta 220v Alta Presión Autostop,https://www.fravega.com/p/hidrolavadora-karcher-1300w-k-compacta-220v-alta-presion-autostop-311113/,199999.0,139999.0,1,True
FRA-amoladora-angular-black--decker-g720n-ar,Fravega,OTRAS,Herramientas,Amoladora Angular Black & Decker G720N-AR,https://www.fravega.com/p/amoladora-angular-black--decker-g720n-ar-310339/,89999.0,67999.0,1,True
FRA-hidrolavadora-philco-pro-1400w-110bar-co,Fravega,PHILCO,Herramientas,Hidrolavadora Philco Pro 1400w 110bar con Autostop,https://www.fravega.com/p/hidrolavadora-philco-pro-1400w-110bar-con-autostop-311251/,149999.0,99999.0,1,True
FRA-hidrolavadora-daewoo-dax65-100-1600w-100,Fravega,OTRAS,Herramientas,Hidrolavadora Daewoo DAX65-100 1600W 100 bar con Autostop,https://www.fravega.com/p/hidrolavadora-daewoo-dax65-100-1600w-100-bar-con-autostop-310342/,219999.0,161599.0,1,True
FRA-carro-porta-herramientas-4-1-admiral-con,Fravega,OTRAS,Herramientas,Carro Porta Herramientas 4 en 1 Admiral con Ganchos Metálicos,https://www.fravega.com/p/carro-porta-herramientas-4-1-admiral-con-ganchos-metalicos-311315/,149999.0,99999.0,1,True
FRA-lijadora-orbital-black--decker-bs200-ar-,Fravega,OTRAS,Herramientas,Lijadora Orbital Black & Decker BS200-AR,https://www.fravega.com/p/lijadora-orbital-black--decker-bs200-ar-310392/,69999.0,60599.0,1,True
FRA-hidrolavadora-admiral-1400w-110-bar-con-,Fravega,OTRAS,Herramientas,Hidrolavadora Admiral 1400w 110 Bar con Autostop + Accesorios Alta Presión,https://www.fravega.com/p/hidrolavadora-admiral-1400w-110-bar-con-autostop-accesorios-alta-presion-311358/,149999.0,99999.0,1,True
FRA-amoladora-angular-bosch-gws-700-710-watt,Fravega,BOSCH,Herramientas,Amoladora angular Bosch GWS 700 710 Watts + 5 Discos,https://www.fravega.com/p/amoladora-angular-bosch-gws-700-710-watts-5-discos-311437/,99999.0,80799.0,1,True
FRA-hidrolavadora-daewoo-inalambrica-dax65-l,Fravega,OTRAS,Herramientas,Hidrolavadora Daewoo Inalámbrica DAX65-LI Pistola Portátil c/ Maletín y 2 Baterías,https://www.fravega.com/p/hidrolavadora-daewoo-inalambrica-dax65-li-pistola-portatil-c-maletin-y-2-baterias-311107/,149999.0,99999.0,1,True
FRA-motosierra-explosicion-52cc-espada-50cm-,Fravega,LG,Herramientas,Motosierra Explosicion 52cc Espada 50cm 20 PuLG Motor 2.5hp,https://www.fravega.com/p/motosierra-explosicion-52cc-espada-50cm-20-pulg-motor-2-5hp-22808505/,210174.64,112759.0,1,True
FRA-taladro-percutor-black-and-decker-bed713,Fravega,OTRAS,Herramientas,Taladro Percutor Black and Decker BED713650,https://www.fravega.com/p/taladro-percutor-black-and-decker-bed713650-311186/,84999.0,65649.0,1,True
FRA-escalera-de-aluminio-4x4-articulada-16-e,Fravega,OTRAS,Herramientas,"Escalera de Aluminio 4x4 Articulada 16 Escalones Garden Life TE1700 Multipropósito 4,35 mts",https://www.fravega.com/p/escalera-de-aluminio-4x4-articulada-16-escalones-garden-life-te1700-multiproposito-4-35-mts-310862/,219999.0,181799.0,1,True
FRA-soldadora-inverter-lusqtoff-megairon100-,Fravega,OTRAS,Herramientas,Soldadora Inverter Lusqtoff Megairon100-8 Mascara Escuadras Magneticas Naranja/negro 220v 50hz,https://www.fravega.com/p/soldadora-inverter-lusqtoff-megairon100-8-mascara-escuadras-magneticas-naranja-negro-220v-50hz-22721052/,281680.0,144669.0,1,True
FRA-nivel-laser-verde-10-metros-tripode-pleg,Fravega,OTRAS,Herramientas,Nivel Laser Verde 10 Metros + Tripode Plegable Lusqtoff,https://www.fravega.com/p/nivel-laser-verde-10-metros-tripode-plegable-lusqtoff-22880691/,116460.4,62219.0,1,True
FRA-auriculares-inalambricos-motorola-buds-0,Fravega,MOTOROLA,Audio,Auriculares Inalámbricos Motorola Buds 065 Negro,https://www.fravega.com/p/auriculares-inalambricos-motorola-buds-065-negro-596464/,59999.0,49999.0,1,True
FRA-parlante-portatil-tcl-party-speaker-tp20,Fravega,TCL,Audio,Parlante Portátil TCL Party Speaker TP200K,https://www.fravega.com/p/parlante-portatil-tcl-party-speaker-tp200k-401655/,899999.0,569999.0,1,True
FRA-auriculares-sony-wi-c100-bz-negro-596231,Fravega,SONY,Audio,Auriculares Sony WI-C100/BZ Negro,https://www.fravega.com/p/auriculares-sony-wi-c100-bz-negro-596231/,69999.0,57850.41,1,True
FRA-parlante-soundcore-bt-boom-2--401585,Fravega,OTRAS,Audio,Parlante Soundcore BT Boom 2,https://www.fravega.com/p/parlante-soundcore-bt-boom-2--401585/,599999.0,299998.9,1,True
FRA-auriculares-inalambrico-inear-xiaomi-red,Fravega,XIAOMI,Audio,Auriculares Inalambrico Inear Xiaomi Redmi Buds 6 Play Negro - Negro,https://www.fravega.com/p/auriculares-inalambrico-inear-xiaomi-redmi-buds-6-play-negro-negro-22724644/,27319.0,23999.0,1,True
FRA-sistema-de-sonido-parlante-philco-tdp215,Fravega,PHILCO,Audio,Sistema de Sonido Parlante Philco TDP215,https://www.fravega.com/p/sistema-de-sonido-parlante-philco-tdp215-401698/,769999.0,649999.0,1,True
FRA-auriculares-bt-noblex-94hp350btw-white-5,Fravega,NOBLEX,Audio,Auriculares BT Noblex 94HP350BTW White,https://www.fravega.com/p/auriculares-bt-noblex-94hp350btw-white-596221/,55999.0,39999.0,1,True
FRA-parlante-portatil-panacom-sp-3044-401645,Fravega,OTRAS,Audio,Parlante Portátil Panacom SP-3044,https://www.fravega.com/p/parlante-portatil-panacom-sp-3044-401645/,89999.0,59999.0,1,True
FRA-auriculares-philips-tae2146bk-00-596766,Fravega,PHILIPS,Audio,Auriculares Philips TAE2146BK/00,https://www.fravega.com/p/auriculares-philips-tae2146bk-00-596766/,14999.0,12395.87,1,True
FRA-auriculares-ear-jbl-c50hi-cable-auxiliar,Fravega,OTRAS,Audio,Auriculares In-Ear JBL C50HI Cable Auxiliar 3.5mm Con Microfono,https://www.fravega.com/p/auriculares-ear-jbl-c50hi-cable-auxiliar-3-5mm-con-microfono-990285956/,10601.0,9540.9,1,True
FRA-auriculares-xiaomi-redmi-buds-6-play-blu,Fravega,XIAOMI,Audio,Auriculares Xiaomi Redmi Buds 6 Play Bluetooth 5.4 White,https://www.fravega.com/p/auriculares-xiaomi-redmi-buds-6-play-bluetooth-5-4-white-22624553/,37999.0,29999.0,1,True
FRA-auriculares-xiaomi-redmi-buds-6-play-blu,Fravega,XIAOMI,Audio,Auriculares Xiaomi Redmi Buds 6 Play Bluetooth 5.4 Rose,https://www.fravega.com/p/auriculares-xiaomi-redmi-buds-6-play-bluetooth-5-4-rose-22624555/,37999.0,29999.0,1,True
FRA-auriculares-sony-wf-c710n-bzuc-596812,Fravega,SONY,Audio,Auriculares Sony WF-C710N/BZUC,https://www.fravega.com/p/auriculares-sony-wf-c710n-bzuc-596812/,199999.0,165288.43,1,True
FRA-parlante-portatil-bluetooth-philco-djp11,Fravega,PHILCO,Audio,Parlante Portátil Bluetooth Philco DJP11,https://www.fravega.com/p/parlante-portatil-bluetooth-philco-djp11-401443/,83999.0,59999.0,1,True
FRA-parlante-philips-bt-tax400b-00-401533,Fravega,PHILIPS,Audio,Parlante Philips BT TAX400B/00,https://www.fravega.com/p/parlante-philips-bt-tax400b-00-401533/,649999.0,549999.0,1,True
FRA-auriculares-monster-xkt10-yellow-596350,Fravega,OTRAS,Audio,Auriculares Monster XKT10 Yellow,https://www.fravega.com/p/auriculares-monster-xkt10-yellow-596350/,67999.0,49999.0,1,True
FRA-auriculares-bluetooth-jbl-tune-buds-2-bl,Fravega,OTRAS,Audio,Auriculares Bluetooth JBL Tune Buds 2 Blancos,https://www.fravega.com/p/auriculares-bluetooth-jbl-tune-buds-2-blancos-596963/,199999.0,165288.43,1,True
FRA-torre-de-sonido-aiwa-aw-t381-7000-watts-,Fravega,OTRAS,Audio,Torre de Sonido Aiwa AW-T381 7000 Watts + Micrófono,https://www.fravega.com/p/torre-de-sonido-aiwa-aw-t381-7000-watts-microfono-401702/,199998.9,165288.35,1,True
FRA-auriculares-inalambricos-gamer-bluetooth,Fravega,LENOVO,Audio,Auriculares Inalambricos Gamer Bluetooth Lenovo Inear Negro,https://www.fravega.com/p/auriculares-inalambricos-gamer-bluetooth-lenovo-inear-negro-22809232/,20759.0,18529.0,1,True
FRA-auriculares-admiral-ad-f9-negro-596383,Fravega,OTRAS,Audio,Auriculares Admiral AD-F9 Negro,https://www.fravega.com/p/auriculares-admiral-ad-f9-negro-596383/,12999.0,7999.0,1,True
FRA-auriculares-admiral-ad-k6-negro-596363,Fravega,OTRAS,Audio,Auriculares Admiral AD-K6 Negro,https://www.fravega.com/p/auriculares-admiral-ad-k6-negro-596363/,12999.0,7999.0,1,True
FRA-auriculares-admiral-ad-m90-negro-596931,Fravega,OTRAS,Audio,Auriculares Admiral AD-M90 Negro,https://www.fravega.com/p/auriculares-admiral-ad-m90-negro-596931/,15999.0,8999.0,1,True
FRA-auricular-aiwa-twa-7b-blanco-595814,Fravega,OTRAS,Audio,Auricular Aiwa TWA-7B Blanco,https://www.fravega.com/p/auricular-aiwa-twa-7b-blanco-595814/,39999.0,12999.0,1,True
FRA-auricular-aiwa-twa-70n-negro-595753,Fravega,OTRAS,Audio,Auricular Aiwa TWA-70N Negro,https://www.fravega.com/p/auricular-aiwa-twa-70n-negro-595753/,39999.0,15999.0,1,True
FRA-parlante-portatil-jbl-go-4-red-402040,Fravega,OTRAS,Audio,Parlante Portátil JBL Go 4 Red,https://www.fravega.com/p/parlante-portatil-jbl-go-4-red-402040/,101999.0,69999.0,1,True
FRA-auriculares-xiaomi-redmi-buds-6-play-neg,Fravega,XIAOMI,Audio,Auriculares Xiaomi Redmi Buds 6 Play Negro,https://www.fravega.com/p/auriculares-xiaomi-redmi-buds-6-play-negro-596467/,37999.0,31404.13,1,True
FRA-auriculares-jbl-tune-520-blanco-596029,Fravega,OTRAS,Audio,Auriculares JBL TUNE 520 Blanco,https://www.fravega.com/p/auriculares-jbl-tune-520-blanco-596029/,108999.0,89999.0,1,True
FRA-parlante-portatil-bluetooth-jbl-go-essen,Fravega,OTRAS,Audio,Parlante Portátil Bluetooth JBL GO Essential Negro,https://www.fravega.com/p/parlante-portatil-bluetooth-jbl-go-essential-negro-401234/,71999.0,49999.0,1,True
FRA-parlante-portatil-philco-94sph609-401481,Fravega,PHILCO,Audio,Parlante Portátil Philco 94SPH609,https://www.fravega.com/p/parlante-portatil-philco-94sph609-401481/,63999.0,49999.0,1,True
FRA-auriculares-xiaomi-redmi-buds-6-play-blu,Fravega,XIAOMI,Audio,Auriculares Xiaomi Redmi Buds 6 Play Bluetooth 5.4 Black Negro,https://www.fravega.com/p/auriculares-xiaomi-redmi-buds-6-play-bluetooth-5-4-black-negro-22624554/,37999.0,29999.0,1,True
FRA-auriculares-inalambricos-motorola-buds-0,Fravega,MOTOROLA,Audio,Auriculares Inalámbricos Motorola Buds 065 Negro,https://www.fravega.com/p/auriculares-inalambricos-motorola-buds-065-negro-596464/,59999.0,49999.0,1,True
FRA-parlante-portatil-tcl-party-speaker-tp20,Fravega,TCL,Audio,Parlante Portátil TCL Party Speaker TP200K,https://www.fravega.com/p/parlante-portatil-tcl-party-speaker-tp200k-401655/,899999.0,569999.0,1,True
FRA-auriculares-sony-wi-c100-bz-negro-596231,Fravega,SONY,Audio,Auriculares Sony WI-C100/BZ Negro,https://www.fravega.com/p/auriculares-sony-wi-c100-bz-negro-596231/,69999.0,57850.41,1,True
FRA-parlante-soundcore-bt-boom-2--401585,Fravega,OTRAS,Audio,Parlante Soundcore BT Boom 2,https://www.fravega.com/p/parlante-soundcore-bt-boom-2--401585/,599999.0,299998.9,1,True
FRA-auriculares-inalambrico-inear-xiaomi-red,Fravega,XIAOMI,Audio,Auriculares Inalambrico Inear Xiaomi Redmi Buds 6 Play Negro - Negro,https://www.fravega.com/p/auriculares-inalambrico-inear-xiaomi-redmi-buds-6-play-negro-negro-22724644/,27319.0,23999.0,1,True
FRA-sistema-de-sonido-parlante-philco-tdp215,Fravega,PHILCO,Audio,Sistema de Sonido Parlante Philco TDP215,https://www.fravega.com/p/sistema-de-sonido-parlante-philco-tdp215-401698/,769999.0,649999.0,1,True
FRA-auriculares-bt-noblex-94hp350btw-white-5,Fravega,NOBLEX,Audio,Auriculares BT Noblex 94HP350BTW White,https://www.fravega.com/p/auriculares-bt-noblex-94hp350btw-white-596221/,55999.0,39999.0,1,True
FRA-parlante-portatil-panacom-sp-3044-401645,Fravega,OTRAS,Audio,Parlante Portátil Panacom SP-3044,https://www.fravega.com/p/parlante-portatil-panacom-sp-3044-401645/,89999.0,59999.0,1,True
FRA-auriculares-philips-tae2146bk-00-596766,Fravega,PHILIPS,Audio,Auriculares Philips TAE2146BK/00,https://www.fravega.com/p/auriculares-philips-tae2146bk-00-596766/,14999.0,12395.87,1,True
FRA-auriculares-ear-jbl-c50hi-cable-auxiliar,Fravega,OTRAS,Audio,Auriculares In-Ear JBL C50HI Cable Auxiliar 3.5mm Con Microfono,https://www.fravega.com/p/auriculares-ear-jbl-c50hi-cable-auxiliar-3-5mm-con-microfono-990285956/,10601.0,9540.9,1,True
FRA-auriculares-xiaomi-redmi-buds-6-play-blu,Fravega,XIAOMI,Audio,Auriculares Xiaomi Redmi Buds 6 Play Bluetooth 5.4 White,https://www.fravega.com/p/auriculares-xiaomi-redmi-buds-6-play-bluetooth-5-4-white-22624553/,37999.0,29999.0,1,True
FRA-auriculares-xiaomi-redmi-buds-6-play-blu,Fravega,XIAOMI,Audio,Auriculares Xiaomi Redmi Buds 6 Play Bluetooth 5.4 Rose,https://www.fravega.com/p/auriculares-xiaomi-redmi-buds-6-play-bluetooth-5-4-rose-22624555/,37999.0,29999.0,1,True
FRA-auriculares-sony-wf-c710n-bzuc-596812,Fravega,SONY,Audio,Auriculares Sony WF-C710N/BZUC,https://www.fravega.com/p/auriculares-sony-wf-c710n-bzuc-596812/,199999.0,165288.43,1,True
FRA-parlante-portatil-bluetooth-philco-djp11,Fravega,PHILCO,Audio,Parlante Portátil Bluetooth Philco DJP11,https://www.fravega.com/p/parlante-portatil-bluetooth-philco-djp11-401443/,83999.0,59999.0,1,True
FRA-parlante-philips-bt-tax400b-00-401533,Fravega,PHILIPS,Audio,Parlante Philips BT TAX400B/00,https://www.fravega.com/p/parlante-philips-bt-tax400b-00-401533/,649999.0,549999.0,1,True
FRA-auriculares-monster-xkt10-yellow-596350,Fravega,OTRAS,Audio,Auriculares Monster XKT10 Yellow,https://www.fravega.com/p/auriculares-monster-xkt10-yellow-596350/,67999.0,49999.0,1,True
FRA-auriculares-bluetooth-jbl-tune-buds-2-bl,Fravega,OTRAS,Audio,Auriculares Bluetooth JBL Tune Buds 2 Blancos,https://www.fravega.com/p/auriculares-bluetooth-jbl-tune-buds-2-blancos-596963/,199999.0,165288.43,1,True
FRA-torre-de-sonido-aiwa-aw-t381-7000-watts-,Fravega,OTRAS,Audio,Torre de Sonido Aiwa AW-T381 7000 Watts + Micrófono,https://www.fravega.com/p/torre-de-sonido-aiwa-aw-t381-7000-watts-microfono-401702/,199998.9,165288.35,1,True
FRA-auriculares-inalambricos-gamer-bluetooth,Fravega,LENOVO,Audio,Auriculares Inalambricos Gamer Bluetooth Lenovo Inear Negro,https://www.fravega.com/p/auriculares-inalambricos-gamer-bluetooth-lenovo-inear-negro-22809232/,20759.0,18529.0,1,True
FRA-auriculares-inalambricos-sony-wh-ch520-b,Fravega,SONY,Audio,Auriculares Inalámbricos Sony WH-CH520/BZ Negro,https://www.fravega.com/p/auriculares-inalambricos-sony-wh-ch520-bz-negro-596844/,109999.0,90908.26,1,True
FRA-auriculares-inalambricos-bluetooth-phili,Fravega,PHILIPS,Audio,Auriculares Inalámbricos Bluetooth Philips TAT1300BK,https://www.fravega.com/p/auriculares-inalambricos-bluetooth-philips-tat1300bk-597113/,49999.0,41321.49,1,True
FRA-auriculares-soundcore-space-one-negro--5,Fravega,OTRAS,Audio,Auriculares Soundcore Space One Negro,https://www.fravega.com/p/auriculares-soundcore-space-one-negro--596476/,399999.0,229999.0,1,True
FRA-auricular-jbl-tune-flex-tws-blanco-59605,Fravega,OTRAS,Audio,Auricular JBL Tune Flex TWS Blanco,https://www.fravega.com/p/auricular-jbl-tune-flex-tws-blanco-596055/,195999.0,149999.0,1,True
FRA-auriculares-jbl-quantum-100m2-negro-3425,Fravega,OTRAS,Audio,Auriculares JBL Quantum 100M2 Negro,https://www.fravega.com/p/auriculares-jbl-quantum-100m2-negro-342520/,89999.0,79999.0,1,True
FRA-auriculares-motorola-moto-buds-065-tofu-,Fravega,MOTOROLA,Audio,Auriculares Motorola Moto Buds 065 Tofu,https://www.fravega.com/p/auriculares-motorola-moto-buds-065-tofu-596314/,59999.0,39999.0,1,True
FRA-auriculares-ear-philips-taue100bk-00-595,Fravega,PHILIPS,Audio,Auriculares In Ear Philips TAUE100BK/00,https://www.fravega.com/p/auriculares-ear-philips-taue100bk-00-595378/,12539.0,9999.0,1,True
FRA-parlante-jbl-flip-7-negro-401562,Fravega,OTRAS,Audio,Parlante JBL Flip 7 Negro,https://www.fravega.com/p/parlante-jbl-flip-7-negro-401562/,329999.0,272726.45,1,True
FRA-auriculares-inalambricos-motorola-buds-0,Fravega,MOTOROLA,Audio,Auriculares Inalámbricos Motorola Buds 065 Negro,https://www.fravega.com/p/auriculares-inalambricos-motorola-buds-065-negro-596464/,59999.0,49999.0,1,True
FRA-parlante-portatil-tcl-party-speaker-tp20,Fravega,TCL,Audio,Parlante Portátil TCL Party Speaker TP200K,https://www.fravega.com/p/parlante-portatil-tcl-party-speaker-tp200k-401655/,899999.0,569999.0,1,True
FRA-auriculares-sony-wi-c100-bz-negro-596231,Fravega,SONY,Audio,Auriculares Sony WI-C100/BZ Negro,https://www.fravega.com/p/auriculares-sony-wi-c100-bz-negro-596231/,69999.0,57850.41,1,True
FRA-parlante-soundcore-bt-boom-2--401585,Fravega,OTRAS,Audio,Parlante Soundcore BT Boom 2,https://www.fravega.com/p/parlante-soundcore-bt-boom-2--401585/,599999.0,299998.9,1,True
FRA-auriculares-inalambrico-inear-xiaomi-red,Fravega,XIAOMI,Audio,Auriculares Inalambrico Inear Xiaomi Redmi Buds 6 Play Negro - Negro,https://www.fravega.com/p/auriculares-inalambrico-inear-xiaomi-redmi-buds-6-play-negro-negro-22724644/,27319.0,23999.0,1,True
FRA-sistema-de-sonido-parlante-philco-tdp215,Fravega,PHILCO,Audio,Sistema de Sonido Parlante Philco TDP215,https://www.fravega.com/p/sistema-de-sonido-parlante-philco-tdp215-401698/,769999.0,649999.0,1,True
FRA-auriculares-bt-noblex-94hp350btw-white-5,Fravega,NOBLEX,Audio,Auriculares BT Noblex 94HP350BTW White,https://www.fravega.com/p/auriculares-bt-noblex-94hp350btw-white-596221/,55999.0,39999.0,1,True
FRA-parlante-portatil-panacom-sp-3044-401645,Fravega,OTRAS,Audio,Parlante Portátil Panacom SP-3044,https://www.fravega.com/p/parlante-portatil-panacom-sp-3044-401645/,89999.0,59999.0,1,True
FRA-auriculares-philips-tae2146bk-00-596766,Fravega,PHILIPS,Audio,Auriculares Philips TAE2146BK/00,https://www.fravega.com/p/auriculares-philips-tae2146bk-00-596766/,14999.0,12395.87,1,True
FRA-auriculares-ear-jbl-c50hi-cable-auxiliar,Fravega,OTRAS,Audio,Auriculares In-Ear JBL C50HI Cable Auxiliar 3.5mm Con Microfono,https://www.fravega.com/p/auriculares-ear-jbl-c50hi-cable-auxiliar-3-5mm-con-microfono-990285956/,10601.0,9540.9,1,True
FRA-auriculares-xiaomi-redmi-buds-6-play-blu,Fravega,XIAOMI,Audio,Auriculares Xiaomi Redmi Buds 6 Play Bluetooth 5.4 White,https://www.fravega.com/p/auriculares-xiaomi-redmi-buds-6-play-bluetooth-5-4-white-22624553/,37999.0,29999.0,1,True
FRA-auriculares-xiaomi-redmi-buds-6-play-blu,Fravega,XIAOMI,Audio,Auriculares Xiaomi Redmi Buds 6 Play Bluetooth 5.4 Rose,https://www.fravega.com/p/auriculares-xiaomi-redmi-buds-6-play-bluetooth-5-4-rose-22624555/,37999.0,29999.0,1,True
FRA-auriculares-sony-wf-c710n-bzuc-596812,Fravega,SONY,Audio,Auriculares Sony WF-C710N/BZUC,https://www.fravega.com/p/auriculares-sony-wf-c710n-bzuc-596812/,199999.0,165288.43,1,True
FRA-parlante-portatil-bluetooth-philco-djp11,Fravega,PHILCO,Audio,Parlante Portátil Bluetooth Philco DJP11,https://www.fravega.com/p/parlante-portatil-bluetooth-philco-djp11-401443/,83999.0,59999.0,1,True
FRA-parlante-philips-bt-tax400b-00-401533,Fravega,PHILIPS,Audio,Parlante Philips BT TAX400B/00,https://www.fravega.com/p/parlante-philips-bt-tax400b-00-401533/,649999.0,549999.0,1,True
FRA-auriculares-monster-xkt10-yellow-596350,Fravega,OTRAS,Audio,Auriculares Monster XKT10 Yellow,https://www.fravega.com/p/auriculares-monster-xkt10-yellow-596350/,67999.0,49999.0,1,True
FRA-auriculares-bluetooth-jbl-tune-buds-2-bl,Fravega,OTRAS,Audio,Auriculares Bluetooth JBL Tune Buds 2 Blancos,https://www.fravega.com/p/auriculares-bluetooth-jbl-tune-buds-2-blancos-596963/,199999.0,165288.43,1,True
FRA-torre-de-sonido-aiwa-aw-t381-7000-watts-,Fravega,OTRAS,Audio,Torre de Sonido Aiwa AW-T381 7000 Watts + Micrófono,https://www.fravega.com/p/torre-de-sonido-aiwa-aw-t381-7000-watts-microfono-401702/,199998.9,165288.35,1,True
FRA-auriculares-inalambricos-gamer-bluetooth,Fravega,LENOVO,Audio,Auriculares Inalambricos Gamer Bluetooth Lenovo Inear Negro,https://www.fravega.com/p/auriculares-inalambricos-gamer-bluetooth-lenovo-inear-negro-22809232/,20759.0,18529.0,1,True
FRA-auriculares-ear-gamer-inalambricos-lenov,Fravega,LENOVO,Audio,Auriculares In-ear Gamer Inalambricos Lenovo Livepods Lp40 N Negro,https://www.fravega.com/p/auriculares-ear-gamer-inalambricos-lenovo-livepods-lp40-n-negro-22724640/,16909.0,15329.0,1,True
FRA-auriculares-inalambricos-tws-soundcore-b,Fravega,OTRAS,Audio,Auriculares Inalámbricos Tws Soundcore By Anker P25i Black Negro,https://www.fravega.com/p/auriculares-inalambricos-tws-soundcore-by-anker-p25i-black-negro-990283265/,43999.0,36362.81,1,True
FRA-parlante-portatil-bluetooth-jbl-charge-6,Fravega,OTRAS,Audio,Parlante Portátil Bluetooth JBL Charge 6 Black,https://www.fravega.com/p/parlante-portatil-bluetooth-jbl-charge-6-black-401736/,449999.0,371900.0,1,True
FRA-auriculares-philips-shl5005-00-negros--5,Fravega,PHILIPS,Audio,Auriculares Philips SHL5005/00 Negros,https://www.fravega.com/p/auriculares-philips-shl5005-00-negros--595022/,37779.0,31222.31,1,True
FRA-parlante-soundcore-rave-3s-200w-karaoke-,Fravega,OTRAS,Audio,Parlante Soundcore Rave 3S 200W Karaoke con Inteligencia Artificial + 2 Micrófonos Inalámbricos,https://www.fravega.com/p/parlante-soundcore-rave-3s-200w-karaoke-con-inteligencia-artificial-2-microfonos-inalambricos-401587/,1099999.0,799999.0,1,True
FRA-auriculares-monster-xkt10-green-596374,Fravega,OTRAS,Audio,Auriculares Monster XKT10 Green,https://www.fravega.com/p/auriculares-monster-xkt10-green-596374/,89999.0,59999.0,1,True
FRA-auriculares-inalambricos-sony-wf-c510-bz,Fravega,SONY,Audio,Auriculares Inalámbricos Sony WF-C510/BZ Negro,https://www.fravega.com/p/auriculares-inalambricos-sony-wf-c510-bz-negro-596855/,139999.0,115701.65,1,True
FRA-audifonos-inalambricos-xiaomi-redmi-buds,Fravega,XIAOMI,Audio,Audifonos Inalambricos Xiaomi Redmi Buds 6 Play Bt 5.4 Color Sky Blue,https://www.fravega.com/p/audifonos-inalambricos-xiaomi-redmi-buds-6-play-bt-5-4-color-sky-blue-22803217/,37999.0,29999.0,1,True
FRA-auriculares-ear-jbl-c50hi-cable-auxiliar,Fravega,OTRAS,Audio,Auriculares In-Ear JBL C50HI Cable Auxiliar Blanco,https://www.fravega.com/p/auriculares-ear-jbl-c50hi-cable-auxiliar-blanco-990285960/,10601.0,9540.9,1,True
FRA-auriculares-inalambricos-suono-bluetooth,Fravega,OTRAS,Audio,Auriculares Inalámbricos Suono Bluetooth ANC Almohadillas,https://www.fravega.com/p/auriculares-inalambricos-suono-bluetooth-anc-almohadillas-990262211/,44904.0,27499.0,1,True
FRA-parlante-portatil-bluetooth-jbl-go-essen,Fravega,OTRAS,Audio,Parlante Portátil Bluetooth JBL GO Essential Rojo,https://www.fravega.com/p/parlante-portatil-bluetooth-jbl-go-essential-rojo-401271/,71999.0,49999.0,1,True
FRA-auricular-inalambrico-bluetooth-vincha-n,Fravega,OTRAS,Audio,Auricular Inalámbrico Bluetooth Vincha Noga A915bt Negro,https://www.fravega.com/p/auricular-inalambrico-bluetooth-vincha-noga-a915bt-negro-22928018/,30000.0,19999.0,1,True
FRA-auriculares-motorola-by-bose-motobuds-pu,Fravega,MOTOROLA,Audio,Auriculares Motorola By Bose MotoBuds+ Pumice Stone,https://www.fravega.com/p/auriculares-motorola-by-bose-motobuds-pumice-stone--596132/,399999.0,209999.0,1,True
FRA-auriculares-motorola-motobuds-peach-pink,Fravega,MOTOROLA,Audio,Auriculares Motorola MotoBuds Peach Pink,https://www.fravega.com/p/auriculares-motorola-motobuds-peach-pink-596226/,199999.0,99999.0,1,True
FRA-auriculares-inalambricos-motorola-buds-0,Fravega,MOTOROLA,Audio,Auriculares Inalámbricos Motorola Buds 065 Negro,https://www.fravega.com/p/auriculares-inalambricos-motorola-buds-065-negro-596464/,59999.0,49999.0,1,True
FRA-parlante-portatil-tcl-party-speaker-tp20,Fravega,TCL,Audio,Parlante Portátil TCL Party Speaker TP200K,https://www.fravega.com/p/parlante-portatil-tcl-party-speaker-tp200k-401655/,899999.0,569999.0,1,True
FRA-auriculares-sony-wi-c100-bz-negro-596231,Fravega,SONY,Audio,Auriculares Sony WI-C100/BZ Negro,https://www.fravega.com/p/auriculares-sony-wi-c100-bz-negro-596231/,69999.0,57850.41,1,True
FRA-parlante-soundcore-bt-boom-2--401585,Fravega,OTRAS,Audio,Parlante Soundcore BT Boom 2,https://www.fravega.com/p/parlante-soundcore-bt-boom-2--401585/,599999.0,299998.9,1,True
FRA-auriculares-inalambrico-inear-xiaomi-red,Fravega,XIAOMI,Audio,Auriculares Inalambrico Inear Xiaomi Redmi Buds 6 Play Negro - Negro,https://www.fravega.com/p/auriculares-inalambrico-inear-xiaomi-redmi-buds-6-play-negro-negro-22724644/,27319.0,23999.0,1,True
FRA-sistema-de-sonido-parlante-philco-tdp215,Fravega,PHILCO,Audio,Sistema de Sonido Parlante Philco TDP215,https://www.fravega.com/p/sistema-de-sonido-parlante-philco-tdp215-401698/,769999.0,649999.0,1,True
FRA-auriculares-bt-noblex-94hp350btw-white-5,Fravega,NOBLEX,Audio,Auriculares BT Noblex 94HP350BTW White,https://www.fravega.com/p/auriculares-bt-noblex-94hp350btw-white-596221/,55999.0,39999.0,1,True
FRA-parlante-portatil-panacom-sp-3044-401645,Fravega,OTRAS,Audio,Parlante Portátil Panacom SP-3044,https://www.fravega.com/p/parlante-portatil-panacom-sp-3044-401645/,89999.0,59999.0,1,True
FRA-auriculares-philips-tae2146bk-00-596766,Fravega,PHILIPS,Audio,Auriculares Philips TAE2146BK/00,https://www.fravega.com/p/auriculares-philips-tae2146bk-00-596766/,14999.0,12395.87,1,True
FRA-auriculares-ear-jbl-c50hi-cable-auxiliar,Fravega,OTRAS,Audio,Auriculares In-Ear JBL C50HI Cable Auxiliar 3.5mm Con Microfono,https://www.fravega.com/p/auriculares-ear-jbl-c50hi-cable-auxiliar-3-5mm-con-microfono-990285956/,10601.0,9540.9,1,True
FRA-auriculares-xiaomi-redmi-buds-6-play-blu,Fravega,XIAOMI,Audio,Auriculares Xiaomi Redmi Buds 6 Play Bluetooth 5.4 White,https://www.fravega.com/p/auriculares-xiaomi-redmi-buds-6-play-bluetooth-5-4-white-22624553/,37999.0,29999.0,1,True
FRA-auriculares-xiaomi-redmi-buds-6-play-blu,Fravega,XIAOMI,Audio,Auriculares Xiaomi Redmi Buds 6 Play Bluetooth 5.4 Rose,https://www.fravega.com/p/auriculares-xiaomi-redmi-buds-6-play-bluetooth-5-4-rose-22624555/,37999.0,29999.0,1,True
FRA-auriculares-sony-wf-c710n-bzuc-596812,Fravega,SONY,Audio,Auriculares Sony WF-C710N/BZUC,https://www.fravega.com/p/auriculares-sony-wf-c710n-bzuc-596812/,199999.0,165288.43,1,True
FRA-parlante-portatil-bluetooth-philco-djp11,Fravega,PHILCO,Audio,Parlante Portátil Bluetooth Philco DJP11,https://www.fravega.com/p/parlante-portatil-bluetooth-philco-djp11-401443/,83999.0,59999.0,1,True
FRA-parlante-philips-bt-tax400b-00-401533,Fravega,PHILIPS,Audio,Parlante Philips BT TAX400B/00,https://www.fravega.com/p/parlante-philips-bt-tax400b-00-401533/,649999.0,549999.0,1,True
FRA-auriculares-monster-xkt10-yellow-596350,Fravega,OTRAS,Audio,Auriculares Monster XKT10 Yellow,https://www.fravega.com/p/auriculares-monster-xkt10-yellow-596350/,67999.0,49999.0,1,True
FRA-auriculares-bluetooth-jbl-tune-buds-2-bl,Fravega,OTRAS,Audio,Auriculares Bluetooth JBL Tune Buds 2 Blancos,https://www.fravega.com/p/auriculares-bluetooth-jbl-tune-buds-2-blancos-596963/,199999.0,165288.43,1,True
FRA-torre-de-sonido-aiwa-aw-t381-7000-watts-,Fravega,OTRAS,Audio,Torre de Sonido Aiwa AW-T381 7000 Watts + Micrófono,https://www.fravega.com/p/torre-de-sonido-aiwa-aw-t381-7000-watts-microfono-401702/,199998.9,165288.35,1,True
FRA-auriculares-inalambricos-gamer-bluetooth,Fravega,LENOVO,Audio,Auriculares Inalambricos Gamer Bluetooth Lenovo Inear Negro,https://www.fravega.com/p/auriculares-inalambricos-gamer-bluetooth-lenovo-inear-negro-22809232/,20759.0,18529.0,1,True
FRA-sistema-de-audio-philips-tax5309-77-4015,Fravega,PHILIPS,Audio,Sistema de Audio Philips TAX5309/77,https://www.fravega.com/p/sistema-de-audio-philips-tax5309-77-401521/,899999.0,329999.0,1,True
FRA-auriculares-bluetooth-jbl-tune-buds-2-ne,Fravega,OTRAS,Audio,Auriculares Bluetooth JBL Tune Buds 2 Negros,https://www.fravega.com/p/auriculares-bluetooth-jbl-tune-buds-2-negros-596991/,199999.0,165288.43,1,True
FRA-auriculares-vincha-noga-unicorn-manos-li,Fravega,OTRAS,Audio,Auriculares Vincha Noga Unicorn Manos Libres Celular Tablet Violeta,https://www.fravega.com/p/auriculares-vincha-noga-unicorn-manos-libres-celular-tablet-violeta-990152498/,21821.0,6999.0,1,True
FRA-parlante-jbl-flip-7-azul-401563,Fravega,OTRAS,Audio,Parlante JBL Flip 7 Azul,https://www.fravega.com/p/parlante-jbl-flip-7-azul-401563/,329999.0,272726.45,1,True
FRA-auriculares-inalambricos-sony-wh-ch520-c,Fravega,SONY,Audio,Auriculares Inalámbricos Sony WH-CH520/CZ Beige,https://www.fravega.com/p/auriculares-inalambricos-sony-wh-ch520-cz-beige-596833/,109999.0,90908.26,1,True
FRA-sistema-de-sonido-philco-tp12000-7800-wa,Fravega,PHILCO,Audio,Sistema de Sonido Philco TP12000 7800 Watts,https://www.fravega.com/p/sistema-de-sonido-philco-tp12000-7800-watts-401697/,369999.0,349999.0,1,True
FRA-torre-de-sonido-bluetooth-philips-tax570,Fravega,PHILIPS,Audio,Torre de Sonido Bluetooth Philips TAX5708/77,https://www.fravega.com/p/torre-de-sonido-bluetooth-philips-tax5708-77-401349/,1088449.0,999998.9,1,True
FRA-sistema-sonido-philco-94djp41-401509,Fravega,PHILCO,Audio,Sistema Sonido Philco 94DJP41,https://www.fravega.com/p/sistema-sonido-philco-94djp41-401509/,199999.0,129999.0,1,True
FRA-auriculares-jbl-quantum-100m2-blanco-342,Fravega,OTRAS,Audio,Auriculares JBL Quantum 100M2 Blanco,https://www.fravega.com/p/auriculares-jbl-quantum-100m2-blanco-342552/,89999.0,79999.0,1,True
FRA-sistema-de-audio-philips-tax5509-77-4015,Fravega,PHILIPS,Audio,Sistema de Audio Philips TAX5509/77,https://www.fravega.com/p/sistema-de-audio-philips-tax5509-77-401511/,861909.0,729999.0,1,True
FRA-sistema-de-sonido-parlante-noblex-sq208g,Fravega,NOBLEX,Audio,Sistema de Sonido Parlante Noblex SQ208G1,https://www.fravega.com/p/sistema-de-sonido-parlante-noblex-sq208g1-401695/,469999.0,399999.0,1,True
FRA-parlante-portatil-jbl-charge-5-negro-401,Fravega,OTRAS,Audio,Parlante Portatil JBL Charge 5 Negro,https://www.fravega.com/p/parlante-portatil-jbl-charge-5-negro-401879/,399999.0,349999.0,1,True
FRA-auriculares-vincha-plegable-telefunken-h,Fravega,OTRAS,Audio,Auriculares Vincha Plegable Telefunken H-300 Cable 1.2m Over Ear Negro,https://www.fravega.com/p/auriculares-vincha-plegable-telefunken-h-300-cable-1-2m-over-ear-negro-21194288/,25299.0,15179.0,1,True
FRA-auriculares-inalambricos-gadnic-vincha-b,Fravega,OTRAS,Audio,Auriculares Inalámbricos Gadnic Vincha Bluetooth 5.0,https://www.fravega.com/p/auriculares-inalambricos-gadnic-vincha-bluetooth-5-0-990160774/,47124.0,36249.0,1,True
FRA-microfono-inalambrico-corbatero-alta-cal,Fravega,OTRAS,Audio,Micrófono Inalámbrico Corbatero Alta Calidad de Sonido Waggs,https://www.fravega.com/p/microfono-inalambrico-corbatero-alta-calidad-de-sonido-waggs-22086887/,15386.0,12089.0,1,True
FRA-auriculares-inalambricos-motorola-buds-0,Fravega,MOTOROLA,Audio,Auriculares Inalámbricos Motorola Buds 065 Negro,https://www.fravega.com/p/auriculares-inalambricos-motorola-buds-065-negro-596464/,59999.0,49999.0,1,True
FRA-parlante-portatil-tcl-party-speaker-tp20,Fravega,TCL,Audio,Parlante Portátil TCL Party Speaker TP200K,https://www.fravega.com/p/parlante-portatil-tcl-party-speaker-tp200k-401655/,899999.0,569999.0,1,True
FRA-auriculares-sony-wi-c100-bz-negro-596231,Fravega,SONY,Audio,Auriculares Sony WI-C100/BZ Negro,https://www.fravega.com/p/auriculares-sony-wi-c100-bz-negro-596231/,69999.0,57850.41,1,True
FRA-parlante-soundcore-bt-boom-2--401585,Fravega,OTRAS,Audio,Parlante Soundcore BT Boom 2,https://www.fravega.com/p/parlante-soundcore-bt-boom-2--401585/,599999.0,299998.9,1,True
FRA-auriculares-inalambrico-inear-xiaomi-red,Fravega,XIAOMI,Audio,Auriculares Inalambrico Inear Xiaomi Redmi Buds 6 Play Negro - Negro,https://www.fravega.com/p/auriculares-inalambrico-inear-xiaomi-redmi-buds-6-play-negro-negro-22724644/,27319.0,23999.0,1,True
FRA-sistema-de-sonido-parlante-philco-tdp215,Fravega,PHILCO,Audio,Sistema de Sonido Parlante Philco TDP215,https://www.fravega.com/p/sistema-de-sonido-parlante-philco-tdp215-401698/,769999.0,649999.0,1,True
FRA-auriculares-bt-noblex-94hp350btw-white-5,Fravega,NOBLEX,Audio,Auriculares BT Noblex 94HP350BTW White,https://www.fravega.com/p/auriculares-bt-noblex-94hp350btw-white-596221/,55999.0,39999.0,1,True
FRA-parlante-portatil-panacom-sp-3044-401645,Fravega,OTRAS,Audio,Parlante Portátil Panacom SP-3044,https://www.fravega.com/p/parlante-portatil-panacom-sp-3044-401645/,89999.0,59999.0,1,True
FRA-auriculares-philips-tae2146bk-00-596766,Fravega,PHILIPS,Audio,Auriculares Philips TAE2146BK/00,https://www.fravega.com/p/auriculares-philips-tae2146bk-00-596766/,14999.0,12395.87,1,True
FRA-auriculares-ear-jbl-c50hi-cable-auxiliar,Fravega,OTRAS,Audio,Auriculares In-Ear JBL C50HI Cable Auxiliar 3.5mm Con Microfono,https://www.fravega.com/p/auriculares-ear-jbl-c50hi-cable-auxiliar-3-5mm-con-microfono-990285956/,10601.0,9540.9,1,True
FRA-auriculares-xiaomi-redmi-buds-6-play-blu,Fravega,XIAOMI,Audio,Auriculares Xiaomi Redmi Buds 6 Play Bluetooth 5.4 White,https://www.fravega.com/p/auriculares-xiaomi-redmi-buds-6-play-bluetooth-5-4-white-22624553/,37999.0,29999.0,1,True
FRA-auriculares-xiaomi-redmi-buds-6-play-blu,Fravega,XIAOMI,Audio,Auriculares Xiaomi Redmi Buds 6 Play Bluetooth 5.4 Rose,https://www.fravega.com/p/auriculares-xiaomi-redmi-buds-6-play-bluetooth-5-4-rose-22624555/,37999.0,29999.0,1,True
FRA-auriculares-sony-wf-c710n-bzuc-596812,Fravega,SONY,Audio,Auriculares Sony WF-C710N/BZUC,https://www.fravega.com/p/auriculares-sony-wf-c710n-bzuc-596812/,199999.0,165288.43,1,True
FRA-parlante-portatil-bluetooth-philco-djp11,Fravega,PHILCO,Audio,Parlante Portátil Bluetooth Philco DJP11,https://www.fravega.com/p/parlante-portatil-bluetooth-philco-djp11-401443/,83999.0,59999.0,1,True
FRA-parlante-philips-bt-tax400b-00-401533,Fravega,PHILIPS,Audio,Parlante Philips BT TAX400B/00,https://www.fravega.com/p/parlante-philips-bt-tax400b-00-401533/,649999.0,549999.0,1,True
FRA-auriculares-monster-xkt10-yellow-596350,Fravega,OTRAS,Audio,Auriculares Monster XKT10 Yellow,https://www.fravega.com/p/auriculares-monster-xkt10-yellow-596350/,67999.0,49999.0,1,True
FRA-auriculares-bluetooth-jbl-tune-buds-2-bl,Fravega,OTRAS,Audio,Auriculares Bluetooth JBL Tune Buds 2 Blancos,https://www.fravega.com/p/auriculares-bluetooth-jbl-tune-buds-2-blancos-596963/,199999.0,165288.43,1,True
FRA-torre-de-sonido-aiwa-aw-t381-7000-watts-,Fravega,OTRAS,Audio,Torre de Sonido Aiwa AW-T381 7000 Watts + Micrófono,https://www.fravega.com/p/torre-de-sonido-aiwa-aw-t381-7000-watts-microfono-401702/,199998.9,165288.35,1,True
FRA-auriculares-inalambricos-gamer-bluetooth,Fravega,LENOVO,Audio,Auriculares Inalambricos Gamer Bluetooth Lenovo Inear Negro,https://www.fravega.com/p/auriculares-inalambricos-gamer-bluetooth-lenovo-inear-negro-22809232/,20759.0,18529.0,1,True
FRA-auriculares-inalambricos-lenovo-thinkplu,Fravega,LENOVO,Audio,Auriculares inalámbricos Lenovo ThinkPlus XT80 negro,https://www.fravega.com/p/auriculares-inalambricos-lenovo-thinkplus-xt80-negro-22490578/,39990.0,35991.0,1,True
FRA-parlante-soundcore-bt-boom-2-plus-401586,Fravega,OTRAS,Audio,Parlante Soundcore BT Boom 2 Plus,https://www.fravega.com/p/parlante-soundcore-bt-boom-2-plus-401586/,799999.0,449999.0,1,True
FRA-auricular-inalambrico-rockspace-ken-brow,Fravega,OTRAS,Audio,Auricular Inalámbrico Rockspace Ken Brown Multifunción,https://www.fravega.com/p/auricular-inalambrico-rockspace-ken-brown-multifuncion-20057359/,48959.83,24005.9,1,True
FRA-auriculares-inalambricos-noblex-hp350bt-,Fravega,NOBLEX,Audio,Auriculares Inalámbricos Noblex Hp350bt Bluetooth 5.0,https://www.fravega.com/p/auriculares-inalambricos-noblex-hp350bt-bluetooth-5-0-21203098/,62499.0,44999.0,1,True
FRA-parlante-portatil-t-go-bahamas-8-pulgada,Fravega,LG,Audio,Parlante portátil T-GO Bahamas 8 pulgadas Bluetooth USB Radio FM Luces Led Microfono,https://www.fravega.com/p/parlante-portatil-t-go-bahamas-8-pulgadas-bluetooth-usb-radio-fm-luces-led-microfono-990185541/,99999.0,54990.0,1,True
FRA-auriculares-deportivos-inalambricos-clip,Fravega,LENOVO,Audio,Auriculares Deportivos Inalambricos Clip Ear Resistencia al sudor y agua Lenovo Ea330,https://www.fravega.com/p/auriculares-deportivos-inalambricos-clip-ear-resistencia-al-sudor-y-agua-lenovo-ea330-22501027/,42990.0,38691.0,1,True
FRA-soundbar-samsung-hw-b450f-zb-502958,Fravega,SAMSUNG,Audio,Soundbar Samsung HW-B450F/ZB,https://www.fravega.com/p/soundbar-samsung-hw-b450f-zb-502958/,449999.0,371900.0,1,True
FRA-auriculares-inalambricos-bluetooth-xinji,Fravega,OTRAS,Audio,Auriculares Inalámbricos Bluetooth Xinji M1 Negros Reacondicionado,https://www.fravega.com/p/auriculares-inalambricos-bluetooth-xinji-m1-negros-reacondicionado-470969/,6999.0,5784.3,1,True
FRA-tocadiscos-gris-gadnic-td33-bluetooth-po,Fravega,OTRAS,Audio,Tocadiscos Gris Gadnic TD33 Bluetooth Portátil 3 Velocidades FM USB Aux-In RCA SD,https://www.fravega.com/p/tocadiscos-gris-gadnic-td33-bluetooth-portatil-3-velocidades-fm-usb-aux-rca-sd-20057974/,218269.0,167899.0,1,True
FRA-auriculares-inalambricos-gadnic-a164-vin,Fravega,OTRAS,Audio,Auriculares Inalámbricos Gadnic A164 Vincha Cancelación de Ruido,https://www.fravega.com/p/auriculares-inalambricos-gadnic-a164-vincha-cancelacion-de-ruido-990159742/,66559.0,51199.0,1,True
FRA-jbl-quantum-360-black-22909602,Fravega,OTRAS,Audio,JBL QUANTUM 360 Black,https://www.fravega.com/p/jbl-quantum-360-black-22909602/,249999.0,149999.0,1,True
FRA-auriculares-philips-shl5005wt-00-blancos,Fravega,PHILIPS,Audio,Auriculares Philips SHL5005WT/00 Blancos,https://www.fravega.com/p/auriculares-philips-shl5005wt-00-blancos-595058/,37779.0,31222.31,1,True
FRA-auriculares-bluetooth-gadnic-a122-manos-,Fravega,OTRAS,Audio,Auriculares Bluetooth Gadnic A122 Manos Libres Inalambrico Negro,https://www.fravega.com/p/auriculares-bluetooth-gadnic-a122-manos-libres-inalambrico-negro-990069240/,50959.0,39199.0,1,True
FRA-cuatriciclo-a-bateria-12v-azul-con-contr,Fravega,OTRAS,Juguetes,Cuatriciclo A Bateria 12V Azul Con Control Remoto Musica Usb Luces,https://www.fravega.com/p/cuatriciclo-a-bateria-12v-azul-con-control-remoto-musica-usb-luces-351062/,399999.0,264999.0,1,True
FRA-disney-woody-interactive-talking-figura-,Fravega,OTRAS,Juguetes,Disney Woody Interactive Talking Figura de acción,https://www.fravega.com/p/disney-woody-interactive-talking-figura-de-accion-22615159/,189992.0,115895.0,1,True
FRA-moto-a-bateria-3006-love-351354,Fravega,OTRAS,Juguetes,Moto a Batería 3006 Love,https://www.fravega.com/p/moto-a-bateria-3006-love-351354/,199999.0,134999.0,1,True
FRA-camara-de-impresion-instantanea-de-jugue,Fravega,OTRAS,Juguetes,Cámara de Impresión Instantánea de Juguete,https://www.fravega.com/p/camara-de-impresion-instantanea-de-juguete-351360/,74999.0,49999.0,1,True
FRA-gatitos-explosivos-exploding-kittens-jue,Fravega,OTRAS,Juguetes,Gatitos Explosivos - Exploding Kittens - Juego De Cartas (Original),https://www.fravega.com/p/gatitos-explosivos-exploding-kittens-juego-de-cartas-original--990236340/,51991.0,40990.0,1,True
FRA-camicleta-stark-r12-blanco-violeta-35094,Fravega,OTRAS,Juguetes,Camicleta Stark R12 Blanco Violeta,https://www.fravega.com/p/camicleta-stark-r12-blanco-violeta-350942/,99999.0,69999.0,1,True
FRA-autos-clasicos-de-coleccion-iii-x-8-auto,Fravega,OTRAS,Juguetes,Autos Clásicos de Colección III x 8 autos,https://www.fravega.com/p/autos-clasicos-de-coleccion-iii-x-8-autos-990286236/,174990.0,174990.0,1,True
FRA-peluche-musical-plim-plim-de-30cm-8401ap,Fravega,OTRAS,Juguetes,Peluche Musical Plim Plim De 30cm 8401ap,https://www.fravega.com/p/peluche-musical-plim-plim-de-30cm-8401ap-990235909/,65990.0,39989.99,1,True
FRA-moto-scooter-a-bateria-6v-blanco-351075,Fravega,OTRAS,Juguetes,Moto Scooter A Bateria 6V Blanco,https://www.fravega.com/p/moto-scooter-a-bateria-6v-blanco-351075/,199999.0,134999.0,1,True
FRA-monopatin-infantil-priori-sk-3288-celest,Fravega,OTRAS,Juguetes,Monopatín Infantil Priori SK 3288 Celeste,https://www.fravega.com/p/monopatin-infantil-priori-sk-3288-celeste-350512/,59999.0,39999.0,1,True
FRA-catan-juego-de-mesa-devir-40-4011-at-990,Fravega,OTRAS,Juguetes,Catan Juego de Mesa Devir 40-4011 At,https://www.fravega.com/p/catan-juego-de-mesa-devir-40-4011-at-990165684/,124990.0,109990.0,1,True
FRA-muneca-barbie-stacie-con-mascota-351227,Fravega,OTRAS,Juguetes,Muñeca Barbie Stacie con Mascota,https://www.fravega.com/p/muneca-barbie-stacie-con-mascota-351227/,69999.0,31999.0,1,True
FRA-juego-de-mesa-taco-gato-cabra-queso-pizz,Fravega,OTRAS,Juguetes,Juego De Mesa Taco Gato Cabra Queso Pizza Tgcqp Buro,https://www.fravega.com/p/juego-de-mesa-taco-gato-cabra-queso-pizza-tgcqp-buro-990159423/,19350.0,16915.0,1,True
FRA-bebe-reborn-charex-nino-18-pulgadas-cuer,Fravega,LG,Juguetes,Bebe Reborn CHAREX Niño 18 Pulgadas Cuerpo Suave,https://www.fravega.com/p/bebe-reborn-charex-nino-18-pulgadas-cuerpo-suave-22750317/,198968.0,129329.0,1,True
FRA-triciclo-bebesit-rojo-360-joy-3-con-luz-,Fravega,OTRAS,Juguetes,Triciclo Bebesit rojo 360° Joy 3 con luz y barra de empuje,https://www.fravega.com/p/triciclo-bebesit-rojo-360-joy-3-con-luz-y-barra-de-empuje-990182779/,279117.0,184743.01,1,True
FRA-juego-de-mesa-basta-juego-de-palabras-11,Fravega,OTRAS,Juguetes,Juego De Mesa Basta Juego De Palabras 1100 Shine,https://www.fravega.com/p/juego-de-mesa-basta-juego-de-palabras-1100-shine-990242478/,24990.0,20652.89,1,True
FRA-pizarra-magica-12-color-3852-351633,Fravega,OTRAS,Juguetes,Pizarra Mágica 12 Color 3852,https://www.fravega.com/p/pizarra-magica-12-color-3852-351633/,9999.0,3999.0,1,True
FRA-patacleta-love-078-negro-350889,Fravega,OTRAS,Juguetes,Patacleta Love 078 Negro,https://www.fravega.com/p/patacleta-love-078-negro-350889/,49999.0,29999.0,1,True
FRA-patacleta-love-078-blanco-350922,Fravega,OTRAS,Juguetes,Patacleta Love 078 Blanco,https://www.fravega.com/p/patacleta-love-078-blanco-350922/,49999.0,29999.0,1,True
FRA-cuatriciclo-a-bateria-negro-love-3015-35,Fravega,OTRAS,Juguetes,Cuatriciclo a Batería Negro Love 3015,https://www.fravega.com/p/cuatriciclo-a-bateria-negro-love-3015-351355/,219999.0,154999.0,1,True
FRA-triciclo-evolutivo-infantil-3-1-mu-color,Fravega,OTRAS,Juguetes,Triciclo Evolutivo Infantil 3 en 1 MU Color Negro 1-5 Años,https://www.fravega.com/p/triciclo-evolutivo-infantil-3-1-mu-color-negro-1-5-anos-351045/,212999.0,114999.0,1,True
FRA-bicicleta-camicleta-de-equilibrio-mecano,Fravega,OTRAS,Juguetes,Bicicleta Camicleta de equilibrio Mecano 077 Negro,https://www.fravega.com/p/bicicleta-camicleta-de-equilibrio-mecano-077-negro-351066/,59999.0,40999.0,1,True
FRA-puzzle-1000-pzs-noche-estrellada-88317-1,Fravega,OTRAS,Juguetes,Puzzle 1000 Pzs Noche Estrellada 88317 1979846 Shine,https://www.fravega.com/p/puzzle-1000-pzs-noche-estrellada-88317-1979846-shine-990143807/,20990.0,14990.0,1,True
FRA-mi-cocina-duravit-33-piezas-990049214,Fravega,OTRAS,Juguetes,Mi Cocina Duravit 33 Piezas,https://www.fravega.com/p/mi-cocina-duravit-33-piezas-990049214/,30990.0,24789.98,1,True
FRA-cuatriciclo-a-bateria-stark-naranja-3510,Fravega,OTRAS,Juguetes,Cuatriciclo a Batería Stark Naranja,https://www.fravega.com/p/cuatriciclo-a-bateria-stark-naranja-351048/,149999.0,129999.0,1,True
FRA-cama-elastica-gadnic-304-mts-con-red-de-,Fravega,OTRAS,Juguetes,Cama Elástica Gadnic 304 mts Con Red de Seguridad Reforzada,https://www.fravega.com/p/cama-elastica-gadnic-304-mts-con-red-de-seguridad-reforzada-990274703/,844999.0,649999.0,1,True
FRA-bicicleta-camicleta-de-equilibrio-mecano,Fravega,OTRAS,Juguetes,Bicicleta Camicleta de equilibrio Mecano 077 Rosa,https://www.fravega.com/p/bicicleta-camicleta-de-equilibrio-mecano-077-rosa-351068/,59999.0,40999.0,1,True
FRA-muneca-bebe-reborn-anano-bettie-01-silic,Fravega,OTRAS,Juguetes,Muñeca Bebe Reborn Anano Bettie 01 Silicona Cuerpo,https://www.fravega.com/p/muneca-bebe-reborn-anano-bettie-01-silicona-cuerpo-22942650/,225745.0,169309.0,1,True
FRA-cuatriciclo-a-bateria-12v-azul-con-contr,Fravega,OTRAS,Juguetes,Cuatriciclo A Bateria 12V Azul Con Control Remoto Musica Usb Luces,https://www.fravega.com/p/cuatriciclo-a-bateria-12v-azul-con-control-remoto-musica-usb-luces-351062/,399999.0,264999.0,1,True
FRA-disney-woody-interactive-talking-figura-,Fravega,OTRAS,Juguetes,Disney Woody Interactive Talking Figura de acción,https://www.fravega.com/p/disney-woody-interactive-talking-figura-de-accion-22615159/,189992.0,115895.0,1,True
FRA-moto-a-bateria-3006-love-351354,Fravega,OTRAS,Juguetes,Moto a Batería 3006 Love,https://www.fravega.com/p/moto-a-bateria-3006-love-351354/,199999.0,134999.0,1,True
FRA-camara-de-impresion-instantanea-de-jugue,Fravega,OTRAS,Juguetes,Cámara de Impresión Instantánea de Juguete,https://www.fravega.com/p/camara-de-impresion-instantanea-de-juguete-351360/,74999.0,49999.0,1,True
FRA-gatitos-explosivos-exploding-kittens-jue,Fravega,OTRAS,Juguetes,Gatitos Explosivos - Exploding Kittens - Juego De Cartas (Original),https://www.fravega.com/p/gatitos-explosivos-exploding-kittens-juego-de-cartas-original--990236340/,51991.0,40990.0,1,True
FRA-camicleta-stark-r12-blanco-violeta-35094,Fravega,OTRAS,Juguetes,Camicleta Stark R12 Blanco Violeta,https://www.fravega.com/p/camicleta-stark-r12-blanco-violeta-350942/,99999.0,69999.0,1,True
FRA-autos-clasicos-de-coleccion-iii-x-8-auto,Fravega,OTRAS,Juguetes,Autos Clásicos de Colección III x 8 autos,https://www.fravega.com/p/autos-clasicos-de-coleccion-iii-x-8-autos-990286236/,174990.0,174990.0,1,True
FRA-peluche-musical-plim-plim-de-30cm-8401ap,Fravega,OTRAS,Juguetes,Peluche Musical Plim Plim De 30cm 8401ap,https://www.fravega.com/p/peluche-musical-plim-plim-de-30cm-8401ap-990235909/,65990.0,39989.99,1,True
FRA-moto-scooter-a-bateria-6v-blanco-351075,Fravega,OTRAS,Juguetes,Moto Scooter A Bateria 6V Blanco,https://www.fravega.com/p/moto-scooter-a-bateria-6v-blanco-351075/,199999.0,134999.0,1,True
FRA-monopatin-infantil-priori-sk-3288-celest,Fravega,OTRAS,Juguetes,Monopatín Infantil Priori SK 3288 Celeste,https://www.fravega.com/p/monopatin-infantil-priori-sk-3288-celeste-350512/,59999.0,39999.0,1,True
FRA-catan-juego-de-mesa-devir-40-4011-at-990,Fravega,OTRAS,Juguetes,Catan Juego de Mesa Devir 40-4011 At,https://www.fravega.com/p/catan-juego-de-mesa-devir-40-4011-at-990165684/,124990.0,109990.0,1,True
FRA-muneca-barbie-stacie-con-mascota-351227,Fravega,OTRAS,Juguetes,Muñeca Barbie Stacie con Mascota,https://www.fravega.com/p/muneca-barbie-stacie-con-mascota-351227/,69999.0,31999.0,1,True
FRA-juego-de-mesa-taco-gato-cabra-queso-pizz,Fravega,OTRAS,Juguetes,Juego De Mesa Taco Gato Cabra Queso Pizza Tgcqp Buro,https://www.fravega.com/p/juego-de-mesa-taco-gato-cabra-queso-pizza-tgcqp-buro-990159423/,19350.0,16915.0,1,True
FRA-bebe-reborn-charex-nino-18-pulgadas-cuer,Fravega,LG,Juguetes,Bebe Reborn CHAREX Niño 18 Pulgadas Cuerpo Suave,https://www.fravega.com/p/bebe-reborn-charex-nino-18-pulgadas-cuerpo-suave-22750317/,198968.0,129329.0,1,True
FRA-triciclo-bebesit-rojo-360-joy-3-con-luz-,Fravega,OTRAS,Juguetes,Triciclo Bebesit rojo 360° Joy 3 con luz y barra de empuje,https://www.fravega.com/p/triciclo-bebesit-rojo-360-joy-3-con-luz-y-barra-de-empuje-990182779/,279117.0,184743.01,1,True
FRA-juego-de-mesa-basta-juego-de-palabras-11,Fravega,OTRAS,Juguetes,Juego De Mesa Basta Juego De Palabras 1100 Shine,https://www.fravega.com/p/juego-de-mesa-basta-juego-de-palabras-1100-shine-990242478/,24990.0,20652.89,1,True
FRA-cama-elastica-6ft-1-83m-red-de-seguridad,Fravega,OTRAS,Juguetes,"Cama Elástica 6ft 1,83m Red de Seguridad 100kg Azul",https://www.fravega.com/p/cama-elastica-6ft-1-83m-red-de-seguridad-100kg-azul-351431/,399999.0,269999.0,1,True
FRA-cama-elastica-precio-oferta-2-44-azul-me,Fravega,OTRAS,Juguetes,Cama Elastica Precio Oferta 2.44 Azul Metro Niños Adulto Red,https://www.fravega.com/p/cama-elastica-precio-oferta-2-44-azul-metro-ninos-adulto-red-20025851/,399980.0,329990.0,1,True
FRA-cama-elastica-305-cm-con-diametro-de-3-0,Fravega,OTRAS,Juguetes,Cama Elástica 305 Cm con Diámetro de 3.05 M con Escalera y Red Protectora,https://www.fravega.com/p/cama-elastica-305-cm-con-diametro-de-3-05-m-con-escalera-y-red-protectora-22958073/,400000.0,319999.0,1,True
FRA-bloques-de-construccion-gadnic-magnetico,Fravega,OTRAS,Juguetes,Bloques De Construcción Gadnic Magnéticos 120 Piezas De Juguetes Para Niños,https://www.fravega.com/p/bloques-de-construccion-gadnic-magneticos-120-piezas-de-juguetes-para-ninos-990072122/,181999.0,139999.0,1,True
FRA-mis-primeros-trabajos-new-plast-351200,Fravega,OTRAS,Juguetes,Mis Primeros Trabajos New Plast,https://www.fravega.com/p/mis-primeros-trabajos-new-plast-351200/,59999.0,39999.0,1,True
FRA-puzzle-1000-pzs-viajero-el-espacio-88316,Fravega,OTRAS,Juguetes,Puzzle 1000 Pzs Viajero en el Espacio 88316 1979228 Shine,https://www.fravega.com/p/puzzle-1000-pzs-viajero-el-espacio-88316-1979228-shine-990150083/,20990.0,14990.0,1,True
FRA-duravit-juego-set-de-mate-618-990160093,Fravega,OTRAS,Juguetes,Duravit Juego Set De Mate 618,https://www.fravega.com/p/duravit-juego-set-de-mate-618-990160093/,7290.0,6490.0,1,True
FRA-auto-a-radio-control-spiderman-con-volan,Fravega,OTRAS,Juguetes,Auto a Radio Control Spiderman con Volante Ditoys,https://www.fravega.com/p/auto-a-radio-control-spiderman-con-volante-ditoys-351070/,24999.0,17999.0,1,True
FRA-set-de-walkie-talkie-spiderman-ditoys-35,Fravega,OTRAS,Juguetes,Set de Walkie Talkie Spiderman Ditoys,https://www.fravega.com/p/set-de-walkie-talkie-spiderman-ditoys-351215/,34999.0,19999.0,1,True
FRA-moto-a-bateria-honda-cbr1000-cosco-blanc,Fravega,OTRAS,Juguetes,Moto a Batería Honda CBR1000 Cosco Blanca,https://www.fravega.com/p/moto-a-bateria-honda-cbr1000-cosco-blanca-990291962/,499999.0,269999.0,1,True
FRA-puzzle-rompecabeza-1000-pzs-mapamundi-an,Fravega,OTRAS,Juguetes,Puzzle Rompecabeza 1000 Pzs Mapamundi Antiguo 88319 1979870 Shine,https://www.fravega.com/p/puzzle-rompecabeza-1000-pzs-mapamundi-antiguo-88319-1979870-shine--990049564/,20990.0,14990.0,1,True
FRA-duravit-tiempo-libre-limpieza-505-990157,Fravega,OTRAS,Juguetes,Duravit Tiempo Libre Limpieza 505,https://www.fravega.com/p/duravit-tiempo-libre-limpieza-505-990157821/,9500.0,6990.0,1,True
FRA-muneca-mini-barbieland-pop-reveal-351147,Fravega,OTRAS,Juguetes,Muñeca Mini Barbieland Pop Reveal,https://www.fravega.com/p/muneca-mini-barbieland-pop-reveal-351147/,19999.0,8999.0,1,True
FRA-cuatriciclo-a-bateria-12v-azul-con-contr,Fravega,OTRAS,Juguetes,Cuatriciclo A Bateria 12V Azul Con Control Remoto Musica Usb Luces,https://www.fravega.com/p/cuatriciclo-a-bateria-12v-azul-con-control-remoto-musica-usb-luces-351062/,399999.0,264999.0,1,True
FRA-disney-woody-interactive-talking-figura-,Fravega,OTRAS,Juguetes,Disney Woody Interactive Talking Figura de acción,https://www.fravega.com/p/disney-woody-interactive-talking-figura-de-accion-22615159/,189992.0,115895.0,1,True
FRA-moto-a-bateria-3006-love-351354,Fravega,OTRAS,Juguetes,Moto a Batería 3006 Love,https://www.fravega.com/p/moto-a-bateria-3006-love-351354/,199999.0,134999.0,1,True
FRA-camara-de-impresion-instantanea-de-jugue,Fravega,OTRAS,Juguetes,Cámara de Impresión Instantánea de Juguete,https://www.fravega.com/p/camara-de-impresion-instantanea-de-juguete-351360/,74999.0,49999.0,1,True
FRA-gatitos-explosivos-exploding-kittens-jue,Fravega,OTRAS,Juguetes,Gatitos Explosivos - Exploding Kittens - Juego De Cartas (Original),https://www.fravega.com/p/gatitos-explosivos-exploding-kittens-juego-de-cartas-original--990236340/,51991.0,40990.0,1,True
FRA-camicleta-stark-r12-blanco-violeta-35094,Fravega,OTRAS,Juguetes,Camicleta Stark R12 Blanco Violeta,https://www.fravega.com/p/camicleta-stark-r12-blanco-violeta-350942/,99999.0,69999.0,1,True
FRA-autos-clasicos-de-coleccion-iii-x-8-auto,Fravega,OTRAS,Juguetes,Autos Clásicos de Colección III x 8 autos,https://www.fravega.com/p/autos-clasicos-de-coleccion-iii-x-8-autos-990286236/,174990.0,174990.0,1,True
FRA-peluche-musical-plim-plim-de-30cm-8401ap,Fravega,OTRAS,Juguetes,Peluche Musical Plim Plim De 30cm 8401ap,https://www.fravega.com/p/peluche-musical-plim-plim-de-30cm-8401ap-990235909/,65990.0,39989.99,1,True
FRA-moto-scooter-a-bateria-6v-blanco-351075,Fravega,OTRAS,Juguetes,Moto Scooter A Bateria 6V Blanco,https://www.fravega.com/p/moto-scooter-a-bateria-6v-blanco-351075/,199999.0,134999.0,1,True
FRA-monopatin-infantil-priori-sk-3288-celest,Fravega,OTRAS,Juguetes,Monopatín Infantil Priori SK 3288 Celeste,https://www.fravega.com/p/monopatin-infantil-priori-sk-3288-celeste-350512/,59999.0,39999.0,1,True
FRA-catan-juego-de-mesa-devir-40-4011-at-990,Fravega,OTRAS,Juguetes,Catan Juego de Mesa Devir 40-4011 At,https://www.fravega.com/p/catan-juego-de-mesa-devir-40-4011-at-990165684/,124990.0,109990.0,1,True
FRA-muneca-barbie-stacie-con-mascota-351227,Fravega,OTRAS,Juguetes,Muñeca Barbie Stacie con Mascota,https://www.fravega.com/p/muneca-barbie-stacie-con-mascota-351227/,69999.0,31999.0,1,True
FRA-juego-de-mesa-taco-gato-cabra-queso-pizz,Fravega,OTRAS,Juguetes,Juego De Mesa Taco Gato Cabra Queso Pizza Tgcqp Buro,https://www.fravega.com/p/juego-de-mesa-taco-gato-cabra-queso-pizza-tgcqp-buro-990159423/,19350.0,16915.0,1,True
FRA-bebe-reborn-charex-nino-18-pulgadas-cuer,Fravega,LG,Juguetes,Bebe Reborn CHAREX Niño 18 Pulgadas Cuerpo Suave,https://www.fravega.com/p/bebe-reborn-charex-nino-18-pulgadas-cuerpo-suave-22750317/,198968.0,129329.0,1,True
FRA-triciclo-bebesit-rojo-360-joy-3-con-luz-,Fravega,OTRAS,Juguetes,Triciclo Bebesit rojo 360° Joy 3 con luz y barra de empuje,https://www.fravega.com/p/triciclo-bebesit-rojo-360-joy-3-con-luz-y-barra-de-empuje-990182779/,279117.0,184743.01,1,True
FRA-juego-de-mesa-basta-juego-de-palabras-11,Fravega,OTRAS,Juguetes,Juego De Mesa Basta Juego De Palabras 1100 Shine,https://www.fravega.com/p/juego-de-mesa-basta-juego-de-palabras-1100-shine-990242478/,24990.0,20652.89,1,True
FRA-kit-baulero-con-mesa-montessori-22646763,Fravega,OTRAS,Juguetes,Kit Baulero con Mesa Montessori,https://www.fravega.com/p/kit-baulero-con-mesa-montessori-22646763/,253000.0,125950.0,1,True
FRA-cama-elastica-gadnic-244-cm-8-ft-con-red,Fravega,OTRAS,Juguetes,Cama Elástica Gadnic 244 cm 8 ft Con Red De Protección,https://www.fravega.com/p/cama-elastica-gadnic-244-cm-8-ft-con-red-de-proteccion-990284287/,636739.0,489799.0,1,True
FRA-portico-3-cuerpos-2-hamacas-tabla-escale,Fravega,OTRAS,Juguetes,Portico 3 cuerpos 2 Hamacas tabla + Escalera VxPlay,https://www.fravega.com/p/portico-3-cuerpos-2-hamacas-tabla-escalera-vxplay-22934512/,179116.0,148029.75,1,True
FRA-auto-a-bateria-blanco-wmt-918-990060747,Fravega,OTRAS,Juguetes,Auto A Bateria Blanco Wmt-918,https://www.fravega.com/p/auto-a-bateria-blanco-wmt-918-990060747/,499990.0,279989.99,1,True
FRA-sr-cara-de-papa-mr-potato-clasico-13-pzs,Fravega,OTRAS,Juguetes,Sr. Cara De Papa Mr. Potato Clasico 13 Pzs F10795l04 F3244,https://www.fravega.com/p/sr-cara-de-papa-mr-potato-clasico-13-pzs-f10795l04-f3244-990159550/,59990.0,29990.0,1,True
FRA-duravit-masa-pack-kitchen-729-990160106,Fravega,OTRAS,Juguetes,Duravit Masa Pack Kitchen 729,https://www.fravega.com/p/duravit-masa-pack-kitchen-729-990160106/,8750.0,6495.0,1,True
FRA-juego-de-mesa-uno-de-mattel-351305,Fravega,OTRAS,Juguetes,Juego de Mesa Uno de Mattel,https://www.fravega.com/p/juego-de-mesa-uno-de-mattel-351305/,19999.0,10999.0,1,True
FRA-mesa-y-bancos-sillas-infantil-montessori,Fravega,OTRAS,Juguetes,Mesa Y Bancos Sillas Infantil Montessori Aprendizaje Niño - Blanco,https://www.fravega.com/p/mesa-y-bancos-sillas-infantil-montessori-aprendizaje-nino-blanco-22646756/,165000.0,81950.0,1,True
FRA-juego-mesa-y-sillas-infantil-montessori-,Fravega,OTRAS,Juguetes,Juego Mesa Y Sillas Infantil Montessori Con Respaldo Niño - Blanco,https://www.fravega.com/p/juego-mesa-y-sillas-infantil-montessori-con-respaldo-nino-blanco-22646764/,220000.0,120000.0,1,True
FRA-juego-mesa-y-sillas-infantil-con-respald,Fravega,OTRAS,Juguetes,Juego Mesa Y Sillas Infantil Con Respaldo Y Juguetero Blanco,https://www.fravega.com/p/juego-mesa-y-sillas-infantil-con-respaldo-y-juguetero-blanco-22815290/,280000.0,170000.0,1,True
FRA-duravit-banco-de-herramientas-32-piezas-,Fravega,OTRAS,Juguetes,Duravit Banco De Herramientas 32 Piezas 412,https://www.fravega.com/p/duravit-banco-de-herramientas-32-piezas-412-990054120/,32990.0,24990.0,1,True
FRA-duravit-mini-moldes-8-piezas-apilables-6,Fravega,OTRAS,Juguetes,Duravit Mini Moldes 8 Piezas Apilables 658,https://www.fravega.com/p/duravit-mini-moldes-8-piezas-apilables-658-990054118/,4290.0,3432.0,1,True
FRA-mini-trampolin-vxplay-1mts-gimnasia-fitn,Fravega,OTRAS,Juguetes,Mini Trampolin Vxplay 1mts Gimnasia Fitness,https://www.fravega.com/p/mini-trampolin-vxplay-1mts-gimnasia-fitness-22656914/,92742.0,76646.28,1,True
FRA-triciclo-babu-3-1-color-negro-1-5-anos-3,Fravega,OTRAS,Juguetes,Triciclo BABU 3 en 1 Color Negro 1-5 Años,https://www.fravega.com/p/triciclo-babu-3-1-color-negro-1-5-anos-351171/,199999.0,144999.0,1,True
FRA-cuatriciclo-a-bateria-12v-azul-con-contr,Fravega,OTRAS,Juguetes,Cuatriciclo A Bateria 12V Azul Con Control Remoto Musica Usb Luces,https://www.fravega.com/p/cuatriciclo-a-bateria-12v-azul-con-control-remoto-musica-usb-luces-351062/,399999.0,264999.0,1,True
FRA-disney-woody-interactive-talking-figura-,Fravega,OTRAS,Juguetes,Disney Woody Interactive Talking Figura de acción,https://www.fravega.com/p/disney-woody-interactive-talking-figura-de-accion-22615159/,189992.0,115895.0,1,True
FRA-moto-a-bateria-3006-love-351354,Fravega,OTRAS,Juguetes,Moto a Batería 3006 Love,https://www.fravega.com/p/moto-a-bateria-3006-love-351354/,199999.0,134999.0,1,True
FRA-camara-de-impresion-instantanea-de-jugue,Fravega,OTRAS,Juguetes,Cámara de Impresión Instantánea de Juguete,https://www.fravega.com/p/camara-de-impresion-instantanea-de-juguete-351360/,74999.0,49999.0,1,True
FRA-gatitos-explosivos-exploding-kittens-jue,Fravega,OTRAS,Juguetes,Gatitos Explosivos - Exploding Kittens - Juego De Cartas (Original),https://www.fravega.com/p/gatitos-explosivos-exploding-kittens-juego-de-cartas-original--990236340/,51991.0,40990.0,1,True
FRA-camicleta-stark-r12-blanco-violeta-35094,Fravega,OTRAS,Juguetes,Camicleta Stark R12 Blanco Violeta,https://www.fravega.com/p/camicleta-stark-r12-blanco-violeta-350942/,99999.0,69999.0,1,True
FRA-autos-clasicos-de-coleccion-iii-x-8-auto,Fravega,OTRAS,Juguetes,Autos Clásicos de Colección III x 8 autos,https://www.fravega.com/p/autos-clasicos-de-coleccion-iii-x-8-autos-990286236/,174990.0,174990.0,1,True
FRA-peluche-musical-plim-plim-de-30cm-8401ap,Fravega,OTRAS,Juguetes,Peluche Musical Plim Plim De 30cm 8401ap,https://www.fravega.com/p/peluche-musical-plim-plim-de-30cm-8401ap-990235909/,65990.0,39989.99,1,True
FRA-moto-scooter-a-bateria-6v-blanco-351075,Fravega,OTRAS,Juguetes,Moto Scooter A Bateria 6V Blanco,https://www.fravega.com/p/moto-scooter-a-bateria-6v-blanco-351075/,199999.0,134999.0,1,True
FRA-monopatin-infantil-priori-sk-3288-celest,Fravega,OTRAS,Juguetes,Monopatín Infantil Priori SK 3288 Celeste,https://www.fravega.com/p/monopatin-infantil-priori-sk-3288-celeste-350512/,59999.0,39999.0,1,True
FRA-catan-juego-de-mesa-devir-40-4011-at-990,Fravega,OTRAS,Juguetes,Catan Juego de Mesa Devir 40-4011 At,https://www.fravega.com/p/catan-juego-de-mesa-devir-40-4011-at-990165684/,124990.0,109990.0,1,True
FRA-muneca-barbie-stacie-con-mascota-351227,Fravega,OTRAS,Juguetes,Muñeca Barbie Stacie con Mascota,https://www.fravega.com/p/muneca-barbie-stacie-con-mascota-351227/,69999.0,31999.0,1,True
FRA-juego-de-mesa-taco-gato-cabra-queso-pizz,Fravega,OTRAS,Juguetes,Juego De Mesa Taco Gato Cabra Queso Pizza Tgcqp Buro,https://www.fravega.com/p/juego-de-mesa-taco-gato-cabra-queso-pizza-tgcqp-buro-990159423/,19350.0,16915.0,1,True
FRA-bebe-reborn-charex-nino-18-pulgadas-cuer,Fravega,LG,Juguetes,Bebe Reborn CHAREX Niño 18 Pulgadas Cuerpo Suave,https://www.fravega.com/p/bebe-reborn-charex-nino-18-pulgadas-cuerpo-suave-22750317/,198968.0,129329.0,1,True
FRA-triciclo-bebesit-rojo-360-joy-3-con-luz-,Fravega,OTRAS,Juguetes,Triciclo Bebesit rojo 360° Joy 3 con luz y barra de empuje,https://www.fravega.com/p/triciclo-bebesit-rojo-360-joy-3-con-luz-y-barra-de-empuje-990182779/,279117.0,184743.01,1,True
FRA-juego-de-mesa-basta-juego-de-palabras-11,Fravega,OTRAS,Juguetes,Juego De Mesa Basta Juego De Palabras 1100 Shine,https://www.fravega.com/p/juego-de-mesa-basta-juego-de-palabras-1100-shine-990242478/,24990.0,20652.89,1,True
FRA-cama-elastica-6ft-gadnic-182-cm-con-red-,Fravega,OTRAS,Juguetes,Cama Elastica 6ft Gadnic 182 cm Con Red de Protección,https://www.fravega.com/p/cama-elastica-6ft-gadnic-182-cm-con-red-de-proteccion-990284281/,480999.0,369999.0,1,True
FRA-alfombra-de-agua-121-bebesit-marina-cele,Fravega,OTRAS,Juguetes,Alfombra de agua 121 Bebesit Marina Celeste,https://www.fravega.com/p/alfombra-de-agua-121-bebesit-marina-celeste-990230120/,27120.0,19992.0,1,True
FRA-auto-a-bateria-amg-rosa-cl-s300-99023862,Fravega,OTRAS,Juguetes,Auto A Bateria Amg Rosa Cl-s300,https://www.fravega.com/p/auto-a-bateria-amg-rosa-cl-s300-990238627/,499990.0,269990.0,1,True
FRA-set-walkie-talkie-2007098-shine-99024402,Fravega,OTRAS,Juguetes,Set Walkie Talkie 2007098 Shine,https://www.fravega.com/p/set-walkie-talkie-2007098-shine-990244022/,18990.0,15990.0,1,True
FRA-bateria-para-ninos-jazz-drum-set-863166-,Fravega,OTRAS,Juguetes,Batería Para Niños Jazz Drum Set 863166,https://www.fravega.com/p/bateria-para-ninos-jazz-drum-set-863166-990049632/,79990.0,59990.0,1,True
FRA-puzzle-1000-pzs-taverna-saint-88016-1489,Fravega,OTRAS,Juguetes,Puzzle 1000 Pzs Taverna Saint 88016 1489439 Shine,https://www.fravega.com/p/puzzle-1000-pzs-taverna-saint-88016-1489439-shine-990143164/,20990.0,12990.0,1,True
FRA-duravit-balde-bloques-1ra-infan-29-p-665,Fravega,OTRAS,Juguetes,Duravit Balde Bloques 1ra Infan 29 P 665,https://www.fravega.com/p/duravit-balde-bloques-1ra-infan-29-p-665-990159769/,9390.0,7990.01,1,True
FRA-repuesto-filamento-lapiz-3d-10-colores-3,Fravega,OTRAS,Juguetes,Repuesto Filamento Lapiz 3d 10 Colores 30mts Pla Shine,https://www.fravega.com/p/repuesto-filamento-lapiz-3d-10-colores-30mts-pla-shine-990250147/,14991.0,12389.26,1,True
FRA-auto-a-bateria-amg-rojo-cl-s300-99025923,Fravega,OTRAS,Juguetes,Auto A Bateria Amg Rojo Cl-s300,https://www.fravega.com/p/auto-a-bateria-amg-rojo-cl-s300-990259238/,499990.0,269990.0,1,True
FRA-hasbro-figura-capitan-america-16cm-artic,Fravega,OTRAS,Juguetes,Hasbro Figura Capitan America 16cm Articulado Legend,https://www.fravega.com/p/hasbro-figura-capitan-america-16cm-articulado-legend-990265578/,183790.0,69999.0,1,True
FRA-muneca-bebe-reborn-anano-loulou-silicona,Fravega,OTRAS,Juguetes,Muneca Bebe Reborn Anano LouLou Silicona Cuerpo,https://www.fravega.com/p/muneca-bebe-reborn-anano-loulou-silicona-cuerpo-22943979/,231880.0,173910.0,1,True
FRA-cama-elastica-precio-oferta-3-05-azul-me,Fravega,OTRAS,Juguetes,Cama Elastica Precio Oferta 3.05 Azul Metro Niños Adulto Red,https://www.fravega.com/p/cama-elastica-precio-oferta-3-05-azul-metro-ninos-adulto-red-20025833/,499980.0,399990.0,1,True
FRA-teclado-musical-gadnic-organo-61-teclas-,Fravega,OTRAS,Juguetes,Teclado Musical Gadnic Órgano 61 Teclas,https://www.fravega.com/p/teclado-musical-gadnic-organo-61-teclas-20049917/,139348.0,107191.0,1,True
FRA-juego-de-mesa-ludo-matic-1209799-9901528,Fravega,OTRAS,Juguetes,Juego De Mesa Ludo Matic 1209799,https://www.fravega.com/p/juego-de-mesa-ludo-matic-1209799-990152877/,6490.0,5363.64,1,True
FRA-pizarra-magica-gadnic-tabgraf5a-azul-351,Fravega,OTRAS,Juguetes,Pizarra Mágica Gadnic TABGRAF5A Azul,https://www.fravega.com/p/pizarra-magica-gadnic-tabgraf5a-azul-351057/,23999.0,13999.0,1,True
FRA-cuatriciclo-a-bateria-12v-azul-con-contr,Fravega,OTRAS,Juguetes,Cuatriciclo A Bateria 12V Azul Con Control Remoto Musica Usb Luces,https://www.fravega.com/p/cuatriciclo-a-bateria-12v-azul-con-control-remoto-musica-usb-luces-351062/,399999.0,264999.0,1,True
FRA-disney-woody-interactive-talking-figura-,Fravega,OTRAS,Juguetes,Disney Woody Interactive Talking Figura de acción,https://www.fravega.com/p/disney-woody-interactive-talking-figura-de-accion-22615159/,189992.0,115895.0,1,True
FRA-moto-a-bateria-3006-love-351354,Fravega,OTRAS,Juguetes,Moto a Batería 3006 Love,https://www.fravega.com/p/moto-a-bateria-3006-love-351354/,199999.0,134999.0,1,True
FRA-camara-de-impresion-instantanea-de-jugue,Fravega,OTRAS,Juguetes,Cámara de Impresión Instantánea de Juguete,https://www.fravega.com/p/camara-de-impresion-instantanea-de-juguete-351360/,74999.0,49999.0,1,True
FRA-gatitos-explosivos-exploding-kittens-jue,Fravega,OTRAS,Juguetes,Gatitos Explosivos - Exploding Kittens - Juego De Cartas (Original),https://www.fravega.com/p/gatitos-explosivos-exploding-kittens-juego-de-cartas-original--990236340/,51991.0,40990.0,1,True
FRA-camicleta-stark-r12-blanco-violeta-35094,Fravega,OTRAS,Juguetes,Camicleta Stark R12 Blanco Violeta,https://www.fravega.com/p/camicleta-stark-r12-blanco-violeta-350942/,99999.0,69999.0,1,True
FRA-autos-clasicos-de-coleccion-iii-x-8-auto,Fravega,OTRAS,Juguetes,Autos Clásicos de Colección III x 8 autos,https://www.fravega.com/p/autos-clasicos-de-coleccion-iii-x-8-autos-990286236/,174990.0,174990.0,1,True
FRA-peluche-musical-plim-plim-de-30cm-8401ap,Fravega,OTRAS,Juguetes,Peluche Musical Plim Plim De 30cm 8401ap,https://www.fravega.com/p/peluche-musical-plim-plim-de-30cm-8401ap-990235909/,65990.0,39989.99,1,True
FRA-moto-scooter-a-bateria-6v-blanco-351075,Fravega,OTRAS,Juguetes,Moto Scooter A Bateria 6V Blanco,https://www.fravega.com/p/moto-scooter-a-bateria-6v-blanco-351075/,199999.0,134999.0,1,True
FRA-monopatin-infantil-priori-sk-3288-celest,Fravega,OTRAS,Juguetes,Monopatín Infantil Priori SK 3288 Celeste,https://www.fravega.com/p/monopatin-infantil-priori-sk-3288-celeste-350512/,59999.0,39999.0,1,True
FRA-catan-juego-de-mesa-devir-40-4011-at-990,Fravega,OTRAS,Juguetes,Catan Juego de Mesa Devir 40-4011 At,https://www.fravega.com/p/catan-juego-de-mesa-devir-40-4011-at-990165684/,124990.0,109990.0,1,True
FRA-muneca-barbie-stacie-con-mascota-351227,Fravega,OTRAS,Juguetes,Muñeca Barbie Stacie con Mascota,https://www.fravega.com/p/muneca-barbie-stacie-con-mascota-351227/,69999.0,31999.0,1,True
FRA-juego-de-mesa-taco-gato-cabra-queso-pizz,Fravega,OTRAS,Juguetes,Juego De Mesa Taco Gato Cabra Queso Pizza Tgcqp Buro,https://www.fravega.com/p/juego-de-mesa-taco-gato-cabra-queso-pizza-tgcqp-buro-990159423/,19350.0,16915.0,1,True
FRA-bebe-reborn-charex-nino-18-pulgadas-cuer,Fravega,LG,Juguetes,Bebe Reborn CHAREX Niño 18 Pulgadas Cuerpo Suave,https://www.fravega.com/p/bebe-reborn-charex-nino-18-pulgadas-cuerpo-suave-22750317/,198968.0,129329.0,1,True
FRA-triciclo-bebesit-rojo-360-joy-3-con-luz-,Fravega,OTRAS,Juguetes,Triciclo Bebesit rojo 360° Joy 3 con luz y barra de empuje,https://www.fravega.com/p/triciclo-bebesit-rojo-360-joy-3-con-luz-y-barra-de-empuje-990182779/,279117.0,184743.01,1,True
FRA-juego-de-mesa-basta-juego-de-palabras-11,Fravega,OTRAS,Juguetes,Juego De Mesa Basta Juego De Palabras 1100 Shine,https://www.fravega.com/p/juego-de-mesa-basta-juego-de-palabras-1100-shine-990242478/,24990.0,20652.89,1,True
FRA-camicleta-stark-rodado-12-acero-negro-am,Fravega,ACER,Juguetes,Camicleta Stark Rodado 12” Acero Negro/Amarillo,https://www.fravega.com/p/camicleta-stark-rodado-12-acero-negro-amarillo-350951/,99999.0,69999.0,1,True
FRA-muneca-bebe-reborn-realista-babeside-jus,Fravega,OTRAS,Juguetes,Muneca Bebe Reborn Realista BABESIDE JUSS001LTWB,https://www.fravega.com/p/muneca-bebe-reborn-realista-babeside-juss001ltwb-22945074/,198835.0,149126.0,1,True
FRA-muneca-bebe-reborn-zero-pam-rbg30-2qj-re,Fravega,OTRAS,Juguetes,Muñeca Bebe Reborn Zero Pam RBG30-2QJ Realista De,https://www.fravega.com/p/muneca-bebe-reborn-zero-pam-rbg30-2qj-realista-de-22945275/,221408.0,166056.0,1,True
FRA-aro-de-basquet-2-resortes-exahome-n-7-20,Fravega,OTRAS,Juguetes,Aro De Basquet 2 Resortes Exahome Nº 7,https://www.fravega.com/p/aro-de-basquet-2-resortes-exahome-n-7-20001723/,62990.0,46990.0,1,True
FRA-juego-duravit-girabola-676-990055698,Fravega,OTRAS,Juguetes,Juego Duravit Girabola 676,https://www.fravega.com/p/juego-duravit-girabola-676-990055698/,9390.0,7990.01,1,True
FRA-duravit-camion-volcador-grande-77-cm-art,Fravega,OTRAS,Juguetes,Duravit Camión Volcador Grande 77 Cm Art 202,https://www.fravega.com/p/duravit-camion-volcador-grande-77-cm-art-202-990056782/,40590.0,32490.0,1,True
FRA-puzzle-1000-piezas-girasoles-de-van-gogh,Fravega,OTRAS,Juguetes,Puzzle 1000 Piezas Girasoles De Van Gogh 1970525,https://www.fravega.com/p/puzzle-1000-piezas-girasoles-de-van-gogh-1970525-990142703/,22460.0,13990.0,1,True
FRA-puzzle-1000-pzs-balcon-de-rosas-88335-20,Fravega,OTRAS,Juguetes,Puzzle 1000 Pzs Balcon De Rosas 88335 2008958 Shine,https://www.fravega.com/p/puzzle-1000-pzs-balcon-de-rosas-88335-2008958-shine-990143792/,20990.0,16990.0,1,True
FRA-puzzle-1000-pzs-mar-egeo-santorini-88327,Fravega,OTRAS,Juguetes,Puzzle 1000 Pzs Mar Egeo Santorini 88327 1979916 Shine,https://www.fravega.com/p/puzzle-1000-pzs-mar-egeo-santorini-88327-1979916-shine-990143790/,20990.0,16990.0,1,True
FRA-juego-barril-pirata-1651678-envio-normal,Fravega,OTRAS,Juguetes,Juego Barril Pirata 1651678 Envio Normal,https://www.fravega.com/p/juego-barril-pirata-1651678-envio-normal-990151424/,8990.0,7990.01,1,True
FRA-petit-gourmet-juego-de-mate-con-termo-n1,Fravega,OTRAS,Juguetes,Petit Gourmet Juego De Mate Con Termo N106,https://www.fravega.com/p/petit-gourmet-juego-de-mate-con-termo-n106-990159559/,5000.0,4999.99,1,True
FRA-bloques-magneticos-explorer-fan-57-pieza,Fravega,OTRAS,Juguetes,Bloques Magnéticos Explorer Fan 57 Piezas,https://www.fravega.com/p/bloques-magneticos-explorer-fan-57-piezas-350705/,78999.0,59999.0,1,True
FRA-cama-elastica-tm-con-red-de-proteccion-y,Fravega,OTRAS,Juguetes,Cama Elastica Tm Con Red de Proteccion Y Escalera Hierro 244 Cm,https://www.fravega.com/p/cama-elastica-tm-con-red-de-proteccion-y-escalera-hierro-244-cm-21271780/,699999.0,675198.0,1,True
FRA-extractor-de-leche-manual-avent-scf430-0,Fravega,OTRAS,Bebés y Primera Infancia,Extractor de Leche Manual Avent SCF430/01,https://www.fravega.com/p/extractor-de-leche-manual-avent-scf430-01-680428/,139999.0,90999.0,1,True
FRA-alfombra-infantil-mawe-by-gadnic-antides,Fravega,OTRAS,Bebés y Primera Infancia,Alfombra Infantil Mawe By Gadnic Antideslizante e Impermeable Para Bebes,https://www.fravega.com/p/alfombra-infantil-mawe-by-gadnic-antideslizante-e-impermeable-para-bebes-990265932/,85149.0,65498.99,1,True
FRA-booster-para-ninos-love-2052-680464,Fravega,OSTER,Bebés y Primera Infancia,Booster Para Niños Love 2052,https://www.fravega.com/p/booster-para-ninos-love-2052-680464/,39999.0,26999.0,1,True
FRA-mochila-porta-bebe-gadnic-ergonomica-20k,Fravega,OTRAS,Bebés y Primera Infancia,Mochila Porta Bebe Gadnic Ergonomica 20kg 3 en 1,https://www.fravega.com/p/mochila-porta-bebe-gadnic-ergonomica-20kg-3-1-990164232/,100424.0,77249.0,1,True
FRA-mamadera-avent-natural-response-scy903-0,Fravega,OTRAS,Bebés y Primera Infancia,Mamadera Avent Natural Response SCY903 01 260 Ml,https://www.fravega.com/p/mamadera-avent-natural-response-scy903-01-260-ml-680690/,44999.0,34999.0,1,True
FRA-manta-didactica-roff-gimnasio-proyector-,Fravega,OTRAS,Bebés y Primera Infancia,Manta Didáctica Roff Gimnasio Proyector Música Y Juguetes Bebe Rosa,https://www.fravega.com/p/manta-didactica-roff-gimnasio-proyector-musica-y-juguetes-bebe-rosa-680696/,95999.0,59999.0,1,True
FRA-corralito-gimnasio-para-bebe-love-hex-gr,Fravega,OTRAS,Bebés y Primera Infancia,Corralito Gimnasio Para Bebé Love Hex Gris 880,https://www.fravega.com/p/corralito-gimnasio-para-bebe-love-hex-gris-880-680908/,69999.0,49999.0,1,True
FRA-set-vasos-contenedores-avent-scf618710--,Fravega,OTRAS,Bebés y Primera Infancia,Set Vasos Contenedores Avent Scf618710,https://www.fravega.com/p/set-vasos-contenedores-avent-scf618710--680643/,61999.0,39999.0,1,True
FRA-sacaleche-electrico-gadnic-extractor-de-,Fravega,OTRAS,Bebés y Primera Infancia,Sacaleche Eléctrico Gadnic Extractor De Leche Portatil,https://www.fravega.com/p/sacaleche-electrico-gadnic-extractor-de-leche-portatil--990185582/,159899.0,122999.0,1,True
FRA-silla-comer-bebe-booster-portatil-alta-r,Fravega,OSTER,Bebés y Primera Infancia,Silla comer bebe booster portátil alta Rooby ROSA Tapizada,https://www.fravega.com/p/silla-comer-bebe-booster-portatil-alta-rooby-rosa-tapizada-990247588/,93702.0,56221.2,1,True
FRA-tetina-philips-avent-anticolicos-de-fluj,Fravega,PHILIPS,Bebés y Primera Infancia,Tetina Philips Avent Anticólicos de Flujo Lento x 2,https://www.fravega.com/p/tetina-philips-avent-anticolicos-de-flujo-lento-x-2-681017/,26999.0,11999.0,1,True
FRA-bebesit-alfombra-anti-golpes-reversible-,Fravega,OTRAS,Bebés y Primera Infancia,Bebesit Alfombra anti golpes reversible arcoiris 150 x 200,https://www.fravega.com/p/bebesit-alfombra-anti-golpes-reversible-arcoiris-150-x-200-990239660/,56050.0,41318.0,1,True
FRA-esterilizador-a-vapor-para-microondas-av,Fravega,OTRAS,Bebés y Primera Infancia,Esterilizador a vapor para microondas AVENT SCF28102,https://www.fravega.com/p/esterilizador-a-vapor-para-microondas-avent-scf28102-680151/,89999.0,60999.0,1,True
FRA-mecedora-bebesit-vibracion-8023-c-verde-,Fravega,OTRAS,Bebés y Primera Infancia,Mecedora Bebesit Vibracion 8023-C Verde,https://www.fravega.com/p/mecedora-bebesit-vibracion-8023-c-verde-680559/,89999.0,59999.0,1,True
FRA-sacaleche-x2-electrico-gadnic-extractor-,Fravega,OTRAS,Bebés y Primera Infancia,Sacaleche X2 Eléctrico Gadnic Extractor De Leche Portatil,https://www.fravega.com/p/sacaleche-x2-electrico-gadnic-extractor-de-leche-portatil-990228686/,339039.0,260799.0,1,True
FRA-cochecito-de-bebe-paraguita-mu-reforzado,Fravega,OTRAS,Bebés y Primera Infancia,Cochecito de Bebe Paraguita MU Reforzado Color Gris,https://www.fravega.com/p/cochecito-de-bebe-paraguita-mu-reforzado-color-gris-680669/,99999.0,69999.0,1,True
FRA-cochecito-de-bebe-paseo-mu-reforzado-col,Fravega,OTRAS,Bebés y Primera Infancia,Cochecito de Bebe Paseo MU Reforzado Color Gris,https://www.fravega.com/p/cochecito-de-bebe-paseo-mu-reforzado-color-gris-680778/,219999.0,119999.0,1,True
FRA-coche-cuna-love-172-negro-680004,Fravega,OTRAS,Bebés y Primera Infancia,Coche Cuna Love 172 Negro,https://www.fravega.com/p/coche-cuna-love-172-negro-680004/,399999.0,159999.0,1,True
FRA-chicco-cochecito-goody-xplus-black-re-lu,Fravega,CHICCO,Bebés y Primera Infancia,Chicco Cochecito Goody Xplus Black Re_lux 08087040560000,https://www.fravega.com/p/chicco-cochecito-goody-xplus-black-re-lux-08087040560000-990249433/,499990.0,299990.0,1,True
FRA-cochecito-de-paseo-bebesit-eos-c-bandeja,Fravega,OTRAS,Bebés y Primera Infancia,Cochecito de paseo Bebesit Eos C/bandeja Superior Gris 1337-L,https://www.fravega.com/p/cochecito-de-paseo-bebesit-eos-c-bandeja-superior-gris-1337-l-990052858/,183813.0,128669.0,1,True
FRA-coche-de-paseo-con-manillar-rebatible-gr,Fravega,OTRAS,Bebés y Primera Infancia,Coche de paseo con manillar rebatible GRIS CLARO,https://www.fravega.com/p/coche-de-paseo-con-manillar-rebatible-gris-claro-990297613/,266699.0,186689.0,1,True
FRA-cochecito-de-paseo-ultraplegable-bebesit,Fravega,OTRAS,Bebés y Primera Infancia,Cochecito de Paseo UltraPlegable Bebesit Gris 1321-A,https://www.fravega.com/p/cochecito-de-paseo-ultraplegable-bebesit-gris-1321-a-990245842/,205941.0,144159.0,1,True
FRA-cochecito-de-paseo-bebesit-eos-c-bandeja,Fravega,OTRAS,Bebés y Primera Infancia,Cochecito de paseo Bebesit Eos C/bandeja Superior Verde 1337-J,https://www.fravega.com/p/cochecito-de-paseo-bebesit-eos-c-bandeja-superior-verde-1337-j-990052856/,185713.0,129999.0,1,True
FRA-coche-paraguita-bebesit-neuf-convertible,Fravega,OTRAS,Bebés y Primera Infancia,Coche paragüita Bebesit Neuf Convertible en coche cuna Negro,https://www.fravega.com/p/coche-paraguita-bebesit-neuf-convertible-coche-cuna-negro-990065280/,124841.0,87389.0,1,True
FRA-cochecito-de-bebe-paseo-mu-reforzado-col,Fravega,OTRAS,Bebés y Primera Infancia,Cochecito de Bebe Paseo MU Reforzado Color Azul,https://www.fravega.com/p/cochecito-de-bebe-paseo-mu-reforzado-color-azul-680820/,219999.0,119999.0,1,True
FRA-cochecito-de-paseo-ultracompacto-bebesit,Fravega,OTRAS,Bebés y Primera Infancia,Cochecito de Paseo UltraCompacto Bebesit Negro,https://www.fravega.com/p/cochecito-de-paseo-ultracompacto-bebesit-negro-990245839/,157341.0,110139.0,1,True
FRA-booster-s-respaldo-gofit-backless-410070,Fravega,OSTER,Bebés y Primera Infancia,Booster S/respaldo Gofit Backless (410070/10938),https://www.fravega.com/p/booster-s-respaldo-gofit-backless-410070-10938--990249437/,149990.0,129990.0,1,True
FRA-cochecito-travel-system-infanti-padua-2g,Fravega,OTRAS,Bebés y Primera Infancia,Cochecito Travel System Infanti Padua 2G Negro,https://www.fravega.com/p/cochecito-travel-system-infanti-padua-2g-negro-990275243/,899999.0,445999.0,1,True
FRA-cochecito-de-paseo-c-huevito-ultraplegab,Fravega,OTRAS,Bebés y Primera Infancia,Cochecito De Paseo C/Huevito Ultraplegable Azul + Caminador Musical - Celeste,https://www.fravega.com/p/cochecito-de-paseo-c-huevito-ultraplegable-azul-caminador-musical-celeste-990297637/,436070.0,305249.0,1,True
FRA-cochecito-de-paseo-3-ruedas-love-297-neg,Fravega,OTRAS,Bebés y Primera Infancia,Cochecito de Paseo 3 Ruedas Love 297 Negro 09,https://www.fravega.com/p/cochecito-de-paseo-3-ruedas-love-297-negro-09-50005412/,149300.0,119399.0,1,True
FRA-extractor-de-leche-manual-avent-scf430-0,Fravega,OTRAS,Bebés y Primera Infancia,Extractor de Leche Manual Avent SCF430/01,https://www.fravega.com/p/extractor-de-leche-manual-avent-scf430-01-680428/,139999.0,90999.0,1,True
FRA-alfombra-infantil-mawe-by-gadnic-antides,Fravega,OTRAS,Bebés y Primera Infancia,Alfombra Infantil Mawe By Gadnic Antideslizante e Impermeable Para Bebes,https://www.fravega.com/p/alfombra-infantil-mawe-by-gadnic-antideslizante-e-impermeable-para-bebes-990265932/,85149.0,65498.99,1,True
FRA-booster-para-ninos-love-2052-680464,Fravega,OSTER,Bebés y Primera Infancia,Booster Para Niños Love 2052,https://www.fravega.com/p/booster-para-ninos-love-2052-680464/,39999.0,26999.0,1,True
FRA-mochila-porta-bebe-gadnic-ergonomica-20k,Fravega,OTRAS,Bebés y Primera Infancia,Mochila Porta Bebe Gadnic Ergonomica 20kg 3 en 1,https://www.fravega.com/p/mochila-porta-bebe-gadnic-ergonomica-20kg-3-1-990164232/,100424.0,77249.0,1,True
FRA-mamadera-avent-natural-response-scy903-0,Fravega,OTRAS,Bebés y Primera Infancia,Mamadera Avent Natural Response SCY903 01 260 Ml,https://www.fravega.com/p/mamadera-avent-natural-response-scy903-01-260-ml-680690/,44999.0,34999.0,1,True
FRA-manta-didactica-roff-gimnasio-proyector-,Fravega,OTRAS,Bebés y Primera Infancia,Manta Didáctica Roff Gimnasio Proyector Música Y Juguetes Bebe Rosa,https://www.fravega.com/p/manta-didactica-roff-gimnasio-proyector-musica-y-juguetes-bebe-rosa-680696/,95999.0,59999.0,1,True
FRA-corralito-gimnasio-para-bebe-love-hex-gr,Fravega,OTRAS,Bebés y Primera Infancia,Corralito Gimnasio Para Bebé Love Hex Gris 880,https://www.fravega.com/p/corralito-gimnasio-para-bebe-love-hex-gris-880-680908/,69999.0,49999.0,1,True
FRA-set-vasos-contenedores-avent-scf618710--,Fravega,OTRAS,Bebés y Primera Infancia,Set Vasos Contenedores Avent Scf618710,https://www.fravega.com/p/set-vasos-contenedores-avent-scf618710--680643/,61999.0,39999.0,1,True
FRA-sacaleche-electrico-gadnic-extractor-de-,Fravega,OTRAS,Bebés y Primera Infancia,Sacaleche Eléctrico Gadnic Extractor De Leche Portatil,https://www.fravega.com/p/sacaleche-electrico-gadnic-extractor-de-leche-portatil--990185582/,159899.0,122999.0,1,True
FRA-silla-comer-bebe-booster-portatil-alta-r,Fravega,OSTER,Bebés y Primera Infancia,Silla comer bebe booster portátil alta Rooby ROSA Tapizada,https://www.fravega.com/p/silla-comer-bebe-booster-portatil-alta-rooby-rosa-tapizada-990247588/,93702.0,56221.2,1,True
FRA-tetina-philips-avent-anticolicos-de-fluj,Fravega,PHILIPS,Bebés y Primera Infancia,Tetina Philips Avent Anticólicos de Flujo Lento x 2,https://www.fravega.com/p/tetina-philips-avent-anticolicos-de-flujo-lento-x-2-681017/,26999.0,11999.0,1,True
FRA-bebesit-alfombra-anti-golpes-reversible-,Fravega,OTRAS,Bebés y Primera Infancia,Bebesit Alfombra anti golpes reversible arcoiris 150 x 200,https://www.fravega.com/p/bebesit-alfombra-anti-golpes-reversible-arcoiris-150-x-200-990239660/,56050.0,41318.0,1,True
FRA-esterilizador-a-vapor-para-microondas-av,Fravega,OTRAS,Bebés y Primera Infancia,Esterilizador a vapor para microondas AVENT SCF28102,https://www.fravega.com/p/esterilizador-a-vapor-para-microondas-avent-scf28102-680151/,89999.0,60999.0,1,True
FRA-mecedora-bebesit-vibracion-8023-c-verde-,Fravega,OTRAS,Bebés y Primera Infancia,Mecedora Bebesit Vibracion 8023-C Verde,https://www.fravega.com/p/mecedora-bebesit-vibracion-8023-c-verde-680559/,89999.0,59999.0,1,True
FRA-sacaleche-x2-electrico-gadnic-extractor-,Fravega,OTRAS,Bebés y Primera Infancia,Sacaleche X2 Eléctrico Gadnic Extractor De Leche Portatil,https://www.fravega.com/p/sacaleche-x2-electrico-gadnic-extractor-de-leche-portatil-990228686/,339039.0,260799.0,1,True
FRA-cochecito-de-bebe-joie-muze-travel-syste,Fravega,OTRAS,Bebés y Primera Infancia,Cochecito De Bebé Joie Muze Travel System De Paseo  Dark pewter,https://www.fravega.com/p/cochecito-de-bebe-joie-muze-travel-system-de-paseo-dark-pewter-20022918/,495990.0,395099.0,1,True
FRA-cochecito-huevito-love-smart-1010-negro-,Fravega,OTRAS,Bebés y Primera Infancia,Cochecito Huevito Love Smart 1010 Negro,https://www.fravega.com/p/cochecito-huevito-love-smart-1010-negro--20060570/,652900.0,522299.0,1,True
FRA-coche-cuna-de-bebe-travel-system-disney-,Fravega,OTRAS,Bebés y Primera Infancia,Coche Cuna de Bebe Travel System Disney Rojo Mickey,https://www.fravega.com/p/coche-cuna-de-bebe-travel-system-disney-rojo-mickey-20293912/,315330.0,242560.0,1,True
FRA-coche-cuna-de-bebe-travel-system-disney-,Fravega,OTRAS,Bebés y Primera Infancia,Coche Cuna de Bebe Travel System Disney Rosa Minnie,https://www.fravega.com/p/coche-cuna-de-bebe-travel-system-disney-rosa-minnie-20293913/,315330.0,242560.0,1,True
FRA-coche-paraguitas-de-bebe-disney-3-posici,Fravega,OTRAS,Bebés y Primera Infancia,Coche Paraguitas de Bebe Disney 3 Posiciones Negro Rosa,https://www.fravega.com/p/coche-paraguitas-de-bebe-disney-3-posiciones-negro-rosa-20458413/,154280.0,100359.0,1,True
FRA-cochecito-de-paseo-plegable-reclinable-b,Fravega,OTRAS,Bebés y Primera Infancia,Cochecito De Paseo Plegable Reclinable Bebesit Eos 1337 Gris,https://www.fravega.com/p/cochecito-de-paseo-plegable-reclinable-bebesit-eos-1337-gris-20458681/,181199.0,149751.24,1,True
FRA-cochecito-paraguitas-bebesit-neuf-1058-a,Fravega,OTRAS,Bebés y Primera Infancia,Cochecito Paragüitas Bebesit Neuf 1058-A,https://www.fravega.com/p/cochecito-paraguitas-bebesit-neuf-1058-a-990052853/,121270.0,84889.0,1,True
FRA-cochecito-de-paseo-azul-con-manillar-reb,Fravega,OTRAS,Bebés y Primera Infancia,Cochecito de Paseo  Azul con Manillar Rebatible 1390,https://www.fravega.com/p/cochecito-de-paseo-azul-con-manillar-rebatible-1390-990076388/,407027.0,275892.0,1,True
FRA-coche-bebesit-paraguitas-neuf-negro-y-bo,Fravega,OTRAS,Bebés y Primera Infancia,COCHE  BEBESIT PARAGÜITAS NEUF NEGRO Y BORDO,https://www.fravega.com/p/coche-bebesit-paraguitas-neuf-negro-y-bordo-990076685/,119770.0,83838.99,1,True
FRA-cochecito-de-paseo-con-manillar-rebatibl,Fravega,OTRAS,Bebés y Primera Infancia,Cochecito de Paseo con Manillar Rebatible Gris Claro,https://www.fravega.com/p/cochecito-de-paseo-con-manillar-rebatible-gris-claro-990142448/,407027.0,275892.0,1,True
FRA-coche-paraguitas-bebe-reforzado-disney-r,Fravega,OTRAS,Bebés y Primera Infancia,Coche Paraguitas Bebe Reforzado Disney Rojo,https://www.fravega.com/p/coche-paraguitas-bebe-reforzado-disney-rojo-21231872/,168510.0,110890.0,1,True
FRA-cochecito-bebesit-travel-system-1337-eos,Fravega,OTRAS,Bebés y Primera Infancia,Cochecito Bebesit travel system  1337 EOS azul,https://www.fravega.com/p/cochecito-bebesit-travel-system-1337-eos-azul-990169806/,504190.0,398858.99,1,True
FRA-cochecito-de-paseo-ultracompacto-bebesit,Fravega,OTRAS,Bebés y Primera Infancia,Cochecito de Paseo UltraCompacto Bebesit Beige,https://www.fravega.com/p/cochecito-de-paseo-ultracompacto-bebesit-beige-990245846/,175856.0,123099.0,1,True
FRA-chicco-coche-de-paseo-glee-playful-black,Fravega,CHICCO,Bebés y Primera Infancia,Chicco Coche De Paseo Glee Playful Black 0808706875 27680 Negro,https://www.fravega.com/p/chicco-coche-de-paseo-glee-playful-black-0808706875-27680-negro-990267983/,499990.0,219990.0,1,True
FRA-coche-cuna-de-bebes-reforzado-de-mickey-,Fravega,OTRAS,Bebés y Primera Infancia,Coche Cuna de Bebes Reforzado de Mickey Gris,https://www.fravega.com/p/coche-cuna-de-bebes-reforzado-de-mickey-gris-22721654/,169720.0,130555.0,1,True
FRA-extractor-de-leche-manual-avent-scf430-0,Fravega,OTRAS,Bebés y Primera Infancia,Extractor de Leche Manual Avent SCF430/01,https://www.fravega.com/p/extractor-de-leche-manual-avent-scf430-01-680428/,139999.0,90999.0,1,True
FRA-alfombra-infantil-mawe-by-gadnic-antides,Fravega,OTRAS,Bebés y Primera Infancia,Alfombra Infantil Mawe By Gadnic Antideslizante e Impermeable Para Bebes,https://www.fravega.com/p/alfombra-infantil-mawe-by-gadnic-antideslizante-e-impermeable-para-bebes-990265932/,85149.0,65498.99,1,True
FRA-booster-para-ninos-love-2052-680464,Fravega,OSTER,Bebés y Primera Infancia,Booster Para Niños Love 2052,https://www.fravega.com/p/booster-para-ninos-love-2052-680464/,39999.0,26999.0,1,True
FRA-mochila-porta-bebe-gadnic-ergonomica-20k,Fravega,OTRAS,Bebés y Primera Infancia,Mochila Porta Bebe Gadnic Ergonomica 20kg 3 en 1,https://www.fravega.com/p/mochila-porta-bebe-gadnic-ergonomica-20kg-3-1-990164232/,100424.0,77249.0,1,True
FRA-mamadera-avent-natural-response-scy903-0,Fravega,OTRAS,Bebés y Primera Infancia,Mamadera Avent Natural Response SCY903 01 260 Ml,https://www.fravega.com/p/mamadera-avent-natural-response-scy903-01-260-ml-680690/,44999.0,34999.0,1,True
FRA-manta-didactica-roff-gimnasio-proyector-,Fravega,OTRAS,Bebés y Primera Infancia,Manta Didáctica Roff Gimnasio Proyector Música Y Juguetes Bebe Rosa,https://www.fravega.com/p/manta-didactica-roff-gimnasio-proyector-musica-y-juguetes-bebe-rosa-680696/,95999.0,59999.0,1,True
FRA-corralito-gimnasio-para-bebe-love-hex-gr,Fravega,OTRAS,Bebés y Primera Infancia,Corralito Gimnasio Para Bebé Love Hex Gris 880,https://www.fravega.com/p/corralito-gimnasio-para-bebe-love-hex-gris-880-680908/,69999.0,49999.0,1,True
FRA-set-vasos-contenedores-avent-scf618710--,Fravega,OTRAS,Bebés y Primera Infancia,Set Vasos Contenedores Avent Scf618710,https://www.fravega.com/p/set-vasos-contenedores-avent-scf618710--680643/,61999.0,39999.0,1,True
FRA-sacaleche-electrico-gadnic-extractor-de-,Fravega,OTRAS,Bebés y Primera Infancia,Sacaleche Eléctrico Gadnic Extractor De Leche Portatil,https://www.fravega.com/p/sacaleche-electrico-gadnic-extractor-de-leche-portatil--990185582/,159899.0,122999.0,1,True
FRA-silla-comer-bebe-booster-portatil-alta-r,Fravega,OSTER,Bebés y Primera Infancia,Silla comer bebe booster portátil alta Rooby ROSA Tapizada,https://www.fravega.com/p/silla-comer-bebe-booster-portatil-alta-rooby-rosa-tapizada-990247588/,93702.0,56221.2,1,True
FRA-tetina-philips-avent-anticolicos-de-fluj,Fravega,PHILIPS,Bebés y Primera Infancia,Tetina Philips Avent Anticólicos de Flujo Lento x 2,https://www.fravega.com/p/tetina-philips-avent-anticolicos-de-flujo-lento-x-2-681017/,26999.0,11999.0,1,True
FRA-bebesit-alfombra-anti-golpes-reversible-,Fravega,OTRAS,Bebés y Primera Infancia,Bebesit Alfombra anti golpes reversible arcoiris 150 x 200,https://www.fravega.com/p/bebesit-alfombra-anti-golpes-reversible-arcoiris-150-x-200-990239660/,56050.0,41318.0,1,True
FRA-esterilizador-a-vapor-para-microondas-av,Fravega,OTRAS,Bebés y Primera Infancia,Esterilizador a vapor para microondas AVENT SCF28102,https://www.fravega.com/p/esterilizador-a-vapor-para-microondas-avent-scf28102-680151/,89999.0,60999.0,1,True
FRA-mecedora-bebesit-vibracion-8023-c-verde-,Fravega,OTRAS,Bebés y Primera Infancia,Mecedora Bebesit Vibracion 8023-C Verde,https://www.fravega.com/p/mecedora-bebesit-vibracion-8023-c-verde-680559/,89999.0,59999.0,1,True
FRA-sacaleche-x2-electrico-gadnic-extractor-,Fravega,OTRAS,Bebés y Primera Infancia,Sacaleche X2 Eléctrico Gadnic Extractor De Leche Portatil,https://www.fravega.com/p/sacaleche-x2-electrico-gadnic-extractor-de-leche-portatil-990228686/,339039.0,260799.0,1,True
FRA-cochecito-bebes-3-1-traful-mawe-by-gadni,Fravega,OTRAS,Bebés y Primera Infancia,Cochecito Bebes 3 en 1 Traful Mawe by Gadnic Huevito Travel System,https://www.fravega.com/p/cochecito-bebes-3-1-traful-mawe-by-gadnic-huevito-travel-system-990286488/,548144.0,421649.0,1,True
FRA-cochecito-con-moises-y-huevito-3-1-bring,Fravega,OTRAS,Bebés y Primera Infancia,Cochecito con Moises y Huevito 3 en 1 Bring Tryp rojo 5430,https://www.fravega.com/p/cochecito-con-moises-y-huevito-3-1-bring-tryp-rojo-5430-10007005/,492000.0,393599.0,1,True
FRA-cochecito-de-bebe-paraguitas-mini-cooper,Fravega,OTRAS,Bebés y Primera Infancia,Cochecito de Bebe Paragüitas Mini Cooper Buggy Blue,https://www.fravega.com/p/cochecito-de-bebe-paraguitas-mini-cooper-buggy-blue-10006858/,293000.0,234399.0,1,True
FRA-cochecito-de-bebe-paraguitas-mini-cooper,Fravega,OTRAS,Bebés y Primera Infancia,Cochecito de Bebe Paragüitas Mini Cooper Buggy Black Jack,https://www.fravega.com/p/cochecito-de-bebe-paraguitas-mini-cooper-buggy-black-jack-10006856/,293000.0,234399.0,1,True
FRA-cochecito-de-bebe-paraguitas-mini-cooper,Fravega,OTRAS,Bebés y Primera Infancia,Cochecito de Bebe Paragüitas Mini Cooper Buggy XL Black Jack,https://www.fravega.com/p/cochecito-de-bebe-paraguitas-mini-cooper-buggy-xl-black-jack-10008123/,320200.0,256099.0,1,True
FRA-cochecito-de-bebe-paraguitas-mini-cooper,Fravega,OTRAS,Bebés y Primera Infancia,Cochecito de Bebé Paragüitas Mini Cooper Buggy XL Blazing Red,https://www.fravega.com/p/cochecito-de-bebe-paraguitas-mini-cooper-buggy-xl-blazing-red-10008090/,320200.0,256099.0,1,True
FRA-cochecito-de-bebe-paraguitas-mini-cooper,Fravega,OTRAS,Bebés y Primera Infancia,Cochecito de Bebe Paragüitas Mini Cooper Buggy Blazing Red,https://www.fravega.com/p/cochecito-de-bebe-paraguitas-mini-cooper-buggy-blazing-red-10006860/,293000.0,234399.0,1,True
FRA-cochecito-de-paseo-3-ruedas-love-297-roj,Fravega,OTRAS,Bebés y Primera Infancia,Cochecito de Paseo 3 Ruedas Love 297 Rojo 07,https://www.fravega.com/p/cochecito-de-paseo-3-ruedas-love-297-rojo-07-50005386/,149300.0,119399.0,1,True
FRA-discontinuado-cochecito-de-paseo-bright-,Fravega,OTRAS,Bebés y Primera Infancia,DISCONTINUADO - Cochecito de Paseo Bright starts Baby Jogger City Versa,https://www.fravega.com/p/discontinuado-cochecito-de-paseo-bright-starts-baby-jogger-city-versa-50005421/,1801400.0,1441099.0,1,True
FRA-cochecito-de-paseo-3-ruedas-love-297-lin,Fravega,OTRAS,Bebés y Primera Infancia,Cochecito de Paseo 3 Ruedas Love 297 Linen 07,https://www.fravega.com/p/cochecito-de-paseo-3-ruedas-love-297-linen-07-50005408/,149300.0,119399.0,1,True
FRA-coche-paraguita-bebesit-1058-neuf-negro-,Fravega,OTRAS,Bebés y Primera Infancia,Coche Paraguita Bebesit 1058 Neuf Negro Rojo,https://www.fravega.com/p/coche-paraguita-bebesit-1058-neuf-negro-rojo-50012677/,234928.0,152916.0,1,True
FRA-coche-paraguita-bebesit-1058-neuf-negro-,Fravega,OTRAS,Bebés y Primera Infancia,Coche Paraguita Bebesit 1058 Neuf Negro Bordo,https://www.fravega.com/p/coche-paraguita-bebesit-1058-neuf-negro-bordo-50012680/,234928.0,152916.0,1,True
FRA-coche-paraguita-bebesit-1058-neuf-negro-,Fravega,OTRAS,Bebés y Primera Infancia,Coche Paraguita Bebesit 1058 Neuf Negro,https://www.fravega.com/p/coche-paraguita-bebesit-1058-neuf-negro-50012683/,234928.0,152916.0,1,True
FRA-coche-paraguita-bebesit-1058-neuf-negro-,Fravega,OTRAS,Bebés y Primera Infancia,Coche Paraguita Bebesit 1058 Neuf Negro Verde,https://www.fravega.com/p/coche-paraguita-bebesit-1058-neuf-negro-verde-50012679/,234928.0,152916.0,1,True
FRA-coche-paraguitas-bebesit-1052-tours-negr,Fravega,OTRAS,Bebés y Primera Infancia,Coche Paraguitas Bebesit 1052 Tours Negro Lila,https://www.fravega.com/p/coche-paraguitas-bebesit-1052-tours-negro-lila-50012675/,187733.0,119191.0,1,True
FRA-extractor-de-leche-manual-avent-scf430-0,Fravega,OTRAS,Bebés y Primera Infancia,Extractor de Leche Manual Avent SCF430/01,https://www.fravega.com/p/extractor-de-leche-manual-avent-scf430-01-680428/,139999.0,90999.0,1,True
FRA-alfombra-infantil-mawe-by-gadnic-antides,Fravega,OTRAS,Bebés y Primera Infancia,Alfombra Infantil Mawe By Gadnic Antideslizante e Impermeable Para Bebes,https://www.fravega.com/p/alfombra-infantil-mawe-by-gadnic-antideslizante-e-impermeable-para-bebes-990265932/,85149.0,65498.99,1,True
FRA-booster-para-ninos-love-2052-680464,Fravega,OSTER,Bebés y Primera Infancia,Booster Para Niños Love 2052,https://www.fravega.com/p/booster-para-ninos-love-2052-680464/,39999.0,26999.0,1,True
FRA-mochila-porta-bebe-gadnic-ergonomica-20k,Fravega,OTRAS,Bebés y Primera Infancia,Mochila Porta Bebe Gadnic Ergonomica 20kg 3 en 1,https://www.fravega.com/p/mochila-porta-bebe-gadnic-ergonomica-20kg-3-1-990164232/,100424.0,77249.0,1,True
FRA-mamadera-avent-natural-response-scy903-0,Fravega,OTRAS,Bebés y Primera Infancia,Mamadera Avent Natural Response SCY903 01 260 Ml,https://www.fravega.com/p/mamadera-avent-natural-response-scy903-01-260-ml-680690/,44999.0,34999.0,1,True
FRA-manta-didactica-roff-gimnasio-proyector-,Fravega,OTRAS,Bebés y Primera Infancia,Manta Didáctica Roff Gimnasio Proyector Música Y Juguetes Bebe Rosa,https://www.fravega.com/p/manta-didactica-roff-gimnasio-proyector-musica-y-juguetes-bebe-rosa-680696/,95999.0,59999.0,1,True
FRA-corralito-gimnasio-para-bebe-love-hex-gr,Fravega,OTRAS,Bebés y Primera Infancia,Corralito Gimnasio Para Bebé Love Hex Gris 880,https://www.fravega.com/p/corralito-gimnasio-para-bebe-love-hex-gris-880-680908/,69999.0,49999.0,1,True
FRA-set-vasos-contenedores-avent-scf618710--,Fravega,OTRAS,Bebés y Primera Infancia,Set Vasos Contenedores Avent Scf618710,https://www.fravega.com/p/set-vasos-contenedores-avent-scf618710--680643/,61999.0,39999.0,1,True
FRA-sacaleche-electrico-gadnic-extractor-de-,Fravega,OTRAS,Bebés y Primera Infancia,Sacaleche Eléctrico Gadnic Extractor De Leche Portatil,https://www.fravega.com/p/sacaleche-electrico-gadnic-extractor-de-leche-portatil--990185582/,159899.0,122999.0,1,True
FRA-silla-comer-bebe-booster-portatil-alta-r,Fravega,OSTER,Bebés y Primera Infancia,Silla comer bebe booster portátil alta Rooby ROSA Tapizada,https://www.fravega.com/p/silla-comer-bebe-booster-portatil-alta-rooby-rosa-tapizada-990247588/,93702.0,56221.2,1,True
FRA-tetina-philips-avent-anticolicos-de-fluj,Fravega,PHILIPS,Bebés y Primera Infancia,Tetina Philips Avent Anticólicos de Flujo Lento x 2,https://www.fravega.com/p/tetina-philips-avent-anticolicos-de-flujo-lento-x-2-681017/,26999.0,11999.0,1,True
FRA-bebesit-alfombra-anti-golpes-reversible-,Fravega,OTRAS,Bebés y Primera Infancia,Bebesit Alfombra anti golpes reversible arcoiris 150 x 200,https://www.fravega.com/p/bebesit-alfombra-anti-golpes-reversible-arcoiris-150-x-200-990239660/,56050.0,41318.0,1,True
FRA-esterilizador-a-vapor-para-microondas-av,Fravega,OTRAS,Bebés y Primera Infancia,Esterilizador a vapor para microondas AVENT SCF28102,https://www.fravega.com/p/esterilizador-a-vapor-para-microondas-avent-scf28102-680151/,89999.0,60999.0,1,True
FRA-mecedora-bebesit-vibracion-8023-c-verde-,Fravega,OTRAS,Bebés y Primera Infancia,Mecedora Bebesit Vibracion 8023-C Verde,https://www.fravega.com/p/mecedora-bebesit-vibracion-8023-c-verde-680559/,89999.0,59999.0,1,True
FRA-sacaleche-x2-electrico-gadnic-extractor-,Fravega,OTRAS,Bebés y Primera Infancia,Sacaleche X2 Eléctrico Gadnic Extractor De Leche Portatil,https://www.fravega.com/p/sacaleche-x2-electrico-gadnic-extractor-de-leche-portatil-990228686/,339039.0,260799.0,1,True
FRA-coche-paraguitas-bebesit-1052-tours-negr,Fravega,OTRAS,Bebés y Primera Infancia,Coche Paraguitas Bebesit 1052 Tours Negro Celeste,https://www.fravega.com/p/coche-paraguitas-bebesit-1052-tours-negro-celeste-50012678/,187733.0,119191.0,1,True
FRA-coche-paraguitas-bebesit-1052-tours-negr,Fravega,OTRAS,Bebés y Primera Infancia,Coche Paraguitas Bebesit 1052 Tours Negro Verde,https://www.fravega.com/p/coche-paraguitas-bebesit-1052-tours-negro-verde-50012673/,187733.0,119191.0,1,True
FRA-coche-paraguitas-con-multiposiciones-dis,Fravega,OTRAS,Bebés y Primera Infancia,Coche Paraguitas con Multiposiciones Disney Gris y Rojo Mickey,https://www.fravega.com/p/coche-paraguitas-con-multiposiciones-disney-gris-y-rojo-mickey-50017015/,154280.0,100359.0,1,True
FRA-coche-paraguitas-con-multiposiciones-dis,Fravega,OTRAS,Bebés y Primera Infancia,Coche Paraguitas con Multiposiciones Disney Negro y Rojo Mickey,https://www.fravega.com/p/coche-paraguitas-con-multiposiciones-disney-negro-y-rojo-mickey-50017017/,154280.0,100359.0,1,True
FRA-cochecito-moises-love-smart-1009-negro-g,Fravega,OTRAS,Bebés y Primera Infancia,Cochecito Moises Love Smart 1009 Negro Gold 2 en 1,https://www.fravega.com/p/cochecito-moises-love-smart-1009-negro-gold-2-1-20060568/,301200.0,240899.0,1,True
FRA-cochecito-moises-love-smart-1009-linen-0,Fravega,OTRAS,Bebés y Primera Infancia,Cochecito Moises Love Smart 1009 Linen 08 2 en 1,https://www.fravega.com/p/cochecito-moises-love-smart-1009-linen-08-2-1-20060569/,301200.0,240899.0,1,True
FRA-cochecito-huevito-love-smart-1010-azul--,Fravega,OTRAS,Bebés y Primera Infancia,Cochecito Huevito Love Smart 1010 Azul,https://www.fravega.com/p/cochecito-huevito-love-smart-1010-azul--20060572/,652900.0,522299.0,1,True
FRA-cochecito-love-smart-1011-rojo-ultrapleg,Fravega,OTRAS,Bebés y Primera Infancia,Cochecito Love Smart 1011 Rojo Ultraplegable,https://www.fravega.com/p/cochecito-love-smart-1011-rojo-ultraplegable-20060575/,243700.0,194899.0,1,True
FRA-coche-cuna-de-bebe-travel-system-disney-,Fravega,OTRAS,Bebés y Primera Infancia,Coche Cuna de Bebe Travel System Disney Celeste Mickey,https://www.fravega.com/p/coche-cuna-de-bebe-travel-system-disney-celeste-mickey-20293896/,337520.0,236030.0,1,True
FRA-coche-cuna-de-bebe-con-3-posiciones-fiat,Fravega,OTRAS,Bebés y Primera Infancia,Coche Cuna de Bebe con 3 Posiciones Fiat Gris,https://www.fravega.com/p/coche-cuna-de-bebe-con-3-posiciones-fiat-gris-20363804/,190410.0,146470.0,1,True
FRA-cochecito-travel-system-gris-claro-con-m,Fravega,OTRAS,Bebés y Primera Infancia,Cochecito Travel System Gris Claro con Manillar Rebatible,https://www.fravega.com/p/cochecito-travel-system-gris-claro-con-manillar-rebatible-990049447/,642339.0,502788.0,1,True
FRA-cochecito-de-paseo-eos-verde-oscuro-9900,Fravega,OTRAS,Bebés y Primera Infancia,Cochecito de Paseo EOS Verde Oscuro,https://www.fravega.com/p/cochecito-de-paseo-eos-verde-oscuro-990049444/,279172.0,186632.0,1,True
FRA-cochecito-travel-system-azul-con-manilla,Fravega,OTRAS,Bebés y Primera Infancia,Cochecito Travel System Azul con Manillar Rebatible,https://www.fravega.com/p/cochecito-travel-system-azul-con-manillar-rebatible-990049445/,726373.0,562787.0,1,True
FRA-coche-paraguitas-de-bebe-disney-3-posici,Fravega,OTRAS,Bebés y Primera Infancia,Coche Paraguitas de Bebe Disney 3 Posiciones Negro,https://www.fravega.com/p/coche-paraguitas-de-bebe-disney-3-posiciones-negro-20458410/,154280.0,100359.0,1,True
FRA-coche-paraguitas-de-bebe-disney-3-posici,Fravega,OTRAS,Bebés y Primera Infancia,Coche Paraguitas de Bebe Disney 3 Posiciones Negro Rojo,https://www.fravega.com/p/coche-paraguitas-de-bebe-disney-3-posiciones-negro-rojo-20458414/,154280.0,100359.0,1,True
FRA-extractor-de-leche-manual-avent-scf430-0,Fravega,OTRAS,Bebés y Primera Infancia,Extractor de Leche Manual Avent SCF430/01,https://www.fravega.com/p/extractor-de-leche-manual-avent-scf430-01-680428/,139999.0,90999.0,1,True
FRA-alfombra-infantil-mawe-by-gadnic-antides,Fravega,OTRAS,Bebés y Primera Infancia,Alfombra Infantil Mawe By Gadnic Antideslizante e Impermeable Para Bebes,https://www.fravega.com/p/alfombra-infantil-mawe-by-gadnic-antideslizante-e-impermeable-para-bebes-990265932/,85149.0,65498.99,1,True
FRA-booster-para-ninos-love-2052-680464,Fravega,OSTER,Bebés y Primera Infancia,Booster Para Niños Love 2052,https://www.fravega.com/p/booster-para-ninos-love-2052-680464/,39999.0,26999.0,1,True
FRA-mochila-porta-bebe-gadnic-ergonomica-20k,Fravega,OTRAS,Bebés y Primera Infancia,Mochila Porta Bebe Gadnic Ergonomica 20kg 3 en 1,https://www.fravega.com/p/mochila-porta-bebe-gadnic-ergonomica-20kg-3-1-990164232/,100424.0,77249.0,1,True
FRA-mamadera-avent-natural-response-scy903-0,Fravega,OTRAS,Bebés y Primera Infancia,Mamadera Avent Natural Response SCY903 01 260 Ml,https://www.fravega.com/p/mamadera-avent-natural-response-scy903-01-260-ml-680690/,44999.0,34999.0,1,True
FRA-manta-didactica-roff-gimnasio-proyector-,Fravega,OTRAS,Bebés y Primera Infancia,Manta Didáctica Roff Gimnasio Proyector Música Y Juguetes Bebe Rosa,https://www.fravega.com/p/manta-didactica-roff-gimnasio-proyector-musica-y-juguetes-bebe-rosa-680696/,95999.0,59999.0,1,True
FRA-corralito-gimnasio-para-bebe-love-hex-gr,Fravega,OTRAS,Bebés y Primera Infancia,Corralito Gimnasio Para Bebé Love Hex Gris 880,https://www.fravega.com/p/corralito-gimnasio-para-bebe-love-hex-gris-880-680908/,69999.0,49999.0,1,True
FRA-set-vasos-contenedores-avent-scf618710--,Fravega,OTRAS,Bebés y Primera Infancia,Set Vasos Contenedores Avent Scf618710,https://www.fravega.com/p/set-vasos-contenedores-avent-scf618710--680643/,61999.0,39999.0,1,True
FRA-sacaleche-electrico-gadnic-extractor-de-,Fravega,OTRAS,Bebés y Primera Infancia,Sacaleche Eléctrico Gadnic Extractor De Leche Portatil,https://www.fravega.com/p/sacaleche-electrico-gadnic-extractor-de-leche-portatil--990185582/,159899.0,122999.0,1,True
FRA-silla-comer-bebe-booster-portatil-alta-r,Fravega,OSTER,Bebés y Primera Infancia,Silla comer bebe booster portátil alta Rooby ROSA Tapizada,https://www.fravega.com/p/silla-comer-bebe-booster-portatil-alta-rooby-rosa-tapizada-990247588/,93702.0,56221.2,1,True
FRA-tetina-philips-avent-anticolicos-de-fluj,Fravega,PHILIPS,Bebés y Primera Infancia,Tetina Philips Avent Anticólicos de Flujo Lento x 2,https://www.fravega.com/p/tetina-philips-avent-anticolicos-de-flujo-lento-x-2-681017/,26999.0,11999.0,1,True
FRA-bebesit-alfombra-anti-golpes-reversible-,Fravega,OTRAS,Bebés y Primera Infancia,Bebesit Alfombra anti golpes reversible arcoiris 150 x 200,https://www.fravega.com/p/bebesit-alfombra-anti-golpes-reversible-arcoiris-150-x-200-990239660/,56050.0,41318.0,1,True
FRA-esterilizador-a-vapor-para-microondas-av,Fravega,OTRAS,Bebés y Primera Infancia,Esterilizador a vapor para microondas AVENT SCF28102,https://www.fravega.com/p/esterilizador-a-vapor-para-microondas-avent-scf28102-680151/,89999.0,60999.0,1,True
FRA-mecedora-bebesit-vibracion-8023-c-verde-,Fravega,OTRAS,Bebés y Primera Infancia,Mecedora Bebesit Vibracion 8023-C Verde,https://www.fravega.com/p/mecedora-bebesit-vibracion-8023-c-verde-680559/,89999.0,59999.0,1,True
FRA-sacaleche-x2-electrico-gadnic-extractor-,Fravega,OTRAS,Bebés y Primera Infancia,Sacaleche X2 Eléctrico Gadnic Extractor De Leche Portatil,https://www.fravega.com/p/sacaleche-x2-electrico-gadnic-extractor-de-leche-portatil-990228686/,339039.0,260799.0,1,True
FRA-coche-paraguitas-de-bebe-disney-3-posici,Fravega,OTRAS,Bebés y Primera Infancia,Coche Paraguitas de Bebe Disney 3 Posiciones Celeste,https://www.fravega.com/p/coche-paraguitas-de-bebe-disney-3-posiciones-celeste-20458415/,154280.0,100359.0,1,True
FRA-coche-paraguitas-de-bebe-fiat-3-posicion,Fravega,OTRAS,Bebés y Primera Infancia,Coche Paraguitas de Bebe Fiat 3 Posiciones Celeste,https://www.fravega.com/p/coche-paraguitas-de-bebe-fiat-3-posiciones-celeste-20458416/,154280.0,100359.0,1,True
FRA-coche-paraguitas-de-bebe-fiat-3-posicion,Fravega,OTRAS,Bebés y Primera Infancia,Coche Paraguitas de Bebe Fiat 3 Posiciones Negro,https://www.fravega.com/p/coche-paraguitas-de-bebe-fiat-3-posiciones-negro-20458417/,154280.0,100359.0,1,True
FRA-coche-de-paseo-love-smart-1008-gris-6806,Fravega,OTRAS,Bebés y Primera Infancia,Coche de Paseo Love Smart 1008 Gris,https://www.fravega.com/p/coche-de-paseo-love-smart-1008-gris-680686/,249999.0,159999.0,1,True
FRA-cochecito-bebesit-1052-tours-paraguita-n,Fravega,OTRAS,Bebés y Primera Infancia,Cochecito Bebesit 1052 Tours Paraguita Negro Lima,https://www.fravega.com/p/cochecito-bebesit-1052-tours-paraguita-negro-lima-990054592/,187733.0,119191.0,1,True
FRA-cochecito-de-paseo-plegado-automatico-ul,Fravega,OTRAS,Bebés y Primera Infancia,Cochecito de paseo Plegado Automatico ultra plegable Love 1012 Gris,https://www.fravega.com/p/cochecito-de-paseo-plegado-automatico-ultra-plegable-love-1012-gris-21183777/,295400.0,236299.0,1,True
FRA-coche-cuna-de-bebe-con-3-posiciones-disn,Fravega,OTRAS,Bebés y Primera Infancia,Coche Cuna de Bebe con 3 Posiciones Disney Negro Gris,https://www.fravega.com/p/coche-cuna-de-bebe-con-3-posiciones-disney-negro-gris-21186011/,190410.0,146470.0,1,True
FRA-coche-cuna-de-bebe-con-3-posiciones-disn,Fravega,OTRAS,Bebés y Primera Infancia,Coche Cuna de Bebe con 3 Posiciones Disney Negro Rosa,https://www.fravega.com/p/coche-cuna-de-bebe-con-3-posiciones-disney-negro-rosa-21186086/,190410.0,146470.0,1,True
FRA-cochecito-de-paseo-bebesit-1390-f-c-mani,Fravega,OTRAS,Bebés y Primera Infancia,Cochecito De Paseo Bebesit 1390-f C/manillar Rosa,https://www.fravega.com/p/cochecito-de-paseo-bebesit-1390-f-c-manillar-rosa-21187846/,293136.39,272198.0,1,True
FRA-cochecito-de-paseo-bebesit-eos-gris-oscu,Fravega,OTRAS,Bebés y Primera Infancia,Cochecito de Paseo Bebesit EOS Gris Oscuro,https://www.fravega.com/p/cochecito-de-paseo-bebesit-eos-gris-oscuro-990074229/,279172.0,186632.0,1,True
FRA-cochecito-de-paseo-con-manillar-rebatibl,Fravega,OTRAS,Bebés y Primera Infancia,Cochecito de Paseo con Manillar Rebatible Rosado,https://www.fravega.com/p/cochecito-de-paseo-con-manillar-rebatible-rosado-990076416/,407027.0,275892.0,1,True
FRA-coche-bebesit-paraguitas-neuf-negro-y-ro,Fravega,OTRAS,Bebés y Primera Infancia,COCHE BEBESIT PARAGÜITAS NEUF NEGRO Y ROJO,https://www.fravega.com/p/coche-bebesit-paraguitas-neuf-negro-y-rojo-990076677/,125741.0,88019.01,1,True
FRA-coche-paraguitas-de-bebe-fiat-plegable-l,Fravega,OTRAS,Bebés y Primera Infancia,Coche Paraguitas de Bebe Fiat Plegable Liviano Verde,https://www.fravega.com/p/coche-paraguitas-de-bebe-fiat-plegable-liviano-verde-21220695/,141030.0,90540.0,1,True
FRA-coche-paraguitas-de-bebe-fiat-plegable-l,Fravega,OTRAS,Bebés y Primera Infancia,Coche Paraguitas de Bebe Fiat Plegable Liviano Rojo,https://www.fravega.com/p/coche-paraguitas-de-bebe-fiat-plegable-liviano-rojo-21220696/,141030.0,90540.0,1,True
FRA-cochecito-de-paseo-eos-violeta-990148465,Fravega,OTRAS,Bebés y Primera Infancia,Cochecito de Paseo EOS Violeta,https://www.fravega.com/p/cochecito-de-paseo-eos-violeta-990148465/,279172.0,186632.0,1,True
FRA-extractor-de-leche-manual-avent-scf430-0,Fravega,OTRAS,Bebés y Primera Infancia,Extractor de Leche Manual Avent SCF430/01,https://www.fravega.com/p/extractor-de-leche-manual-avent-scf430-01-680428/,139999.0,90999.0,1,True
FRA-alfombra-infantil-mawe-by-gadnic-antides,Fravega,OTRAS,Bebés y Primera Infancia,Alfombra Infantil Mawe By Gadnic Antideslizante e Impermeable Para Bebes,https://www.fravega.com/p/alfombra-infantil-mawe-by-gadnic-antideslizante-e-impermeable-para-bebes-990265932/,85149.0,65498.99,1,True
FRA-booster-para-ninos-love-2052-680464,Fravega,OSTER,Bebés y Primera Infancia,Booster Para Niños Love 2052,https://www.fravega.com/p/booster-para-ninos-love-2052-680464/,39999.0,26999.0,1,True
FRA-mochila-porta-bebe-gadnic-ergonomica-20k,Fravega,OTRAS,Bebés y Primera Infancia,Mochila Porta Bebe Gadnic Ergonomica 20kg 3 en 1,https://www.fravega.com/p/mochila-porta-bebe-gadnic-ergonomica-20kg-3-1-990164232/,100424.0,77249.0,1,True
FRA-mamadera-avent-natural-response-scy903-0,Fravega,OTRAS,Bebés y Primera Infancia,Mamadera Avent Natural Response SCY903 01 260 Ml,https://www.fravega.com/p/mamadera-avent-natural-response-scy903-01-260-ml-680690/,44999.0,34999.0,1,True
FRA-manta-didactica-roff-gimnasio-proyector-,Fravega,OTRAS,Bebés y Primera Infancia,Manta Didáctica Roff Gimnasio Proyector Música Y Juguetes Bebe Rosa,https://www.fravega.com/p/manta-didactica-roff-gimnasio-proyector-musica-y-juguetes-bebe-rosa-680696/,95999.0,59999.0,1,True
FRA-corralito-gimnasio-para-bebe-love-hex-gr,Fravega,OTRAS,Bebés y Primera Infancia,Corralito Gimnasio Para Bebé Love Hex Gris 880,https://www.fravega.com/p/corralito-gimnasio-para-bebe-love-hex-gris-880-680908/,69999.0,49999.0,1,True
FRA-set-vasos-contenedores-avent-scf618710--,Fravega,OTRAS,Bebés y Primera Infancia,Set Vasos Contenedores Avent Scf618710,https://www.fravega.com/p/set-vasos-contenedores-avent-scf618710--680643/,61999.0,39999.0,1,True
FRA-sacaleche-electrico-gadnic-extractor-de-,Fravega,OTRAS,Bebés y Primera Infancia,Sacaleche Eléctrico Gadnic Extractor De Leche Portatil,https://www.fravega.com/p/sacaleche-electrico-gadnic-extractor-de-leche-portatil--990185582/,159899.0,122999.0,1,True
FRA-silla-comer-bebe-booster-portatil-alta-r,Fravega,OSTER,Bebés y Primera Infancia,Silla comer bebe booster portátil alta Rooby ROSA Tapizada,https://www.fravega.com/p/silla-comer-bebe-booster-portatil-alta-rooby-rosa-tapizada-990247588/,93702.0,56221.2,1,True
FRA-tetina-philips-avent-anticolicos-de-fluj,Fravega,PHILIPS,Bebés y Primera Infancia,Tetina Philips Avent Anticólicos de Flujo Lento x 2,https://www.fravega.com/p/tetina-philips-avent-anticolicos-de-flujo-lento-x-2-681017/,26999.0,11999.0,1,True
FRA-bebesit-alfombra-anti-golpes-reversible-,Fravega,OTRAS,Bebés y Primera Infancia,Bebesit Alfombra anti golpes reversible arcoiris 150 x 200,https://www.fravega.com/p/bebesit-alfombra-anti-golpes-reversible-arcoiris-150-x-200-990239660/,56050.0,41318.0,1,True
FRA-esterilizador-a-vapor-para-microondas-av,Fravega,OTRAS,Bebés y Primera Infancia,Esterilizador a vapor para microondas AVENT SCF28102,https://www.fravega.com/p/esterilizador-a-vapor-para-microondas-avent-scf28102-680151/,89999.0,60999.0,1,True
FRA-mecedora-bebesit-vibracion-8023-c-verde-,Fravega,OTRAS,Bebés y Primera Infancia,Mecedora Bebesit Vibracion 8023-C Verde,https://www.fravega.com/p/mecedora-bebesit-vibracion-8023-c-verde-680559/,89999.0,59999.0,1,True
FRA-sacaleche-x2-electrico-gadnic-extractor-,Fravega,OTRAS,Bebés y Primera Infancia,Sacaleche X2 Eléctrico Gadnic Extractor De Leche Portatil,https://www.fravega.com/p/sacaleche-x2-electrico-gadnic-extractor-de-leche-portatil-990228686/,339039.0,260799.0,1,True
FRA-alfombra-sensorial-inflable-con-agua-y-a,Fravega,OTRAS,Bebés y Primera Infancia,Alfombra Sensorial Inflable con Agua y Aire Love 4230 Peces,https://www.fravega.com/p/alfombra-sensorial-inflable-con-agua-y-aire-love-4230-peces-680591/,10999.0,6999.0,1,True
FRA-practicuna-love-beige-893-colchon-de-reg,Fravega,OTRAS,Bebés y Primera Infancia,Practicuna Love Beige 893 + Colchón de regalo,https://www.fravega.com/p/practicuna-love-beige-893-colchon-de-regalo-681170/,199999.0,134999.0,1,True
FRA-practicuna-love-gris-833-colchon-de-rega,Fravega,OTRAS,Bebés y Primera Infancia,Practicuna Love Gris 833 + Colchón de regalo,https://www.fravega.com/p/practicuna-love-gris-833-colchon-de-regalo-680966/,199999.0,136999.0,1,True
FRA-cuna-colecho-convertible-5-1-escritorio-,Fravega,OTRAS,Bebés y Primera Infancia,Cuna Colecho Convertible 5 En 1 Escritorio + Placard + Chifonier,https://www.fravega.com/p/cuna-colecho-convertible-5-1-escritorio-placard-chifonier-21255998/,798000.0,598500.0,1,True
FRA-corralito-inflable-my-first-gym-intex-68,Fravega,OTRAS,Bebés y Primera Infancia,Corralito Inflable My First Gym Intex,https://www.fravega.com/p/corralito-inflable-my-first-gym-intex-680745/,59999.0,39999.0,1,True
FRA-corralito-inflable-baby-gym-intex-19611-,Fravega,OTRAS,Bebés y Primera Infancia,Corralito Inflable Baby Gym Intex 19611 Amarillo,https://www.fravega.com/p/corralito-inflable-baby-gym-intex-19611-amarillo-680706/,79999.0,49999.0,1,True
FRA-colchon-para-practicuna-70x100x10-215002,Fravega,OTRAS,Bebés y Primera Infancia,Colchón Para Practicuna 70x100x10,https://www.fravega.com/p/colchon-para-practicuna-70x100x10-21500213/,81650.0,53072.0,1,True
FRA-colchon-80x140x10-cuna-funcional--215002,Fravega,OTRAS,Bebés y Primera Infancia,Colchón 80x140x10 Cuna Funcional,https://www.fravega.com/p/colchon-80x140x10-cuna-funcional--21500217/,108494.0,70521.0,1,True
FRA-pelotero-montessori-bebes-ninos-rigido-9,Fravega,OTRAS,Bebés y Primera Infancia,Pelotero Montessori Bebes Niños Rígido 90cm  Gris Corralito,https://www.fravega.com/p/pelotero-montessori-bebes-ninos-rigido-90cm-gris-corralito-22766203/,120000.0,79999.0,1,True
FRA-corralito-plegable-bebe-hexagonal-mawe-b,Fravega,OTRAS,Bebés y Primera Infancia,Corralito Plegable Bebe Hexagonal Mawe by Gadnic Tela Oxford 210D,https://www.fravega.com/p/corralito-plegable-bebe-hexagonal-mawe-by-gadnic-tela-oxford-210d-990290154/,206374.0,158748.99,1,True
FRA-mosquitero-para-cochecito-o-cuna-univers,Fravega,OTRAS,Bebés y Primera Infancia,Mosquitero para Cochecito o Cuna Universal Love 2730,https://www.fravega.com/p/mosquitero-para-cochecito-o-cuna-universal-love-2730-50005433/,15000.0,11999.0,1,True
FRA-practicuna-colecho-bebesit-gris-50039698,Fravega,OTRAS,Bebés y Primera Infancia,Practicuna Colecho Bebesit Gris,https://www.fravega.com/p/practicuna-colecho-bebesit-gris-50039698/,292954.0,202655.0,1,True
FRA-practicuna-colecho-bebesit-gris-con-mosq,Fravega,OTRAS,Bebés y Primera Infancia,Practicuna Colecho Bebesit Gris Con Mosquitero,https://www.fravega.com/p/practicuna-colecho-bebesit-gris-con-mosquitero-990173487/,214899.0,150429.0,1,True
FRA-colchon-50x100x10-cuna--21500206,Fravega,OTRAS,Bebés y Primera Infancia,Colchón 50x100x10 Cuna,https://www.fravega.com/p/colchon-50x100x10-cuna--21500206/,66711.0,43362.0,1,True
FRA-extractor-de-leche-manual-avent-scf430-0,Fravega,OTRAS,Bebés y Primera Infancia,Extractor de Leche Manual Avent SCF430/01,https://www.fravega.com/p/extractor-de-leche-manual-avent-scf430-01-680428/,139999.0,90999.0,1,True
FRA-alfombra-infantil-mawe-by-gadnic-antides,Fravega,OTRAS,Bebés y Primera Infancia,Alfombra Infantil Mawe By Gadnic Antideslizante e Impermeable Para Bebes,https://www.fravega.com/p/alfombra-infantil-mawe-by-gadnic-antideslizante-e-impermeable-para-bebes-990265932/,85149.0,65498.99,1,True
FRA-booster-para-ninos-love-2052-680464,Fravega,OSTER,Bebés y Primera Infancia,Booster Para Niños Love 2052,https://www.fravega.com/p/booster-para-ninos-love-2052-680464/,39999.0,26999.0,1,True
FRA-mochila-porta-bebe-gadnic-ergonomica-20k,Fravega,OTRAS,Bebés y Primera Infancia,Mochila Porta Bebe Gadnic Ergonomica 20kg 3 en 1,https://www.fravega.com/p/mochila-porta-bebe-gadnic-ergonomica-20kg-3-1-990164232/,100424.0,77249.0,1,True
FRA-mamadera-avent-natural-response-scy903-0,Fravega,OTRAS,Bebés y Primera Infancia,Mamadera Avent Natural Response SCY903 01 260 Ml,https://www.fravega.com/p/mamadera-avent-natural-response-scy903-01-260-ml-680690/,44999.0,34999.0,1,True
FRA-manta-didactica-roff-gimnasio-proyector-,Fravega,OTRAS,Bebés y Primera Infancia,Manta Didáctica Roff Gimnasio Proyector Música Y Juguetes Bebe Rosa,https://www.fravega.com/p/manta-didactica-roff-gimnasio-proyector-musica-y-juguetes-bebe-rosa-680696/,95999.0,59999.0,1,True
FRA-corralito-gimnasio-para-bebe-love-hex-gr,Fravega,OTRAS,Bebés y Primera Infancia,Corralito Gimnasio Para Bebé Love Hex Gris 880,https://www.fravega.com/p/corralito-gimnasio-para-bebe-love-hex-gris-880-680908/,69999.0,49999.0,1,True
FRA-set-vasos-contenedores-avent-scf618710--,Fravega,OTRAS,Bebés y Primera Infancia,Set Vasos Contenedores Avent Scf618710,https://www.fravega.com/p/set-vasos-contenedores-avent-scf618710--680643/,61999.0,39999.0,1,True
FRA-sacaleche-electrico-gadnic-extractor-de-,Fravega,OTRAS,Bebés y Primera Infancia,Sacaleche Eléctrico Gadnic Extractor De Leche Portatil,https://www.fravega.com/p/sacaleche-electrico-gadnic-extractor-de-leche-portatil--990185582/,159899.0,122999.0,1,True
FRA-silla-comer-bebe-booster-portatil-alta-r,Fravega,OSTER,Bebés y Primera Infancia,Silla comer bebe booster portátil alta Rooby ROSA Tapizada,https://www.fravega.com/p/silla-comer-bebe-booster-portatil-alta-rooby-rosa-tapizada-990247588/,93702.0,56221.2,1,True
FRA-tetina-philips-avent-anticolicos-de-fluj,Fravega,PHILIPS,Bebés y Primera Infancia,Tetina Philips Avent Anticólicos de Flujo Lento x 2,https://www.fravega.com/p/tetina-philips-avent-anticolicos-de-flujo-lento-x-2-681017/,26999.0,11999.0,1,True
FRA-bebesit-alfombra-anti-golpes-reversible-,Fravega,OTRAS,Bebés y Primera Infancia,Bebesit Alfombra anti golpes reversible arcoiris 150 x 200,https://www.fravega.com/p/bebesit-alfombra-anti-golpes-reversible-arcoiris-150-x-200-990239660/,56050.0,41318.0,1,True
FRA-esterilizador-a-vapor-para-microondas-av,Fravega,OTRAS,Bebés y Primera Infancia,Esterilizador a vapor para microondas AVENT SCF28102,https://www.fravega.com/p/esterilizador-a-vapor-para-microondas-avent-scf28102-680151/,89999.0,60999.0,1,True
FRA-mecedora-bebesit-vibracion-8023-c-verde-,Fravega,OTRAS,Bebés y Primera Infancia,Mecedora Bebesit Vibracion 8023-C Verde,https://www.fravega.com/p/mecedora-bebesit-vibracion-8023-c-verde-680559/,89999.0,59999.0,1,True
FRA-sacaleche-x2-electrico-gadnic-extractor-,Fravega,OTRAS,Bebés y Primera Infancia,Sacaleche X2 Eléctrico Gadnic Extractor De Leche Portatil,https://www.fravega.com/p/sacaleche-x2-electrico-gadnic-extractor-de-leche-portatil-990228686/,339039.0,260799.0,1,True
FRA-colchon-de-cuna-60x120x10-21500208,Fravega,OTRAS,Bebés y Primera Infancia,Colchón De Cuna 60x120x10,https://www.fravega.com/p/colchon-de-cuna-60x120x10-21500208/,79952.0,51969.0,1,True
FRA-practicuna-funky-fresh-luna-funkyeco-par,Fravega,OTRAS,Bebés y Primera Infancia,Practicuna Funky Fresh Luna Funkyeco Para Bebés Color Gris Oscuro,https://www.fravega.com/p/practicuna-funky-fresh-luna-funkyeco-para-bebes-color-gris-oscuro-22467269/,181999.0,129999.0,1,True
FRA-practicuna-funky-fresh-luna-funkyeco-par,Fravega,OTRAS,Bebés y Primera Infancia,Practicuna Funky Fresh Luna Funkyeco Para Bebés Color Rosa,https://www.fravega.com/p/practicuna-funky-fresh-luna-funkyeco-para-bebes-color-rosa-22467279/,181999.0,129999.0,1,True
FRA-corralito-bebesit-2119-rosa-990235534,Fravega,OTRAS,Bebés y Primera Infancia,Corralito Bebesit 2119 Rosa,https://www.fravega.com/p/corralito-bebesit-2119-rosa-990235534/,86473.0,67364.0,1,True
FRA-practicuna-corralito-plegable-transporta,Fravega,OTRAS,Bebés y Primera Infancia,Practicuna Corralito Plegable Transportable Bebesit 2105-ab Gris Liso,https://www.fravega.com/p/practicuna-corralito-plegable-transportable-bebesit-2105-ab-gris-liso-22696833/,153137.47,142199.0,1,True
FRA-cuna-colecho-infanti-always-together-2g-,Fravega,OTRAS,Bebés y Primera Infancia,Cuna Colecho Infanti Always Together 2G Marengo,https://www.fravega.com/p/cuna-colecho-infanti-always-together-2g-marengo-990275594/,399999.0,279999.0,1,True
FRA-colchon-de-espuma-cannon-cuna-infantil-9,Fravega,OTRAS,Bebés y Primera Infancia,Colchon De Espuma Cannon Cuna Infantil  97cm X 65cm X 10cm,https://www.fravega.com/p/colchon-de-espuma-cannon-cuna-infantil-97cm-x-65cm-x-10cm-22731879/,186306.71,172999.0,1,True
FRA-corralito-bebe-mawe-by-gadnic-plegable-t,Fravega,OTRAS,Bebés y Primera Infancia,Corralito Bebe Mawe by Gadnic Plegable Tela Oxford Aro Basquet Red Futbol,https://www.fravega.com/p/corralito-bebe-mawe-by-gadnic-plegable-tela-oxford-aro-basquet-red-futbol-990288860/,220999.0,169999.0,1,True
FRA-corral-para-bebes-mawe-by-gadnic-120cm-a,Fravega,OTRAS,Bebés y Primera Infancia,Corral Para Bebes Mawe By Gadnic 120cm Alfombra Anillos De Agarre Espuma Protectora,https://www.fravega.com/p/corral-para-bebes-mawe-by-gadnic-120cm-alfombra-anillos-de-agarre-espuma-protectora-990290157/,282021.0,216939.0,1,True
FRA-corralito-hexagonal-playard-cosco-grey-9,Fravega,OTRAS,Bebés y Primera Infancia,Corralito Hexagonal Playard Cosco Grey,https://www.fravega.com/p/corralito-hexagonal-playard-cosco-grey-990291963/,199999.0,64999.0,1,True
FRA-cuna-colecho-near-crib-cosco-rosa-990291,Fravega,OTRAS,Bebés y Primera Infancia,Cuna Colecho Near Crib Cosco Rosa,https://www.fravega.com/p/cuna-colecho-near-crib-cosco-rosa-990291952/,499999.0,189999.0,1,True
FRA-cuna-colecho-near-crib-cosco-gris-990291,Fravega,OTRAS,Bebés y Primera Infancia,Cuna Colecho Near Crib Cosco Gris,https://www.fravega.com/p/cuna-colecho-near-crib-cosco-gris-990291950/,499999.0,189999.0,1,True
FRA-corralito-inflable-cuadrado-baby-gym-int,Fravega,OTRAS,Bebés y Primera Infancia,Corralito inflable Cuadrado Baby Gym Intex,https://www.fravega.com/p/corralito-inflable-cuadrado-baby-gym-intex-10015568/,111054.0,99949.0,1,True
FRA-corralito-inflable-redondo-intex-my-firs,Fravega,OTRAS,Bebés y Primera Infancia,Corralito Inflable Redondo Intex My First Gym,https://www.fravega.com/p/corralito-inflable-redondo-intex-my-first-gym-10015570/,83290.0,74961.0,1,True
FRA-vibrador-para-cuna-love-800-negro-500055,Fravega,OTRAS,Bebés y Primera Infancia,Vibrador para Cuna Love 800 Negro,https://www.fravega.com/p/vibrador-para-cuna-love-800-negro-50005528/,17000.0,13599.0,1,True
FRA-extractor-de-leche-manual-avent-scf430-0,Fravega,OTRAS,Bebés y Primera Infancia,Extractor de Leche Manual Avent SCF430/01,https://www.fravega.com/p/extractor-de-leche-manual-avent-scf430-01-680428/,139999.0,90999.0,1,True
FRA-alfombra-infantil-mawe-by-gadnic-antides,Fravega,OTRAS,Bebés y Primera Infancia,Alfombra Infantil Mawe By Gadnic Antideslizante e Impermeable Para Bebes,https://www.fravega.com/p/alfombra-infantil-mawe-by-gadnic-antideslizante-e-impermeable-para-bebes-990265932/,85149.0,65498.99,1,True
FRA-booster-para-ninos-love-2052-680464,Fravega,OSTER,Bebés y Primera Infancia,Booster Para Niños Love 2052,https://www.fravega.com/p/booster-para-ninos-love-2052-680464/,39999.0,26999.0,1,True
FRA-mochila-porta-bebe-gadnic-ergonomica-20k,Fravega,OTRAS,Bebés y Primera Infancia,Mochila Porta Bebe Gadnic Ergonomica 20kg 3 en 1,https://www.fravega.com/p/mochila-porta-bebe-gadnic-ergonomica-20kg-3-1-990164232/,100424.0,77249.0,1,True
FRA-mamadera-avent-natural-response-scy903-0,Fravega,OTRAS,Bebés y Primera Infancia,Mamadera Avent Natural Response SCY903 01 260 Ml,https://www.fravega.com/p/mamadera-avent-natural-response-scy903-01-260-ml-680690/,44999.0,34999.0,1,True
FRA-manta-didactica-roff-gimnasio-proyector-,Fravega,OTRAS,Bebés y Primera Infancia,Manta Didáctica Roff Gimnasio Proyector Música Y Juguetes Bebe Rosa,https://www.fravega.com/p/manta-didactica-roff-gimnasio-proyector-musica-y-juguetes-bebe-rosa-680696/,95999.0,59999.0,1,True
FRA-corralito-gimnasio-para-bebe-love-hex-gr,Fravega,OTRAS,Bebés y Primera Infancia,Corralito Gimnasio Para Bebé Love Hex Gris 880,https://www.fravega.com/p/corralito-gimnasio-para-bebe-love-hex-gris-880-680908/,69999.0,49999.0,1,True
FRA-set-vasos-contenedores-avent-scf618710--,Fravega,OTRAS,Bebés y Primera Infancia,Set Vasos Contenedores Avent Scf618710,https://www.fravega.com/p/set-vasos-contenedores-avent-scf618710--680643/,61999.0,39999.0,1,True
FRA-sacaleche-electrico-gadnic-extractor-de-,Fravega,OTRAS,Bebés y Primera Infancia,Sacaleche Eléctrico Gadnic Extractor De Leche Portatil,https://www.fravega.com/p/sacaleche-electrico-gadnic-extractor-de-leche-portatil--990185582/,159899.0,122999.0,1,True
FRA-silla-comer-bebe-booster-portatil-alta-r,Fravega,OSTER,Bebés y Primera Infancia,Silla comer bebe booster portátil alta Rooby ROSA Tapizada,https://www.fravega.com/p/silla-comer-bebe-booster-portatil-alta-rooby-rosa-tapizada-990247588/,93702.0,56221.2,1,True
FRA-tetina-philips-avent-anticolicos-de-fluj,Fravega,PHILIPS,Bebés y Primera Infancia,Tetina Philips Avent Anticólicos de Flujo Lento x 2,https://www.fravega.com/p/tetina-philips-avent-anticolicos-de-flujo-lento-x-2-681017/,26999.0,11999.0,1,True
FRA-bebesit-alfombra-anti-golpes-reversible-,Fravega,OTRAS,Bebés y Primera Infancia,Bebesit Alfombra anti golpes reversible arcoiris 150 x 200,https://www.fravega.com/p/bebesit-alfombra-anti-golpes-reversible-arcoiris-150-x-200-990239660/,56050.0,41318.0,1,True
FRA-esterilizador-a-vapor-para-microondas-av,Fravega,OTRAS,Bebés y Primera Infancia,Esterilizador a vapor para microondas AVENT SCF28102,https://www.fravega.com/p/esterilizador-a-vapor-para-microondas-avent-scf28102-680151/,89999.0,60999.0,1,True
FRA-mecedora-bebesit-vibracion-8023-c-verde-,Fravega,OTRAS,Bebés y Primera Infancia,Mecedora Bebesit Vibracion 8023-C Verde,https://www.fravega.com/p/mecedora-bebesit-vibracion-8023-c-verde-680559/,89999.0,59999.0,1,True
FRA-sacaleche-x2-electrico-gadnic-extractor-,Fravega,OTRAS,Bebés y Primera Infancia,Sacaleche X2 Eléctrico Gadnic Extractor De Leche Portatil,https://www.fravega.com/p/sacaleche-x2-electrico-gadnic-extractor-de-leche-portatil-990228686/,339039.0,260799.0,1,True
FRA-practicuna-colecho-bebesit-rosa-50039697,Fravega,OTRAS,Bebés y Primera Infancia,Practicuna Colecho Bebesit Rosa,https://www.fravega.com/p/practicuna-colecho-bebesit-rosa-50039697/,292954.0,202655.0,1,True
FRA-practicuna-colecho-bebesit-celeste-50039,Fravega,OTRAS,Bebés y Primera Infancia,Practicuna Colecho Bebesit Celeste,https://www.fravega.com/p/practicuna-colecho-bebesit-celeste-50039696/,292954.0,202655.0,1,True
FRA-practicuna-bebesit-2105-cambiador-mosqui,Fravega,OTRAS,Bebés y Primera Infancia,Practicuna Bebesit 2105 Cambiador Mosquitero,https://www.fravega.com/p/practicuna-bebesit-2105-cambiador-mosquitero-990024538/,230087.0,157731.99,1,True
FRA-corralito-bebes-y-ninos-1-20x1-20x60-mon,Fravega,OTRAS,Bebés y Primera Infancia,Corralito Bebés Y Niños (1.20x1.20x60) Montessori,https://www.fravega.com/p/corralito-bebes-y-ninos-1-20x1-20x60-montessori-20348968/,228332.5,109450.0,1,True
FRA-corralito-bebes-y-ninos-1-50x1-50x60-lis,Fravega,OTRAS,Bebés y Primera Infancia,Corralito Bebés Y Niños (1.50x1.50x60) - Liso Sin Diseño,https://www.fravega.com/p/corralito-bebes-y-ninos-1-50x1-50x60-liso-sin-diseno-20353021/,328900.0,173250.0,1,True
FRA-practicuna-colecho-para-bebe-bebesit-202,Fravega,OTRAS,Bebés y Primera Infancia,Practicuna Colecho Para Bebe Bebesit 2021c Con Mosquitero,https://www.fravega.com/p/practicuna-colecho-para-bebe-bebesit-2021c-con-mosquitero-20415049/,205799.0,203299.0,1,True
FRA-practicuna-colecho-bebe-bebesit-2021-gri,Fravega,OTRAS,Bebés y Primera Infancia,Practicuna Colecho Bebe Bebesit 2021 Gris Con Mosquitero,https://www.fravega.com/p/practicuna-colecho-bebe-bebesit-2021-gris-con-mosquitero-20458675/,205799.0,203299.0,1,True
FRA-chicco-carrusel-next2-dreams-3-1-76271-9,Fravega,CHICCO,Bebés y Primera Infancia,Chicco Carrusel Next2 Dreams 3 En 1 76271,https://www.fravega.com/p/chicco-carrusel-next2-dreams-3-1-76271-990052224/,149990.0,79990.0,1,True
FRA-chicco-luz-de-noche-goodnight-bear-blue-,Fravega,CHICCO,Bebés y Primera Infancia,Chicco Luz De Noche Goodnight Bear Blue 91562,https://www.fravega.com/p/chicco-luz-de-noche-goodnight-bear-blue-91562-990052273/,84990.0,54990.0,1,True
FRA-proyector-cuna-chicco-next2moon-musica-c,Fravega,CHICCO,Bebés y Primera Infancia,Proyector Cuna Chicco Next2moon Música Clásica 9828,https://www.fravega.com/p/proyector-cuna-chicco-next2moon-musica-clasica-9828-990052271/,129990.0,89989.99,1,True
FRA-cuna-evolutiva-4-1-blanca-21195400,Fravega,OTRAS,Bebés y Primera Infancia,Cuna evolutiva 4 en 1 - Blanca,https://www.fravega.com/p/cuna-evolutiva-4-1-blanca-21195400/,1044100.0,750200.0,1,True
FRA-cama-evolutiva-1-plaza-blanca-21195404,Fravega,OTRAS,Bebés y Primera Infancia,Cama evolutiva - 1 plaza - Blanca,https://www.fravega.com/p/cama-evolutiva-1-plaza-blanca-21195404/,780800.0,570000.0,1,True
FRA-cama-evolutiva-1-plaza-21195407,Fravega,OTRAS,Bebés y Primera Infancia,Cama Evolutiva 1 Plaza,https://www.fravega.com/p/cama-evolutiva-1-plaza-21195407/,1122900.0,811030.0,1,True
FRA-cuna-evolutiva-4-1-paraiso-21195919,Fravega,OTRAS,Bebés y Primera Infancia,Cuna evolutiva 4 en 1 - Paraíso,https://www.fravega.com/p/cuna-evolutiva-4-1-paraiso-21195919/,1560200.0,1020500.0,1,True
FRA-cuna-colecho-multifuncion-5-en1-21214921,Fravega,OTRAS,Bebés y Primera Infancia,Cuna Colecho Multifuncion 5 en1,https://www.fravega.com/p/cuna-colecho-multifuncion-5-en1-21214921/,298800.0,226400.0,1,True
FRA-extractor-de-leche-manual-avent-scf430-0,Fravega,OTRAS,Bebés y Primera Infancia,Extractor de Leche Manual Avent SCF430/01,https://www.fravega.com/p/extractor-de-leche-manual-avent-scf430-01-680428/,139999.0,90999.0,1,True
FRA-alfombra-infantil-mawe-by-gadnic-antides,Fravega,OTRAS,Bebés y Primera Infancia,Alfombra Infantil Mawe By Gadnic Antideslizante e Impermeable Para Bebes,https://www.fravega.com/p/alfombra-infantil-mawe-by-gadnic-antideslizante-e-impermeable-para-bebes-990265932/,85149.0,65498.99,1,True
FRA-booster-para-ninos-love-2052-680464,Fravega,OSTER,Bebés y Primera Infancia,Booster Para Niños Love 2052,https://www.fravega.com/p/booster-para-ninos-love-2052-680464/,39999.0,26999.0,1,True
FRA-mochila-porta-bebe-gadnic-ergonomica-20k,Fravega,OTRAS,Bebés y Primera Infancia,Mochila Porta Bebe Gadnic Ergonomica 20kg 3 en 1,https://www.fravega.com/p/mochila-porta-bebe-gadnic-ergonomica-20kg-3-1-990164232/,100424.0,77249.0,1,True
FRA-mamadera-avent-natural-response-scy903-0,Fravega,OTRAS,Bebés y Primera Infancia,Mamadera Avent Natural Response SCY903 01 260 Ml,https://www.fravega.com/p/mamadera-avent-natural-response-scy903-01-260-ml-680690/,44999.0,34999.0,1,True
FRA-manta-didactica-roff-gimnasio-proyector-,Fravega,OTRAS,Bebés y Primera Infancia,Manta Didáctica Roff Gimnasio Proyector Música Y Juguetes Bebe Rosa,https://www.fravega.com/p/manta-didactica-roff-gimnasio-proyector-musica-y-juguetes-bebe-rosa-680696/,95999.0,59999.0,1,True
FRA-corralito-gimnasio-para-bebe-love-hex-gr,Fravega,OTRAS,Bebés y Primera Infancia,Corralito Gimnasio Para Bebé Love Hex Gris 880,https://www.fravega.com/p/corralito-gimnasio-para-bebe-love-hex-gris-880-680908/,69999.0,49999.0,1,True
FRA-set-vasos-contenedores-avent-scf618710--,Fravega,OTRAS,Bebés y Primera Infancia,Set Vasos Contenedores Avent Scf618710,https://www.fravega.com/p/set-vasos-contenedores-avent-scf618710--680643/,61999.0,39999.0,1,True
FRA-sacaleche-electrico-gadnic-extractor-de-,Fravega,OTRAS,Bebés y Primera Infancia,Sacaleche Eléctrico Gadnic Extractor De Leche Portatil,https://www.fravega.com/p/sacaleche-electrico-gadnic-extractor-de-leche-portatil--990185582/,159899.0,122999.0,1,True
FRA-silla-comer-bebe-booster-portatil-alta-r,Fravega,OSTER,Bebés y Primera Infancia,Silla comer bebe booster portátil alta Rooby ROSA Tapizada,https://www.fravega.com/p/silla-comer-bebe-booster-portatil-alta-rooby-rosa-tapizada-990247588/,93702.0,56221.2,1,True
FRA-tetina-philips-avent-anticolicos-de-fluj,Fravega,PHILIPS,Bebés y Primera Infancia,Tetina Philips Avent Anticólicos de Flujo Lento x 2,https://www.fravega.com/p/tetina-philips-avent-anticolicos-de-flujo-lento-x-2-681017/,26999.0,11999.0,1,True
FRA-bebesit-alfombra-anti-golpes-reversible-,Fravega,OTRAS,Bebés y Primera Infancia,Bebesit Alfombra anti golpes reversible arcoiris 150 x 200,https://www.fravega.com/p/bebesit-alfombra-anti-golpes-reversible-arcoiris-150-x-200-990239660/,56050.0,41318.0,1,True
FRA-esterilizador-a-vapor-para-microondas-av,Fravega,OTRAS,Bebés y Primera Infancia,Esterilizador a vapor para microondas AVENT SCF28102,https://www.fravega.com/p/esterilizador-a-vapor-para-microondas-avent-scf28102-680151/,89999.0,60999.0,1,True
FRA-mecedora-bebesit-vibracion-8023-c-verde-,Fravega,OTRAS,Bebés y Primera Infancia,Mecedora Bebesit Vibracion 8023-C Verde,https://www.fravega.com/p/mecedora-bebesit-vibracion-8023-c-verde-680559/,89999.0,59999.0,1,True
FRA-sacaleche-x2-electrico-gadnic-extractor-,Fravega,OTRAS,Bebés y Primera Infancia,Sacaleche X2 Eléctrico Gadnic Extractor De Leche Portatil,https://www.fravega.com/p/sacaleche-x2-electrico-gadnic-extractor-de-leche-portatil-990228686/,339039.0,260799.0,1,True
FRA-cuna-colecho-convertible-escritorio-mois,Fravega,OTRAS,Bebés y Primera Infancia,Cuna Colecho Convertible En Escritorio Moises Mesita 5 En 1,https://www.fravega.com/p/cuna-colecho-convertible-escritorio-moises-mesita-5-1-21214967/,312700.0,236900.0,1,True
FRA-cuna-colecho-multifuncion-5-1-incluye-co,Fravega,OTRAS,Bebés y Primera Infancia,Cuna Colecho Multifuncion 5 en 1 Incluye Colchón,https://www.fravega.com/p/cuna-colecho-multifuncion-5-1-incluye-colchon-21215807/,352300.0,266900.0,1,True
FRA-cuna-colecho-convertible-5-1-escritorio-,Fravega,OTRAS,Bebés y Primera Infancia,Cuna Colecho Convertible 5 en 1 Escritorio Con Colchon,https://www.fravega.com/p/cuna-colecho-convertible-5-1-escritorio-con-colchon--21215810/,384900.0,291600.0,1,True
FRA-cama-montessori-infantil-juvenil-para-co,Fravega,OTRAS,Bebés y Primera Infancia,Cama Montessori Infantil Juvenil Para Colchon 140x80,https://www.fravega.com/p/cama-montessori-infantil-juvenil-para-colchon-140x80-21215946/,358800.0,271800.0,1,True
FRA-cuna-colecho-5-1-convertible-mosies-escr,Fravega,OTRAS,Bebés y Primera Infancia,Cuna Colecho 5 En 1 Convertible En Mosies Escritorio Mesa Infantil,https://www.fravega.com/p/cuna-colecho-5-1-convertible-mosies-escritorio-mesa-infantil--21215958/,336100.0,254600.0,1,True
FRA-cuna-5-1-convertible-colecho-escritorio-,Fravega,OTRAS,Bebés y Primera Infancia,Cuna 5 En 1 Convertible En Colecho Escritorio Mesa Moisés,https://www.fravega.com/p/cuna-5-1-convertible-colecho-escritorio-mesa-moises-21216401/,336100.0,254600.0,1,True
FRA-cuna-colecho-5-1-baranda-desmontable-bla,Fravega,OTRAS,Bebés y Primera Infancia,Cuna Colecho 5 en 1 Baranda Desmontable Blanca 120x60,https://www.fravega.com/p/cuna-colecho-5-1-baranda-desmontable-blanca-120x60-21263087/,340600.0,258000.0,1,True
FRA-cama-montessori-infantil-azul-para-colch,Fravega,OTRAS,Bebés y Primera Infancia,Cama Montessori Infantil AZUL para colchon 140x80,https://www.fravega.com/p/cama-montessori-infantil-azul-para-colchon-140x80-21263105/,358800.0,271800.0,1,True
FRA-cama-montessori-infantil-gris-para-colch,Fravega,OTRAS,Bebés y Primera Infancia,Cama Montessori Infantil GRIS para colchon 140x80,https://www.fravega.com/p/cama-montessori-infantil-gris-para-colchon-140x80-21263142/,358800.0,271800.0,1,True
FRA-cuna-con-colchon-colecho-con-baranda-des,Fravega,OTRAS,Bebés y Primera Infancia,Cuna Con Colchon Colecho Con Baranda Desmontable Regulable,https://www.fravega.com/p/cuna-con-colchon-colecho-con-baranda-desmontable-regulable-21270275/,375500.0,284500.0,1,True
FRA-cuna-colecho-carilo-con-baranda-desmonta,Fravega,OTRAS,Bebés y Primera Infancia,Cuna Colecho CARILO Con Baranda Desmontable 5 En 1 Escritorio,https://www.fravega.com/p/cuna-colecho-carilo-con-baranda-desmontable-5-1-escritorio-21270305/,375500.0,284500.0,1,True
FRA-cama-montessori-estrella-blanco-y-azul-c,Fravega,OTRAS,Bebés y Primera Infancia,Cama Montessori Estrella Blanco y Azul + Colchon 140x80x12,https://www.fravega.com/p/cama-montessori-estrella-blanco-y-azul-colchon-140x80x12-21296178/,498400.0,377600.0,1,True
FRA-cama-montessori-estrella-blanco-colchon-,Fravega,OTRAS,Bebés y Primera Infancia,Cama Montessori Estrella Blanco + Colchon 140x80x12,https://www.fravega.com/p/cama-montessori-estrella-blanco-colchon-140x80x12-21296185/,498400.0,377600.0,1,True
FRA-cama-montessori-estrella-blanco-y-gris-c,Fravega,OTRAS,Bebés y Primera Infancia,Cama Montessori Estrella Blanco y Gris + Colchon 140x80x12,https://www.fravega.com/p/cama-montessori-estrella-blanco-y-gris-colchon-140x80x12-21296191/,498400.0,377600.0,1,True
FRA-tira-de-cuna-payasos-lyon-toys-21359403,Fravega,OTRAS,Bebés y Primera Infancia,Tira De Cuna Payasos Lyon Toys,https://www.fravega.com/p/tira-de-cuna-payasos-lyon-toys-21359403/,24568.7,19399.0,1,True
FRA-extractor-de-leche-manual-avent-scf430-0,Fravega,OTRAS,Bebés y Primera Infancia,Extractor de Leche Manual Avent SCF430/01,https://www.fravega.com/p/extractor-de-leche-manual-avent-scf430-01-680428/,139999.0,90999.0,1,True
FRA-alfombra-infantil-mawe-by-gadnic-antides,Fravega,OTRAS,Bebés y Primera Infancia,Alfombra Infantil Mawe By Gadnic Antideslizante e Impermeable Para Bebes,https://www.fravega.com/p/alfombra-infantil-mawe-by-gadnic-antideslizante-e-impermeable-para-bebes-990265932/,85149.0,65498.99,1,True
FRA-booster-para-ninos-love-2052-680464,Fravega,OSTER,Bebés y Primera Infancia,Booster Para Niños Love 2052,https://www.fravega.com/p/booster-para-ninos-love-2052-680464/,39999.0,26999.0,1,True
FRA-mochila-porta-bebe-gadnic-ergonomica-20k,Fravega,OTRAS,Bebés y Primera Infancia,Mochila Porta Bebe Gadnic Ergonomica 20kg 3 en 1,https://www.fravega.com/p/mochila-porta-bebe-gadnic-ergonomica-20kg-3-1-990164232/,100424.0,77249.0,1,True
FRA-mamadera-avent-natural-response-scy903-0,Fravega,OTRAS,Bebés y Primera Infancia,Mamadera Avent Natural Response SCY903 01 260 Ml,https://www.fravega.com/p/mamadera-avent-natural-response-scy903-01-260-ml-680690/,44999.0,34999.0,1,True
FRA-manta-didactica-roff-gimnasio-proyector-,Fravega,OTRAS,Bebés y Primera Infancia,Manta Didáctica Roff Gimnasio Proyector Música Y Juguetes Bebe Rosa,https://www.fravega.com/p/manta-didactica-roff-gimnasio-proyector-musica-y-juguetes-bebe-rosa-680696/,95999.0,59999.0,1,True
FRA-corralito-gimnasio-para-bebe-love-hex-gr,Fravega,OTRAS,Bebés y Primera Infancia,Corralito Gimnasio Para Bebé Love Hex Gris 880,https://www.fravega.com/p/corralito-gimnasio-para-bebe-love-hex-gris-880-680908/,69999.0,49999.0,1,True
FRA-set-vasos-contenedores-avent-scf618710--,Fravega,OTRAS,Bebés y Primera Infancia,Set Vasos Contenedores Avent Scf618710,https://www.fravega.com/p/set-vasos-contenedores-avent-scf618710--680643/,61999.0,39999.0,1,True
FRA-sacaleche-electrico-gadnic-extractor-de-,Fravega,OTRAS,Bebés y Primera Infancia,Sacaleche Eléctrico Gadnic Extractor De Leche Portatil,https://www.fravega.com/p/sacaleche-electrico-gadnic-extractor-de-leche-portatil--990185582/,159899.0,122999.0,1,True
FRA-silla-comer-bebe-booster-portatil-alta-r,Fravega,OSTER,Bebés y Primera Infancia,Silla comer bebe booster portátil alta Rooby ROSA Tapizada,https://www.fravega.com/p/silla-comer-bebe-booster-portatil-alta-rooby-rosa-tapizada-990247588/,93702.0,56221.2,1,True
FRA-tetina-philips-avent-anticolicos-de-fluj,Fravega,PHILIPS,Bebés y Primera Infancia,Tetina Philips Avent Anticólicos de Flujo Lento x 2,https://www.fravega.com/p/tetina-philips-avent-anticolicos-de-flujo-lento-x-2-681017/,26999.0,11999.0,1,True
FRA-bebesit-alfombra-anti-golpes-reversible-,Fravega,OTRAS,Bebés y Primera Infancia,Bebesit Alfombra anti golpes reversible arcoiris 150 x 200,https://www.fravega.com/p/bebesit-alfombra-anti-golpes-reversible-arcoiris-150-x-200-990239660/,56050.0,41318.0,1,True
FRA-esterilizador-a-vapor-para-microondas-av,Fravega,OTRAS,Bebés y Primera Infancia,Esterilizador a vapor para microondas AVENT SCF28102,https://www.fravega.com/p/esterilizador-a-vapor-para-microondas-avent-scf28102-680151/,89999.0,60999.0,1,True
FRA-mecedora-bebesit-vibracion-8023-c-verde-,Fravega,OTRAS,Bebés y Primera Infancia,Mecedora Bebesit Vibracion 8023-C Verde,https://www.fravega.com/p/mecedora-bebesit-vibracion-8023-c-verde-680559/,89999.0,59999.0,1,True
FRA-sacaleche-x2-electrico-gadnic-extractor-,Fravega,OTRAS,Bebés y Primera Infancia,Sacaleche X2 Eléctrico Gadnic Extractor De Leche Portatil,https://www.fravega.com/p/sacaleche-x2-electrico-gadnic-extractor-de-leche-portatil-990228686/,339039.0,260799.0,1,True
FRA-cuna-convertible-antonella-con-cambiador,Fravega,OTRAS,Bebés y Primera Infancia,Cuna Convertible Antonella con Cambiador y Ruedas con Freno,https://www.fravega.com/p/cuna-convertible-antonella-con-cambiador-y-ruedas-con-freno-21453645/,419900.0,318100.0,1,True
FRA-cuna-convertible-antonella-cambiador-col,Fravega,OTRAS,Bebés y Primera Infancia,Cuna Convertible Antonella + Cambiador + Colchon + Ruedas,https://www.fravega.com/p/cuna-convertible-antonella-cambiador-colchon-ruedas-21453651/,492000.0,372700.0,1,True
FRA-barral-para-cuna-y-cochecitos-pollito-ro,Fravega,OTRAS,Bebés y Primera Infancia,Barral Para Cuna Y Cochecitos Pollito Rojo Phi Phi Toys,https://www.fravega.com/p/barral-para-cuna-y-cochecitos-pollito-rojo-phi-phi-toys-21477593/,31961.0,24699.0,1,True
FRA-cunero-musical-giratorio-osos-happy-shak,Fravega,OTRAS,Bebés y Primera Infancia,Cunero Musical Giratorio Osos Happy Shaking Bell,https://www.fravega.com/p/cunero-musical-giratorio-osos-happy-shaking-bell-21518349/,55640.0,42999.0,1,True
FRA-bimbi-tira-de-cuna-ositos-con-sonido-tip,Fravega,OTRAS,Bebés y Primera Infancia,Bimbi Tira De Cuna Ositos Con Sonido Tipo Sonajero,https://www.fravega.com/p/bimbi-tira-de-cuna-ositos-con-sonido-tipo-sonajero-21520534/,26908.7,20699.0,1,True
FRA-practicuna-cuna-plegable-felcraft-deluxe,Fravega,OTRAS,Bebés y Primera Infancia,Practicuna Cuna Plegable Felcraft Deluxe Cambiador Y Movil,https://www.fravega.com/p/practicuna-cuna-plegable-felcraft-deluxe-cambiador-y-movil-990178956/,414659.0,319287.42,1,True
FRA-barral-de-cuna-unicornio-phi-phi-toys-21,Fravega,OTRAS,Bebés y Primera Infancia,Barral De Cuna Unicornio - Phi Phi Toys,https://www.fravega.com/p/barral-de-cuna-unicornio-phi-phi-toys-21688959/,33126.0,25599.0,1,True
FRA-peluche-cunero-musical-gorrion-25cm-cele,Fravega,OTRAS,Bebés y Primera Infancia,Peluche Cunero Musical Gorrion 25cm Celeste - Phi Phi Toys,https://www.fravega.com/p/peluche-cunero-musical-gorrion-25cm-celeste-phi-phi-toys-21712404/,33385.0,25799.0,1,True
FRA-sonajero-cunero-mono-peluche-winfun-2174,Fravega,OTRAS,Bebés y Primera Infancia,Sonajero Cunero Mono Peluche - Winfun,https://www.fravega.com/p/sonajero-cunero-mono-peluche-winfun-21748360/,27428.7,21099.0,1,True
FRA-cangrejo-colgante-didactico-de-peluche-p,Fravega,LG,Bebés y Primera Infancia,Cangrejo Colgante Didactico De Peluche - Phi Phi Toys,https://www.fravega.com/p/cangrejo-colgante-didactico-de-peluche-phi-phi-toys-21748407/,32220.0,25899.0,1,True
FRA-cuna-colecho-bebekids-altura-regulable-r,Fravega,OTRAS,Bebés y Primera Infancia,Cuna Colecho Bebekids Altura Regulable Ruedas y colchon,https://www.fravega.com/p/cuna-colecho-bebekids-altura-regulable-ruedas-y-colchon-21915820/,387900.0,293900.0,1,True
FRA-tira-sonajero-para-cochecito-monstruitos,Fravega,OTRAS,Bebés y Primera Infancia,Tira Sonajero Para Cochecito Monstruitos 26 Cm - Phiphi Toys,https://www.fravega.com/p/tira-sonajero-para-cochecito-monstruitos-26-cm-phiphi-toys-21917185/,43347.0,33499.0,1,True
FRA-colchon-piero-body-pro-1-plaza-190x80x18,Fravega,OTRAS,Bebés y Primera Infancia,Colchón Piero Body Pro 1 Plaza 190x80x18 Espuma,https://www.fravega.com/p/colchon-piero-body-pro-1-plaza-190x80x18-espuma--21998695/,391498.0,234899.0,1,True
FRA-practicuna-funky-fresh-luna-funkyeco-par,Fravega,OTRAS,Bebés y Primera Infancia,Practicuna Funky Fresh Luna Funkyeco Para Bebés Color Negro,https://www.fravega.com/p/practicuna-funky-fresh-luna-funkyeco-para-bebes-color-negro-22081623/,181999.0,129999.0,1,True
FRA-bimbi-tira-de-cuna-animalitos-para-bebe-,Fravega,OTRAS,Bebés y Primera Infancia,Bimbi Tira De Cuna Animalitos Para Bebe,https://www.fravega.com/p/bimbi-tira-de-cuna-animalitos-para-bebe-22182053/,26500.0,20499.0,1,True
