sku_original,competidor,marca,categoria,nombre_producto,url_producto,precio_regular,precio_oferta,cuotas,hay_stock
FRA-iphone-17-pro-256gb-orange-782896,Fravega,OTRAS,Smartphones,iPhone 17 Pro 256GB Orange,https://www.fravega.com/p/iphone-17-pro-256gb-orange-782896/,3399999.0,2403165.82,1,True
FRA-celular-galaxy-a16-4g-blue-black-782588,Fravega,OTRAS,Smartphones,Celular Galaxy A16 4G Blue Black,https://www.fravega.com/p/celular-galaxy-a16-4g-blue-black-782588/,469999.0,389999.0,1,True
FRA-celular-motorola-edge-70-fusion-fifa-edi,Fravega,MOTOROLA,Smartphones,Celular Motorola Edge 70 Fusion FIFA Edition 8GB 256GB,https://www.fravega.com/p/celular-motorola-edge-70-fusion-fifa-edition-8gb-256gb-782978/,999999.0,826445.45,1,True
FRA-iphone-17e-256gb-negro-782895,Fravega,OTRAS,Smartphones,iPhone 17e 256GB Negro,https://www.fravega.com/p/iphone-17e-256gb-negro-782895/,1849999.0,1406843.35,1,True
FRA-celular-samsung-galaxy-a07-64gb-negro-78,Fravega,SAMSUNG,Smartphones,Celular Samsung Galaxy A07 64GB Negro,https://www.fravega.com/p/celular-samsung-galaxy-a07-64gb-negro-782721/,299999.0,219999.0,1,True
FRA-celular-motorola-g67-4gb-256gb-782593,Fravega,MOTOROLA,Smartphones,Celular Motorola G67 4GB 256GB,https://www.fravega.com/p/celular-motorola-g67-4gb-256gb-782593/,599999.0,499999.0,1,True
FRA-iphone-17-pro-max-256gb-orange-782887,Fravega,OTRAS,Smartphones,iPhone 17 Pro Max 256GB Orange,https://www.fravega.com/p/iphone-17-pro-max-256gb-orange-782887/,3699999.0,2615209.92,1,True
FRA-celular-xiaomi-redmi-note-14-128gb-midni,Fravega,XIAOMI,Smartphones,Celular Xiaomi Redmi Note 14 128GB Midnight Black,https://www.fravega.com/p/celular-xiaomi-redmi-note-14-128gb-midnight-black-782554/,529999.0,419999.0,1,True
FRA-celular-motorola-g77-8gb-256gb-782719,Fravega,MOTOROLA,Smartphones,Celular Motorola G77 8GB 256GB,https://www.fravega.com/p/celular-motorola-g77-8gb-256gb-782719/,699999.0,649999.0,1,True
FRA-celular-samsung-galaxy-a17-128gb-negro-7,Fravega,SAMSUNG,Smartphones,Celular Samsung Galaxy A17 128GB Negro,https://www.fravega.com/p/celular-samsung-galaxy-a17-128gb-negro-782838/,489999.0,404957.85,1,True
FRA-iphone-17-256gb-azul-783326,Fravega,OTRAS,Smartphones,iPhone 17 256GB Azul,https://www.fravega.com/p/iphone-17-256gb-azul-783326/,2499999.0,1767033.5,1,True
FRA-celular-tcl-60r-5g-4gb-128gb-gray-782523,Fravega,TCL,Smartphones,Celular TCL 60R 5G 4GB 128GB Gray,https://www.fravega.com/p/celular-tcl-60r-5g-4gb-128gb-gray-782523/,309999.0,256197.52,1,True
FRA-celular-zte-blade-v80-max-4gb-256gb-blac,Fravega,ZTE,Smartphones,Celular ZTE Blade V80 Max 4GB 256GB Black,https://www.fravega.com/p/celular-zte-blade-v80-max-4gb-256gb-black-783239/,449999.0,349999.0,1,True
FRA-celular-motorola-g67-4gb-256gb-782665,Fravega,MOTOROLA,Smartphones,Celular Motorola G67 4GB 256GB,https://www.fravega.com/p/celular-motorola-g67-4gb-256gb-782665/,599999.0,499999.0,1,True
FRA-celular-xiaomi-redmi-14c-4-256gb-midnigh,Fravega,XIAOMI,Smartphones,Celular Xiaomi Redmi 14C 4/256GB Midnight Black,https://www.fravega.com/p/celular-xiaomi-redmi-14c-4-256gb-midnight-black-782596/,399999.0,359999.0,1,True
FRA-celular-tcl-50-pro-nxtpaper-5g-8gb-512gb,Fravega,TCL,Smartphones,Celular TCL 50 Pro NXTPAPER 5G 8GB 512GB Space Gray,https://www.fravega.com/p/celular-tcl-50-pro-nxtpaper-5g-8gb-512gb-space-gray-782594/,549999.0,499999.0,1,True
FRA-iphone-17-pro-256gb-deep-blue-783159,Fravega,OTRAS,Smartphones,iPhone 17 Pro 256GB Deep Blue,https://www.fravega.com/p/iphone-17-pro-256gb-deep-blue-783159/,3399999.0,2403165.82,1,True
FRA-celular-motorola-g15-4gb-128gb-iguana-gr,Fravega,MOTOROLA,Smartphones,Celular Motorola G15 4GB 128GB Iguana Green,https://www.fravega.com/p/celular-motorola-g15-4gb-128gb-iguana-green-782753/,299999.0,247933.06,1,True
FRA-celular-zte-v80-pro-8-gb-256-gb-negro-78,Fravega,ZTE,Smartphones,Celular ZTE V80 PRO 8 GB 256 GB Negro,https://www.fravega.com/p/celular-zte-v80-pro-8-gb-256-gb-negro-782438/,484999.0,449999.0,1,True
FRA-celular-samsung-galaxy-a07-64gb-verde-78,Fravega,SAMSUNG,Smartphones,Celular Samsung Galaxy A07 64GB Verde,https://www.fravega.com/p/celular-samsung-galaxy-a07-64gb-verde-782634/,299999.0,219999.0,1,True
FRA-celular-tcl-k70-4gb-128gb-tpu-case-afa-7,Fravega,TCL,Smartphones,Celular TCL K70 4GB 128GB + TPU Case AFA,https://www.fravega.com/p/celular-tcl-k70-4gb-128gb-tpu-case-afa-783052/,319999.0,289999.0,1,True
FRA-celular-motorola-moto-g85-5g-8gb-256gb-c,Fravega,MOTOROLA,Smartphones,Celular Motorola Moto G85 5G 8GB 256GB Cobalt Blue PB290030AR,https://www.fravega.com/p/celular-motorola-moto-g85-5g-8gb-256gb-cobalt-blue-pb290030ar-990295666/,997199.0,690999.0,1,True
FRA-celular-motorola-moto-g54-5g-esim-8gb-12,Fravega,MOTOROLA,Smartphones,Celular Motorola Moto G54 5G eSIM 8GB 128GB Verde PAYS0041AR,https://www.fravega.com/p/celular-motorola-moto-g54-5g-esim-8gb-128gb-verde-pays0041ar-990295667/,687599.0,467999.0,1,True
FRA-celular-motorola-g17-4gb-256gb-782883,Fravega,MOTOROLA,Smartphones,Celular Motorola G17 4GB 256GB,https://www.fravega.com/p/celular-motorola-g17-4gb-256gb-782883/,399999.0,330577.69,1,True
FRA-celular-motorola-g15-4gb-128gb-gravity-g,Fravega,MOTOROLA,Smartphones,Celular Motorola G15 4GB 128GB Gravity Grey,https://www.fravega.com/p/celular-motorola-g15-4gb-128gb-gravity-grey-782752/,299999.0,247933.06,1,True
FRA-celular-motorola-g17-4gb-256gb-782851,Fravega,MOTOROLA,Smartphones,Celular Motorola G17 4GB 256GB,https://www.fravega.com/p/celular-motorola-g17-4gb-256gb-782851/,399999.0,330577.69,1,True
FRA-celular-samsung-galaxy-a07-128gb-negro-7,Fravega,SAMSUNG,Smartphones,Celular Samsung Galaxy A07 128GB Negro,https://www.fravega.com/p/celular-samsung-galaxy-a07-128gb-negro-782739/,349999.0,299999.0,1,True
FRA-celular-motorola-edge-70-fusion-8gb-256g,Fravega,MOTOROLA,Smartphones,Celular Motorola Edge 70 Fusion 8GB 256GB,https://www.fravega.com/p/celular-motorola-edge-70-fusion-8gb-256gb-782900/,899999.0,799999.0,1,True
FRA-celular-motorola-g15-4gb-256gb-gravity-g,Fravega,MOTOROLA,Smartphones,Celular Motorola G15 4GB 256GB Gravity Grey,https://www.fravega.com/p/celular-motorola-g15-4gb-256gb-gravity-grey-782814/,349999.0,289255.37,1,True
FRA-celular-motorola-edge-70-fusion-8gb-256g,Fravega,MOTOROLA,Smartphones,Celular Motorola Edge 70 Fusion 8GB 256GB,https://www.fravega.com/p/celular-motorola-edge-70-fusion-8gb-256gb-782913/,899999.0,799999.0,1,True
FRA-celular-motorola-g06-nfc-4gb-128gb-azul-,Fravega,MOTOROLA,Smartphones,Celular Motorola G06 NFC 4GB 128GB Azul,https://www.fravega.com/p/celular-motorola-g06-nfc-4gb-128gb-azul-783094/,269999.0,223139.67,1,True
FRA-iphone-17-pro-256gb-orange-782896,Fravega,OTRAS,Smartphones,iPhone 17 Pro 256GB Orange,https://www.fravega.com/p/iphone-17-pro-256gb-orange-782896/,3399999.0,2403165.82,1,True
FRA-celular-galaxy-a16-4g-blue-black-782588,Fravega,OTRAS,Smartphones,Celular Galaxy A16 4G Blue Black,https://www.fravega.com/p/celular-galaxy-a16-4g-blue-black-782588/,469999.0,389999.0,1,True
FRA-celular-motorola-edge-70-fusion-fifa-edi,Fravega,MOTOROLA,Smartphones,Celular Motorola Edge 70 Fusion FIFA Edition 8GB 256GB,https://www.fravega.com/p/celular-motorola-edge-70-fusion-fifa-edition-8gb-256gb-782978/,999999.0,826445.45,1,True
FRA-iphone-17e-256gb-negro-782895,Fravega,OTRAS,Smartphones,iPhone 17e 256GB Negro,https://www.fravega.com/p/iphone-17e-256gb-negro-782895/,1849999.0,1406843.35,1,True
FRA-celular-samsung-galaxy-a07-64gb-negro-78,Fravega,SAMSUNG,Smartphones,Celular Samsung Galaxy A07 64GB Negro,https://www.fravega.com/p/celular-samsung-galaxy-a07-64gb-negro-782721/,299999.0,219999.0,1,True
FRA-celular-motorola-g67-4gb-256gb-782593,Fravega,MOTOROLA,Smartphones,Celular Motorola G67 4GB 256GB,https://www.fravega.com/p/celular-motorola-g67-4gb-256gb-782593/,599999.0,499999.0,1,True
FRA-iphone-17-pro-max-256gb-orange-782887,Fravega,OTRAS,Smartphones,iPhone 17 Pro Max 256GB Orange,https://www.fravega.com/p/iphone-17-pro-max-256gb-orange-782887/,3699999.0,2615209.92,1,True
FRA-celular-xiaomi-redmi-note-14-128gb-midni,Fravega,XIAOMI,Smartphones,Celular Xiaomi Redmi Note 14 128GB Midnight Black,https://www.fravega.com/p/celular-xiaomi-redmi-note-14-128gb-midnight-black-782554/,529999.0,419999.0,1,True
FRA-celular-motorola-g77-8gb-256gb-782719,Fravega,MOTOROLA,Smartphones,Celular Motorola G77 8GB 256GB,https://www.fravega.com/p/celular-motorola-g77-8gb-256gb-782719/,699999.0,649999.0,1,True
FRA-celular-samsung-galaxy-a17-128gb-negro-7,Fravega,SAMSUNG,Smartphones,Celular Samsung Galaxy A17 128GB Negro,https://www.fravega.com/p/celular-samsung-galaxy-a17-128gb-negro-782838/,489999.0,404957.85,1,True
FRA-iphone-17-256gb-azul-783326,Fravega,OTRAS,Smartphones,iPhone 17 256GB Azul,https://www.fravega.com/p/iphone-17-256gb-azul-783326/,2499999.0,1767033.5,1,True
FRA-celular-tcl-60r-5g-4gb-128gb-gray-782523,Fravega,TCL,Smartphones,Celular TCL 60R 5G 4GB 128GB Gray,https://www.fravega.com/p/celular-tcl-60r-5g-4gb-128gb-gray-782523/,309999.0,256197.52,1,True
FRA-celular-zte-blade-v80-max-4gb-256gb-blac,Fravega,ZTE,Smartphones,Celular ZTE Blade V80 Max 4GB 256GB Black,https://www.fravega.com/p/celular-zte-blade-v80-max-4gb-256gb-black-783239/,449999.0,349999.0,1,True
FRA-celular-motorola-g67-4gb-256gb-782665,Fravega,MOTOROLA,Smartphones,Celular Motorola G67 4GB 256GB,https://www.fravega.com/p/celular-motorola-g67-4gb-256gb-782665/,599999.0,499999.0,1,True
FRA-celular-xiaomi-redmi-14c-4-256gb-midnigh,Fravega,XIAOMI,Smartphones,Celular Xiaomi Redmi 14C 4/256GB Midnight Black,https://www.fravega.com/p/celular-xiaomi-redmi-14c-4-256gb-midnight-black-782596/,399999.0,359999.0,1,True
FRA-celular-tcl-50-pro-nxtpaper-5g-8gb-512gb,Fravega,TCL,Smartphones,Celular TCL 50 Pro NXTPAPER 5G 8GB 512GB Space Gray,https://www.fravega.com/p/celular-tcl-50-pro-nxtpaper-5g-8gb-512gb-space-gray-782594/,549999.0,499999.0,1,True
FRA-iphone-17-pro-256gb-deep-blue-783159,Fravega,OTRAS,Smartphones,iPhone 17 Pro 256GB Deep Blue,https://www.fravega.com/p/iphone-17-pro-256gb-deep-blue-783159/,3399999.0,2403165.82,1,True
FRA-celular-motorola-g15-4gb-128gb-iguana-gr,Fravega,MOTOROLA,Smartphones,Celular Motorola G15 4GB 128GB Iguana Green,https://www.fravega.com/p/celular-motorola-g15-4gb-128gb-iguana-green-782753/,299999.0,247933.06,1,True
FRA-celular-zte-v80-pro-8-gb-256-gb-negro-78,Fravega,ZTE,Smartphones,Celular ZTE V80 PRO 8 GB 256 GB Negro,https://www.fravega.com/p/celular-zte-v80-pro-8-gb-256-gb-negro-782438/,484999.0,449999.0,1,True
FRA-celular-samsung-galaxy-a07-64gb-verde-78,Fravega,SAMSUNG,Smartphones,Celular Samsung Galaxy A07 64GB Verde,https://www.fravega.com/p/celular-samsung-galaxy-a07-64gb-verde-782634/,299999.0,219999.0,1,True
FRA-celular-tcl-k70-4gb-128gb-tpu-case-afa-7,Fravega,TCL,Smartphones,Celular TCL K70 4GB 128GB + TPU Case AFA,https://www.fravega.com/p/celular-tcl-k70-4gb-128gb-tpu-case-afa-783052/,319999.0,289999.0,1,True
FRA-celular-motorola-moto-g85-5g-8gb-256gb-c,Fravega,MOTOROLA,Smartphones,Celular Motorola Moto G85 5G 8GB 256GB Cobalt Blue PB290030AR,https://www.fravega.com/p/celular-motorola-moto-g85-5g-8gb-256gb-cobalt-blue-pb290030ar-990295666/,997199.0,690999.0,1,True
FRA-celular-motorola-moto-g54-5g-esim-8gb-12,Fravega,MOTOROLA,Smartphones,Celular Motorola Moto G54 5G eSIM 8GB 128GB Verde PAYS0041AR,https://www.fravega.com/p/celular-motorola-moto-g54-5g-esim-8gb-128gb-verde-pays0041ar-990295667/,687599.0,467999.0,1,True
FRA-celular-motorola-g77-8gb-256gb-782745,Fravega,MOTOROLA,Smartphones,Celular Motorola G77 8GB 256GB,https://www.fravega.com/p/celular-motorola-g77-8gb-256gb-782745/,699999.0,649999.0,1,True
FRA-celular-motorola-g17-4gb-128gb-782866,Fravega,MOTOROLA,Smartphones,Celular Motorola G17 4GB 128GB,https://www.fravega.com/p/celular-motorola-g17-4gb-128gb-782866/,349999.0,289255.37,1,True
FRA-celular-samsung-galaxy-a16-128-4gb-light,Fravega,SAMSUNG,Smartphones,Celular Samsung Galaxy A16 128/4GB Light Green,https://www.fravega.com/p/celular-samsung-galaxy-a16-128-4gb-light-green-990288828/,469999.0,332589.0,1,True
FRA-celular-samsung-galaxy-s25-fe-5g-256gb-j,Fravega,SAMSUNG,Smartphones,Celular Samsung Galaxy S25 FE 5G 256GB Jet Black,https://www.fravega.com/p/celular-samsung-galaxy-s25-fe-5g-256gb-jet-black-782880/,1799999.0,1487602.48,1,True
FRA-iphone-15-128gb-black-782468,Fravega,OTRAS,Smartphones,iPhone 15 128GB Black,https://www.fravega.com/p/iphone-15-128gb-black-782468/,1699999.0,1404957.85,1,True
FRA-celular-xiaomi-redmi-note-14-pro-256gb-m,Fravega,XIAOMI,Smartphones,Celular Xiaomi Redmi Note 14 Pro 256GB Midnight Black,https://www.fravega.com/p/celular-xiaomi-redmi-note-14-pro-256gb-midnight-black-782667/,799999.0,729999.0,1,True
FRA-celular-xiaomi-redmi-note-14-pro-256gb-a,Fravega,XIAOMI,Smartphones,Celular Xiaomi Redmi Note 14 Pro 256GB Aurora Purple,https://www.fravega.com/p/celular-xiaomi-redmi-note-14-pro-256gb-aurora-purple-782600/,799999.0,729999.0,1,True
FRA-celular-motorola-g06-4gb-128gb-azul-7825,Fravega,MOTOROLA,Smartphones,Celular Motorola G06 4GB 128GB Azul,https://www.fravega.com/p/celular-motorola-g06-4gb-128gb-azul-782565/,259999.0,214875.21,1,True
FRA-celular-motorola-edge-70-pro-12gb-512gb-,Fravega,MOTOROLA,Smartphones,Celular Motorola Edge 70 Pro 12GB 512GB Lily White,https://www.fravega.com/p/celular-motorola-edge-70-pro-12gb-512gb-lily-white-783086/,1499999.0,1239668.6,1,True
FRA-celular-tecno-pova-6-8-256gb-grey--78241,Fravega,OTRAS,Smartphones,Celular Tecno Pova 6 8/256GB Grey,https://www.fravega.com/p/celular-tecno-pova-6-8-256gb-grey--782414/,399999.0,330577.69,1,True
FRA-celular-motorola-g15-4-gb-256-gb-naranja,Fravega,MOTOROLA,Smartphones,Celular Motorola G15 4 GB 256 GB Naranja,https://www.fravega.com/p/celular-motorola-g15-4-gb-256-gb-naranja-782816/,349999.0,289255.37,1,True
FRA-celular-samsung-galaxy-s25-fe-5g-256gb-b,Fravega,SAMSUNG,Smartphones,Celular Samsung Galaxy S25 FE 5G 256GB Blanco,https://www.fravega.com/p/celular-samsung-galaxy-s25-fe-5g-256gb-blanco-782716/,1799999.0,1487602.48,1,True
FRA-celular-xiaomi-redmi-note-14-pro-256gb-o,Fravega,XIAOMI,Smartphones,Celular Xiaomi Redmi Note 14 Pro 256GB Ocean Blue,https://www.fravega.com/p/celular-xiaomi-redmi-note-14-pro-256gb-ocean-blue-782632/,799999.0,729999.0,1,True
FRA-celular-motorola-edge-70-pro-12gb-512gb-,Fravega,MOTOROLA,Smartphones,Celular Motorola Edge 70 Pro 12GB 512GB Lily Titan,https://www.fravega.com/p/celular-motorola-edge-70-pro-12gb-512gb-lily-titan-783087/,1499999.0,1239668.6,1,True
FRA-iphone-17-pro-256gb-orange-782896,Fravega,OTRAS,Smartphones,iPhone 17 Pro 256GB Orange,https://www.fravega.com/p/iphone-17-pro-256gb-orange-782896/,3399999.0,2403165.82,1,True
FRA-celular-galaxy-a16-4g-blue-black-782588,Fravega,OTRAS,Smartphones,Celular Galaxy A16 4G Blue Black,https://www.fravega.com/p/celular-galaxy-a16-4g-blue-black-782588/,469999.0,389999.0,1,True
FRA-celular-motorola-edge-70-fusion-fifa-edi,Fravega,MOTOROLA,Smartphones,Celular Motorola Edge 70 Fusion FIFA Edition 8GB 256GB,https://www.fravega.com/p/celular-motorola-edge-70-fusion-fifa-edition-8gb-256gb-782978/,999999.0,826445.45,1,True
FRA-iphone-17e-256gb-negro-782895,Fravega,OTRAS,Smartphones,iPhone 17e 256GB Negro,https://www.fravega.com/p/iphone-17e-256gb-negro-782895/,1849999.0,1406843.35,1,True
FRA-celular-samsung-galaxy-a07-64gb-negro-78,Fravega,SAMSUNG,Smartphones,Celular Samsung Galaxy A07 64GB Negro,https://www.fravega.com/p/celular-samsung-galaxy-a07-64gb-negro-782721/,299999.0,219999.0,1,True
FRA-celular-motorola-g67-4gb-256gb-782593,Fravega,MOTOROLA,Smartphones,Celular Motorola G67 4GB 256GB,https://www.fravega.com/p/celular-motorola-g67-4gb-256gb-782593/,599999.0,499999.0,1,True
FRA-iphone-17-pro-max-256gb-orange-782887,Fravega,OTRAS,Smartphones,iPhone 17 Pro Max 256GB Orange,https://www.fravega.com/p/iphone-17-pro-max-256gb-orange-782887/,3699999.0,2615209.92,1,True
FRA-celular-xiaomi-redmi-note-14-128gb-midni,Fravega,XIAOMI,Smartphones,Celular Xiaomi Redmi Note 14 128GB Midnight Black,https://www.fravega.com/p/celular-xiaomi-redmi-note-14-128gb-midnight-black-782554/,529999.0,419999.0,1,True
FRA-celular-motorola-g77-8gb-256gb-782719,Fravega,MOTOROLA,Smartphones,Celular Motorola G77 8GB 256GB,https://www.fravega.com/p/celular-motorola-g77-8gb-256gb-782719/,699999.0,649999.0,1,True
FRA-celular-samsung-galaxy-a17-128gb-negro-7,Fravega,SAMSUNG,Smartphones,Celular Samsung Galaxy A17 128GB Negro,https://www.fravega.com/p/celular-samsung-galaxy-a17-128gb-negro-782838/,489999.0,404957.85,1,True
FRA-iphone-17-256gb-azul-783326,Fravega,OTRAS,Smartphones,iPhone 17 256GB Azul,https://www.fravega.com/p/iphone-17-256gb-azul-783326/,2499999.0,1767033.5,1,True
FRA-celular-tcl-60r-5g-4gb-128gb-gray-782523,Fravega,TCL,Smartphones,Celular TCL 60R 5G 4GB 128GB Gray,https://www.fravega.com/p/celular-tcl-60r-5g-4gb-128gb-gray-782523/,309999.0,256197.52,1,True
FRA-celular-zte-blade-v80-max-4gb-256gb-blac,Fravega,ZTE,Smartphones,Celular ZTE Blade V80 Max 4GB 256GB Black,https://www.fravega.com/p/celular-zte-blade-v80-max-4gb-256gb-black-783239/,449999.0,349999.0,1,True
FRA-celular-motorola-g67-4gb-256gb-782665,Fravega,MOTOROLA,Smartphones,Celular Motorola G67 4GB 256GB,https://www.fravega.com/p/celular-motorola-g67-4gb-256gb-782665/,599999.0,499999.0,1,True
FRA-celular-xiaomi-redmi-14c-4-256gb-midnigh,Fravega,XIAOMI,Smartphones,Celular Xiaomi Redmi 14C 4/256GB Midnight Black,https://www.fravega.com/p/celular-xiaomi-redmi-14c-4-256gb-midnight-black-782596/,399999.0,359999.0,1,True
FRA-celular-tcl-50-pro-nxtpaper-5g-8gb-512gb,Fravega,TCL,Smartphones,Celular TCL 50 Pro NXTPAPER 5G 8GB 512GB Space Gray,https://www.fravega.com/p/celular-tcl-50-pro-nxtpaper-5g-8gb-512gb-space-gray-782594/,549999.0,499999.0,1,True
FRA-iphone-17-pro-256gb-deep-blue-783159,Fravega,OTRAS,Smartphones,iPhone 17 Pro 256GB Deep Blue,https://www.fravega.com/p/iphone-17-pro-256gb-deep-blue-783159/,3399999.0,2403165.82,1,True
FRA-celular-motorola-g15-4gb-128gb-iguana-gr,Fravega,MOTOROLA,Smartphones,Celular Motorola G15 4GB 128GB Iguana Green,https://www.fravega.com/p/celular-motorola-g15-4gb-128gb-iguana-green-782753/,299999.0,247933.06,1,True
FRA-celular-zte-v80-pro-8-gb-256-gb-negro-78,Fravega,ZTE,Smartphones,Celular ZTE V80 PRO 8 GB 256 GB Negro,https://www.fravega.com/p/celular-zte-v80-pro-8-gb-256-gb-negro-782438/,484999.0,449999.0,1,True
FRA-celular-samsung-galaxy-a07-64gb-verde-78,Fravega,SAMSUNG,Smartphones,Celular Samsung Galaxy A07 64GB Verde,https://www.fravega.com/p/celular-samsung-galaxy-a07-64gb-verde-782634/,299999.0,219999.0,1,True
FRA-celular-tcl-k70-4gb-128gb-tpu-case-afa-7,Fravega,TCL,Smartphones,Celular TCL K70 4GB 128GB + TPU Case AFA,https://www.fravega.com/p/celular-tcl-k70-4gb-128gb-tpu-case-afa-783052/,319999.0,289999.0,1,True
FRA-celular-motorola-moto-g85-5g-8gb-256gb-c,Fravega,MOTOROLA,Smartphones,Celular Motorola Moto G85 5G 8GB 256GB Cobalt Blue PB290030AR,https://www.fravega.com/p/celular-motorola-moto-g85-5g-8gb-256gb-cobalt-blue-pb290030ar-990295666/,997199.0,690999.0,1,True
FRA-celular-motorola-moto-g54-5g-esim-8gb-12,Fravega,MOTOROLA,Smartphones,Celular Motorola Moto G54 5G eSIM 8GB 128GB Verde PAYS0041AR,https://www.fravega.com/p/celular-motorola-moto-g54-5g-esim-8gb-128gb-verde-pays0041ar-990295667/,687599.0,467999.0,1,True
FRA-celular-motorola-g15-4gb-128gb-sunrise-o,Fravega,MOTOROLA,Smartphones,Celular Motorola G15 4GB 128GB Sunrise Orange,https://www.fravega.com/p/celular-motorola-g15-4gb-128gb-sunrise-orange-782754/,299999.0,247933.06,1,True
FRA-iphone-17-256gb-negro-783324,Fravega,OTRAS,Smartphones,iPhone 17 256GB Negro,https://www.fravega.com/p/iphone-17-256gb-negro-783324/,2499999.0,1767033.5,1,True
FRA-celular-enova-e10-view-max-blanco-3-32gb,Fravega,OTRAS,Smartphones,"Celular enova E10 View Max Blanco 3-32GB - 30+5MP - 6.75"" Android 14",https://www.fravega.com/p/celular-enova-e10-view-max-blanco-3-32gb-30-5mp-6-75-android-14-22617506/,174998.75,125999.0,1,True
FRA-celular-samsung-galaxy-a16-lte-4gb-128gb,Fravega,SAMSUNG,Smartphones,Celular Samsung Galaxy A16 LTE 4GB 128GB Gris,https://www.fravega.com/p/celular-samsung-galaxy-a16-lte-4gb-128gb-gris-782877/,469999.0,389999.0,1,True
FRA-celular-xiaomi-redmi-note-13-6gb-128gb-b,Fravega,XIAOMI,Smartphones,Celular Xiaomi Redmi Note 13 6GB 128GB Blue,https://www.fravega.com/p/celular-xiaomi-redmi-note-13-6gb-128gb-blue-782378/,429999.0,389999.0,1,True
FRA-celular-zte-a56-pro-4gb-128gb-gray-78245,Fravega,ZTE,Smartphones,Celular ZTE A56 Pro 4GB 128GB Gray,https://www.fravega.com/p/celular-zte-a56-pro-4gb-128gb-gray-782455/,269999.0,249999.0,1,True
FRA-celular-samsung-galaxy-a36-5g-256gb-negr,Fravega,SAMSUNG,Smartphones,Celular Samsung Galaxy A36 5G 256GB Negro,https://www.fravega.com/p/celular-samsung-galaxy-a36-5g-256gb-negro-782949/,949999.0,785123.14,1,True
FRA-celular-tecno-pova-6-8-256gb-comet-green,Fravega,OTRAS,Smartphones,Celular Tecno Pova 6 8/256GB Comet Green,https://www.fravega.com/p/celular-tecno-pova-6-8-256gb-comet-green-782518/,399999.0,330577.69,1,True
FRA-celular-motorola-g06-nfc-4gb-64gb-naranj,Fravega,MOTOROLA,Smartphones,Celular Motorola G06 NFC 4GB 64GB Naranja,https://www.fravega.com/p/celular-motorola-g06-nfc-4gb-64gb-naranja-783095/,239999.0,198346.28,1,True
FRA-celular-tcl-605-8gb-256gb-negro-782729,Fravega,TCL,Smartphones,Celular TCL 605 8GB 256GB Negro,https://www.fravega.com/p/celular-tcl-605-8gb-256gb-negro-782729/,319999.0,264461.98,1,True
FRA-celular-nubia-neo-3-5g-256gb-gris-oscuro,Fravega,OTRAS,Smartphones,Celular Nubia Neo 3 5G 256GB Gris Oscuro,https://www.fravega.com/p/celular-nubia-neo-3-5g-256gb-gris-oscuro-782517/,519999.0,429751.24,1,True
FRA-celular-motorola-g85-5g-8gb-256gb-olive-,Fravega,MOTOROLA,Smartphones,Celular Motorola G85 5G 8GB 256GB Olive Green,https://www.fravega.com/p/celular-motorola-g85-5g-8gb-256gb-olive-green-782498/,699999.0,578511.57,1,True
FRA-iphone-17-pro-256gb-orange-782896,Fravega,OTRAS,Smartphones,iPhone 17 Pro 256GB Orange,https://www.fravega.com/p/iphone-17-pro-256gb-orange-782896/,3399999.0,2403165.82,1,True
FRA-celular-galaxy-a16-4g-blue-black-782588,Fravega,OTRAS,Smartphones,Celular Galaxy A16 4G Blue Black,https://www.fravega.com/p/celular-galaxy-a16-4g-blue-black-782588/,469999.0,389999.0,1,True
FRA-celular-motorola-edge-70-fusion-fifa-edi,Fravega,MOTOROLA,Smartphones,Celular Motorola Edge 70 Fusion FIFA Edition 8GB 256GB,https://www.fravega.com/p/celular-motorola-edge-70-fusion-fifa-edition-8gb-256gb-782978/,999999.0,826445.45,1,True
FRA-iphone-17e-256gb-negro-782895,Fravega,OTRAS,Smartphones,iPhone 17e 256GB Negro,https://www.fravega.com/p/iphone-17e-256gb-negro-782895/,1849999.0,1406843.35,1,True
FRA-celular-samsung-galaxy-a07-64gb-negro-78,Fravega,SAMSUNG,Smartphones,Celular Samsung Galaxy A07 64GB Negro,https://www.fravega.com/p/celular-samsung-galaxy-a07-64gb-negro-782721/,299999.0,219999.0,1,True
FRA-celular-motorola-g67-4gb-256gb-782593,Fravega,MOTOROLA,Smartphones,Celular Motorola G67 4GB 256GB,https://www.fravega.com/p/celular-motorola-g67-4gb-256gb-782593/,599999.0,499999.0,1,True
FRA-iphone-17-pro-max-256gb-orange-782887,Fravega,OTRAS,Smartphones,iPhone 17 Pro Max 256GB Orange,https://www.fravega.com/p/iphone-17-pro-max-256gb-orange-782887/,3699999.0,2615209.92,1,True
FRA-celular-xiaomi-redmi-note-14-128gb-midni,Fravega,XIAOMI,Smartphones,Celular Xiaomi Redmi Note 14 128GB Midnight Black,https://www.fravega.com/p/celular-xiaomi-redmi-note-14-128gb-midnight-black-782554/,529999.0,419999.0,1,True
FRA-celular-motorola-g77-8gb-256gb-782719,Fravega,MOTOROLA,Smartphones,Celular Motorola G77 8GB 256GB,https://www.fravega.com/p/celular-motorola-g77-8gb-256gb-782719/,699999.0,649999.0,1,True
FRA-celular-samsung-galaxy-a17-128gb-negro-7,Fravega,SAMSUNG,Smartphones,Celular Samsung Galaxy A17 128GB Negro,https://www.fravega.com/p/celular-samsung-galaxy-a17-128gb-negro-782838/,489999.0,404957.85,1,True
FRA-iphone-17-256gb-azul-783326,Fravega,OTRAS,Smartphones,iPhone 17 256GB Azul,https://www.fravega.com/p/iphone-17-256gb-azul-783326/,2499999.0,1767033.5,1,True
FRA-celular-tcl-60r-5g-4gb-128gb-gray-782523,Fravega,TCL,Smartphones,Celular TCL 60R 5G 4GB 128GB Gray,https://www.fravega.com/p/celular-tcl-60r-5g-4gb-128gb-gray-782523/,309999.0,256197.52,1,True
FRA-celular-zte-blade-v80-max-4gb-256gb-blac,Fravega,ZTE,Smartphones,Celular ZTE Blade V80 Max 4GB 256GB Black,https://www.fravega.com/p/celular-zte-blade-v80-max-4gb-256gb-black-783239/,449999.0,349999.0,1,True
FRA-celular-motorola-g67-4gb-256gb-782665,Fravega,MOTOROLA,Smartphones,Celular Motorola G67 4GB 256GB,https://www.fravega.com/p/celular-motorola-g67-4gb-256gb-782665/,599999.0,499999.0,1,True
FRA-celular-xiaomi-redmi-14c-4-256gb-midnigh,Fravega,XIAOMI,Smartphones,Celular Xiaomi Redmi 14C 4/256GB Midnight Black,https://www.fravega.com/p/celular-xiaomi-redmi-14c-4-256gb-midnight-black-782596/,399999.0,359999.0,1,True
FRA-celular-tcl-50-pro-nxtpaper-5g-8gb-512gb,Fravega,TCL,Smartphones,Celular TCL 50 Pro NXTPAPER 5G 8GB 512GB Space Gray,https://www.fravega.com/p/celular-tcl-50-pro-nxtpaper-5g-8gb-512gb-space-gray-782594/,549999.0,499999.0,1,True
FRA-iphone-17-pro-256gb-deep-blue-783159,Fravega,OTRAS,Smartphones,iPhone 17 Pro 256GB Deep Blue,https://www.fravega.com/p/iphone-17-pro-256gb-deep-blue-783159/,3399999.0,2403165.82,1,True
FRA-celular-motorola-g15-4gb-128gb-iguana-gr,Fravega,MOTOROLA,Smartphones,Celular Motorola G15 4GB 128GB Iguana Green,https://www.fravega.com/p/celular-motorola-g15-4gb-128gb-iguana-green-782753/,299999.0,247933.06,1,True
FRA-celular-zte-v80-pro-8-gb-256-gb-negro-78,Fravega,ZTE,Smartphones,Celular ZTE V80 PRO 8 GB 256 GB Negro,https://www.fravega.com/p/celular-zte-v80-pro-8-gb-256-gb-negro-782438/,484999.0,449999.0,1,True
FRA-celular-samsung-galaxy-a07-64gb-verde-78,Fravega,SAMSUNG,Smartphones,Celular Samsung Galaxy A07 64GB Verde,https://www.fravega.com/p/celular-samsung-galaxy-a07-64gb-verde-782634/,299999.0,219999.0,1,True
FRA-celular-tcl-k70-4gb-128gb-tpu-case-afa-7,Fravega,TCL,Smartphones,Celular TCL K70 4GB 128GB + TPU Case AFA,https://www.fravega.com/p/celular-tcl-k70-4gb-128gb-tpu-case-afa-783052/,319999.0,289999.0,1,True
FRA-celular-motorola-moto-g85-5g-8gb-256gb-c,Fravega,MOTOROLA,Smartphones,Celular Motorola Moto G85 5G 8GB 256GB Cobalt Blue PB290030AR,https://www.fravega.com/p/celular-motorola-moto-g85-5g-8gb-256gb-cobalt-blue-pb290030ar-990295666/,997199.0,690999.0,1,True
FRA-celular-motorola-moto-g54-5g-esim-8gb-12,Fravega,MOTOROLA,Smartphones,Celular Motorola Moto G54 5G eSIM 8GB 128GB Verde PAYS0041AR,https://www.fravega.com/p/celular-motorola-moto-g54-5g-esim-8gb-128gb-verde-pays0041ar-990295667/,687599.0,467999.0,1,True
FRA-celular-motorola-g06-nfc-4gb-128gb-verde,Fravega,MOTOROLA,Smartphones,Celular Motorola G06 NFC 4GB 128GB Verde,https://www.fravega.com/p/celular-motorola-g06-nfc-4gb-128gb-verde-783092/,269999.0,223139.67,1,True
FRA-celular-motorola-gmax-8gb-256gb-overture,Fravega,MOTOROLA,Smartphones,Celular Motorola GMAX 8GB 256GB Overture,https://www.fravega.com/p/celular-motorola-gmax-8gb-256gb-overture-783084/,799999.0,661156.2,1,True
FRA-celular-samsung-galaxy-a16-lte-4gb-128gb,Fravega,SAMSUNG,Smartphones,Celular Samsung Galaxy A16 LTE 4GB 128GB Green,https://www.fravega.com/p/celular-samsung-galaxy-a16-lte-4gb-128gb-green-782810/,469999.0,389999.0,1,True
FRA-celular-motorola-g06-4gb-128gb-verde-782,Fravega,MOTOROLA,Smartphones,Celular Motorola G06 4GB 128GB Verde,https://www.fravega.com/p/celular-motorola-g06-4gb-128gb-verde-782567/,259999.0,214875.21,1,True
FRA-celular-motorola-g06-nfc-4gb-64gb-azul-7,Fravega,MOTOROLA,Smartphones,Celular Motorola G06 NFC 4GB 64GB Azul,https://www.fravega.com/p/celular-motorola-g06-nfc-4gb-64gb-azul-783096/,239999.0,198346.28,1,True
FRA-celular-motorola-edge-70-12gb-512gb-7824,Fravega,MOTOROLA,Smartphones,Celular Motorola EDGE 70 12GB 512GB,https://www.fravega.com/p/celular-motorola-edge-70-12gb-512gb-782437/,1299999.0,1099999.0,1,True
FRA-celular-motorola-g06-4gb-64gb-naranja-78,Fravega,MOTOROLA,Smartphones,Celular Motorola G06 4GB 64GB Naranja,https://www.fravega.com/p/celular-motorola-g06-4gb-64gb-naranja-782559/,219999.0,181817.36,1,True
FRA-celular-samsung-galaxy-a37-5g-8gb-256gb-,Fravega,SAMSUNG,Smartphones,Celular Samsung Galaxy A37 5G 8GB 256GB Violeta,https://www.fravega.com/p/celular-samsung-galaxy-a37-5g-8gb-256gb-violeta-783103/,1149999.0,950412.4,1,True
FRA-celular-samsung-galaxy-s25-ultra-512gb-t,Fravega,SAMSUNG,Smartphones,Celular Samsung Galaxy S25 Ultra 512GB Titanium Black,https://www.fravega.com/p/celular-samsung-galaxy-s25-ultra-512gb-titanium-black-783019/,2999999.0,2479338.02,1,True
FRA-celular-samsung-galaxy-a16-128-4gb-gray-,Fravega,SAMSUNG,Smartphones,Celular Samsung Galaxy A16 128/4GB Gray,https://www.fravega.com/p/celular-samsung-galaxy-a16-128-4gb-gray-990287112/,469999.0,321079.01,1,True
FRA-celular-motorola-edge-70-12gb-512gb-7825,Fravega,MOTOROLA,Smartphones,Celular Motorola EDGE 70 12GB 512GB,https://www.fravega.com/p/celular-motorola-edge-70-12gb-512gb-782528/,1299999.0,1099999.0,1,True
FRA-celular-sky-flip-4g-64mb-128mb-bluetooth,Fravega,OTRAS,Smartphones,Celular Sky Flip 4G 64MB 128MB Bluetooth Azul,https://www.fravega.com/p/celular-sky-flip-4g-64mb-128mb-bluetooth-azul-990245881/,81427.0,56999.0,1,True
FRA-celular-noblex-n52-64-2gb-negro-99016805,Fravega,NOBLEX,Smartphones,Celular Noblex N52 64/2GB Negro,https://www.fravega.com/p/celular-noblex-n52-64-2gb-negro-990168052/,194999.0,149999.01,1,True
FRA-iphone-17-pro-256gb-orange-782896,Fravega,OTRAS,Smartphones,iPhone 17 Pro 256GB Orange,https://www.fravega.com/p/iphone-17-pro-256gb-orange-782896/,3399999.0,2403165.82,1,True
FRA-celular-galaxy-a16-4g-blue-black-782588,Fravega,OTRAS,Smartphones,Celular Galaxy A16 4G Blue Black,https://www.fravega.com/p/celular-galaxy-a16-4g-blue-black-782588/,469999.0,389999.0,1,True
FRA-celular-motorola-edge-70-fusion-fifa-edi,Fravega,MOTOROLA,Smartphones,Celular Motorola Edge 70 Fusion FIFA Edition 8GB 256GB,https://www.fravega.com/p/celular-motorola-edge-70-fusion-fifa-edition-8gb-256gb-782978/,999999.0,826445.45,1,True
FRA-iphone-17e-256gb-negro-782895,Fravega,OTRAS,Smartphones,iPhone 17e 256GB Negro,https://www.fravega.com/p/iphone-17e-256gb-negro-782895/,1849999.0,1406843.35,1,True
FRA-celular-samsung-galaxy-a07-64gb-negro-78,Fravega,SAMSUNG,Smartphones,Celular Samsung Galaxy A07 64GB Negro,https://www.fravega.com/p/celular-samsung-galaxy-a07-64gb-negro-782721/,299999.0,219999.0,1,True
FRA-celular-motorola-g67-4gb-256gb-782593,Fravega,MOTOROLA,Smartphones,Celular Motorola G67 4GB 256GB,https://www.fravega.com/p/celular-motorola-g67-4gb-256gb-782593/,599999.0,499999.0,1,True
FRA-iphone-17-pro-max-256gb-orange-782887,Fravega,OTRAS,Smartphones,iPhone 17 Pro Max 256GB Orange,https://www.fravega.com/p/iphone-17-pro-max-256gb-orange-782887/,3699999.0,2615209.92,1,True
FRA-celular-xiaomi-redmi-note-14-128gb-midni,Fravega,XIAOMI,Smartphones,Celular Xiaomi Redmi Note 14 128GB Midnight Black,https://www.fravega.com/p/celular-xiaomi-redmi-note-14-128gb-midnight-black-782554/,529999.0,419999.0,1,True
FRA-celular-motorola-g77-8gb-256gb-782719,Fravega,MOTOROLA,Smartphones,Celular Motorola G77 8GB 256GB,https://www.fravega.com/p/celular-motorola-g77-8gb-256gb-782719/,699999.0,649999.0,1,True
FRA-celular-samsung-galaxy-a17-128gb-negro-7,Fravega,SAMSUNG,Smartphones,Celular Samsung Galaxy A17 128GB Negro,https://www.fravega.com/p/celular-samsung-galaxy-a17-128gb-negro-782838/,489999.0,404957.85,1,True
FRA-iphone-17-256gb-azul-783326,Fravega,OTRAS,Smartphones,iPhone 17 256GB Azul,https://www.fravega.com/p/iphone-17-256gb-azul-783326/,2499999.0,1767033.5,1,True
FRA-celular-tcl-60r-5g-4gb-128gb-gray-782523,Fravega,TCL,Smartphones,Celular TCL 60R 5G 4GB 128GB Gray,https://www.fravega.com/p/celular-tcl-60r-5g-4gb-128gb-gray-782523/,309999.0,256197.52,1,True
FRA-celular-zte-blade-v80-max-4gb-256gb-blac,Fravega,ZTE,Smartphones,Celular ZTE Blade V80 Max 4GB 256GB Black,https://www.fravega.com/p/celular-zte-blade-v80-max-4gb-256gb-black-783239/,449999.0,349999.0,1,True
FRA-celular-motorola-g67-4gb-256gb-782665,Fravega,MOTOROLA,Smartphones,Celular Motorola G67 4GB 256GB,https://www.fravega.com/p/celular-motorola-g67-4gb-256gb-782665/,599999.0,499999.0,1,True
FRA-celular-xiaomi-redmi-14c-4-256gb-midnigh,Fravega,XIAOMI,Smartphones,Celular Xiaomi Redmi 14C 4/256GB Midnight Black,https://www.fravega.com/p/celular-xiaomi-redmi-14c-4-256gb-midnight-black-782596/,399999.0,359999.0,1,True
FRA-celular-tcl-50-pro-nxtpaper-5g-8gb-512gb,Fravega,TCL,Smartphones,Celular TCL 50 Pro NXTPAPER 5G 8GB 512GB Space Gray,https://www.fravega.com/p/celular-tcl-50-pro-nxtpaper-5g-8gb-512gb-space-gray-782594/,549999.0,499999.0,1,True
FRA-iphone-17-pro-256gb-deep-blue-783159,Fravega,OTRAS,Smartphones,iPhone 17 Pro 256GB Deep Blue,https://www.fravega.com/p/iphone-17-pro-256gb-deep-blue-783159/,3399999.0,2403165.82,1,True
FRA-celular-motorola-g15-4gb-128gb-iguana-gr,Fravega,MOTOROLA,Smartphones,Celular Motorola G15 4GB 128GB Iguana Green,https://www.fravega.com/p/celular-motorola-g15-4gb-128gb-iguana-green-782753/,299999.0,247933.06,1,True
FRA-celular-zte-v80-pro-8-gb-256-gb-negro-78,Fravega,ZTE,Smartphones,Celular ZTE V80 PRO 8 GB 256 GB Negro,https://www.fravega.com/p/celular-zte-v80-pro-8-gb-256-gb-negro-782438/,484999.0,449999.0,1,True
FRA-celular-samsung-galaxy-a07-64gb-verde-78,Fravega,SAMSUNG,Smartphones,Celular Samsung Galaxy A07 64GB Verde,https://www.fravega.com/p/celular-samsung-galaxy-a07-64gb-verde-782634/,299999.0,219999.0,1,True
FRA-celular-tcl-k70-4gb-128gb-tpu-case-afa-7,Fravega,TCL,Smartphones,Celular TCL K70 4GB 128GB + TPU Case AFA,https://www.fravega.com/p/celular-tcl-k70-4gb-128gb-tpu-case-afa-783052/,319999.0,289999.0,1,True
FRA-celular-motorola-moto-g85-5g-8gb-256gb-c,Fravega,MOTOROLA,Smartphones,Celular Motorola Moto G85 5G 8GB 256GB Cobalt Blue PB290030AR,https://www.fravega.com/p/celular-motorola-moto-g85-5g-8gb-256gb-cobalt-blue-pb290030ar-990295666/,997199.0,690999.0,1,True
FRA-celular-motorola-moto-g54-5g-esim-8gb-12,Fravega,MOTOROLA,Smartphones,Celular Motorola Moto G54 5G eSIM 8GB 128GB Verde PAYS0041AR,https://www.fravega.com/p/celular-motorola-moto-g54-5g-esim-8gb-128gb-verde-pays0041ar-990295667/,687599.0,467999.0,1,True
FRA-iphone-17-pro-256gb-plata-783328,Fravega,OTRAS,Smartphones,iPhone 17 Pro 256GB Plata,https://www.fravega.com/p/iphone-17-pro-256gb-plata-783328/,3399999.0,2403165.82,1,True
FRA-celular-samsung-galaxy-a07-64-4gb-light-,Fravega,SAMSUNG,Smartphones,Celular Samsung Galaxy A07 64/4GB Light Violet,https://www.fravega.com/p/celular-samsung-galaxy-a07-64-4gb-light-violet-990285209/,399999.0,212579.0,1,True
FRA-celular-xiaomi-redmi-note-15-pro-8gb-256,Fravega,XIAOMI,Smartphones,Celular Xiaomi Redmi Note 15 Pro 8GB 256GB Black,https://www.fravega.com/p/celular-xiaomi-redmi-note-15-pro-8gb-256gb-black-782927/,899999.0,743800.83,1,True
FRA-celular-xiaomi-redmi-14c-4-128gb-starry-,Fravega,XIAOMI,Smartphones,Celular Xiaomi Redmi 14C 4/128GB Starry Blue,https://www.fravega.com/p/celular-xiaomi-redmi-14c-4-128gb-starry-blue-782599/,369999.0,305784.3,1,True
FRA-celular-samsung-galaxy-a07-64-4gb-light-,Fravega,SAMSUNG,Smartphones,Celular Samsung Galaxy A07 64/4GB Light Violet,https://www.fravega.com/p/celular-samsung-galaxy-a07-64-4gb-light-violet-990293996/,299999.0,219999.01,1,True
FRA-celular-motorola-gmax-8gb-256gb-blue-ato,Fravega,MOTOROLA,Smartphones,Celular Motorola GMAX 8GB 256GB Blue Atoll,https://www.fravega.com/p/celular-motorola-gmax-8gb-256gb-blue-atoll-783082/,799999.0,661156.2,1,True
FRA-celular-samsung-galaxy-s25-ultra-256gb-t,Fravega,SAMSUNG,Smartphones,Celular Samsung Galaxy S25 Ultra 256GB Titanium Black,https://www.fravega.com/p/celular-samsung-galaxy-s25-ultra-256gb-titanium-black-782902/,2799999.0,2314048.76,1,True
FRA-celular-zte-a56-pro-4gb-128gb-gold-78244,Fravega,ZTE,Smartphones,Celular ZTE A56 Pro 4GB 128GB Gold,https://www.fravega.com/p/celular-zte-a56-pro-4gb-128gb-gold-782442/,269999.0,249999.0,1,True
FRA-celular-motorola-signature-16gb-1tb-7834,Fravega,MOTOROLA,Smartphones,Celular Motorola Signature 16GB 1TB,https://www.fravega.com/p/celular-motorola-signature-16gb-1tb-783414/,2499999.0,2066114.88,1,True
FRA-celular-samsung-galaxy-a37-5g-8gb-256gb-,Fravega,SAMSUNG,Smartphones,Celular Samsung Galaxy A37 5G 8GB 256GB Blanco,https://www.fravega.com/p/celular-samsung-galaxy-a37-5g-8gb-256gb-blanco-783106/,1149999.0,950412.4,1,True
FRA-iphone-16-pro-512gb-white-783069,Fravega,OTRAS,Smartphones,iPhone 16 Pro 512GB White,https://www.fravega.com/p/iphone-16-pro-512gb-white-783069/,2999999.0,2120440.34,1,True
FRA-celular-realme-c61-8-8gb-256gb-green-782,Fravega,OTRAS,Smartphones,Celular Realme C61 8+8GB 256GB Green,https://www.fravega.com/p/celular-realme-c61-8-8gb-256gb-green-782780/,379999.0,339999.0,1,True
FRA-celular-xiaomi-redmi-note-15-8gb-256gb-p,Fravega,XIAOMI,Smartphones,Celular Xiaomi Redmi Note 15 8GB 256GB Purple,https://www.fravega.com/p/celular-xiaomi-redmi-note-15-8gb-256gb-purple-782939/,749999.0,699999.0,1,True
FRA-celular-motorola-g47-4gb-128gb-impenetra,Fravega,MOTOROLA,Smartphones,Celular Motorola G47 4GB 128GB Impenetrable,https://www.fravega.com/p/celular-motorola-g47-4gb-128gb-impenetrable-783081/,499999.0,413222.31,1,True
FRA-celular-samsung-galaxy-s25-ultra-512gb-t,Fravega,SAMSUNG,Smartphones,Celular Samsung Galaxy S25 Ultra 512GB Titanium Silverblue,https://www.fravega.com/p/celular-samsung-galaxy-s25-ultra-512gb-titanium-silverblue-782703/,2999999.0,2479338.02,1,True
FRA-smart-tv-samsung-55-4k-neo-qled-qn70f-50,Fravega,SAMSUNG,Televisores,"Smart TV Samsung 55"" 4K Neo QLED QN70F",https://www.fravega.com/p/smart-tv-samsung-55-4k-neo-qled-qn70f-502816/,2759999.0,2299999.0,1,True
FRA-smart-tv-philips-qled-4k-65-65pud8250-77,Fravega,PHILIPS,Televisores,Smart TV Philips QLED 4K 65” 65PUD8250/77,https://www.fravega.com/p/smart-tv-philips-qled-4k-65-65pud8250-77-502912/,1799999.0,1399999.0,1,True
FRA-smart-tv-noblex-4k-uhd-led-58-db58x7580-,Fravega,NOBLEX,Televisores,"Smart TV Noblex 4K UHD LED 58"" DB58X7580",https://www.fravega.com/p/smart-tv-noblex-4k-uhd-led-58-db58x7580-503149/,899999.0,789999.0,1,True
FRA-smart-tv-samsung-qled-4k-uhd-75-qn75q7fa,Fravega,SAMSUNG,Televisores,Smart TV Samsung QLED 4K UHD 75” QN75Q7FAAGCZB,https://www.fravega.com/p/smart-tv-samsung-qled-4k-uhd-75-qn75q7faagczb-503123/,2549999.0,2107437.19,1,True
FRA-smart-tv-philips-70-4k-uhd-70pud7908-77-,Fravega,PHILIPS,Televisores,"Smart TV Philips 70"" 4K UHD 70PUD7908/77",https://www.fravega.com/p/smart-tv-philips-70-4k-uhd-70pud7908-77-502021/,1949999.0,1699999.0,1,True
FRA-smart-tv-rca-full-hd-50-c50gl200-503245,Fravega,OTRAS,Televisores,Smart TV RCA Full HD 50” C50GL200,https://www.fravega.com/p/smart-tv-rca-full-hd-50-c50gl200-503245/,649999.0,509999.0,1,True
FRA-smart-tv-50-noblex-roku-tv-fhd-db50x3110,Fravega,NOBLEX,Televisores,Smart Tv 50 Noblex Roku Tv Fhd Db50x3110,https://www.fravega.com/p/smart-tv-50-noblex-roku-tv-fhd-db50x3110-990288853/,662199.0,489999.0,1,True
FRA-smart-tv-philips-qled-4k-55-55pud8250-77,Fravega,PHILIPS,Televisores,Smart TV Philips QLED 4K 55” 55PUD8250/77,https://www.fravega.com/p/smart-tv-philips-qled-4k-55-55pud8250-77-502897/,1299999.0,849999.0,1,True
FRA-smart-tv-55-sansei-4k-google-tv-tds2555u,Fravega,OTRAS,Televisores,"Smart TV 55"" Sansei 4K Google TV TDS2555UIGS",https://www.fravega.com/p/smart-tv-55-sansei-4k-google-tv-tds2555uigs-990247404/,963599.0,689999.0,1,True
FRA-smart-tv-samsung-85-qled-4k-q7-tizen-os-,Fravega,SAMSUNG,Televisores,Smart TV Samsung 85” QLED 4K Q7 Tizen OS,https://www.fravega.com/p/smart-tv-samsung-85-qled-4k-q7-tizen-os-502802/,3999999.0,3305784.3,1,True
FRA-smart-tv-40-philips-fhd-google-40pfd6920,Fravega,PHILIPS,Televisores,"Smart TV 40"" Philips FHD Google 40PFD6920/77",https://www.fravega.com/p/smart-tv-40-philips-fhd-google-40pfd6920-77-990258450/,622699.0,435889.0,1,True
FRA-smart-tv-tcl-55-qled-55c655-502785,Fravega,TCL,Televisores,Smart TV TCL 55” QLED 55C655,https://www.fravega.com/p/smart-tv-tcl-55-qled-55c655-502785/,949999.0,785123.14,1,True
FRA-tv-led-65-noblex-vidaa-starwars-uh-50314,Fravega,NOBLEX,Televisores,"TV LED 65"" Noblex Vidaa Starwars UH",https://www.fravega.com/p/tv-led-65-noblex-vidaa-starwars-uh-503148/,1399999.0,999999.0,1,True
FRA-smart-tv-rca-qled-uhd-4k-55-ql55th300-50,Fravega,OTRAS,Televisores,Smart TV RCA QLED UHD 4K 55” QL55TH300,https://www.fravega.com/p/smart-tv-rca-qled-uhd-4k-55-ql55th300-503247/,949999.0,719999.0,1,True
FRA-smart-tv-samsung-uhd-4k-50-lh50bedhvggc-,Fravega,SAMSUNG,Televisores,Smart TV Samsung UHD 4K 50” LH50BEDHVGGC,https://www.fravega.com/p/smart-tv-samsung-uhd-4k-50-lh50bedhvggc-503078/,899999.0,679999.0,1,True
FRA-smart-tv-philips-65-led-4k-uhd-65pud8100,Fravega,PHILIPS,Televisores,"Smart TV Philips 65"" LED 4K UHD 65PUD8100/77 Ambilight Titan OS WiFi",https://www.fravega.com/p/smart-tv-philips-65-led-4k-uhd-65pud8100-77-ambilight-titan-os-wifi-503084/,1599999.0,1299999.0,1,True
FRA-smart-tv-tcl-65-4k-uhd-led-65v6c-f-googl,Fravega,TCL,Televisores,Smart TV TCL 65” 4K UHD LED 65V6C-F Google TV,https://www.fravega.com/p/smart-tv-tcl-65-4k-uhd-led-65v6c-f-google-tv-503081/,1299999.0,1074379.34,1,True
FRA-smart-tv-samsung-65-led-4k-crystal-uhd-u,Fravega,SAMSUNG,Televisores,"Smart TV Samsung 65"" LED 4K Crystal UHD U8000F",https://www.fravega.com/p/smart-tv-samsung-65-led-4k-crystal-uhd-u8000f-503076/,1449999.0,1198346.28,1,True
FRA-smart-tv-hisense-75-4k-uhd-qled-75q6qv-5,Fravega,HISENSE,Televisores,"Smart TV Hisense 75"" 4K UHD QLED 75Q6QV",https://www.fravega.com/p/smart-tv-hisense-75-4k-uhd-qled-75q6qv-503183/,1899999.0,1570247.11,1,True
FRA-smart-tv-enova-lnv32d1stdf-led-hd-32-net,Fravega,OTRAS,Televisores,Smart Tv Enova LNV32D1STDF Led Hd 32 Netflix Google TV,https://www.fravega.com/p/smart-tv-enova-lnv32d1stdf-led-hd-32-netflix-google-tv-990268137/,298748.0,236999.0,1,True
FRA-smart-tv-lg-oled-55-pulgadas-ultra-hd-4k,Fravega,LG,Televisores,Smart Tv LG Oled 55 Pulgadas Ultra HD 4k AI Thinq Oled55B5PSA Webos,https://www.fravega.com/p/smart-tv-lg-oled-55-pulgadas-ultra-hd-4k-ai-thinq-oled55b5psa-webos-990274751/,2771999.0,1925999.0,1,True
FRA-smart-tv-tcl-85-qled-4k-uhd-p8k-google-t,Fravega,TCL,Televisores,Smart TV TCL 85” QLED 4K UHD P8K Google TV,https://www.fravega.com/p/smart-tv-tcl-85-qled-4k-uhd-p8k-google-tv-502876/,3199999.0,2644627.27,1,True
FRA-smart-tv-samsung-qled-4k-uhd-55-qn55q6fa,Fravega,SAMSUNG,Televisores,Smart TV Samsung QLED 4K UHD 55” QN55Q6FAAG,https://www.fravega.com/p/smart-tv-samsung-qled-4k-uhd-55-qn55q6faag-502993/,1139999.0,942147.93,1,True
FRA-smart-tv-philips-led-50-4k-uhd-titan-os-,Fravega,PHILIPS,Televisores,Smart TV Philips LED 50” 4K UHD Titan OS 50PUD7309/77,https://www.fravega.com/p/smart-tv-philips-led-50-4k-uhd-titan-os-50pud7309-77-502852/,849999.0,659999.0,1,True
FRA-smart-tv-led-32-philips-32phd6910-77-502,Fravega,PHILIPS,Televisores,"Smart TV Led 32"" Philips 32PHD6910/77",https://www.fravega.com/p/smart-tv-led-32-philips-32phd6910-77-502788/,419999.0,349999.0,1,True
FRA-smart-tv-samsung-qled-4k-uhd-55-qn55q6fa,Fravega,SAMSUNG,Televisores,Smart TV Samsung QLED 4K UHD 55” QN55Q6FAAGCZB,https://www.fravega.com/p/smart-tv-samsung-qled-4k-uhd-55-qn55q6faagczb-503023/,1049999.0,867767.77,1,True
FRA-smart-tv-samsung-qled-4k-uhd-65-qn65q6fa,Fravega,SAMSUNG,Televisores,Smart TV Samsung QLED 4K UHD 65” QN65Q6FAAG,https://www.fravega.com/p/smart-tv-samsung-qled-4k-uhd-65-qn65q6faag-503022/,1399999.0,1157023.97,1,True
FRA-tv-led-noblex-hd-40-dv40x5100f-502877,Fravega,NOBLEX,Televisores,TV Led Noblex HD 40” DV40X5100F,https://www.fravega.com/p/tv-led-noblex-hd-40-dv40x5100f-502877/,399999.0,339999.0,1,True
FRA-smart-tv-philips-40-led-full-hd-40pfd692,Fravega,PHILIPS,Televisores,"Smart TV Philips 40"" LED Full HD 40PFD6920/77 Google TV WiFi",https://www.fravega.com/p/smart-tv-philips-40-led-full-hd-40pfd6920-77-google-tv-wifi-503082/,569999.0,459999.0,1,True
FRA-smart-tv-tcl-55-4k-uhd-led-55v6c-google-,Fravega,TCL,Televisores,Smart TV TCL 55” 4K UHD LED 55V6C Google TV,https://www.fravega.com/p/smart-tv-tcl-55-4k-uhd-led-55v6c-google-tv-503060/,799999.0,661156.2,1,True
FRA-smart-tv-tcl-65-qled-65p8k-b-503027,Fravega,TCL,Televisores,"Smart TV TCL 65"" QLED 65P8K-B",https://www.fravega.com/p/smart-tv-tcl-65-qled-65p8k-b-503027/,1399999.0,1157023.97,1,True
FRA-smart-tv-noblex-50-4k-qled-dq50x9580-bla,Fravega,NOBLEX,Televisores,Smart TV NOBLEX 50” 4K QLED DQ50X9580 Black,https://www.fravega.com/p/smart-tv-noblex-50-4k-qled-dq50x9580-black-503327/,799999.0,649999.0,1,True
FRA-smart-tv-led-43-philips-43pfd6910-77-502,Fravega,PHILIPS,Televisores,"Smart TV LED 43"" Philips 43PFD6910/77",https://www.fravega.com/p/smart-tv-led-43-philips-43pfd6910-77-502789/,629999.0,519999.0,1,True
FRA-smart-tv-noblex-4k-50-dv50x6500f--502907,Fravega,NOBLEX,Televisores,"Smart TV Noblex 4K 50"" DV50X6500F",https://www.fravega.com/p/smart-tv-noblex-4k-50-dv50x6500f--502907/,599999.0,495866.94,1,True
FRA-smart-tv-samsung-55-4k-neo-qled-qn70f-50,Fravega,SAMSUNG,Televisores,"Smart TV Samsung 55"" 4K Neo QLED QN70F",https://www.fravega.com/p/smart-tv-samsung-55-4k-neo-qled-qn70f-502816/,2759999.0,2299999.0,1,True
FRA-smart-tv-philips-qled-4k-65-65pud8250-77,Fravega,PHILIPS,Televisores,Smart TV Philips QLED 4K 65” 65PUD8250/77,https://www.fravega.com/p/smart-tv-philips-qled-4k-65-65pud8250-77-502912/,1799999.0,1399999.0,1,True
FRA-smart-tv-noblex-4k-uhd-led-58-db58x7580-,Fravega,NOBLEX,Televisores,"Smart TV Noblex 4K UHD LED 58"" DB58X7580",https://www.fravega.com/p/smart-tv-noblex-4k-uhd-led-58-db58x7580-503149/,899999.0,789999.0,1,True
FRA-smart-tv-samsung-qled-4k-uhd-75-qn75q7fa,Fravega,SAMSUNG,Televisores,Smart TV Samsung QLED 4K UHD 75” QN75Q7FAAGCZB,https://www.fravega.com/p/smart-tv-samsung-qled-4k-uhd-75-qn75q7faagczb-503123/,2549999.0,2107437.19,1,True
FRA-smart-tv-philips-70-4k-uhd-70pud7908-77-,Fravega,PHILIPS,Televisores,"Smart TV Philips 70"" 4K UHD 70PUD7908/77",https://www.fravega.com/p/smart-tv-philips-70-4k-uhd-70pud7908-77-502021/,1949999.0,1699999.0,1,True
FRA-smart-tv-rca-full-hd-50-c50gl200-503245,Fravega,OTRAS,Televisores,Smart TV RCA Full HD 50” C50GL200,https://www.fravega.com/p/smart-tv-rca-full-hd-50-c50gl200-503245/,649999.0,509999.0,1,True
FRA-smart-tv-50-noblex-roku-tv-fhd-db50x3110,Fravega,NOBLEX,Televisores,Smart Tv 50 Noblex Roku Tv Fhd Db50x3110,https://www.fravega.com/p/smart-tv-50-noblex-roku-tv-fhd-db50x3110-990288853/,662199.0,489999.0,1,True
FRA-smart-tv-philips-qled-4k-55-55pud8250-77,Fravega,PHILIPS,Televisores,Smart TV Philips QLED 4K 55” 55PUD8250/77,https://www.fravega.com/p/smart-tv-philips-qled-4k-55-55pud8250-77-502897/,1299999.0,849999.0,1,True
FRA-smart-tv-55-sansei-4k-google-tv-tds2555u,Fravega,OTRAS,Televisores,"Smart TV 55"" Sansei 4K Google TV TDS2555UIGS",https://www.fravega.com/p/smart-tv-55-sansei-4k-google-tv-tds2555uigs-990247404/,963599.0,689999.0,1,True
FRA-smart-tv-samsung-85-qled-4k-q7-tizen-os-,Fravega,SAMSUNG,Televisores,Smart TV Samsung 85” QLED 4K Q7 Tizen OS,https://www.fravega.com/p/smart-tv-samsung-85-qled-4k-q7-tizen-os-502802/,3999999.0,3305784.3,1,True
FRA-smart-tv-tcl-55-qled-55c655-502785,Fravega,TCL,Televisores,Smart TV TCL 55” QLED 55C655,https://www.fravega.com/p/smart-tv-tcl-55-qled-55c655-502785/,949999.0,785123.14,1,True
FRA-tv-led-65-noblex-vidaa-starwars-uh-50314,Fravega,NOBLEX,Televisores,"TV LED 65"" Noblex Vidaa Starwars UH",https://www.fravega.com/p/tv-led-65-noblex-vidaa-starwars-uh-503148/,1399999.0,999999.0,1,True
FRA-smart-tv-rca-qled-uhd-4k-55-ql55th300-50,Fravega,OTRAS,Televisores,Smart TV RCA QLED UHD 4K 55” QL55TH300,https://www.fravega.com/p/smart-tv-rca-qled-uhd-4k-55-ql55th300-503247/,949999.0,719999.0,1,True
FRA-smart-tv-samsung-uhd-4k-50-lh50bedhvggc-,Fravega,SAMSUNG,Televisores,Smart TV Samsung UHD 4K 50” LH50BEDHVGGC,https://www.fravega.com/p/smart-tv-samsung-uhd-4k-50-lh50bedhvggc-503078/,899999.0,679999.0,1,True
FRA-smart-tv-philips-65-led-4k-uhd-65pud8100,Fravega,PHILIPS,Televisores,"Smart TV Philips 65"" LED 4K UHD 65PUD8100/77 Ambilight Titan OS WiFi",https://www.fravega.com/p/smart-tv-philips-65-led-4k-uhd-65pud8100-77-ambilight-titan-os-wifi-503084/,1599999.0,1299999.0,1,True
FRA-smart-tv-tcl-65-4k-uhd-led-65v6c-f-googl,Fravega,TCL,Televisores,Smart TV TCL 65” 4K UHD LED 65V6C-F Google TV,https://www.fravega.com/p/smart-tv-tcl-65-4k-uhd-led-65v6c-f-google-tv-503081/,1299999.0,1074379.34,1,True
FRA-smart-tv-samsung-65-led-4k-crystal-uhd-u,Fravega,SAMSUNG,Televisores,"Smart TV Samsung 65"" LED 4K Crystal UHD U8000F",https://www.fravega.com/p/smart-tv-samsung-65-led-4k-crystal-uhd-u8000f-503076/,1449999.0,1198346.28,1,True
FRA-smart-tv-hisense-75-4k-uhd-qled-75q6qv-5,Fravega,HISENSE,Televisores,"Smart TV Hisense 75"" 4K UHD QLED 75Q6QV",https://www.fravega.com/p/smart-tv-hisense-75-4k-uhd-qled-75q6qv-503183/,1899999.0,1570247.11,1,True
FRA-tv-led-philips-55-uhd-55pud7309-77-50279,Fravega,PHILIPS,Televisores,"TV LED Philips 55"" UHD 55PUD7309/77",https://www.fravega.com/p/tv-led-philips-55-uhd-55pud7309-77-502793/,999999.0,799999.0,1,True
FRA-tv-noblex-75-uhd-4k-led-x8-series-dv75x8,Fravega,NOBLEX,Televisores,TV Noblex 75” UHD 4K LED X8 Series DV75X8580 Google TV,https://www.fravega.com/p/tv-noblex-75-uhd-4k-led-x8-series-dv75x8580-google-tv-502794/,1599999.0,1322313.22,1,True
FRA-smart-tv-samsung-50-led-4k-crystal-uhd-u,Fravega,SAMSUNG,Televisores,"Smart TV Samsung 50"" LED 4K Crystal UHD UN50U8000FGCZB",https://www.fravega.com/p/smart-tv-samsung-50-led-4k-crystal-uhd-un50u8000fgczb-503013/,899999.0,743800.83,1,True
FRA-smart-tv-kanji-32-hd-whaleos-kj-32mt005-,Fravega,OTRAS,Televisores,Smart TV Kanji 32” HD WhaleOS KJ-32MT005-2W,https://www.fravega.com/p/smart-tv-kanji-32-hd-whaleos-kj-32mt005-2w-503140/,329999.0,229999.0,1,True
FRA-smart-tv-rca-uhd-4k-65-g65p7uhd-503246,Fravega,OTRAS,Televisores,Smart TV RCA UHD 4K 65” G65P7UHD,https://www.fravega.com/p/smart-tv-rca-uhd-4k-65-g65p7uhd-503246/,1199999.0,899999.0,1,True
FRA-tv-led-32-tcl-32s5k-fhd-qled-502997,Fravega,TCL,Televisores,"TV LED 32"" TCL 32S5K FHD QLED",https://www.fravega.com/p/tv-led-32-tcl-32s5k-fhd-qled-502997/,359999.0,297519.83,1,True
FRA-smart-tv-samsung-qled-4k-uhd-75-qn75q7fa,Fravega,SAMSUNG,Televisores,Smart TV Samsung QLED 4k UHD 75” QN75Q7FAAG,https://www.fravega.com/p/smart-tv-samsung-qled-4k-uhd-75-qn75q7faag-502970/,2549999.0,2107437.19,1,True
FRA-tv-led-32-noblex-vidaa-mickey1dv32v-hd--,Fravega,NOBLEX,Televisores,"TV LED 32"" Noblex Vidaa MICKEY1DV32V HD",https://www.fravega.com/p/tv-led-32-noblex-vidaa-mickey1dv32v-hd--503147/,319999.0,289999.0,1,True
FRA-smart-tv-lg-uhd-ai-75-uhd-4k-procesador-,Fravega,LG,Televisores,"Smart TV LG UHD AI 75"" UHD 4K Procesador Alpha 7 8va Gen con Inteligencia Artificial 75UA8550PSA",https://www.fravega.com/p/smart-tv-lg-uhd-ai-75-uhd-4k-procesador-alpha-7-8va-gen-con-inteligencia-artificial-75ua8550psa-503112/,2099999.0,1735536.36,1,True
FRA-smart-tv-samsung-55-4k-neo-qled-qn70f-50,Fravega,SAMSUNG,Televisores,"Smart TV Samsung 55"" 4K Neo QLED QN70F",https://www.fravega.com/p/smart-tv-samsung-55-4k-neo-qled-qn70f-502816/,2759999.0,2299999.0,1,True
FRA-smart-tv-philips-qled-4k-65-65pud8250-77,Fravega,PHILIPS,Televisores,Smart TV Philips QLED 4K 65” 65PUD8250/77,https://www.fravega.com/p/smart-tv-philips-qled-4k-65-65pud8250-77-502912/,1799999.0,1399999.0,1,True
FRA-smart-tv-noblex-4k-uhd-led-58-db58x7580-,Fravega,NOBLEX,Televisores,"Smart TV Noblex 4K UHD LED 58"" DB58X7580",https://www.fravega.com/p/smart-tv-noblex-4k-uhd-led-58-db58x7580-503149/,899999.0,789999.0,1,True
FRA-smart-tv-samsung-qled-4k-uhd-75-qn75q7fa,Fravega,SAMSUNG,Televisores,Smart TV Samsung QLED 4K UHD 75” QN75Q7FAAGCZB,https://www.fravega.com/p/smart-tv-samsung-qled-4k-uhd-75-qn75q7faagczb-503123/,2549999.0,2107437.19,1,True
FRA-smart-tv-philips-70-4k-uhd-70pud7908-77-,Fravega,PHILIPS,Televisores,"Smart TV Philips 70"" 4K UHD 70PUD7908/77",https://www.fravega.com/p/smart-tv-philips-70-4k-uhd-70pud7908-77-502021/,1949999.0,1699999.0,1,True
FRA-smart-tv-rca-full-hd-50-c50gl200-503245,Fravega,OTRAS,Televisores,Smart TV RCA Full HD 50” C50GL200,https://www.fravega.com/p/smart-tv-rca-full-hd-50-c50gl200-503245/,649999.0,509999.0,1,True
FRA-smart-tv-50-noblex-roku-tv-fhd-db50x3110,Fravega,NOBLEX,Televisores,Smart Tv 50 Noblex Roku Tv Fhd Db50x3110,https://www.fravega.com/p/smart-tv-50-noblex-roku-tv-fhd-db50x3110-990288853/,662199.0,489999.0,1,True
FRA-smart-tv-philips-qled-4k-55-55pud8250-77,Fravega,PHILIPS,Televisores,Smart TV Philips QLED 4K 55” 55PUD8250/77,https://www.fravega.com/p/smart-tv-philips-qled-4k-55-55pud8250-77-502897/,1299999.0,849999.0,1,True
FRA-smart-tv-55-sansei-4k-google-tv-tds2555u,Fravega,OTRAS,Televisores,"Smart TV 55"" Sansei 4K Google TV TDS2555UIGS",https://www.fravega.com/p/smart-tv-55-sansei-4k-google-tv-tds2555uigs-990247404/,963599.0,689999.0,1,True
FRA-smart-tv-samsung-85-qled-4k-q7-tizen-os-,Fravega,SAMSUNG,Televisores,Smart TV Samsung 85” QLED 4K Q7 Tizen OS,https://www.fravega.com/p/smart-tv-samsung-85-qled-4k-q7-tizen-os-502802/,3999999.0,3305784.3,1,True
FRA-smart-tv-tcl-55-qled-55c655-502785,Fravega,TCL,Televisores,Smart TV TCL 55” QLED 55C655,https://www.fravega.com/p/smart-tv-tcl-55-qled-55c655-502785/,949999.0,785123.14,1,True
FRA-tv-led-65-noblex-vidaa-starwars-uh-50314,Fravega,NOBLEX,Televisores,"TV LED 65"" Noblex Vidaa Starwars UH",https://www.fravega.com/p/tv-led-65-noblex-vidaa-starwars-uh-503148/,1399999.0,999999.0,1,True
FRA-smart-tv-rca-qled-uhd-4k-55-ql55th300-50,Fravega,OTRAS,Televisores,Smart TV RCA QLED UHD 4K 55” QL55TH300,https://www.fravega.com/p/smart-tv-rca-qled-uhd-4k-55-ql55th300-503247/,949999.0,719999.0,1,True
FRA-smart-tv-samsung-uhd-4k-50-lh50bedhvggc-,Fravega,SAMSUNG,Televisores,Smart TV Samsung UHD 4K 50” LH50BEDHVGGC,https://www.fravega.com/p/smart-tv-samsung-uhd-4k-50-lh50bedhvggc-503078/,899999.0,679999.0,1,True
FRA-smart-tv-philips-65-led-4k-uhd-65pud8100,Fravega,PHILIPS,Televisores,"Smart TV Philips 65"" LED 4K UHD 65PUD8100/77 Ambilight Titan OS WiFi",https://www.fravega.com/p/smart-tv-philips-65-led-4k-uhd-65pud8100-77-ambilight-titan-os-wifi-503084/,1599999.0,1299999.0,1,True
FRA-smart-tv-tcl-65-4k-uhd-led-65v6c-f-googl,Fravega,TCL,Televisores,Smart TV TCL 65” 4K UHD LED 65V6C-F Google TV,https://www.fravega.com/p/smart-tv-tcl-65-4k-uhd-led-65v6c-f-google-tv-503081/,1299999.0,1074379.34,1,True
FRA-smart-tv-samsung-65-led-4k-crystal-uhd-u,Fravega,SAMSUNG,Televisores,"Smart TV Samsung 65"" LED 4K Crystal UHD U8000F",https://www.fravega.com/p/smart-tv-samsung-65-led-4k-crystal-uhd-u8000f-503076/,1449999.0,1198346.28,1,True
FRA-smart-tv-hisense-75-4k-uhd-qled-75q6qv-5,Fravega,HISENSE,Televisores,"Smart TV Hisense 75"" 4K UHD QLED 75Q6QV",https://www.fravega.com/p/smart-tv-hisense-75-4k-uhd-qled-75q6qv-503183/,1899999.0,1570247.11,1,True
FRA-smart-tv-tcl-85-4k-mini-led-85c6k-google,Fravega,TCL,Televisores,Smart TV TCL 85” 4K Mini LED 85C6K Google TV-RV,https://www.fravega.com/p/smart-tv-tcl-85-4k-mini-led-85c6k-google-tv-rv-502900/,3499999.0,2892561.16,1,True
FRA-smart-tv-samsung-hd-32-un32h5000fgc-5030,Fravega,SAMSUNG,Televisores,Smart TV Samsung HD 32” UN32H5000FGC,https://www.fravega.com/p/smart-tv-samsung-hd-32-un32h5000fgc-503033/,379999.0,314048.76,1,True
FRA-smart-tv-philips-50-qled-4k-50pud8250-77,Fravega,PHILIPS,Televisores,"Smart TV Philips 50"" QLED 4K 50PUD8250/77",https://www.fravega.com/p/smart-tv-philips-50-qled-4k-50pud8250-77-502885/,999999.0,699999.0,1,True
FRA-tv-led-50-noblex-vidaa-marvel1dv50v-uhd-,Fravega,NOBLEX,Televisores,"TV LED 50"" Noblex Vidaa MARVEL1DV50V UHD",https://www.fravega.com/p/tv-led-50-noblex-vidaa-marvel1dv50v-uhd-503146/,669999.0,599999.0,1,True
FRA-smart-tv-hisense-uled-miniled-65-9165u6q,Fravega,HISENSE,Televisores,Smart TV Hisense ULED MINILED 65” 9165U6QV,https://www.fravega.com/p/smart-tv-hisense-uled-miniled-65-9165u6qv-503181/,1499999.0,1239668.6,1,True
FRA-smart-tv-samsung-75-led-4k-crystal-uhd-u,Fravega,SAMSUNG,Televisores,"Smart TV Samsung 75"" LED 4K Crystal UHD U8000F",https://www.fravega.com/p/smart-tv-samsung-75-led-4k-crystal-uhd-u8000f-503091/,2299999.0,1900825.62,1,True
FRA-smart-tv-philips-75-led-4k-uhd-75pud8100,Fravega,PHILIPS,Televisores,"Smart TV Philips 75"" LED 4K UHD 75PUD8100/77 Ambilight Titan OS WiFi",https://www.fravega.com/p/smart-tv-philips-75-led-4k-uhd-75pud8100-77-ambilight-titan-os-wifi-503085/,2399999.0,1949999.0,1,True
FRA-smart-tv-aoc-55-4k-uhd-55u7345-77i-50312,Fravega,OTRAS,Televisores,Smart TV AOC 55” 4K UHD 55U7345/77I,https://www.fravega.com/p/smart-tv-aoc-55-4k-uhd-55u7345-77i-503129/,819999.0,599999.0,1,True
FRA-smart-tv-tcl-85-qled-4k-uhd-p8k-google-t,Fravega,TCL,Televisores,Smart TV TCL 85” QLED 4K UHD P8K Google TV,https://www.fravega.com/p/smart-tv-tcl-85-qled-4k-uhd-p8k-google-tv-502876/,3199999.0,2644627.27,1,True
FRA-smart-tv-tcl-full-hd-qled-50-50s5k-f-502,Fravega,TCL,Televisores,Smart TV TCL Full HD QLED 50” 50S5K-F,https://www.fravega.com/p/smart-tv-tcl-full-hd-qled-50-50s5k-f-502700/,699999.0,578511.57,1,True
FRA-smart-tv-samsung-55-4k-neo-qled-qn70f-50,Fravega,SAMSUNG,Televisores,"Smart TV Samsung 55"" 4K Neo QLED QN70F",https://www.fravega.com/p/smart-tv-samsung-55-4k-neo-qled-qn70f-502816/,2759999.0,2299999.0,1,True
FRA-smart-tv-philips-qled-4k-65-65pud8250-77,Fravega,PHILIPS,Televisores,Smart TV Philips QLED 4K 65” 65PUD8250/77,https://www.fravega.com/p/smart-tv-philips-qled-4k-65-65pud8250-77-502912/,1799999.0,1399999.0,1,True
FRA-smart-tv-noblex-4k-uhd-led-58-db58x7580-,Fravega,NOBLEX,Televisores,"Smart TV Noblex 4K UHD LED 58"" DB58X7580",https://www.fravega.com/p/smart-tv-noblex-4k-uhd-led-58-db58x7580-503149/,899999.0,789999.0,1,True
FRA-smart-tv-samsung-qled-4k-uhd-75-qn75q7fa,Fravega,SAMSUNG,Televisores,Smart TV Samsung QLED 4K UHD 75” QN75Q7FAAGCZB,https://www.fravega.com/p/smart-tv-samsung-qled-4k-uhd-75-qn75q7faagczb-503123/,2549999.0,2107437.19,1,True
FRA-smart-tv-philips-70-4k-uhd-70pud7908-77-,Fravega,PHILIPS,Televisores,"Smart TV Philips 70"" 4K UHD 70PUD7908/77",https://www.fravega.com/p/smart-tv-philips-70-4k-uhd-70pud7908-77-502021/,1949999.0,1699999.0,1,True
FRA-smart-tv-rca-full-hd-50-c50gl200-503245,Fravega,OTRAS,Televisores,Smart TV RCA Full HD 50” C50GL200,https://www.fravega.com/p/smart-tv-rca-full-hd-50-c50gl200-503245/,649999.0,509999.0,1,True
FRA-smart-tv-50-noblex-roku-tv-fhd-db50x3110,Fravega,NOBLEX,Televisores,Smart Tv 50 Noblex Roku Tv Fhd Db50x3110,https://www.fravega.com/p/smart-tv-50-noblex-roku-tv-fhd-db50x3110-990288853/,662199.0,489999.0,1,True
FRA-smart-tv-philips-qled-4k-55-55pud8250-77,Fravega,PHILIPS,Televisores,Smart TV Philips QLED 4K 55” 55PUD8250/77,https://www.fravega.com/p/smart-tv-philips-qled-4k-55-55pud8250-77-502897/,1299999.0,849999.0,1,True
FRA-smart-tv-55-sansei-4k-google-tv-tds2555u,Fravega,OTRAS,Televisores,"Smart TV 55"" Sansei 4K Google TV TDS2555UIGS",https://www.fravega.com/p/smart-tv-55-sansei-4k-google-tv-tds2555uigs-990247404/,963599.0,689999.0,1,True
FRA-smart-tv-samsung-85-qled-4k-q7-tizen-os-,Fravega,SAMSUNG,Televisores,Smart TV Samsung 85” QLED 4K Q7 Tizen OS,https://www.fravega.com/p/smart-tv-samsung-85-qled-4k-q7-tizen-os-502802/,3999999.0,3305784.3,1,True
FRA-smart-tv-tcl-55-qled-55c655-502785,Fravega,TCL,Televisores,Smart TV TCL 55” QLED 55C655,https://www.fravega.com/p/smart-tv-tcl-55-qled-55c655-502785/,949999.0,785123.14,1,True
FRA-tv-led-65-noblex-vidaa-starwars-uh-50314,Fravega,NOBLEX,Televisores,"TV LED 65"" Noblex Vidaa Starwars UH",https://www.fravega.com/p/tv-led-65-noblex-vidaa-starwars-uh-503148/,1399999.0,999999.0,1,True
FRA-smart-tv-rca-qled-uhd-4k-55-ql55th300-50,Fravega,OTRAS,Televisores,Smart TV RCA QLED UHD 4K 55” QL55TH300,https://www.fravega.com/p/smart-tv-rca-qled-uhd-4k-55-ql55th300-503247/,949999.0,719999.0,1,True
FRA-smart-tv-samsung-uhd-4k-50-lh50bedhvggc-,Fravega,SAMSUNG,Televisores,Smart TV Samsung UHD 4K 50” LH50BEDHVGGC,https://www.fravega.com/p/smart-tv-samsung-uhd-4k-50-lh50bedhvggc-503078/,899999.0,679999.0,1,True
FRA-smart-tv-philips-65-led-4k-uhd-65pud8100,Fravega,PHILIPS,Televisores,"Smart TV Philips 65"" LED 4K UHD 65PUD8100/77 Ambilight Titan OS WiFi",https://www.fravega.com/p/smart-tv-philips-65-led-4k-uhd-65pud8100-77-ambilight-titan-os-wifi-503084/,1599999.0,1299999.0,1,True
FRA-smart-tv-tcl-65-4k-uhd-led-65v6c-f-googl,Fravega,TCL,Televisores,Smart TV TCL 65” 4K UHD LED 65V6C-F Google TV,https://www.fravega.com/p/smart-tv-tcl-65-4k-uhd-led-65v6c-f-google-tv-503081/,1299999.0,1074379.34,1,True
FRA-smart-tv-samsung-65-led-4k-crystal-uhd-u,Fravega,SAMSUNG,Televisores,"Smart TV Samsung 65"" LED 4K Crystal UHD U8000F",https://www.fravega.com/p/smart-tv-samsung-65-led-4k-crystal-uhd-u8000f-503076/,1449999.0,1198346.28,1,True
FRA-smart-tv-hisense-75-4k-uhd-qled-75q6qv-5,Fravega,HISENSE,Televisores,"Smart TV Hisense 75"" 4K UHD QLED 75Q6QV",https://www.fravega.com/p/smart-tv-hisense-75-4k-uhd-qled-75q6qv-503183/,1899999.0,1570247.11,1,True
FRA-smart-tv-samsung-50-led-4k-crystal-uhd-u,Fravega,SAMSUNG,Televisores,"Smart TV Samsung 50"" LED 4K Crystal UHD U8000F",https://www.fravega.com/p/smart-tv-samsung-50-led-4k-crystal-uhd-u8000f-503041/,899999.0,743800.83,1,True
FRA-smart-tv-lg-43-pulgadas-lr6750psa-ai-ful,Fravega,LG,Televisores,Smart Tv LG 43 Pulgadas LR6750PSA AI Full HD,https://www.fravega.com/p/smart-tv-lg-43-pulgadas-lr6750psa-ai-full-hd-990274748/,582999.0,479999.0,1,True
FRA-smart-tv-samsung-4k-uhd-55-un55u8000fgcz,Fravega,SAMSUNG,Televisores,Smart TV Samsung 4K UHD 55” UN55U8000FGCZB,https://www.fravega.com/p/smart-tv-samsung-4k-uhd-55-un55u8000fgczb-503126/,999999.0,826445.45,1,True
FRA-smart-tv-samsung-75-4k-uhd-qn75qn70fagcz,Fravega,SAMSUNG,Televisores,"Smart TV Samsung 75"" 4K UHD QN75QN70FAGCZB Neo QLED",https://www.fravega.com/p/smart-tv-samsung-75-4k-uhd-qn75qn70fagczb-neo-qled-502817/,4369999.0,3649999.0,1,True
FRA-smart-tv-samsung-4k-uhd-98-un98du9000gx-,Fravega,SAMSUNG,Televisores,Smart TV Samsung 4K UHD 98” UN98DU9000GX,https://www.fravega.com/p/smart-tv-samsung-4k-uhd-98-un98du9000gx-503086/,6999999.0,5999999.0,1,True
FRA-tv-led-noblex-db24x4000-24-hd-990247407,Fravega,NOBLEX,Televisores,Tv Led Noblex Db24x4000 24 HD,https://www.fravega.com/p/tv-led-noblex-db24x4000-24-hd-990247407/,206799.0,155999.0,1,True
FRA-smart-tv-qled-65-admiral-ad65g4fn-502963,Fravega,OTRAS,Televisores,"Smart TV QLED 65"" Admiral AD65G4FN",https://www.fravega.com/p/smart-tv-qled-65-admiral-ad65g4fn-502963/,1049999.0,999999.0,1,True
FRA-smart-tv-32-hisense-hd-vidaa-32a42k-9902,Fravega,HISENSE,Televisores,"Smart Tv 32"" Hisense HD VIDAA 32A42K",https://www.fravega.com/p/smart-tv-32-hisense-hd-vidaa-32a42k-990245175/,381699.0,275999.0,1,True
FRA-tv-philips-24-led-hd-24phd5565-77-502091,Fravega,PHILIPS,Televisores,"TV Philips 24"" LED HD 24PHD5565/77",https://www.fravega.com/p/tv-philips-24-led-hd-24phd5565-77-502091/,259999.0,209999.0,1,True
FRA-smart-tv-samsung-55-led-4k-crystal-uhd-u,Fravega,SAMSUNG,Televisores,"Smart TV Samsung 55"" LED 4K Crystal UHD U8000F",https://www.fravega.com/p/smart-tv-samsung-55-led-4k-crystal-uhd-u8000f-503065/,999999.0,826445.45,1,True
FRA-smart-tv-lg-oled-55-pulgadas-ultra-hd-4k,Fravega,LG,Televisores,Smart Tv LG Oled 55 Pulgadas Ultra HD 4k AI Thinq Oled55B5PSA Webos,https://www.fravega.com/p/smart-tv-lg-oled-55-pulgadas-ultra-hd-4k-ai-thinq-oled55b5psa-webos-990274751/,2771999.0,1925999.0,1,True
FRA-smart-tv-hisense-70-4k-uhd-70a6n-503182,Fravega,HISENSE,Televisores,"Smart TV Hisense 70"" 4K UHD 70A6N",https://www.fravega.com/p/smart-tv-hisense-70-4k-uhd-70a6n-503182/,1499999.0,1239668.6,1,True
FRA-smart-tv-samsung-43-full-hd-f6000-smart-,Fravega,SAMSUNG,Televisores,Smart TV Samsung 43 Full Hd F6000 Smart Tv 2025,https://www.fravega.com/p/smart-tv-samsung-43-full-hd-f6000-smart-tv-2025-990278831/,599999.0,569999.0,1,True
FRA-smart-tv-samsung-55-4k-neo-qled-qn70f-50,Fravega,SAMSUNG,Televisores,"Smart TV Samsung 55"" 4K Neo QLED QN70F",https://www.fravega.com/p/smart-tv-samsung-55-4k-neo-qled-qn70f-502816/,2759999.0,2299999.0,1,True
FRA-smart-tv-philips-qled-4k-65-65pud8250-77,Fravega,PHILIPS,Televisores,Smart TV Philips QLED 4K 65” 65PUD8250/77,https://www.fravega.com/p/smart-tv-philips-qled-4k-65-65pud8250-77-502912/,1799999.0,1399999.0,1,True
FRA-smart-tv-noblex-4k-uhd-led-58-db58x7580-,Fravega,NOBLEX,Televisores,"Smart TV Noblex 4K UHD LED 58"" DB58X7580",https://www.fravega.com/p/smart-tv-noblex-4k-uhd-led-58-db58x7580-503149/,899999.0,789999.0,1,True
FRA-smart-tv-samsung-qled-4k-uhd-75-qn75q7fa,Fravega,SAMSUNG,Televisores,Smart TV Samsung QLED 4K UHD 75” QN75Q7FAAGCZB,https://www.fravega.com/p/smart-tv-samsung-qled-4k-uhd-75-qn75q7faagczb-503123/,2549999.0,2107437.19,1,True
FRA-smart-tv-philips-70-4k-uhd-70pud7908-77-,Fravega,PHILIPS,Televisores,"Smart TV Philips 70"" 4K UHD 70PUD7908/77",https://www.fravega.com/p/smart-tv-philips-70-4k-uhd-70pud7908-77-502021/,1949999.0,1699999.0,1,True
FRA-smart-tv-rca-full-hd-50-c50gl200-503245,Fravega,OTRAS,Televisores,Smart TV RCA Full HD 50” C50GL200,https://www.fravega.com/p/smart-tv-rca-full-hd-50-c50gl200-503245/,649999.0,509999.0,1,True
FRA-smart-tv-50-noblex-roku-tv-fhd-db50x3110,Fravega,NOBLEX,Televisores,Smart Tv 50 Noblex Roku Tv Fhd Db50x3110,https://www.fravega.com/p/smart-tv-50-noblex-roku-tv-fhd-db50x3110-990288853/,662199.0,489999.0,1,True
FRA-smart-tv-philips-qled-4k-55-55pud8250-77,Fravega,PHILIPS,Televisores,Smart TV Philips QLED 4K 55” 55PUD8250/77,https://www.fravega.com/p/smart-tv-philips-qled-4k-55-55pud8250-77-502897/,1299999.0,849999.0,1,True
FRA-smart-tv-55-sansei-4k-google-tv-tds2555u,Fravega,OTRAS,Televisores,"Smart TV 55"" Sansei 4K Google TV TDS2555UIGS",https://www.fravega.com/p/smart-tv-55-sansei-4k-google-tv-tds2555uigs-990247404/,963599.0,689999.0,1,True
FRA-smart-tv-samsung-85-qled-4k-q7-tizen-os-,Fravega,SAMSUNG,Televisores,Smart TV Samsung 85” QLED 4K Q7 Tizen OS,https://www.fravega.com/p/smart-tv-samsung-85-qled-4k-q7-tizen-os-502802/,3999999.0,3305784.3,1,True
FRA-smart-tv-tcl-55-qled-55c655-502785,Fravega,TCL,Televisores,Smart TV TCL 55” QLED 55C655,https://www.fravega.com/p/smart-tv-tcl-55-qled-55c655-502785/,949999.0,785123.14,1,True
FRA-tv-led-65-noblex-vidaa-starwars-uh-50314,Fravega,NOBLEX,Televisores,"TV LED 65"" Noblex Vidaa Starwars UH",https://www.fravega.com/p/tv-led-65-noblex-vidaa-starwars-uh-503148/,1399999.0,999999.0,1,True
FRA-smart-tv-rca-qled-uhd-4k-55-ql55th300-50,Fravega,OTRAS,Televisores,Smart TV RCA QLED UHD 4K 55” QL55TH300,https://www.fravega.com/p/smart-tv-rca-qled-uhd-4k-55-ql55th300-503247/,949999.0,719999.0,1,True
FRA-smart-tv-samsung-uhd-4k-50-lh50bedhvggc-,Fravega,SAMSUNG,Televisores,Smart TV Samsung UHD 4K 50” LH50BEDHVGGC,https://www.fravega.com/p/smart-tv-samsung-uhd-4k-50-lh50bedhvggc-503078/,899999.0,679999.0,1,True
FRA-smart-tv-philips-65-led-4k-uhd-65pud8100,Fravega,PHILIPS,Televisores,"Smart TV Philips 65"" LED 4K UHD 65PUD8100/77 Ambilight Titan OS WiFi",https://www.fravega.com/p/smart-tv-philips-65-led-4k-uhd-65pud8100-77-ambilight-titan-os-wifi-503084/,1599999.0,1299999.0,1,True
FRA-smart-tv-tcl-65-4k-uhd-led-65v6c-f-googl,Fravega,TCL,Televisores,Smart TV TCL 65” 4K UHD LED 65V6C-F Google TV,https://www.fravega.com/p/smart-tv-tcl-65-4k-uhd-led-65v6c-f-google-tv-503081/,1299999.0,1074379.34,1,True
FRA-smart-tv-samsung-65-led-4k-crystal-uhd-u,Fravega,SAMSUNG,Televisores,"Smart TV Samsung 65"" LED 4K Crystal UHD U8000F",https://www.fravega.com/p/smart-tv-samsung-65-led-4k-crystal-uhd-u8000f-503076/,1449999.0,1198346.28,1,True
FRA-smart-tv-hisense-75-4k-uhd-qled-75q6qv-5,Fravega,HISENSE,Televisores,"Smart TV Hisense 75"" 4K UHD QLED 75Q6QV",https://www.fravega.com/p/smart-tv-hisense-75-4k-uhd-qled-75q6qv-503183/,1899999.0,1570247.11,1,True
FRA-smart-tv-samsung-hd-32-un32h5000fgc-5030,Fravega,SAMSUNG,Televisores,Smart TV Samsung HD 32” UN32H5000FGC,https://www.fravega.com/p/smart-tv-samsung-hd-32-un32h5000fgc-503063/,379999.0,314048.76,1,True
FRA-smart-tv-hisense-100-4k-uhd-qled-q7qg-50,Fravega,HISENSE,Televisores,"Smart TV Hisense 100"" 4K UHD QLED Q7QG",https://www.fravega.com/p/smart-tv-hisense-100-4k-uhd-qled-q7qg-503144/,5699999.0,4710742.98,1,True
FRA-smart-tv-rca-uhd-4k-75-g75p7uhd-503175,Fravega,OTRAS,Televisores,Smart TV RCA UHD 4K 75” G75P7UHD,https://www.fravega.com/p/smart-tv-rca-uhd-4k-75-g75p7uhd-503175/,1799999.0,1499999.0,1,True
FRA-tv-led-kanji-hd-24-24mt005-2-503070,Fravega,OTRAS,Televisores,TV LED Kanji HD 24” 24MT005-2,https://www.fravega.com/p/tv-led-kanji-hd-24-24mt005-2-503070/,199999.0,159999.0,1,True
FRA-smart-tv-32-pulgadas-dbx3010-led-hd-roku,Fravega,LG,Televisores,Smart Tv 32 Pulgadas DBX3010 LED Hd Roku TV Noblex,https://www.fravega.com/p/smart-tv-32-pulgadas-dbx3010-led-hd-roku-tv-noblex-990287537/,374999.99,275999.0,1,True
FRA-smart-tv-lg-oled-65-pulgadas-ultra-hd-4k,Fravega,LG,Televisores,Smart Tv LG Oled 65 Pulgadas Ultra HD 4k AI Thinq Oled65B5PSA,https://www.fravega.com/p/smart-tv-lg-oled-65-pulgadas-ultra-hd-4k-ai-thinq-oled65b5psa-990274750/,4065599.0,2968999.0,1,True
FRA-tv-led-24-hd-noblex-db24x4000-502300,Fravega,NOBLEX,Televisores,"TV LED 24"" HD Noblex DB24X4000",https://www.fravega.com/p/tv-led-24-hd-noblex-db24x4000-502300/,199999.0,189999.0,1,True
FRA-smart-tv-gadnic-32-hd-panel-ips-android-,Fravega,LG,Televisores,Smart TV Gadnic 32” HD Panel IPS Android TV Pulgadas Bluetooth WiFi Triple HDMI Doble USB Sonido Estéreo 20W,https://www.fravega.com/p/smart-tv-gadnic-32-hd-panel-ips-android-tv-pulgadas-bluetooth-wifi-triple-hdmi-doble-usb-sonido-estereo-20w-990266226/,438554.0,337349.0,1,True
FRA-smart-tv-oled-philips-85-4k-uhd-85pug820,Fravega,PHILIPS,Televisores,Smart TV Oled Philips 85” 4K UHD 85PUG8209/59,https://www.fravega.com/p/smart-tv-oled-philips-85-4k-uhd-85pug8209-59-502930/,3349999.0,2768594.21,1,True
FRA-smart-tv-hisense-qled-50-uhd-4k-google-t,Fravega,HISENSE,Televisores,Smart TV Hisense Qled 50'' UHD 4K Google Tv 50Q6N,https://www.fravega.com/p/smart-tv-hisense-qled-50-uhd-4k-google-tv-50q6n-990292664/,845899.0,679998.99,1,True
FRA-smart-tv-enova-65-led-4k-uhd-frameless-g,Fravega,OTRAS,Televisores,"Smart TV enova 65"" LED 4k UHD Frameless Google TV",https://www.fravega.com/p/smart-tv-enova-65-led-4k-uhd-frameless-google-tv-22479368/,1562498.75,1199999.0,1,True
FRA-smart-tv-50-hisense-hd-led-vidaa-50a64n-,Fravega,HISENSE,Televisores,"Smart TV 50"" Hisense HD LED VIDAA 50A64N",https://www.fravega.com/p/smart-tv-50-hisense-hd-led-vidaa-50a64n-990245170/,834899.0,579999.0,1,True
FRA-smart-tv-led-noblex-43-dv43x7180-fhd-and,Fravega,NOBLEX,Televisores,Smart Tv Led Noblex 43 Dv43x7180 Fhd Android Tv Usb Hdmi,https://www.fravega.com/p/smart-tv-led-noblex-43-dv43x7180-fhd-android-tv-usb-hdmi-22626282/,601999.0,571199.0,1,True
FRA-smart-tv-hyundai-32-hd-android-tv-990288,Fravega,OTRAS,Televisores,"Smart Tv Hyundai 32"" HD Android Tv",https://www.fravega.com/p/smart-tv-hyundai-32-hd-android-tv-990288988/,387777.0,349999.0,1,True
FRA-macbook-neo-13-256gb-plata-364817,Fravega,OTRAS,Notebooks,Macbook Neo 13” 256GB Plata,https://www.fravega.com/p/macbook-neo-13-256gb-plata-364817/,2499999.0,1549999.0,1,True
FRA-samsung-galaxy-book-4-15-6-fhd-intel-cor,Fravega,SAMSUNG,Notebooks,"Samsung Galaxy Book 4 15,6” FHD Intel Core i3 8GB 512GB NP750XGJ-KS3AR",https://www.fravega.com/p/samsung-galaxy-book-4-15-6-fhd-intel-core-i3-8gb-512gb-np750xgj-ks3ar-364935/,2499999.0,1799999.0,1,True
FRA-macbook-neo-13-512gb-citrico-364826,Fravega,OTRAS,Notebooks,Macbook Neo 13” 512GB Cítrico,https://www.fravega.com/p/macbook-neo-13-512gb-citrico-364826/,2999999.0,1799999.0,1,True
FRA-notebook-acer-aspire-lite-intel-core-3-8,Fravega,ACER,Notebooks,Notebook Acer Aspire Lite Intel Core 3 8GB 512GB AL15-33P-316C,https://www.fravega.com/p/notebook-acer-aspire-lite-intel-core-3-8gb-512gb-al15-33p-316c-364735/,1399999.0,1299999.0,1,True
FRA-samsung-galaxy-book-4-15-6-fhd-intel-cor,Fravega,SAMSUNG,Notebooks,"Samsung Galaxy Book 4 15,6” FHD Intel Core i7 16GB 1TB NP750XGJ-KS1AR",https://www.fravega.com/p/samsung-galaxy-book-4-15-6-fhd-intel-core-i7-16gb-1tb-np750xgj-ks1ar-364934/,2999999.0,2599999.0,1,True
FRA-notebook-asus-vivobook-intel-i3-1315u-8g,Fravega,ASUS,Notebooks,"Notebook Asus Vivobook Intel I3-1315u 8gb Ram 128gb Ssd Pantalla 14"" Fhd Windows 11  Color Quiet Blue",https://www.fravega.com/p/notebook-asus-vivobook-intel-i3-1315u-8gb-ram-128gb-ssd-pantalla-14-fhd-windows-11-color-quiet-blue-22771659/,999999.0,799999.0,1,True
FRA-macbook-neo-13-256gb-rosa-364831,Fravega,OTRAS,Notebooks,Macbook Neo 13” 256GB Rosa,https://www.fravega.com/p/macbook-neo-13-256gb-rosa-364831/,2499999.0,1549999.0,1,True
FRA-notebook-hp-15-6-amd-ryzen-7-8gb-512gb-1,Fravega,HP,Notebooks,"Notebook HP 15,6"" AMD Ryzen 7 8GB 512GB 15-FC0287LA",https://www.fravega.com/p/notebook-hp-15-6-amd-ryzen-7-8gb-512gb-15-fc0287la-364855/,2299999.0,1699999.0,1,True
FRA-notebook-lenovo-ideapad-slim-3-15-6-amd-,Fravega,LENOVO,Notebooks,"Notebook Lenovo Ideapad Slim 3 15,6” AMD Ryzen 5 8GB 512GB SSD 82XQ00YAAR",https://www.fravega.com/p/notebook-lenovo-ideapad-slim-3-15-6-amd-ryzen-5-8gb-512gb-ssd-82xq00yaar-364950/,1799999.0,1349999.0,1,True
FRA-notebook-exo-14-intel-n4020-4gb-128gb-em,Fravega,OTRAS,Notebooks,"Notebook Exo 14"" Intel N4020 4GB 128GB eMMC Smart XR2 Windows 11",https://www.fravega.com/p/notebook-exo-14-intel-n4020-4gb-128gb-emmc-smart-xr2-windows-11-364985/,499999.0,349999.0,1,True
FRA-notebook-acer-aspire-lite-15-intel-core-,Fravega,ACER,Notebooks,Notebook Acer Aspire Lite 15 Intel Core i5 16GB 512GB AL15-52P-51UH,https://www.fravega.com/p/notebook-acer-aspire-lite-15-intel-core-i5-16gb-512gb-al15-52p-51uh-364920/,2999999.0,1999999.0,1,True
FRA-notebook-hp-255-g10-amd-ryzen-5-7520u-16,Fravega,HP,Notebooks,"Notebook Hp 255 G10 Amd Ryzen 5 7520u 16gb 512gb 15,6'' Fhd",https://www.fravega.com/p/notebook-hp-255-g10-amd-ryzen-5-7520u-16gb-512gb-15-6-fhd-22652268/,1749999.0,1399999.0,1,True
FRA-macbook-neo-13-256gb-citrico-364820,Fravega,OTRAS,Notebooks,Macbook Neo 13” 256GB Cítrico,https://www.fravega.com/p/macbook-neo-13-256gb-citrico-364820/,2499999.0,1549999.0,1,True
FRA-samsung-galaxy-book-4-15-6-fhd-intel-cor,Fravega,SAMSUNG,Notebooks,"Samsung Galaxy Book 4 15,6” FHD Intel Core i7 16GB 1TB NP750XGJ-KS1AR",https://www.fravega.com/p/samsung-galaxy-book-4-15-6-fhd-intel-core-i7-16gb-1tb-np750xgj-ks1ar-365071/,3499999.0,2999999.0,1,True
FRA-notebook-hp-15-6-amd-ryzen-3-8gb-512gb-1,Fravega,HP,Notebooks,"Notebook HP 15,6” AMD Ryzen 3 8GB 512GB 15-fc0235la",https://www.fravega.com/p/notebook-hp-15-6-amd-ryzen-3-8gb-512gb-15-fc0235la-364753/,1899999.0,1299999.0,1,True
FRA-notebook-celeron-14-1-4gb-128-gb-ssd-phi,Fravega,PHILCO,Notebooks,"Notebook Celeron 14.1"" 4GB 128 GB SSD Philco N14P4020",https://www.fravega.com/p/notebook-celeron-14-1-4gb-128-gb-ssd-philco-n14p4020-990289226/,581899.0,319999.01,1,True
FRA-notebook-exo-14-intel-n4020-4gb-128gb-em,Fravega,OTRAS,Notebooks,"Notebook Exo 14"" Intel N4020 4GB 128GB eMMC Smart XR2 Windows 11",https://www.fravega.com/p/notebook-exo-14-intel-n4020-4gb-128gb-emmc-smart-xr2-windows-11-364583/,499999.0,319999.0,1,True
FRA-notebook-exo-15-6-amd-ryzen-3-8gb-256gb-,Fravega,OTRAS,Notebooks,"Notebook Exo 15,6"" AMD Ryzen 3 8GB 256GB SSD Windows 11",https://www.fravega.com/p/notebook-exo-15-6-amd-ryzen-3-8gb-256gb-ssd-windows-11-363469/,999999.0,749999.0,1,True
FRA-notebook-acer-aspire-lite-amd-ryzen-7-32,Fravega,ACER,Notebooks,Notebook Acer Aspire Lite AMD Ryzen 7 32GB 512GB AL15-43P-R6ZA,https://www.fravega.com/p/notebook-acer-aspire-lite-amd-ryzen-7-32gb-512gb-al15-43p-r6za-364846/,1999999.0,1799999.0,1,True
FRA-notebook-lenovo-15-6-geforce-rtx-3050-am,Fravega,LENOVO,Notebooks,"Notebook Lenovo 15,6"" GeForce RTX 3050 AMD Ryzen 5 16GB 1TB SSD LOQ",https://www.fravega.com/p/notebook-lenovo-15-6-geforce-rtx-3050-amd-ryzen-5-16gb-1tb-ssd-loq-364951/,3999999.0,2599999.0,1,True
FRA-notebook-hp-15-6-amd-ryzen-5-8gb-512gb-1,Fravega,HP,Notebooks,"Notebook HP 15,6"" AMD Ryzen 5 8GB 512GB 15-FC0251LA + Mochila",https://www.fravega.com/p/notebook-hp-15-6-amd-ryzen-5-8gb-512gb-15-fc0251la-mochila-364837/,1899999.0,1399999.0,1,True
FRA-notebook-hp-14-em0002-4gb-ram-128gb-ssd-,Fravega,HP,Notebooks,"Notebook Hp 14-em0002 4gb Ram 128gb Ssd Athlon 7120u 14"" Hd Moonlight Blue",https://www.fravega.com/p/notebook-hp-14-em0002-4gb-ram-128gb-ssd-athlon-7120u-14-hd-moonlight-blue-22819531/,749999.0,599999.0,1,True
FRA-notebook-exo-r34-intel-n4020-14-1-4gb-12,Fravega,OTRAS,Notebooks,"Notebook Exo R34 Intel N4020 14,1 4GB 128GB Windows 11",https://www.fravega.com/p/notebook-exo-r34-intel-n4020-14-1-4gb-128gb-windows-11-20458266/,459999.0,419999.0,1,True
FRA-notebook-hp-14-intel-core-5-8gb-512gb-om,Fravega,HP,Notebooks,"Notebook HP 14"" Intel Core 5 8GB 512GB OmniBook 3 14-HU0050LA",https://www.fravega.com/p/notebook-hp-14-intel-core-5-8gb-512gb-omnibook-3-14-hu0050la-364858/,1999999.0,1599999.0,1,True
FRA-macbook-neo-13-256gb-plata-364817,Fravega,OTRAS,Notebooks,Macbook Neo 13” 256GB Plata,https://www.fravega.com/p/macbook-neo-13-256gb-plata-364817/,2499999.0,1549999.0,1,True
FRA-samsung-galaxy-book-4-15-6-fhd-intel-cor,Fravega,SAMSUNG,Notebooks,"Samsung Galaxy Book 4 15,6” FHD Intel Core i3 8GB 512GB NP750XGJ-KS3AR",https://www.fravega.com/p/samsung-galaxy-book-4-15-6-fhd-intel-core-i3-8gb-512gb-np750xgj-ks3ar-364935/,2499999.0,1799999.0,1,True
FRA-macbook-neo-13-512gb-citrico-364826,Fravega,OTRAS,Notebooks,Macbook Neo 13” 512GB Cítrico,https://www.fravega.com/p/macbook-neo-13-512gb-citrico-364826/,2999999.0,1799999.0,1,True
FRA-notebook-acer-aspire-lite-intel-core-3-8,Fravega,ACER,Notebooks,Notebook Acer Aspire Lite Intel Core 3 8GB 512GB AL15-33P-316C,https://www.fravega.com/p/notebook-acer-aspire-lite-intel-core-3-8gb-512gb-al15-33p-316c-364735/,1399999.0,1299999.0,1,True
FRA-samsung-galaxy-book-4-15-6-fhd-intel-cor,Fravega,SAMSUNG,Notebooks,"Samsung Galaxy Book 4 15,6” FHD Intel Core i7 16GB 1TB NP750XGJ-KS1AR",https://www.fravega.com/p/samsung-galaxy-book-4-15-6-fhd-intel-core-i7-16gb-1tb-np750xgj-ks1ar-364934/,2999999.0,2599999.0,1,True
FRA-notebook-asus-vivobook-intel-i3-1315u-8g,Fravega,ASUS,Notebooks,"Notebook Asus Vivobook Intel I3-1315u 8gb Ram 128gb Ssd Pantalla 14"" Fhd Windows 11  Color Quiet Blue",https://www.fravega.com/p/notebook-asus-vivobook-intel-i3-1315u-8gb-ram-128gb-ssd-pantalla-14-fhd-windows-11-color-quiet-blue-22771659/,999999.0,799999.0,1,True
FRA-macbook-neo-13-256gb-rosa-364831,Fravega,OTRAS,Notebooks,Macbook Neo 13” 256GB Rosa,https://www.fravega.com/p/macbook-neo-13-256gb-rosa-364831/,2499999.0,1549999.0,1,True
FRA-notebook-hp-15-6-amd-ryzen-7-8gb-512gb-1,Fravega,HP,Notebooks,"Notebook HP 15,6"" AMD Ryzen 7 8GB 512GB 15-FC0287LA",https://www.fravega.com/p/notebook-hp-15-6-amd-ryzen-7-8gb-512gb-15-fc0287la-364855/,2299999.0,1699999.0,1,True
FRA-notebook-lenovo-ideapad-slim-3-15-6-amd-,Fravega,LENOVO,Notebooks,"Notebook Lenovo Ideapad Slim 3 15,6” AMD Ryzen 5 8GB 512GB SSD 82XQ00YAAR",https://www.fravega.com/p/notebook-lenovo-ideapad-slim-3-15-6-amd-ryzen-5-8gb-512gb-ssd-82xq00yaar-364950/,1799999.0,1349999.0,1,True
FRA-notebook-exo-14-intel-n4020-4gb-128gb-em,Fravega,OTRAS,Notebooks,"Notebook Exo 14"" Intel N4020 4GB 128GB eMMC Smart XR2 Windows 11",https://www.fravega.com/p/notebook-exo-14-intel-n4020-4gb-128gb-emmc-smart-xr2-windows-11-364985/,499999.0,349999.0,1,True
FRA-notebook-acer-aspire-lite-15-intel-core-,Fravega,ACER,Notebooks,Notebook Acer Aspire Lite 15 Intel Core i5 16GB 512GB AL15-52P-51UH,https://www.fravega.com/p/notebook-acer-aspire-lite-15-intel-core-i5-16gb-512gb-al15-52p-51uh-364920/,2999999.0,1999999.0,1,True
FRA-notebook-hp-255-g10-amd-ryzen-5-7520u-16,Fravega,HP,Notebooks,"Notebook Hp 255 G10 Amd Ryzen 5 7520u 16gb 512gb 15,6'' Fhd",https://www.fravega.com/p/notebook-hp-255-g10-amd-ryzen-5-7520u-16gb-512gb-15-6-fhd-22652268/,1749999.0,1399999.0,1,True
FRA-macbook-neo-13-256gb-citrico-364820,Fravega,OTRAS,Notebooks,Macbook Neo 13” 256GB Cítrico,https://www.fravega.com/p/macbook-neo-13-256gb-citrico-364820/,2499999.0,1549999.0,1,True
FRA-samsung-galaxy-book-4-15-6-fhd-intel-cor,Fravega,SAMSUNG,Notebooks,"Samsung Galaxy Book 4 15,6” FHD Intel Core i7 16GB 1TB NP750XGJ-KS1AR",https://www.fravega.com/p/samsung-galaxy-book-4-15-6-fhd-intel-core-i7-16gb-1tb-np750xgj-ks1ar-365071/,3499999.0,2999999.0,1,True
FRA-notebook-hp-15-6-amd-ryzen-3-8gb-512gb-1,Fravega,HP,Notebooks,"Notebook HP 15,6” AMD Ryzen 3 8GB 512GB 15-fc0235la",https://www.fravega.com/p/notebook-hp-15-6-amd-ryzen-3-8gb-512gb-15-fc0235la-364753/,1899999.0,1299999.0,1,True
FRA-notebook-samsung-book4-core-7-150u-512gb,Fravega,SAMSUNG,Notebooks,Notebook Samsung Book4 Core 7 150u 512gb 16gb 15.6 Silver Color Plateado,https://www.fravega.com/p/notebook-samsung-book4-core-7-150u-512gb-16gb-15-6-silver-color-plateado-22696793/,2439999.0,1949999.0,1,True
FRA-notebook-hp-full-hd-15-6-amd-ryzen-3-8gb,Fravega,HP,Notebooks,"Notebook HP Full HD 15,6” AMD Ryzen 3 8GB 512GB 15-fc0237la + Mochila",https://www.fravega.com/p/notebook-hp-full-hd-15-6-amd-ryzen-3-8gb-512gb-15-fc0237la-mochila-364754/,1899999.0,1499999.0,1,True
FRA-notebook-exo-rm84-14-intel-n4020-4gb-128,Fravega,OTRAS,Notebooks,Notebook Exo RM84 14 Intel N4020 4GB 128GB W11,https://www.fravega.com/p/notebook-exo-rm84-14-intel-n4020-4gb-128gb-w11-21194747/,459999.0,389999.0,1,True
FRA-notebook-asus-vivobook-x1404va-i3-1315u-,Fravega,ASUS,Notebooks,Notebook Asus Vivobook X1404VA i3-1315U 16 GB 512 GB,https://www.fravega.com/p/notebook-asus-vivobook-x1404va-i3-1315u-16-gb-512-gb-22649716/,1681232.98,1412235.7,1,True
FRA-notebook-acer-aspire-go-15-ryzen-7-7730u,Fravega,ACER,Notebooks,Notebook Acer Aspire Go 15 Ryzen 7 7730U 16GB 512GB 15.6? FHD Silver Windows 11,https://www.fravega.com/p/notebook-acer-aspire-go-15-ryzen-7-7730u-16gb-512gb-15-6-fhd-silver-windows-11-22828083/,1687999.0,1349999.0,1,True
FRA-notebook-lenovo-16-amd-ryzen-7-16gb-1tb-,Fravega,LENOVO,Notebooks,Notebook Lenovo 16” AMD Ryzen 7 16GB 1TB SSD 82Y40024AR,https://www.fravega.com/p/notebook-lenovo-16-amd-ryzen-7-16gb-1tb-ssd-82y40024ar-364505/,5999999.0,5499999.0,1,True
FRA-notebook-noblex-intel-celeron-4gb-ram-ss,Fravega,NOBLEX,Notebooks,Notebook Noblex Intel Celeron 4GB RAM SSD 128GB N14X1010,https://www.fravega.com/p/notebook-noblex-intel-celeron-4gb-ram-ssd-128gb-n14x1010-990158531/,588499.0,401999.0,1,True
FRA-notebook-drax-ci5-8gb-ssd-512gb-windows-,Fravega,OTRAS,Notebooks,Notebook Drax Ci5 8gb Ssd 512gb Windows 11 Home,https://www.fravega.com/p/notebook-drax-ci5-8gb-ssd-512gb-windows-11-home-21454159/,1252593.47,1001699.0,1,True
FRA-notebook-acer-aspire-lite-14-ci3-n355-8g,Fravega,ACER,Notebooks,Notebook Acer Aspire Lite 14 CI3 N355 8GB SSD 256GB,https://www.fravega.com/p/notebook-acer-aspire-lite-14-ci3-n355-8gb-ssd-256gb-22626523/,1007229.0,1007229.0,1,True
FRA-hp-omnibook-5-16-ag1070-ryzen-ai-7-350-5,Fravega,HP,Notebooks,"HP OmniBook 5 16-AG1070 Ryzen AI 7 350 512GB SSD 16GB 16"" WIN11 IR GLACIER SILVER",https://www.fravega.com/p/hp-omnibook-5-16-ag1070-ryzen-ai-7-350-512gb-ssd-16gb-16-win11-ir-glacier-silver-22829488/,2949999.0,2059999.0,1,True
FRA-notebook-lenovo-ideapad-slim-3-ryzen-7-1,Fravega,LENOVO,Notebooks,Notebook Lenovo Ideapad Slim 3 Ryzen 7 16gb 512gb Ssd Gris Gris,https://www.fravega.com/p/notebook-lenovo-ideapad-slim-3-ryzen-7-16gb-512gb-ssd-gris-gris-22863972/,2024999.0,1619999.0,1,True
FRA-notebook-lenovo-ip-slim-3-amd-ryzen-7-77,Fravega,LENOVO,Notebooks,Notebook Lenovo Ip Slim 3 Amd Ryzen 7 7735hs 16gb 512gb W11h,https://www.fravega.com/p/notebook-lenovo-ip-slim-3-amd-ryzen-7-7735hs-16gb-512gb-w11h-22882881/,2433012.02,2027510.02,1,True
FRA-macbook-neo-13-256gb-plata-364817,Fravega,OTRAS,Notebooks,Macbook Neo 13” 256GB Plata,https://www.fravega.com/p/macbook-neo-13-256gb-plata-364817/,2499999.0,1549999.0,1,True
FRA-samsung-galaxy-book-4-15-6-fhd-intel-cor,Fravega,SAMSUNG,Notebooks,"Samsung Galaxy Book 4 15,6” FHD Intel Core i3 8GB 512GB NP750XGJ-KS3AR",https://www.fravega.com/p/samsung-galaxy-book-4-15-6-fhd-intel-core-i3-8gb-512gb-np750xgj-ks3ar-364935/,2499999.0,1799999.0,1,True
FRA-macbook-neo-13-512gb-citrico-364826,Fravega,OTRAS,Notebooks,Macbook Neo 13” 512GB Cítrico,https://www.fravega.com/p/macbook-neo-13-512gb-citrico-364826/,2999999.0,1799999.0,1,True
FRA-notebook-acer-aspire-lite-intel-core-3-8,Fravega,ACER,Notebooks,Notebook Acer Aspire Lite Intel Core 3 8GB 512GB AL15-33P-316C,https://www.fravega.com/p/notebook-acer-aspire-lite-intel-core-3-8gb-512gb-al15-33p-316c-364735/,1399999.0,1299999.0,1,True
FRA-samsung-galaxy-book-4-15-6-fhd-intel-cor,Fravega,SAMSUNG,Notebooks,"Samsung Galaxy Book 4 15,6” FHD Intel Core i7 16GB 1TB NP750XGJ-KS1AR",https://www.fravega.com/p/samsung-galaxy-book-4-15-6-fhd-intel-core-i7-16gb-1tb-np750xgj-ks1ar-364934/,2999999.0,2599999.0,1,True
FRA-notebook-asus-vivobook-intel-i3-1315u-8g,Fravega,ASUS,Notebooks,"Notebook Asus Vivobook Intel I3-1315u 8gb Ram 128gb Ssd Pantalla 14"" Fhd Windows 11  Color Quiet Blue",https://www.fravega.com/p/notebook-asus-vivobook-intel-i3-1315u-8gb-ram-128gb-ssd-pantalla-14-fhd-windows-11-color-quiet-blue-22771659/,999999.0,799999.0,1,True
FRA-macbook-neo-13-256gb-rosa-364831,Fravega,OTRAS,Notebooks,Macbook Neo 13” 256GB Rosa,https://www.fravega.com/p/macbook-neo-13-256gb-rosa-364831/,2499999.0,1549999.0,1,True
FRA-notebook-hp-15-6-amd-ryzen-7-8gb-512gb-1,Fravega,HP,Notebooks,"Notebook HP 15,6"" AMD Ryzen 7 8GB 512GB 15-FC0287LA",https://www.fravega.com/p/notebook-hp-15-6-amd-ryzen-7-8gb-512gb-15-fc0287la-364855/,2299999.0,1699999.0,1,True
FRA-notebook-lenovo-ideapad-slim-3-15-6-amd-,Fravega,LENOVO,Notebooks,"Notebook Lenovo Ideapad Slim 3 15,6” AMD Ryzen 5 8GB 512GB SSD 82XQ00YAAR",https://www.fravega.com/p/notebook-lenovo-ideapad-slim-3-15-6-amd-ryzen-5-8gb-512gb-ssd-82xq00yaar-364950/,1799999.0,1349999.0,1,True
FRA-notebook-exo-14-intel-n4020-4gb-128gb-em,Fravega,OTRAS,Notebooks,"Notebook Exo 14"" Intel N4020 4GB 128GB eMMC Smart XR2 Windows 11",https://www.fravega.com/p/notebook-exo-14-intel-n4020-4gb-128gb-emmc-smart-xr2-windows-11-364985/,499999.0,349999.0,1,True
FRA-notebook-acer-aspire-lite-15-intel-core-,Fravega,ACER,Notebooks,Notebook Acer Aspire Lite 15 Intel Core i5 16GB 512GB AL15-52P-51UH,https://www.fravega.com/p/notebook-acer-aspire-lite-15-intel-core-i5-16gb-512gb-al15-52p-51uh-364920/,2999999.0,1999999.0,1,True
FRA-notebook-hp-255-g10-amd-ryzen-5-7520u-16,Fravega,HP,Notebooks,"Notebook Hp 255 G10 Amd Ryzen 5 7520u 16gb 512gb 15,6'' Fhd",https://www.fravega.com/p/notebook-hp-255-g10-amd-ryzen-5-7520u-16gb-512gb-15-6-fhd-22652268/,1749999.0,1399999.0,1,True
FRA-macbook-neo-13-256gb-citrico-364820,Fravega,OTRAS,Notebooks,Macbook Neo 13” 256GB Cítrico,https://www.fravega.com/p/macbook-neo-13-256gb-citrico-364820/,2499999.0,1549999.0,1,True
FRA-samsung-galaxy-book-4-15-6-fhd-intel-cor,Fravega,SAMSUNG,Notebooks,"Samsung Galaxy Book 4 15,6” FHD Intel Core i7 16GB 1TB NP750XGJ-KS1AR",https://www.fravega.com/p/samsung-galaxy-book-4-15-6-fhd-intel-core-i7-16gb-1tb-np750xgj-ks1ar-365071/,3499999.0,2999999.0,1,True
FRA-notebook-hp-15-6-amd-ryzen-3-8gb-512gb-1,Fravega,HP,Notebooks,"Notebook HP 15,6” AMD Ryzen 3 8GB 512GB 15-fc0235la",https://www.fravega.com/p/notebook-hp-15-6-amd-ryzen-3-8gb-512gb-15-fc0235la-364753/,1899999.0,1299999.0,1,True
FRA-notebook-lenovo-yoga-slim-7i-aura-editio,Fravega,LENOVO,Notebooks,"Notebook Lenovo Yoga Slim 7i Aura Edition 15,3” Intel Core Ultra 7 32GB 1TB SSD Luna Grey",https://www.fravega.com/p/notebook-lenovo-yoga-slim-7i-aura-edition-15-3-intel-core-ultra-7-32gb-1tb-ssd-luna-grey-364615/,4499999.0,3499999.0,1,True
FRA-notebook-exo-14-intel-n4020-4gb-128emmc-,Fravega,OTRAS,Notebooks,Notebook Exo 14´ Intel N4020 4GB 128eMMC RX38 Windows 11,https://www.fravega.com/p/notebook-exo-14-intel-n4020-4gb-128emmc-rx38-windows-11-22612161/,459999.0,344999.0,1,True
FRA-apple-macbook-air-13-m2-24gb-512gb-midni,Fravega,APPLE,Notebooks,"Apple Macbook Air 13"" M2 24GB 512GB Midnight",https://www.fravega.com/p/apple-macbook-air-13-m2-24gb-512gb-midnight-22652387/,3085159.0,3085159.0,1,True
FRA-macbook-neo-13-256gb-indigo-364827,Fravega,OTRAS,Notebooks,Macbook Neo 13” 256GB Índigo,https://www.fravega.com/p/macbook-neo-13-256gb-indigo-364827/,2499999.0,1549999.0,1,True
FRA-notebook-hp-255-g10-amd-ryzen-5-7520u-16,Fravega,HP,Notebooks,"Notebook Hp 255 G10 Amd Ryzen 5 7520u 16 Gb 512 Gb 15,6'' Fhd",https://www.fravega.com/p/notebook-hp-255-g10-amd-ryzen-5-7520u-16-gb-512-gb-15-6-fhd-22646474/,1749999.0,1399999.0,1,True
FRA-notebook-lenovo-ideapad-1-ryzen-5-7520u-,Fravega,LENOVO,Notebooks,Notebook Lenovo Ideapad 1 Ryzen 5 7520u 8gb 256gb Azul 15.6,https://www.fravega.com/p/notebook-lenovo-ideapad-1-ryzen-5-7520u-8gb-256gb-azul-15-6-22809985/,1105000.0,989000.0,1,True
FRA-notebook-acer-aspire-lite-intel-core-i5-,Fravega,ACER,Notebooks,Notebook Acer Aspire Lite Intel Core i5 8GB 512GB AL16-52P-579C,https://www.fravega.com/p/notebook-acer-aspire-lite-intel-core-i5-8gb-512gb-al16-52p-579c-364913/,1999999.0,1599999.0,1,True
FRA-notebook-lenovo-ideapad-1-celeron-n4500-,Fravega,LENOVO,Notebooks,Notebook Lenovo Ideapad 1 Celeron N4500 8gb 128gb 15.6 W11h,https://www.fravega.com/p/notebook-lenovo-ideapad-1-celeron-n4500-8gb-128gb-15-6-w11h-22883725/,1154087.37,961739.47,1,True
FRA-notebook-exo-15-6intel-i5-8gb-480ssd-x67,Fravega,OTRAS,Notebooks,"Notebook Exo 15,6´Intel I5 8GB 480SSD X67 WIN 11",https://www.fravega.com/p/notebook-exo-15-6intel-i5-8gb-480ssd-x67-win-11-22603608/,1849999.0,1299999.0,1,True
FRA-notebook-samsung-galaxy-book-4-i38gb-ram,Fravega,SAMSUNG,Notebooks,Notebook Samsung Galaxy Book 4 I38GB RAM 256GB SSD,https://www.fravega.com/p/notebook-samsung-galaxy-book-4-i38gb-ram-256gb-ssd-990264071/,1868619.0,1437399.0,1,True
FRA-hp-pink-intel-n150-8gb-ram-128gb-ufs-not,Fravega,HP,Notebooks,HP Pink Intel N150 8GB Ram 128GB UFS Notebook ROSA Windows 11,https://www.fravega.com/p/hp-pink-intel-n150-8gb-ram-128gb-ufs-notebook-rosa-windows-11-990274676/,1601820.0,876150.0,1,True
FRA-notebook-lenovo-ideapad-1-celeron-n4500-,Fravega,LENOVO,Notebooks,Notebook Lenovo Ideapad 1 Celeron N4500 12gb 128gb 15.6 W11h,https://www.fravega.com/p/notebook-lenovo-ideapad-1-celeron-n4500-12gb-128gb-15-6-w11h-22881052/,1093199.46,910999.55,1,True
FRA-notebook-asus-vivobook-15-m1502-ryzen-5-,Fravega,ASUS,Notebooks,Notebook Asus Vivobook 15 M1502 Ryzen 5 150 16gb 512gb Ssd,https://www.fravega.com/p/notebook-asus-vivobook-15-m1502-ryzen-5-150-16gb-512gb-ssd-22883752/,1874333.75,1561944.79,1,True
FRA-notebook-ideapad-slim-3-15-8va-gen-amd-r,Fravega,OTRAS,Notebooks,"Notebook Ideapad Slim 3 15"" 8va Gen AMD Ryzen 5",https://www.fravega.com/p/notebook-ideapad-slim-3-15-8va-gen-amd-ryzen-5-22492347/,1699999.0,1299999.0,1,True
FRA-macbook-neo-13-256gb-plata-364817,Fravega,OTRAS,Notebooks,Macbook Neo 13” 256GB Plata,https://www.fravega.com/p/macbook-neo-13-256gb-plata-364817/,2499999.0,1549999.0,1,True
FRA-samsung-galaxy-book-4-15-6-fhd-intel-cor,Fravega,SAMSUNG,Notebooks,"Samsung Galaxy Book 4 15,6” FHD Intel Core i3 8GB 512GB NP750XGJ-KS3AR",https://www.fravega.com/p/samsung-galaxy-book-4-15-6-fhd-intel-core-i3-8gb-512gb-np750xgj-ks3ar-364935/,2499999.0,1799999.0,1,True
FRA-macbook-neo-13-512gb-citrico-364826,Fravega,OTRAS,Notebooks,Macbook Neo 13” 512GB Cítrico,https://www.fravega.com/p/macbook-neo-13-512gb-citrico-364826/,2999999.0,1799999.0,1,True
FRA-notebook-acer-aspire-lite-intel-core-3-8,Fravega,ACER,Notebooks,Notebook Acer Aspire Lite Intel Core 3 8GB 512GB AL15-33P-316C,https://www.fravega.com/p/notebook-acer-aspire-lite-intel-core-3-8gb-512gb-al15-33p-316c-364735/,1399999.0,1299999.0,1,True
FRA-samsung-galaxy-book-4-15-6-fhd-intel-cor,Fravega,SAMSUNG,Notebooks,"Samsung Galaxy Book 4 15,6” FHD Intel Core i7 16GB 1TB NP750XGJ-KS1AR",https://www.fravega.com/p/samsung-galaxy-book-4-15-6-fhd-intel-core-i7-16gb-1tb-np750xgj-ks1ar-364934/,2999999.0,2599999.0,1,True
FRA-notebook-asus-vivobook-intel-i3-1315u-8g,Fravega,ASUS,Notebooks,"Notebook Asus Vivobook Intel I3-1315u 8gb Ram 128gb Ssd Pantalla 14"" Fhd Windows 11  Color Quiet Blue",https://www.fravega.com/p/notebook-asus-vivobook-intel-i3-1315u-8gb-ram-128gb-ssd-pantalla-14-fhd-windows-11-color-quiet-blue-22771659/,999999.0,799999.0,1,True
FRA-notebook-ideapad-slim-3-8va-gen-amd-ryze,Fravega,OTRAS,Notebooks,"Notebook Ideapad Slim 3 8va Gen AMD Ryzen 5 16GB 512GB 15""",https://www.fravega.com/p/notebook-ideapad-slim-3-8va-gen-amd-ryzen-5-16gb-512gb-15--21742610/,2099999.0,1299999.0,1,True
FRA-macbook-neo-13-256gb-rosa-364831,Fravega,OTRAS,Notebooks,Macbook Neo 13” 256GB Rosa,https://www.fravega.com/p/macbook-neo-13-256gb-rosa-364831/,2499999.0,1549999.0,1,True
FRA-notebook-hp-15-6-amd-ryzen-7-8gb-512gb-1,Fravega,HP,Notebooks,"Notebook HP 15,6"" AMD Ryzen 7 8GB 512GB 15-FC0287LA",https://www.fravega.com/p/notebook-hp-15-6-amd-ryzen-7-8gb-512gb-15-fc0287la-364855/,2299999.0,1699999.0,1,True
FRA-notebook-lenovo-ideapad-slim-3-15-6-amd-,Fravega,LENOVO,Notebooks,"Notebook Lenovo Ideapad Slim 3 15,6” AMD Ryzen 5 8GB 512GB SSD 82XQ00YAAR",https://www.fravega.com/p/notebook-lenovo-ideapad-slim-3-15-6-amd-ryzen-5-8gb-512gb-ssd-82xq00yaar-364950/,1799999.0,1349999.0,1,True
FRA-notebook-exo-14-intel-n4020-4gb-128gb-em,Fravega,OTRAS,Notebooks,"Notebook Exo 14"" Intel N4020 4GB 128GB eMMC Smart XR2 Windows 11",https://www.fravega.com/p/notebook-exo-14-intel-n4020-4gb-128gb-emmc-smart-xr2-windows-11-364985/,499999.0,349999.0,1,True
FRA-notebook-acer-aspire-lite-15-intel-core-,Fravega,ACER,Notebooks,Notebook Acer Aspire Lite 15 Intel Core i5 16GB 512GB AL15-52P-51UH,https://www.fravega.com/p/notebook-acer-aspire-lite-15-intel-core-i5-16gb-512gb-al15-52p-51uh-364920/,2999999.0,1999999.0,1,True
FRA-notebook-hp-255-g10-amd-ryzen-5-7520u-16,Fravega,HP,Notebooks,"Notebook Hp 255 G10 Amd Ryzen 5 7520u 16gb 512gb 15,6'' Fhd",https://www.fravega.com/p/notebook-hp-255-g10-amd-ryzen-5-7520u-16gb-512gb-15-6-fhd-22652268/,1749999.0,1399999.0,1,True
FRA-macbook-neo-13-256gb-citrico-364820,Fravega,OTRAS,Notebooks,Macbook Neo 13” 256GB Cítrico,https://www.fravega.com/p/macbook-neo-13-256gb-citrico-364820/,2499999.0,1549999.0,1,True
FRA-samsung-galaxy-book-4-15-6-fhd-intel-cor,Fravega,SAMSUNG,Notebooks,"Samsung Galaxy Book 4 15,6” FHD Intel Core i7 16GB 1TB NP750XGJ-KS1AR",https://www.fravega.com/p/samsung-galaxy-book-4-15-6-fhd-intel-core-i7-16gb-1tb-np750xgj-ks1ar-365071/,3499999.0,2999999.0,1,True
FRA-notebook-celeron-14-1-4gb-128-gb-ssd-phi,Fravega,PHILCO,Notebooks,"Notebook Celeron 14.1"" 4GB 128 GB SSD Philco N14P4020",https://www.fravega.com/p/notebook-celeron-14-1-4gb-128-gb-ssd-philco-n14p4020-990289226/,581899.0,319999.01,1,True
FRA-notebook-exo-xr2-n4020-celeron-4-gb-ram-,Fravega,LG,Notebooks,Notebook Exo Xr2 N4020 Celeron 4 Gb Ram 128 Gb Ssd 14 Pulgadas Gris,https://www.fravega.com/p/notebook-exo-xr2-n4020-celeron-4-gb-ram-128-gb-ssd-14-pulgadas-gris-990250539/,461499.0,369199.0,1,True
FRA-samsung-galaxy-book-4-15-6-fhd-intel-cor,Fravega,SAMSUNG,Notebooks,"Samsung Galaxy Book 4 15,6” FHD Intel Core i7 32GB 1TB NP750XGJ-KG1AR",https://www.fravega.com/p/samsung-galaxy-book-4-15-6-fhd-intel-core-i7-32gb-1tb-np750xgj-kg1ar-364933/,2999999.0,2799999.0,1,True
FRA-notebook-hp-essential-intel-core-i5-16gb,Fravega,HP,Notebooks,Notebook HP Essential Intel Core i5 16GB RAM 256GB,https://www.fravega.com/p/notebook-hp-essential-intel-core-i5-16gb-ram-256gb-22888853/,1031522.0,825218.0,1,True
FRA-notebook-acer-aspire-go-15-ryzen-7-7730u,Fravega,ACER,Notebooks,"Notebook Acer Aspire Go 15 Ryzen 7 7730U 16 GB RAM 512 GB SSD 15.6""",https://www.fravega.com/p/notebook-acer-aspire-go-15-ryzen-7-7730u-16-gb-ram-512-gb-ssd-15-6--22881968/,2109999.0,1699099.0,1,True
FRA-notebook-acer-15-6-r5-7520u-16gb-ssd1tb-,Fravega,ACER,Notebooks,Notebook acer 15.6 R5-7520U 16GB SSD1TB Touch Aspire3 Win11Home ING,https://www.fravega.com/p/notebook-acer-15-6-r5-7520u-16gb-ssd1tb-touch-aspire3-win11home-ing-22869908/,2503999.0,1752799.0,1,True
FRA-lenovo-legion-pro-5-gen-10-amd-ryzen-9-r,Fravega,LENOVO,Notebooks,"Lenovo Legion Pro 5 Gen 10 AMD Ryzen 9 RTX 5070 16""+ AI",https://www.fravega.com/p/lenovo-legion-pro-5-gen-10-amd-ryzen-9-rtx-5070-16-ai-22589295/,6099999.0,4299999.0,1,True
FRA-notebook-ideapad-slim-3-15-8va-gen-amd-r,Fravega,OTRAS,Notebooks,"Notebook Ideapad Slim 3 15"" 8va Gen AMD Ryzen 5",https://www.fravega.com/p/notebook-ideapad-slim-3-15-8va-gen-amd-ryzen-5-22492347/,1699999.0,1299999.0,1,True
FRA-notebook-hp-elitebook-840-g10-14-intel-c,Fravega,HP,Notebooks,"Notebook HP EliteBook 840 G10 14"" Intel Core i5-1335U 512 GB 16GB RAM Windows 11 Pro B8HS6LT/L",https://www.fravega.com/p/notebook-hp-elitebook-840-g10-14-intel-core-i5-1335u-512-gb-16gb-ram-windows-11-pro-b8hs6lt-l-990286446/,2961873.75,2369499.0,1,True
FRA-combo-notebook-hp-15-fd0331la-impresora-,Fravega,HP,Notebooks,Combo Notebook Hp 15-fd0331la + Impresora Hp Laserjet M111w Monocromática,https://www.fravega.com/p/combo-notebook-hp-15-fd0331la-impresora-hp-laserjet-m111w-monocromatica-990286226/,2229999.0,1425999.0,1,True
FRA-notebook-gadnic-14-pulgadas-intel-celero,Fravega,LG,Notebooks,Notebook Gadnic 14 Pulgadas Intel Celeron N4500 RAM 4GB SSD 128GB Cámara Frontal Con Soporte,https://www.fravega.com/p/notebook-gadnic-14-pulgadas-intel-celeron-n4500-ram-4gb-ssd-128gb-camara-frontal-con-soporte-990284559/,537939.0,413798.99,1,True
FRA-notebook-asus-vivobook-go-15-6-fhd-n100-,Fravega,ASUS,Notebooks,"Notebook Asus Vivobook Go 15.6"" FHD N100 4GB 128GB UFS 2.1 Windows 11 E1504GA-BQ346W",https://www.fravega.com/p/notebook-asus-vivobook-go-15-6-fhd-n100-4gb-128gb-ufs-2-1-windows-11-e1504ga-bq346w-990250705/,1233099.0,689999.0,1,True
FRA-notebook-asus-vivobook-go-15-6-fhd-core-,Fravega,ASUS,Notebooks,"Notebook Asus Vivobook Go 15.6"" FHD Core I3-N305 8GB 256GB UFS 2.1 Windows 11 E1504GA-BQ061W",https://www.fravega.com/p/notebook-asus-vivobook-go-15-6-fhd-core-i3-n305-8gb-256gb-ufs-2-1-windows-11-e1504ga-bq061w-990250701/,1952499.0,1079999.0,1,True
FRA-notebook-fhd-hp-14-em0001la-ryzen-3-7320,Fravega,HP,Notebooks,Notebook Fhd Hp 14-em0001la Ryzen 3 7320u 8gb 256gb Ssd W11,https://www.fravega.com/p/notebook-fhd-hp-14-em0001la-ryzen-3-7320u-8gb-256gb-ssd-w11-990225759/,1599999.0,1132999.0,1,True
FRA-notebook-lenovo-ip-slim-3-ryzen-3-7320u-,Fravega,LENOVO,Notebooks,Notebook Lenovo Ip Slim 3 Ryzen 3-7320u Fhd 16gb 512gb W11h,https://www.fravega.com/p/notebook-lenovo-ip-slim-3-ryzen-3-7320u-fhd-16gb-512gb-w11h-22883857/,1559061.06,1299217.55,1,True
FRA-macbook-neo-13-256gb-plata-364817,Fravega,OTRAS,Notebooks,Macbook Neo 13” 256GB Plata,https://www.fravega.com/p/macbook-neo-13-256gb-plata-364817/,2499999.0,1549999.0,1,True
FRA-samsung-galaxy-book-4-15-6-fhd-intel-cor,Fravega,SAMSUNG,Notebooks,"Samsung Galaxy Book 4 15,6” FHD Intel Core i3 8GB 512GB NP750XGJ-KS3AR",https://www.fravega.com/p/samsung-galaxy-book-4-15-6-fhd-intel-core-i3-8gb-512gb-np750xgj-ks3ar-364935/,2499999.0,1799999.0,1,True
FRA-macbook-neo-13-512gb-citrico-364826,Fravega,OTRAS,Notebooks,Macbook Neo 13” 512GB Cítrico,https://www.fravega.com/p/macbook-neo-13-512gb-citrico-364826/,2999999.0,1799999.0,1,True
FRA-notebook-acer-aspire-lite-intel-core-3-8,Fravega,ACER,Notebooks,Notebook Acer Aspire Lite Intel Core 3 8GB 512GB AL15-33P-316C,https://www.fravega.com/p/notebook-acer-aspire-lite-intel-core-3-8gb-512gb-al15-33p-316c-364735/,1399999.0,1299999.0,1,True
FRA-samsung-galaxy-book-4-15-6-fhd-intel-cor,Fravega,SAMSUNG,Notebooks,"Samsung Galaxy Book 4 15,6” FHD Intel Core i7 16GB 1TB NP750XGJ-KS1AR",https://www.fravega.com/p/samsung-galaxy-book-4-15-6-fhd-intel-core-i7-16gb-1tb-np750xgj-ks1ar-364934/,2999999.0,2599999.0,1,True
FRA-notebook-asus-vivobook-intel-i3-1315u-8g,Fravega,ASUS,Notebooks,"Notebook Asus Vivobook Intel I3-1315u 8gb Ram 128gb Ssd Pantalla 14"" Fhd Windows 11  Color Quiet Blue",https://www.fravega.com/p/notebook-asus-vivobook-intel-i3-1315u-8gb-ram-128gb-ssd-pantalla-14-fhd-windows-11-color-quiet-blue-22771659/,999999.0,799999.0,1,True
FRA-notebook-ideapad-slim-3-8va-gen-amd-ryze,Fravega,OTRAS,Notebooks,"Notebook Ideapad Slim 3 8va Gen AMD Ryzen 5 16GB 512GB 15""",https://www.fravega.com/p/notebook-ideapad-slim-3-8va-gen-amd-ryzen-5-16gb-512gb-15--21742610/,2099999.0,1299999.0,1,True
FRA-macbook-neo-13-256gb-rosa-364831,Fravega,OTRAS,Notebooks,Macbook Neo 13” 256GB Rosa,https://www.fravega.com/p/macbook-neo-13-256gb-rosa-364831/,2499999.0,1549999.0,1,True
FRA-notebook-hp-15-6-amd-ryzen-7-8gb-512gb-1,Fravega,HP,Notebooks,"Notebook HP 15,6"" AMD Ryzen 7 8GB 512GB 15-FC0287LA",https://www.fravega.com/p/notebook-hp-15-6-amd-ryzen-7-8gb-512gb-15-fc0287la-364855/,2299999.0,1699999.0,1,True
FRA-notebook-lenovo-ideapad-slim-3-15-6-amd-,Fravega,LENOVO,Notebooks,"Notebook Lenovo Ideapad Slim 3 15,6” AMD Ryzen 5 8GB 512GB SSD 82XQ00YAAR",https://www.fravega.com/p/notebook-lenovo-ideapad-slim-3-15-6-amd-ryzen-5-8gb-512gb-ssd-82xq00yaar-364950/,1799999.0,1349999.0,1,True
FRA-notebook-exo-14-intel-n4020-4gb-128gb-em,Fravega,OTRAS,Notebooks,"Notebook Exo 14"" Intel N4020 4GB 128GB eMMC Smart XR2 Windows 11",https://www.fravega.com/p/notebook-exo-14-intel-n4020-4gb-128gb-emmc-smart-xr2-windows-11-364985/,499999.0,349999.0,1,True
FRA-notebook-acer-aspire-lite-15-intel-core-,Fravega,ACER,Notebooks,Notebook Acer Aspire Lite 15 Intel Core i5 16GB 512GB AL15-52P-51UH,https://www.fravega.com/p/notebook-acer-aspire-lite-15-intel-core-i5-16gb-512gb-al15-52p-51uh-364920/,2999999.0,1999999.0,1,True
FRA-notebook-hp-255-g10-amd-ryzen-5-7520u-16,Fravega,HP,Notebooks,"Notebook Hp 255 G10 Amd Ryzen 5 7520u 16gb 512gb 15,6'' Fhd",https://www.fravega.com/p/notebook-hp-255-g10-amd-ryzen-5-7520u-16gb-512gb-15-6-fhd-22652268/,1749999.0,1399999.0,1,True
FRA-macbook-neo-13-256gb-citrico-364820,Fravega,OTRAS,Notebooks,Macbook Neo 13” 256GB Cítrico,https://www.fravega.com/p/macbook-neo-13-256gb-citrico-364820/,2499999.0,1549999.0,1,True
FRA-samsung-galaxy-book-4-15-6-fhd-intel-cor,Fravega,SAMSUNG,Notebooks,"Samsung Galaxy Book 4 15,6” FHD Intel Core i7 16GB 1TB NP750XGJ-KS1AR",https://www.fravega.com/p/samsung-galaxy-book-4-15-6-fhd-intel-core-i7-16gb-1tb-np750xgj-ks1ar-365071/,3499999.0,2999999.0,1,True
FRA-notebook-celeron-14-1-4gb-128-gb-ssd-phi,Fravega,PHILCO,Notebooks,"Notebook Celeron 14.1"" 4GB 128 GB SSD Philco N14P4020",https://www.fravega.com/p/notebook-celeron-14-1-4gb-128-gb-ssd-philco-n14p4020-990289226/,581899.0,319999.01,1,True
FRA-notebook-lenovo-ideapad-intel-core-i7-13,Fravega,LENOVO,Notebooks,Notebook Lenovo Ideapad Intel Core I7-13620h 24gb 1tb W11h,https://www.fravega.com/p/notebook-lenovo-ideapad-intel-core-i7-13620h-24gb-1tb-w11h-22883736/,3464898.68,2887415.56,1,True
FRA-notebook-lenovo-ideapad-intel-core-i7-13,Fravega,LENOVO,Notebooks,Notebook Lenovo Ideapad Intel Core I7-13620h 16gb 512gb W11h,https://www.fravega.com/p/notebook-lenovo-ideapad-intel-core-i7-13620h-16gb-512gb-w11h-22883735/,2763770.56,2303142.13,1,True
FRA-notebook-lenovo-ideapad-intel-core-i7-13,Fravega,LENOVO,Notebooks,Notebook Lenovo Ideapad Intel Core I7-13620h 16gb 512gb W11h,https://www.fravega.com/p/notebook-lenovo-ideapad-intel-core-i7-13620h-16gb-512gb-w11h-22882036/,2362197.06,1968497.55,1,True
FRA-notebook-lenovo-ideapad-1-celeron-n4500-,Fravega,LENOVO,Notebooks,Notebook Lenovo Ideapad 1 Celeron N4500 8gb 128gb 15.6 W11h,https://www.fravega.com/p/notebook-lenovo-ideapad-1-celeron-n4500-8gb-128gb-15-6-w11h-22881051/,986399.46,821999.55,1,True
FRA-notebook-apple-macbook-neo-13-chip-a18-p,Fravega,APPLE,Notebooks,"Notebook Apple MacBook Neo 13"" Chip A18 Pro CPU 6-Core",https://www.fravega.com/p/notebook-apple-macbook-neo-13-chip-a18-pro-cpu-6-core-22874164/,2404479.0,2404479.0,1,True
FRA-notebook-lenovo-ip-slim-3-amd-ryzen-7-77,Fravega,LENOVO,Notebooks,Notebook Lenovo Ip Slim 3 Amd Ryzen 7 7735hs 16gb Ssd 1tb W11h,https://www.fravega.com/p/notebook-lenovo-ip-slim-3-amd-ryzen-7-7735hs-16gb-ssd-1tb-w11h-22874045/,2236600.25,1863833.55,1,True
FRA-notebook-hp-omnibook-3-16-by0205dx-amd-r,Fravega,HP,Notebooks,"Notebook HP Omnibook 3 16-BY0205DX AMD Ryzen 5 Touchscreen 16.0"" 16GB RAM 256GB SSD",https://www.fravega.com/p/notebook-hp-omnibook-3-16-by0205dx-amd-ryzen-5-touchscreen-16-0-16gb-ram-256gb-ssd-22860658/,2499999.0,1639999.0,1,True
FRA-notebook-asus-vivobook-x1404va-i5-1334u-,Fravega,ASUS,Notebooks,Notebook Asus Vivobook X1404VA i5-1334U 24 GB 1 TB,https://www.fravega.com/p/notebook-asus-vivobook-x1404va-i5-1334u-24-gb-1-tb-22844986/,2698615.19,2266836.75,1,True
FRA-notebook-lenovo-intel-i7-ssd256gb-8gb-fh,Fravega,LENOVO,Notebooks,Notebook Lenovo Intel I7 ssd256gb 8gb fhd 14 W11 teclado ingles,https://www.fravega.com/p/notebook-lenovo-intel-i7-ssd256gb-8gb-fhd-14-w11-teclado-ingles-22745121/,2290000.0,1990000.0,1,True
FRA-notebook-yoga-slim-7-14-10ma-gen-amd-ryz,Fravega,OTRAS,Notebooks,"Notebook Yoga Slim 7 14"" 10ma Gen AMD Ryzen AI 7 350",https://www.fravega.com/p/notebook-yoga-slim-7-14-10ma-gen-amd-ryzen-ai-7-350-22657019/,4099999.0,2699999.0,1,True
FRA-notebook-asus-vivobook-x1404va-intel-cor,Fravega,ASUS,Notebooks,Notebook Asus Vivobook X1404VA Intel Core i5-1334U 16 GB 512 GB,https://www.fravega.com/p/notebook-asus-vivobook-x1404va-intel-core-i5-1334u-16-gb-512-gb-22647094/,1792126.57,1505386.32,1,True
FRA-notebook-enova-15-ryzen-3-3300-8-gb-ram-,Fravega,OTRAS,Notebooks,Notebook Enova 15'' RYZEN 3 3300 8 GB RAM 240 GB M2,https://www.fravega.com/p/notebook-enova-15-ryzen-3-3300-8-gb-ram-240-gb-m2-22497521/,924999.0,699999.0,1,True
FRA-asus-vivobook-core-5-120u-16gb-ram-512-s,Fravega,ASUS,Notebooks,"Asus Vivobook Core 5 120U 16GB RAM 512 SSD Notebook 17,3"" FHD Blue",https://www.fravega.com/p/asus-vivobook-core-5-120u-16gb-ram-512-ssd-notebook-17-3-fhd-blue-990293726/,2797740.0,1953765.0,1,True
FRA-notebook-samsung-galaxy-book4-15-6-fhd-i,Fravega,SAMSUNG,Notebooks,"Notebook Samsung Galaxy Book4 15.6"" FHD IPS Intel i5 16GB 512GB SSD Silver",https://www.fravega.com/p/notebook-samsung-galaxy-book4-15-6-fhd-ips-intel-i5-16gb-512gb-ssd-silver-990287108/,2099999.0,1962259.0,1,True
FRA-notebook-lenovo-thinkpad-e16-gen-3-ryzen,Fravega,LENOVO,Notebooks,"Notebook Lenovo ThinkPad E16 Gen 3 Ryzen 7 250 16GB RAM 512GB SSD 16"" Sin Windows",https://www.fravega.com/p/notebook-lenovo-thinkpad-e16-gen-3-ryzen-7-250-16gb-ram-512gb-ssd-16-sin-windows-990285495/,3397189.23,2717751.39,1,True
FRA-playstation-5-ps5-digital-bundle-2-astro,Fravega,OTRAS,Gaming y Videojuegos,Playstation 5 Ps5 Digital Bundle 2 Astro+GT7,https://www.fravega.com/p/playstation-5-ps5-digital-bundle-2-astro-gt7-342667/,1899999.0,1570247.11,1,True
FRA-joystick-microsoft-xbox-wireless-black-3,Fravega,OTRAS,Gaming y Videojuegos,Joystick Microsoft Xbox Wireless Black,https://www.fravega.com/p/joystick-microsoft-xbox-wireless-black-342653/,189999.0,179999.0,1,True
FRA-playstation-5-ps5-sony-consola-con-astro,Fravega,SONY,Gaming y Videojuegos,PlayStation 5 Ps5 Sony Consola con ASTRO BOT y Gran Turismo 7 Standar Bundle 2,https://www.fravega.com/p/playstation-5-ps5-sony-consola-con-astro-bot-y-gran-turismo-7-standar-bundle-2-342666/,1999999.0,1652891.74,1,True
FRA-volante-logitech-g29-para-ps5-ps4-pc-228,Fravega,OTRAS,Gaming y Videojuegos,Volante Logitech G29 Para PS5/PS4/Pc,https://www.fravega.com/p/volante-logitech-g29-para-ps5-ps4-pc-22809787/,637079.0,637079.0,1,True
FRA-control-inalambrico-ps5-dualsense-white-,Fravega,OTRAS,Gaming y Videojuegos,Control Inalámbrico PS5 Dualsense White,https://www.fravega.com/p/control-inalambrico-ps5-dualsense-white-342665/,197999.0,179999.0,1,True
FRA-sega-hdmi-688-juegos-2-joysticks-inalamb,Fravega,OTRAS,Gaming y Videojuegos,Sega Hdmi 688 Juegos 2 Joysticks Inalambricos,https://www.fravega.com/p/sega-hdmi-688-juegos-2-joysticks-inalambricos-21313129/,64999.0,39999.0,1,True
FRA-consola-nintendo-switch-2-342626,Fravega,OTRAS,Gaming y Videojuegos,Consola Nintendo Switch 2,https://www.fravega.com/p/consola-nintendo-switch-2-342626/,1699999.0,1599999.0,1,True
FRA-all-one-acer-23-8-full-hd-intel-core-i3-,Fravega,ACER,Gaming y Videojuegos,"All in One Acer 23,8” Full HD Intel Core i3 8GB 512GB C24-2YE13U3UNL",https://www.fravega.com/p/all-one-acer-23-8-full-hd-intel-core-i3-8gb-512gb-c24-2ye13u3unl-364821/,1499999.0,1099999.0,1,True
FRA-joystick-microsoft-xbox-wireless-white-3,Fravega,OTRAS,Gaming y Videojuegos,Joystick Microsoft Xbox Wireless White,https://www.fravega.com/p/joystick-microsoft-xbox-wireless-white-342654/,189999.0,179999.0,1,True
FRA-pc-gamer-hp-omen-16l-desktop-amd-ryzen-5,Fravega,HP,Gaming y Videojuegos,PC Gamer HP OMEN 16L Desktop AMD Ryzen 5 16GB 512GB TG03-0001la,https://www.fravega.com/p/pc-gamer-hp-omen-16l-desktop-amd-ryzen-5-16gb-512gb-tg03-0001la-364732/,2499999.0,1999999.0,1,True
FRA-all-one-acer-23-8-full-hd-amd-ryzen-5-8g,Fravega,ACER,Gaming y Videojuegos,"All in One Acer 23,8” Full HD AMD Ryzen 5 8GB 512GB C24-2G",https://www.fravega.com/p/all-one-acer-23-8-full-hd-amd-ryzen-5-8gb-512gb-c24-2g-364834/,1599999.0,1399999.0,1,True
FRA-joystick-blanco-compatible-con-control-p,Fravega,OTRAS,Gaming y Videojuegos,Joystick Blanco Compatible con Control PC P3 Inalambrico Dehuka,https://www.fravega.com/p/joystick-blanco-compatible-con-control-pc-p3-inalambrico-dehuka-22084744/,48658.42,39291.66,1,True
FRA-consola-de-juegos-retro-portatil-sup-gam,Fravega,OTRAS,Gaming y Videojuegos,Consola de Juegos retro portátil sup game 400 en 1,https://www.fravega.com/p/consola-de-juegos-retro-portatil-sup-game-400-1--21195321/,45999.0,29999.0,1,True
FRA-joystick-control-dualsense-marathon-para,Fravega,OTRAS,Gaming y Videojuegos,Joystick Control Dualsense Marathon Para PS5  PC Mac y móvil,https://www.fravega.com/p/joystick-control-dualsense-marathon-para-ps5-pc-mac-y-movil-342657/,199999.0,165288.43,1,True
FRA-nintendo-switch-oled-super-mario-bros-wo,Fravega,OTRAS,Gaming y Videojuegos,Nintendo Switch OLED + Super Mario Bros. Wonder + 3mo NSO,https://www.fravega.com/p/nintendo-switch-oled-super-mario-bros-wonder-3mo-nso-342672/,999999.0,826445.45,1,True
FRA-joystick-gamer-vsg-tarvos-multiplataform,Fravega,OTRAS,Gaming y Videojuegos,Joystick Gamer VSG Tarvos Multiplataforma,https://www.fravega.com/p/joystick-gamer-vsg-tarvos-multiplataforma-342539/,69999.0,59999.0,1,True
FRA-silla-gamer-ergonomica-constrictor-lampa,Fravega,OTRAS,Gaming y Videojuegos,Silla Gamer Ergonómica Constrictor Lampalagua Roja,https://www.fravega.com/p/silla-gamer-ergonomica-constrictor-lampalagua-roja-21283133/,379999.0,159999.0,1,True
FRA-auriculares-gamer-vsg-pentagon-azul-3425,Fravega,OTRAS,Gaming y Videojuegos,Auriculares Gamer VSG Pentagon Azul,https://www.fravega.com/p/auriculares-gamer-vsg-pentagon-azul-342533/,49999.0,37999.0,1,True
FRA-auriculares-sony-ps5-pulse-elite-342658,Fravega,SONY,Gaming y Videojuegos,Auriculares Sony PS5 Pulse Elite,https://www.fravega.com/p/auriculares-sony-ps5-pulse-elite-342658/,434999.0,359503.31,1,True
FRA-consola-game-tv-stick-35-000-juegos-conv,Fravega,OTRAS,Gaming y Videojuegos,Consola Game Tv Stick +35.000 juegos +Converti en Smart  LA TV +2 Joystick  Android Tv Full 5G 8K 1año garantia,https://www.fravega.com/p/consola-game-tv-stick-35-000-juegos-converti-smart-la-tv-2-joystick-android-tv-full-5g-8k-1ano-garantia-22059842/,199999.0,139999.0,1,True
FRA-pc-gamer-ryzen-7-5700g-32gb-ram-480gb-ss,Fravega,OTRAS,Gaming y Videojuegos,PC GAMER RYZEN 7 5700G + 32GB RAM + 480GB SSD – GRAPHICS VEGA + PLACA WIFI,https://www.fravega.com/p/pc-gamer-ryzen-7-5700g-32gb-ram-480gb-ssd--graphics-vega-placa-wifi-21195293/,1690559.0,1436975.0,1,True
FRA-joystick-sony-dualsense-midnight-black-u,Fravega,SONY,Gaming y Videojuegos,Joystick Sony DualSense Midnight Black + USB,https://www.fravega.com/p/joystick-sony-dualsense-midnight-black-usb-342655/,179999.0,148759.5,1,True
FRA-playstation-5-ps5-digital-bundle-2-astro,Fravega,OTRAS,Gaming y Videojuegos,Playstation 5 Ps5 Digital Bundle 2 Astro+GT7,https://www.fravega.com/p/playstation-5-ps5-digital-bundle-2-astro-gt7-342823/,1899999.0,1570247.11,1,True
FRA-joystick-sony-ps5-dualsense-cosmic-red-3,Fravega,SONY,Gaming y Videojuegos,Joystick Sony PS5 DualSense Cosmic Red,https://www.fravega.com/p/joystick-sony-ps5-dualsense-cosmic-red-342692/,179999.0,148759.5,1,True
FRA-joystick-control-dualsense-rojo-techno-p,Fravega,OTRAS,Gaming y Videojuegos,Joystick Control Dualsense Rojo Techno Para PS5 PC Mac y móvil,https://www.fravega.com/p/joystick-control-dualsense-rojo-techno-para-ps5-pc-mac-y-movil-342664/,199999.0,165288.43,1,True
FRA-joystick-control-dualsense-verde-remix-p,Fravega,OTRAS,Gaming y Videojuegos,Joystick Control Dualsense Verde Remix Para PS5 PC Mac y móvil,https://www.fravega.com/p/joystick-control-dualsense-verde-remix-para-ps5-pc-mac-y-movil-342663/,199999.0,165288.43,1,True
FRA-joystick-para-ps4-negro-inalambrico-negr,Fravega,OTRAS,Gaming y Videojuegos,Joystick Para Ps4 Negro Inalambrico Negro,https://www.fravega.com/p/joystick-para-ps4-negro-inalambrico-negro-22714834/,54999.0,34999.0,1,True
FRA-preventa-videojuego-marvel-s-wolverine-p,Fravega,OTRAS,Gaming y Videojuegos,Preventa Videojuego Marvel's Wolverine para Playstation 5,https://www.fravega.com/p/preventa-videojuego-marvel-s-wolverine-para-playstation-5-342638/,174999.0,144627.27,1,True
FRA-sega-hdmi-688-juegos-2-joysticks-inalamb,Fravega,OTRAS,Gaming y Videojuegos,Sega Hdmi 688 Juegos 2 Joysticks Inalambricos,https://www.fravega.com/p/sega-hdmi-688-juegos-2-joysticks-inalambricos-21915789/,69999.0,46499.0,1,True
FRA-playstation-5-ps5-digital-bundle-2-astro,Fravega,OTRAS,Gaming y Videojuegos,Playstation 5 Ps5 Digital Bundle 2 Astro+GT7,https://www.fravega.com/p/playstation-5-ps5-digital-bundle-2-astro-gt7-342667/,1899999.0,1570247.11,1,True
FRA-joystick-microsoft-xbox-wireless-black-3,Fravega,OTRAS,Gaming y Videojuegos,Joystick Microsoft Xbox Wireless Black,https://www.fravega.com/p/joystick-microsoft-xbox-wireless-black-342653/,189999.0,179999.0,1,True
FRA-playstation-5-ps5-sony-consola-con-astro,Fravega,SONY,Gaming y Videojuegos,PlayStation 5 Ps5 Sony Consola con ASTRO BOT y Gran Turismo 7 Standar Bundle 2,https://www.fravega.com/p/playstation-5-ps5-sony-consola-con-astro-bot-y-gran-turismo-7-standar-bundle-2-342666/,1999999.0,1652891.74,1,True
FRA-volante-logitech-g29-para-ps5-ps4-pc-228,Fravega,OTRAS,Gaming y Videojuegos,Volante Logitech G29 Para PS5/PS4/Pc,https://www.fravega.com/p/volante-logitech-g29-para-ps5-ps4-pc-22809787/,637079.0,637079.0,1,True
FRA-control-inalambrico-ps5-dualsense-white-,Fravega,OTRAS,Gaming y Videojuegos,Control Inalámbrico PS5 Dualsense White,https://www.fravega.com/p/control-inalambrico-ps5-dualsense-white-342665/,197999.0,179999.0,1,True
FRA-sega-hdmi-688-juegos-2-joysticks-inalamb,Fravega,OTRAS,Gaming y Videojuegos,Sega Hdmi 688 Juegos 2 Joysticks Inalambricos,https://www.fravega.com/p/sega-hdmi-688-juegos-2-joysticks-inalambricos-21313129/,64999.0,39999.0,1,True
FRA-consola-nintendo-switch-2-342626,Fravega,OTRAS,Gaming y Videojuegos,Consola Nintendo Switch 2,https://www.fravega.com/p/consola-nintendo-switch-2-342626/,1699999.0,1599999.0,1,True
FRA-all-one-acer-23-8-full-hd-intel-core-i3-,Fravega,ACER,Gaming y Videojuegos,"All in One Acer 23,8” Full HD Intel Core i3 8GB 512GB C24-2YE13U3UNL",https://www.fravega.com/p/all-one-acer-23-8-full-hd-intel-core-i3-8gb-512gb-c24-2ye13u3unl-364821/,1499999.0,1099999.0,1,True
FRA-joystick-microsoft-xbox-wireless-white-3,Fravega,OTRAS,Gaming y Videojuegos,Joystick Microsoft Xbox Wireless White,https://www.fravega.com/p/joystick-microsoft-xbox-wireless-white-342654/,189999.0,179999.0,1,True
FRA-pc-gamer-hp-omen-16l-desktop-amd-ryzen-5,Fravega,HP,Gaming y Videojuegos,PC Gamer HP OMEN 16L Desktop AMD Ryzen 5 16GB 512GB TG03-0001la,https://www.fravega.com/p/pc-gamer-hp-omen-16l-desktop-amd-ryzen-5-16gb-512gb-tg03-0001la-364732/,2499999.0,1999999.0,1,True
FRA-all-one-acer-23-8-full-hd-amd-ryzen-5-8g,Fravega,ACER,Gaming y Videojuegos,"All in One Acer 23,8” Full HD AMD Ryzen 5 8GB 512GB C24-2G",https://www.fravega.com/p/all-one-acer-23-8-full-hd-amd-ryzen-5-8gb-512gb-c24-2g-364834/,1599999.0,1399999.0,1,True
FRA-joystick-blanco-compatible-con-control-p,Fravega,OTRAS,Gaming y Videojuegos,Joystick Blanco Compatible con Control PC P3 Inalambrico Dehuka,https://www.fravega.com/p/joystick-blanco-compatible-con-control-pc-p3-inalambrico-dehuka-22084744/,48658.42,39291.66,1,True
FRA-consola-de-juegos-retro-portatil-sup-gam,Fravega,OTRAS,Gaming y Videojuegos,Consola de Juegos retro portátil sup game 400 en 1,https://www.fravega.com/p/consola-de-juegos-retro-portatil-sup-game-400-1--21195321/,45999.0,29999.0,1,True
FRA-joystick-control-dualsense-marathon-para,Fravega,OTRAS,Gaming y Videojuegos,Joystick Control Dualsense Marathon Para PS5  PC Mac y móvil,https://www.fravega.com/p/joystick-control-dualsense-marathon-para-ps5-pc-mac-y-movil-342657/,199999.0,165288.43,1,True
FRA-nintendo-switch-oled-super-mario-bros-wo,Fravega,OTRAS,Gaming y Videojuegos,Nintendo Switch OLED + Super Mario Bros. Wonder + 3mo NSO,https://www.fravega.com/p/nintendo-switch-oled-super-mario-bros-wonder-3mo-nso-342672/,999999.0,826445.45,1,True
FRA-joystick-gamer-vsg-tarvos-multiplataform,Fravega,OTRAS,Gaming y Videojuegos,Joystick Gamer VSG Tarvos Multiplataforma,https://www.fravega.com/p/joystick-gamer-vsg-tarvos-multiplataforma-342539/,69999.0,59999.0,1,True
FRA-silla-gamer-ergonomica-constrictor-lampa,Fravega,OTRAS,Gaming y Videojuegos,Silla Gamer Ergonómica Constrictor Lampalagua Roja,https://www.fravega.com/p/silla-gamer-ergonomica-constrictor-lampalagua-roja-21283133/,379999.0,159999.0,1,True
FRA-auriculares-gamer-vsg-pentagon-azul-3425,Fravega,OTRAS,Gaming y Videojuegos,Auriculares Gamer VSG Pentagon Azul,https://www.fravega.com/p/auriculares-gamer-vsg-pentagon-azul-342533/,49999.0,37999.0,1,True
FRA-auriculares-sony-ps5-pulse-elite-342658,Fravega,SONY,Gaming y Videojuegos,Auriculares Sony PS5 Pulse Elite,https://www.fravega.com/p/auriculares-sony-ps5-pulse-elite-342658/,434999.0,359503.31,1,True
FRA-consola-game-tv-stick-35-000-juegos-conv,Fravega,OTRAS,Gaming y Videojuegos,Consola Game Tv Stick +35.000 juegos +Converti en Smart  LA TV +2 Joystick  Android Tv Full 5G 8K 1año garantia,https://www.fravega.com/p/consola-game-tv-stick-35-000-juegos-converti-smart-la-tv-2-joystick-android-tv-full-5g-8k-1ano-garantia-22059842/,199999.0,139999.0,1,True
FRA-pc-gamer-ryzen-7-5700g-32gb-ram-480gb-ss,Fravega,OTRAS,Gaming y Videojuegos,PC GAMER RYZEN 7 5700G + 32GB RAM + 480GB SSD – GRAPHICS VEGA + PLACA WIFI,https://www.fravega.com/p/pc-gamer-ryzen-7-5700g-32gb-ram-480gb-ssd--graphics-vega-placa-wifi-21195293/,1690559.0,1436975.0,1,True
FRA-joystick-ps5-inalambrico-sony-playstatio,Fravega,SONY,Gaming y Videojuegos,Joystick PS5 Inalámbrico Sony PlayStation 5 DualSense Blanco,https://www.fravega.com/p/joystick-ps5-inalambrico-sony-playstation-5-dualsense-blanco-990005985/,189999.0,179999.0,1,True
FRA-cargador-de-joystick-ps5-dualsense-34265,Fravega,OTRAS,Gaming y Videojuegos,Cargador de Joystick PS5 DualSense,https://www.fravega.com/p/cargador-de-joystick-ps5-dualsense-342659/,84999.0,70247.11,1,True
FRA-consola-family-pocket-mini-usb-rca-joyst,Fravega,OTRAS,Gaming y Videojuegos,Consola Family Pocket Mini Usb Rca Joysticks Inalambricos,https://www.fravega.com/p/consola-family-pocket-mini-usb-rca-joysticks-inalambricos-21313063/,49999.0,26999.0,1,True
FRA-consola-retro-8-bits-con-joysticks-inala,Fravega,OTRAS,Gaming y Videojuegos,Consola Retro 8 bits con Joysticks inalámbricos 620 juegos U-BOX Conexión Av.,https://www.fravega.com/p/consola-retro-8-bits-con-joysticks-inalambricos-620-juegos-u-box-conexion-av--22068144/,37798.65,25199.1,1,True
FRA-joystick-control-dualsense-edge-zcp1-par,Fravega,OTRAS,Gaming y Videojuegos,Joystick Control Dualsense EDGE ZCP1 para PS5,https://www.fravega.com/p/joystick-control-dualsense-edge-zcp1-para-ps5-342656/,559999.0,462809.09,1,True
FRA-consola-retro-game-stick-m15-plus-pro-2-,Fravega,OTRAS,Gaming y Videojuegos,Consola Retro Game Stick M15 Plus Pro + 2 Joysticks + 20mil Juegos FULL Emulador 3D,https://www.fravega.com/p/consola-retro-game-stick-m15-plus-pro-2-joysticks-20mil-juegos-full-emulador-3d--21456157/,1219999.0,79999.0,1,True
FRA-unidad-lectora-disco-consola-sony-playst,Fravega,SONY,Gaming y Videojuegos,Unidad Lectora Disco Consola Sony Playstation 5 Ps5 Digital,https://www.fravega.com/p/unidad-lectora-disco-consola-sony-playstation-5-ps5-digital-990180735/,399999.0,269999.0,1,True
FRA-playstation5pro-2tb-22543591,Fravega,OTRAS,Gaming y Videojuegos,PlayStation 5 Pro 2 TB,https://www.fravega.com/p/playstation5pro-2tb-22543591/,2799999.0,2599000.0,1,True
FRA-consola-game-stick-4k-pro-m15-20-000-jue,Fravega,OTRAS,Gaming y Videojuegos,Consola Game Stick 4K Pro M15 20.000 Juegos (64GB),https://www.fravega.com/p/consola-game-stick-4k-pro-m15-20-000-juegos-64gb--21521207/,83823.64,68999.0,1,True
FRA-joystick-ps5-sony-dualsense-007-first-li,Fravega,SONY,Gaming y Videojuegos,Joystick Ps5 Sony DualSense 007 First Light,https://www.fravega.com/p/joystick-ps5-sony-dualsense-007-first-light-342691/,197999.0,163635.54,1,True
FRA-nintendo-mario-tennis-fever-342671,Fravega,OTRAS,Gaming y Videojuegos,Nintendo Mario Tennis Fever,https://www.fravega.com/p/nintendo-mario-tennis-fever-342671/,164999.0,136362.81,1,True
FRA-nintendo-switch-2-pro-controller-342670,Fravega,OTRAS,Gaming y Videojuegos,Nintendo Switch 2 Pro Controller,https://www.fravega.com/p/nintendo-switch-2-pro-controller-342670/,289999.0,239668.6,1,True
FRA-ps5-portatil--342101,Fravega,OTRAS,Gaming y Videojuegos,Ps5 Portátil,https://www.fravega.com/p/ps5-portatil--342101/,799999.0,661156.2,1,True
FRA-playstation-5-ps5-digital-bundle-2-astro,Fravega,OTRAS,Gaming y Videojuegos,Playstation 5 Ps5 Digital Bundle 2 Astro+GT7,https://www.fravega.com/p/playstation-5-ps5-digital-bundle-2-astro-gt7-342667/,1899999.0,1570247.11,1,True
FRA-joystick-microsoft-xbox-wireless-black-3,Fravega,OTRAS,Gaming y Videojuegos,Joystick Microsoft Xbox Wireless Black,https://www.fravega.com/p/joystick-microsoft-xbox-wireless-black-342653/,189999.0,179999.0,1,True
FRA-playstation-5-ps5-sony-consola-con-astro,Fravega,SONY,Gaming y Videojuegos,PlayStation 5 Ps5 Sony Consola con ASTRO BOT y Gran Turismo 7 Standar Bundle 2,https://www.fravega.com/p/playstation-5-ps5-sony-consola-con-astro-bot-y-gran-turismo-7-standar-bundle-2-342666/,1999999.0,1652891.74,1,True
FRA-volante-logitech-g29-para-ps5-ps4-pc-228,Fravega,OTRAS,Gaming y Videojuegos,Volante Logitech G29 Para PS5/PS4/Pc,https://www.fravega.com/p/volante-logitech-g29-para-ps5-ps4-pc-22809787/,637079.0,637079.0,1,True
FRA-control-inalambrico-ps5-dualsense-white-,Fravega,OTRAS,Gaming y Videojuegos,Control Inalámbrico PS5 Dualsense White,https://www.fravega.com/p/control-inalambrico-ps5-dualsense-white-342665/,197999.0,179999.0,1,True
FRA-sega-hdmi-688-juegos-2-joysticks-inalamb,Fravega,OTRAS,Gaming y Videojuegos,Sega Hdmi 688 Juegos 2 Joysticks Inalambricos,https://www.fravega.com/p/sega-hdmi-688-juegos-2-joysticks-inalambricos-21313129/,64999.0,39999.0,1,True
FRA-consola-nintendo-switch-2-342626,Fravega,OTRAS,Gaming y Videojuegos,Consola Nintendo Switch 2,https://www.fravega.com/p/consola-nintendo-switch-2-342626/,1699999.0,1599999.0,1,True
FRA-all-one-acer-23-8-full-hd-intel-core-i3-,Fravega,ACER,Gaming y Videojuegos,"All in One Acer 23,8” Full HD Intel Core i3 8GB 512GB C24-2YE13U3UNL",https://www.fravega.com/p/all-one-acer-23-8-full-hd-intel-core-i3-8gb-512gb-c24-2ye13u3unl-364821/,1499999.0,1099999.0,1,True
FRA-joystick-microsoft-xbox-wireless-white-3,Fravega,OTRAS,Gaming y Videojuegos,Joystick Microsoft Xbox Wireless White,https://www.fravega.com/p/joystick-microsoft-xbox-wireless-white-342654/,189999.0,179999.0,1,True
FRA-pc-gamer-hp-omen-16l-desktop-amd-ryzen-5,Fravega,HP,Gaming y Videojuegos,PC Gamer HP OMEN 16L Desktop AMD Ryzen 5 16GB 512GB TG03-0001la,https://www.fravega.com/p/pc-gamer-hp-omen-16l-desktop-amd-ryzen-5-16gb-512gb-tg03-0001la-364732/,2499999.0,1999999.0,1,True
FRA-all-one-acer-23-8-full-hd-amd-ryzen-5-8g,Fravega,ACER,Gaming y Videojuegos,"All in One Acer 23,8” Full HD AMD Ryzen 5 8GB 512GB C24-2G",https://www.fravega.com/p/all-one-acer-23-8-full-hd-amd-ryzen-5-8gb-512gb-c24-2g-364834/,1599999.0,1399999.0,1,True
FRA-joystick-blanco-compatible-con-control-p,Fravega,OTRAS,Gaming y Videojuegos,Joystick Blanco Compatible con Control PC P3 Inalambrico Dehuka,https://www.fravega.com/p/joystick-blanco-compatible-con-control-pc-p3-inalambrico-dehuka-22084744/,48658.42,39291.66,1,True
FRA-consola-de-juegos-retro-portatil-sup-gam,Fravega,OTRAS,Gaming y Videojuegos,Consola de Juegos retro portátil sup game 400 en 1,https://www.fravega.com/p/consola-de-juegos-retro-portatil-sup-game-400-1--21195321/,45999.0,29999.0,1,True
FRA-joystick-control-dualsense-marathon-para,Fravega,OTRAS,Gaming y Videojuegos,Joystick Control Dualsense Marathon Para PS5  PC Mac y móvil,https://www.fravega.com/p/joystick-control-dualsense-marathon-para-ps5-pc-mac-y-movil-342657/,199999.0,165288.43,1,True
FRA-nintendo-switch-oled-super-mario-bros-wo,Fravega,OTRAS,Gaming y Videojuegos,Nintendo Switch OLED + Super Mario Bros. Wonder + 3mo NSO,https://www.fravega.com/p/nintendo-switch-oled-super-mario-bros-wonder-3mo-nso-342672/,999999.0,826445.45,1,True
FRA-joystick-gamer-vsg-tarvos-multiplataform,Fravega,OTRAS,Gaming y Videojuegos,Joystick Gamer VSG Tarvos Multiplataforma,https://www.fravega.com/p/joystick-gamer-vsg-tarvos-multiplataforma-342539/,69999.0,59999.0,1,True
FRA-auriculares-gamer-vsg-pentagon-azul-3425,Fravega,OTRAS,Gaming y Videojuegos,Auriculares Gamer VSG Pentagon Azul,https://www.fravega.com/p/auriculares-gamer-vsg-pentagon-azul-342533/,49999.0,37999.0,1,True
FRA-auriculares-sony-ps5-pulse-elite-342658,Fravega,SONY,Gaming y Videojuegos,Auriculares Sony PS5 Pulse Elite,https://www.fravega.com/p/auriculares-sony-ps5-pulse-elite-342658/,434999.0,359503.31,1,True
FRA-consola-game-tv-stick-35-000-juegos-conv,Fravega,OTRAS,Gaming y Videojuegos,Consola Game Tv Stick +35.000 juegos +Converti en Smart  LA TV +2 Joystick  Android Tv Full 5G 8K 1año garantia,https://www.fravega.com/p/consola-game-tv-stick-35-000-juegos-converti-smart-la-tv-2-joystick-android-tv-full-5g-8k-1ano-garantia-22059842/,199999.0,139999.0,1,True
FRA-pc-gamer-ryzen-7-5700g-32gb-ram-480gb-ss,Fravega,OTRAS,Gaming y Videojuegos,PC GAMER RYZEN 7 5700G + 32GB RAM + 480GB SSD – GRAPHICS VEGA + PLACA WIFI,https://www.fravega.com/p/pc-gamer-ryzen-7-5700g-32gb-ram-480gb-ssd--graphics-vega-placa-wifi-21195293/,1690559.0,1436975.0,1,True
FRA-consola-retro-game-stick-x2-4k-64gb-mas-,Fravega,OTRAS,Gaming y Videojuegos,Consola Retro Game Stick X2 4k 64gb Mas De 33.000 Juegos  3D Plus,https://www.fravega.com/p/consola-retro-game-stick-x2-4k-64gb-mas-de-33-000-juegos-3d-plus-21923304/,169999.0,103999.0,1,True
FRA-consola-inalambrica-game-stick-lite-8k-2,Fravega,OTRAS,Gaming y Videojuegos,Consola Inalámbrica Game Stick Lite 8K 2 Joysticks,https://www.fravega.com/p/consola-inalambrica-game-stick-lite-8k-2-joysticks-21954632/,89999.0,55999.0,1,True
FRA-nintendo-switch-2-pro-controller-342670,Fravega,OTRAS,Gaming y Videojuegos,Nintendo Switch 2 Pro Controller,https://www.fravega.com/p/nintendo-switch-2-pro-controller-342670/,289999.0,239668.6,1,True
FRA-nintendo-mario-tennis-fever-342671,Fravega,OTRAS,Gaming y Videojuegos,Nintendo Mario Tennis Fever,https://www.fravega.com/p/nintendo-mario-tennis-fever-342671/,164999.0,136362.81,1,True
FRA-cable-de-carga-rapida-para-joystick-play,Fravega,OTRAS,Gaming y Videojuegos,Cable De Carga Rápida Para Joystick Play 3 Ps3 Mini Usb V3,https://www.fravega.com/p/cable-de-carga-rapida-para-joystick-play-3-ps3-mini-usb-v3-22816235/,11878.65,7919.1,1,True
FRA-joystick-ps5-sony-dualsense-007-first-li,Fravega,SONY,Gaming y Videojuegos,Joystick Ps5 Sony DualSense 007 First Light,https://www.fravega.com/p/joystick-ps5-sony-dualsense-007-first-light-342691/,197999.0,163635.54,1,True
FRA-base-de-carga-dobe-cargadora-dual-p-joys,Fravega,OTRAS,Gaming y Videojuegos,Base De Carga Dobe / Cargadora Dual P/ Joystick Ps4 Slim Pro,https://www.fravega.com/p/base-de-carga-dobe-cargadora-dual-p-joystick-ps4-slim-pro-20049848/,44809.0,34469.0,1,True
FRA-consola-game-stick-4k-con-2-joysticks-in,Fravega,OTRAS,Gaming y Videojuegos,Consola Game Stick 4k con 2 Joysticks Inalámbricos,https://www.fravega.com/p/consola-game-stick-4k-con-2-joysticks-inalambricos-21225419/,86200.0,47999.0,1,True
FRA-powkiddy-rgb20s-standard-16-gb-128-gb-co,Fravega,KIDDY,Gaming y Videojuegos,PowKiddy RGB20S Standard 16 GB + 128 GB Consola Retro,https://www.fravega.com/p/powkiddy-rgb20s-standard-16-gb-128-gb-consola-retro-21251032/,399990.0,139990.0,1,True
FRA-consola-game-stick-4k-con-2-joysticks-in,Fravega,OTRAS,Gaming y Videojuegos,Consola Game Stick 4k con 2 Joysticks Inalámbricos 10 mil Juegos Retro,https://www.fravega.com/p/consola-game-stick-4k-con-2-joysticks-inalambricos-10-mil-juegos-retro-21294954/,115000.0,68999.0,1,True
FRA-juego-ea-fifa-25-ps4-342553,Fravega,OTRAS,Gaming y Videojuegos,Juego EA FIFA 25 PS4,https://www.fravega.com/p/juego-ea-fifa-25-ps4-342553/,99999.0,82644.0,1,True
FRA-sony-playstation-5-slim-1tb-standard-bun,Fravega,SONY,Gaming y Videojuegos,Sony PlayStation 5 SLIM 1TB  Standard Bundle Ratchet & Clank + Returnal,https://www.fravega.com/p/sony-playstation-5-slim-1tb-standard-bundle-ratchet--clank-returnal-990176787/,2499999.0,1999999.01,1,True
FRA-consola-retro-game-box-s9-520-juegos-cla,Fravega,OTRAS,Gaming y Videojuegos,Consola Retro Game box S9 520 juegos clasicos 8bits,https://www.fravega.com/p/consola-retro-game-box-s9-520-juegos-clasicos-8bits-21521281/,37798.65,25199.1,1,True
FRA-playstation-5-ps5-digital-bundle-2-astro,Fravega,OTRAS,Gaming y Videojuegos,Playstation 5 Ps5 Digital Bundle 2 Astro+GT7,https://www.fravega.com/p/playstation-5-ps5-digital-bundle-2-astro-gt7-342667/,1899999.0,1570247.11,1,True
FRA-joystick-microsoft-xbox-wireless-black-3,Fravega,OTRAS,Gaming y Videojuegos,Joystick Microsoft Xbox Wireless Black,https://www.fravega.com/p/joystick-microsoft-xbox-wireless-black-342653/,189999.0,179999.0,1,True
FRA-playstation-5-ps5-sony-consola-con-astro,Fravega,SONY,Gaming y Videojuegos,PlayStation 5 Ps5 Sony Consola con ASTRO BOT y Gran Turismo 7 Standar Bundle 2,https://www.fravega.com/p/playstation-5-ps5-sony-consola-con-astro-bot-y-gran-turismo-7-standar-bundle-2-342666/,1999999.0,1652891.74,1,True
FRA-volante-logitech-g29-para-ps5-ps4-pc-228,Fravega,OTRAS,Gaming y Videojuegos,Volante Logitech G29 Para PS5/PS4/Pc,https://www.fravega.com/p/volante-logitech-g29-para-ps5-ps4-pc-22809787/,637079.0,637079.0,1,True
FRA-control-inalambrico-ps5-dualsense-white-,Fravega,OTRAS,Gaming y Videojuegos,Control Inalámbrico PS5 Dualsense White,https://www.fravega.com/p/control-inalambrico-ps5-dualsense-white-342665/,197999.0,179999.0,1,True
FRA-sega-hdmi-688-juegos-2-joysticks-inalamb,Fravega,OTRAS,Gaming y Videojuegos,Sega Hdmi 688 Juegos 2 Joysticks Inalambricos,https://www.fravega.com/p/sega-hdmi-688-juegos-2-joysticks-inalambricos-21313129/,64999.0,39999.0,1,True
FRA-consola-nintendo-switch-2-342626,Fravega,OTRAS,Gaming y Videojuegos,Consola Nintendo Switch 2,https://www.fravega.com/p/consola-nintendo-switch-2-342626/,1699999.0,1599999.0,1,True
FRA-all-one-acer-23-8-full-hd-intel-core-i3-,Fravega,ACER,Gaming y Videojuegos,"All in One Acer 23,8” Full HD Intel Core i3 8GB 512GB C24-2YE13U3UNL",https://www.fravega.com/p/all-one-acer-23-8-full-hd-intel-core-i3-8gb-512gb-c24-2ye13u3unl-364821/,1499999.0,1099999.0,1,True
FRA-joystick-microsoft-xbox-wireless-white-3,Fravega,OTRAS,Gaming y Videojuegos,Joystick Microsoft Xbox Wireless White,https://www.fravega.com/p/joystick-microsoft-xbox-wireless-white-342654/,189999.0,179999.0,1,True
FRA-pc-gamer-hp-omen-16l-desktop-amd-ryzen-5,Fravega,HP,Gaming y Videojuegos,PC Gamer HP OMEN 16L Desktop AMD Ryzen 5 16GB 512GB TG03-0001la,https://www.fravega.com/p/pc-gamer-hp-omen-16l-desktop-amd-ryzen-5-16gb-512gb-tg03-0001la-364732/,2499999.0,1999999.0,1,True
FRA-all-one-acer-23-8-full-hd-amd-ryzen-5-8g,Fravega,ACER,Gaming y Videojuegos,"All in One Acer 23,8” Full HD AMD Ryzen 5 8GB 512GB C24-2G",https://www.fravega.com/p/all-one-acer-23-8-full-hd-amd-ryzen-5-8gb-512gb-c24-2g-364834/,1599999.0,1399999.0,1,True
FRA-joystick-blanco-compatible-con-control-p,Fravega,OTRAS,Gaming y Videojuegos,Joystick Blanco Compatible con Control PC P3 Inalambrico Dehuka,https://www.fravega.com/p/joystick-blanco-compatible-con-control-pc-p3-inalambrico-dehuka-22084744/,48658.42,39291.66,1,True
FRA-consola-de-juegos-retro-portatil-sup-gam,Fravega,OTRAS,Gaming y Videojuegos,Consola de Juegos retro portátil sup game 400 en 1,https://www.fravega.com/p/consola-de-juegos-retro-portatil-sup-game-400-1--21195321/,45999.0,29999.0,1,True
FRA-joystick-control-dualsense-marathon-para,Fravega,OTRAS,Gaming y Videojuegos,Joystick Control Dualsense Marathon Para PS5  PC Mac y móvil,https://www.fravega.com/p/joystick-control-dualsense-marathon-para-ps5-pc-mac-y-movil-342657/,199999.0,165288.43,1,True
FRA-nintendo-switch-oled-super-mario-bros-wo,Fravega,OTRAS,Gaming y Videojuegos,Nintendo Switch OLED + Super Mario Bros. Wonder + 3mo NSO,https://www.fravega.com/p/nintendo-switch-oled-super-mario-bros-wonder-3mo-nso-342672/,999999.0,826445.45,1,True
FRA-joystick-gamer-vsg-tarvos-multiplataform,Fravega,OTRAS,Gaming y Videojuegos,Joystick Gamer VSG Tarvos Multiplataforma,https://www.fravega.com/p/joystick-gamer-vsg-tarvos-multiplataforma-342539/,69999.0,59999.0,1,True
FRA-silla-gamer-ergonomica-constrictor-lampa,Fravega,OTRAS,Gaming y Videojuegos,Silla Gamer Ergonómica Constrictor Lampalagua Roja,https://www.fravega.com/p/silla-gamer-ergonomica-constrictor-lampalagua-roja-21283133/,379999.0,159999.0,1,True
FRA-auriculares-gamer-vsg-pentagon-azul-3425,Fravega,OTRAS,Gaming y Videojuegos,Auriculares Gamer VSG Pentagon Azul,https://www.fravega.com/p/auriculares-gamer-vsg-pentagon-azul-342533/,49999.0,37999.0,1,True
FRA-auriculares-sony-ps5-pulse-elite-342658,Fravega,SONY,Gaming y Videojuegos,Auriculares Sony PS5 Pulse Elite,https://www.fravega.com/p/auriculares-sony-ps5-pulse-elite-342658/,434999.0,359503.31,1,True
FRA-consola-game-tv-stick-35-000-juegos-conv,Fravega,OTRAS,Gaming y Videojuegos,Consola Game Tv Stick +35.000 juegos +Converti en Smart  LA TV +2 Joystick  Android Tv Full 5G 8K 1año garantia,https://www.fravega.com/p/consola-game-tv-stick-35-000-juegos-converti-smart-la-tv-2-joystick-android-tv-full-5g-8k-1ano-garantia-22059842/,199999.0,139999.0,1,True
FRA-pc-gamer-ryzen-7-5700g-32gb-ram-480gb-ss,Fravega,OTRAS,Gaming y Videojuegos,PC GAMER RYZEN 7 5700G + 32GB RAM + 480GB SSD – GRAPHICS VEGA + PLACA WIFI,https://www.fravega.com/p/pc-gamer-ryzen-7-5700g-32gb-ram-480gb-ssd--graphics-vega-placa-wifi-21195293/,1690559.0,1436975.0,1,True
FRA-joystick-ps5-sony-dualsense-midnight-bla,Fravega,SONY,Gaming y Videojuegos,Joystick Ps5 Sony DualSense Midnight Black,https://www.fravega.com/p/joystick-ps5-sony-dualsense-midnight-black-342688/,174999.0,144627.27,1,True
FRA-control-inalambrico-ps5-dualsense-chroma,Fravega,OTRAS,Gaming y Videojuegos,Control Inalámbrico PS5 Dualsense Chroma Indigo,https://www.fravega.com/p/control-inalambrico-ps5-dualsense-chroma-indigo--342685/,185999.0,153718.18,1,True
FRA-control-inalambrico-ps5-dualsense-chroma,Fravega,OTRAS,Gaming y Videojuegos,Control Inalámbrico PS5 Dualsense Chroma Teal,https://www.fravega.com/p/control-inalambrico-ps5-dualsense-chroma-teal-342684/,185999.0,153718.18,1,True
FRA-juego-ea-fifa-25-ps4-342553,Fravega,OTRAS,Gaming y Videojuegos,Juego EA FIFA 25 PS4,https://www.fravega.com/p/juego-ea-fifa-25-ps4-342553/,99999.0,82644.0,1,True
FRA-nintendo-lite-switch-lite-32gb-standard-,Fravega,OTRAS,Gaming y Videojuegos,Nintendo Lite Switch Lite 32gb Standard Color Azul 2019,https://www.fravega.com/p/nintendo-lite-switch-lite-32gb-standard-color-azul-2019-22923934/,509999.0,421486.78,1,True
FRA-control-joystick-inalambrico-compatible-,Fravega,OTRAS,Gaming y Videojuegos,Control Joystick Inalambrico Compatible Con ps4 Naranja,https://www.fravega.com/p/control-joystick-inalambrico-compatible-con-ps4-naranja-22883572/,34999.0,26999.0,1,True
FRA-videojuego-nintendo-pokemon-legends-z-a-,Fravega,OTRAS,Gaming y Videojuegos,Videojuego Nintendo Pokémon Legends Z-A para,https://www.fravega.com/p/videojuego-nintendo-pokemon-legends-z-a-para-22880176/,297078.0,237663.0,1,True
FRA-videojuego-mario-kart-world-nintendo-bee,Fravega,OTRAS,Gaming y Videojuegos,Videojuego Mario Kart World Nintendo BEEPAAAAA,https://www.fravega.com/p/videojuego-mario-kart-world-nintendo-beepaaaaa-22880160/,328145.0,262516.0,1,True
FRA-bateria-ostent-psp-s360-1800mah-3-6v-par,Fravega,SONY,Gaming y Videojuegos,Batería OSTENT PSP-S360 1800mAh 3.6V para Sony PSP 2000/3000,https://www.fravega.com/p/bateria-ostent-psp-s360-1800mah-3-6v-para-sony-psp-2000-3000-22866791/,92791.0,85367.72,1,True
FRA-consola-retro-game-box-plus-500-juegos-h,Fravega,OTRAS,Gaming y Videojuegos,Consola retro Game Box Plus 500 juegos H500 8 bit,https://www.fravega.com/p/consola-retro-game-box-plus-500-juegos-h500-8-bit-22843103/,47236.5,31491.0,1,True
FRA-estacion-de-carga-base-para-joysticks-de,Fravega,OTRAS,Gaming y Videojuegos,Estación de Carga Base para Joysticks de Playstation 4,https://www.fravega.com/p/estacion-de-carga-base-para-joysticks-de-playstation-4--22832434/,21126.15,14084.1,1,True
FRA-joystick-inalambrico-para-playstation-3-,Fravega,OTRAS,Gaming y Videojuegos,Joystick Inalámbrico Para Playstation 3 Messi Inter Miami Rosa,https://www.fravega.com/p/joystick-inalambrico-para-playstation-3-messi-inter-miami-rosa-22816065/,37393.65,24929.1,1,True
FRA-joystick-inalambrico-bluetooth-para-play,Fravega,OTRAS,Gaming y Videojuegos,Joystick Inalámbrico Bluetooth Para Playstation 3 River Plate,https://www.fravega.com/p/joystick-inalambrico-bluetooth-para-playstation-3-river-plate-22816012/,39148.65,26099.1,1,True
FRA-joystick-inalambrico-bluetooth-para-play,Fravega,OTRAS,Gaming y Videojuegos,Joystick Inalámbrico Bluetooth Para Playstation 3 Rojo,https://www.fravega.com/p/joystick-inalambrico-bluetooth-para-playstation-3-rojo--22815570/,36448.65,24299.1,1,True
FRA-playstation-5-ps5-digital-bundle-2-astro,Fravega,OTRAS,Gaming y Videojuegos,Playstation 5 Ps5 Digital Bundle 2 Astro+GT7,https://www.fravega.com/p/playstation-5-ps5-digital-bundle-2-astro-gt7-342667/,1899999.0,1570247.11,1,True
FRA-joystick-microsoft-xbox-wireless-black-3,Fravega,OTRAS,Gaming y Videojuegos,Joystick Microsoft Xbox Wireless Black,https://www.fravega.com/p/joystick-microsoft-xbox-wireless-black-342653/,189999.0,179999.0,1,True
FRA-playstation-5-ps5-sony-consola-con-astro,Fravega,SONY,Gaming y Videojuegos,PlayStation 5 Ps5 Sony Consola con ASTRO BOT y Gran Turismo 7 Standar Bundle 2,https://www.fravega.com/p/playstation-5-ps5-sony-consola-con-astro-bot-y-gran-turismo-7-standar-bundle-2-342666/,1999999.0,1652891.74,1,True
FRA-volante-logitech-g29-para-ps5-ps4-pc-228,Fravega,OTRAS,Gaming y Videojuegos,Volante Logitech G29 Para PS5/PS4/Pc,https://www.fravega.com/p/volante-logitech-g29-para-ps5-ps4-pc-22809787/,637079.0,637079.0,1,True
FRA-control-inalambrico-ps5-dualsense-white-,Fravega,OTRAS,Gaming y Videojuegos,Control Inalámbrico PS5 Dualsense White,https://www.fravega.com/p/control-inalambrico-ps5-dualsense-white-342665/,197999.0,179999.0,1,True
FRA-sega-hdmi-688-juegos-2-joysticks-inalamb,Fravega,OTRAS,Gaming y Videojuegos,Sega Hdmi 688 Juegos 2 Joysticks Inalambricos,https://www.fravega.com/p/sega-hdmi-688-juegos-2-joysticks-inalambricos-21313129/,64999.0,39999.0,1,True
FRA-consola-nintendo-switch-2-342626,Fravega,OTRAS,Gaming y Videojuegos,Consola Nintendo Switch 2,https://www.fravega.com/p/consola-nintendo-switch-2-342626/,1699999.0,1599999.0,1,True
FRA-all-one-acer-23-8-full-hd-intel-core-i3-,Fravega,ACER,Gaming y Videojuegos,"All in One Acer 23,8” Full HD Intel Core i3 8GB 512GB C24-2YE13U3UNL",https://www.fravega.com/p/all-one-acer-23-8-full-hd-intel-core-i3-8gb-512gb-c24-2ye13u3unl-364821/,1499999.0,1099999.0,1,True
FRA-joystick-microsoft-xbox-wireless-white-3,Fravega,OTRAS,Gaming y Videojuegos,Joystick Microsoft Xbox Wireless White,https://www.fravega.com/p/joystick-microsoft-xbox-wireless-white-342654/,189999.0,179999.0,1,True
FRA-pc-gamer-hp-omen-16l-desktop-amd-ryzen-5,Fravega,HP,Gaming y Videojuegos,PC Gamer HP OMEN 16L Desktop AMD Ryzen 5 16GB 512GB TG03-0001la,https://www.fravega.com/p/pc-gamer-hp-omen-16l-desktop-amd-ryzen-5-16gb-512gb-tg03-0001la-364732/,2499999.0,1999999.0,1,True
FRA-all-one-acer-23-8-full-hd-amd-ryzen-5-8g,Fravega,ACER,Gaming y Videojuegos,"All in One Acer 23,8” Full HD AMD Ryzen 5 8GB 512GB C24-2G",https://www.fravega.com/p/all-one-acer-23-8-full-hd-amd-ryzen-5-8gb-512gb-c24-2g-364834/,1599999.0,1399999.0,1,True
FRA-joystick-blanco-compatible-con-control-p,Fravega,OTRAS,Gaming y Videojuegos,Joystick Blanco Compatible con Control PC P3 Inalambrico Dehuka,https://www.fravega.com/p/joystick-blanco-compatible-con-control-pc-p3-inalambrico-dehuka-22084744/,48658.42,39291.66,1,True
FRA-consola-de-juegos-retro-portatil-sup-gam,Fravega,OTRAS,Gaming y Videojuegos,Consola de Juegos retro portátil sup game 400 en 1,https://www.fravega.com/p/consola-de-juegos-retro-portatil-sup-game-400-1--21195321/,45999.0,29999.0,1,True
FRA-joystick-control-dualsense-marathon-para,Fravega,OTRAS,Gaming y Videojuegos,Joystick Control Dualsense Marathon Para PS5  PC Mac y móvil,https://www.fravega.com/p/joystick-control-dualsense-marathon-para-ps5-pc-mac-y-movil-342657/,199999.0,165288.43,1,True
FRA-nintendo-switch-oled-super-mario-bros-wo,Fravega,OTRAS,Gaming y Videojuegos,Nintendo Switch OLED + Super Mario Bros. Wonder + 3mo NSO,https://www.fravega.com/p/nintendo-switch-oled-super-mario-bros-wonder-3mo-nso-342672/,999999.0,826445.45,1,True
FRA-joystick-gamer-vsg-tarvos-multiplataform,Fravega,OTRAS,Gaming y Videojuegos,Joystick Gamer VSG Tarvos Multiplataforma,https://www.fravega.com/p/joystick-gamer-vsg-tarvos-multiplataforma-342539/,69999.0,59999.0,1,True
FRA-silla-gamer-ergonomica-constrictor-lampa,Fravega,OTRAS,Gaming y Videojuegos,Silla Gamer Ergonómica Constrictor Lampalagua Roja,https://www.fravega.com/p/silla-gamer-ergonomica-constrictor-lampalagua-roja-21283133/,379999.0,159999.0,1,True
FRA-auriculares-gamer-vsg-pentagon-azul-3425,Fravega,OTRAS,Gaming y Videojuegos,Auriculares Gamer VSG Pentagon Azul,https://www.fravega.com/p/auriculares-gamer-vsg-pentagon-azul-342533/,49999.0,37999.0,1,True
FRA-auriculares-sony-ps5-pulse-elite-342658,Fravega,SONY,Gaming y Videojuegos,Auriculares Sony PS5 Pulse Elite,https://www.fravega.com/p/auriculares-sony-ps5-pulse-elite-342658/,434999.0,359503.31,1,True
FRA-consola-game-tv-stick-35-000-juegos-conv,Fravega,OTRAS,Gaming y Videojuegos,Consola Game Tv Stick +35.000 juegos +Converti en Smart  LA TV +2 Joystick  Android Tv Full 5G 8K 1año garantia,https://www.fravega.com/p/consola-game-tv-stick-35-000-juegos-converti-smart-la-tv-2-joystick-android-tv-full-5g-8k-1ano-garantia-22059842/,199999.0,139999.0,1,True
FRA-pc-gamer-ryzen-7-5700g-32gb-ram-480gb-ss,Fravega,OTRAS,Gaming y Videojuegos,PC GAMER RYZEN 7 5700G + 32GB RAM + 480GB SSD – GRAPHICS VEGA + PLACA WIFI,https://www.fravega.com/p/pc-gamer-ryzen-7-5700g-32gb-ram-480gb-ssd--graphics-vega-placa-wifi-21195293/,1690559.0,1436975.0,1,True
FRA-apple-pencil-pro-blanco-lapiz-optico-blu,Fravega,APPLE,Gaming y Videojuegos,Apple Pencil Pro Blanco - Lapiz Optico Bluetooth,https://www.fravega.com/p/apple-pencil-pro-blanco-lapiz-optico-bluetooth-22709925/,384599.0,325718.0,1,True
FRA-anteojo-de-realidad-virtual-dehuka-3d-vr,Fravega,OTRAS,Gaming y Videojuegos,Anteojo De Realidad Virtual Dehuka 3d Vr 360 Lente Smartphone,https://www.fravega.com/p/anteojo-de-realidad-virtual-dehuka-3d-vr-360-lente-smartphone-22660688/,47493.83,42744.44,1,True
FRA-consola-retro-game-r36s-22-000-juegos-ps,Fravega,OTRAS,Gaming y Videojuegos,"Consola Retro Game R36S | +22.000 Juegos PS1, MAME, GBA y más",https://www.fravega.com/p/consola-retro-game-r36s-22-000-juegos-ps1-mame-gba-y-mas-22613268/,239799.0,119699.0,1,True
FRA-consola-super-mini-drive-level-up-joysti,Fravega,OTRAS,Gaming y Videojuegos,Consola Super Mini Drive Level Up Joysticks Inalámbricos +1000 Juegos Retro,https://www.fravega.com/p/consola-super-mini-drive-level-up-joysticks-inalambricos-1000-juegos-retro-22539983/,84999.0,66999.0,1,True
FRA-soporte-horizontal-dobe-para-ps5-slim-tp,Fravega,OTRAS,Gaming y Videojuegos,Soporte Horizontal Dobe Para Ps5 Slim Tp5-3582 Acrilico - NEGRO TRANSPARENTE,https://www.fravega.com/p/soporte-horizontal-dobe-para-ps5-slim-tp5-3582-acrilico-negro-transparente--22497157/,26649.0,18449.0,1,True
FRA-base-cargadora-dobe-soporte-rgb-para-joy,Fravega,OTRAS,Gaming y Videojuegos,Base Cargadora Dobe Soporte Rgb Para Joystick Ps5 Tp5-35132,https://www.fravega.com/p/base-cargadora-dobe-soporte-rgb-para-joystick-ps5-tp5-35132-22496890/,24826.0,17713.0,1,True
FRA-ps5-ea-sports-fc-25-22495246,Fravega,OTRAS,Gaming y Videojuegos,Ps5 Ea Sports Fc 25,https://www.fravega.com/p/ps5-ea-sports-fc-25-22495246/,180398.9,149090.0,1,True
FRA-funda-para-p5-impermeable-antipolvo-para,Fravega,OTRAS,Gaming y Videojuegos,Funda Para P5 Impermeable Antipolvo Para P5 Incluye Abrojo Velcro Dehuka,https://www.fravega.com/p/funda-para-p5-impermeable-antipolvo-para-p5-incluye-abrojo-velcro-dehuka-22481573/,17777.09,14354.99,1,True
FRA-dehuka-adaptador-compatible-xbox-360-usb,Fravega,OTRAS,Gaming y Videojuegos,Dehuka Adaptador Compatible Xbox 360 Usb Negro,https://www.fravega.com/p/dehuka-adaptador-compatible-xbox-360-usb-negro-22481539/,54436.34,48992.7,1,True
FRA-set-de-proteccion-dehuka-8-1-carcasa-acr,Fravega,OTRAS,Gaming y Videojuegos,Set De Protección Dehuka 8 En 1 Carcasa Acrilica Y Vidrio Templado Accesorio Compatible Nintendo Switch Oled,https://www.fravega.com/p/set-de-proteccion-dehuka-8-1-carcasa-acrilica-y-vidrio-templado-accesorio-compatible-nintendo-switch-oled-22481513/,20053.13,18047.81,1,True
FRA-carcasa-rigida-transparente-compatible-p,Fravega,OTRAS,Gaming y Videojuegos,Carcasa Rígida Transparente Compatible P5 Portatil,https://www.fravega.com/p/carcasa-rigida-transparente-compatible-p5-portatil-22481512/,22040.66,18844.75,1,True
FRA-game-stick-k8-la-mejor-consola-retro-40-,Fravega,OTRAS,Gaming y Videojuegos,Game Stick K8  La mejor Consola RETRO 40.000 juegos K8 La mas completa FULL Dos joystick Inalámbricos,https://www.fravega.com/p/game-stick-k8-la-mejor-consola-retro-40-000-juegos-k8-la-mas-completa-full-dos-joystick-inalambricos--22470655/,179999.0,108999.0,1,True
FRA-consola-de-videojuegos-inteligente-x8-pr,Fravega,OTRAS,Gaming y Videojuegos,"Consola de videojuegos inteligente X8 Pro, mando inalámbrico, emulador, 64 GB, 30000 juegos, Emuelec HD, 4K, 3D Juegos Retro FICHINES",https://www.fravega.com/p/consola-de-videojuegos-inteligente-x8-pro-mando-inalambrico-emulador-64-gb-30000-juegos-emuelec-hd-4k-3d-juegos-retro-fichines-22089191/,159999.0,109000.0,1,True
FRA-joystick-gamer-computadora-control-pc-de,Fravega,OTRAS,Gaming y Videojuegos,Joystick Gamer Computadora Control Pc De Alta Precision Dehuka,https://www.fravega.com/p/joystick-gamer-computadora-control-pc-de-alta-precision-dehuka-22085860/,23611.45,20187.78,1,True
FRA-joystick-con-cable-compatible-con-xb-one,Fravega,OTRAS,Gaming y Videojuegos,Joystick Con Cable Compatible Con XB One Para Control PC Dehuka,https://www.fravega.com/p/joystick-con-cable-compatible-con-xb-one-para-control-pc-dehuka-22084751/,65061.0,58554.9,1,True
FRA-heladera-electrolux-inverter-no-frost-if,Fravega,OTRAS,Heladeras,Heladera Electrolux Inverter No Frost IF43S 390L​ts,https://www.fravega.com/p/heladera-electrolux-inverter-no-frost-if43s-390lts-160984/,1439999.0,1149999.0,1,True
FRA-heladera-ciclica-bambi-2f2100ba-banco-bl,Fravega,OTRAS,Heladeras,Heladera Cíclica Bambi 2F2100BA Banco Blanca 239 Litros,https://www.fravega.com/p/heladera-ciclica-bambi-2f2100ba-banco-blanca-239-litros-161292/,699999.0,499999.0,1,True
FRA-heladera-samsung-rt38cg6720s9b3-no-frost,Fravega,SAMSUNG,Heladeras,Heladera Samsung RT38CG6720S9B3 No Frost Inverter 384 L,https://www.fravega.com/p/heladera-samsung-rt38cg6720s9b3-no-frost-inverter-384-l--161202/,1464999.0,1318499.0,1,True
FRA-heladera-gafa-hgnf255b-no-frost-inverter,Fravega,GAFA,Heladeras,Heladera Gafa HGNF255B No Frost Inverter 259L Plateada,https://www.fravega.com/p/heladera-gafa-hgnf255b-no-frost-inverter-259l-plateada--161304/,899999.0,743800.83,1,True
FRA-freezer-eslabon-de-lujo-evu20mb-vertical,Fravega,OTRAS,Heladeras,Freezer Eslabón de Lujo EVU20MB Vertical 142 Lts,https://www.fravega.com/p/freezer-eslabon-de-lujo-evu20mb-vertical-142-lts-161232/,879999.0,749999.0,1,True
FRA-heladera-no-frost-267l-inverter-dispense,Fravega,HISENSE,Heladeras,Heladera No Frost 267L Inverter Dispenser Inox Hisense RT3N250NMC,https://www.fravega.com/p/heladera-no-frost-267l-inverter-dispenser-inox-hisense-rt3n250nmc-990223281/,1649999.0,708999.0,1,True
FRA-freezer-vertical-siam-fsi-cv180b-166-lts,Fravega,OTRAS,Heladeras,Freezer Vertical Siam FSI-CV180B 166 Lts,https://www.fravega.com/p/freezer-vertical-siam-fsi-cv180b-166-lts-160944/,699999.0,649999.0,1,True
FRA-heladera-no-frost-midea-mdrt489mte46adw-,Fravega,MIDEA,Heladeras,Heladera No Frost Midea MDRT489MTE46ADW 340 Litros,https://www.fravega.com/p/heladera-no-frost-midea-mdrt489mte46adw-340-litros-161122/,1019999.0,799999.0,1,True
FRA-heladera-con-freezer-ciclica-215-l-inox-,Fravega,DREAN,Heladeras,Heladera con freezer Cíclica 215 L Inox Drean RZD215PVARX0,https://www.fravega.com/p/heladera-con-freezer-ciclica-215-l-inox-drean-rzd215pvarx0-990265312/,857999.0,629999.0,1,True
FRA-heladera-drean-no-frost-rdp410zrt-415lts,Fravega,DREAN,Heladeras,Heladera Drean No Frost RDP410ZRT 415Lts Steel,https://www.fravega.com/p/heladera-drean-no-frost-rdp410zrt-415lts-steel-161331/,1195999.0,988428.93,1,True
FRA-heladera-enova-no-frost-370l-285-85l-re3,Fravega,OTRAS,Heladeras,Heladera Enova No-Frost 370L  285/85L RE37SN10,https://www.fravega.com/p/heladera-enova-no-frost-370l-285-85l-re37sn10-22475635/,1099998.75,819999.0,1,True
FRA-freezer-horizontal-hisense-280l-blanco-c,Fravega,HISENSE,Heladeras,Freezer Horizontal Hisense 280L Blanco CF3N297NEW,https://www.fravega.com/p/freezer-horizontal-hisense-280l-blanco-cf3n297new-990218335/,1002099.0,425999.0,1,True
FRA-heladera-whirlpool-wre66ak-xpert-ai-no-f,Fravega,WHIRLPOOL,Heladeras,Heladera Whirlpool WRE66AK Xpert AI No Frost Inverter 496 Litros,https://www.fravega.com/p/heladera-whirlpool-wre66ak-xpert-ai-no-frost-inverter-496-litros-161524/,2299999.0,2199999.0,1,True
FRA-heladera-gafa-hgnf255b-no-frost-inverter,Fravega,GAFA,Heladeras,Heladera Gafa HGNF255B No Frost Inverter 259L Blanca,https://www.fravega.com/p/heladera-gafa-hgnf255b-no-frost-inverter-259l-blanca--161302/,849999.0,702478.51,1,True
FRA-freezer-philco-phch410bm-410-litros-1605,Fravega,PHILCO,Heladeras,Freezer Philco PHCH410BM 410 Litros,https://www.fravega.com/p/freezer-philco-phch410bm-410-litros-160587/,1199999.0,849999.0,1,True
FRA-heladera-philco-one-door-164l-con-dispen,Fravega,PHILCO,Heladeras,Heladera Philco One Door 164L Con Dispenser PHSD170XD,https://www.fravega.com/p/heladera-philco-one-door-164l-con-dispenser-phsd170xd-990235511/,645699.0,509999.0,1,True
FRA-heladera-samsung-inverter-no-frost-407-l,Fravega,SAMSUNG,Heladeras,Heladera Samsung Inverter No Frost 407 Lts RT42CG6720S9B3,https://www.fravega.com/p/heladera-samsung-inverter-no-frost-407-lts-rt42cg6720s9b3-161238/,1649999.0,1484999.0,1,True
FRA-heladera-inverter-no-frost-whirlpool-wrm,Fravega,WHIRLPOOL,Heladeras,Heladera Inverter No Frost Whirlpool WRM62AK 510 Lts,https://www.fravega.com/p/heladera-inverter-no-frost-whirlpool-wrm62ak-510-lts-161530/,1949999.0,1849999.0,1,True
FRA-freezer-vertical-koh-i-noor-7-cajones-kf,Fravega,OTRAS,Heladeras,"Freezer Vertical KOH-I-NOOR 7 Cajones, KFVA25/8 250 Lts.",https://www.fravega.com/p/freezer-vertical-koh-i-noor-7-cajones-kfva25-8-250-lts--21713805/,1390000.0,1099000.0,1,True
FRA-freezer-vertical-whirlpool-evox-231-lts-,Fravega,WHIRLPOOL,Heladeras,Freezer Vertical Whirlpool Evox 231 Lts,https://www.fravega.com/p/freezer-vertical-whirlpool-evox-231-lts-161382/,1579999.0,1449999.0,1,True
FRA-heladera-no-frost-hisense-346l-inverter-,Fravega,HISENSE,Heladeras,Heladera No Frost Hisense 346L Inverter Dispenser Inox RT3N320NMC,https://www.fravega.com/p/heladera-no-frost-hisense-346l-inverter-dispenser-inox-rt3n320nmc-990223656/,1234199.0,752999.0,1,True
FRA-heladera-gafa-257l-top-freezer-puerta-re,Fravega,GAFA,Heladeras,Heladera Gafa 257L Top Freezer Puerta Reversible Blanca HGF252B,https://www.fravega.com/p/heladera-gafa-257l-top-freezer-puerta-reversible-blanca-hgf252b-161316/,793999.0,589999.0,1,True
FRA-heladera-ciclica-gafa-319-lts-puerta-rev,Fravega,GAFA,Heladeras,Heladera Cíclica Gafa 319 Lts Puerta Reversible HGF311P,https://www.fravega.com/p/heladera-ciclica-gafa-319-lts-puerta-reversible-hgf311p-161333/,830399.0,749999.0,1,True
FRA-heladera-whirlpool-no-frost-340-lts-wrm4,Fravega,WHIRLPOOL,Heladeras,Heladera Whirlpool No Frost 340 Lts WRM40MK,https://www.fravega.com/p/heladera-whirlpool-no-frost-340-lts-wrm40mk-161336/,959999.0,849999.0,1,True
FRA-heladera-drean-hdr280f50b-ciclica-277-l-,Fravega,DREAN,Heladeras,Heladera Drean HDR280F50B Cíclica 277 L Blanca,https://www.fravega.com/p/heladera-drean-hdr280f50b-ciclica-277-l-blanca-161046/,735999.0,699999.0,1,True
FRA-heladera-drean-ciclica-hdr320f50e-314lts,Fravega,DREAN,Heladeras,Heladera Drean Cíclica HDR320F50E 314Lts Gris,https://www.fravega.com/p/heladera-drean-ciclica-hdr320f50e-314lts-gris-161270/,871999.0,849999.0,1,True
FRA-heladera-drean-ciclica-rzd215pvarx0-215l,Fravega,DREAN,Heladeras,Heladera Drean Cíclica RZD215PVARX0 215Lts Inox,https://www.fravega.com/p/heladera-drean-ciclica-rzd215pvarx0-215lts-inox-161398/,679999.0,649999.0,1,True
FRA-freezers-inverter-gafa-fghi202b-m-200-lt,Fravega,GAFA,Heladeras,Freezers Inverter Gafa FGHI202B-M 200 Lts,https://www.fravega.com/p/freezers-inverter-gafa-fghi202b-m-200-lts-161264/,617499.0,529999.0,1,True
FRA-heladera-electrolux-no-frost-inverter-mu,Fravega,OTRAS,Heladeras,Heladera Electrolux No Frost Inverter Multidoor IM7S 480Lts Gris,https://www.fravega.com/p/heladera-electrolux-no-frost-inverter-multidoor-im7s-480lts-gris-161283/,1799999.0,1487602.48,1,True
FRA-heladera-samsung-inverter-no-frost-299l-,Fravega,SAMSUNG,Heladeras,Heladera Samsung Inverter No Frost 299L RT29K507JS8,https://www.fravega.com/p/heladera-samsung-inverter-no-frost-299l-rt29k507js8-160955/,1784999.0,1049999.0,1,True
FRA-heladera-electrolux-inverter-top-freezer,Fravega,OTRAS,Heladeras,Heladera Electrolux Inverter Top Freezer No Frost AutoSense IW46S 424Lts Plata,https://www.fravega.com/p/heladera-electrolux-inverter-top-freezer-no-frost-autosense-iw46s-424lts-plata-160930/,1679999.0,1299999.0,1,True
FRA-freezer-vertical-65lts-philco-phcv065b-1,Fravega,PHILCO,Heladeras,Freezer Vertical 65Lts Philco PHCV065B,https://www.fravega.com/p/freezer-vertical-65lts-philco-phcv065b-160817/,399999.0,349999.0,1,True
FRA-heladera-electrolux-inverter-no-frost-if,Fravega,OTRAS,Heladeras,Heladera Electrolux Inverter No Frost IF43S 390L​ts,https://www.fravega.com/p/heladera-electrolux-inverter-no-frost-if43s-390lts-160984/,1439999.0,1149999.0,1,True
FRA-heladera-ciclica-bambi-2f2100ba-banco-bl,Fravega,OTRAS,Heladeras,Heladera Cíclica Bambi 2F2100BA Banco Blanca 239 Litros,https://www.fravega.com/p/heladera-ciclica-bambi-2f2100ba-banco-blanca-239-litros-161292/,699999.0,499999.0,1,True
FRA-heladera-samsung-rt38cg6720s9b3-no-frost,Fravega,SAMSUNG,Heladeras,Heladera Samsung RT38CG6720S9B3 No Frost Inverter 384 L,https://www.fravega.com/p/heladera-samsung-rt38cg6720s9b3-no-frost-inverter-384-l--161202/,1464999.0,1318499.0,1,True
FRA-heladera-gafa-hgnf255b-no-frost-inverter,Fravega,GAFA,Heladeras,Heladera Gafa HGNF255B No Frost Inverter 259L Plateada,https://www.fravega.com/p/heladera-gafa-hgnf255b-no-frost-inverter-259l-plateada--161304/,899999.0,743800.83,1,True
FRA-freezer-eslabon-de-lujo-evu20mb-vertical,Fravega,OTRAS,Heladeras,Freezer Eslabón de Lujo EVU20MB Vertical 142 Lts,https://www.fravega.com/p/freezer-eslabon-de-lujo-evu20mb-vertical-142-lts-161232/,879999.0,749999.0,1,True
FRA-heladera-no-frost-267l-inverter-dispense,Fravega,HISENSE,Heladeras,Heladera No Frost 267L Inverter Dispenser Inox Hisense RT3N250NMC,https://www.fravega.com/p/heladera-no-frost-267l-inverter-dispenser-inox-hisense-rt3n250nmc-990223281/,1649999.0,708999.0,1,True
FRA-freezer-vertical-siam-fsi-cv180b-166-lts,Fravega,OTRAS,Heladeras,Freezer Vertical Siam FSI-CV180B 166 Lts,https://www.fravega.com/p/freezer-vertical-siam-fsi-cv180b-166-lts-160944/,699999.0,649999.0,1,True
FRA-heladera-no-frost-midea-mdrt489mte46adw-,Fravega,MIDEA,Heladeras,Heladera No Frost Midea MDRT489MTE46ADW 340 Litros,https://www.fravega.com/p/heladera-no-frost-midea-mdrt489mte46adw-340-litros-161122/,1019999.0,799999.0,1,True
FRA-heladera-con-freezer-ciclica-215-l-inox-,Fravega,DREAN,Heladeras,Heladera con freezer Cíclica 215 L Inox Drean RZD215PVARX0,https://www.fravega.com/p/heladera-con-freezer-ciclica-215-l-inox-drean-rzd215pvarx0-990265312/,857999.0,629999.0,1,True
FRA-heladera-drean-no-frost-rdp410zrt-415lts,Fravega,DREAN,Heladeras,Heladera Drean No Frost RDP410ZRT 415Lts Steel,https://www.fravega.com/p/heladera-drean-no-frost-rdp410zrt-415lts-steel-161331/,1195999.0,988428.93,1,True
FRA-heladera-enova-no-frost-370l-285-85l-re3,Fravega,OTRAS,Heladeras,Heladera Enova No-Frost 370L  285/85L RE37SN10,https://www.fravega.com/p/heladera-enova-no-frost-370l-285-85l-re37sn10-22475635/,1099998.75,819999.0,1,True
FRA-freezer-horizontal-hisense-280l-blanco-c,Fravega,HISENSE,Heladeras,Freezer Horizontal Hisense 280L Blanco CF3N297NEW,https://www.fravega.com/p/freezer-horizontal-hisense-280l-blanco-cf3n297new-990218335/,1002099.0,425999.0,1,True
FRA-heladera-whirlpool-wre66ak-xpert-ai-no-f,Fravega,WHIRLPOOL,Heladeras,Heladera Whirlpool WRE66AK Xpert AI No Frost Inverter 496 Litros,https://www.fravega.com/p/heladera-whirlpool-wre66ak-xpert-ai-no-frost-inverter-496-litros-161524/,2299999.0,2199999.0,1,True
FRA-heladera-gafa-hgnf255b-no-frost-inverter,Fravega,GAFA,Heladeras,Heladera Gafa HGNF255B No Frost Inverter 259L Blanca,https://www.fravega.com/p/heladera-gafa-hgnf255b-no-frost-inverter-259l-blanca--161302/,849999.0,702478.51,1,True
FRA-freezer-philco-phch410bm-410-litros-1605,Fravega,PHILCO,Heladeras,Freezer Philco PHCH410BM 410 Litros,https://www.fravega.com/p/freezer-philco-phch410bm-410-litros-160587/,1199999.0,849999.0,1,True
FRA-heladera-philco-one-door-164l-con-dispen,Fravega,PHILCO,Heladeras,Heladera Philco One Door 164L Con Dispenser PHSD170XD,https://www.fravega.com/p/heladera-philco-one-door-164l-con-dispenser-phsd170xd-990235511/,645699.0,509999.0,1,True
FRA-heladera-samsung-inverter-no-frost-407-l,Fravega,SAMSUNG,Heladeras,Heladera Samsung Inverter No Frost 407 Lts RT42CG6720S9B3,https://www.fravega.com/p/heladera-samsung-inverter-no-frost-407-lts-rt42cg6720s9b3-161238/,1649999.0,1484999.0,1,True
FRA-heladera-inverter-no-frost-whirlpool-wrm,Fravega,WHIRLPOOL,Heladeras,Heladera Inverter No Frost Whirlpool WRM62AK 510 Lts,https://www.fravega.com/p/heladera-inverter-no-frost-whirlpool-wrm62ak-510-lts-161530/,1949999.0,1849999.0,1,True
FRA-freezer-vertical-koh-i-noor-7-cajones-kf,Fravega,OTRAS,Heladeras,"Freezer Vertical KOH-I-NOOR 7 Cajones, KFVA25/8 250 Lts.",https://www.fravega.com/p/freezer-vertical-koh-i-noor-7-cajones-kfva25-8-250-lts--21713805/,1390000.0,1099000.0,1,True
FRA-freezer-vertical-whirlpool-evox-231-lts-,Fravega,WHIRLPOOL,Heladeras,Freezer Vertical Whirlpool Evox 231 Lts,https://www.fravega.com/p/freezer-vertical-whirlpool-evox-231-lts-161382/,1579999.0,1449999.0,1,True
FRA-heladera-no-frost-hisense-346l-inverter-,Fravega,HISENSE,Heladeras,Heladera No Frost Hisense 346L Inverter Dispenser Inox RT3N320NMC,https://www.fravega.com/p/heladera-no-frost-hisense-346l-inverter-dispenser-inox-rt3n320nmc-990223656/,1234199.0,752999.0,1,True
FRA-heladera-drean-no-frost-rda250fvrt-250lt,Fravega,DREAN,Heladeras,Heladera Drean No Frost RDA250FVRT 250Lts Grafito,https://www.fravega.com/p/heladera-drean-no-frost-rda250fvrt-250lts-grafito-161330/,789999.0,769999.0,1,True
FRA-heladera-bajo-mesada-drean-96-litros-rdf,Fravega,LG,Heladeras,Heladera Bajo Mesada Drean 96 Litros RDF04LGAS0,https://www.fravega.com/p/heladera-bajo-mesada-drean-96-litros-rdf04lgas0-161190/,399999.0,349999.0,1,True
FRA-heladera-ciclica-gafa-hgf358afb-282lts-b,Fravega,GAFA,Heladeras,Heladera Cíclica GAFA HGF358AFB 282Lts Blanca,https://www.fravega.com/p/heladera-ciclica-gafa-hgf358afb-282lts-blanca-160826/,799999.0,649999.0,1,True
FRA-heladera-drean-no-frost-rzn262fxarx0-262,Fravega,DREAN,Heladeras,Heladera Drean No Frost RZN262FXARX0 262 Lts,https://www.fravega.com/p/heladera-drean-no-frost-rzn262fxarx0-262-lts-161477/,844999.0,799999.0,1,True
FRA-heladera-whirlpool-wrm42mk-inverter-no-f,Fravega,WHIRLPOOL,Heladeras,Heladera Whirlpool WRM42MK Inverter No Frost Top Freezer 386 Litros Inoxidable,https://www.fravega.com/p/heladera-whirlpool-wrm42mk-inverter-no-frost-top-freezer-386-litros-inoxidable-161496/,1159999.0,1049999.0,1,True
FRA-heladera-exhibidora-vertical-briket-3030,Fravega,OTRAS,Heladeras,Heladera Exhibidora Vertical Briket 3030 293 Lts,https://www.fravega.com/p/heladera-exhibidora-vertical-briket-3030-293-lts-161106/,1199999.0,869999.0,1,True
FRA-cava-de-vinos-electrolux-para-12-botella,Fravega,OTRAS,Heladeras,Cava de Vinos Electrolux para 12 Botellas ERW125XAMB,https://www.fravega.com/p/cava-de-vinos-electrolux-para-12-botellas-erw125xamb-160223/,374199.0,249999.0,1,True
FRA--freezer-midea-fc-mj6war1-160-lt-160516,Fravega,MIDEA,Heladeras,Freezer Midea FC-MJ6WAR1 160 Lt,https://www.fravega.com/p/-freezer-midea-fc-mj6war1-160-lt-160516/,809999.0,699999.0,1,True
FRA-heladera-gafa-no-frost-inverter-water-di,Fravega,GAFA,Heladeras,Heladera Gafa No Frost Inverter Water Dispenser HGNW251P 262Lts Plata,https://www.fravega.com/p/heladera-gafa-no-frost-inverter-water-dispenser-hgnw251p-262lts-plata-161404/,945999.0,919999.0,1,True
FRA-heladera-samsung-inverter-rt47cg6722s9b3,Fravega,SAMSUNG,Heladeras,Heladera Samsung Inverter RT47CG6722S9B3 470 Lts,https://www.fravega.com/p/heladera-samsung-inverter-rt47cg6722s9b3-470-lts-161249/,1749999.0,1549999.0,1,True
FRA-heladera-samsung-inverter-rb31fsrndsa-no,Fravega,SAMSUNG,Heladeras,Heladera Samsung Inverter RB31FSRNDSA No Frost Bottom 328 L,https://www.fravega.com/p/heladera-samsung-inverter-rb31fsrndsa-no-frost-bottom-328-l-160856/,1784999.0,1599999.0,1,True
FRA-heladera-ciclica-midea-mdrt33-240-litros,Fravega,MIDEA,Heladeras,Heladera Cíclica Midea MDRT33 240 Litros,https://www.fravega.com/p/heladera-ciclica-midea-mdrt33-240-litros-161314/,778999.0,599999.0,1,True
FRA-heladera-electrolux-inverter-no-frost-if,Fravega,OTRAS,Heladeras,Heladera Electrolux Inverter No Frost IF43S 390L​ts,https://www.fravega.com/p/heladera-electrolux-inverter-no-frost-if43s-390lts-160984/,1439999.0,1149999.0,1,True
FRA-heladera-ciclica-bambi-2f2100ba-banco-bl,Fravega,OTRAS,Heladeras,Heladera Cíclica Bambi 2F2100BA Banco Blanca 239 Litros,https://www.fravega.com/p/heladera-ciclica-bambi-2f2100ba-banco-blanca-239-litros-161292/,699999.0,499999.0,1,True
FRA-heladera-gafa-265l-bottom-freezer-puerta,Fravega,GAFA,Heladeras,Heladera Gafa 265L Bottom Freezer Puerta Reversible Plata HGBF270P,https://www.fravega.com/p/heladera-gafa-265l-bottom-freezer-puerta-reversible-plata-hgbf270p-990259019/,889887.75,776872.0,1,True
FRA-heladera-samsung-rt38cg6720s9b3-no-frost,Fravega,SAMSUNG,Heladeras,Heladera Samsung RT38CG6720S9B3 No Frost Inverter 384 L,https://www.fravega.com/p/heladera-samsung-rt38cg6720s9b3-no-frost-inverter-384-l--161202/,1464999.0,1318499.0,1,True
FRA-heladera-gafa-hgnf255b-no-frost-inverter,Fravega,GAFA,Heladeras,Heladera Gafa HGNF255B No Frost Inverter 259L Plateada,https://www.fravega.com/p/heladera-gafa-hgnf255b-no-frost-inverter-259l-plateada--161304/,899999.0,743800.83,1,True
FRA-freezer-eslabon-de-lujo-evu20mb-vertical,Fravega,OTRAS,Heladeras,Freezer Eslabón de Lujo EVU20MB Vertical 142 Lts,https://www.fravega.com/p/freezer-eslabon-de-lujo-evu20mb-vertical-142-lts-161232/,879999.0,749999.0,1,True
FRA-heladera-no-frost-267l-inverter-dispense,Fravega,HISENSE,Heladeras,Heladera No Frost 267L Inverter Dispenser Inox Hisense RT3N250NMC,https://www.fravega.com/p/heladera-no-frost-267l-inverter-dispenser-inox-hisense-rt3n250nmc-990223281/,1649999.0,708999.0,1,True
FRA-freezer-vertical-siam-fsi-cv180b-166-lts,Fravega,OTRAS,Heladeras,Freezer Vertical Siam FSI-CV180B 166 Lts,https://www.fravega.com/p/freezer-vertical-siam-fsi-cv180b-166-lts-160944/,699999.0,649999.0,1,True
FRA-heladera-no-frost-midea-mdrt489mte46adw-,Fravega,MIDEA,Heladeras,Heladera No Frost Midea MDRT489MTE46ADW 340 Litros,https://www.fravega.com/p/heladera-no-frost-midea-mdrt489mte46adw-340-litros-161122/,1019999.0,799999.0,1,True
FRA-heladera-con-freezer-ciclica-215-l-inox-,Fravega,DREAN,Heladeras,Heladera con freezer Cíclica 215 L Inox Drean RZD215PVARX0,https://www.fravega.com/p/heladera-con-freezer-ciclica-215-l-inox-drean-rzd215pvarx0-990265312/,857999.0,629999.0,1,True
FRA-heladera-drean-no-frost-rdp410zrt-415lts,Fravega,DREAN,Heladeras,Heladera Drean No Frost RDP410ZRT 415Lts Steel,https://www.fravega.com/p/heladera-drean-no-frost-rdp410zrt-415lts-steel-161331/,1195999.0,988428.93,1,True
FRA-heladera-enova-no-frost-370l-285-85l-re3,Fravega,OTRAS,Heladeras,Heladera Enova No-Frost 370L  285/85L RE37SN10,https://www.fravega.com/p/heladera-enova-no-frost-370l-285-85l-re37sn10-22475635/,1099998.75,819999.0,1,True
FRA-heladera-smartlife-con-dispenser-no-fros,Fravega,OTRAS,Heladeras,Heladera Smartlife con Dispenser No Frost Inverter 354L,https://www.fravega.com/p/heladera-smartlife-con-dispenser-no-frost-inverter-354l-990251828/,999999.0,899999.1,1,True
FRA-freezer-horizontal-hisense-280l-blanco-c,Fravega,HISENSE,Heladeras,Freezer Horizontal Hisense 280L Blanco CF3N297NEW,https://www.fravega.com/p/freezer-horizontal-hisense-280l-blanco-cf3n297new-990218335/,1002099.0,425999.0,1,True
FRA-freezer-vertical-siam-151-lts-neto-negro,Fravega,OTRAS,Heladeras,Freezer Vertical Siam 151 Lts Neto Negro 6 Cajones FSI-CV181N,https://www.fravega.com/p/freezer-vertical-siam-151-lts-neto-negro-6-cajones-fsi-cv181n-990232847/,1088999.0,899999.0,1,True
FRA-heladera-whirlpool-wre66ak-xpert-ai-no-f,Fravega,WHIRLPOOL,Heladeras,Heladera Whirlpool WRE66AK Xpert AI No Frost Inverter 496 Litros,https://www.fravega.com/p/heladera-whirlpool-wre66ak-xpert-ai-no-frost-inverter-496-litros-161524/,2299999.0,2199999.0,1,True
FRA-heladera-koh-i-noor-con-freezer-abajo-no,Fravega,ACER,Heladeras,Heladera KOH-I-NOOR con Freezer Abajo NO FROST Tradicional Inverter 253L. Acero KHGA25NI/9,https://www.fravega.com/p/heladera-koh-i-noor-con-freezer-abajo-no-frost-tradicional-inverter-253l-acero-khga25ni-9-22701350/,1299000.0,999000.0,1,True
FRA-heladera-smartlife-con-dispenser-no-fros,Fravega,OTRAS,Heladeras,Heladera Smartlife con Dispenser No Frost Inverter Dig 445L,https://www.fravega.com/p/heladera-smartlife-con-dispenser-no-frost-inverter-dig-445l-990251826/,1249999.0,1062499.14,1,True
FRA-heladera-gafa-hgnf255b-no-frost-inverter,Fravega,GAFA,Heladeras,Heladera Gafa HGNF255B No Frost Inverter 259L Blanca,https://www.fravega.com/p/heladera-gafa-hgnf255b-no-frost-inverter-259l-blanca--161302/,849999.0,702478.51,1,True
FRA-heladera-gafa-257l-top-freezer-puerta-re,Fravega,GAFA,Heladeras,Heladera Gafa 257L Top Freezer Puerta Reversible Blanca HGF252B,https://www.fravega.com/p/heladera-gafa-257l-top-freezer-puerta-reversible-blanca-hgf252b-161316/,793999.0,589999.0,1,True
FRA-freezer-philco-phch410bm-410-litros-1605,Fravega,PHILCO,Heladeras,Freezer Philco PHCH410BM 410 Litros,https://www.fravega.com/p/freezer-philco-phch410bm-410-litros-160587/,1199999.0,849999.0,1,True
FRA-heladera-philco-one-door-164l-con-dispen,Fravega,PHILCO,Heladeras,Heladera Philco One Door 164L Con Dispenser PHSD170XD,https://www.fravega.com/p/heladera-philco-one-door-164l-con-dispenser-phsd170xd-990235511/,645699.0,509999.0,1,True
FRA-heladera-samsung-inverter-no-frost-407-l,Fravega,SAMSUNG,Heladeras,Heladera Samsung Inverter No Frost 407 Lts RT42CG6720S9B3,https://www.fravega.com/p/heladera-samsung-inverter-no-frost-407-lts-rt42cg6720s9b3-161238/,1649999.0,1484999.0,1,True
FRA-heladera-inverter-no-frost-whirlpool-wrm,Fravega,WHIRLPOOL,Heladeras,Heladera Inverter No Frost Whirlpool WRM62AK 510 Lts,https://www.fravega.com/p/heladera-inverter-no-frost-whirlpool-wrm62ak-510-lts-161530/,1949999.0,1849999.0,1,True
FRA-freezer-vertical-koh-i-noor-7-cajones-kf,Fravega,OTRAS,Heladeras,"Freezer Vertical KOH-I-NOOR 7 Cajones, KFVA25/8 250 Lts.",https://www.fravega.com/p/freezer-vertical-koh-i-noor-7-cajones-kfva25-8-250-lts--21713805/,1390000.0,1099000.0,1,True
FRA-freezer-horizontal-philco-143-lts-invert,Fravega,PHILCO,Heladeras,Freezer Horizontal Philco 143 Lts Inverter Blanco PHCH145BI,https://www.fravega.com/p/freezer-horizontal-philco-143-lts-inverter-blanco-phch145bi-990288854/,709499.0,585998.99,1,True
FRA-freezer-vertical-whirlpool-evox-231-lts-,Fravega,WHIRLPOOL,Heladeras,Freezer Vertical Whirlpool Evox 231 Lts,https://www.fravega.com/p/freezer-vertical-whirlpool-evox-231-lts-161382/,1579999.0,1449999.0,1,True
FRA-heladera-no-frost-hisense-346l-inverter-,Fravega,HISENSE,Heladeras,Heladera No Frost Hisense 346L Inverter Dispenser Inox RT3N320NMC,https://www.fravega.com/p/heladera-no-frost-hisense-346l-inverter-dispenser-inox-rt3n320nmc-990223656/,1234199.0,752999.0,1,True
FRA-freezer-horizontal-gafa-blanco-inverter-,Fravega,GAFA,Heladeras,Freezer Horizontal Gafa Blanco Inverter 402lts FGHI400B-XL,https://www.fravega.com/p/freezer-horizontal-gafa-blanco-inverter-402lts-fghi400b-xl-990012078/,1103554.5,913743.0,1,True
FRA-heladera-whirlpool-inverter-no-frost-bot,Fravega,WHIRLPOOL,Heladeras,Heladera Whirlpool Inverter No Frost Bottom Freezer Inox  397 Litros WRE45MK,https://www.fravega.com/p/heladera-whirlpool-inverter-no-frost-bottom-freezer-inox-397-litros-wre45mk-161487/,1649999.0,1549999.0,1,True
FRA-freezer-inelro-inverter-fih-550a-470lts-,Fravega,OTRAS,Heladeras,Freezer Inelro Inverter FIH 550A++ 470Lts,https://www.fravega.com/p/freezer-inelro-inverter-fih-550a-470lts-161109/,1399999.0,949999.0,1,True
FRA-heladera-samsung-no-frost-inverter-rt29k,Fravega,SAMSUNG,Heladeras,Heladera Samsung No Frost Inverter RT29K577JS8 308Lts,https://www.fravega.com/p/heladera-samsung-no-frost-inverter-rt29k577js8-308lts-160752/,1144999.0,1124999.0,1,True
FRA-heladera-drean-ciclica-con-dispenser-hdr,Fravega,DREAN,Heladeras,Heladera Drean Cíclica con Dispenser HDR400F41E 396Lts Gris,https://www.fravega.com/p/heladera-drean-ciclica-con-dispenser-hdr400f41e-396lts-gris-161271/,1069999.0,999999.0,1,True
FRA-heladera-bajo-mesada-philco-phbm093b2-83,Fravega,PHILCO,Heladeras,Heladera Bajo mesada Philco PHBM093B2 83 Litros,https://www.fravega.com/p/heladera-bajo-mesada-philco-phbm093b2-83-litros-161370/,469999.0,329999.0,1,True
FRA-exhibidora-inelro-mt17ng-r290-460lts-160,Fravega,OTRAS,Heladeras,Exhibidora Inelro MT17NG R290 460Lts,https://www.fravega.com/p/exhibidora-inelro-mt17ng-r290-460lts-160938/,2256999.0,1199999.0,1,True
FRA-heladera-whirlpool-wrm42mb-inverter-no-f,Fravega,WHIRLPOOL,Heladeras,Heladera Whirlpool WRM42MB Inverter No Frost Top Freezer - 407 / 386 Litros,https://www.fravega.com/p/heladera-whirlpool-wrm42mb-inverter-no-frost-top-freezer-407-386-litros-161748/,1059999.0,949999.0,1,True
FRA-heladera-philco-side-by-side-inverter-pr,Fravega,PHILCO,Heladeras,Heladera Philco Side by Side Inverter PRESF480XD 453 Lts,https://www.fravega.com/p/heladera-philco-side-by-side-inverter-presf480xd-453-lts-161214/,2699999.0,1999999.0,1,True
FRA-cava-vondom-8-botellas-t8-negra-160448,Fravega,OTRAS,Heladeras,Cava Vondom 8 Botellas T8 Negra,https://www.fravega.com/p/cava-vondom-8-botellas-t8-negra-160448/,259999.0,229999.0,1,True
FRA-heladera-electrolux-inverter-no-frost-if,Fravega,ACER,Heladeras,Heladera Electrolux Inverter No Frost IF43S 390L​ts Acero Reacondicionado,https://www.fravega.com/p/heladera-electrolux-inverter-no-frost-if43s-390lts-acero-reacondicionado-470874/,799999.0,661156.2,1,True
FRA-heladera-gafa-hgf388afb-374l-blanca-1608,Fravega,GAFA,Heladeras,Heladera Gafa HGF388AFB 374L Blanca,https://www.fravega.com/p/heladera-gafa-hgf388afb-374l-blanca-160895/,989999.0,899999.0,1,True
FRA-heladera-exhibidora-vertical-teora-tev50,Fravega,OTRAS,Heladeras,Heladera Exhibidora Vertical Teora TEV500 450lts Blanca,https://www.fravega.com/p/heladera-exhibidora-vertical-teora-tev500-450lts-blanca-21194271/,1440900.0,1089000.0,1,True
FRA-heladera-electrolux-inverter-no-frost-if,Fravega,OTRAS,Heladeras,Heladera Electrolux Inverter No Frost IF43S 390L​ts,https://www.fravega.com/p/heladera-electrolux-inverter-no-frost-if43s-390lts-160984/,1439999.0,1149999.0,1,True
FRA-heladera-ciclica-bambi-2f2100ba-banco-bl,Fravega,OTRAS,Heladeras,Heladera Cíclica Bambi 2F2100BA Banco Blanca 239 Litros,https://www.fravega.com/p/heladera-ciclica-bambi-2f2100ba-banco-blanca-239-litros-161292/,699999.0,499999.0,1,True
FRA-heladera-gafa-265l-bottom-freezer-puerta,Fravega,GAFA,Heladeras,Heladera Gafa 265L Bottom Freezer Puerta Reversible Plata HGBF270P,https://www.fravega.com/p/heladera-gafa-265l-bottom-freezer-puerta-reversible-plata-hgbf270p-990259019/,889887.75,776872.0,1,True
FRA-heladera-samsung-rt38cg6720s9b3-no-frost,Fravega,SAMSUNG,Heladeras,Heladera Samsung RT38CG6720S9B3 No Frost Inverter 384 L,https://www.fravega.com/p/heladera-samsung-rt38cg6720s9b3-no-frost-inverter-384-l--161202/,1464999.0,1318499.0,1,True
FRA-heladera-gafa-hgnf255b-no-frost-inverter,Fravega,GAFA,Heladeras,Heladera Gafa HGNF255B No Frost Inverter 259L Plateada,https://www.fravega.com/p/heladera-gafa-hgnf255b-no-frost-inverter-259l-plateada--161304/,899999.0,743800.83,1,True
FRA-freezer-eslabon-de-lujo-evu20mb-vertical,Fravega,OTRAS,Heladeras,Freezer Eslabón de Lujo EVU20MB Vertical 142 Lts,https://www.fravega.com/p/freezer-eslabon-de-lujo-evu20mb-vertical-142-lts-161232/,879999.0,749999.0,1,True
FRA-heladera-no-frost-267l-inverter-dispense,Fravega,HISENSE,Heladeras,Heladera No Frost 267L Inverter Dispenser Inox Hisense RT3N250NMC,https://www.fravega.com/p/heladera-no-frost-267l-inverter-dispenser-inox-hisense-rt3n250nmc-990223281/,1649999.0,708999.0,1,True
FRA-freezer-vertical-siam-fsi-cv180b-166-lts,Fravega,OTRAS,Heladeras,Freezer Vertical Siam FSI-CV180B 166 Lts,https://www.fravega.com/p/freezer-vertical-siam-fsi-cv180b-166-lts-160944/,699999.0,649999.0,1,True
FRA-heladera-no-frost-midea-mdrt489mte46adw-,Fravega,MIDEA,Heladeras,Heladera No Frost Midea MDRT489MTE46ADW 340 Litros,https://www.fravega.com/p/heladera-no-frost-midea-mdrt489mte46adw-340-litros-161122/,1019999.0,799999.0,1,True
FRA-heladera-con-freezer-ciclica-215-l-inox-,Fravega,DREAN,Heladeras,Heladera con freezer Cíclica 215 L Inox Drean RZD215PVARX0,https://www.fravega.com/p/heladera-con-freezer-ciclica-215-l-inox-drean-rzd215pvarx0-990265312/,857999.0,629999.0,1,True
FRA-heladera-drean-no-frost-rdp410zrt-415lts,Fravega,DREAN,Heladeras,Heladera Drean No Frost RDP410ZRT 415Lts Steel,https://www.fravega.com/p/heladera-drean-no-frost-rdp410zrt-415lts-steel-161331/,1195999.0,988428.93,1,True
FRA-heladera-enova-no-frost-370l-285-85l-re3,Fravega,OTRAS,Heladeras,Heladera Enova No-Frost 370L  285/85L RE37SN10,https://www.fravega.com/p/heladera-enova-no-frost-370l-285-85l-re37sn10-22475635/,1099998.75,819999.0,1,True
FRA-heladera-smartlife-con-dispenser-no-fros,Fravega,OTRAS,Heladeras,Heladera Smartlife con Dispenser No Frost Inverter 354L,https://www.fravega.com/p/heladera-smartlife-con-dispenser-no-frost-inverter-354l-990251828/,999999.0,899999.1,1,True
FRA-freezer-horizontal-hisense-280l-blanco-c,Fravega,HISENSE,Heladeras,Freezer Horizontal Hisense 280L Blanco CF3N297NEW,https://www.fravega.com/p/freezer-horizontal-hisense-280l-blanco-cf3n297new-990218335/,1002099.0,425999.0,1,True
FRA-freezer-vertical-siam-151-lts-neto-negro,Fravega,OTRAS,Heladeras,Freezer Vertical Siam 151 Lts Neto Negro 6 Cajones FSI-CV181N,https://www.fravega.com/p/freezer-vertical-siam-151-lts-neto-negro-6-cajones-fsi-cv181n-990232847/,1088999.0,899999.0,1,True
FRA-heladera-whirlpool-wre66ak-xpert-ai-no-f,Fravega,WHIRLPOOL,Heladeras,Heladera Whirlpool WRE66AK Xpert AI No Frost Inverter 496 Litros,https://www.fravega.com/p/heladera-whirlpool-wre66ak-xpert-ai-no-frost-inverter-496-litros-161524/,2299999.0,2199999.0,1,True
FRA-heladera-koh-i-noor-con-freezer-abajo-no,Fravega,ACER,Heladeras,Heladera KOH-I-NOOR con Freezer Abajo NO FROST Tradicional Inverter 253L. Acero KHGA25NI/9,https://www.fravega.com/p/heladera-koh-i-noor-con-freezer-abajo-no-frost-tradicional-inverter-253l-acero-khga25ni-9-22701350/,1299000.0,999000.0,1,True
FRA-heladera-smartlife-con-dispenser-no-fros,Fravega,OTRAS,Heladeras,Heladera Smartlife con Dispenser No Frost Inverter Dig 445L,https://www.fravega.com/p/heladera-smartlife-con-dispenser-no-frost-inverter-dig-445l-990251826/,1249999.0,1062499.14,1,True
FRA-heladera-gafa-hgnf255b-no-frost-inverter,Fravega,GAFA,Heladeras,Heladera Gafa HGNF255B No Frost Inverter 259L Blanca,https://www.fravega.com/p/heladera-gafa-hgnf255b-no-frost-inverter-259l-blanca--161302/,849999.0,702478.51,1,True
FRA-heladera-gafa-257l-top-freezer-puerta-re,Fravega,GAFA,Heladeras,Heladera Gafa 257L Top Freezer Puerta Reversible Blanca HGF252B,https://www.fravega.com/p/heladera-gafa-257l-top-freezer-puerta-reversible-blanca-hgf252b-161316/,793999.0,589999.0,1,True
FRA-freezer-philco-phch410bm-410-litros-1605,Fravega,PHILCO,Heladeras,Freezer Philco PHCH410BM 410 Litros,https://www.fravega.com/p/freezer-philco-phch410bm-410-litros-160587/,1199999.0,849999.0,1,True
FRA-heladera-philco-one-door-164l-con-dispen,Fravega,PHILCO,Heladeras,Heladera Philco One Door 164L Con Dispenser PHSD170XD,https://www.fravega.com/p/heladera-philco-one-door-164l-con-dispenser-phsd170xd-990235511/,645699.0,509999.0,1,True
FRA-heladera-samsung-inverter-no-frost-407-l,Fravega,SAMSUNG,Heladeras,Heladera Samsung Inverter No Frost 407 Lts RT42CG6720S9B3,https://www.fravega.com/p/heladera-samsung-inverter-no-frost-407-lts-rt42cg6720s9b3-161238/,1649999.0,1484999.0,1,True
FRA-heladera-inverter-no-frost-whirlpool-wrm,Fravega,WHIRLPOOL,Heladeras,Heladera Inverter No Frost Whirlpool WRM62AK 510 Lts,https://www.fravega.com/p/heladera-inverter-no-frost-whirlpool-wrm62ak-510-lts-161530/,1949999.0,1849999.0,1,True
FRA-freezer-vertical-koh-i-noor-7-cajones-kf,Fravega,OTRAS,Heladeras,"Freezer Vertical KOH-I-NOOR 7 Cajones, KFVA25/8 250 Lts.",https://www.fravega.com/p/freezer-vertical-koh-i-noor-7-cajones-kfva25-8-250-lts--21713805/,1390000.0,1099000.0,1,True
FRA-freezer-horizontal-philco-143-lts-invert,Fravega,PHILCO,Heladeras,Freezer Horizontal Philco 143 Lts Inverter Blanco PHCH145BI,https://www.fravega.com/p/freezer-horizontal-philco-143-lts-inverter-blanco-phch145bi-990288854/,709499.0,585998.99,1,True
FRA-freezer-vertical-whirlpool-evox-231-lts-,Fravega,WHIRLPOOL,Heladeras,Freezer Vertical Whirlpool Evox 231 Lts,https://www.fravega.com/p/freezer-vertical-whirlpool-evox-231-lts-161382/,1579999.0,1449999.0,1,True
FRA-heladera-no-frost-hisense-346l-inverter-,Fravega,HISENSE,Heladeras,Heladera No Frost Hisense 346L Inverter Dispenser Inox RT3N320NMC,https://www.fravega.com/p/heladera-no-frost-hisense-346l-inverter-dispenser-inox-rt3n320nmc-990223656/,1234199.0,752999.0,1,True
FRA-heladera-ciclica-midea-mdrt414fge50a-295,Fravega,MIDEA,Heladeras,Heladera Cíclica Midea MDRT414FGE50A 295 L,https://www.fravega.com/p/heladera-ciclica-midea-mdrt414fge50a-295-l-161262/,815999.0,699999.0,1,True
FRA-cava-de-vinos-electrolux-para-8-botellas,Fravega,OTRAS,Heladeras,Cava de Vinos Electrolux para 8 Botellas ERW085XAMB,https://www.fravega.com/p/cava-de-vinos-electrolux-para-8-botellas-erw085xamb-160170/,318599.0,219999.0,1,True
FRA-heladera-electrolux-inverter-top-freezer,Fravega,OTRAS,Heladeras,Heladera Electrolux Inverter Top Freezer No Frost 508L Plata IT70S,https://www.fravega.com/p/heladera-electrolux-inverter-top-freezer-no-frost-508l-plata-it70s-161267/,2399999.0,1499999.0,1,True
FRA-exhibidora-vertical-m5000-tm-ls-hc-501-l,Fravega,OTRAS,Heladeras,Exhibidora Vertical M5000 TM LS HC 501 Lt,https://www.fravega.com/p/exhibidora-vertical-m5000-tm-ls-hc-501-lt-160929/,1499999.0,1099999.0,1,True
FRA-heladera-exhibidora-vertical-briket-4330,Fravega,OTRAS,Heladeras,Heladera Exhibidora Vertical Briket 4330 417 Lts,https://www.fravega.com/p/heladera-exhibidora-vertical-briket-4330-417-lts-161137/,1599999.0,1199999.0,1,True
FRA-freezer-horizontal-gafa-100l-gris-invert,Fravega,GAFA,Heladeras,Freezer Horizontal Gafa 100L Gris Inverter con Función Turbo FGHI102P-S,https://www.fravega.com/p/freezer-horizontal-gafa-100l-gris-inverter-con-funcion-turbo-fghi102p-s-990292265/,561887.75,465243.0,1,True
FRA-heladera-gafa-no-frost-354l-inverter-pla,Fravega,GAFA,Heladeras,Heladera Gafa No Frost 354L Inverter Plata HGNW333P,https://www.fravega.com/p/heladera-gafa-no-frost-354l-inverter-plata-hgnw333p-990224072/,1210110.0,1001971.0,1,True
FRA-freezer-inelro-fih-350pi-plus-279-lts--1,Fravega,OTRAS,Heladeras,Freezer Inelro FIH 350PI Plus 279 lts.,https://www.fravega.com/p/freezer-inelro-fih-350pi-plus-279-lts--160933/,1299999.0,899999.0,1,True
FRA-heladera-con-freezer-ciclica-314-lts-bla,Fravega,DREAN,Heladeras,Heladera con freezer Cíclica 314 Lts Black Steel Drean HDR320F50N,https://www.fravega.com/p/heladera-con-freezer-ciclica-314-lts-black-steel-drean-hdr320f50n-990190147/,1175199.0,839999.0,1,True
FRA-heladera-whirlpool-no-frost-inverter-wre,Fravega,WHIRLPOOL,Heladeras,Heladera Whirlpool No Frost Inverter WRE57CE 449Lts Negro,https://www.fravega.com/p/heladera-whirlpool-no-frost-inverter-wre57ce-449lts-negro-161630/,2199999.0,1999999.0,1,True
FRA-heladera-midea-470l-inverter-no-frost-md,Fravega,MIDEA,Heladeras,Heladera Midea 470L Inverter No Frost MDRT645MTE46ADW Inoxidable,https://www.fravega.com/p/heladera-midea-470l-inverter-no-frost-mdrt645mte46adw-inoxidable-161054/,1822999.0,1299999.0,1,True
FRA-heladera-electrolux-inverter-no-frost-if,Fravega,OTRAS,Heladeras,Heladera Electrolux Inverter No Frost IF43S 390L​ts,https://www.fravega.com/p/heladera-electrolux-inverter-no-frost-if43s-390lts-160984/,1439999.0,1149999.0,1,True
FRA-heladera-ciclica-bambi-2f2100ba-banco-bl,Fravega,OTRAS,Heladeras,Heladera Cíclica Bambi 2F2100BA Banco Blanca 239 Litros,https://www.fravega.com/p/heladera-ciclica-bambi-2f2100ba-banco-blanca-239-litros-161292/,699999.0,499999.0,1,True
FRA-heladera-gafa-265l-bottom-freezer-puerta,Fravega,GAFA,Heladeras,Heladera Gafa 265L Bottom Freezer Puerta Reversible Plata HGBF270P,https://www.fravega.com/p/heladera-gafa-265l-bottom-freezer-puerta-reversible-plata-hgbf270p-990259019/,889887.75,776872.0,1,True
FRA-heladera-samsung-rt38cg6720s9b3-no-frost,Fravega,SAMSUNG,Heladeras,Heladera Samsung RT38CG6720S9B3 No Frost Inverter 384 L,https://www.fravega.com/p/heladera-samsung-rt38cg6720s9b3-no-frost-inverter-384-l--161202/,1464999.0,1318499.0,1,True
FRA-heladera-gafa-hgnf255b-no-frost-inverter,Fravega,GAFA,Heladeras,Heladera Gafa HGNF255B No Frost Inverter 259L Plateada,https://www.fravega.com/p/heladera-gafa-hgnf255b-no-frost-inverter-259l-plateada--161304/,899999.0,743800.83,1,True
FRA-freezer-eslabon-de-lujo-evu20mb-vertical,Fravega,OTRAS,Heladeras,Freezer Eslabón de Lujo EVU20MB Vertical 142 Lts,https://www.fravega.com/p/freezer-eslabon-de-lujo-evu20mb-vertical-142-lts-161232/,879999.0,749999.0,1,True
FRA-heladera-no-frost-267l-inverter-dispense,Fravega,HISENSE,Heladeras,Heladera No Frost 267L Inverter Dispenser Inox Hisense RT3N250NMC,https://www.fravega.com/p/heladera-no-frost-267l-inverter-dispenser-inox-hisense-rt3n250nmc-990223281/,1649999.0,708999.0,1,True
FRA-freezer-vertical-siam-fsi-cv180b-166-lts,Fravega,OTRAS,Heladeras,Freezer Vertical Siam FSI-CV180B 166 Lts,https://www.fravega.com/p/freezer-vertical-siam-fsi-cv180b-166-lts-160944/,699999.0,649999.0,1,True
FRA-heladera-no-frost-midea-mdrt489mte46adw-,Fravega,MIDEA,Heladeras,Heladera No Frost Midea MDRT489MTE46ADW 340 Litros,https://www.fravega.com/p/heladera-no-frost-midea-mdrt489mte46adw-340-litros-161122/,1019999.0,799999.0,1,True
FRA-heladera-con-freezer-ciclica-215-l-inox-,Fravega,DREAN,Heladeras,Heladera con freezer Cíclica 215 L Inox Drean RZD215PVARX0,https://www.fravega.com/p/heladera-con-freezer-ciclica-215-l-inox-drean-rzd215pvarx0-990265312/,857999.0,629999.0,1,True
FRA-heladera-drean-no-frost-rdp410zrt-415lts,Fravega,DREAN,Heladeras,Heladera Drean No Frost RDP410ZRT 415Lts Steel,https://www.fravega.com/p/heladera-drean-no-frost-rdp410zrt-415lts-steel-161331/,1195999.0,988428.93,1,True
FRA-heladera-enova-no-frost-370l-285-85l-re3,Fravega,OTRAS,Heladeras,Heladera Enova No-Frost 370L  285/85L RE37SN10,https://www.fravega.com/p/heladera-enova-no-frost-370l-285-85l-re37sn10-22475635/,1099998.75,819999.0,1,True
FRA-heladera-smartlife-con-dispenser-no-fros,Fravega,OTRAS,Heladeras,Heladera Smartlife con Dispenser No Frost Inverter 354L,https://www.fravega.com/p/heladera-smartlife-con-dispenser-no-frost-inverter-354l-990251828/,999999.0,899999.1,1,True
FRA-freezer-horizontal-hisense-280l-blanco-c,Fravega,HISENSE,Heladeras,Freezer Horizontal Hisense 280L Blanco CF3N297NEW,https://www.fravega.com/p/freezer-horizontal-hisense-280l-blanco-cf3n297new-990218335/,1002099.0,425999.0,1,True
FRA-freezer-vertical-siam-151-lts-neto-negro,Fravega,OTRAS,Heladeras,Freezer Vertical Siam 151 Lts Neto Negro 6 Cajones FSI-CV181N,https://www.fravega.com/p/freezer-vertical-siam-151-lts-neto-negro-6-cajones-fsi-cv181n-990232847/,1088999.0,899999.0,1,True
FRA-heladera-whirlpool-wre66ak-xpert-ai-no-f,Fravega,WHIRLPOOL,Heladeras,Heladera Whirlpool WRE66AK Xpert AI No Frost Inverter 496 Litros,https://www.fravega.com/p/heladera-whirlpool-wre66ak-xpert-ai-no-frost-inverter-496-litros-161524/,2299999.0,2199999.0,1,True
FRA-heladera-koh-i-noor-con-freezer-abajo-no,Fravega,ACER,Heladeras,Heladera KOH-I-NOOR con Freezer Abajo NO FROST Tradicional Inverter 253L. Acero KHGA25NI/9,https://www.fravega.com/p/heladera-koh-i-noor-con-freezer-abajo-no-frost-tradicional-inverter-253l-acero-khga25ni-9-22701350/,1299000.0,999000.0,1,True
FRA-heladera-smartlife-con-dispenser-no-fros,Fravega,OTRAS,Heladeras,Heladera Smartlife con Dispenser No Frost Inverter Dig 445L,https://www.fravega.com/p/heladera-smartlife-con-dispenser-no-frost-inverter-dig-445l-990251826/,1249999.0,1062499.14,1,True
FRA-heladera-gafa-hgnf255b-no-frost-inverter,Fravega,GAFA,Heladeras,Heladera Gafa HGNF255B No Frost Inverter 259L Blanca,https://www.fravega.com/p/heladera-gafa-hgnf255b-no-frost-inverter-259l-blanca--161302/,849999.0,702478.51,1,True
FRA-heladera-gafa-257l-top-freezer-puerta-re,Fravega,GAFA,Heladeras,Heladera Gafa 257L Top Freezer Puerta Reversible Blanca HGF252B,https://www.fravega.com/p/heladera-gafa-257l-top-freezer-puerta-reversible-blanca-hgf252b-161316/,793999.0,589999.0,1,True
FRA-freezer-philco-phch410bm-410-litros-1605,Fravega,PHILCO,Heladeras,Freezer Philco PHCH410BM 410 Litros,https://www.fravega.com/p/freezer-philco-phch410bm-410-litros-160587/,1199999.0,849999.0,1,True
FRA-heladera-philco-one-door-164l-con-dispen,Fravega,PHILCO,Heladeras,Heladera Philco One Door 164L Con Dispenser PHSD170XD,https://www.fravega.com/p/heladera-philco-one-door-164l-con-dispenser-phsd170xd-990235511/,645699.0,509999.0,1,True
FRA-heladera-samsung-inverter-no-frost-407-l,Fravega,SAMSUNG,Heladeras,Heladera Samsung Inverter No Frost 407 Lts RT42CG6720S9B3,https://www.fravega.com/p/heladera-samsung-inverter-no-frost-407-lts-rt42cg6720s9b3-161238/,1649999.0,1484999.0,1,True
FRA-heladera-inverter-no-frost-whirlpool-wrm,Fravega,WHIRLPOOL,Heladeras,Heladera Inverter No Frost Whirlpool WRM62AK 510 Lts,https://www.fravega.com/p/heladera-inverter-no-frost-whirlpool-wrm62ak-510-lts-161530/,1949999.0,1849999.0,1,True
FRA-freezer-vertical-koh-i-noor-7-cajones-kf,Fravega,OTRAS,Heladeras,"Freezer Vertical KOH-I-NOOR 7 Cajones, KFVA25/8 250 Lts.",https://www.fravega.com/p/freezer-vertical-koh-i-noor-7-cajones-kfva25-8-250-lts--21713805/,1390000.0,1099000.0,1,True
FRA-freezer-horizontal-philco-143-lts-invert,Fravega,PHILCO,Heladeras,Freezer Horizontal Philco 143 Lts Inverter Blanco PHCH145BI,https://www.fravega.com/p/freezer-horizontal-philco-143-lts-inverter-blanco-phch145bi-990288854/,709499.0,585998.99,1,True
FRA-freezer-vertical-whirlpool-evox-231-lts-,Fravega,WHIRLPOOL,Heladeras,Freezer Vertical Whirlpool Evox 231 Lts,https://www.fravega.com/p/freezer-vertical-whirlpool-evox-231-lts-161382/,1579999.0,1449999.0,1,True
FRA-heladera-no-frost-hisense-346l-inverter-,Fravega,HISENSE,Heladeras,Heladera No Frost Hisense 346L Inverter Dispenser Inox RT3N320NMC,https://www.fravega.com/p/heladera-no-frost-hisense-346l-inverter-dispenser-inox-rt3n320nmc-990223656/,1234199.0,752999.0,1,True
FRA-heladera-no-frost-inverter-side-by-side-,Fravega,DREAN,Heladeras,Heladera No Frost Inverter Side by Side Drean DSP480LKRSS0 503 Litros,https://www.fravega.com/p/heladera-no-frost-inverter-side-by-side-drean-dsp480lkrss0-503-litros-161244/,1899999.0,1499999.0,1,True
FRA-freezer-koh-i-noor-kfva25-8-250-lts-1608,Fravega,OTRAS,Heladeras,Freezer Koh-I-Noor KFVA25/8 250 Lts,https://www.fravega.com/p/freezer-koh-i-noor-kfva25-8-250-lts-160822/,1399999.0,1199999.0,1,True
FRA-heladera-gafa-319l-top-freezer-puerta-re,Fravega,GAFA,Heladeras,Heladera Gafa 319L Top Freezer Puerta Reversible Plata HGF311P,https://www.fravega.com/p/heladera-gafa-319l-top-freezer-puerta-reversible-plata-hgf311p-990268011/,931887.75,788377.0,1,True
FRA-freezer-horizontal-fh200-190-litros-blan,Fravega,OTRAS,Heladeras,Freezer Horizontal FH200 190 litros blanco,https://www.fravega.com/p/freezer-horizontal-fh200-190-litros-blanco-22823211/,725000.0,560000.0,1,True
FRA-heladera-electrolux-inverter-ib55s-508-l,Fravega,OTRAS,Heladeras,Heladera Electrolux Inverter IB55S 508 Lts,https://www.fravega.com/p/heladera-electrolux-inverter-ib55s-508-lts-161347/,2399399.0,1699999.0,1,True
FRA-heladera-samsung-no-frost-inverter-rt32k,Fravega,SAMSUNG,Heladeras,Heladera Samsung No Frost Inverter RT32K5070S8 320Lts,https://www.fravega.com/p/heladera-samsung-no-frost-inverter-rt32k5070s8-320lts-160564/,1289999.0,1066114.88,1,True
FRA-freezer-horizontal-ecoinverter-293-l-bla,Fravega,DREAN,Heladeras,Freezer horizontal Ecoinverter 293 L Blanco Drean FHDR293CB,https://www.fravega.com/p/freezer-horizontal-ecoinverter-293-l-blanco-drean-fhdr293cb-990278487/,1273999.0,899999.0,1,True
FRA-heladera-side-by-side-philco-496-lts-ino,Fravega,PHILCO,Heladeras,Heladera Side By Side Philco 496 Lts Inox Inverter PHSB560XI,https://www.fravega.com/p/heladera-side-by-side-philco-496-lts-inox-inverter-phsb560xi-990265113/,2023999.0,1599999.0,1,True
FRA-heladera-electrolux-inverter-top-freezer,Fravega,OTRAS,Heladeras,Heladera Electrolux Inverter Top Freezer No Frost AutoSense IW46S 424Lts Plata Reacondicionado,https://www.fravega.com/p/heladera-electrolux-inverter-top-freezer-no-frost-autosense-iw46s-424lts-plata-reacondicionado-470854/,939999.0,776858.68,1,True
FRA-heladera-gafa-no-frost-inverter-hgnf251b,Fravega,GAFA,Heladeras,Heladera Gafa No Frost Inverter HGNF251B 262Lts Blanco,https://www.fravega.com/p/heladera-gafa-no-frost-inverter-hgnf251b-262lts-blanco-161353/,999999.0,899999.0,1,True
FRA-heladera-electrolux-inverter-no-frost-in,Fravega,OTRAS,Heladeras,Heladera Electrolux Inverter No Frost Inverter Bottom Freezer IB6S 429Lts,https://www.fravega.com/p/heladera-electrolux-inverter-no-frost-inverter-bottom-freezer-ib6s-429lts-161282/,1499999.0,1399999.0,1,True
FRA-freezer-inverter-gafa-fghi502b-xxl-horiz,Fravega,GAFA,Heladeras,Freezer Inverter Gafa FGHI502B-XXL Horizontal Inverter 510L Blanco,https://www.fravega.com/p/freezer-inverter-gafa-fghi502b-xxl-horizontal-inverter-510l-blanco-161237/,1247999.0,1199999.0,1,True
FRA-heladera-whirlpool-inverter-no-frost-wrm,Fravega,WHIRLPOOL,Heladeras,Heladera Whirlpool Inverter No Frost WRM42HK Top Mount Inox 386 lts,https://www.fravega.com/p/heladera-whirlpool-inverter-no-frost-wrm42hk-top-mount-inox-386-lts-161134/,1549999.0,1199999.0,1,True
FRA-lavarropas-midea-carga-frontal-6kg-1000r,Fravega,MIDEA,Lavado,Lavarropas Midea Carga Frontal 6kg 1000rpm MF100 Titanium,https://www.fravega.com/p/lavarropas-midea-carga-frontal-6kg-1000rpm-mf100-titanium-170550/,819999.0,529999.0,1,True
FRA-lavasecarropas-carga-frontal-noblex-10-5,Fravega,NOBLEX,Lavado,"Lavasecarropas Carga frontal Noblex 10,5 Kg 7 Kg 1200 RPM NOLS1057DGN",https://www.fravega.com/p/lavasecarropas-carga-frontal-noblex-10-5-kg-7-kg-1200-rpm-nols1057dgn--170909/,1599999.0,949999.0,1,True
FRA-lavarropas-drean-inverter-7kg-grafito-lf,Fravega,DREAN,Lavado,Lavarropas Drean Inverter 7Kg Grafito LFDR0710ISG0,https://www.fravega.com/p/lavarropas-drean-inverter-7kg-grafito-lfdr0710isg0--170821/,825999.0,699999.0,1,True
FRA-lavasecarropas-gadnic-12kg-lavado-8kg-se,Fravega,OTRAS,Lavado,Lavasecarropas Gadnic 12Kg Lavado 8Kg Secado 1200RPM Inverter Automatico Frontal 1800W,https://www.fravega.com/p/lavasecarropas-gadnic-12kg-lavado-8kg-secado-1200rpm-inverter-automatico-frontal-1800w-990290950/,1189499.0,914999.0,1,True
FRA-lavarropas-smartlife-sl-wmi1151400w-inve,Fravega,OTRAS,Lavado,Lavarropas Smartlife SL-WMI1151400W Inverter 11.5KG Blanco,https://www.fravega.com/p/lavarropas-smartlife-sl-wmi1151400w-inverter-11-5kg-blanco-990247339/,999999.0,699999.3,1,True
FRA-lavarropas-automatico-carga-superior-phi,Fravega,PHILCO,Lavado,Lavarropas Automático Carga Superior Philco 5 Kg 700 RPM PHLS67GN,https://www.fravega.com/p/lavarropas-automatico-carga-superior-philco-5-kg-700-rpm-phls67gn--170703/,499999.0,449999.0,1,True
FRA-secarropas-drean-sed090vgcl0-9k-gris-280,Fravega,DREAN,Lavado,Secarropas Drean SED090VGCL0 9K Gris,https://www.fravega.com/p/secarropas-drean-sed090vgcl0-9k-gris-280081/,949999.0,799999.0,1,True
FRA-lavasecarropas-samsung-wd11a4453-ecobubb,Fravega,SAMSUNG,Lavado,Lavasecarropas Samsung WD11A4453 Ecobubble Inox 11kg,https://www.fravega.com/p/lavasecarropas-samsung-wd11a4453-ecobubble-inox-11kg-990293537/,1899999.0,1329999.3,1,True
FRA-lavarropas-drean-11-5kg-inverter-lfdr111,Fravega,DREAN,Lavado,"Lavarropas Drean 11,5Kg Inverter LFDR1114ISG Gris",https://www.fravega.com/p/lavarropas-drean-11-5kg-inverter-lfdr1114isg-gris-170638/,1249999.0,1199999.0,1,True
FRA-lavasecarropas-carga-frontal-inverter-mi,Fravega,MIDEA,Lavado,Lavasecarropas Carga Frontal Inverter Midea 12kg 8Kg 1400rpm MF200D120B/T-A1,https://www.fravega.com/p/lavasecarropas-carga-frontal-inverter-midea-12kg-8kg-1400rpm-mf200d120b-t-a1-170500/,1699999.0,1099999.0,1,True
FRA-lavarropas-whirlpool-carga-frontal-7kg-i,Fravega,WHIRLPOOL,Lavado,Lavarropas Whirlpool Carga Frontal 7kg Inverter Titanium,https://www.fravega.com/p/lavarropas-whirlpool-carga-frontal-7kg-inverter-titanium-170822/,849999.0,799999.0,1,True
FRA-lavarropas-comfee-8kg-blanco-cfn03w80-w-,Fravega,OTRAS,Lavado,Lavarropas Comfee 8kg Blanco Cfn03w80/w-ar Blanco,https://www.fravega.com/p/lavarropas-comfee-8kg-blanco-cfn03w80-w-ar-blanco-990293156/,849999.0,522599.0,1,True
FRA-secarropas-centrifugo-koh-i-noor-a-665-2,Fravega,OTRAS,Lavado,"Secarropas Centrifugo KOH-I-NOOR A-665/2 6,5 Kg",https://www.fravega.com/p/secarropas-centrifugo-koh-i-noor-a-665-2-6-5-kg-280026/,371999.0,335999.0,1,True
FRA-lavarropas-automatico-codini-inverter-st,Fravega,OTRAS,Lavado,Lavarropas Automático Codini Inverter Steam 6kgs 1000 Rpm Gris,https://www.fravega.com/p/lavarropas-automatico-codini-inverter-steam-6kgs-1000-rpm-gris-22646290/,824999.0,599999.0,1,True
FRA-lavarropas-gafa-lgs070s-carga-superior-f,Fravega,LG,Lavado,Lavarropas Gafa LGS070S Carga Superior Fuzzy 7 Kg Silver,https://www.fravega.com/p/lavarropas-gafa-lgs070s-carga-superior-fuzzy-7-kg-silver-170843/,700399.0,629999.0,1,True
FRA-lavarropas-automatico-electrolux-7-kg-12,Fravega,OTRAS,Lavado,Lavarropas Automático Electrolux 7 Kg 1200 RPM ELAF207W,https://www.fravega.com/p/lavarropas-automatico-electrolux-7-kg-1200-rpm-elaf207w-170560/,749999.0,689999.0,1,True
FRA-lavavajillas-philco-predicta-15-cubierto,Fravega,PHILCO,Lavado,Lavavajillas Philco Predicta 15 Cubiertos Inverter Dark Inox,https://www.fravega.com/p/lavavajillas-philco-predicta-15-cubiertos-inverter-dark-inox-990265110/,1209999.0,999998.99,1,True
FRA-lavavajillas-15-cubiertos-inoxidable-dre,Fravega,DREAN,Lavado,Lavavajillas 15 cubiertos Inoxidable Drean LVDR1506CI0,https://www.fravega.com/p/lavavajillas-15-cubiertos-inoxidable-drean-lvdr1506ci0-170689/,1199999.0,991734.71,1,True
FRA-secarropas-por-calor-philco-phsa035b-500,Fravega,PHILCO,Lavado,Secarropas Por Calor Philco PHSA035B,https://www.fravega.com/p/secarropas-por-calor-philco-phsa035b-50024764/,483999.0,379999.0,1,True
FRA-lavarropas-whirlpool-carga-superior-11kg,Fravega,WHIRLPOOL,Lavado,Lavarropas Whirlpool Carga Superior 11kg 700rpm WW11BTA Silver,https://www.fravega.com/p/lavarropas-whirlpool-carga-superior-11kg-700rpm-ww11bta-silver-170656/,1049999.0,999999.0,1,True
FRA-lavasecarropas-drean-carga-frontal-8-kg-,Fravega,DREAN,Lavado,Lavasecarropas Drean Carga Frontal 8 Kg LSCDR0805SG0,https://www.fravega.com/p/lavasecarropas-drean-carga-frontal-8-kg-lscdr0805sg0-170555/,1199999.0,991734.71,1,True
FRA-lavarropas-drean-inverter-9kg-lfdr0914is,Fravega,DREAN,Lavado,Lavarropas Drean Inverter 9Kg LFDR0914ISG Grafito,https://www.fravega.com/p/lavarropas-drean-inverter-9kg-lfdr0914isg-grafito-170819/,1149999.0,899999.0,1,True
FRA-lavarropas-automatico-carga-frontal-inve,Fravega,PHILCO,Lavado,Lavarropas Automático Carga Frontal Inverter Philco 6 Kg 1000 RPM PHLF61GN,https://www.fravega.com/p/lavarropas-automatico-carga-frontal-inverter-philco-6-kg-1000-rpm-phlf61gn-170701/,749999.0,629999.0,1,True
FRA-lavarropas-midea-carga-frontal-6kg-1000r,Fravega,MIDEA,Lavado,Lavarropas Midea Carga Frontal 6kg 1000rpm MF100 White,https://www.fravega.com/p/lavarropas-midea-carga-frontal-6kg-1000rpm-mf100-white-170551/,779999.0,519999.0,1,True
FRA-lavasecarropas-philco-12kg-8kg-phls128-2,Fravega,PHILCO,Lavado,Lavasecarropas Philco 12Kg 8KG PHLS128-2TN,https://www.fravega.com/p/lavasecarropas-philco-12kg-8kg-phls128-2tn-170570/,1299999.0,999999.0,1,True
FRA-lavarropas-automatico-carga-frontal-inve,Fravega,PHILCO,Lavado,Lavarropas Automático Carga Frontal Inverter Philco 11 Kg 1400 RPM PHLF111GN2,https://www.fravega.com/p/lavarropas-automatico-carga-frontal-inverter-philco-11-kg-1400-rpm-phlf111gn2--170705/,1199999.0,769999.0,1,True
FRA-lavarropas-automatico-inverter-drean-6kg,Fravega,DREAN,Lavado,Lavarropas Automático Inverter Drean 6Kg 800 RPM LCFDR0608LB0,https://www.fravega.com/p/lavarropas-automatico-inverter-drean-6kg-800-rpm-lcfdr0608lb0-170538/,699999.0,649999.0,1,True
FRA-lavarropas-drean-concept-neo-fuzzy-6-5-k,Fravega,DREAN,Lavado,"Lavarropas Drean Concept Neo Fuzzy 6,5 Kg Blanco",https://www.fravega.com/p/lavarropas-drean-concept-neo-fuzzy-6-5-kg-blanco-170702/,619999.0,549999.0,1,True
FRA-lavasecarropas-drean-carga-frontal-10-kg,Fravega,DREAN,Lavado,Lavasecarropas Drean Carga Frontal 10 Kg  LSCDR1006SG0,https://www.fravega.com/p/lavasecarropas-drean-carga-frontal-10-kg-lscdr1006sg0-170556/,1299999.0,1189999.0,1,True
FRA-lavarropas-automatico-carga-frontal-drea,Fravega,DREAN,Lavado,Lavarropas Automático Carga Frontal Drean 8Kg 1400RPM LCFDR0814SB0,https://www.fravega.com/p/lavarropas-automatico-carga-frontal-drean-8kg-1400rpm-lcfdr0814sb0-170678/,689999.0,570247.11,1,True
FRA-lavarropas-midea-carga-frontal-6kg-1000r,Fravega,MIDEA,Lavado,Lavarropas Midea Carga Frontal 6kg 1000rpm MF100 Titanium,https://www.fravega.com/p/lavarropas-midea-carga-frontal-6kg-1000rpm-mf100-titanium-170550/,819999.0,529999.0,1,True
FRA-lavasecarropas-carga-frontal-noblex-10-5,Fravega,NOBLEX,Lavado,"Lavasecarropas Carga frontal Noblex 10,5 Kg 7 Kg 1200 RPM NOLS1057DGN",https://www.fravega.com/p/lavasecarropas-carga-frontal-noblex-10-5-kg-7-kg-1200-rpm-nols1057dgn--170909/,1599999.0,949999.0,1,True
FRA-lavarropas-drean-inverter-7kg-grafito-lf,Fravega,DREAN,Lavado,Lavarropas Drean Inverter 7Kg Grafito LFDR0710ISG0,https://www.fravega.com/p/lavarropas-drean-inverter-7kg-grafito-lfdr0710isg0--170821/,825999.0,699999.0,1,True
FRA-lavasecarropas-gadnic-12kg-lavado-8kg-se,Fravega,OTRAS,Lavado,Lavasecarropas Gadnic 12Kg Lavado 8Kg Secado 1200RPM Inverter Automatico Frontal 1800W,https://www.fravega.com/p/lavasecarropas-gadnic-12kg-lavado-8kg-secado-1200rpm-inverter-automatico-frontal-1800w-990290950/,1189499.0,914999.0,1,True
FRA-lavarropas-smartlife-sl-wmi1151400w-inve,Fravega,OTRAS,Lavado,Lavarropas Smartlife SL-WMI1151400W Inverter 11.5KG Blanco,https://www.fravega.com/p/lavarropas-smartlife-sl-wmi1151400w-inverter-11-5kg-blanco-990247339/,999999.0,699999.3,1,True
FRA-lavarropas-automatico-carga-superior-phi,Fravega,PHILCO,Lavado,Lavarropas Automático Carga Superior Philco 5 Kg 700 RPM PHLS67GN,https://www.fravega.com/p/lavarropas-automatico-carga-superior-philco-5-kg-700-rpm-phls67gn--170703/,499999.0,449999.0,1,True
FRA-secarropas-drean-sed090vgcl0-9k-gris-280,Fravega,DREAN,Lavado,Secarropas Drean SED090VGCL0 9K Gris,https://www.fravega.com/p/secarropas-drean-sed090vgcl0-9k-gris-280081/,949999.0,799999.0,1,True
FRA-lavasecarropas-samsung-wd11a4453-ecobubb,Fravega,SAMSUNG,Lavado,Lavasecarropas Samsung WD11A4453 Ecobubble Inox 11kg,https://www.fravega.com/p/lavasecarropas-samsung-wd11a4453-ecobubble-inox-11kg-990293537/,1899999.0,1329999.3,1,True
FRA-lavarropas-drean-11-5kg-inverter-lfdr111,Fravega,DREAN,Lavado,"Lavarropas Drean 11,5Kg Inverter LFDR1114ISG Gris",https://www.fravega.com/p/lavarropas-drean-11-5kg-inverter-lfdr1114isg-gris-170638/,1249999.0,1199999.0,1,True
FRA-lavasecarropas-carga-frontal-inverter-11,Fravega,DREAN,Lavado,Lavasecarropas Carga Frontal Inverter 11 Kg Drean Lscdr1106i,https://www.fravega.com/p/lavasecarropas-carga-frontal-inverter-11-kg-drean-lscdr1106i-990049574/,1754999.0,919999.0,1,True
FRA-lavasecarropas-carga-frontal-inverter-mi,Fravega,MIDEA,Lavado,Lavasecarropas Carga Frontal Inverter Midea 12kg 8Kg 1400rpm MF200D120B/T-A1,https://www.fravega.com/p/lavasecarropas-carga-frontal-inverter-midea-12kg-8kg-1400rpm-mf200d120b-t-a1-170500/,1699999.0,1099999.0,1,True
FRA-lavarropas-whirlpool-carga-frontal-7kg-i,Fravega,WHIRLPOOL,Lavado,Lavarropas Whirlpool Carga Frontal 7kg Inverter Titanium,https://www.fravega.com/p/lavarropas-whirlpool-carga-frontal-7kg-inverter-titanium-170822/,849999.0,799999.0,1,True
FRA-lavarropas-comfee-8kg-blanco-cfn03w80-w-,Fravega,OTRAS,Lavado,Lavarropas Comfee 8kg Blanco Cfn03w80/w-ar Blanco,https://www.fravega.com/p/lavarropas-comfee-8kg-blanco-cfn03w80-w-ar-blanco-990293156/,849999.0,522599.0,1,True
FRA-secarropas-centrifugo-koh-i-noor-a-665-2,Fravega,OTRAS,Lavado,"Secarropas Centrifugo KOH-I-NOOR A-665/2 6,5 Kg",https://www.fravega.com/p/secarropas-centrifugo-koh-i-noor-a-665-2-6-5-kg-280026/,371999.0,335999.0,1,True
FRA-lavarropas-automatico-codini-inverter-st,Fravega,OTRAS,Lavado,Lavarropas Automático Codini Inverter Steam 6kgs 1000 Rpm Gris,https://www.fravega.com/p/lavarropas-automatico-codini-inverter-steam-6kgs-1000-rpm-gris-22646290/,824999.0,599999.0,1,True
FRA-lavarropas-gafa-lgs070s-carga-superior-f,Fravega,LG,Lavado,Lavarropas Gafa LGS070S Carga Superior Fuzzy 7 Kg Silver,https://www.fravega.com/p/lavarropas-gafa-lgs070s-carga-superior-fuzzy-7-kg-silver-170843/,700399.0,629999.0,1,True
FRA-lavarropas-automatico-electrolux-7-kg-12,Fravega,OTRAS,Lavado,Lavarropas Automático Electrolux 7 Kg 1200 RPM ELAF207W,https://www.fravega.com/p/lavarropas-automatico-electrolux-7-kg-1200-rpm-elaf207w-170560/,749999.0,689999.0,1,True
FRA-lavavajillas-philco-predicta-15-cubierto,Fravega,PHILCO,Lavado,Lavavajillas Philco Predicta 15 Cubiertos Inverter Dark Inox,https://www.fravega.com/p/lavavajillas-philco-predicta-15-cubiertos-inverter-dark-inox-990265110/,1209999.0,999998.99,1,True
FRA-lavavajillas-15-cubiertos-inoxidable-dre,Fravega,DREAN,Lavado,Lavavajillas 15 cubiertos Inoxidable Drean LVDR1506CI0,https://www.fravega.com/p/lavavajillas-15-cubiertos-inoxidable-drean-lvdr1506ci0-170689/,1199999.0,991734.71,1,True
FRA-secarropas-por-calor-philco-phsa035b-500,Fravega,PHILCO,Lavado,Secarropas Por Calor Philco PHSA035B,https://www.fravega.com/p/secarropas-por-calor-philco-phsa035b-50024764/,483999.0,379999.0,1,True
FRA-lavarropas-whirlpool-carga-superior-11kg,Fravega,WHIRLPOOL,Lavado,Lavarropas Whirlpool Carga Superior 11kg 700rpm WW11BTA Silver,https://www.fravega.com/p/lavarropas-whirlpool-carga-superior-11kg-700rpm-ww11bta-silver-170656/,1049999.0,999999.0,1,True
FRA-lavasecarropas-drean-carga-frontal-8-kg-,Fravega,DREAN,Lavado,Lavasecarropas Drean Carga Frontal 8 Kg LSCDR0805SG0,https://www.fravega.com/p/lavasecarropas-drean-carga-frontal-8-kg-lscdr0805sg0-170555/,1199999.0,991734.71,1,True
FRA-lavarropas-carga-frontal-philco-inverter,Fravega,PHILCO,Lavado,Lavarropas Carga Frontal Philco Inverter 6 Kg Blanco PHLF67BN,https://www.fravega.com/p/lavarropas-carga-frontal-philco-inverter-6-kg-blanco-phlf67bn-990292663/,725999.0,539999.01,1,True
FRA-secarropas-centrifugo-koh-i-noor-c-755-2,Fravega,OTRAS,Lavado,Secarropas Centrifugo KOH-I-NOOR C-755/2 5.5Kg,https://www.fravega.com/p/secarropas-centrifugo-koh-i-noor-c-755-2-5-5kg-280017/,269999.0,219999.0,1,True
FRA-lavarropas-drean-concept-neo-fuzzy-6-5-k,Fravega,DREAN,Lavado,"Lavarropas Drean Concept Neo Fuzzy 6,5 Kg Gris",https://www.fravega.com/p/lavarropas-drean-concept-neo-fuzzy-6-5-kg-gris-170718/,638999.0,569999.0,1,True
FRA-lavasecarropas-drean-12kg-lscdr1208sg0-g,Fravega,DREAN,Lavado,Lavasecarropas Drean 12Kg LSCDR1208SG0 Gris,https://www.fravega.com/p/lavasecarropas-drean-12kg-lscdr1208sg0-gris-170536/,1449999.0,1312216.29,1,True
FRA-secarropas-centrifugo-drean-qv-6-5kg-281,Fravega,DREAN,Lavado,Secarropas Centrifugo Drean QV 6.5Kg,https://www.fravega.com/p/secarropas-centrifugo-drean-qv-6-5kg-281852/,253999.0,219999.0,1,True
FRA-lavarropas-carga-superior-gafa-digifit-6,Fravega,GAFA,Lavado,"Lavarropas Carga Superior Gafa DigiFit 6,5kg Blanco",https://www.fravega.com/p/lavarropas-carga-superior-gafa-digifit-6-5kg-blanco-50029845/,665443.3,580932.0,1,True
FRA-lavarropas-whirlpool-carga-frontal-7kg-i,Fravega,WHIRLPOOL,Lavado,Lavarropas Whirlpool Carga Frontal 7kg Inverter Blanco,https://www.fravega.com/p/lavarropas-whirlpool-carga-frontal-7kg-inverter-blanco-170823/,799999.0,749999.0,1,True
FRA-lavarropas-automatico-carga-frontal-inve,Fravega,MIDEA,Lavado,"Lavarropas Automático Carga Frontal Inverter Midea 11,5 Kg 1400 RPM MF200W115WB/T-A1",https://www.fravega.com/p/lavarropas-automatico-carga-frontal-inverter-midea-11-5-kg-1400-rpm-mf200w115wb-t-a1-170565/,1144999.0,849999.0,1,True
FRA-lavarropas-midea-carga-frontal-inverter-,Fravega,MIDEA,Lavado,Lavarropas Midea Carga Frontal Inverter Wi-Fi 8kg 1400rpm MF200 Titanium,https://www.fravega.com/p/lavarropas-midea-carga-frontal-inverter-wi-fi-8kg-1400rpm-mf200-titanium-170549/,939999.0,799999.0,1,True
FRA-lavarropas-semiautomatico-carga-superior,Fravega,DREAN,Lavado,Lavarropas Semiautomático Carga Superior Drean LTDR87SB0 8Kg,https://www.fravega.com/p/lavarropas-semiautomatico-carga-superior-drean-ltdr87sb0-8kg-170787/,324999.0,319999.0,1,True
FRA-lavarropas-samsung-carga-frontal-7kg-ino,Fravega,SAMSUNG,Lavado,Lavarropas Samsung Carga frontal 7kg Inox WW70AA46BX,https://www.fravega.com/p/lavarropas-samsung-carga-frontal-7kg-inox-ww70aa46bx-170468/,1159999.0,899999.0,1,True
FRA-lavarropas-automatico-electrolux-7-kg-12,Fravega,OTRAS,Lavado,Lavarropas Automático Electrolux 7 Kg 1200 RPM ELAF207W,https://www.fravega.com/p/lavarropas-automatico-electrolux-7-kg-1200-rpm-elaf207w-170682/,749999.0,589999.0,1,True
FRA-lavarropas-midea-carga-frontal-6kg-1000r,Fravega,MIDEA,Lavado,Lavarropas Midea Carga Frontal 6kg 1000rpm MF100 Titanium,https://www.fravega.com/p/lavarropas-midea-carga-frontal-6kg-1000rpm-mf100-titanium-170550/,819999.0,529999.0,1,True
FRA-lavasecarropas-carga-frontal-noblex-10-5,Fravega,NOBLEX,Lavado,"Lavasecarropas Carga frontal Noblex 10,5 Kg 7 Kg 1200 RPM NOLS1057DGN",https://www.fravega.com/p/lavasecarropas-carga-frontal-noblex-10-5-kg-7-kg-1200-rpm-nols1057dgn--170909/,1599999.0,949999.0,1,True
FRA-lavarropas-drean-inverter-7kg-grafito-lf,Fravega,DREAN,Lavado,Lavarropas Drean Inverter 7Kg Grafito LFDR0710ISG0,https://www.fravega.com/p/lavarropas-drean-inverter-7kg-grafito-lfdr0710isg0--170821/,825999.0,699999.0,1,True
FRA-lavasecarropas-gadnic-12kg-lavado-8kg-se,Fravega,OTRAS,Lavado,Lavasecarropas Gadnic 12Kg Lavado 8Kg Secado 1200RPM Inverter Automatico Frontal 1800W,https://www.fravega.com/p/lavasecarropas-gadnic-12kg-lavado-8kg-secado-1200rpm-inverter-automatico-frontal-1800w-990290950/,1189499.0,914999.0,1,True
FRA-lavarropas-smartlife-sl-wmi1151400w-inve,Fravega,OTRAS,Lavado,Lavarropas Smartlife SL-WMI1151400W Inverter 11.5KG Blanco,https://www.fravega.com/p/lavarropas-smartlife-sl-wmi1151400w-inverter-11-5kg-blanco-990247339/,999999.0,699999.3,1,True
FRA-lavarropas-automatico-carga-superior-phi,Fravega,PHILCO,Lavado,Lavarropas Automático Carga Superior Philco 5 Kg 700 RPM PHLS67GN,https://www.fravega.com/p/lavarropas-automatico-carga-superior-philco-5-kg-700-rpm-phls67gn--170703/,499999.0,449999.0,1,True
FRA-secarropas-drean-sed090vgcl0-9k-gris-280,Fravega,DREAN,Lavado,Secarropas Drean SED090VGCL0 9K Gris,https://www.fravega.com/p/secarropas-drean-sed090vgcl0-9k-gris-280081/,949999.0,799999.0,1,True
FRA-lavasecarropas-samsung-wd11a4453-ecobubb,Fravega,SAMSUNG,Lavado,Lavasecarropas Samsung WD11A4453 Ecobubble Inox 11kg,https://www.fravega.com/p/lavasecarropas-samsung-wd11a4453-ecobubble-inox-11kg-990293537/,1899999.0,1329999.3,1,True
FRA-lavarropas-drean-11-5kg-inverter-lfdr111,Fravega,DREAN,Lavado,"Lavarropas Drean 11,5Kg Inverter LFDR1114ISG Gris",https://www.fravega.com/p/lavarropas-drean-11-5kg-inverter-lfdr1114isg-gris-170638/,1249999.0,1199999.0,1,True
FRA-lavasecarropas-carga-frontal-inverter-mi,Fravega,MIDEA,Lavado,Lavasecarropas Carga Frontal Inverter Midea 12kg 8Kg 1400rpm MF200D120B/T-A1,https://www.fravega.com/p/lavasecarropas-carga-frontal-inverter-midea-12kg-8kg-1400rpm-mf200d120b-t-a1-170500/,1699999.0,1099999.0,1,True
FRA-lavarropas-whirlpool-carga-frontal-7kg-i,Fravega,WHIRLPOOL,Lavado,Lavarropas Whirlpool Carga Frontal 7kg Inverter Titanium,https://www.fravega.com/p/lavarropas-whirlpool-carga-frontal-7kg-inverter-titanium-170822/,849999.0,799999.0,1,True
FRA-lavarropas-comfee-8kg-blanco-cfn03w80-w-,Fravega,OTRAS,Lavado,Lavarropas Comfee 8kg Blanco Cfn03w80/w-ar Blanco,https://www.fravega.com/p/lavarropas-comfee-8kg-blanco-cfn03w80-w-ar-blanco-990293156/,849999.0,522599.0,1,True
FRA-secarropas-centrifugo-koh-i-noor-a-665-2,Fravega,OTRAS,Lavado,"Secarropas Centrifugo KOH-I-NOOR A-665/2 6,5 Kg",https://www.fravega.com/p/secarropas-centrifugo-koh-i-noor-a-665-2-6-5-kg-280026/,371999.0,335999.0,1,True
FRA-lavarropas-automatico-codini-inverter-st,Fravega,OTRAS,Lavado,Lavarropas Automático Codini Inverter Steam 6kgs 1000 Rpm Gris,https://www.fravega.com/p/lavarropas-automatico-codini-inverter-steam-6kgs-1000-rpm-gris-22646290/,824999.0,599999.0,1,True
FRA-lavarropas-gafa-lgs070s-carga-superior-f,Fravega,LG,Lavado,Lavarropas Gafa LGS070S Carga Superior Fuzzy 7 Kg Silver,https://www.fravega.com/p/lavarropas-gafa-lgs070s-carga-superior-fuzzy-7-kg-silver-170843/,700399.0,629999.0,1,True
FRA-lavarropas-automatico-electrolux-7-kg-12,Fravega,OTRAS,Lavado,Lavarropas Automático Electrolux 7 Kg 1200 RPM ELAF207W,https://www.fravega.com/p/lavarropas-automatico-electrolux-7-kg-1200-rpm-elaf207w-170560/,749999.0,689999.0,1,True
FRA-lavavajillas-philco-predicta-15-cubierto,Fravega,PHILCO,Lavado,Lavavajillas Philco Predicta 15 Cubiertos Inverter Dark Inox,https://www.fravega.com/p/lavavajillas-philco-predicta-15-cubiertos-inverter-dark-inox-990265110/,1209999.0,999998.99,1,True
FRA-lavavajillas-15-cubiertos-inoxidable-dre,Fravega,DREAN,Lavado,Lavavajillas 15 cubiertos Inoxidable Drean LVDR1506CI0,https://www.fravega.com/p/lavavajillas-15-cubiertos-inoxidable-drean-lvdr1506ci0-170689/,1199999.0,991734.71,1,True
FRA-secarropas-por-calor-philco-phsa035b-500,Fravega,PHILCO,Lavado,Secarropas Por Calor Philco PHSA035B,https://www.fravega.com/p/secarropas-por-calor-philco-phsa035b-50024764/,483999.0,379999.0,1,True
FRA-lavarropas-whirlpool-carga-superior-11kg,Fravega,WHIRLPOOL,Lavado,Lavarropas Whirlpool Carga Superior 11kg 700rpm WW11BTA Silver,https://www.fravega.com/p/lavarropas-whirlpool-carga-superior-11kg-700rpm-ww11bta-silver-170656/,1049999.0,999999.0,1,True
FRA-lavasecarropas-drean-carga-frontal-8-kg-,Fravega,DREAN,Lavado,Lavasecarropas Drean Carga Frontal 8 Kg LSCDR0805SG0,https://www.fravega.com/p/lavasecarropas-drean-carga-frontal-8-kg-lscdr0805sg0-170555/,1199999.0,991734.71,1,True
FRA-lavarropas-smartlife-6k-sl-wmu061000w-17,Fravega,OTRAS,Lavado,Lavarropas Smartlife 6K SL-WMU061000W,https://www.fravega.com/p/lavarropas-smartlife-6k-sl-wmu061000w-170465/,599999.0,509999.0,1,True
FRA-lavasecarropas-kanji-xpb55-655sp-semi-au,Fravega,OTRAS,Lavado,Lavasecarropas Kanji XPB55-655SP Semi Automático 5/4.5kg,https://www.fravega.com/p/lavasecarropas-kanji-xpb55-655sp-semi-automatico-5-4-5kg-170789/,399999.0,269999.0,1,True
FRA-lavarropas-lg-wm65gwvfs6-carga-frontal-i,Fravega,LG,Lavado,Lavarropas LG WM65GWVFS6 Carga Frontal Inverter 6.5kg  White,https://www.fravega.com/p/lavarropas-lg-wm65gwvfs6-carga-frontal-inverter-6-5kg-white-170672/,899999.0,679999.0,1,True
FRA-lavarropas-carga-frontal-6-5kg-800-rpm-p,Fravega,PHILCO,Lavado,"Lavarropas Carga Frontal 6,5Kg 800 RPM Philco PHLF6510B2",https://www.fravega.com/p/lavarropas-carga-frontal-6-5kg-800-rpm-philco-phlf6510b2-170614/,719999.0,529999.0,1,True
FRA-lavarropas-carga-superior-6-5-kg-800-rpm,Fravega,DREAN,Lavado,"Lavarropas Carga Superior 6,5 Kg 800 RPM Gris Drean LSDR0680TS0",https://www.fravega.com/p/lavarropas-carga-superior-6-5-kg-800-rpm-gris-drean-lsdr0680ts0-990278485/,830699.0,599999.0,1,True
FRA-lavarropas-carga-frontal-electrolux-8-5k,Fravega,OTRAS,Lavado,"Lavarropas Carga Frontal Electrolux 8,5kg blanco Inverter ELAF208W",https://www.fravega.com/p/lavarropas-carga-frontal-electrolux-8-5kg-blanco-inverter-elaf208w-990268583/,979665.56,811163.0,1,True
FRA-lavarropas-carga-superior-gafa-fuzzyfit-,Fravega,GAFA,Lavado,Lavarropas Carga Superior Gafa FuzzyFit 7kg Blanco,https://www.fravega.com/p/lavarropas-carga-superior-gafa-fuzzyfit-7kg-blanco-50029870/,707221.1,617404.0,1,True
FRA-lavavajillas-sobre-mesada-philco-phlj05b,Fravega,PHILCO,Lavado,Lavavajillas Sobre Mesada Philco PHLJ05B 5 Cubiertos Blanco,https://www.fravega.com/p/lavavajillas-sobre-mesada-philco-phlj05b-5-cubiertos-blanco-170320/,616399.0,449999.0,1,True
FRA-lavarropas-automatico-inverter-drean-10-,Fravega,DREAN,Lavado,Lavarropas Automático Inverter Drean 10 Kg 1200 RPM LCFDR1012SB0,https://www.fravega.com/p/lavarropas-automatico-inverter-drean-10-kg-1200-rpm-lcfdr1012sb0-170650/,1099999.0,999999.0,1,True
FRA-lavasecarropas-electrolux-10-5kg-7kg-lsc,Fravega,OTRAS,Lavado,"Lavasecarropas Electrolux 10,5Kg 7KG LSC11",https://www.fravega.com/p/lavasecarropas-electrolux-10-5kg-7kg-lsc11-171092/,1166999.0,1099999.0,1,True
FRA-secarropas-centrifugo-drean-qv-5-5kg-281,Fravega,DREAN,Lavado,Secarropas Centrifugo Drean QV 5.5Kg,https://www.fravega.com/p/secarropas-centrifugo-drean-qv-5-5kg-281791/,239999.0,199999.0,1,True
FRA-lavarropas-carga-frontal-inverter-whirlp,Fravega,WHIRLPOOL,Lavado,Lavarropas Carga Frontal Inverter Whirlpool 9kg 1400rpm WNQ90AS Gris,https://www.fravega.com/p/lavarropas-carga-frontal-inverter-whirlpool-9kg-1400rpm-wnq90as-gris-170446/,1249999.0,1033057.02,1,True
FRA-lavarropas-midea-carga-frontal-6kg-1000r,Fravega,MIDEA,Lavado,Lavarropas Midea Carga Frontal 6kg 1000rpm MF100 Titanium,https://www.fravega.com/p/lavarropas-midea-carga-frontal-6kg-1000rpm-mf100-titanium-170550/,819999.0,529999.0,1,True
FRA-lavasecarropas-carga-frontal-noblex-10-5,Fravega,NOBLEX,Lavado,"Lavasecarropas Carga frontal Noblex 10,5 Kg 7 Kg 1200 RPM NOLS1057DGN",https://www.fravega.com/p/lavasecarropas-carga-frontal-noblex-10-5-kg-7-kg-1200-rpm-nols1057dgn--170909/,1599999.0,949999.0,1,True
FRA-lavarropas-drean-inverter-7kg-grafito-lf,Fravega,DREAN,Lavado,Lavarropas Drean Inverter 7Kg Grafito LFDR0710ISG0,https://www.fravega.com/p/lavarropas-drean-inverter-7kg-grafito-lfdr0710isg0--170821/,825999.0,699999.0,1,True
FRA-lavasecarropas-gadnic-12kg-lavado-8kg-se,Fravega,OTRAS,Lavado,Lavasecarropas Gadnic 12Kg Lavado 8Kg Secado 1200RPM Inverter Automatico Frontal 1800W,https://www.fravega.com/p/lavasecarropas-gadnic-12kg-lavado-8kg-secado-1200rpm-inverter-automatico-frontal-1800w-990290950/,1189499.0,914999.0,1,True
FRA-lavarropas-smartlife-sl-wmi1151400w-inve,Fravega,OTRAS,Lavado,Lavarropas Smartlife SL-WMI1151400W Inverter 11.5KG Blanco,https://www.fravega.com/p/lavarropas-smartlife-sl-wmi1151400w-inverter-11-5kg-blanco-990247339/,999999.0,699999.3,1,True
FRA-lavarropas-automatico-carga-superior-phi,Fravega,PHILCO,Lavado,Lavarropas Automático Carga Superior Philco 5 Kg 700 RPM PHLS67GN,https://www.fravega.com/p/lavarropas-automatico-carga-superior-philco-5-kg-700-rpm-phls67gn--170703/,499999.0,449999.0,1,True
FRA-secarropas-drean-sed090vgcl0-9k-gris-280,Fravega,DREAN,Lavado,Secarropas Drean SED090VGCL0 9K Gris,https://www.fravega.com/p/secarropas-drean-sed090vgcl0-9k-gris-280081/,949999.0,799999.0,1,True
FRA-lavasecarropas-samsung-wd11a4453-ecobubb,Fravega,SAMSUNG,Lavado,Lavasecarropas Samsung WD11A4453 Ecobubble Inox 11kg,https://www.fravega.com/p/lavasecarropas-samsung-wd11a4453-ecobubble-inox-11kg-990293537/,1899999.0,1329999.3,1,True
FRA-lavarropas-drean-11-5kg-inverter-lfdr111,Fravega,DREAN,Lavado,"Lavarropas Drean 11,5Kg Inverter LFDR1114ISG Gris",https://www.fravega.com/p/lavarropas-drean-11-5kg-inverter-lfdr1114isg-gris-170638/,1249999.0,1199999.0,1,True
FRA-lavasecarropas-carga-frontal-inverter-11,Fravega,DREAN,Lavado,Lavasecarropas Carga Frontal Inverter 11 Kg Drean Lscdr1106i,https://www.fravega.com/p/lavasecarropas-carga-frontal-inverter-11-kg-drean-lscdr1106i-990049574/,1754999.0,919999.0,1,True
FRA-lavasecarropas-carga-frontal-inverter-mi,Fravega,MIDEA,Lavado,Lavasecarropas Carga Frontal Inverter Midea 12kg 8Kg 1400rpm MF200D120B/T-A1,https://www.fravega.com/p/lavasecarropas-carga-frontal-inverter-midea-12kg-8kg-1400rpm-mf200d120b-t-a1-170500/,1699999.0,1099999.0,1,True
FRA-lavarropas-whirlpool-carga-frontal-7kg-i,Fravega,WHIRLPOOL,Lavado,Lavarropas Whirlpool Carga Frontal 7kg Inverter Titanium,https://www.fravega.com/p/lavarropas-whirlpool-carga-frontal-7kg-inverter-titanium-170822/,849999.0,799999.0,1,True
FRA-lavarropas-comfee-8kg-blanco-cfn03w80-w-,Fravega,OTRAS,Lavado,Lavarropas Comfee 8kg Blanco Cfn03w80/w-ar Blanco,https://www.fravega.com/p/lavarropas-comfee-8kg-blanco-cfn03w80-w-ar-blanco-990293156/,849999.0,522599.0,1,True
FRA-secarropas-centrifugo-koh-i-noor-a-665-2,Fravega,OTRAS,Lavado,"Secarropas Centrifugo KOH-I-NOOR A-665/2 6,5 Kg",https://www.fravega.com/p/secarropas-centrifugo-koh-i-noor-a-665-2-6-5-kg-280026/,371999.0,335999.0,1,True
FRA-lavarropas-automatico-codini-inverter-st,Fravega,OTRAS,Lavado,Lavarropas Automático Codini Inverter Steam 6kgs 1000 Rpm Gris,https://www.fravega.com/p/lavarropas-automatico-codini-inverter-steam-6kgs-1000-rpm-gris-22646290/,824999.0,599999.0,1,True
FRA-lavarropas-gafa-lgs070s-carga-superior-f,Fravega,LG,Lavado,Lavarropas Gafa LGS070S Carga Superior Fuzzy 7 Kg Silver,https://www.fravega.com/p/lavarropas-gafa-lgs070s-carga-superior-fuzzy-7-kg-silver-170843/,700399.0,629999.0,1,True
FRA-lavarropas-automatico-electrolux-7-kg-12,Fravega,OTRAS,Lavado,Lavarropas Automático Electrolux 7 Kg 1200 RPM ELAF207W,https://www.fravega.com/p/lavarropas-automatico-electrolux-7-kg-1200-rpm-elaf207w-170560/,749999.0,689999.0,1,True
FRA-lavavajillas-philco-predicta-15-cubierto,Fravega,PHILCO,Lavado,Lavavajillas Philco Predicta 15 Cubiertos Inverter Dark Inox,https://www.fravega.com/p/lavavajillas-philco-predicta-15-cubiertos-inverter-dark-inox-990265110/,1209999.0,999998.99,1,True
FRA-lavavajillas-15-cubiertos-inoxidable-dre,Fravega,DREAN,Lavado,Lavavajillas 15 cubiertos Inoxidable Drean LVDR1506CI0,https://www.fravega.com/p/lavavajillas-15-cubiertos-inoxidable-drean-lvdr1506ci0-170689/,1199999.0,991734.71,1,True
FRA-secarropas-por-calor-philco-phsa035b-500,Fravega,PHILCO,Lavado,Secarropas Por Calor Philco PHSA035B,https://www.fravega.com/p/secarropas-por-calor-philco-phsa035b-50024764/,483999.0,379999.0,1,True
FRA-lavarropas-whirlpool-carga-superior-11kg,Fravega,WHIRLPOOL,Lavado,Lavarropas Whirlpool Carga Superior 11kg 700rpm WW11BTA Silver,https://www.fravega.com/p/lavarropas-whirlpool-carga-superior-11kg-700rpm-ww11bta-silver-170656/,1049999.0,999999.0,1,True
FRA-lavasecarropas-drean-carga-frontal-8-kg-,Fravega,DREAN,Lavado,Lavasecarropas Drean Carga Frontal 8 Kg LSCDR0805SG0,https://www.fravega.com/p/lavasecarropas-drean-carga-frontal-8-kg-lscdr0805sg0-170555/,1199999.0,991734.71,1,True
FRA-lavarropas-carga-frontal-philco-inverter,Fravega,PHILCO,Lavado,Lavarropas Carga Frontal Philco Inverter 6 Kg Blanco PHLF67BN,https://www.fravega.com/p/lavarropas-carga-frontal-philco-inverter-6-kg-blanco-phlf67bn-990292663/,725999.0,539999.01,1,True
FRA-combo-lavarropas-bgh-inverter-carga-fron,Fravega,BGH,Lavado,Combo Lavarropas BGH Inverter Carga Frontal Negro 9kg + Camiseta BGH adidas Talle L,https://www.fravega.com/p/combo-lavarropas-bgh-inverter-carga-frontal-negro-9kg-camiseta-bgh-adidas-talle-l-990295578/,1399999.0,1099999.0,1,True
FRA-lavarropas-inverter-smartlife-11-5-kg-14,Fravega,OTRAS,Lavado,Lavarropas Inverter Smartlife 11.5 Kg 1400 RPM SL-WMI1151400GW,https://www.fravega.com/p/lavarropas-inverter-smartlife-11-5-kg-1400-rpm-sl-wmi1151400gw-170729/,1049999.0,769999.0,1,True
FRA-lavarropas-semiautomatico-drean-5kg-lrdr,Fravega,DREAN,Lavado,Lavarropas Semiautomático Drean 5Kg LRDR57SB0 Blanco,https://www.fravega.com/p/lavarropas-semiautomatico-drean-5kg-lrdr57sb0-blanco-170492/,1784999.0,189999.0,1,True
FRA-lavavajillas-whirlpool-wlv14sy-14c-17012,Fravega,WHIRLPOOL,Lavado,Lavavajillas Whirlpool WLV14SY 14C,https://www.fravega.com/p/lavavajillas-whirlpool-wlv14sy-14c-170123/,1399999.0,1299999.0,1,True
FRA-lavarropas-automatico-inverter-drean-6kg,Fravega,DREAN,Lavado,Lavarropas Automático Inverter Drean 6Kg 1000 RPM LCFDR0610LB0,https://www.fravega.com/p/lavarropas-automatico-inverter-drean-6kg-1000-rpm-lcfdr0610lb0-170579/,749999.0,729999.0,1,True
FRA-secarropas-centrifugo-koh-i-noor-b-665-2,Fravega,OTRAS,Lavado,"Secarropas Centrifugo KOH-I-NOOR B-665/2 6,5 Kg",https://www.fravega.com/p/secarropas-centrifugo-koh-i-noor-b-665-2-6-5-kg-280029/,335999.0,279999.0,1,True
FRA-secarropas-centrifugo-codini-advance-ad6,Fravega,OTRAS,Lavado,Secarropas Centrífugo Codini Advance AD65 Blanco 2800 RPM,https://www.fravega.com/p/secarropas-centrifugo-codini-advance-ad65-blanco-2800-rpm-289175/,236999.0,199999.0,1,True
FRA-lavarropas-midea-carga-frontal-inverter-,Fravega,MIDEA,Lavado,Lavarropas Midea Carga Frontal Inverter Wi-Fi 8kg 1400rpm MF200 Blanco,https://www.fravega.com/p/lavarropas-midea-carga-frontal-inverter-wi-fi-8kg-1400rpm-mf200-blanco-170548/,894999.0,749999.0,1,True
FRA-lavasecarropas-automatico-carga-frontal-,Fravega,MIDEA,Lavado,Lavasecarropas Automático Carga Frontal Inverter Midea 8Kg 6Kg 1400 RPM MF200D80WB/T,https://www.fravega.com/p/lavasecarropas-automatico-carga-frontal-inverter-midea-8kg-6kg-1400-rpm-mf200d80wb-t-170712/,1199999.0,999999.0,1,True
FRA-secarropas-por-calor-de-pared-rebatible-,Fravega,OTRAS,Lavado,Secarropas por calor de pared rebatible Columbia SCP 6000,https://www.fravega.com/p/secarropas-por-calor-de-pared-rebatible-columbia-scp-6000-50021781/,249900.0,199900.0,1,True
FRA-lavasecarropas-philco-11-6-kg-carga-fron,Fravega,PHILCO,Lavado,Lavasecarropas Philco 11/6 Kg Carga Frontal Inverter Gris PHLS116-7GN,https://www.fravega.com/p/lavasecarropas-philco-11-6-kg-carga-frontal-inverter-gris-phls116-7gn-990286682/,1341999.0,1219999.0,1,True
FRA-lavarropa-kanji-4kg-automatico-silver-ca,Fravega,OTRAS,Lavado,Lavarropa Kanji 4Kg Automatico Silver Carga Superior,https://www.fravega.com/p/lavarropa-kanji-4kg-automatico-silver-carga-superior-22722612/,495999.0,314999.0,1,True
FRA-lavarropas-semiautomatico-codini-4051-10,Fravega,OTRAS,Lavado,Lavarropas Semiautomatico Codini 4051 10KG,https://www.fravega.com/p/lavarropas-semiautomatico-codini-4051-10kg-170055/,229999.0,169999.0,1,True
FRA-lavarropas-midea-carga-frontal-6kg-1000r,Fravega,MIDEA,Lavado,Lavarropas Midea Carga Frontal 6kg 1000rpm MF100 Titanium,https://www.fravega.com/p/lavarropas-midea-carga-frontal-6kg-1000rpm-mf100-titanium-170550/,819999.0,529999.0,1,True
FRA-lavasecarropas-carga-frontal-noblex-10-5,Fravega,NOBLEX,Lavado,"Lavasecarropas Carga frontal Noblex 10,5 Kg 7 Kg 1200 RPM NOLS1057DGN",https://www.fravega.com/p/lavasecarropas-carga-frontal-noblex-10-5-kg-7-kg-1200-rpm-nols1057dgn--170909/,1599999.0,949999.0,1,True
FRA-lavarropas-drean-inverter-7kg-grafito-lf,Fravega,DREAN,Lavado,Lavarropas Drean Inverter 7Kg Grafito LFDR0710ISG0,https://www.fravega.com/p/lavarropas-drean-inverter-7kg-grafito-lfdr0710isg0--170821/,825999.0,699999.0,1,True
FRA-lavasecarropas-gadnic-12kg-lavado-8kg-se,Fravega,OTRAS,Lavado,Lavasecarropas Gadnic 12Kg Lavado 8Kg Secado 1200RPM Inverter Automatico Frontal 1800W,https://www.fravega.com/p/lavasecarropas-gadnic-12kg-lavado-8kg-secado-1200rpm-inverter-automatico-frontal-1800w-990290950/,1189499.0,914999.0,1,True
FRA-lavarropas-smartlife-sl-wmi1151400w-inve,Fravega,OTRAS,Lavado,Lavarropas Smartlife SL-WMI1151400W Inverter 11.5KG Blanco,https://www.fravega.com/p/lavarropas-smartlife-sl-wmi1151400w-inverter-11-5kg-blanco-990247339/,999999.0,699999.3,1,True
FRA-lavarropas-automatico-carga-superior-phi,Fravega,PHILCO,Lavado,Lavarropas Automático Carga Superior Philco 5 Kg 700 RPM PHLS67GN,https://www.fravega.com/p/lavarropas-automatico-carga-superior-philco-5-kg-700-rpm-phls67gn--170703/,499999.0,449999.0,1,True
FRA-secarropas-drean-sed090vgcl0-9k-gris-280,Fravega,DREAN,Lavado,Secarropas Drean SED090VGCL0 9K Gris,https://www.fravega.com/p/secarropas-drean-sed090vgcl0-9k-gris-280081/,949999.0,799999.0,1,True
FRA-lavasecarropas-samsung-wd11a4453-ecobubb,Fravega,SAMSUNG,Lavado,Lavasecarropas Samsung WD11A4453 Ecobubble Inox 11kg,https://www.fravega.com/p/lavasecarropas-samsung-wd11a4453-ecobubble-inox-11kg-990293537/,1899999.0,1329999.3,1,True
FRA-lavarropas-drean-11-5kg-inverter-lfdr111,Fravega,DREAN,Lavado,"Lavarropas Drean 11,5Kg Inverter LFDR1114ISG Gris",https://www.fravega.com/p/lavarropas-drean-11-5kg-inverter-lfdr1114isg-gris-170638/,1249999.0,1199999.0,1,True
FRA-lavasecarropas-carga-frontal-inverter-11,Fravega,DREAN,Lavado,Lavasecarropas Carga Frontal Inverter 11 Kg Drean Lscdr1106i,https://www.fravega.com/p/lavasecarropas-carga-frontal-inverter-11-kg-drean-lscdr1106i-990049574/,1754999.0,919999.0,1,True
FRA-lavasecarropas-carga-frontal-inverter-mi,Fravega,MIDEA,Lavado,Lavasecarropas Carga Frontal Inverter Midea 12kg 8Kg 1400rpm MF200D120B/T-A1,https://www.fravega.com/p/lavasecarropas-carga-frontal-inverter-midea-12kg-8kg-1400rpm-mf200d120b-t-a1-170500/,1699999.0,1099999.0,1,True
FRA-lavarropas-whirlpool-carga-frontal-7kg-i,Fravega,WHIRLPOOL,Lavado,Lavarropas Whirlpool Carga Frontal 7kg Inverter Titanium,https://www.fravega.com/p/lavarropas-whirlpool-carga-frontal-7kg-inverter-titanium-170822/,849999.0,799999.0,1,True
FRA-lavarropas-comfee-8kg-blanco-cfn03w80-w-,Fravega,OTRAS,Lavado,Lavarropas Comfee 8kg Blanco Cfn03w80/w-ar Blanco,https://www.fravega.com/p/lavarropas-comfee-8kg-blanco-cfn03w80-w-ar-blanco-990293156/,849999.0,522599.0,1,True
FRA-secarropas-centrifugo-koh-i-noor-a-665-2,Fravega,OTRAS,Lavado,"Secarropas Centrifugo KOH-I-NOOR A-665/2 6,5 Kg",https://www.fravega.com/p/secarropas-centrifugo-koh-i-noor-a-665-2-6-5-kg-280026/,371999.0,335999.0,1,True
FRA-lavarropas-automatico-codini-inverter-st,Fravega,OTRAS,Lavado,Lavarropas Automático Codini Inverter Steam 6kgs 1000 Rpm Gris,https://www.fravega.com/p/lavarropas-automatico-codini-inverter-steam-6kgs-1000-rpm-gris-22646290/,824999.0,599999.0,1,True
FRA-lavarropas-gafa-lgs070s-carga-superior-f,Fravega,LG,Lavado,Lavarropas Gafa LGS070S Carga Superior Fuzzy 7 Kg Silver,https://www.fravega.com/p/lavarropas-gafa-lgs070s-carga-superior-fuzzy-7-kg-silver-170843/,700399.0,629999.0,1,True
FRA-lavarropas-automatico-electrolux-7-kg-12,Fravega,OTRAS,Lavado,Lavarropas Automático Electrolux 7 Kg 1200 RPM ELAF207W,https://www.fravega.com/p/lavarropas-automatico-electrolux-7-kg-1200-rpm-elaf207w-170560/,749999.0,689999.0,1,True
FRA-lavavajillas-philco-predicta-15-cubierto,Fravega,PHILCO,Lavado,Lavavajillas Philco Predicta 15 Cubiertos Inverter Dark Inox,https://www.fravega.com/p/lavavajillas-philco-predicta-15-cubiertos-inverter-dark-inox-990265110/,1209999.0,999998.99,1,True
FRA-lavavajillas-15-cubiertos-inoxidable-dre,Fravega,DREAN,Lavado,Lavavajillas 15 cubiertos Inoxidable Drean LVDR1506CI0,https://www.fravega.com/p/lavavajillas-15-cubiertos-inoxidable-drean-lvdr1506ci0-170689/,1199999.0,991734.71,1,True
FRA-secarropas-por-calor-philco-phsa035b-500,Fravega,PHILCO,Lavado,Secarropas Por Calor Philco PHSA035B,https://www.fravega.com/p/secarropas-por-calor-philco-phsa035b-50024764/,483999.0,379999.0,1,True
FRA-lavarropas-whirlpool-carga-superior-11kg,Fravega,WHIRLPOOL,Lavado,Lavarropas Whirlpool Carga Superior 11kg 700rpm WW11BTA Silver,https://www.fravega.com/p/lavarropas-whirlpool-carga-superior-11kg-700rpm-ww11bta-silver-170656/,1049999.0,999999.0,1,True
FRA-lavasecarropas-drean-carga-frontal-8-kg-,Fravega,DREAN,Lavado,Lavasecarropas Drean Carga Frontal 8 Kg LSCDR0805SG0,https://www.fravega.com/p/lavasecarropas-drean-carga-frontal-8-kg-lscdr0805sg0-170555/,1199999.0,991734.71,1,True
FRA-lavarropas-carga-frontal-philco-inverter,Fravega,PHILCO,Lavado,Lavarropas Carga Frontal Philco Inverter 6 Kg Blanco PHLF67BN,https://www.fravega.com/p/lavarropas-carga-frontal-philco-inverter-6-kg-blanco-phlf67bn-990292663/,725999.0,539999.01,1,True
FRA-lavarropas-ecoinverter-10-5-kg-1200-rpm-,Fravega,DREAN,Lavado,"Lavarropas Ecoinverter 10,5 Kg 1200 RPM Blanco Drean LCFDR1012SB0",https://www.fravega.com/p/lavarropas-ecoinverter-10-5-kg-1200-rpm-blanco-drean-lcfdr1012sb0-990276139/,1429999.0,999999.0,1,True
FRA-lavasecarropas-smartlife-11-5kg-sl-wdi11,Fravega,OTRAS,Lavado,Lavasecarropas Smartlife 11.5KG SL-WDI11581400G Gris,https://www.fravega.com/p/lavasecarropas-smartlife-11-5kg-sl-wdi11581400g-gris-170564/,1299999.0,999999.0,1,True
FRA-secarropas-centrifugo-ecologico-koh-i-no,Fravega,OTRAS,Lavado,"Secarropas Centrífugo Ecológico Koh-I-Noor N-755/Eco 5,5 Kg Negro",https://www.fravega.com/p/secarropas-centrifugo-ecologico-koh-i-noor-n-755-eco-5-5-kg-negro-280054/,309999.0,269999.0,1,True
FRA-lavavajillas-whirlpool-wsfo3t2x-sense-in,Fravega,WHIRLPOOL,Lavado,Lavavajillas Whirlpool WSFO3T2X Sense Inverter 10C Inox,https://www.fravega.com/p/lavavajillas-whirlpool-wsfo3t2x-sense-inverter-10c-inox-170194/,1199999.0,1099999.0,1,True
FRA-secarropas-whirlpool-por-calor-7-kg-1000,Fravega,WHIRLPOOL,Lavado,Secarropas Whirlpool Por Calor 7 KG,https://www.fravega.com/p/secarropas-whirlpool-por-calor-7-kg-10009364/,889999.0,819999.0,1,True
FRA-lavarropas-gafa-lgs055w-carga-superior-f,Fravega,LG,Lavado,"Lavarropas Gafa LGS055W Carga Superior Fuzzy 5,5 Kg 650 RPM Blanco",https://www.fravega.com/p/lavarropas-gafa-lgs055w-carga-superior-fuzzy-5-5-kg-650-rpm-blanco-170845/,545899.0,519999.0,1,True
FRA-lavarropas-automatico-inverter-drean-8kg,Fravega,DREAN,Lavado,Lavarropas Automático Inverter Drean 8Kg 1400 RPM LCFDR0814SG0,https://www.fravega.com/p/lavarropas-automatico-inverter-drean-8kg-1400-rpm-lcfdr0814sg0-170632/,999999.0,826445.45,1,True
FRA-lavasecarropas-smartlife-inverter-11-5kg,Fravega,OTRAS,Lavado,Lavasecarropas Smartlife Inverter 11.5KG SL-WDI11581400W Blanco,https://www.fravega.com/p/lavasecarropas-smartlife-inverter-11-5kg-sl-wdi11581400w-blanco-170528/,1199999.0,899999.0,1,True
FRA-lavasecarropas-samsung-inverter-9-5kg-wd,Fravega,SAMSUNG,Lavado,"Lavasecarropas Samsung Inverter 9,5kg WD95A4453BX",https://www.fravega.com/p/lavasecarropas-samsung-inverter-9-5kg-wd95a4453bx-170459/,1899999.0,1699999.0,1,True
FRA-lavarropas-carga-superior-6-5-kg-800-rpm,Fravega,DREAN,Lavado,"Lavarropas Carga Superior 6,5 Kg 800 RPM Blanco Drean LSDR0680TB0",https://www.fravega.com/p/lavarropas-carga-superior-6-5-kg-800-rpm-blanco-drean-lsdr0680tb0-990278484/,805999.0,549999.0,1,True
FRA-lavarropas-bgh-bwfi08s24ar-carga-frontal,Fravega,BGH,Lavado,Lavarropas BGH BWFI08S24AR Carga Frontal Inverter 8kg Silver,https://www.fravega.com/p/lavarropas-bgh-bwfi08s24ar-carga-frontal-inverter-8kg-silver-170825/,1599999.0,779999.0,1,True
FRA-lavarropas-lg-carga-frontal-12kg-ai-dd-i,Fravega,LG,Lavado,Lavarropas LG Carga Frontal 12Kg AI DD Inverter Gris Oscuro WM12BVC4S6,https://www.fravega.com/p/lavarropas-lg-carga-frontal-12kg-ai-dd-inverter-gris-oscuro-wm12bvc4s6-990295685/,1539999.0,1399999.0,1,True
FRA-aire-acondicionado-split-frio-calor-hise,Fravega,HISENSE,Aires Acondicionados,Aire Acondicionado Split Frío/Calor Hisense 2750W 2300F 27HR4SYRKG00N,https://www.fravega.com/p/aire-acondicionado-split-frio-calor-hisense-2750w-2300f-27hr4syrkg00n-20889/,699999.0,549999.0,1,True
FRA-aire-acondicionado-split-frio-calor-hise,Fravega,HISENSE,Aires Acondicionados,Aire Acondicionado Split Frío/Calor Hisense 3400W 2900F 34HR4SVRKG03PX4,https://www.fravega.com/p/aire-acondicionado-split-frio-calor-hisense-3400w-2900f-34hr4svrkg03px4-20890/,799999.0,499999.0,1,True
FRA-estufa-garrafera-kanjihome-kjh-heatgasbt,Fravega,OTRAS,Aires Acondicionados,Estufa Garrafera KanjiHome KJH-HEATGASBTL4000B,https://www.fravega.com/p/estufa-garrafera-kanjihome-kjh-heatgasbtl4000b-130694/,149999.0,129999.0,1,True
FRA-calefactor-infrarrojo-liliana-ci650-2200,Fravega,LILIANA,Aires Acondicionados,Calefactor Infrarrojo Liliana CI650 2200W,https://www.fravega.com/p/calefactor-infrarrojo-liliana-ci650-2200w-130892/,157999.0,119999.0,1,True
FRA-calefactor-electrico-longvie-ee2k-130233,Fravega,OTRAS,Aires Acondicionados,Calefactor Eléctrico Longvie EE2K,https://www.fravega.com/p/calefactor-electrico-longvie-ee2k-130233/,249999.0,179999.0,1,True
FRA-aire-acondicionado-lg-inverter-dualcool-,Fravega,LG,Aires Acondicionados,Aire Acondicionado LG Inverter DUALCOOL WiFi Frío/Calor 6000 Frigorías S4-W24K231E,https://www.fravega.com/p/aire-acondicionado-lg-inverter-dualcool-wifi-frio-calor-6000-frigorias-s4-w24k231e-990247379/,2254999.0,2049999.0,1,True
FRA-panel-de-mica-liliana-cfm717-2000w-13014,Fravega,LILIANA,Aires Acondicionados,Panel de Mica Liliana CFM717 2000W,https://www.fravega.com/p/panel-de-mica-liliana-cfm717-2000w-130144/,199999.0,139999.0,1,True
FRA-aire-acondicionado-split-on-off-2503-kca,Fravega,OTRAS,Aires Acondicionados,Aire Acondicionado Split On/off 2503 Kcal/h - Comfee,https://www.fravega.com/p/aire-acondicionado-split-on-off-2503-kcal-h-comfee-990225598/,905999.0,599999.0,1,True
FRA-aire-acondicionado-carrier-inverter-spli,Fravega,OTRAS,Aires Acondicionados,Aire Acondicionado Carrier Inverter Split Frío/Calor 53HVP12N81E 3600W 3100F,https://www.fravega.com/p/aire-acondicionado-carrier-inverter-split-frio-calor-53hvp12n81e-3600w-3100f-21055/,949999.0,899999.0,1,True
FRA-estufa-a-gas-emege-patagonia-9150-sce-50,Fravega,OTRAS,Aires Acondicionados,Estufa a Gas Emege Patagonia 9150 SCE 5000Kcal Multigas,https://www.fravega.com/p/estufa-a-gas-emege-patagonia-9150-sce-5000kcal-multigas-130382/,299999.0,269999.0,1,True
FRA-aire-acondicionado-frio-calor-bgh-split-,Fravega,BGH,Aires Acondicionados,Aire Acondicionado Frío/Calor BGH Split Inverter 3139F BSI37WCNX,https://www.fravega.com/p/aire-acondicionado-frio-calor-bgh-split-inverter-3139f-bsi37wcnx-990249086/,1299999.0,889999.0,1,True
FRA-aire-acondicionado-lg-inverter-dualcool-,Fravega,LG,Aires Acondicionados,Aire Acondicionado LG Inverter DUALCOOL WiFi Frío Calor 3000 Frigorías S4-W12JA31A,https://www.fravega.com/p/aire-acondicionado-lg-inverter-dualcool-wifi-frio-calor-3000-frigorias-s4-w12ja31a-990247380/,1534499.0,1249998.99,1,True
FRA-convector-electrico-liliana-cng17-2000w-,Fravega,LILIANA,Aires Acondicionados,Convector Eléctrico Liliana CNG17 2000W,https://www.fravega.com/p/convector-electrico-liliana-cng17-2000w-130110/,109999.0,89999.0,1,True
FRA-aire-acondicionado-split-frio-calor-phil,Fravega,PHILCO,Aires Acondicionados,Aire Acondicionado Split Frío/Calor Philco 4400F 5200W PHS50HA4CN,https://www.fravega.com/p/aire-acondicionado-split-frio-calor-philco-4400f-5200w-phs50ha4cn-21136/,997389.0,824288.43,1,True
FRA-aire-acondicionado-siam-split-frio-calor,Fravega,OTRAS,Aires Acondicionados,Aire Acondicionado Siam Split Frío/calor 2365fg SMS25HA4CN,https://www.fravega.com/p/aire-acondicionado-siam-split-frio-calor-2365fg-sms25ha4cn-990251792/,879999.0,599999.0,1,True
FRA-caloventor-liliana-cfh420-2000w-130894,Fravega,LILIANA,Aires Acondicionados,Caloventor Liliana CFH420 2000W,https://www.fravega.com/p/caloventor-liliana-cfh420-2000w-130894/,51999.0,34999.0,1,True
FRA-panel-calefactor-vitroceramico-2000w-gad,Fravega,OTRAS,Aires Acondicionados,Panel Calefactor Vitrocerámico 2000W Gadnic Con Termostato Vidrio Templado 3 Niveles,https://www.fravega.com/p/panel-calefactor-vitroceramico-2000w-gadnic-con-termostato-vidrio-templado-3-niveles-990289428/,154764.0,119049.0,1,True
FRA-aire-acondicionado-split-inverter-midea-,Fravega,MIDEA,Aires Acondicionados,Aire Acondicionado Split Inverter Midea FC 8750W 7525F MSAGIC-30H-N10M,https://www.fravega.com/p/aire-acondicionado-split-inverter-midea-fc-8750w-7525f-msagic-30h-n10m-21238/,2999999.0,1899999.0,1,True
FRA-calefactor-sin-ventilacion-longvie-eca2s,Fravega,OTRAS,Aires Acondicionados,Calefactor Sin Ventilación Longvie ECA2S 2200 kcal/h,https://www.fravega.com/p/calefactor-sin-ventilacion-longvie-eca2s-2200-kcal-h-130051/,259999.0,199999.0,1,True
FRA-aire-acondicionado-lg-inverter-artcool-f,Fravega,LG,Aires Acondicionados,Aire Acondicionado LG Inverter ARTCOOL Frío/Calor 6000W S4-W24K2RPE,https://www.fravega.com/p/aire-acondicionado-lg-inverter-artcool-frio-calor-6000w-s4-w24k2rpe-990247382/,3079999.0,2699999.0,1,True
FRA-aire-acondicionado-split-frio-calor-bgh-,Fravega,BGH,Aires Acondicionados,Aire Acondicionado Split Frío/Calor BGH Inverter 4730F BSI55WCNX,https://www.fravega.com/p/aire-acondicionado-split-frio-calor-bgh-inverter-4730f-bsi55wcnx-990249355/,2659998.0,1369999.0,1,True
FRA-split-comfee-inverter-r-32-3096-kcal-h-f,Fravega,OTRAS,Aires Acondicionados,Split Comfee Inverter R-32 3096 kCal/h Frío Calor,https://www.fravega.com/p/split-comfee-inverter-r-32-3096-kcal-h-frio-calor-990175069/,1143999.0,699998.99,1,True
FRA-aire-acondicionado-split-frio-calor-sams,Fravega,SAMSUNG,Aires Acondicionados,Aire Acondicionado Split Frío/Calor Samsung Inverter 4500F AR40F18,https://www.fravega.com/p/aire-acondicionado-split-frio-calor-samsung-inverter-4500f-ar40f18-990257268/,2399999.0,1509999.0,1,True
FRA-aire-acondicionado-lg-inverter-lg-dualco,Fravega,LG,Aires Acondicionados,Aire Acondicionado LG Inverter LG DUALCOOL WiFi Frío Calor 4500 Frigorías S4-W18KL31A,https://www.fravega.com/p/aire-acondicionado-lg-inverter-lg-dualcool-wifi-frio-calor-4500-frigorias-s4-w18kl31a-990247383/,1649999.0,1499999.01,1,True
FRA-aire-acondicionado-split-frio-calor-phil,Fravega,PHILCO,Aires Acondicionados,Aire Acondicionado Split Frío/Calor Philco 5400F 6300W  PHS60HA4CN,https://www.fravega.com/p/aire-acondicionado-split-frio-calor-philco-5400f-6300w-phs60ha4cn-20644/,1299999.0,1074379.34,1,True
FRA-aire-acondicionado-bgh-split-inverter-fr,Fravega,BGH,Aires Acondicionados,Aire Acondicionado Bgh Split Inverter Frio/calor 3100F 3650W Blanco BSI37WCNX,https://www.fravega.com/p/aire-acondicionado-bgh-split-inverter-frio-calor-3100f-3650w-blanco-bsi37wcnx-21206/,899999.0,743800.83,1,True
FRA-aire-acondicionado-philco-inverter-3200f,Fravega,PHILCO,Aires Acondicionados,Aire Acondicionado Philco Inverter 3200F 3750W PHIN37HA2AN,https://www.fravega.com/p/aire-acondicionado-philco-inverter-3200f-3750w-phin37ha2an-21134/,820979.0,678495.04,1,True
FRA-aire-acondicionado-split-frio-calor-hise,Fravega,HISENSE,Aires Acondicionados,Aire Acondicionado Split Frío/Calor Hisense 2750W 2300F 27HR4SYRKG00N,https://www.fravega.com/p/aire-acondicionado-split-frio-calor-hisense-2750w-2300f-27hr4syrkg00n-20889/,699999.0,549999.0,1,True
FRA-aire-acondicionado-split-frio-calor-hise,Fravega,HISENSE,Aires Acondicionados,Aire Acondicionado Split Frío/Calor Hisense 3400W 2900F 34HR4SVRKG03PX4,https://www.fravega.com/p/aire-acondicionado-split-frio-calor-hisense-3400w-2900f-34hr4svrkg03px4-20890/,799999.0,499999.0,1,True
FRA-estufa-garrafera-kanjihome-kjh-heatgasbt,Fravega,OTRAS,Aires Acondicionados,Estufa Garrafera KanjiHome KJH-HEATGASBTL4000B,https://www.fravega.com/p/estufa-garrafera-kanjihome-kjh-heatgasbtl4000b-130694/,149999.0,129999.0,1,True
FRA-aire-acondicionado-inverter-split-frio-c,Fravega,HISENSE,Aires Acondicionados,Aire Acondicionado Inverter Split Frío/Calor Hisense 3500W 3000F 96AS12UR4SVRCD00PX4N,https://www.fravega.com/p/aire-acondicionado-inverter-split-frio-calor-hisense-3500w-3000f-96as12ur4svrcd00px4n-21168/,799999.0,661156.2,1,True
FRA-aire-acondicionado-split-frio-calor-sams,Fravega,SAMSUNG,Aires Acondicionados,Aire Acondicionado Split Frío/Calor Samsung Inverter 5200F AR40F24,https://www.fravega.com/p/aire-acondicionado-split-frio-calor-samsung-inverter-5200f-ar40f24-990257266/,2699999.0,1529999.0,1,True
FRA-calefactor-infrarrojo-liliana-ci650-2200,Fravega,LILIANA,Aires Acondicionados,Calefactor Infrarrojo Liliana CI650 2200W,https://www.fravega.com/p/calefactor-infrarrojo-liliana-ci650-2200w-130892/,157999.0,119999.0,1,True
FRA-calefactor-electrico-longvie-ee2k-130233,Fravega,OTRAS,Aires Acondicionados,Calefactor Eléctrico Longvie EE2K,https://www.fravega.com/p/calefactor-electrico-longvie-ee2k-130233/,249999.0,179999.0,1,True
FRA-aire-acondicionado-lg-inverter-dualcool-,Fravega,LG,Aires Acondicionados,Aire Acondicionado LG Inverter DUALCOOL WiFi Frío/Calor 6000 Frigorías S4-W24K231E,https://www.fravega.com/p/aire-acondicionado-lg-inverter-dualcool-wifi-frio-calor-6000-frigorias-s4-w24k231e-990247379/,2254999.0,2049999.0,1,True
FRA-panel-de-mica-liliana-cfm717-2000w-13014,Fravega,LILIANA,Aires Acondicionados,Panel de Mica Liliana CFM717 2000W,https://www.fravega.com/p/panel-de-mica-liliana-cfm717-2000w-130144/,199999.0,139999.0,1,True
FRA-aire-acondicionado-split-on-off-2503-kca,Fravega,OTRAS,Aires Acondicionados,Aire Acondicionado Split On/off 2503 Kcal/h - Comfee,https://www.fravega.com/p/aire-acondicionado-split-on-off-2503-kcal-h-comfee-990225598/,905999.0,599999.0,1,True
FRA-aire-acondicionado-carrier-inverter-spli,Fravega,OTRAS,Aires Acondicionados,Aire Acondicionado Carrier Inverter Split Frío/Calor 53HVP12N81E 3600W 3100F,https://www.fravega.com/p/aire-acondicionado-carrier-inverter-split-frio-calor-53hvp12n81e-3600w-3100f-21055/,949999.0,899999.0,1,True
FRA-estufa-a-gas-emege-patagonia-9150-sce-50,Fravega,OTRAS,Aires Acondicionados,Estufa a Gas Emege Patagonia 9150 SCE 5000Kcal Multigas,https://www.fravega.com/p/estufa-a-gas-emege-patagonia-9150-sce-5000kcal-multigas-130382/,299999.0,269999.0,1,True
FRA-aire-acondicionado-frio-calor-bgh-split-,Fravega,BGH,Aires Acondicionados,Aire Acondicionado Frío/Calor BGH Split Inverter 3139F BSI37WCNX,https://www.fravega.com/p/aire-acondicionado-frio-calor-bgh-split-inverter-3139f-bsi37wcnx-990249086/,1299999.0,889999.0,1,True
FRA-aire-acondicionado-inverter-split-tcl-br,Fravega,TCL,Aires Acondicionados,Aire Acondicionado Inverter Split TCL Breeze TACA-6400W,https://www.fravega.com/p/aire-acondicionado-inverter-split-tcl-breeze-taca-6400w-21242/,1399999.0,1157023.97,1,True
FRA-aire-acondicionado-lg-inverter-dualcool-,Fravega,LG,Aires Acondicionados,Aire Acondicionado LG Inverter DUALCOOL WiFi Frío Calor 3000 Frigorías S4-W12JA31A,https://www.fravega.com/p/aire-acondicionado-lg-inverter-dualcool-wifi-frio-calor-3000-frigorias-s4-w12ja31a-990247380/,1534499.0,1249998.99,1,True
FRA-convector-electrico-liliana-cng17-2000w-,Fravega,LILIANA,Aires Acondicionados,Convector Eléctrico Liliana CNG17 2000W,https://www.fravega.com/p/convector-electrico-liliana-cng17-2000w-130110/,109999.0,89999.0,1,True
FRA-aire-acondicionado-split-frio-calor-phil,Fravega,PHILCO,Aires Acondicionados,Aire Acondicionado Split Frío/Calor Philco 4400F 5200W PHS50HA4CN,https://www.fravega.com/p/aire-acondicionado-split-frio-calor-philco-4400f-5200w-phs50ha4cn-21136/,997389.0,824288.43,1,True
FRA-aire-acondicionado-siam-split-frio-calor,Fravega,OTRAS,Aires Acondicionados,Aire Acondicionado Siam Split Frío/calor 2365fg SMS25HA4CN,https://www.fravega.com/p/aire-acondicionado-siam-split-frio-calor-2365fg-sms25ha4cn-990251792/,879999.0,599999.0,1,True
FRA-caloventor-liliana-cfh420-2000w-130894,Fravega,LILIANA,Aires Acondicionados,Caloventor Liliana CFH420 2000W,https://www.fravega.com/p/caloventor-liliana-cfh420-2000w-130894/,51999.0,34999.0,1,True
FRA-panel-calefactor-vitroceramico-2000w-gad,Fravega,OTRAS,Aires Acondicionados,Panel Calefactor Vitrocerámico 2000W Gadnic Con Termostato Vidrio Templado 3 Niveles,https://www.fravega.com/p/panel-calefactor-vitroceramico-2000w-gadnic-con-termostato-vidrio-templado-3-niveles-990289428/,154764.0,119049.0,1,True
FRA-aire-acondicionado-split-inverter-midea-,Fravega,MIDEA,Aires Acondicionados,Aire Acondicionado Split Inverter Midea FC 8750W 7525F MSAGIC-30H-N10M,https://www.fravega.com/p/aire-acondicionado-split-inverter-midea-fc-8750w-7525f-msagic-30h-n10m-21238/,2999999.0,1899999.0,1,True
FRA-calefactor-sin-ventilacion-longvie-eca2s,Fravega,OTRAS,Aires Acondicionados,Calefactor Sin Ventilación Longvie ECA2S 2200 kcal/h,https://www.fravega.com/p/calefactor-sin-ventilacion-longvie-eca2s-2200-kcal-h-130051/,259999.0,199999.0,1,True
FRA-aire-acondicionado-lg-inverter-artcool-f,Fravega,LG,Aires Acondicionados,Aire Acondicionado LG Inverter ARTCOOL Frío/Calor 6000W S4-W24K2RPE,https://www.fravega.com/p/aire-acondicionado-lg-inverter-artcool-frio-calor-6000w-s4-w24k2rpe-990247382/,3079999.0,2699999.0,1,True
FRA-aire-acondicionado-philco-split-frio-cal,Fravega,PHILCO,Aires Acondicionados,Aire Acondicionado Philco Split Frío/calor 2881 Frigorías Blanco 220v - 240v Phs32ha3an,https://www.fravega.com/p/aire-acondicionado-philco-split-frio-calor-2881-frigorias-blanco-220v-240v-phs32ha3an-20085749/,899000.0,749000.0,1,True
FRA-aire-acondicionado-split-hisense-frio-ca,Fravega,HISENSE,Aires Acondicionados,Aire Acondicionado Split Hisense Frío/Calor 5418 Fg 6300W AS22HR4SXTKG00N,https://www.fravega.com/p/aire-acondicionado-split-hisense-frio-calor-5418-fg-6300w-as22hr4sxtkg00n-990263570/,1536699.0,1379999.0,1,True
FRA-nuevo-aire-acondicionado-r32-philco-inve,Fravega,PHILCO,Aires Acondicionados,Nuevo Aire Acondicionado R32 PHILCO Inverter 3750W,https://www.fravega.com/p/nuevo-aire-acondicionado-r32-philco-inverter-3750w-22715978/,1099000.0,869000.0,1,True
FRA-aire-acondicionado-likon-split-inverter-,Fravega,OTRAS,Aires Acondicionados,Aire Acondicionado Likon Split Inverter Frío/Calor 3000F,https://www.fravega.com/p/aire-acondicionado-likon-split-inverter-frio-calor-3000f-990290214/,1299998.0,709999.0,1,True
FRA-aire-acondicionado-split-frio-calor-sams,Fravega,SAMSUNG,Aires Acondicionados,Aire Acondicionado Split Frío/Calor Samsung Inverter 2580F AR40F12,https://www.fravega.com/p/aire-acondicionado-split-frio-calor-samsung-inverter-2580f-ar40f12-990257267/,1629999.0,959999.0,1,True
FRA-aire-acondicionado-hisense-split-inverte,Fravega,HISENSE,Aires Acondicionados,Aire Acondicionado Hisense Split Inverter 5500w AS18UR4SXSCD00PX4,https://www.fravega.com/p/aire-acondicionado-hisense-split-inverter-5500w-as18ur4sxscd00px4-990245172/,1649999.0,1199999.0,1,True
FRA-aire-acondicionado-lg-inverter-artcool-f,Fravega,LG,Aires Acondicionados,Aire Acondicionado LG Inverter ARTCOOL Frío/Calor 3000 Frigorías,https://www.fravega.com/p/aire-acondicionado-lg-inverter-artcool-frio-calor-3000-frigorias-990247381/,1649999.0,1499999.01,1,True
FRA-aire-acondicionado-split-carrier-xpower-,Fravega,OTRAS,Aires Acondicionados,Aire Acondicionado Split Carrier XPOWER Inverter HVN09GN81F Frio Calor,https://www.fravega.com/p/aire-acondicionado-split-carrier-xpower-inverter-hvn09gn81f-frio-calor-22485941/,1020798.84,843635.4,1,True
FRA-aire-acondicionado-samsung-split-inverte,Fravega,SAMSUNG,Aires Acondicionados,Aire Acondicionado Samsung Split Inverter 2500F 3000W AR40F12C0AM2BG,https://www.fravega.com/p/aire-acondicionado-samsung-split-inverter-2500f-3000w-ar40f12c0am2bg-21051/,1199999.0,979999.0,1,True
FRA-aire-acondicionado-portatil-smart-midea-,Fravega,MIDEA,Aires Acondicionados,Aire Acondicionado Portátil Smart Midea Blanco Frío/calor Blanco,https://www.fravega.com/p/aire-acondicionado-portatil-smart-midea-blanco-frio-calor-blanco-990288931/,967999.0,599999.0,1,True
FRA-aire-acondicionado-inverter-frio-calor-4,Fravega,HISENSE,Aires Acondicionados,Aire Acondicionado Inverter Frío/Calor 4700 Fg 5500W Hisense AS18UR4SXSCA00BKN,https://www.fravega.com/p/aire-acondicionado-inverter-frio-calor-4700-fg-5500w-hisense-as18ur4sxsca00bkn-990245089/,1682999.0,1353999.0,1,True
FRA-aire-acondicionado-portatil-frio-calor-s,Fravega,OTRAS,Aires Acondicionados,Aire Acondicionado Portátil Frío Calor Sansei SAP26HC9AN,https://www.fravega.com/p/aire-acondicionado-portatil-frio-calor-sansei-sap26hc9an-21122/,699999.0,599999.0,1,True
FRA-aire-acondicionado-split-frio-calor-inve,Fravega,HISENSE,Aires Acondicionados,Aire Acondicionado Split Frío/Calor Inverter Hisense 5500W 4700F 55UR4SXSCA,https://www.fravega.com/p/aire-acondicionado-split-frio-calor-inverter-hisense-5500w-4700f-55ur4sxsca-20907/,1499999.0,1399999.0,1,True
FRA-aire-acondicionado-split-inverter-frio-c,Fravega,TCL,Aires Acondicionados,Aire Acondicionado Split Inverter Frío/Calor TCL Breeze IN 3100W 2600F TACA-3100FCSA/TPRO2 INV-F,https://www.fravega.com/p/aire-acondicionado-split-inverter-frio-calor-tcl-breeze-3100w-2600f-taca-3100fcsa-tpro2-inv-f-20881/,1199999.0,729999.0,1,True
FRA-aire-acondicionado-ventana-frio-solo-phi,Fravega,PHILCO,Aires Acondicionados,Aire Acondicionado Ventana Frío Solo Philco PHW25CA3AN 2150F 2500W,https://www.fravega.com/p/aire-acondicionado-ventana-frio-solo-philco-phw25ca3an-2150f-2500w-20575/,889999.0,649999.0,1,True
FRA-aire-acondicionado-split-frio-calor-hise,Fravega,HISENSE,Aires Acondicionados,Aire Acondicionado Split Frío/Calor Hisense 2750W 2300F 27HR4SYRKG00N,https://www.fravega.com/p/aire-acondicionado-split-frio-calor-hisense-2750w-2300f-27hr4syrkg00n-20889/,699999.0,549999.0,1,True
FRA-aire-acondicionado-split-frio-calor-hise,Fravega,HISENSE,Aires Acondicionados,Aire Acondicionado Split Frío/Calor Hisense 3400W 2900F 34HR4SVRKG03PX4,https://www.fravega.com/p/aire-acondicionado-split-frio-calor-hisense-3400w-2900f-34hr4svrkg03px4-20890/,799999.0,499999.0,1,True
FRA-estufa-garrafera-kanjihome-kjh-heatgasbt,Fravega,OTRAS,Aires Acondicionados,Estufa Garrafera KanjiHome KJH-HEATGASBTL4000B,https://www.fravega.com/p/estufa-garrafera-kanjihome-kjh-heatgasbtl4000b-130694/,149999.0,129999.0,1,True
FRA-calefactor-infrarrojo-liliana-ci650-2200,Fravega,LILIANA,Aires Acondicionados,Calefactor Infrarrojo Liliana CI650 2200W,https://www.fravega.com/p/calefactor-infrarrojo-liliana-ci650-2200w-130892/,157999.0,119999.0,1,True
FRA-calefactor-electrico-longvie-ee2k-130233,Fravega,OTRAS,Aires Acondicionados,Calefactor Eléctrico Longvie EE2K,https://www.fravega.com/p/calefactor-electrico-longvie-ee2k-130233/,249999.0,179999.0,1,True
FRA-aire-acondicionado-lg-inverter-dualcool-,Fravega,LG,Aires Acondicionados,Aire Acondicionado LG Inverter DUALCOOL WiFi Frío/Calor 6000 Frigorías S4-W24K231E,https://www.fravega.com/p/aire-acondicionado-lg-inverter-dualcool-wifi-frio-calor-6000-frigorias-s4-w24k231e-990247379/,2254999.0,2049999.0,1,True
FRA-panel-de-mica-liliana-cfm717-2000w-13014,Fravega,LILIANA,Aires Acondicionados,Panel de Mica Liliana CFM717 2000W,https://www.fravega.com/p/panel-de-mica-liliana-cfm717-2000w-130144/,199999.0,139999.0,1,True
FRA-aire-acondicionado-split-on-off-2503-kca,Fravega,OTRAS,Aires Acondicionados,Aire Acondicionado Split On/off 2503 Kcal/h - Comfee,https://www.fravega.com/p/aire-acondicionado-split-on-off-2503-kcal-h-comfee-990225598/,905999.0,599999.0,1,True
FRA-aire-acondicionado-carrier-inverter-spli,Fravega,OTRAS,Aires Acondicionados,Aire Acondicionado Carrier Inverter Split Frío/Calor 53HVP12N81E 3600W 3100F,https://www.fravega.com/p/aire-acondicionado-carrier-inverter-split-frio-calor-53hvp12n81e-3600w-3100f-21055/,949999.0,899999.0,1,True
FRA-estufa-a-gas-emege-patagonia-9150-sce-50,Fravega,OTRAS,Aires Acondicionados,Estufa a Gas Emege Patagonia 9150 SCE 5000Kcal Multigas,https://www.fravega.com/p/estufa-a-gas-emege-patagonia-9150-sce-5000kcal-multigas-130382/,299999.0,269999.0,1,True
FRA-aire-acondicionado-frio-calor-bgh-split-,Fravega,BGH,Aires Acondicionados,Aire Acondicionado Frío/Calor BGH Split Inverter 3139F BSI37WCNX,https://www.fravega.com/p/aire-acondicionado-frio-calor-bgh-split-inverter-3139f-bsi37wcnx-990249086/,1299999.0,889999.0,1,True
FRA-aire-acondicionado-lg-inverter-dualcool-,Fravega,LG,Aires Acondicionados,Aire Acondicionado LG Inverter DUALCOOL WiFi Frío Calor 3000 Frigorías S4-W12JA31A,https://www.fravega.com/p/aire-acondicionado-lg-inverter-dualcool-wifi-frio-calor-3000-frigorias-s4-w12ja31a-990247380/,1534499.0,1249998.99,1,True
FRA-convector-electrico-liliana-cng17-2000w-,Fravega,LILIANA,Aires Acondicionados,Convector Eléctrico Liliana CNG17 2000W,https://www.fravega.com/p/convector-electrico-liliana-cng17-2000w-130110/,109999.0,89999.0,1,True
FRA-aire-acondicionado-split-frio-calor-phil,Fravega,PHILCO,Aires Acondicionados,Aire Acondicionado Split Frío/Calor Philco 4400F 5200W PHS50HA4CN,https://www.fravega.com/p/aire-acondicionado-split-frio-calor-philco-4400f-5200w-phs50ha4cn-21136/,997389.0,824288.43,1,True
FRA-aire-acondicionado-siam-split-frio-calor,Fravega,OTRAS,Aires Acondicionados,Aire Acondicionado Siam Split Frío/calor 2365fg SMS25HA4CN,https://www.fravega.com/p/aire-acondicionado-siam-split-frio-calor-2365fg-sms25ha4cn-990251792/,879999.0,599999.0,1,True
FRA-caloventor-liliana-cfh420-2000w-130894,Fravega,LILIANA,Aires Acondicionados,Caloventor Liliana CFH420 2000W,https://www.fravega.com/p/caloventor-liliana-cfh420-2000w-130894/,51999.0,34999.0,1,True
FRA-panel-calefactor-vitroceramico-2000w-gad,Fravega,OTRAS,Aires Acondicionados,Panel Calefactor Vitrocerámico 2000W Gadnic Con Termostato Vidrio Templado 3 Niveles,https://www.fravega.com/p/panel-calefactor-vitroceramico-2000w-gadnic-con-termostato-vidrio-templado-3-niveles-990289428/,154764.0,119049.0,1,True
FRA-aire-acondicionado-split-inverter-midea-,Fravega,MIDEA,Aires Acondicionados,Aire Acondicionado Split Inverter Midea FC 8750W 7525F MSAGIC-30H-N10M,https://www.fravega.com/p/aire-acondicionado-split-inverter-midea-fc-8750w-7525f-msagic-30h-n10m-21238/,2999999.0,1899999.0,1,True
FRA-calefactor-sin-ventilacion-longvie-eca2s,Fravega,OTRAS,Aires Acondicionados,Calefactor Sin Ventilación Longvie ECA2S 2200 kcal/h,https://www.fravega.com/p/calefactor-sin-ventilacion-longvie-eca2s-2200-kcal-h-130051/,259999.0,199999.0,1,True
FRA-aire-acondicionado-philco-split-frio-cal,Fravega,PHILCO,Aires Acondicionados,Aire Acondicionado Philco Split Frio/calor 4472 Frigorías Blanco 220v Phs50ha4cn,https://www.fravega.com/p/aire-acondicionado-philco-split-frio-calor-4472-frigorias-blanco-220v-phs50ha4cn-20051996/,1099000.0,949000.0,1,True
FRA-aire-acondicionado-split-frio-calor-hita,Fravega,OTRAS,Aires Acondicionados,Aire Acondicionado Split Frio/Calor Hitachi 3200W HSP3200FCE,https://www.fravega.com/p/aire-acondicionado-split-frio-calor-hitachi-3200w-hsp3200fce-20764/,949999.0,699999.0,1,True
FRA-aire-acondicionado-hyundai-inverter-con-,Fravega,OTRAS,Aires Acondicionados,Aire Acondicionado Hyundai Inverter con Wi-Fi 3200W F/C,https://www.fravega.com/p/aire-acondicionado-hyundai-inverter-con-wi-fi-3200w-f-c-990195325/,1088889.0,980000.01,1,True
FRA-aire-acondicionado-split-frio-calor-bgh-,Fravega,BGH,Aires Acondicionados,Aire Acondicionado Split Frío/Calor BGH 3100F BS35WCDW,https://www.fravega.com/p/aire-acondicionado-split-frio-calor-bgh-3100f-bs35wcdw-990247363/,1099999.0,799998.99,1,True
FRA-aire-acondicionado-split-frio-calor-inve,Fravega,HISENSE,Aires Acondicionados,Aire Acondicionado Split Frío/Calor Inverter Hisense 5500W 4700F 55UR4SXSCD,https://www.fravega.com/p/aire-acondicionado-split-frio-calor-inverter-hisense-5500w-4700f-55ur4sxscd-20950/,1399999.0,1299999.0,1,True
FRA-aire-acondicionado-ventana-frio-solo-phi,Fravega,PHILCO,Aires Acondicionados,Aire Acondicionado Ventana Frío Solo Philco PHW32CA3AN 2838F 3300W,https://www.fravega.com/p/aire-acondicionado-ventana-frio-solo-philco-phw32ca3an-2838f-3300w-20483/,939999.0,759999.0,1,True
FRA-aire-acondicionado-split-frio-calor-phil,Fravega,PHILCO,Aires Acondicionados,Aire Acondicionado Split Frio Calor Philco Phs32ha4cn,https://www.fravega.com/p/aire-acondicionado-split-frio-calor-philco-phs32ha4cn-21196682/,855075.93,793999.0,1,True
FRA-split-comfee-inverter-r-32-4601-kcal-h-f,Fravega,OTRAS,Aires Acondicionados,Split Comfee Inverter R-32 4601 kCal/h Frío Calor,https://www.fravega.com/p/split-comfee-inverter-r-32-4601-kcal-h-frio-calor-990175070/,1799999.0,1151999.0,1,True
FRA-aire-acondicionado-split-inverter-surrey,Fravega,SURREY,Aires Acondicionados,Aire Acondicionado Split Inverter Surrey 553NIQ18GN81F F/C 4600 kcal/h,https://www.fravega.com/p/aire-acondicionado-split-inverter-surrey-553niq18gn81f-f-c-4600-kcal-h-22060391/,1554398.84,1284627.14,1,True
FRA-aire-acondicionado-split-surrey-inverter,Fravega,SURREY,Aires Acondicionados,Aire Acondicionado Split Surrey Inverter 553NIQ09GN81F 2356kcal/h Frio Calor,https://www.fravega.com/p/aire-acondicionado-split-surrey-inverter-553niq09gn81f-2356kcal-h-frio-calor-22477717/,997598.84,824461.85,1,True
FRA-aire-acondicionado-lg-inverter-artcool-f,Fravega,LG,Aires Acondicionados,Aire Acondicionado LG Inverter ARTCOOL Frío/Calor 6000W S4-W24K2RPE,https://www.fravega.com/p/aire-acondicionado-lg-inverter-artcool-frio-calor-6000w-s4-w24k2rpe-990247382/,3079999.0,2699999.0,1,True
FRA-aire-acondicionado-samsung-6150w-inverte,Fravega,SAMSUNG,Aires Acondicionados,Aire Acondicionado SAMSUNG 6150W Inverter F/C,https://www.fravega.com/p/aire-acondicionado-samsung-6150w-inverter-f-c-22672810/,2699000.0,1899000.0,1,True
FRA-aire-acondicionado-split-frio-calor-hise,Fravega,HISENSE,Aires Acondicionados,Aire Acondicionado Split Frío/Calor Hisense 5200W 4400F 52HR4SXSKG00PX4N,https://www.fravega.com/p/aire-acondicionado-split-frio-calor-hisense-5200w-4400f-52hr4sxskg00px4n-20917/,1299999.0,1099999.0,1,True
FRA-aire-acondicionado-split-carrier-53hfg18,Fravega,OTRAS,Aires Acondicionados,Aire Acondicionado Split Carrier 53HFG1801E,https://www.fravega.com/p/aire-acondicionado-split-carrier-53hfg1801e-20706/,1299999.0,1074379.34,1,True
FRA-aire-acondicionado-philco-split-frio-cal,Fravega,PHILCO,Aires Acondicionados,Aire Acondicionado Philco Split Frío/calor 5418 Frigorías Blanco 220v Phs60ha4cn,https://www.fravega.com/p/aire-acondicionado-philco-split-frio-calor-5418-frigorias-blanco-220v-phs60ha4cn-20059707/,1599000.0,1199000.0,1,True
FRA-aire-acondicionado-split-frio-calor-hise,Fravega,HISENSE,Aires Acondicionados,Aire Acondicionado Split Frío/Calor Hisense 2750W 2300F 27HR4SYRKG00N,https://www.fravega.com/p/aire-acondicionado-split-frio-calor-hisense-2750w-2300f-27hr4syrkg00n-20889/,699999.0,549999.0,1,True
FRA-aire-acondicionado-split-frio-calor-hise,Fravega,HISENSE,Aires Acondicionados,Aire Acondicionado Split Frío/Calor Hisense 3400W 2900F 34HR4SVRKG03PX4,https://www.fravega.com/p/aire-acondicionado-split-frio-calor-hisense-3400w-2900f-34hr4svrkg03px4-20890/,799999.0,499999.0,1,True
FRA-estufa-garrafera-kanjihome-kjh-heatgasbt,Fravega,OTRAS,Aires Acondicionados,Estufa Garrafera KanjiHome KJH-HEATGASBTL4000B,https://www.fravega.com/p/estufa-garrafera-kanjihome-kjh-heatgasbtl4000b-130694/,149999.0,129999.0,1,True
FRA-calefactor-infrarrojo-liliana-ci650-2200,Fravega,LILIANA,Aires Acondicionados,Calefactor Infrarrojo Liliana CI650 2200W,https://www.fravega.com/p/calefactor-infrarrojo-liliana-ci650-2200w-130892/,157999.0,119999.0,1,True
FRA-calefactor-electrico-longvie-ee2k-130233,Fravega,OTRAS,Aires Acondicionados,Calefactor Eléctrico Longvie EE2K,https://www.fravega.com/p/calefactor-electrico-longvie-ee2k-130233/,249999.0,179999.0,1,True
FRA-aire-acondicionado-lg-inverter-dualcool-,Fravega,LG,Aires Acondicionados,Aire Acondicionado LG Inverter DUALCOOL WiFi Frío/Calor 6000 Frigorías S4-W24K231E,https://www.fravega.com/p/aire-acondicionado-lg-inverter-dualcool-wifi-frio-calor-6000-frigorias-s4-w24k231e-990247379/,2254999.0,2049999.0,1,True
FRA-panel-de-mica-liliana-cfm717-2000w-13014,Fravega,LILIANA,Aires Acondicionados,Panel de Mica Liliana CFM717 2000W,https://www.fravega.com/p/panel-de-mica-liliana-cfm717-2000w-130144/,199999.0,139999.0,1,True
FRA-aire-acondicionado-split-on-off-2503-kca,Fravega,OTRAS,Aires Acondicionados,Aire Acondicionado Split On/off 2503 Kcal/h - Comfee,https://www.fravega.com/p/aire-acondicionado-split-on-off-2503-kcal-h-comfee-990225598/,905999.0,599999.0,1,True
FRA-aire-acondicionado-carrier-inverter-spli,Fravega,OTRAS,Aires Acondicionados,Aire Acondicionado Carrier Inverter Split Frío/Calor 53HVP12N81E 3600W 3100F,https://www.fravega.com/p/aire-acondicionado-carrier-inverter-split-frio-calor-53hvp12n81e-3600w-3100f-21055/,949999.0,899999.0,1,True
FRA-estufa-a-gas-emege-patagonia-9150-sce-50,Fravega,OTRAS,Aires Acondicionados,Estufa a Gas Emege Patagonia 9150 SCE 5000Kcal Multigas,https://www.fravega.com/p/estufa-a-gas-emege-patagonia-9150-sce-5000kcal-multigas-130382/,299999.0,269999.0,1,True
FRA-aire-acondicionado-frio-calor-bgh-split-,Fravega,BGH,Aires Acondicionados,Aire Acondicionado Frío/Calor BGH Split Inverter 3139F BSI37WCNX,https://www.fravega.com/p/aire-acondicionado-frio-calor-bgh-split-inverter-3139f-bsi37wcnx-990249086/,1299999.0,889999.0,1,True
FRA-aire-acondicionado-lg-inverter-dualcool-,Fravega,LG,Aires Acondicionados,Aire Acondicionado LG Inverter DUALCOOL WiFi Frío Calor 3000 Frigorías S4-W12JA31A,https://www.fravega.com/p/aire-acondicionado-lg-inverter-dualcool-wifi-frio-calor-3000-frigorias-s4-w12ja31a-990247380/,1534499.0,1249998.99,1,True
FRA-convector-electrico-liliana-cng17-2000w-,Fravega,LILIANA,Aires Acondicionados,Convector Eléctrico Liliana CNG17 2000W,https://www.fravega.com/p/convector-electrico-liliana-cng17-2000w-130110/,109999.0,89999.0,1,True
FRA-aire-acondicionado-split-frio-calor-phil,Fravega,PHILCO,Aires Acondicionados,Aire Acondicionado Split Frío/Calor Philco 4400F 5200W PHS50HA4CN,https://www.fravega.com/p/aire-acondicionado-split-frio-calor-philco-4400f-5200w-phs50ha4cn-21136/,997389.0,824288.43,1,True
FRA-aire-acondicionado-siam-split-frio-calor,Fravega,OTRAS,Aires Acondicionados,Aire Acondicionado Siam Split Frío/calor 2365fg SMS25HA4CN,https://www.fravega.com/p/aire-acondicionado-siam-split-frio-calor-2365fg-sms25ha4cn-990251792/,879999.0,599999.0,1,True
FRA-caloventor-liliana-cfh420-2000w-130894,Fravega,LILIANA,Aires Acondicionados,Caloventor Liliana CFH420 2000W,https://www.fravega.com/p/caloventor-liliana-cfh420-2000w-130894/,51999.0,34999.0,1,True
FRA-panel-calefactor-vitroceramico-2000w-gad,Fravega,OTRAS,Aires Acondicionados,Panel Calefactor Vitrocerámico 2000W Gadnic Con Termostato Vidrio Templado 3 Niveles,https://www.fravega.com/p/panel-calefactor-vitroceramico-2000w-gadnic-con-termostato-vidrio-templado-3-niveles-990289428/,154764.0,119049.0,1,True
FRA-aire-acondicionado-split-inverter-midea-,Fravega,MIDEA,Aires Acondicionados,Aire Acondicionado Split Inverter Midea FC 8750W 7525F MSAGIC-30H-N10M,https://www.fravega.com/p/aire-acondicionado-split-inverter-midea-fc-8750w-7525f-msagic-30h-n10m-21238/,2999999.0,1899999.0,1,True
FRA-calefactor-sin-ventilacion-longvie-eca2s,Fravega,OTRAS,Aires Acondicionados,Calefactor Sin Ventilación Longvie ECA2S 2200 kcal/h,https://www.fravega.com/p/calefactor-sin-ventilacion-longvie-eca2s-2200-kcal-h-130051/,259999.0,199999.0,1,True
FRA-aire-acondicionado-split-frio-calor-bgh-,Fravega,BGH,Aires Acondicionados,Aire Acondicionado Split Frío Calor BGH 3000F 3600W BS35WCDW,https://www.fravega.com/p/aire-acondicionado-split-frio-calor-bgh-3000f-3600w-bs35wcdw-20843/,799999.0,661156.2,1,True
FRA-aire-acondicionado-split-frio-calor-bgh-,Fravega,BGH,Aires Acondicionados,Aire Acondicionado Split Frío/Calor BGH 4644F BS54WCDW,https://www.fravega.com/p/aire-acondicionado-split-frio-calor-bgh-4644f-bs54wcdw-990257512/,2139999.0,1159999.0,1,True
FRA-aire-acondicionado-samsung-5200w-inverte,Fravega,SAMSUNG,Aires Acondicionados,Aire Acondicionado SAMSUNG 5200W Inverter F/C,https://www.fravega.com/p/aire-acondicionado-samsung-5200w-inverter-f-c-22672808/,1899000.0,1499000.0,1,True
FRA-aire-acondicionado-noblex-split-2750w-f-,Fravega,NOBLEX,Aires Acondicionados,Aire Acondicionado NOBLEX Split 2750W F/C On/Off,https://www.fravega.com/p/aire-acondicionado-noblex-split-2750w-f-c-on-off-22854226/,699000.0,577685.95,1,True
FRA-aire-acondicionado-siam-split-frio-calor,Fravega,OTRAS,Aires Acondicionados,Aire Acondicionado Siam Split Frío/calor SMS60HA4CN,https://www.fravega.com/p/aire-acondicionado-siam-split-frio-calor-sms60ha4cn-990291417/,1484999.0,1035999.0,1,True
FRA-aire-acondicionado-lg-inverter-artcool-f,Fravega,LG,Aires Acondicionados,Aire Acondicionado LG Inverter Artcool Frío Calor 6000fg,https://www.fravega.com/p/aire-acondicionado-lg-inverter-artcool-frio-calor-6000fg-990006064/,2999999.0,2699999.09,1,True
FRA-aire-acondicionado-inverter-split-frio-c,Fravega,OTRAS,Aires Acondicionados,Aire Acondicionado Inverter Split Frío/Calor Hyundai HY10INV 3200W 2700F,https://www.fravega.com/p/aire-acondicionado-inverter-split-frio-calor-hyundai-hy10inv-3200w-2700f-20732/,1149999.0,829999.0,1,True
FRA-aire-acondicionado-ventana-frio-philco-2,Fravega,PHILCO,Aires Acondicionados,Aire Acondicionado Ventana Frío Philco 2838F 220V PHW32CA3AN,https://www.fravega.com/p/aire-acondicionado-ventana-frio-philco-2838f-220v-phw32ca3an-20046271/,999999.0,799000.0,1,True
FRA-aire-acondicionado-philco-piso-techo-180,Fravega,PHILCO,Aires Acondicionados,Aire Acondicionado Philco Piso Techo 18000w Trifasico,https://www.fravega.com/p/aire-acondicionado-philco-piso-techo-18000w-trifasico-20051361/,3999000.0,3199000.0,1,True
FRA-aire-acondicionado-split-surrey-frio-cal,Fravega,SURREY,Aires Acondicionados,Aire Acondicionado Split Surrey Frío Calor 2950F 3430W 553GFQ1201F,https://www.fravega.com/p/aire-acondicionado-split-surrey-frio-calor-2950f-3430w-553gfq1201f-20773/,999999.0,899999.0,1,True
FRA-aire-split-inverter-frio-calor-lg-dual-c,Fravega,LG,Aires Acondicionados,Aire Split Inverter Frio Calor LG Dual Cool S4w18kl3 4500fg,https://www.fravega.com/p/aire-split-inverter-frio-calor-lg-dual-cool-s4w18kl3-4500fg-21182919/,1861999.0,1758999.0,1,True
FRA-aire-acondicionado-piso-techo-siam-on-of,Fravega,OTRAS,Aires Acondicionados,Aire Acondicionado Piso Techo SIAM On Off 6 Tn 18000 frig F/C,https://www.fravega.com/p/aire-acondicionado-piso-techo-siam-on-off-6-tn-18000-frig-f-c-21499537/,3999000.0,2999000.0,1,True
FRA-aire-acondicionado-split-surrey-niq22gn8,Fravega,SURREY,Aires Acondicionados,Aire Acondicionado Split Surrey NIQ22GN81F Inverter 6500W Frio/Calor WIFI,https://www.fravega.com/p/aire-acondicionado-split-surrey-niq22gn81f-inverter-6500w-frio-calor-wifi-22060392/,1971998.84,1629751.11,1,True
FRA-aire-acondicionado-hyundai-inverter-con-,Fravega,OTRAS,Aires Acondicionados,Aire Acondicionado Hyundai Inverter con Wi-Fi 6000W F/C,https://www.fravega.com/p/aire-acondicionado-hyundai-inverter-con-wi-fi-6000w-f-c-990195324/,2054444.0,1849000.0,1,True
FRA-aire-acondicionado-hyundai-inverter-con-,Fravega,OTRAS,Aires Acondicionados,Aire Acondicionado Hyundai Inverter con Wi-Fi 5000W F/C,https://www.fravega.com/p/aire-acondicionado-hyundai-inverter-con-wi-fi-5000w-f-c-990195323/,1605556.0,1444999.99,1,True
FRA-aire-acondicionado-split-frio-calor-hise,Fravega,HISENSE,Aires Acondicionados,Aire Acondicionado Split Frío/Calor Hisense 2750W 2300F 27HR4SYRKG00N,https://www.fravega.com/p/aire-acondicionado-split-frio-calor-hisense-2750w-2300f-27hr4syrkg00n-20889/,699999.0,549999.0,1,True
FRA-aire-acondicionado-split-frio-calor-hise,Fravega,HISENSE,Aires Acondicionados,Aire Acondicionado Split Frío/Calor Hisense 3400W 2900F 34HR4SVRKG03PX4,https://www.fravega.com/p/aire-acondicionado-split-frio-calor-hisense-3400w-2900f-34hr4svrkg03px4-20890/,799999.0,499999.0,1,True
FRA-estufa-garrafera-kanjihome-kjh-heatgasbt,Fravega,OTRAS,Aires Acondicionados,Estufa Garrafera KanjiHome KJH-HEATGASBTL4000B,https://www.fravega.com/p/estufa-garrafera-kanjihome-kjh-heatgasbtl4000b-130694/,149999.0,129999.0,1,True
FRA-calefactor-infrarrojo-liliana-ci650-2200,Fravega,LILIANA,Aires Acondicionados,Calefactor Infrarrojo Liliana CI650 2200W,https://www.fravega.com/p/calefactor-infrarrojo-liliana-ci650-2200w-130892/,157999.0,119999.0,1,True
FRA-calefactor-electrico-longvie-ee2k-130233,Fravega,OTRAS,Aires Acondicionados,Calefactor Eléctrico Longvie EE2K,https://www.fravega.com/p/calefactor-electrico-longvie-ee2k-130233/,249999.0,179999.0,1,True
FRA-aire-acondicionado-lg-inverter-dualcool-,Fravega,LG,Aires Acondicionados,Aire Acondicionado LG Inverter DUALCOOL WiFi Frío/Calor 6000 Frigorías S4-W24K231E,https://www.fravega.com/p/aire-acondicionado-lg-inverter-dualcool-wifi-frio-calor-6000-frigorias-s4-w24k231e-990247379/,2254999.0,2049999.0,1,True
FRA-panel-de-mica-liliana-cfm717-2000w-13014,Fravega,LILIANA,Aires Acondicionados,Panel de Mica Liliana CFM717 2000W,https://www.fravega.com/p/panel-de-mica-liliana-cfm717-2000w-130144/,199999.0,139999.0,1,True
FRA-aire-acondicionado-split-on-off-2503-kca,Fravega,OTRAS,Aires Acondicionados,Aire Acondicionado Split On/off 2503 Kcal/h - Comfee,https://www.fravega.com/p/aire-acondicionado-split-on-off-2503-kcal-h-comfee-990225598/,905999.0,599999.0,1,True
FRA-aire-acondicionado-carrier-inverter-spli,Fravega,OTRAS,Aires Acondicionados,Aire Acondicionado Carrier Inverter Split Frío/Calor 53HVP12N81E 3600W 3100F,https://www.fravega.com/p/aire-acondicionado-carrier-inverter-split-frio-calor-53hvp12n81e-3600w-3100f-21055/,949999.0,899999.0,1,True
FRA-estufa-a-gas-emege-patagonia-9150-sce-50,Fravega,OTRAS,Aires Acondicionados,Estufa a Gas Emege Patagonia 9150 SCE 5000Kcal Multigas,https://www.fravega.com/p/estufa-a-gas-emege-patagonia-9150-sce-5000kcal-multigas-130382/,299999.0,269999.0,1,True
FRA-aire-acondicionado-frio-calor-bgh-split-,Fravega,BGH,Aires Acondicionados,Aire Acondicionado Frío/Calor BGH Split Inverter 3139F BSI37WCNX,https://www.fravega.com/p/aire-acondicionado-frio-calor-bgh-split-inverter-3139f-bsi37wcnx-990249086/,1299999.0,889999.0,1,True
FRA-aire-acondicionado-lg-inverter-dualcool-,Fravega,LG,Aires Acondicionados,Aire Acondicionado LG Inverter DUALCOOL WiFi Frío Calor 3000 Frigorías S4-W12JA31A,https://www.fravega.com/p/aire-acondicionado-lg-inverter-dualcool-wifi-frio-calor-3000-frigorias-s4-w12ja31a-990247380/,1534499.0,1249998.99,1,True
FRA-convector-electrico-liliana-cng17-2000w-,Fravega,LILIANA,Aires Acondicionados,Convector Eléctrico Liliana CNG17 2000W,https://www.fravega.com/p/convector-electrico-liliana-cng17-2000w-130110/,109999.0,89999.0,1,True
FRA-aire-acondicionado-split-frio-calor-phil,Fravega,PHILCO,Aires Acondicionados,Aire Acondicionado Split Frío/Calor Philco 4400F 5200W PHS50HA4CN,https://www.fravega.com/p/aire-acondicionado-split-frio-calor-philco-4400f-5200w-phs50ha4cn-21136/,997389.0,824288.43,1,True
FRA-aire-acondicionado-siam-split-frio-calor,Fravega,OTRAS,Aires Acondicionados,Aire Acondicionado Siam Split Frío/calor 2365fg SMS25HA4CN,https://www.fravega.com/p/aire-acondicionado-siam-split-frio-calor-2365fg-sms25ha4cn-990251792/,879999.0,599999.0,1,True
FRA-caloventor-liliana-cfh420-2000w-130894,Fravega,LILIANA,Aires Acondicionados,Caloventor Liliana CFH420 2000W,https://www.fravega.com/p/caloventor-liliana-cfh420-2000w-130894/,51999.0,34999.0,1,True
FRA-panel-calefactor-vitroceramico-2000w-gad,Fravega,OTRAS,Aires Acondicionados,Panel Calefactor Vitrocerámico 2000W Gadnic Con Termostato Vidrio Templado 3 Niveles,https://www.fravega.com/p/panel-calefactor-vitroceramico-2000w-gadnic-con-termostato-vidrio-templado-3-niveles-990289428/,154764.0,119049.0,1,True
FRA-aire-acondicionado-split-inverter-midea-,Fravega,MIDEA,Aires Acondicionados,Aire Acondicionado Split Inverter Midea FC 8750W 7525F MSAGIC-30H-N10M,https://www.fravega.com/p/aire-acondicionado-split-inverter-midea-fc-8750w-7525f-msagic-30h-n10m-21238/,2999999.0,1899999.0,1,True
FRA-calefactor-sin-ventilacion-longvie-eca2s,Fravega,OTRAS,Aires Acondicionados,Calefactor Sin Ventilación Longvie ECA2S 2200 kcal/h,https://www.fravega.com/p/calefactor-sin-ventilacion-longvie-eca2s-2200-kcal-h-130051/,259999.0,199999.0,1,True
FRA-aire-acondicionado-hisense-inverter-5500,Fravega,HISENSE,Aires Acondicionados,Aire Acondicionado HISENSE Inverter 5500 W NEGRO F/C,https://www.fravega.com/p/aire-acondicionado-hisense-inverter-5500-w-negro-f-c-22352337/,1799000.0,1499000.0,1,True
FRA-estufa-garrafera-plegable-daewoo-dany701,Fravega,OTRAS,Aires Acondicionados,Estufa Garrafera Plegable Daewoo Dany701 Alta Eficiencia,https://www.fravega.com/p/estufa-garrafera-plegable-daewoo-dany701-alta-eficiencia-22461526/,361998.59,202119.0,1,True
FRA-aire-acondicionado-enova-portatil-3500-w,Fravega,OTRAS,Aires Acondicionados,Aire Acondicionado Enova portátil 3500 W 3010 fg Frío/Calor Blanco,https://www.fravega.com/p/aire-acondicionado-enova-portatil-3500-w-3010-fg-frio-calor-blanco-22475708/,856666.0,707988.43,1,True
FRA-control-remoto-universal-de-aire-acondic,Fravega,OTRAS,Aires Acondicionados,Control Remoto Universal De Aire Acondicionad Frio Calor Dehuka,https://www.fravega.com/p/control-remoto-universal-de-aire-acondicionad-frio-calor-dehuka-22481096/,12055.34,10307.31,1,True
FRA-aire-acondicionado-hitachi-hspe5400fcinv,Fravega,OTRAS,Aires Acondicionados,Aire acondicionado Hitachi hspe5400fcinv split electrico 220v inverter,https://www.fravega.com/p/aire-acondicionado-hitachi-hspe5400fcinv-split-electrico-220v-inverter-22506133/,1999999.0,1249999.0,1,True
FRA--aire-acondicionado-hitachi-hspe6400fcin,Fravega,OTRAS,Aires Acondicionados,Aire acondicionado Hitachi hspe6400fcinv inverter 220v,https://www.fravega.com/p/-aire-acondicionado-hitachi-hspe6400fcinv-inverter-220v-22506380/,1999999.0,1565998.0,1,True
FRA-aire-acondicionado-hisense-inverter-5500,Fravega,HISENSE,Aires Acondicionados,Aire Acondicionado HISENSE INVERTER 5500W Blanco,https://www.fravega.com/p/aire-acondicionado-hisense-inverter-5500w-blanco--22523032/,1599000.0,1299000.0,1,True
FRA-aire-acondicionado-tcl-split-frio-calor-,Fravega,TCL,Aires Acondicionados,Aire Acondicionado TCL Split Frío/Calor 5400W Elite On/Off,https://www.fravega.com/p/aire-acondicionado-tcl-split-frio-calor-5400w-elite-on-off-20967/,1099999.0,909090.08,1,True
FRA-aire-acondicionado-bgh-split-on-off-2408,Fravega,BGH,Aires Acondicionados,Aire Acondicionado BGH Split On/Off 2408 fg BS26WCDW,https://www.fravega.com/p/aire-acondicionado-bgh-split-on-off-2408-fg-bs26wcdw-990257511/,1065999.0,759999.0,1,True
FRA-aire-acondicionado-hyundai-wifi-inverter,Fravega,OTRAS,Aires Acondicionados,Aire Acondicionado HYUNDAI WIFI INVERTER 3200 W F/C Efic A++,https://www.fravega.com/p/aire-acondicionado-hyundai-wifi-inverter-3200-w-f-c-efic-a--22638865/,1299000.0,899000.0,1,True
FRA-aire-acondicionado-hyundai-wifi-inverter,Fravega,OTRAS,Aires Acondicionados,Aire Acondicionado HYUNDAI WIFI INVERTER 5000 W F/C Efic A++,https://www.fravega.com/p/aire-acondicionado-hyundai-wifi-inverter-5000-w-f-c-efic-a--22638868/,1599000.0,1299999.0,1,True
FRA-aire-acondicionado-hyundai-inverter-wifi,Fravega,OTRAS,Aires Acondicionados,Aire Acondicionado HYUNDAI INVERTER WIFI 6400 W F/C EficA++,https://www.fravega.com/p/aire-acondicionado-hyundai-inverter-wifi-6400-w-f-c-efica--22638871/,1999000.0,1749999.0,1,True
FRA-aire-acondicionado-enova-ventana-inverte,Fravega,OTRAS,Aires Acondicionados,Aire Acondicionado enova ventana inverter solo frío 3510W 3024 fg Frío AEV12IF10,https://www.fravega.com/p/aire-acondicionado-enova-ventana-inverter-solo-frio-3510w-3024-fg-frio-aev12if10-22639474/,1062498.75,849999.0,1,True
FRA-aire-acondicionado-enova-ventana-inverte,Fravega,OTRAS,Aires Acondicionados,Aire Acondicionado enova ventana inverter solo frío  2530W 2261 fg Frio AEV09IF10,https://www.fravega.com/p/aire-acondicionado-enova-ventana-inverter-solo-frio-2530w-2261-fg-frio-aev09if10-22639475/,962498.75,769999.0,1,True
FRA-planchita-alisado-babyliss-pelo-seco-450,Fravega,OTRAS,Pequeños Electrodomésticos,Planchita Alisado Babyliss Pelo Seco 450f + Funda 9559,https://www.fravega.com/p/planchita-alisado-babyliss-pelo-seco-450f-funda-9559-990288320/,199999.0,169999.0,1,True
FRA-limpiadora-a-vapor-portatil-midow-1500w-,Fravega,OTRAS,Pequeños Electrodomésticos,"Limpiadora a Vapor Portátil Midow 1500w 1200ml 1,5 Bar",https://www.fravega.com/p/limpiadora-a-vapor-portatil-midow-1500w-1200ml-1-5-bar-990277263/,119999.0,62999.0,1,True
FRA-pava-electrica-kanji-home-con-corte-mate,Fravega,OTRAS,Pequeños Electrodomésticos,Pava Eléctrica Kanji Home con Corte Mate KJH-PE15002M,https://www.fravega.com/p/pava-electrica-kanji-home-con-corte-mate-kjh-pe15002m--13629/,29999.0,19999.0,1,True
FRA-yogurtera-ultracomb-yg-2707-13859,Fravega,OTRAS,Pequeños Electrodomésticos,Yogurtera Ultracomb YG-2707,https://www.fravega.com/p/yogurtera-ultracomb-yg-2707-13859/,75099.0,39999.0,1,True
FRA-freidora-de-aire-peabody-pe-afd720n-7-2l,Fravega,OTRAS,Pequeños Electrodomésticos,"Freidora De Aire Peabody PE-AFD720N 7,2L",https://www.fravega.com/p/freidora-de-aire-peabody-pe-afd720n-7-2l-13837/,139999.0,99999.0,1,True
FRA-pava-electrica-electrolux-efficient-2lts,Fravega,OTRAS,Pequeños Electrodomésticos,Pava Eléctrica Electrolux Efficient 2Lts EEK50,https://www.fravega.com/p/pava-electrica-electrolux-efficient-2lts-eek50-14568/,89999.0,79999.0,1,True
FRA-licuadora-moulinex-optimix-plus-blender-,Fravega,OTRAS,Pequeños Electrodomésticos,Licuadora Moulinex Optimix Plus Blender LM270558 Rojo,https://www.fravega.com/p/licuadora-moulinex-optimix-plus-blender-lm270558-rojo-180359/,81999.0,34999.0,1,True
FRA-afeitadora-philips-s1881-00-serie-1000-u,Fravega,PHILIPS,Pequeños Electrodomésticos,Afeitadora Philips S1881/00 Serie 1000 uso en Húmedo y Seco,https://www.fravega.com/p/afeitadora-philips-s1881-00-serie-1000-uso-humedo-y-seco-30625/,81999.0,65599.0,1,True
FRA-secador-de-pelo-ga-ma-mistral-ceramic-io,Fravega,OTRAS,Pequeños Electrodomésticos,Secador de Pelo GA.MA Mistral Ceramic Ion,https://www.fravega.com/p/secador-de-pelo-ga-ma-mistral-ceramic-ion-13349/,74999.0,51999.0,1,True
FRA-aspiradora-philco-stick-vertical-2-1-hvc,Fravega,PHILCO,Pequeños Electrodomésticos,Aspiradora Philco Stick Vertical 2 en 1 HVCPH177PI,https://www.fravega.com/p/aspiradora-philco-stick-vertical-2-1-hvcph177pi--60288/,129999.0,49999.0,1,True
FRA-microondas-bgh-20-lt-digital-eco-b120ds2,Fravega,BGH,Pequeños Electrodomésticos,Microondas BGH 20 Lt Digital Eco B120DS20,https://www.fravega.com/p/microondas-bgh-20-lt-digital-eco-b120ds20-110218/,289999.0,189999.0,1,True
FRA-cortabarba-philips-oneblade-qp2824-10-fa,Fravega,PHILIPS,Pequeños Electrodomésticos,Cortabarba Philips Oneblade QP2824/10 Face & Body,https://www.fravega.com/p/cortabarba-philips-oneblade-qp2824-10-face--body-30356/,86299.0,64499.0,1,True
FRA-multigroom-trimmer-philips-serie-7000-mg,Fravega,PHILIPS,Pequeños Electrodomésticos,Multigroom Trimmer Philips Serie 7000 MG7935/15 16 en 1,https://www.fravega.com/p/multigroom-trimmer-philips-serie-7000-mg7935-15-16-1-30474/,108999.0,81749.0,1,True
FRA-maquina-gasificadora-sodastream-terra-bl,Fravega,OTRAS,Pequeños Electrodomésticos,Maquina Gasificadora Sodastream Terra Black,https://www.fravega.com/p/maquina-gasificadora-sodastream-terra-black-13724/,126999.0,101599.0,1,True
FRA-pava-electrica-digital-ultracomb-pe-4930,Fravega,OTRAS,Pequeños Electrodomésticos,Pava Eléctrica Digital Ultracomb PE-4930,https://www.fravega.com/p/pava-electrica-digital-ultracomb-pe-4930-14350/,89999.0,59999.0,1,True
FRA-freidora-de-aire-atma-con-visor-fr246abp,Fravega,ATMA,Pequeños Electrodomésticos,Freidora de Aire ATMA con Visor FR246ABP 6Lts Negro,https://www.fravega.com/p/freidora-de-aire-atma-con-visor-fr246abp-6lts-negro-13898/,189999.0,99999.0,1,True
FRA-depiladora-ipl-philips-lumea-prestige-br,Fravega,PHILIPS,Pequeños Electrodomésticos,Depiladora IPL Philips Lumea Prestige BRI947/30,https://www.fravega.com/p/depiladora-ipl-philips-lumea-prestige-bri947-30-13275/,959999.0,659999.0,1,True
FRA-planchita-alisado-babyliss-pelo-seco-450,Fravega,OTRAS,Pequeños Electrodomésticos,Planchita Alisado Babyliss Pelo Seco 450f + Funda 9559,https://www.fravega.com/p/planchita-alisado-babyliss-pelo-seco-450f-funda-9559-990288320/,199999.0,169999.0,1,True
FRA-limpiadora-a-vapor-portatil-midow-1500w-,Fravega,OTRAS,Pequeños Electrodomésticos,"Limpiadora a Vapor Portátil Midow 1500w 1200ml 1,5 Bar",https://www.fravega.com/p/limpiadora-a-vapor-portatil-midow-1500w-1200ml-1-5-bar-990277263/,119999.0,62999.0,1,True
FRA-cortadora-de-pelo-kanji-beauty-usb-inala,Fravega,OTRAS,Pequeños Electrodomésticos,Cortadora de Pelo Kanji Beauty USB Inalámbrica + 4 Peines,https://www.fravega.com/p/cortadora-de-pelo-kanji-beauty-usb-inalambrica-4-peines-30386/,13999.0,8999.0,1,True
FRA-freidora-de-aire-atma-con-visor-fr248abp,Fravega,ATMA,Pequeños Electrodomésticos,Freidora de Aire ATMA con Visor FR248ABP 8Lts Negro,https://www.fravega.com/p/freidora-de-aire-atma-con-visor-fr248abp-8lts-negro-14103/,204999.0,129999.0,1,True
FRA-planchita-de-pelo-admiral-ad-pl001-ceram,Fravega,OTRAS,Pequeños Electrodomésticos,Planchita de Pelo Admiral AD-PL001 Ceramic 230,https://www.fravega.com/p/planchita-de-pelo-admiral-ad-pl001-ceramic-230-14214/,39999.0,19999.0,1,True
FRA-cafetera-moulinex-genio-s-plus-negra-134,Fravega,OTRAS,Pequeños Electrodomésticos,Cafetera Moulinex Genio S Plus Negra,https://www.fravega.com/p/cafetera-moulinex-genio-s-plus-negra-13414/,312690.0,187499.0,1,True
FRA-yogurtera-atma-ym3010p-7-frascos-14441,Fravega,ATMA,Pequeños Electrodomésticos,Yogurtera ATMA YM3010P 7 Frascos,https://www.fravega.com/p/yogurtera-atma-ym3010p-7-frascos-14441/,49999.0,38999.0,1,True
FRA-pava-electrica-philips-digital-hd9396-90,Fravega,PHILIPS,Pequeños Electrodomésticos,"Pava Eléctrica Philips Digital HD9396/90 1,7 Lts",https://www.fravega.com/p/pava-electrica-philips-digital-hd9396-90-1-7-lts-14287/,99999.0,89999.0,1,True
FRA-multigroom-all-one-philips-mg3911-15-inc,Fravega,PHILIPS,Pequeños Electrodomésticos,Multigroom All-in-One Philips MG3911/15 incluye 7 accesorios,https://www.fravega.com/p/multigroom-all-one-philips-mg3911-15-incluye-7-accesorios-30397/,51799.0,35999.0,1,True
FRA-microondas-whirlpool-wms20bs-20l-negro-1,Fravega,WHIRLPOOL,Pequeños Electrodomésticos,Microondas Whirlpool WMS20BS 20L Negro,https://www.fravega.com/p/microondas-whirlpool-wms20bs-20l-negro-110214/,279999.0,189999.0,1,True
FRA-aspiradora-electrolux-stk12-2en1-60206,Fravega,OTRAS,Pequeños Electrodomésticos,Aspiradora Electrolux STK12 2EN1,https://www.fravega.com/p/aspiradora-electrolux-stk12-2en1-60206/,99999.0,84999.0,1,True
FRA-pava-electrica-atma-1-7lts-pe1821nap-neg,Fravega,ATMA,Pequeños Electrodomésticos,"Pava Eléctrica Atma 1,7Lts PE1821NAP Negra",https://www.fravega.com/p/pava-electrica-atma-1-7lts-pe1821nap-negra-13458/,52999.0,41999.0,1,True
FRA-afeitadora-electrica-inalambrica-philco-,Fravega,PHILCO,Pequeños Electrodomésticos,Afeitadora Eléctrica Inalámbrica Philco AE5105,https://www.fravega.com/p/afeitadora-electrica-inalambrica-philco-ae5105-30464/,54999.0,34999.0,1,True
FRA-tostadora-kanji-negra-800w-kjh-tm800-05-,Fravega,OTRAS,Pequeños Electrodomésticos,Tostadora Kanji Negra 800W KJH-TM800-05,https://www.fravega.com/p/tostadora-kanji-negra-800w-kjh-tm800-05-14175/,39999.0,23999.0,1,True
FRA-mixer-3-1-electrolux-efficient-600w-eib2,Fravega,OTRAS,Pequeños Electrodomésticos,Mixer 3 en 1 Electrolux Efficient 600W EIB20,https://www.fravega.com/p/mixer-3-1-electrolux-efficient-600w-eib20-180384/,110999.0,79999.0,1,True
FRA-tostadora-atma-to20wp-14443,Fravega,ATMA,Pequeños Electrodomésticos,Tostadora Atma TO20WP,https://www.fravega.com/p/tostadora-atma-to20wp-14443/,49999.0,28999.0,1,True
FRA-freidora-de-aire-atma-con-visor-fr246awp,Fravega,ATMA,Pequeños Electrodomésticos,Freidora de Aire ATMA con Visor FR246AWP 6Lts Blanco,https://www.fravega.com/p/freidora-de-aire-atma-con-visor-fr246awp-6lts-blanco-14102/,189999.0,99999.0,1,True
FRA-placard-180x240cm-blanco-con-8-cubos-y-4,Fravega,OTRAS,Muebles,Placard 180x240cm Blanco con 8 Cubos y 4 Cajones,https://www.fravega.com/p/placard-180x240cm-blanco-con-8-cubos-y-4-cajones-22869619/,870000.0,697459.0,1,True
FRA-despensero-2-maxi-puertas-centro-estant-,Fravega,OTRAS,Muebles,Despensero 2 Maxi Puertas Centro Estant DIS4 Blanco 180 x 60 cm,https://www.fravega.com/p/despensero-2-maxi-puertas-centro-estant-dis4-blanco-180-x-60-cm-600010/,199999.0,149999.0,1,True
FRA-mesa-recibidora-de-arrime-auxiliar-con-c,Fravega,OTRAS,Muebles,Mesa Recibidora De Arrime Auxiliar Con Cajón - Patas En Mdf! Blanco,https://www.fravega.com/p/mesa-recibidora-de-arrime-auxiliar-con-cajon-patas-mdf-blanco-22716015/,165000.0,80000.0,1,True
FRA-set-x4-sillas-de-diseno-allegra-negra-li,Fravega,OTRAS,Muebles,Set x4 Sillas de Diseño Allegra Negra Living Comedor Cocina,https://www.fravega.com/p/set-x4-sillas-de-diseno-allegra-negra-living-comedor-cocina-601611/,199999.0,129999.0,1,True
FRA-placard-ropero-con-baulera-240x233-cm-di,Fravega,OTRAS,Muebles,Placard Ropero con Baulera 240x233 cm Diseños Modernos Color Blanco,https://www.fravega.com/p/placard-ropero-con-baulera-240x233-cm-disenos-modernos-color-blanco-21454548/,964998.75,864999.0,1,True
FRA-box-benethon-2-pl-140-x-190-blanco-mate-,Fravega,OTRAS,Muebles,Box Benethon 2 Pl  140 X 190 Blanco Mate,https://www.fravega.com/p/box-benethon-2-pl-140-x-190-blanco-mate-990223748/,778470.0,533840.0,1,True
FRA-despensero-organizador-multiuso-madesa-e,Fravega,OTRAS,Muebles,Despensero Organizador Multiuso Madesa Emilly 2 Puertas,https://www.fravega.com/p/despensero-organizador-multiuso-madesa-emilly-2-puertas-22738457/,169998.0,119919.0,1,True
FRA-banqueta-alta-eames-negra-con-patas-de-m,Fravega,OTRAS,Muebles,Banqueta Alta Eames Negra con Patas de Madera,https://www.fravega.com/p/banqueta-alta-eames-negra-con-patas-de-madera-22883481/,125000.0,99999.0,1,True
FRA-set-x4-sillas-de-diseno-tulip-blanca-liv,Fravega,OTRAS,Muebles,Set x4 Sillas de Diseño Tulip Blanca Living Comedor Cocina,https://www.fravega.com/p/set-x4-sillas-de-diseno-tulip-blanca-living-comedor-cocina-601630/,199999.0,149999.0,1,True
FRA-biblioteca-centro-estant-l9bl-blanca-180,Fravega,OTRAS,Muebles,Biblioteca Centro Estant L9BL Blanca 180 x 41 cm,https://www.fravega.com/p/biblioteca-centro-estant-l9bl-blanca-180-x-41-cm-600837/,89999.0,65999.0,1,True
FRA-placard-ropero-puertas-corredizas-con-es,Fravega,OTRAS,Muebles,Placard Ropero Puertas Corredizas Con Espejo 2.00 X 2.00 Carpinteria Rivadavia,https://www.fravega.com/p/placard-ropero-puertas-corredizas-con-espejo-2-00-x-2-00-carpinteria-rivadavia-22625778/,700000.0,597810.0,1,True
FRA-respaldo-de-cama-centro-estant-dali-140-,Fravega,OTRAS,Muebles,Respaldo de cama Centro Estant Dali 140-160 Negro Paraiso,https://www.fravega.com/p/respaldo-de-cama-centro-estant-dali-140-160-negro-paraiso-21184405/,196658.0,129200.0,1,True
FRA-mesa-tv-centro-estant-mt4002bl-blanco-12,Fravega,OTRAS,Muebles,Mesa TV Centro Estant MT4002BL Blanco 128 x 50 cm,https://www.fravega.com/p/mesa-tv-centro-estant-mt4002bl-blanco-128-x-50-cm-601417/,199999.0,119999.0,1,True
FRA-silla-de-oficina-premium-ultimate-ut-c34,Fravega,OTRAS,Muebles,Silla de Oficina Premium Ultimate UT-C340W Blanco,https://www.fravega.com/p/silla-de-oficina-premium-ultimate-ut-c340w-blanco-601654/,149999.0,99999.0,1,True
FRA-cama-box-160-2-plazas-queen-con-zapatero,Fravega,OTRAS,Muebles,"Cama Box 160 2 Plazas Queen con Zapateros, Bauleras y Cajones Blanco Centro Estant",https://www.fravega.com/p/cama-box-160-2-plazas-queen-con-zapateros-bauleras-y-cajones-blanco-centro-estant-22715855/,700200.0,393300.0,1,True
FRA-escritorio-centro-estant-milan-negro-par,Fravega,OTRAS,Muebles,Escritorio Centro Estant Milan Negro Paraiso Ancho 168cm,https://www.fravega.com/p/escritorio-centro-estant-milan-negro-paraiso-ancho-168cm-990049086/,194239.0,168990.0,1,True
FRA-ropero-max-madesa-placard-de-2-puertas-c,Fravega,OTRAS,Muebles,Ropero Max Madesa Placard De 2 Puertas Corredizas 1 Espejo,https://www.fravega.com/p/ropero-max-madesa-placard-de-2-puertas-corredizas-1-espejo-22626747/,549972.0,419919.0,1,True
FRA-placard-ropero-madesa-tokio-2-puertas-co,Fravega,OTRAS,Muebles,Placard Ropero Madesa Tokio 2 Puertas Corredizas 2 Cajones,https://www.fravega.com/p/placard-ropero-madesa-tokio-2-puertas-corredizas-2-cajones-22742243/,909998.0,449919.0,1,True
FRA-silla-oficina-ultimate-ut-c201-601763,Fravega,OTRAS,Muebles,Silla Oficina Ultimate UT-C201,https://www.fravega.com/p/silla-oficina-ultimate-ut-c201-601763/,99999.0,59999.0,1,True
FRA-silla-de-oficina-ergonomica-ultimate-ut-,Fravega,OTRAS,Muebles,Silla de Oficina Ergonómica Ultimate UT-C329-1,https://www.fravega.com/p/silla-de-oficina-ergonomica-ultimate-ut-c329-1-601728/,199999.0,99999.0,1,True
FRA-organizador-de-zapatos-y-ropa-con-8-ganc,Fravega,OTRAS,Muebles,Organizador De Zapatos Y Ropa Con 8 Ganchos Y 5 Niveles 80x172x26cm Marca HomeCo. Color Negro,https://www.fravega.com/p/organizador-de-zapatos-y-ropa-con-8-ganchos-y-5-niveles-80x172x26cm-marca-homeco-color-negro-22635122/,67040.48,22199.0,1,True
FRA-placard-ricchezze-tana-eco-moccha-4-puer,Fravega,OTRAS,Muebles,Placard Ricchezze Tana Eco Moccha 4 Puertas 182 x 113 cm,https://www.fravega.com/p/placard-ricchezze-tana-eco-moccha-4-puertas-182-x-113-cm-601657/,229999.0,179999.0,1,True
FRA-rack-modular-de-tv-dubai-madesa-para-tv-,Fravega,LG,Muebles,Rack Modular De Tv Dubai Madesa Para Tv Hasta 65 Pulgadas,https://www.fravega.com/p/rack-modular-de-tv-dubai-madesa-para-tv-hasta-65-pulgadas-22771161/,259998.0,199919.0,1,True
FRA-perchero-movil-metalico-barral-exhibidor,Fravega,OTRAS,Muebles,Perchero Movil Metalico Barral Exhibidor Waggs,https://www.fravega.com/p/perchero-movil-metalico-barral-exhibidor-waggs-22081908/,41986.0,23399.0,1,True
FRA-cama-box-con-cajones-160-x-35-x-190cm-ce,Fravega,OTRAS,Muebles,Cama Box Con Cajones 160 x 35 x 190cm Centro Estant C160BL,https://www.fravega.com/p/cama-box-con-cajones-160-x-35-x-190cm-centro-estant-c160bl-990275963/,432589.0,330989.99,1,True
FRA-rack-panel-tv-solus-70-pulgadas-negro-ca,Fravega,LG,Muebles,Rack Panel TV SOLUS 70 Pulgadas Negro Carpinteria Rivadavia,https://www.fravega.com/p/rack-panel-tv-solus-70-pulgadas-negro-carpinteria-rivadavia-22701366/,235000.0,193296.0,1,True
FRA-placard-xl-240x183-blanco-2-puertas-corr,Fravega,OTRAS,Muebles,Placard XL 240x183 Blanco 2 Puertas Corredizas 4 Cajones Cajones- Rieles y Perfiles de Aluminio,https://www.fravega.com/p/placard-xl-240x183-blanco-2-puertas-corredizas-4-cajones-cajones-rieles-y-perfiles-de-aluminio--22872475/,810000.0,645709.0,1,True
FRA-placard-puertas-corredizas-120-x-180-x-0,Fravega,OTRAS,Muebles,Placard Puertas Corredizas 120 x 180 x 0.55 Linea Económica,https://www.fravega.com/p/placard-puertas-corredizas-120-x-180-x-0-55-linea-economica-21230022/,315000.0,309690.0,1,True
FRA-panel-negro-cinamomo-varillado-para-tv-h,Fravega,OTRAS,Muebles,"Panel Negro Cinamomo Varillado para TV hasta 55"" Carpinteria Rivadavia",https://www.fravega.com/p/panel-negro-cinamomo-varillado-para-tv-hasta-55-carpinteria-rivadavia-22701359/,199999.0,173422.0,1,True
FRA-sillon-mesh-ejecutivo-respaldo-alto-sill,Fravega,OTRAS,Muebles,Sillon Mesh Ejecutivo Respaldo Alto Silla Escritorio Pc,https://www.fravega.com/p/sillon-mesh-ejecutivo-respaldo-alto-silla-escritorio-pc-22768546/,137723.44,89999.0,1,True
FRA-placard-180x240cm-blanco-con-8-cubos-y-4,Fravega,OTRAS,Muebles,Placard 180x240cm Blanco con 8 Cubos y 4 Cajones,https://www.fravega.com/p/placard-180x240cm-blanco-con-8-cubos-y-4-cajones-22869619/,870000.0,697459.0,1,True
FRA-despensero-2-maxi-puertas-centro-estant-,Fravega,OTRAS,Muebles,Despensero 2 Maxi Puertas Centro Estant DIS4 Blanco 180 x 60 cm,https://www.fravega.com/p/despensero-2-maxi-puertas-centro-estant-dis4-blanco-180-x-60-cm-600010/,199999.0,149999.0,1,True
FRA-mesa-recibidora-de-arrime-auxiliar-con-c,Fravega,OTRAS,Muebles,Mesa Recibidora De Arrime Auxiliar Con Cajón - Patas En Mdf! Blanco,https://www.fravega.com/p/mesa-recibidora-de-arrime-auxiliar-con-cajon-patas-mdf-blanco-22716015/,165000.0,80000.0,1,True
FRA-set-x4-sillas-de-diseno-allegra-negra-li,Fravega,OTRAS,Muebles,Set x4 Sillas de Diseño Allegra Negra Living Comedor Cocina,https://www.fravega.com/p/set-x4-sillas-de-diseno-allegra-negra-living-comedor-cocina-601611/,199999.0,129999.0,1,True
FRA-placard-ropero-con-baulera-240x233-cm-di,Fravega,OTRAS,Muebles,Placard Ropero con Baulera 240x233 cm Diseños Modernos Color Blanco,https://www.fravega.com/p/placard-ropero-con-baulera-240x233-cm-disenos-modernos-color-blanco-21454548/,964998.75,864999.0,1,True
FRA-mesa-de-arrime-circular-negra-2-capas-60,Fravega,OTRAS,Muebles,Mesa de Arrime Circular Negra 2 Capas,https://www.fravega.com/p/mesa-de-arrime-circular-negra-2-capas-601581/,49999.0,22999.0,1,True
FRA-box-benethon-2-pl-140-x-190-blanco-mate-,Fravega,OTRAS,Muebles,Box Benethon 2 Pl  140 X 190 Blanco Mate,https://www.fravega.com/p/box-benethon-2-pl-140-x-190-blanco-mate-990223748/,778470.0,533840.0,1,True
FRA-despensero-organizador-multiuso-madesa-e,Fravega,OTRAS,Muebles,Despensero Organizador Multiuso Madesa Emilly 2 Puertas,https://www.fravega.com/p/despensero-organizador-multiuso-madesa-emilly-2-puertas-22738457/,169998.0,119919.0,1,True
FRA-banqueta-alta-eames-negra-con-patas-de-m,Fravega,OTRAS,Muebles,Banqueta Alta Eames Negra con Patas de Madera,https://www.fravega.com/p/banqueta-alta-eames-negra-con-patas-de-madera-22883481/,125000.0,99999.0,1,True
FRA-set-x4-sillas-de-diseno-tulip-blanca-liv,Fravega,OTRAS,Muebles,Set x4 Sillas de Diseño Tulip Blanca Living Comedor Cocina,https://www.fravega.com/p/set-x4-sillas-de-diseno-tulip-blanca-living-comedor-cocina-601630/,199999.0,149999.0,1,True
FRA-sillon-living-esquinero-3-cuerpos-chenil,Fravega,OTRAS,Muebles,Sillón Living Esquinero 3 Cuerpos Chenille Stone + Almohadones + Camiseta de Regalo Promo Mundial,https://www.fravega.com/p/sillon-living-esquinero-3-cuerpos-chenille-stone-almohadones-camiseta-de-regalo-promo-mundial-22832942/,1499999.0,799999.0,1,True
FRA-biblioteca-centro-estant-l9bl-blanca-180,Fravega,OTRAS,Muebles,Biblioteca Centro Estant L9BL Blanca 180 x 41 cm,https://www.fravega.com/p/biblioteca-centro-estant-l9bl-blanca-180-x-41-cm-600837/,89999.0,65999.0,1,True
FRA-placard-ropero-puertas-corredizas-con-es,Fravega,OTRAS,Muebles,Placard Ropero Puertas Corredizas Con Espejo 2.00 X 2.00 Carpinteria Rivadavia,https://www.fravega.com/p/placard-ropero-puertas-corredizas-con-espejo-2-00-x-2-00-carpinteria-rivadavia-22625778/,700000.0,597810.0,1,True
FRA-silla-oficina-ultimate-ut-j03-601491,Fravega,OTRAS,Muebles,Silla Oficina Ultimate UT-J03,https://www.fravega.com/p/silla-oficina-ultimate-ut-j03-601491/,199999.0,99999.0,1,True
FRA-respaldo-de-cama-centro-estant-dali-140-,Fravega,OTRAS,Muebles,Respaldo de cama Centro Estant Dali 140-160 Negro Paraiso,https://www.fravega.com/p/respaldo-de-cama-centro-estant-dali-140-160-negro-paraiso-21184405/,196658.0,129200.0,1,True
FRA-mesa-tv-centro-estant-mt4002bl-blanco-12,Fravega,OTRAS,Muebles,Mesa TV Centro Estant MT4002BL Blanco 128 x 50 cm,https://www.fravega.com/p/mesa-tv-centro-estant-mt4002bl-blanco-128-x-50-cm-601417/,199999.0,119999.0,1,True
FRA-rack-tv-negro-con-puerta-corrediza--mueb,Fravega,LG,Muebles,Rack TV Negro con Puerta Corrediza – Mueble para Televisor Moderno 50 a 55 Pulgadas con Ruedas 136 cm,https://www.fravega.com/p/rack-tv-negro-con-puerta-corrediza--mueble-para-televisor-moderno-50-a-55-pulgadas-con-ruedas-136-cm-22589027/,210999.0,164331.0,1,True
FRA-silla-de-oficina-premium-ultimate-ut-c34,Fravega,OTRAS,Muebles,Silla de Oficina Premium Ultimate UT-C340W Blanco,https://www.fravega.com/p/silla-de-oficina-premium-ultimate-ut-c340w-blanco-601654/,149999.0,99999.0,1,True
FRA-cama-box-160-2-plazas-queen-con-zapatero,Fravega,OTRAS,Muebles,"Cama Box 160 2 Plazas Queen con Zapateros, Bauleras y Cajones Blanco Centro Estant",https://www.fravega.com/p/cama-box-160-2-plazas-queen-con-zapateros-bauleras-y-cajones-blanco-centro-estant-22715855/,700200.0,393300.0,1,True
FRA-escritorio-centro-estant-milan-negro-par,Fravega,OTRAS,Muebles,Escritorio Centro Estant Milan Negro Paraiso Ancho 168cm,https://www.fravega.com/p/escritorio-centro-estant-milan-negro-paraiso-ancho-168cm-990049086/,194239.0,168990.0,1,True
FRA-ropero-max-madesa-placard-de-2-puertas-c,Fravega,OTRAS,Muebles,Ropero Max Madesa Placard De 2 Puertas Corredizas 1 Espejo,https://www.fravega.com/p/ropero-max-madesa-placard-de-2-puertas-corredizas-1-espejo-22626747/,549972.0,419919.0,1,True
FRA-placard-vestidor-sin-puertas-diseno-mode,Fravega,OTRAS,Muebles,Placard Vestidor Sin Puertas Diseño Moderno Madesa Venus 180,https://www.fravega.com/p/placard-vestidor-sin-puertas-diseno-moderno-madesa-venus-180-22742226/,969998.0,489919.0,1,True
FRA-respaldo-de-cama-centro-estant-dali-140-,Fravega,OTRAS,Muebles,Respaldo de Cama Centro Estant Dali 140-160 Blanco Paraiso,https://www.fravega.com/p/respaldo-de-cama-centro-estant-dali-140-160-blanco-paraiso-50022494/,196658.0,129200.0,1,True
FRA-rack-panel-solus-tv-70-off-white-cinamom,Fravega,OTRAS,Muebles,RACK PANEL SOLUS TV 70'' OFF WHITE CINAMOMO CARPINTERIA RIVADAVIA,https://www.fravega.com/p/rack-panel-solus-tv-70-off-white-cinamomo-carpinteria-rivadavia-22701360/,235000.0,193296.0,1,True
FRA-placard-ropero-120x180-cm-disenos-modern,Fravega,OTRAS,Muebles,Placard Ropero 120x180 cm Diseños Modernos Blanco Pack Muebles,https://www.fravega.com/p/placard-ropero-120x180-cm-disenos-modernos-blanco-pack-muebles-22581730/,399998.75,308999.0,1,True
FRA-armario-portatil-organizador-armable-wag,Fravega,OTRAS,Muebles,Armario Portátil Organizador Armable Waggs con Cortina,https://www.fravega.com/p/armario-portatil-organizador-armable-waggs-con-cortina-22809328/,39990.0,20999.0,1,True
FRA-organizador-de-escritorio-moderno-waggs-,Fravega,OTRAS,Muebles,Organizador de Escritorio Moderno Waggs Multiuso con Cajón y Estante,https://www.fravega.com/p/organizador-de-escritorio-moderno-waggs-multiuso-con-cajon-y-estante-22082781/,32185.99,13799.0,1,True
FRA-comoda-mallorca-negro-paraiso-20242083,Fravega,OTRAS,Muebles,Comoda Mallorca negro paraiso,https://www.fravega.com/p/comoda-mallorca-negro-paraiso-20242083/,241780.0,179700.0,1,True
FRA-escritorio-centro-estant-sc80bl-blanco-8,Fravega,OTRAS,Muebles,Escritorio Centro Estant SC80BL Blanco 82 x 44 cm,https://www.fravega.com/p/escritorio-centro-estant-sc80bl-blanco-82-x-44-cm-600944/,110999.0,79999.0,1,True
FRA-armario-gabinete-keter-jolly-multipurpos,Fravega,OTRAS,Muebles,Armario Gabinete Keter Jolly Multipurpose Cabinet,https://www.fravega.com/p/armario-gabinete-keter-jolly-multipurpose-cabinet-510493/,499999.0,159999.0,1,True
FRA-organizador-de-calzado-waggs-zpt001-negr,Fravega,OTRAS,Muebles,Organizador de Calzado Waggs Zpt001 Negro,https://www.fravega.com/p/organizador-de-calzado-waggs-zpt001-negro-21464329/,46185.99,24749.0,1,True
FRA-organizador-zapatero-botinero-waggs-gris,Fravega,OTRAS,Muebles,Organizador Zapatero Botinero Waggs Gris 12 Niveles 36 Pares,https://www.fravega.com/p/organizador-zapatero-botinero-waggs-gris-12-niveles-36-pares-22767020/,46185.99,27389.0,1,True
FRA-silla-de-oficina-mesh-nay-negro-22712842,Fravega,OTRAS,Muebles,Silla De Oficina Mesh Nay Negro,https://www.fravega.com/p/silla-de-oficina-mesh-nay-negro-22712842/,80000.0,68000.0,1,True
FRA-placard-180x240cm-blanco-con-8-cubos-y-4,Fravega,OTRAS,Muebles,Placard 180x240cm Blanco con 8 Cubos y 4 Cajones,https://www.fravega.com/p/placard-180x240cm-blanco-con-8-cubos-y-4-cajones-22869619/,870000.0,697459.0,1,True
FRA-despensero-2-maxi-puertas-centro-estant-,Fravega,OTRAS,Muebles,Despensero 2 Maxi Puertas Centro Estant DIS4 Blanco 180 x 60 cm,https://www.fravega.com/p/despensero-2-maxi-puertas-centro-estant-dis4-blanco-180-x-60-cm-600010/,199999.0,149999.0,1,True
FRA-mesa-recibidora-de-arrime-auxiliar-con-c,Fravega,OTRAS,Muebles,Mesa Recibidora De Arrime Auxiliar Con Cajón - Patas En Mdf! Blanco,https://www.fravega.com/p/mesa-recibidora-de-arrime-auxiliar-con-cajon-patas-mdf-blanco-22716015/,165000.0,80000.0,1,True
FRA-set-x4-sillas-de-diseno-allegra-negra-li,Fravega,OTRAS,Muebles,Set x4 Sillas de Diseño Allegra Negra Living Comedor Cocina,https://www.fravega.com/p/set-x4-sillas-de-diseno-allegra-negra-living-comedor-cocina-601611/,199999.0,129999.0,1,True
FRA-placard-ropero-con-baulera-240x233-cm-di,Fravega,OTRAS,Muebles,Placard Ropero con Baulera 240x233 cm Diseños Modernos Color Blanco,https://www.fravega.com/p/placard-ropero-con-baulera-240x233-cm-disenos-modernos-color-blanco-21454548/,964998.75,864999.0,1,True
FRA-mesa-de-arrime-circular-negra-2-capas-60,Fravega,OTRAS,Muebles,Mesa de Arrime Circular Negra 2 Capas,https://www.fravega.com/p/mesa-de-arrime-circular-negra-2-capas-601581/,49999.0,22999.0,1,True
FRA-box-benethon-2-pl-140-x-190-blanco-mate-,Fravega,OTRAS,Muebles,Box Benethon 2 Pl  140 X 190 Blanco Mate,https://www.fravega.com/p/box-benethon-2-pl-140-x-190-blanco-mate-990223748/,778470.0,533840.0,1,True
FRA-despensero-organizador-multiuso-madesa-e,Fravega,OTRAS,Muebles,Despensero Organizador Multiuso Madesa Emilly 2 Puertas,https://www.fravega.com/p/despensero-organizador-multiuso-madesa-emilly-2-puertas-22738457/,169998.0,119919.0,1,True
FRA-banqueta-alta-eames-negra-con-patas-de-m,Fravega,OTRAS,Muebles,Banqueta Alta Eames Negra con Patas de Madera,https://www.fravega.com/p/banqueta-alta-eames-negra-con-patas-de-madera-22883481/,125000.0,99999.0,1,True
FRA-set-x4-sillas-de-diseno-tulip-blanca-liv,Fravega,OTRAS,Muebles,Set x4 Sillas de Diseño Tulip Blanca Living Comedor Cocina,https://www.fravega.com/p/set-x4-sillas-de-diseno-tulip-blanca-living-comedor-cocina-601630/,199999.0,149999.0,1,True
FRA-sillon-living-esquinero-3-cuerpos-chenil,Fravega,OTRAS,Muebles,Sillón Living Esquinero 3 Cuerpos Chenille Stone + Almohadones + Camiseta de Regalo Promo Mundial,https://www.fravega.com/p/sillon-living-esquinero-3-cuerpos-chenille-stone-almohadones-camiseta-de-regalo-promo-mundial-22832942/,1499999.0,799999.0,1,True
FRA-biblioteca-centro-estant-l9bl-blanca-180,Fravega,OTRAS,Muebles,Biblioteca Centro Estant L9BL Blanca 180 x 41 cm,https://www.fravega.com/p/biblioteca-centro-estant-l9bl-blanca-180-x-41-cm-600837/,89999.0,65999.0,1,True
FRA-placard-ropero-puertas-corredizas-con-es,Fravega,OTRAS,Muebles,Placard Ropero Puertas Corredizas Con Espejo 2.00 X 2.00 Carpinteria Rivadavia,https://www.fravega.com/p/placard-ropero-puertas-corredizas-con-espejo-2-00-x-2-00-carpinteria-rivadavia-22625778/,700000.0,597810.0,1,True
FRA-silla-oficina-ultimate-ut-j03-601491,Fravega,OTRAS,Muebles,Silla Oficina Ultimate UT-J03,https://www.fravega.com/p/silla-oficina-ultimate-ut-j03-601491/,199999.0,99999.0,1,True
FRA-respaldo-de-cama-centro-estant-dali-140-,Fravega,OTRAS,Muebles,Respaldo de cama Centro Estant Dali 140-160 Negro Paraiso,https://www.fravega.com/p/respaldo-de-cama-centro-estant-dali-140-160-negro-paraiso-21184405/,196658.0,129200.0,1,True
FRA-mesa-tv-centro-estant-mt4002bl-blanco-12,Fravega,OTRAS,Muebles,Mesa TV Centro Estant MT4002BL Blanco 128 x 50 cm,https://www.fravega.com/p/mesa-tv-centro-estant-mt4002bl-blanco-128-x-50-cm-601417/,199999.0,119999.0,1,True
FRA-rack-tv-negro-con-puerta-corrediza--mueb,Fravega,LG,Muebles,Rack TV Negro con Puerta Corrediza – Mueble para Televisor Moderno 50 a 55 Pulgadas con Ruedas 136 cm,https://www.fravega.com/p/rack-tv-negro-con-puerta-corrediza--mueble-para-televisor-moderno-50-a-55-pulgadas-con-ruedas-136-cm-22589027/,210999.0,164331.0,1,True
FRA-silla-de-oficina-premium-ultimate-ut-c34,Fravega,OTRAS,Muebles,Silla de Oficina Premium Ultimate UT-C340W Blanco,https://www.fravega.com/p/silla-de-oficina-premium-ultimate-ut-c340w-blanco-601654/,149999.0,99999.0,1,True
FRA-cama-box-160-2-plazas-queen-con-zapatero,Fravega,OTRAS,Muebles,"Cama Box 160 2 Plazas Queen con Zapateros, Bauleras y Cajones Blanco Centro Estant",https://www.fravega.com/p/cama-box-160-2-plazas-queen-con-zapateros-bauleras-y-cajones-blanco-centro-estant-22715855/,700200.0,393300.0,1,True
FRA-escritorio-centro-estant-milan-negro-par,Fravega,OTRAS,Muebles,Escritorio Centro Estant Milan Negro Paraiso Ancho 168cm,https://www.fravega.com/p/escritorio-centro-estant-milan-negro-paraiso-ancho-168cm-990049086/,194239.0,168990.0,1,True
FRA-ropero-max-madesa-placard-de-2-puertas-c,Fravega,OTRAS,Muebles,Ropero Max Madesa Placard De 2 Puertas Corredizas 1 Espejo,https://www.fravega.com/p/ropero-max-madesa-placard-de-2-puertas-corredizas-1-espejo-22626747/,549972.0,419919.0,1,True
FRA-placard-vestidor-sin-puertas-diseno-mode,Fravega,OTRAS,Muebles,Placard Vestidor Sin Puertas Diseño Moderno Madesa Venus 180,https://www.fravega.com/p/placard-vestidor-sin-puertas-diseno-moderno-madesa-venus-180-22742226/,969998.0,489919.0,1,True
FRA-organizador-de-ropa-para-cajon-m002-wagg,Fravega,OTRAS,Muebles,Organizador de Ropa para Cajon M002 Waggs 4 Piezas 45 Divisiones Beige,https://www.fravega.com/p/organizador-de-ropa-para-cajon-m002-waggs-4-piezas-45-divisiones-beige-21453959/,23786.0,11899.0,1,True
FRA-placard-200-x-200-cm-blanco--3-puertas-c,Fravega,OTRAS,Muebles,Placard 200 x 200 cm Blanco – 3 Puertas Corredizas 4 Cajones- Rieles y Perfiles de Aluminio,https://www.fravega.com/p/placard-200-x-200-cm-blanco--3-puertas-corredizas-4-cajones-rieles-y-perfiles-de-aluminio--22872011/,850000.0,690097.0,1,True
FRA-juego-de-mesa-eames-90x90-4-sillas-tulip,Fravega,OTRAS,Muebles,Juego de Mesa Eames 90x90 + 4 Sillas Tulip Baires4,https://www.fravega.com/p/juego-de-mesa-eames-90x90-4-sillas-tulip-baires4-22745299/,422787.43,328236.43,1,True
FRA-placard-180x180-cm-cubos-disenos-moderno,Fravega,OTRAS,Muebles,Placard 180x180 cm cubos Diseños Modernos Blanco,https://www.fravega.com/p/placard-180x180-cm-cubos-disenos-modernos-blanco--21295674/,494998.75,469999.0,1,True
FRA-rack-tv-flotante-moderno-con-led--panel-,Fravega,OTRAS,Muebles,Rack TV Flotante Moderno con LED – Panel para TV Illusion 219 cm Carpinteria Rivadavia,https://www.fravega.com/p/rack-tv-flotante-moderno-con-led--panel-para-tv-illusion-219-cm-carpinteria-rivadavia-22619454/,398999.0,378897.0,1,True
FRA-placard-ropero-con-baulera-alzada-puerta,Fravega,OTRAS,Muebles,Placard Ropero con Baulera Alzada Puertas Corredizas 240x235,https://www.fravega.com/p/placard-ropero-con-baulera-alzada-puertas-corredizas-240x235-21230021/,760000.0,734436.0,1,True
FRA-mesa-de-luz-orlandi-venecia-60-x-42-cm-6,Fravega,OTRAS,Muebles,Mesa de Luz Orlandi Venecia 60 x 42 cm,https://www.fravega.com/p/mesa-de-luz-orlandi-venecia-60-x-42-cm-601215/,69999.0,46999.0,1,True
FRA--placard-bahia-4-puertas-venecia-181-x-1,Fravega,OTRAS,Muebles,Placard Bahía 4 Puertas Venecia 181 x 121 cm,https://www.fravega.com/p/-placard-bahia-4-puertas-venecia-181-x-121-cm-601140/,349999.0,235999.0,1,True
FRA-silla-de-oficina-ergonomica-mesh-novohom,Fravega,OTRAS,Muebles,Silla De Oficina Ergonómica Mesh Novohome Nh-oc200,https://www.fravega.com/p/silla-de-oficina-ergonomica-mesh-novohome-nh-oc200-990288784/,146989.0,96999.0,1,True
FRA-placard-3-puertas-orlandi-abedul-bahia-1,Fravega,OTRAS,Muebles,Placard 3 Puertas Orlandi Abedul Bahía 184 x 91 cm,https://www.fravega.com/p/placard-3-puertas-orlandi-abedul-bahia-184-x-91-cm-601319/,299999.0,179999.0,1,True
FRA-sillon-de-3-cuerpos-esquinero-convertibl,Fravega,OTRAS,Muebles,Sillón de 3 Cuerpos Esquinero Convertible American Wood Chenille Gris,https://www.fravega.com/p/sillon-de-3-cuerpos-esquinero-convertible-american-wood-chenille-gris-50000857/,2129863.0,899999.0,1,True
FRA-comoda-infantil-cajonera-6-cajones-para-,Fravega,OTRAS,Muebles,Cómoda Infantil Cajonera 6 Cajones Para Dormitorio Madesa,https://www.fravega.com/p/comoda-infantil-cajonera-6-cajones-para-dormitorio-madesa-22742348/,629998.0,319919.0,1,True
FRA-rack-esquinero-organizador-de-calzado-y-,Fravega,OTRAS,Muebles,Rack Esquinero Organizador De Calzado y Ropa con Perchero y Estantes 45x180x45cm Marca Homeco. Color Negro,https://www.fravega.com/p/rack-esquinero-organizador-de-calzado-y-ropa-con-perchero-y-estantes-45x180x45cm-marca-homeco-color-negro-22635120/,28780.0,13544.55,1,True
FRA-placard-perfileria-de-aluminio-carpinter,Fravega,OTRAS,Muebles,Placard Perfileria de Aluminio Carpinteria Rivadavia Linea Delta,https://www.fravega.com/p/placard-perfileria-de-aluminio-carpinteria-rivadavia-linea-delta-20007885/,520000.0,471182.0,1,True
FRA-placard-180x240cm-blanco-con-8-cubos-y-4,Fravega,OTRAS,Muebles,Placard 180x240cm Blanco con 8 Cubos y 4 Cajones,https://www.fravega.com/p/placard-180x240cm-blanco-con-8-cubos-y-4-cajones-22869619/,870000.0,697459.0,1,True
FRA-despensero-2-maxi-puertas-centro-estant-,Fravega,OTRAS,Muebles,Despensero 2 Maxi Puertas Centro Estant DIS4 Blanco 180 x 60 cm,https://www.fravega.com/p/despensero-2-maxi-puertas-centro-estant-dis4-blanco-180-x-60-cm-600010/,199999.0,149999.0,1,True
FRA-mesa-recibidora-de-arrime-auxiliar-con-c,Fravega,OTRAS,Muebles,Mesa Recibidora De Arrime Auxiliar Con Cajón - Patas En Mdf! Blanco,https://www.fravega.com/p/mesa-recibidora-de-arrime-auxiliar-con-cajon-patas-mdf-blanco-22716015/,165000.0,80000.0,1,True
FRA-set-x4-sillas-de-diseno-allegra-negra-li,Fravega,OTRAS,Muebles,Set x4 Sillas de Diseño Allegra Negra Living Comedor Cocina,https://www.fravega.com/p/set-x4-sillas-de-diseno-allegra-negra-living-comedor-cocina-601611/,199999.0,129999.0,1,True
FRA-placard-ropero-con-baulera-240x233-cm-di,Fravega,OTRAS,Muebles,Placard Ropero con Baulera 240x233 cm Diseños Modernos Color Blanco,https://www.fravega.com/p/placard-ropero-con-baulera-240x233-cm-disenos-modernos-color-blanco-21454548/,964998.75,864999.0,1,True
FRA-box-benethon-2-pl-140-x-190-blanco-mate-,Fravega,OTRAS,Muebles,Box Benethon 2 Pl  140 X 190 Blanco Mate,https://www.fravega.com/p/box-benethon-2-pl-140-x-190-blanco-mate-990223748/,778470.0,533840.0,1,True
FRA-despensero-organizador-multiuso-madesa-e,Fravega,OTRAS,Muebles,Despensero Organizador Multiuso Madesa Emilly 2 Puertas,https://www.fravega.com/p/despensero-organizador-multiuso-madesa-emilly-2-puertas-22738457/,169998.0,119919.0,1,True
FRA-banqueta-alta-eames-negra-con-patas-de-m,Fravega,OTRAS,Muebles,Banqueta Alta Eames Negra con Patas de Madera,https://www.fravega.com/p/banqueta-alta-eames-negra-con-patas-de-madera-22883481/,125000.0,99999.0,1,True
FRA-set-x4-sillas-de-diseno-tulip-blanca-liv,Fravega,OTRAS,Muebles,Set x4 Sillas de Diseño Tulip Blanca Living Comedor Cocina,https://www.fravega.com/p/set-x4-sillas-de-diseno-tulip-blanca-living-comedor-cocina-601630/,199999.0,149999.0,1,True
FRA-biblioteca-centro-estant-l9bl-blanca-180,Fravega,OTRAS,Muebles,Biblioteca Centro Estant L9BL Blanca 180 x 41 cm,https://www.fravega.com/p/biblioteca-centro-estant-l9bl-blanca-180-x-41-cm-600837/,89999.0,65999.0,1,True
FRA-placard-ropero-puertas-corredizas-con-es,Fravega,OTRAS,Muebles,Placard Ropero Puertas Corredizas Con Espejo 2.00 X 2.00 Carpinteria Rivadavia,https://www.fravega.com/p/placard-ropero-puertas-corredizas-con-espejo-2-00-x-2-00-carpinteria-rivadavia-22625778/,700000.0,597810.0,1,True
FRA-respaldo-de-cama-centro-estant-dali-140-,Fravega,OTRAS,Muebles,Respaldo de cama Centro Estant Dali 140-160 Negro Paraiso,https://www.fravega.com/p/respaldo-de-cama-centro-estant-dali-140-160-negro-paraiso-21184405/,196658.0,129200.0,1,True
FRA-mesa-tv-centro-estant-mt4002bl-blanco-12,Fravega,OTRAS,Muebles,Mesa TV Centro Estant MT4002BL Blanco 128 x 50 cm,https://www.fravega.com/p/mesa-tv-centro-estant-mt4002bl-blanco-128-x-50-cm-601417/,199999.0,119999.0,1,True
FRA-silla-de-oficina-premium-ultimate-ut-c34,Fravega,OTRAS,Muebles,Silla de Oficina Premium Ultimate UT-C340W Blanco,https://www.fravega.com/p/silla-de-oficina-premium-ultimate-ut-c340w-blanco-601654/,149999.0,99999.0,1,True
FRA-cama-box-160-2-plazas-queen-con-zapatero,Fravega,OTRAS,Muebles,"Cama Box 160 2 Plazas Queen con Zapateros, Bauleras y Cajones Blanco Centro Estant",https://www.fravega.com/p/cama-box-160-2-plazas-queen-con-zapateros-bauleras-y-cajones-blanco-centro-estant-22715855/,700200.0,393300.0,1,True
FRA-escritorio-centro-estant-milan-negro-par,Fravega,OTRAS,Muebles,Escritorio Centro Estant Milan Negro Paraiso Ancho 168cm,https://www.fravega.com/p/escritorio-centro-estant-milan-negro-paraiso-ancho-168cm-990049086/,194239.0,168990.0,1,True
FRA-rack-para-tv-madesa-dubai-hasta-65-pulga,Fravega,LG,Muebles,Rack Para Tv Madesa Dubai Hasta 65 Pulgadas 160 Cm,https://www.fravega.com/p/rack-para-tv-madesa-dubai-hasta-65-pulgadas-160-cm-22737156/,239998.0,199919.0,1,True
FRA-silla-de-oficina-premium-ultimate-ut-c34,Fravega,OTRAS,Muebles,Silla de Oficina Premium Ultimate UT-C340B Negro,https://www.fravega.com/p/silla-de-oficina-premium-ultimate-ut-c340b-negro-601624/,149999.0,79999.0,1,True
FRA-silla-de-comedor-tulip-estructura-color-,Fravega,OTRAS,Muebles,Silla de comedor Tulip estructura color negro,https://www.fravega.com/p/silla-de-comedor-tulip-estructura-color-negro-21188777/,49999.0,35999.0,1,True
FRA-silla-de-oficina-ergonomica-fravega-home,Fravega,OTRAS,Muebles,Silla de Oficina Ergonómica Frávega Home B36O,https://www.fravega.com/p/silla-de-oficina-ergonomica-fravega-home-b36o-601804/,449999.0,299999.0,1,True
FRA-placard-vestidor-180x180-cm-cubos-diseno,Fravega,OTRAS,Muebles,Placard Vestidor 180x180 cm cubos Diseños Modernos Blanco,https://www.fravega.com/p/placard-vestidor-180x180-cm-cubos-disenos-modernos-blanco-21454421/,462498.75,419999.0,1,True
FRA-placard-ropero-120x180-cm-disenos-modern,Fravega,OTRAS,Muebles,Placard Ropero 120x180 cm Diseños Modernos Blanco Pack Muebles,https://www.fravega.com/p/placard-ropero-120x180-cm-disenos-modernos-blanco-pack-muebles-22604490/,457498.75,364999.0,1,True
FRA-juego-de-comedor-cocina-madesa-havana-co,Fravega,OTRAS,Muebles,Juego De Comedor Cocina Madesa Havana Conjunto Mesa con 4 Sillas,https://www.fravega.com/p/juego-de-comedor-cocina-madesa-havana-conjunto-mesa-con-4-sillas-22627150/,589972.0,329919.0,1,True
FRA-juego-de-comedor-cocina-jaine-madesa-mes,Fravega,OTRAS,Muebles,Juego De Comedor Cocina Jaíne Madesa Mesa Con 6 Sillas,https://www.fravega.com/p/juego-de-comedor-cocina-jaine-madesa-mesa-con-6-sillas-22627125/,659972.0,399919.0,1,True
FRA-maquillador-tocador-con-espejo-hollywood,Fravega,OTRAS,Muebles,Maquillador Tocador con Espejo Hollywood 11 Cajones 1.20m Escritorio Dormitorio (Blanco) + Puff Baulero de regalo,https://www.fravega.com/p/maquillador-tocador-con-espejo-hollywood-11-cajones-1-20m-escritorio-dormitorio-blanco-puff-baulero-de-regalo--22881769/,643597.0,449441.0,1,True
FRA-sillon-de-3-cuerpos-esquinero-convertibl,Fravega,OTRAS,Muebles,Sillón de 3 Cuerpos Esquinero Convertible American Wood Chenille Gris Claro,https://www.fravega.com/p/sillon-de-3-cuerpos-esquinero-convertible-american-wood-chenille-gris-claro-50000854/,2129863.0,899999.0,1,True
FRA-comoda-mallorca-blanco-paraiso-50001494,Fravega,OTRAS,Muebles,Comoda Mallorca blanco paraiso,https://www.fravega.com/p/comoda-mallorca-blanco-paraiso-50001494/,300454.0,243800.0,1,True
FRA-placard-240x180-cm-cubos-disenos-moderno,Fravega,OTRAS,Muebles,Placard 240x180 cm Cubos Diseños Modernos Blanco,https://www.fravega.com/p/placard-240x180-cm-cubos-disenos-modernos-blanco--21295693/,599998.75,559999.0,1,True
FRA-perchero-organizador-doble-barral-metali,Fravega,OTRAS,Muebles,Perchero Organizador Doble Barral Metálico Waggs con Estante,https://www.fravega.com/p/perchero-organizador-doble-barral-metalico-waggs-con-estante-22617150/,67186.0,33599.0,1,True
FRA-mueble-de-cocina-completo-madesa-emilly-,Fravega,OTRAS,Muebles,"Mueble De Cocina Completo Madesa Emilly Con Bajo Mesada, Alacena Y Despensero",https://www.fravega.com/p/mueble-de-cocina-completo-madesa-emilly-con-bajo-mesada-alacena-y-despensero-22627211/,509972.0,299919.0,1,True
FRA-set-2-sillas-de-comedor-cocina-madesa-42,Fravega,OTRAS,Muebles,Set 2 Sillas De Comedor Cocina Madesa 4255 Combo X2,https://www.fravega.com/p/set-2-sillas-de-comedor-cocina-madesa-4255-combo-x2-22742886/,289998.0,219919.0,1,True
FRA-placard-180x240cm-blanco-con-8-cubos-y-4,Fravega,OTRAS,Muebles,Placard 180x240cm Blanco con 8 Cubos y 4 Cajones,https://www.fravega.com/p/placard-180x240cm-blanco-con-8-cubos-y-4-cajones-22869619/,870000.0,697459.0,1,True
FRA-despensero-2-maxi-puertas-centro-estant-,Fravega,OTRAS,Muebles,Despensero 2 Maxi Puertas Centro Estant DIS4 Blanco 180 x 60 cm,https://www.fravega.com/p/despensero-2-maxi-puertas-centro-estant-dis4-blanco-180-x-60-cm-600010/,199999.0,149999.0,1,True
FRA-mesa-recibidora-de-arrime-auxiliar-con-c,Fravega,OTRAS,Muebles,Mesa Recibidora De Arrime Auxiliar Con Cajón - Patas En Mdf! Blanco,https://www.fravega.com/p/mesa-recibidora-de-arrime-auxiliar-con-cajon-patas-mdf-blanco-22716015/,165000.0,80000.0,1,True
FRA-set-x4-sillas-de-diseno-allegra-negra-li,Fravega,OTRAS,Muebles,Set x4 Sillas de Diseño Allegra Negra Living Comedor Cocina,https://www.fravega.com/p/set-x4-sillas-de-diseno-allegra-negra-living-comedor-cocina-601611/,199999.0,129999.0,1,True
FRA-placard-ropero-con-baulera-240x233-cm-di,Fravega,OTRAS,Muebles,Placard Ropero con Baulera 240x233 cm Diseños Modernos Color Blanco,https://www.fravega.com/p/placard-ropero-con-baulera-240x233-cm-disenos-modernos-color-blanco-21454548/,964998.75,864999.0,1,True
FRA-box-benethon-2-pl-140-x-190-blanco-mate-,Fravega,OTRAS,Muebles,Box Benethon 2 Pl  140 X 190 Blanco Mate,https://www.fravega.com/p/box-benethon-2-pl-140-x-190-blanco-mate-990223748/,778470.0,533840.0,1,True
FRA-despensero-organizador-multiuso-madesa-e,Fravega,OTRAS,Muebles,Despensero Organizador Multiuso Madesa Emilly 2 Puertas,https://www.fravega.com/p/despensero-organizador-multiuso-madesa-emilly-2-puertas-22738457/,169998.0,119919.0,1,True
FRA-banqueta-alta-eames-negra-con-patas-de-m,Fravega,OTRAS,Muebles,Banqueta Alta Eames Negra con Patas de Madera,https://www.fravega.com/p/banqueta-alta-eames-negra-con-patas-de-madera-22883481/,125000.0,99999.0,1,True
FRA-set-x4-sillas-de-diseno-tulip-blanca-liv,Fravega,OTRAS,Muebles,Set x4 Sillas de Diseño Tulip Blanca Living Comedor Cocina,https://www.fravega.com/p/set-x4-sillas-de-diseno-tulip-blanca-living-comedor-cocina-601630/,199999.0,149999.0,1,True
FRA-biblioteca-centro-estant-l9bl-blanca-180,Fravega,OTRAS,Muebles,Biblioteca Centro Estant L9BL Blanca 180 x 41 cm,https://www.fravega.com/p/biblioteca-centro-estant-l9bl-blanca-180-x-41-cm-600837/,89999.0,65999.0,1,True
FRA-placard-ropero-puertas-corredizas-con-es,Fravega,OTRAS,Muebles,Placard Ropero Puertas Corredizas Con Espejo 2.00 X 2.00 Carpinteria Rivadavia,https://www.fravega.com/p/placard-ropero-puertas-corredizas-con-espejo-2-00-x-2-00-carpinteria-rivadavia-22625778/,700000.0,597810.0,1,True
FRA-respaldo-de-cama-centro-estant-dali-140-,Fravega,OTRAS,Muebles,Respaldo de cama Centro Estant Dali 140-160 Negro Paraiso,https://www.fravega.com/p/respaldo-de-cama-centro-estant-dali-140-160-negro-paraiso-21184405/,196658.0,129200.0,1,True
FRA-mesa-tv-centro-estant-mt4002bl-blanco-12,Fravega,OTRAS,Muebles,Mesa TV Centro Estant MT4002BL Blanco 128 x 50 cm,https://www.fravega.com/p/mesa-tv-centro-estant-mt4002bl-blanco-128-x-50-cm-601417/,199999.0,119999.0,1,True
FRA-silla-de-oficina-premium-ultimate-ut-c34,Fravega,OTRAS,Muebles,Silla de Oficina Premium Ultimate UT-C340W Blanco,https://www.fravega.com/p/silla-de-oficina-premium-ultimate-ut-c340w-blanco-601654/,149999.0,99999.0,1,True
FRA-cama-box-160-2-plazas-queen-con-zapatero,Fravega,OTRAS,Muebles,"Cama Box 160 2 Plazas Queen con Zapateros, Bauleras y Cajones Blanco Centro Estant",https://www.fravega.com/p/cama-box-160-2-plazas-queen-con-zapateros-bauleras-y-cajones-blanco-centro-estant-22715855/,700200.0,393300.0,1,True
FRA-escritorio-centro-estant-milan-negro-par,Fravega,OTRAS,Muebles,Escritorio Centro Estant Milan Negro Paraiso Ancho 168cm,https://www.fravega.com/p/escritorio-centro-estant-milan-negro-paraiso-ancho-168cm-990049086/,194239.0,168990.0,1,True
FRA-escritorio-centro-estant-paris-sc1250w-w,Fravega,OTRAS,Muebles,Escritorio Centro Estant Paris SC1250W Wengue 120 x 78 cm,https://www.fravega.com/p/escritorio-centro-estant-paris-sc1250w-wengue-120-x-78-cm-600880/,159999.0,99999.0,1,True
FRA-placard-ropero-150x180-cm-disenos-modern,Fravega,OTRAS,Muebles,Placard Ropero 150x180 cm Diseños Modernos Blanco,https://www.fravega.com/p/placard-ropero-150x180-cm-disenos-modernos-blanco-21295599/,444998.75,354999.0,1,True
FRA-placard-ropero-140x180-cm-color-blanco-p,Fravega,OTRAS,Muebles,Placard Ropero 140x180 cm Color Blanco Pack Muebles,https://www.fravega.com/p/placard-ropero-140x180-cm-color-blanco-pack-muebles-22617257/,474998.75,398999.0,1,True
FRA-baul-juguetero-montessori-biblioteca-inf,Fravega,OTRAS,Muebles,"Baúl Juguetero Montessori, Biblioteca Infantil, Organizador - Blanco - Juguetero Montessori",https://www.fravega.com/p/baul-juguetero-montessori-biblioteca-infantil-organizador-blanco-juguetero-montessori-22646748/,118800.0,59400.0,1,True
FRA-mesa-tv-centro-estant-mt4002w-wengue-601,Fravega,OTRAS,Muebles,Mesa TV Centro Estant  MT4002W Wengue,https://www.fravega.com/p/mesa-tv-centro-estant-mt4002w-wengue-601428/,199999.0,119999.0,1,True
FRA-juego-de-comedor-madesa-allegro-con-6-si,Fravega,OTRAS,Muebles,Juego De Comedor Madesa Allegro Con 6 Sillas Imperial,https://www.fravega.com/p/juego-de-comedor-madesa-allegro-con-6-sillas-imperial-22619283/,899964.0,679919.0,1,True
FRA-botinero-24-pares-centro-estant-b24bl-bl,Fravega,OTRAS,Muebles,Botinero 24 Pares Centro Estant B24BL Blanco 153 x 61 cm,https://www.fravega.com/p/botinero-24-pares-centro-estant-b24bl-blanco-153-x-61-cm-601109/,229999.0,155999.0,1,True
FRA-placard-240-perfileria-de-aluminio-carpi,Fravega,OTRAS,Muebles,Placard 240 Perfileria de Aluminio Carpinteria Rivadavia Linea Delta,https://www.fravega.com/p/placard-240-perfileria-de-aluminio-carpinteria-rivadavia-linea-delta-20017411/,600000.0,563079.0,1,True
FRA-mesa-de-luz-orlandi-jacaranda--601500,Fravega,OTRAS,Muebles,Mesa de Luz Orlandi Jacaranda,https://www.fravega.com/p/mesa-de-luz-orlandi-jacaranda--601500/,69999.0,46999.0,1,True
FRA-bajo-mesada-orlandi-bahia-120cm-abedul-6,Fravega,OTRAS,Muebles,Bajo Mesada Orlandi Bahía 120cm Abedul,https://www.fravega.com/p/bajo-mesada-orlandi-bahia-120cm-abedul-601768/,199999.0,149999.0,1,True
FRA-rack-tv-con-puerta-corrediza-moderno-136,Fravega,OTRAS,Muebles,Rack TV con Puerta Corrediza Moderno 136 cm – Mueble para Televisor 50” con Ruedas y Estante,https://www.fravega.com/p/rack-tv-con-puerta-corrediza-moderno-136-cm--mueble-para-televisor-50-con-ruedas-y-estante-22588982/,210999.0,164331.0,1,True
FRA-centro-de-entretenimiento-para-tv-artheo,Fravega,LG,Muebles,Centro de Entretenimiento para TV ARTHEO – Modular Mueble Rack TV Moderno 160 x 187 cm para Televisor 55 pulgadas,https://www.fravega.com/p/centro-de-entretenimiento-para-tv-artheo--modular-mueble-rack-tv-moderno-160-x-187-cm-para-televisor-55-pulgadas-22589503/,247999.0,233528.0,1,True
FRA-perchero-organizador-waggs-regulable-con,Fravega,OTRAS,Muebles,Perchero Organizador Waggs Regulable con Ruedas y Estante,https://www.fravega.com/p/perchero-organizador-waggs-regulable-con-ruedas-y-estante-22617152/,32186.0,20239.0,1,True
FRA-juego-de-comedor-madesa-allegro-con-6-si,Fravega,OTRAS,Muebles,Juego De Comedor Madesa Allegro Con 6 Sillas Silver,https://www.fravega.com/p/juego-de-comedor-madesa-allegro-con-6-sillas-silver-22619217/,899964.0,679919.0,1,True
FRA-rack-para-tv-madesa-cancun-hasta-65-pulg,Fravega,LG,Muebles,Rack para TV Madesa Cancún Hasta 65 Pulgadas 180 Cm,https://www.fravega.com/p/rack-para-tv-madesa-cancun-hasta-65-pulgadas-180-cm-22771110/,289998.0,219919.0,1,True
FRA-colchon-caja-sueno-dorado-box-rolo-2-pla,Fravega,OTRAS,Colchones y Sommiers,Colchón en Caja Sueño Dorado Box Rolo 2 Plazas (140x190 cm) - Espuma Alta Densidad + Soft,https://www.fravega.com/p/colchon-caja-sueno-dorado-box-rolo-2-plazas-140x190-cm-espuma-alta-densidad-soft-610783/,599999.0,399999.0,1,True
FRA-sommier-y-colchon-de-espuma-king-koil-br,Fravega,OTRAS,Colchones y Sommiers,Sommier y Colchón de Espuma King Koil Bradford 200x200,https://www.fravega.com/p/sommier-y-colchon-de-espuma-king-koil-bradford-200x200-20027553/,2666665.0,1599999.0,1,True
FRA-estelar-descanso-sommier-2x2-king-pillow,Fravega,OTRAS,Colchones y Sommiers,Estelar Descanso Sommier 2x2 King Pillow Alta Densidad,https://www.fravega.com/p/estelar-descanso-sommier-2x2-king-pillow-alta-densidad-22514474/,1499900.0,799900.0,1,True
FRA-colchon-de-resortes-king-koil-lexington-,Fravega,OTRAS,Colchones y Sommiers,Colchón de resortes King Koil Lexington Queen Size 160x200 cm con SOMMIER DE REGALO,https://www.fravega.com/p/colchon-de-resortes-king-koil-lexington-queen-size-160x200-cm-con-sommier-de-regalo-50003050/,4206665.0,2523999.0,1,True
FRA-conjunto-sommier-y-colchon-suavestar-del,Fravega,OTRAS,Colchones y Sommiers,Conjunto Sommier y Colchón Suavestar Deluxe 2 Plazas (140x190 cm) - Espuma 25 kg/m³,https://www.fravega.com/p/conjunto-sommier-y-colchon-suavestar-deluxe-2-plazas-140x190-cm-espuma-25-kg-m-610593/,669999.0,599999.0,1,True
FRA-colchon-y-sommier-arcoiris-rio-2-plazas-,Fravega,OTRAS,Colchones y Sommiers,Colchón y Sommier Arcoiris Rio 2 Plazas 140x190 Resortes,https://www.fravega.com/p/colchon-y-sommier-arcoiris-rio-2-plazas-140x190-resortes-20007026/,1337880.0,539900.0,1,True
FRA-combo-conjunto-sommier-elite-alumine-2-p,Fravega,OTRAS,Colchones y Sommiers,Combo Conjunto Sommier Elite Aluminé 2 Plazas (140x190 cm) + Respaldo Pana Velvet + 2 Almohadas de Regalo,https://www.fravega.com/p/combo-conjunto-sommier-elite-alumine-2-plazas-140x190-cm-respaldo-pana-velvet-2-almohadas-de-regalo-610825/,899999.0,629999.0,1,True
FRA-conjunto-sommier-y-colchon-de-resortes-k,Fravega,OTRAS,Colchones y Sommiers,Conjunto Sommier y Colchón de resortes King Koil 120 Gold - Luxury Pocket Super King 200x200 cm,https://www.fravega.com/p/conjunto-sommier-y-colchon-de-resortes-king-koil-120-gold-luxury-pocket-super-king-200x200-cm-22490798/,3391998.0,2119999.0,1,True
FRA-conjunto-sommier-y-colchon-suavestar-cen,Fravega,OTRAS,Colchones y Sommiers,Conjunto Sommier y Colchón Suavestar Centuria Queen (2 Plazas y Media) (160x200 cm) - Espuma 35 kg/m³,https://www.fravega.com/p/conjunto-sommier-y-colchon-suavestar-centuria-queen-2-plazas-y-media-160x200-cm-espuma-35-kg-m-610628/,1499999.0,1179999.0,1,True
FRA-sommier-y-colchon-bicama-de-resortes-1-1,Fravega,OTRAS,Colchones y Sommiers,Sommier y Colchón Bicama de Resortes 1 1/2 Plaza Inducol Agra 100x200 Cm,https://www.fravega.com/p/sommier-y-colchon-bicama-de-resortes-1-1-2-plaza-inducol-agra-100x200-cm-20190986/,1651665.0,990999.0,1,True
FRA-conjunto-sommier-y-colchon-suavestar-spo,Fravega,OTRAS,Colchones y Sommiers,Conjunto Sommier y Colchón Suavestar Sport 1 Plaza y Media (100x190 cm) - Espuma 30kg/m³,https://www.fravega.com/p/conjunto-sommier-y-colchon-suavestar-sport-1-plaza-y-media-100x190-cm-espuma-30kg-m-610923/,699999.0,549999.0,1,True
FRA-sommier-y-colchon-cannon-reims-pillow-to,Fravega,OTRAS,Colchones y Sommiers,Sommier Y Colchón Cannon Reims Pillow Top 200X200X30 King,https://www.fravega.com/p/sommier-y-colchon-cannon-reims-pillow-top-200x200x30-king-990194788/,2852352.0,1426176.0,1,True
FRA-colchon-suavestar-sport-2-plazas-140x190,Fravega,OTRAS,Colchones y Sommiers,Colchón Suavestar Sport 2 Plazas (140x190 cm) - Espuma Alta Densidad 30kg/m³,https://www.fravega.com/p/colchon-suavestar-sport-2-plazas-140x190-cm-espuma-alta-densidad-30kg-m-610657/,599999.0,429999.0,1,True
FRA-combo-2230-norcee-140x190-sommier-colcho,Fravega,OTRAS,Colchones y Sommiers,Combo 2230 NORCEE 140x190 Sommier + Colchón + Respaldo y 2 almohadas de regalo Espuma Alta Densidad,https://www.fravega.com/p/combo-2230-norcee-140x190-sommier-colchon-respaldo-y-2-almohadas-de-regalo-espuma-alta-densidad-22708009/,3552337.0,929000.0,1,True
FRA-conjunto-sommier-y-colchon-nap-franklin-,Fravega,OTRAS,Colchones y Sommiers,Conjunto Sommier y Colchón NAP Franklin 2 Plazas (140x190 cm) - Espuma Alta Densidad,https://www.fravega.com/p/conjunto-sommier-y-colchon-nap-franklin-2-plazas-140x190-cm-espuma-alta-densidad-610868/,499999.0,349999.0,1,True
FRA-sommier-y-colchon-2230-norcee-pillow-140,Fravega,OTRAS,Colchones y Sommiers,Sommier y Colchón 2230 Norcee Pillow 140x190 Espuma Alta Densidad con 2 Almohadas de Regalo,https://www.fravega.com/p/sommier-y-colchon-2230-norcee-pillow-140x190-espuma-alta-densidad-con-2-almohadas-de-regalo-22526253/,3989698.0,1199000.0,1,True
FRA-conjunto-sommier-y-colchon-elite-sonar-2,Fravega,OTRAS,Colchones y Sommiers,Conjunto Sommier y Colchón Elite Soñar 2 Plazas (140x190 cm) - Resortes Bonell,https://www.fravega.com/p/conjunto-sommier-y-colchon-elite-sonar-2-plazas-140x190-cm-resortes-bonell-610926/,599999.0,479999.0,1,True
FRA-conjunto-sommier-y-colchon-elite-everest,Fravega,OTRAS,Colchones y Sommiers,Conjunto Sommier y Colchón Elite Everest 2 Plazas (140x190 cm) - Espuma Alta Densidad,https://www.fravega.com/p/conjunto-sommier-y-colchon-elite-everest-2-plazas-140x190-cm-espuma-alta-densidad-610860/,699999.0,539999.0,1,True
FRA-conjunto-sommier-y-colchon-sueno-dorado-,Fravega,OTRAS,Colchones y Sommiers,Conjunto Sommier y Colchón Sueño Dorado Denver Plus Queen Size (160x200 cm) - Espuma Alta Densidad,https://www.fravega.com/p/conjunto-sommier-y-colchon-sueno-dorado-denver-plus-queen-size-160x200-cm-espuma-alta-densidad-610780/,1399999.0,999999.0,1,True
FRA-conjunto-sommier-y-colchon-sueno-dorado-,Fravega,OTRAS,Colchones y Sommiers,Conjunto Sommier y Colchón Sueño Dorado Niza 2 Plazas (140x190 cm) - Espuma Alta Densidad,https://www.fravega.com/p/conjunto-sommier-y-colchon-sueno-dorado-niza-2-plazas-140x190-cm-espuma-alta-densidad-610951/,999999.0,599999.0,1,True
FRA-colchon-cannon-tropical-1-plaza-80x190-c,Fravega,OTRAS,Colchones y Sommiers,Colchón Cannon Tropical 1 Plaza (80x190 cm) - Espuma 22kg/m³,https://www.fravega.com/p/colchon-cannon-tropical-1-plaza-80x190-cm-espuma-22kg-m-610638/,179999.0,119999.0,1,True
FRA-colchon-de-espuma-estelar-140x190cm-somm,Fravega,OTRAS,Colchones y Sommiers,Colchón de Espuma Estelar 140x190cm + Sommier 2 Plazas con Almohadas,https://www.fravega.com/p/colchon-de-espuma-estelar-140x190cm-sommier-2-plazas-con-almohadas-22589242/,799900.0,399900.0,1,True
FRA-conjunto-sommier-y-colchon-elite-lanin-1,Fravega,OTRAS,Colchones y Sommiers,Conjunto Sommier y Colchón Elite Lanin 1 Plaza y Media (100x190 cm) - Espuma + Almohada de Regalo,https://www.fravega.com/p/conjunto-sommier-y-colchon-elite-lanin-1-plaza-y-media-100x190-cm-espuma-almohada-de-regalo-610794/,499999.0,349999.0,1,True
FRA-conjunto-sommier-y-colchon-spring-air-pr,Fravega,OTRAS,Colchones y Sommiers,Conjunto Sommier y Colchón Spring Air Prince 2 Plazas (140x190 cm) - Espuma + 2 Almohadas de Regalo,https://www.fravega.com/p/conjunto-sommier-y-colchon-spring-air-prince-2-plazas-140x190-cm-espuma-2-almohadas-de-regalo-610609/,699999.0,449999.0,1,True
FRA-sommier-y-colchon-de-espuma-arcoiris-tm-,Fravega,OTRAS,Colchones y Sommiers,Sommier y Colchón de Espuma Arcoiris TM 80 x 190 cm,https://www.fravega.com/p/sommier-y-colchon-de-espuma-arcoiris-tm-80-x-190-cm-20310108/,382026.0,229500.0,1,True
FRA-sommier-cl-estelar-100x190-espuma-200030,Fravega,OTRAS,Colchones y Sommiers,Sommier CL Estelar 100x190 Espuma,https://www.fravega.com/p/sommier-cl-estelar-100x190-espuma-20003086/,599900.0,299900.0,1,True
FRA-conjunto-sommier-y-colchon-suavestar-spo,Fravega,OTRAS,Colchones y Sommiers,Conjunto Sommier y Colchón Suavestar Sport 2 Plazas (140x190 cm) - Espuma 30kg/m³,https://www.fravega.com/p/conjunto-sommier-y-colchon-suavestar-sport-2-plazas-140x190-cm-espuma-30kg-m-610670/,999999.0,629999.0,1,True
FRA-colchon-estelar-spot-80x190-espuma-almoh,Fravega,OTRAS,Colchones y Sommiers,Colchon Estelar Spot 80x190 Espuma + Almohada de Regalo,https://www.fravega.com/p/colchon-estelar-spot-80x190-espuma-almohada-de-regalo-21961199/,199900.0,110900.0,1,True
FRA-sommier-cl-estelar-140x190-espuma-2-almo,Fravega,OTRAS,Colchones y Sommiers,Sommier CL Estelar 140x190 Espuma + 2 Almohadas de Regalo,https://www.fravega.com/p/sommier-cl-estelar-140x190-espuma-2-almohadas-de-regalo-20046532/,899900.0,438900.0,1,True
FRA-colchon-cl-estelar-080x190-espuma-200030,Fravega,OTRAS,Colchones y Sommiers,Colchón CL Estelar 080x190 Espuma,https://www.fravega.com/p/colchon-cl-estelar-080x190-espuma-20003006/,299900.0,149900.0,1,True
FRA-conjunto-sommier-y-colchon-piero-genova-,Fravega,OTRAS,Colchones y Sommiers,Conjunto Sommier y Colchón Piero Genova 2.0 Premium 2 Plazas (140x190 cm) - Resortes Ultra Coil,https://www.fravega.com/p/conjunto-sommier-y-colchon-piero-genova-2-0-premium-2-plazas-140x190-cm-resortes-ultra-coil-610770/,899999.0,699999.0,1,True
FRA-colchon-gani-aquiles-3-0-190x080x25-1-pl,Fravega,OTRAS,Colchones y Sommiers,Colchón Gani Aquiles 3.0 190X080X25 1 Plaza,https://www.fravega.com/p/colchon-gani-aquiles-3-0-190x080x25-1-plaza-20032036/,523690.0,199002.0,1,True
FRA-colchon-caja-sueno-dorado-box-rolo-2-pla,Fravega,OTRAS,Colchones y Sommiers,Colchón en Caja Sueño Dorado Box Rolo 2 Plazas (140x190 cm) - Espuma Alta Densidad + Soft,https://www.fravega.com/p/colchon-caja-sueno-dorado-box-rolo-2-plazas-140x190-cm-espuma-alta-densidad-soft-610783/,599999.0,399999.0,1,True
FRA-sommier-y-colchon-de-espuma-king-koil-br,Fravega,OTRAS,Colchones y Sommiers,Sommier y Colchón de Espuma King Koil Bradford 200x200,https://www.fravega.com/p/sommier-y-colchon-de-espuma-king-koil-bradford-200x200-20027553/,2666665.0,1599999.0,1,True
FRA-conjunto-sommier-y-colchon-spring-air-st,Fravega,OTRAS,Colchones y Sommiers,Conjunto Sommier y Colchón Spring Air Styles 2 Plazas (140x190 cm) - Resortes Bicónicos,https://www.fravega.com/p/conjunto-sommier-y-colchon-spring-air-styles-2-plazas-140x190-cm-resortes-biconicos-610557/,699999.0,449999.0,1,True
FRA-estelar-descanso-sommier-2x2-king-pillow,Fravega,OTRAS,Colchones y Sommiers,Estelar Descanso Sommier 2x2 King Pillow Alta Densidad,https://www.fravega.com/p/estelar-descanso-sommier-2x2-king-pillow-alta-densidad-22514474/,1499900.0,799900.0,1,True
FRA-colchon-de-resortes-king-koil-lexington-,Fravega,OTRAS,Colchones y Sommiers,Colchón de resortes King Koil Lexington Queen Size 160x200 cm con SOMMIER DE REGALO,https://www.fravega.com/p/colchon-de-resortes-king-koil-lexington-queen-size-160x200-cm-con-sommier-de-regalo-50003050/,4206665.0,2523999.0,1,True
FRA-conjunto-sommier-y-colchon-suavestar-del,Fravega,OTRAS,Colchones y Sommiers,Conjunto Sommier y Colchón Suavestar Deluxe 2 Plazas (140x190 cm) - Espuma 25 kg/m³,https://www.fravega.com/p/conjunto-sommier-y-colchon-suavestar-deluxe-2-plazas-140x190-cm-espuma-25-kg-m-610593/,669999.0,599999.0,1,True
FRA-colchon-y-sommier-arcoiris-rio-2-plazas-,Fravega,OTRAS,Colchones y Sommiers,Colchón y Sommier Arcoiris Rio 2 Plazas 140x190 Resortes,https://www.fravega.com/p/colchon-y-sommier-arcoiris-rio-2-plazas-140x190-resortes-20007026/,1337880.0,539900.0,1,True
FRA-combo-conjunto-sommier-elite-alumine-2-p,Fravega,OTRAS,Colchones y Sommiers,Combo Conjunto Sommier Elite Aluminé 2 Plazas (140x190 cm) + Respaldo Pana Velvet + 2 Almohadas de Regalo,https://www.fravega.com/p/combo-conjunto-sommier-elite-alumine-2-plazas-140x190-cm-respaldo-pana-velvet-2-almohadas-de-regalo-610825/,899999.0,629999.0,1,True
FRA-conjunto-sommier-y-colchon-de-resortes-k,Fravega,OTRAS,Colchones y Sommiers,Conjunto Sommier y Colchón de resortes King Koil 120 Gold - Luxury Pocket Super King 200x200 cm,https://www.fravega.com/p/conjunto-sommier-y-colchon-de-resortes-king-koil-120-gold-luxury-pocket-super-king-200x200-cm-22490798/,3391998.0,2119999.0,1,True
FRA-conjunto-sommier-y-colchon-suavestar-cen,Fravega,OTRAS,Colchones y Sommiers,Conjunto Sommier y Colchón Suavestar Centuria Queen (2 Plazas y Media) (160x200 cm) - Espuma 35 kg/m³,https://www.fravega.com/p/conjunto-sommier-y-colchon-suavestar-centuria-queen-2-plazas-y-media-160x200-cm-espuma-35-kg-m-610628/,1499999.0,1179999.0,1,True
FRA-sommier-y-colchon-bicama-de-resortes-1-1,Fravega,OTRAS,Colchones y Sommiers,Sommier y Colchón Bicama de Resortes 1 1/2 Plaza Inducol Agra 100x200 Cm,https://www.fravega.com/p/sommier-y-colchon-bicama-de-resortes-1-1-2-plaza-inducol-agra-100x200-cm-20190986/,1651665.0,990999.0,1,True
FRA-conjunto-sommier-y-colchon-suavestar-spo,Fravega,OTRAS,Colchones y Sommiers,Conjunto Sommier y Colchón Suavestar Sport 1 Plaza y Media (100x190 cm) - Espuma 30kg/m³,https://www.fravega.com/p/conjunto-sommier-y-colchon-suavestar-sport-1-plaza-y-media-100x190-cm-espuma-30kg-m-610923/,699999.0,549999.0,1,True
FRA-sommier-y-colchon-cannon-reims-pillow-to,Fravega,OTRAS,Colchones y Sommiers,Sommier Y Colchón Cannon Reims Pillow Top 200X200X30 King,https://www.fravega.com/p/sommier-y-colchon-cannon-reims-pillow-top-200x200x30-king-990194788/,2852352.0,1426176.0,1,True
FRA-colchon-suavestar-sport-2-plazas-140x190,Fravega,OTRAS,Colchones y Sommiers,Colchón Suavestar Sport 2 Plazas (140x190 cm) - Espuma Alta Densidad 30kg/m³,https://www.fravega.com/p/colchon-suavestar-sport-2-plazas-140x190-cm-espuma-alta-densidad-30kg-m-610657/,599999.0,429999.0,1,True
FRA-combo-2230-norcee-140x190-sommier-colcho,Fravega,OTRAS,Colchones y Sommiers,Combo 2230 NORCEE 140x190 Sommier + Colchón + Respaldo y 2 almohadas de regalo Espuma Alta Densidad,https://www.fravega.com/p/combo-2230-norcee-140x190-sommier-colchon-respaldo-y-2-almohadas-de-regalo-espuma-alta-densidad-22708009/,3552337.0,929000.0,1,True
FRA-conjunto-sommier-y-colchon-nap-franklin-,Fravega,OTRAS,Colchones y Sommiers,Conjunto Sommier y Colchón NAP Franklin 2 Plazas (140x190 cm) - Espuma Alta Densidad,https://www.fravega.com/p/conjunto-sommier-y-colchon-nap-franklin-2-plazas-140x190-cm-espuma-alta-densidad-610868/,499999.0,349999.0,1,True
FRA-sommier-y-colchon-2230-norcee-pillow-140,Fravega,OTRAS,Colchones y Sommiers,Sommier y Colchón 2230 Norcee Pillow 140x190 Espuma Alta Densidad con 2 Almohadas de Regalo,https://www.fravega.com/p/sommier-y-colchon-2230-norcee-pillow-140x190-espuma-alta-densidad-con-2-almohadas-de-regalo-22526253/,3989698.0,1199000.0,1,True
FRA-conjunto-sommier-y-colchon-elite-sonar-2,Fravega,OTRAS,Colchones y Sommiers,Conjunto Sommier y Colchón Elite Soñar 2 Plazas (140x190 cm) - Resortes Bonell,https://www.fravega.com/p/conjunto-sommier-y-colchon-elite-sonar-2-plazas-140x190-cm-resortes-bonell-610926/,599999.0,479999.0,1,True
FRA-sommier-y-colchon-cannon-sublime-euro-pi,Fravega,OTRAS,Colchones y Sommiers,Sommier y Colchón Cannon Sublime Euro Pillow 200x180,https://www.fravega.com/p/sommier-y-colchon-cannon-sublime-euro-pillow-200x180-990218847/,3866222.0,1353177.0,1,True
FRA-conjunto-sommier-y-colchon-elite-everest,Fravega,OTRAS,Colchones y Sommiers,Conjunto Sommier y Colchón Elite Everest 2 Plazas (140x190 cm) - Espuma Alta Densidad,https://www.fravega.com/p/conjunto-sommier-y-colchon-elite-everest-2-plazas-140x190-cm-espuma-alta-densidad-610860/,699999.0,539999.0,1,True
FRA-conjunto-sommier-y-colchon-sueno-dorado-,Fravega,OTRAS,Colchones y Sommiers,Conjunto Sommier y Colchón Sueño Dorado Denver Plus Queen Size (160x200 cm) - Espuma Alta Densidad,https://www.fravega.com/p/conjunto-sommier-y-colchon-sueno-dorado-denver-plus-queen-size-160x200-cm-espuma-alta-densidad-610780/,1399999.0,999999.0,1,True
FRA-conjunto-sommier-y-colchon-sueno-dorado-,Fravega,OTRAS,Colchones y Sommiers,Conjunto Sommier y Colchón Sueño Dorado Niza 2 Plazas (140x190 cm) - Espuma Alta Densidad,https://www.fravega.com/p/conjunto-sommier-y-colchon-sueno-dorado-niza-2-plazas-140x190-cm-espuma-alta-densidad-610951/,999999.0,599999.0,1,True
FRA-colchon-cannon-tropical-1-plaza-80x190-c,Fravega,OTRAS,Colchones y Sommiers,Colchón Cannon Tropical 1 Plaza (80x190 cm) - Espuma 22kg/m³,https://www.fravega.com/p/colchon-cannon-tropical-1-plaza-80x190-cm-espuma-22kg-m-610638/,179999.0,119999.0,1,True
FRA-colchon-de-espuma-estelar-140x190cm-somm,Fravega,OTRAS,Colchones y Sommiers,Colchón de Espuma Estelar 140x190cm + Sommier 2 Plazas con Almohadas,https://www.fravega.com/p/colchon-de-espuma-estelar-140x190cm-sommier-2-plazas-con-almohadas-22589242/,799900.0,399900.0,1,True
FRA-conjunto-sommier-y-colchon-elite-lanin-1,Fravega,OTRAS,Colchones y Sommiers,Conjunto Sommier y Colchón Elite Lanin 1 Plaza y Media (100x190 cm) - Espuma + Almohada de Regalo,https://www.fravega.com/p/conjunto-sommier-y-colchon-elite-lanin-1-plaza-y-media-100x190-cm-espuma-almohada-de-regalo-610794/,499999.0,349999.0,1,True
FRA-conjunto-sommier-y-colchon-spring-air-pr,Fravega,OTRAS,Colchones y Sommiers,Conjunto Sommier y Colchón Spring Air Prince 2 Plazas (140x190 cm) - Espuma + 2 Almohadas de Regalo,https://www.fravega.com/p/conjunto-sommier-y-colchon-spring-air-prince-2-plazas-140x190-cm-espuma-2-almohadas-de-regalo-610609/,699999.0,449999.0,1,True
FRA-sommier-y-colchon-de-espuma-arcoiris-tm-,Fravega,OTRAS,Colchones y Sommiers,Sommier y Colchón de Espuma Arcoiris TM 80 x 190 cm,https://www.fravega.com/p/sommier-y-colchon-de-espuma-arcoiris-tm-80-x-190-cm-20310108/,382026.0,229500.0,1,True
FRA-sommier-cl-estelar-100x190-espuma-200030,Fravega,OTRAS,Colchones y Sommiers,Sommier CL Estelar 100x190 Espuma,https://www.fravega.com/p/sommier-cl-estelar-100x190-espuma-20003086/,599900.0,299900.0,1,True
FRA-conjunto-sommier-y-colchon-suavestar-spo,Fravega,OTRAS,Colchones y Sommiers,Conjunto Sommier y Colchón Suavestar Sport 2 Plazas (140x190 cm) - Espuma 30kg/m³,https://www.fravega.com/p/conjunto-sommier-y-colchon-suavestar-sport-2-plazas-140x190-cm-espuma-30kg-m-610670/,999999.0,629999.0,1,True
FRA-colchon-estelar-spot-80x190-espuma-almoh,Fravega,OTRAS,Colchones y Sommiers,Colchon Estelar Spot 80x190 Espuma + Almohada de Regalo,https://www.fravega.com/p/colchon-estelar-spot-80x190-espuma-almohada-de-regalo-21961199/,199900.0,110900.0,1,True
FRA-sommier-cl-estelar-140x190-espuma-2-almo,Fravega,OTRAS,Colchones y Sommiers,Sommier CL Estelar 140x190 Espuma + 2 Almohadas de Regalo,https://www.fravega.com/p/sommier-cl-estelar-140x190-espuma-2-almohadas-de-regalo-20046532/,899900.0,438900.0,1,True
FRA-colchon-cl-estelar-080x190-espuma-200030,Fravega,OTRAS,Colchones y Sommiers,Colchón CL Estelar 080x190 Espuma,https://www.fravega.com/p/colchon-cl-estelar-080x190-espuma-20003006/,299900.0,149900.0,1,True
FRA-conjunto-sommier-y-colchon-piero-genova-,Fravega,OTRAS,Colchones y Sommiers,Conjunto Sommier y Colchón Piero Genova 2.0 Premium 2 Plazas (140x190 cm) - Resortes Ultra Coil,https://www.fravega.com/p/conjunto-sommier-y-colchon-piero-genova-2-0-premium-2-plazas-140x190-cm-resortes-ultra-coil-610770/,899999.0,699999.0,1,True
FRA-colchon-gani-aquiles-3-0-190x080x25-1-pl,Fravega,OTRAS,Colchones y Sommiers,Colchón Gani Aquiles 3.0 190X080X25 1 Plaza,https://www.fravega.com/p/colchon-gani-aquiles-3-0-190x080x25-1-plaza-20032036/,523690.0,199002.0,1,True
FRA-colchon-caja-sueno-dorado-box-rolo-2-pla,Fravega,OTRAS,Colchones y Sommiers,Colchón en Caja Sueño Dorado Box Rolo 2 Plazas (140x190 cm) - Espuma Alta Densidad + Soft,https://www.fravega.com/p/colchon-caja-sueno-dorado-box-rolo-2-plazas-140x190-cm-espuma-alta-densidad-soft-610783/,599999.0,399999.0,1,True
FRA-sommier-y-colchon-de-espuma-king-koil-br,Fravega,OTRAS,Colchones y Sommiers,Sommier y Colchón de Espuma King Koil Bradford 200x200,https://www.fravega.com/p/sommier-y-colchon-de-espuma-king-koil-bradford-200x200-20027553/,2666665.0,1599999.0,1,True
FRA-conjunto-sommier-y-colchon-spring-air-st,Fravega,OTRAS,Colchones y Sommiers,Conjunto Sommier y Colchón Spring Air Styles 2 Plazas (140x190 cm) - Resortes Bicónicos,https://www.fravega.com/p/conjunto-sommier-y-colchon-spring-air-styles-2-plazas-140x190-cm-resortes-biconicos-610557/,699999.0,449999.0,1,True
FRA-estelar-descanso-sommier-2x2-king-pillow,Fravega,OTRAS,Colchones y Sommiers,Estelar Descanso Sommier 2x2 King Pillow Alta Densidad,https://www.fravega.com/p/estelar-descanso-sommier-2x2-king-pillow-alta-densidad-22514474/,1499900.0,799900.0,1,True
FRA-colchon-de-resortes-king-koil-lexington-,Fravega,OTRAS,Colchones y Sommiers,Colchón de resortes King Koil Lexington Queen Size 160x200 cm con SOMMIER DE REGALO,https://www.fravega.com/p/colchon-de-resortes-king-koil-lexington-queen-size-160x200-cm-con-sommier-de-regalo-50003050/,4206665.0,2523999.0,1,True
FRA-conjunto-sommier-y-colchon-suavestar-del,Fravega,OTRAS,Colchones y Sommiers,Conjunto Sommier y Colchón Suavestar Deluxe 2 Plazas (140x190 cm) - Espuma 25 kg/m³,https://www.fravega.com/p/conjunto-sommier-y-colchon-suavestar-deluxe-2-plazas-140x190-cm-espuma-25-kg-m-610593/,669999.0,599999.0,1,True
FRA-colchon-y-sommier-arcoiris-rio-2-plazas-,Fravega,OTRAS,Colchones y Sommiers,Colchón y Sommier Arcoiris Rio 2 Plazas 140x190 Resortes,https://www.fravega.com/p/colchon-y-sommier-arcoiris-rio-2-plazas-140x190-resortes-20007026/,1337880.0,539900.0,1,True
FRA-combo-conjunto-sommier-elite-alumine-2-p,Fravega,OTRAS,Colchones y Sommiers,Combo Conjunto Sommier Elite Aluminé 2 Plazas (140x190 cm) + Respaldo Pana Velvet + 2 Almohadas de Regalo,https://www.fravega.com/p/combo-conjunto-sommier-elite-alumine-2-plazas-140x190-cm-respaldo-pana-velvet-2-almohadas-de-regalo-610825/,899999.0,629999.0,1,True
FRA-conjunto-sommier-y-colchon-de-resortes-k,Fravega,OTRAS,Colchones y Sommiers,Conjunto Sommier y Colchón de resortes King Koil 120 Gold - Luxury Pocket Super King 200x200 cm,https://www.fravega.com/p/conjunto-sommier-y-colchon-de-resortes-king-koil-120-gold-luxury-pocket-super-king-200x200-cm-22490798/,3391998.0,2119999.0,1,True
FRA-conjunto-sommier-y-colchon-suavestar-cen,Fravega,OTRAS,Colchones y Sommiers,Conjunto Sommier y Colchón Suavestar Centuria Queen (2 Plazas y Media) (160x200 cm) - Espuma 35 kg/m³,https://www.fravega.com/p/conjunto-sommier-y-colchon-suavestar-centuria-queen-2-plazas-y-media-160x200-cm-espuma-35-kg-m-610628/,1499999.0,1179999.0,1,True
FRA-sommier-y-colchon-bicama-de-resortes-1-1,Fravega,OTRAS,Colchones y Sommiers,Sommier y Colchón Bicama de Resortes 1 1/2 Plaza Inducol Agra 100x200 Cm,https://www.fravega.com/p/sommier-y-colchon-bicama-de-resortes-1-1-2-plaza-inducol-agra-100x200-cm-20190986/,1651665.0,990999.0,1,True
FRA-conjunto-sommier-y-colchon-suavestar-spo,Fravega,OTRAS,Colchones y Sommiers,Conjunto Sommier y Colchón Suavestar Sport 1 Plaza y Media (100x190 cm) - Espuma 30kg/m³,https://www.fravega.com/p/conjunto-sommier-y-colchon-suavestar-sport-1-plaza-y-media-100x190-cm-espuma-30kg-m-610923/,699999.0,549999.0,1,True
FRA-sommier-y-colchon-cannon-reims-pillow-to,Fravega,OTRAS,Colchones y Sommiers,Sommier Y Colchón Cannon Reims Pillow Top 200X200X30 King,https://www.fravega.com/p/sommier-y-colchon-cannon-reims-pillow-top-200x200x30-king-990194788/,2852352.0,1426176.0,1,True
FRA-colchon-suavestar-sport-2-plazas-140x190,Fravega,OTRAS,Colchones y Sommiers,Colchón Suavestar Sport 2 Plazas (140x190 cm) - Espuma Alta Densidad 30kg/m³,https://www.fravega.com/p/colchon-suavestar-sport-2-plazas-140x190-cm-espuma-alta-densidad-30kg-m-610657/,599999.0,429999.0,1,True
FRA-combo-2230-norcee-140x190-sommier-colcho,Fravega,OTRAS,Colchones y Sommiers,Combo 2230 NORCEE 140x190 Sommier + Colchón + Respaldo y 2 almohadas de regalo Espuma Alta Densidad,https://www.fravega.com/p/combo-2230-norcee-140x190-sommier-colchon-respaldo-y-2-almohadas-de-regalo-espuma-alta-densidad-22708009/,3552337.0,929000.0,1,True
FRA-conjunto-sommier-y-colchon-nap-franklin-,Fravega,OTRAS,Colchones y Sommiers,Conjunto Sommier y Colchón NAP Franklin 2 Plazas (140x190 cm) - Espuma Alta Densidad,https://www.fravega.com/p/conjunto-sommier-y-colchon-nap-franklin-2-plazas-140x190-cm-espuma-alta-densidad-610868/,499999.0,349999.0,1,True
FRA-sommier-y-colchon-2230-norcee-pillow-140,Fravega,OTRAS,Colchones y Sommiers,Sommier y Colchón 2230 Norcee Pillow 140x190 Espuma Alta Densidad con 2 Almohadas de Regalo,https://www.fravega.com/p/sommier-y-colchon-2230-norcee-pillow-140x190-espuma-alta-densidad-con-2-almohadas-de-regalo-22526253/,3989698.0,1199000.0,1,True
FRA-conjunto-sommier-y-colchon-elite-sonar-2,Fravega,OTRAS,Colchones y Sommiers,Conjunto Sommier y Colchón Elite Soñar 2 Plazas (140x190 cm) - Resortes Bonell,https://www.fravega.com/p/conjunto-sommier-y-colchon-elite-sonar-2-plazas-140x190-cm-resortes-bonell-610926/,599999.0,479999.0,1,True
FRA-sommier-y-colchon-cannon-sublime-euro-pi,Fravega,OTRAS,Colchones y Sommiers,Sommier y Colchón Cannon Sublime Euro Pillow 200x180,https://www.fravega.com/p/sommier-y-colchon-cannon-sublime-euro-pillow-200x180-990218847/,3866222.0,1353177.0,1,True
FRA-conjunto-sommier-y-colchon-elite-everest,Fravega,OTRAS,Colchones y Sommiers,Conjunto Sommier y Colchón Elite Everest 2 Plazas (140x190 cm) - Espuma Alta Densidad,https://www.fravega.com/p/conjunto-sommier-y-colchon-elite-everest-2-plazas-140x190-cm-espuma-alta-densidad-610860/,699999.0,539999.0,1,True
FRA-conjunto-sommier-y-colchon-sueno-dorado-,Fravega,OTRAS,Colchones y Sommiers,Conjunto Sommier y Colchón Sueño Dorado Denver Plus Queen Size (160x200 cm) - Espuma Alta Densidad,https://www.fravega.com/p/conjunto-sommier-y-colchon-sueno-dorado-denver-plus-queen-size-160x200-cm-espuma-alta-densidad-610780/,1399999.0,999999.0,1,True
FRA-conjunto-sommier-y-colchon-sueno-dorado-,Fravega,OTRAS,Colchones y Sommiers,Conjunto Sommier y Colchón Sueño Dorado Niza 2 Plazas (140x190 cm) - Espuma Alta Densidad,https://www.fravega.com/p/conjunto-sommier-y-colchon-sueno-dorado-niza-2-plazas-140x190-cm-espuma-alta-densidad-610951/,999999.0,599999.0,1,True
FRA-colchon-cannon-tropical-1-plaza-80x190-c,Fravega,OTRAS,Colchones y Sommiers,Colchón Cannon Tropical 1 Plaza (80x190 cm) - Espuma 22kg/m³,https://www.fravega.com/p/colchon-cannon-tropical-1-plaza-80x190-cm-espuma-22kg-m-610638/,179999.0,119999.0,1,True
FRA-colchon-de-espuma-estelar-140x190cm-somm,Fravega,OTRAS,Colchones y Sommiers,Colchón de Espuma Estelar 140x190cm + Sommier 2 Plazas con Almohadas,https://www.fravega.com/p/colchon-de-espuma-estelar-140x190cm-sommier-2-plazas-con-almohadas-22589242/,799900.0,399900.0,1,True
FRA-conjunto-sommier-y-colchon-elite-lanin-1,Fravega,OTRAS,Colchones y Sommiers,Conjunto Sommier y Colchón Elite Lanin 1 Plaza y Media (100x190 cm) - Espuma + Almohada de Regalo,https://www.fravega.com/p/conjunto-sommier-y-colchon-elite-lanin-1-plaza-y-media-100x190-cm-espuma-almohada-de-regalo-610794/,499999.0,349999.0,1,True
FRA-conjunto-sommier-y-colchon-spring-air-pr,Fravega,OTRAS,Colchones y Sommiers,Conjunto Sommier y Colchón Spring Air Prince 2 Plazas (140x190 cm) - Espuma + 2 Almohadas de Regalo,https://www.fravega.com/p/conjunto-sommier-y-colchon-spring-air-prince-2-plazas-140x190-cm-espuma-2-almohadas-de-regalo-610609/,699999.0,449999.0,1,True
FRA-sommier-y-colchon-de-espuma-arcoiris-tm-,Fravega,OTRAS,Colchones y Sommiers,Sommier y Colchón de Espuma Arcoiris TM 80 x 190 cm,https://www.fravega.com/p/sommier-y-colchon-de-espuma-arcoiris-tm-80-x-190-cm-20310108/,382026.0,229500.0,1,True
FRA-sommier-cl-estelar-100x190-espuma-200030,Fravega,OTRAS,Colchones y Sommiers,Sommier CL Estelar 100x190 Espuma,https://www.fravega.com/p/sommier-cl-estelar-100x190-espuma-20003086/,599900.0,299900.0,1,True
FRA-conjunto-sommier-y-colchon-suavestar-spo,Fravega,OTRAS,Colchones y Sommiers,Conjunto Sommier y Colchón Suavestar Sport 2 Plazas (140x190 cm) - Espuma 30kg/m³,https://www.fravega.com/p/conjunto-sommier-y-colchon-suavestar-sport-2-plazas-140x190-cm-espuma-30kg-m-610670/,999999.0,629999.0,1,True
FRA-colchon-estelar-spot-80x190-espuma-almoh,Fravega,OTRAS,Colchones y Sommiers,Colchon Estelar Spot 80x190 Espuma + Almohada de Regalo,https://www.fravega.com/p/colchon-estelar-spot-80x190-espuma-almohada-de-regalo-21961199/,199900.0,110900.0,1,True
FRA-sommier-cl-estelar-140x190-espuma-2-almo,Fravega,OTRAS,Colchones y Sommiers,Sommier CL Estelar 140x190 Espuma + 2 Almohadas de Regalo,https://www.fravega.com/p/sommier-cl-estelar-140x190-espuma-2-almohadas-de-regalo-20046532/,899900.0,438900.0,1,True
FRA-colchon-cl-estelar-080x190-espuma-200030,Fravega,OTRAS,Colchones y Sommiers,Colchón CL Estelar 080x190 Espuma,https://www.fravega.com/p/colchon-cl-estelar-080x190-espuma-20003006/,299900.0,149900.0,1,True
FRA-conjunto-sommier-y-colchon-piero-genova-,Fravega,OTRAS,Colchones y Sommiers,Conjunto Sommier y Colchón Piero Genova 2.0 Premium 2 Plazas (140x190 cm) - Resortes Ultra Coil,https://www.fravega.com/p/conjunto-sommier-y-colchon-piero-genova-2-0-premium-2-plazas-140x190-cm-resortes-ultra-coil-610770/,899999.0,699999.0,1,True
FRA-colchon-gani-aquiles-3-0-190x080x25-1-pl,Fravega,OTRAS,Colchones y Sommiers,Colchón Gani Aquiles 3.0 190X080X25 1 Plaza,https://www.fravega.com/p/colchon-gani-aquiles-3-0-190x080x25-1-plaza-20032036/,523690.0,199002.0,1,True
FRA-colchon-caja-sueno-dorado-box-rolo-2-pla,Fravega,OTRAS,Colchones y Sommiers,Colchón en Caja Sueño Dorado Box Rolo 2 Plazas (140x190 cm) - Espuma Alta Densidad + Soft,https://www.fravega.com/p/colchon-caja-sueno-dorado-box-rolo-2-plazas-140x190-cm-espuma-alta-densidad-soft-610783/,599999.0,399999.0,1,True
FRA-sommier-y-colchon-de-espuma-king-koil-br,Fravega,OTRAS,Colchones y Sommiers,Sommier y Colchón de Espuma King Koil Bradford 200x200,https://www.fravega.com/p/sommier-y-colchon-de-espuma-king-koil-bradford-200x200-20027553/,2666665.0,1599999.0,1,True
FRA-estelar-descanso-sommier-2x2-king-pillow,Fravega,OTRAS,Colchones y Sommiers,Estelar Descanso Sommier 2x2 King Pillow Alta Densidad,https://www.fravega.com/p/estelar-descanso-sommier-2x2-king-pillow-alta-densidad-22514474/,1499900.0,799900.0,1,True
FRA-colchon-de-resortes-king-koil-lexington-,Fravega,OTRAS,Colchones y Sommiers,Colchón de resortes King Koil Lexington Queen Size 160x200 cm con SOMMIER DE REGALO,https://www.fravega.com/p/colchon-de-resortes-king-koil-lexington-queen-size-160x200-cm-con-sommier-de-regalo-50003050/,4206665.0,2523999.0,1,True
FRA-conjunto-sommier-y-colchon-suavestar-del,Fravega,OTRAS,Colchones y Sommiers,Conjunto Sommier y Colchón Suavestar Deluxe 2 Plazas (140x190 cm) - Espuma 25 kg/m³,https://www.fravega.com/p/conjunto-sommier-y-colchon-suavestar-deluxe-2-plazas-140x190-cm-espuma-25-kg-m-610593/,669999.0,599999.0,1,True
FRA-colchon-y-sommier-arcoiris-rio-2-plazas-,Fravega,OTRAS,Colchones y Sommiers,Colchón y Sommier Arcoiris Rio 2 Plazas 140x190 Resortes,https://www.fravega.com/p/colchon-y-sommier-arcoiris-rio-2-plazas-140x190-resortes-20007026/,1337880.0,539900.0,1,True
FRA-combo-conjunto-sommier-elite-alumine-2-p,Fravega,OTRAS,Colchones y Sommiers,Combo Conjunto Sommier Elite Aluminé 2 Plazas (140x190 cm) + Respaldo Pana Velvet + 2 Almohadas de Regalo,https://www.fravega.com/p/combo-conjunto-sommier-elite-alumine-2-plazas-140x190-cm-respaldo-pana-velvet-2-almohadas-de-regalo-610825/,899999.0,629999.0,1,True
FRA-conjunto-sommier-y-colchon-de-resortes-k,Fravega,OTRAS,Colchones y Sommiers,Conjunto Sommier y Colchón de resortes King Koil 120 Gold - Luxury Pocket Super King 200x200 cm,https://www.fravega.com/p/conjunto-sommier-y-colchon-de-resortes-king-koil-120-gold-luxury-pocket-super-king-200x200-cm-22490798/,3391998.0,2119999.0,1,True
FRA-conjunto-sommier-y-colchon-suavestar-cen,Fravega,OTRAS,Colchones y Sommiers,Conjunto Sommier y Colchón Suavestar Centuria Queen (2 Plazas y Media) (160x200 cm) - Espuma 35 kg/m³,https://www.fravega.com/p/conjunto-sommier-y-colchon-suavestar-centuria-queen-2-plazas-y-media-160x200-cm-espuma-35-kg-m-610628/,1499999.0,1179999.0,1,True
FRA-sommier-y-colchon-bicama-de-resortes-1-1,Fravega,OTRAS,Colchones y Sommiers,Sommier y Colchón Bicama de Resortes 1 1/2 Plaza Inducol Agra 100x200 Cm,https://www.fravega.com/p/sommier-y-colchon-bicama-de-resortes-1-1-2-plaza-inducol-agra-100x200-cm-20190986/,1651665.0,990999.0,1,True
FRA-conjunto-sommier-y-colchon-suavestar-spo,Fravega,OTRAS,Colchones y Sommiers,Conjunto Sommier y Colchón Suavestar Sport 1 Plaza y Media (100x190 cm) - Espuma 30kg/m³,https://www.fravega.com/p/conjunto-sommier-y-colchon-suavestar-sport-1-plaza-y-media-100x190-cm-espuma-30kg-m-610923/,699999.0,549999.0,1,True
FRA-sommier-y-colchon-cannon-reims-pillow-to,Fravega,OTRAS,Colchones y Sommiers,Sommier Y Colchón Cannon Reims Pillow Top 200X200X30 King,https://www.fravega.com/p/sommier-y-colchon-cannon-reims-pillow-top-200x200x30-king-990194788/,2852352.0,1426176.0,1,True
FRA-colchon-suavestar-sport-2-plazas-140x190,Fravega,OTRAS,Colchones y Sommiers,Colchón Suavestar Sport 2 Plazas (140x190 cm) - Espuma Alta Densidad 30kg/m³,https://www.fravega.com/p/colchon-suavestar-sport-2-plazas-140x190-cm-espuma-alta-densidad-30kg-m-610657/,599999.0,429999.0,1,True
FRA-combo-2230-norcee-140x190-sommier-colcho,Fravega,OTRAS,Colchones y Sommiers,Combo 2230 NORCEE 140x190 Sommier + Colchón + Respaldo y 2 almohadas de regalo Espuma Alta Densidad,https://www.fravega.com/p/combo-2230-norcee-140x190-sommier-colchon-respaldo-y-2-almohadas-de-regalo-espuma-alta-densidad-22708009/,3552337.0,929000.0,1,True
FRA-conjunto-sommier-y-colchon-nap-franklin-,Fravega,OTRAS,Colchones y Sommiers,Conjunto Sommier y Colchón NAP Franklin 2 Plazas (140x190 cm) - Espuma Alta Densidad,https://www.fravega.com/p/conjunto-sommier-y-colchon-nap-franklin-2-plazas-140x190-cm-espuma-alta-densidad-610868/,499999.0,349999.0,1,True
FRA-sommier-y-colchon-2230-norcee-pillow-140,Fravega,OTRAS,Colchones y Sommiers,Sommier y Colchón 2230 Norcee Pillow 140x190 Espuma Alta Densidad con 2 Almohadas de Regalo,https://www.fravega.com/p/sommier-y-colchon-2230-norcee-pillow-140x190-espuma-alta-densidad-con-2-almohadas-de-regalo-22526253/,3989698.0,1199000.0,1,True
FRA-conjunto-sommier-y-colchon-elite-sonar-2,Fravega,OTRAS,Colchones y Sommiers,Conjunto Sommier y Colchón Elite Soñar 2 Plazas (140x190 cm) - Resortes Bonell,https://www.fravega.com/p/conjunto-sommier-y-colchon-elite-sonar-2-plazas-140x190-cm-resortes-bonell-610926/,599999.0,479999.0,1,True
FRA-conjunto-sommier-y-colchon-elite-everest,Fravega,OTRAS,Colchones y Sommiers,Conjunto Sommier y Colchón Elite Everest 2 Plazas (140x190 cm) - Espuma Alta Densidad,https://www.fravega.com/p/conjunto-sommier-y-colchon-elite-everest-2-plazas-140x190-cm-espuma-alta-densidad-610860/,699999.0,539999.0,1,True
FRA-conjunto-sommier-y-colchon-sueno-dorado-,Fravega,OTRAS,Colchones y Sommiers,Conjunto Sommier y Colchón Sueño Dorado Denver Plus Queen Size (160x200 cm) - Espuma Alta Densidad,https://www.fravega.com/p/conjunto-sommier-y-colchon-sueno-dorado-denver-plus-queen-size-160x200-cm-espuma-alta-densidad-610780/,1399999.0,999999.0,1,True
FRA-conjunto-sommier-y-colchon-sueno-dorado-,Fravega,OTRAS,Colchones y Sommiers,Conjunto Sommier y Colchón Sueño Dorado Niza 2 Plazas (140x190 cm) - Espuma Alta Densidad,https://www.fravega.com/p/conjunto-sommier-y-colchon-sueno-dorado-niza-2-plazas-140x190-cm-espuma-alta-densidad-610951/,999999.0,599999.0,1,True
FRA-colchon-cannon-tropical-1-plaza-80x190-c,Fravega,OTRAS,Colchones y Sommiers,Colchón Cannon Tropical 1 Plaza (80x190 cm) - Espuma 22kg/m³,https://www.fravega.com/p/colchon-cannon-tropical-1-plaza-80x190-cm-espuma-22kg-m-610638/,179999.0,119999.0,1,True
FRA-colchon-de-espuma-estelar-140x190cm-somm,Fravega,OTRAS,Colchones y Sommiers,Colchón de Espuma Estelar 140x190cm + Sommier 2 Plazas con Almohadas,https://www.fravega.com/p/colchon-de-espuma-estelar-140x190cm-sommier-2-plazas-con-almohadas-22589242/,799900.0,399900.0,1,True
FRA-conjunto-sommier-y-colchon-elite-lanin-1,Fravega,OTRAS,Colchones y Sommiers,Conjunto Sommier y Colchón Elite Lanin 1 Plaza y Media (100x190 cm) - Espuma + Almohada de Regalo,https://www.fravega.com/p/conjunto-sommier-y-colchon-elite-lanin-1-plaza-y-media-100x190-cm-espuma-almohada-de-regalo-610794/,499999.0,349999.0,1,True
FRA-conjunto-sommier-y-colchon-spring-air-pr,Fravega,OTRAS,Colchones y Sommiers,Conjunto Sommier y Colchón Spring Air Prince 2 Plazas (140x190 cm) - Espuma + 2 Almohadas de Regalo,https://www.fravega.com/p/conjunto-sommier-y-colchon-spring-air-prince-2-plazas-140x190-cm-espuma-2-almohadas-de-regalo-610609/,699999.0,449999.0,1,True
FRA-sommier-y-colchon-de-espuma-arcoiris-tm-,Fravega,OTRAS,Colchones y Sommiers,Sommier y Colchón de Espuma Arcoiris TM 80 x 190 cm,https://www.fravega.com/p/sommier-y-colchon-de-espuma-arcoiris-tm-80-x-190-cm-20310108/,382026.0,229500.0,1,True
FRA-sommier-cl-estelar-100x190-espuma-200030,Fravega,OTRAS,Colchones y Sommiers,Sommier CL Estelar 100x190 Espuma,https://www.fravega.com/p/sommier-cl-estelar-100x190-espuma-20003086/,599900.0,299900.0,1,True
FRA-conjunto-sommier-y-colchon-suavestar-spo,Fravega,OTRAS,Colchones y Sommiers,Conjunto Sommier y Colchón Suavestar Sport 2 Plazas (140x190 cm) - Espuma 30kg/m³,https://www.fravega.com/p/conjunto-sommier-y-colchon-suavestar-sport-2-plazas-140x190-cm-espuma-30kg-m-610670/,999999.0,629999.0,1,True
FRA-colchon-estelar-spot-80x190-espuma-almoh,Fravega,OTRAS,Colchones y Sommiers,Colchon Estelar Spot 80x190 Espuma + Almohada de Regalo,https://www.fravega.com/p/colchon-estelar-spot-80x190-espuma-almohada-de-regalo-21961199/,199900.0,110900.0,1,True
FRA-sommier-cl-estelar-140x190-espuma-2-almo,Fravega,OTRAS,Colchones y Sommiers,Sommier CL Estelar 140x190 Espuma + 2 Almohadas de Regalo,https://www.fravega.com/p/sommier-cl-estelar-140x190-espuma-2-almohadas-de-regalo-20046532/,899900.0,438900.0,1,True
FRA-colchon-cl-estelar-080x190-espuma-200030,Fravega,OTRAS,Colchones y Sommiers,Colchón CL Estelar 080x190 Espuma,https://www.fravega.com/p/colchon-cl-estelar-080x190-espuma-20003006/,299900.0,149900.0,1,True
FRA-conjunto-sommier-y-colchon-piero-genova-,Fravega,OTRAS,Colchones y Sommiers,Conjunto Sommier y Colchón Piero Genova 2.0 Premium 2 Plazas (140x190 cm) - Resortes Ultra Coil,https://www.fravega.com/p/conjunto-sommier-y-colchon-piero-genova-2-0-premium-2-plazas-140x190-cm-resortes-ultra-coil-610770/,899999.0,699999.0,1,True
FRA-colchon-gani-aquiles-3-0-190x080x25-1-pl,Fravega,OTRAS,Colchones y Sommiers,Colchón Gani Aquiles 3.0 190X080X25 1 Plaza,https://www.fravega.com/p/colchon-gani-aquiles-3-0-190x080x25-1-plaza-20032036/,523690.0,199002.0,1,True
FRA-colchon-caja-sueno-dorado-box-rolo-2-pla,Fravega,OTRAS,Colchones y Sommiers,Colchón en Caja Sueño Dorado Box Rolo 2 Plazas (140x190 cm) - Espuma Alta Densidad + Soft,https://www.fravega.com/p/colchon-caja-sueno-dorado-box-rolo-2-plazas-140x190-cm-espuma-alta-densidad-soft-610783/,599999.0,399999.0,1,True
FRA-sommier-y-colchon-de-espuma-king-koil-br,Fravega,OTRAS,Colchones y Sommiers,Sommier y Colchón de Espuma King Koil Bradford 200x200,https://www.fravega.com/p/sommier-y-colchon-de-espuma-king-koil-bradford-200x200-20027553/,2666665.0,1599999.0,1,True
FRA-estelar-descanso-sommier-2x2-king-pillow,Fravega,OTRAS,Colchones y Sommiers,Estelar Descanso Sommier 2x2 King Pillow Alta Densidad,https://www.fravega.com/p/estelar-descanso-sommier-2x2-king-pillow-alta-densidad-22514474/,1499900.0,799900.0,1,True
FRA-colchon-de-resortes-king-koil-lexington-,Fravega,OTRAS,Colchones y Sommiers,Colchón de resortes King Koil Lexington Queen Size 160x200 cm con SOMMIER DE REGALO,https://www.fravega.com/p/colchon-de-resortes-king-koil-lexington-queen-size-160x200-cm-con-sommier-de-regalo-50003050/,4206665.0,2523999.0,1,True
FRA-conjunto-sommier-y-colchon-suavestar-del,Fravega,OTRAS,Colchones y Sommiers,Conjunto Sommier y Colchón Suavestar Deluxe 2 Plazas (140x190 cm) - Espuma 25 kg/m³,https://www.fravega.com/p/conjunto-sommier-y-colchon-suavestar-deluxe-2-plazas-140x190-cm-espuma-25-kg-m-610593/,669999.0,599999.0,1,True
FRA-colchon-y-sommier-arcoiris-rio-2-plazas-,Fravega,OTRAS,Colchones y Sommiers,Colchón y Sommier Arcoiris Rio 2 Plazas 140x190 Resortes,https://www.fravega.com/p/colchon-y-sommier-arcoiris-rio-2-plazas-140x190-resortes-20007026/,1337880.0,539900.0,1,True
FRA-combo-conjunto-sommier-elite-alumine-2-p,Fravega,OTRAS,Colchones y Sommiers,Combo Conjunto Sommier Elite Aluminé 2 Plazas (140x190 cm) + Respaldo Pana Velvet + 2 Almohadas de Regalo,https://www.fravega.com/p/combo-conjunto-sommier-elite-alumine-2-plazas-140x190-cm-respaldo-pana-velvet-2-almohadas-de-regalo-610825/,899999.0,629999.0,1,True
FRA-conjunto-sommier-y-colchon-de-resortes-k,Fravega,OTRAS,Colchones y Sommiers,Conjunto Sommier y Colchón de resortes King Koil 120 Gold - Luxury Pocket Super King 200x200 cm,https://www.fravega.com/p/conjunto-sommier-y-colchon-de-resortes-king-koil-120-gold-luxury-pocket-super-king-200x200-cm-22490798/,3391998.0,2119999.0,1,True
FRA-conjunto-sommier-y-colchon-suavestar-cen,Fravega,OTRAS,Colchones y Sommiers,Conjunto Sommier y Colchón Suavestar Centuria Queen (2 Plazas y Media) (160x200 cm) - Espuma 35 kg/m³,https://www.fravega.com/p/conjunto-sommier-y-colchon-suavestar-centuria-queen-2-plazas-y-media-160x200-cm-espuma-35-kg-m-610628/,1499999.0,1179999.0,1,True
FRA-sommier-y-colchon-bicama-de-resortes-1-1,Fravega,OTRAS,Colchones y Sommiers,Sommier y Colchón Bicama de Resortes 1 1/2 Plaza Inducol Agra 100x200 Cm,https://www.fravega.com/p/sommier-y-colchon-bicama-de-resortes-1-1-2-plaza-inducol-agra-100x200-cm-20190986/,1651665.0,990999.0,1,True
FRA-conjunto-sommier-y-colchon-suavestar-spo,Fravega,OTRAS,Colchones y Sommiers,Conjunto Sommier y Colchón Suavestar Sport 1 Plaza y Media (100x190 cm) - Espuma 30kg/m³,https://www.fravega.com/p/conjunto-sommier-y-colchon-suavestar-sport-1-plaza-y-media-100x190-cm-espuma-30kg-m-610923/,699999.0,549999.0,1,True
FRA-sommier-y-colchon-cannon-reims-pillow-to,Fravega,OTRAS,Colchones y Sommiers,Sommier Y Colchón Cannon Reims Pillow Top 200X200X30 King,https://www.fravega.com/p/sommier-y-colchon-cannon-reims-pillow-top-200x200x30-king-990194788/,2852352.0,1426176.0,1,True
FRA-colchon-suavestar-sport-2-plazas-140x190,Fravega,OTRAS,Colchones y Sommiers,Colchón Suavestar Sport 2 Plazas (140x190 cm) - Espuma Alta Densidad 30kg/m³,https://www.fravega.com/p/colchon-suavestar-sport-2-plazas-140x190-cm-espuma-alta-densidad-30kg-m-610657/,599999.0,429999.0,1,True
FRA-combo-2230-norcee-140x190-sommier-colcho,Fravega,OTRAS,Colchones y Sommiers,Combo 2230 NORCEE 140x190 Sommier + Colchón + Respaldo y 2 almohadas de regalo Espuma Alta Densidad,https://www.fravega.com/p/combo-2230-norcee-140x190-sommier-colchon-respaldo-y-2-almohadas-de-regalo-espuma-alta-densidad-22708009/,3552337.0,929000.0,1,True
FRA-conjunto-sommier-y-colchon-nap-franklin-,Fravega,OTRAS,Colchones y Sommiers,Conjunto Sommier y Colchón NAP Franklin 2 Plazas (140x190 cm) - Espuma Alta Densidad,https://www.fravega.com/p/conjunto-sommier-y-colchon-nap-franklin-2-plazas-140x190-cm-espuma-alta-densidad-610868/,499999.0,349999.0,1,True
FRA-sommier-y-colchon-2230-norcee-pillow-140,Fravega,OTRAS,Colchones y Sommiers,Sommier y Colchón 2230 Norcee Pillow 140x190 Espuma Alta Densidad con 2 Almohadas de Regalo,https://www.fravega.com/p/sommier-y-colchon-2230-norcee-pillow-140x190-espuma-alta-densidad-con-2-almohadas-de-regalo-22526253/,3989698.0,1199000.0,1,True
FRA-conjunto-sommier-y-colchon-elite-sonar-2,Fravega,OTRAS,Colchones y Sommiers,Conjunto Sommier y Colchón Elite Soñar 2 Plazas (140x190 cm) - Resortes Bonell,https://www.fravega.com/p/conjunto-sommier-y-colchon-elite-sonar-2-plazas-140x190-cm-resortes-bonell-610926/,599999.0,479999.0,1,True
FRA-conjunto-sommier-y-colchon-elite-everest,Fravega,OTRAS,Colchones y Sommiers,Conjunto Sommier y Colchón Elite Everest 2 Plazas (140x190 cm) - Espuma Alta Densidad,https://www.fravega.com/p/conjunto-sommier-y-colchon-elite-everest-2-plazas-140x190-cm-espuma-alta-densidad-610860/,699999.0,539999.0,1,True
FRA-conjunto-sommier-y-colchon-sueno-dorado-,Fravega,OTRAS,Colchones y Sommiers,Conjunto Sommier y Colchón Sueño Dorado Denver Plus Queen Size (160x200 cm) - Espuma Alta Densidad,https://www.fravega.com/p/conjunto-sommier-y-colchon-sueno-dorado-denver-plus-queen-size-160x200-cm-espuma-alta-densidad-610780/,1399999.0,999999.0,1,True
FRA-conjunto-sommier-y-colchon-sueno-dorado-,Fravega,OTRAS,Colchones y Sommiers,Conjunto Sommier y Colchón Sueño Dorado Niza 2 Plazas (140x190 cm) - Espuma Alta Densidad,https://www.fravega.com/p/conjunto-sommier-y-colchon-sueno-dorado-niza-2-plazas-140x190-cm-espuma-alta-densidad-610951/,999999.0,599999.0,1,True
FRA-colchon-cannon-tropical-1-plaza-80x190-c,Fravega,OTRAS,Colchones y Sommiers,Colchón Cannon Tropical 1 Plaza (80x190 cm) - Espuma 22kg/m³,https://www.fravega.com/p/colchon-cannon-tropical-1-plaza-80x190-cm-espuma-22kg-m-610638/,179999.0,119999.0,1,True
FRA-colchon-de-espuma-estelar-140x190cm-somm,Fravega,OTRAS,Colchones y Sommiers,Colchón de Espuma Estelar 140x190cm + Sommier 2 Plazas con Almohadas,https://www.fravega.com/p/colchon-de-espuma-estelar-140x190cm-sommier-2-plazas-con-almohadas-22589242/,799900.0,399900.0,1,True
FRA-conjunto-sommier-y-colchon-elite-lanin-1,Fravega,OTRAS,Colchones y Sommiers,Conjunto Sommier y Colchón Elite Lanin 1 Plaza y Media (100x190 cm) - Espuma + Almohada de Regalo,https://www.fravega.com/p/conjunto-sommier-y-colchon-elite-lanin-1-plaza-y-media-100x190-cm-espuma-almohada-de-regalo-610794/,499999.0,349999.0,1,True
FRA-conjunto-sommier-y-colchon-spring-air-pr,Fravega,OTRAS,Colchones y Sommiers,Conjunto Sommier y Colchón Spring Air Prince 2 Plazas (140x190 cm) - Espuma + 2 Almohadas de Regalo,https://www.fravega.com/p/conjunto-sommier-y-colchon-spring-air-prince-2-plazas-140x190-cm-espuma-2-almohadas-de-regalo-610609/,699999.0,449999.0,1,True
FRA-sommier-y-colchon-de-espuma-arcoiris-tm-,Fravega,OTRAS,Colchones y Sommiers,Sommier y Colchón de Espuma Arcoiris TM 80 x 190 cm,https://www.fravega.com/p/sommier-y-colchon-de-espuma-arcoiris-tm-80-x-190-cm-20310108/,382026.0,229500.0,1,True
FRA-sommier-cl-estelar-100x190-espuma-200030,Fravega,OTRAS,Colchones y Sommiers,Sommier CL Estelar 100x190 Espuma,https://www.fravega.com/p/sommier-cl-estelar-100x190-espuma-20003086/,599900.0,299900.0,1,True
FRA-conjunto-sommier-y-colchon-suavestar-spo,Fravega,OTRAS,Colchones y Sommiers,Conjunto Sommier y Colchón Suavestar Sport 2 Plazas (140x190 cm) - Espuma 30kg/m³,https://www.fravega.com/p/conjunto-sommier-y-colchon-suavestar-sport-2-plazas-140x190-cm-espuma-30kg-m-610670/,999999.0,629999.0,1,True
FRA-colchon-estelar-spot-80x190-espuma-almoh,Fravega,OTRAS,Colchones y Sommiers,Colchon Estelar Spot 80x190 Espuma + Almohada de Regalo,https://www.fravega.com/p/colchon-estelar-spot-80x190-espuma-almohada-de-regalo-21961199/,199900.0,110900.0,1,True
FRA-sommier-cl-estelar-140x190-espuma-2-almo,Fravega,OTRAS,Colchones y Sommiers,Sommier CL Estelar 140x190 Espuma + 2 Almohadas de Regalo,https://www.fravega.com/p/sommier-cl-estelar-140x190-espuma-2-almohadas-de-regalo-20046532/,899900.0,438900.0,1,True
FRA-colchon-cl-estelar-080x190-espuma-200030,Fravega,OTRAS,Colchones y Sommiers,Colchón CL Estelar 080x190 Espuma,https://www.fravega.com/p/colchon-cl-estelar-080x190-espuma-20003006/,299900.0,149900.0,1,True
FRA-conjunto-sommier-y-colchon-piero-genova-,Fravega,OTRAS,Colchones y Sommiers,Conjunto Sommier y Colchón Piero Genova 2.0 Premium 2 Plazas (140x190 cm) - Resortes Ultra Coil,https://www.fravega.com/p/conjunto-sommier-y-colchon-piero-genova-2-0-premium-2-plazas-140x190-cm-resortes-ultra-coil-610770/,899999.0,699999.0,1,True
FRA-colchon-gani-aquiles-3-0-190x080x25-1-pl,Fravega,OTRAS,Colchones y Sommiers,Colchón Gani Aquiles 3.0 190X080X25 1 Plaza,https://www.fravega.com/p/colchon-gani-aquiles-3-0-190x080x25-1-plaza-20032036/,523690.0,199002.0,1,True
FRA-pelota-de-futbol-reebok-vortex-nro-5-ggs,Fravega,OTRAS,Deportes y Fitness,Pelota de Futbol Reebok Vortex Nro.5 GGSS,https://www.fravega.com/p/pelota-de-futbol-reebok-vortex-nro-5-ggss--562730/,19999.0,12999.0,1,True
FRA-bicicleta-fija-de-entrenamiento-philco-8,Fravega,PHILCO,Deportes y Fitness,Bicicleta Fija de Entrenamiento Philco 8 Niveles de Resistencia Disco 2kg,https://www.fravega.com/p/bicicleta-fija-de-entrenamiento-philco-8-niveles-de-resistencia-disco-2kg-990186086/,350899.0,210999.0,1,True
FRA-bicicleta-fija-randers-mecanica-arg-101-,Fravega,OTRAS,Deportes y Fitness,Bicicleta Fija Randers Mecanica ARG-101 Vertical 100kg,https://www.fravega.com/p/bicicleta-fija-randers-mecanica-arg-101-vertical-100kg-561833/,199999.0,129999.0,1,True
FRA-bicicleta-spinning-randers-arg-820sp-6-k,Fravega,OTRAS,Deportes y Fitness,Bicicleta Spinning Randers ARG-820SP 6 Kg,https://www.fravega.com/p/bicicleta-spinning-randers-arg-820sp-6-kg-990054591/,481513.0,317463.01,1,True
FRA-cinta-de-correr-caminadora-admiral-ad-fc,Fravega,OTRAS,Deportes y Fitness,Cinta de correr caminadora Admiral AD-FCC12 16 km/h,https://www.fravega.com/p/cinta-de-correr-caminadora-admiral-ad-fcc12-16-km-h-562289/,1199999.0,789999.0,1,True
FRA-tabla-de-pilates-randers-arg-920vc-99027,Fravega,OTRAS,Deportes y Fitness,Tabla de Pilates Randers ARG-920VC,https://www.fravega.com/p/tabla-de-pilates-randers-arg-920vc-990274764/,176480.0,119426.0,1,True
FRA-multigimnasio-admiral-ad-fmg45-45-kg-mul,Fravega,OTRAS,Deportes y Fitness,Multigimnasio Admiral AD-FMG45 45 kg multigym,https://www.fravega.com/p/multigimnasio-admiral-ad-fmg45-45-kg-multigym-562252/,729999.0,499999.0,1,True
FRA-cinta-caminadora-motorizada-arg-360-ultr,Fravega,OTRAS,Deportes y Fitness,Cinta Caminadora Motorizada ARG-360 Ultraplana,https://www.fravega.com/p/cinta-caminadora-motorizada-arg-360-ultraplana-990051958/,736733.0,590831.0,1,True
FRA-bicicleta-spinning-fija-admiral-indoor-v,Fravega,OTRAS,Deportes y Fitness,Bicicleta Spinning Fija Admiral Indoor Volante 18Kg Regulable,https://www.fravega.com/p/bicicleta-spinning-fija-admiral-indoor-volante-18kg-regulable-562203/,499999.0,374999.0,1,True
FRA-guantes-profesionales-para-mma-gfitness-,Fravega,OTRAS,Deportes y Fitness,Guantes Profesionales para MMA Gfitness,https://www.fravega.com/p/guantes-profesionales-para-mma-gfitness-22516793/,101869.0,65999.0,1,True
FRA-multigimnasio-randers-arg-63140-560100,Fravega,OTRAS,Deportes y Fitness,Multigimnasio Randers ARG-63140,https://www.fravega.com/p/multigimnasio-randers-arg-63140-560100/,799999.0,699999.0,1,True
FRA-yoga-mat-proline-premium-confort-con-cor,Fravega,GAMA,Deportes y Fitness,Yoga Mat Proline Premium Confort Con Correa 183 X 61.1 Cm Antideslizante - GP-YOGAMAT1-P,https://www.fravega.com/p/yoga-mat-proline-premium-confort-con-correa-183-x-61-1-cm-antideslizante-gp-yogamat1-p-990243302/,27499.0,19998.99,1,True
FRA-kit-mancuernas-barra-y-pesas-trexa-tx-fb,Fravega,OTRAS,Deportes y Fitness,"Kit Mancuernas, Barra y Pesas Trexa TX-FBM50 50 kg",https://www.fravega.com/p/kit-mancuernas-barra-y-pesas-trexa-tx-fbm50-50-kg-562164/,79999.0,66114.88,1,True
FRA-bicicleta-fija-energy-fit-shock-rider-sp,Fravega,OTRAS,Deportes y Fitness,Bicicleta Fija Energy Fit Shock Rider Spinning Con App Bluetooth,https://www.fravega.com/p/bicicleta-fija-energy-fit-shock-rider-spinning-con-app-bluetooth-22128586/,650000.0,550000.0,1,True
FRA-kit-mancuernas-barra-y-pesas-trexa-tx-fb,Fravega,OTRAS,Deportes y Fitness,"Kit Mancuernas, Barra y Pesas Trexa TX-FBM20 20 kg",https://www.fravega.com/p/kit-mancuernas-barra-y-pesas-trexa-tx-fbm20-20-kg-562150/,69999.0,49999.0,1,True
FRA-bicicleta-magnetica-vertical-te2455hp-se,Fravega,HP,Deportes y Fitness,Bicicleta Magnetica Vertical TE2455HP Semikon,https://www.fravega.com/p/bicicleta-magnetica-vertical-te2455hp-semikon-20111010/,596474.0,524897.0,1,True
FRA-pelotas-de-tenis-head-tour-x4-562668,Fravega,OTRAS,Deportes y Fitness,Pelotas de Tenis Head Tour X4,https://www.fravega.com/p/pelotas-de-tenis-head-tour-x4-562668/,23999.0,17499.0,1,True
FRA-creatina-monohidratada-star-nutrition-30,Fravega,OTRAS,Deportes y Fitness,Creatina Monohidratada Star Nutrition 300 Gr - Doypack,https://www.fravega.com/p/creatina-monohidratada-star-nutrition-300-gr-doypack-22631157/,37395.0,29916.0,1,True
FRA-barra-de-dominadas-trexa-tx-fd1-de-pared,Fravega,OTRAS,Deportes y Fitness,Barra de Dominadas Trexa TX-FD1 de pared,https://www.fravega.com/p/barra-de-dominadas-trexa-tx-fd1-de-pared-562059/,79999.0,54999.0,1,True
FRA-cinta-de-correr-ranbak-motorizada-ran-51,Fravega,OTRAS,Deportes y Fitness,Cinta de Correr Ranbak Motorizada RAN-512 12km 100Kg c/ Inclinación,https://www.fravega.com/p/cinta-de-correr-ranbak-motorizada-ran-512-12km-100kg-c-inclinacion-561970/,1099999.0,699999.0,1,True
FRA-bicicleta-fija-spinning-quuz-10kg-profes,Fravega,OTRAS,Deportes y Fitness,Bicicleta Fija Spinning Quuz 10kg Profesional c/ Disco Correa,https://www.fravega.com/p/bicicleta-fija-spinning-quuz-10kg-profesional-c-disco-correa--562008/,699999.0,399999.0,1,True
FRA-yoga-mat-trexa-tx-fym10g-10mm-gris-56210,Fravega,OTRAS,Deportes y Fitness,Yoga Mat Trexa TX-FYM10G 10mm Gris,https://www.fravega.com/p/yoga-mat-trexa-tx-fym10g-10mm-gris-562108/,29999.0,14999.0,1,True
FRA-bicicleta-infantil-slp-s-pro-r20-afa-rod,Fravega,OTRAS,Deportes y Fitness,Bicicleta Infantil SLP S PRO R20 AFA Rodado 20 con Cambios Shimano 6/7 Velocidades,https://www.fravega.com/p/bicicleta-infantil-slp-s-pro-r20-afa-rodado-20-con-cambios-shimano-6-7-velocidades-562690/,299999.0,149999.0,1,True
FRA-bicicleta-infantil-slp-max-r16-afa-rodad,Fravega,OTRAS,Deportes y Fitness,Bicicleta Infantil SLP MAX R16 AFA Rodado 16 con Estabilizadores,https://www.fravega.com/p/bicicleta-infantil-slp-max-r16-afa-rodado-16-con-estabilizadores-562652/,249999.0,139999.0,1,True
FRA-bicicleta-fija-admiral-ad-fbm1-mecanica-,Fravega,OTRAS,Deportes y Fitness,Bicicleta Fija Admiral AD-FBM1 mecánica,https://www.fravega.com/p/bicicleta-fija-admiral-ad-fbm1-mecanica-561939/,199999.0,109999.0,1,True
FRA-bicicleta-ghepard-x1-mountain-bike-rodad,Fravega,OTRAS,Deportes y Fitness,Bicicleta Ghepard x1 Mountain Bike Rodado 29 Talle 18 NEGRO BLANCO GRIS,https://www.fravega.com/p/bicicleta-ghepard-x1-mountain-bike-rodado-29-talle-18-negro-blanco-gris-562907/,499999.0,219999.0,1,True
FRA-inflador-portatil-digital-compresor-aire,Fravega,OTRAS,Deportes y Fitness,Inflador Portátil Digital Compresor Aire 2600mAh Auto Moto Bici LED USB,https://www.fravega.com/p/inflador-portatil-digital-compresor-aire-2600mah-auto-moto-bici-led-usb-563001/,69999.0,49999.0,1,True
FRA-bicicleta-infantil-nordic-cross-r20-5630,Fravega,OTRAS,Deportes y Fitness,Bicicleta Infantil Nordic Cross R20,https://www.fravega.com/p/bicicleta-infantil-nordic-cross-r20-563035/,259999.0,169999.0,1,True
FRA-bicicleta-ghepard-x1-mountain-bike-rodad,Fravega,OTRAS,Deportes y Fitness,Bicicleta Ghepard x1 Mountain Bike Rodado 29 Talle 20 NEGRO BLANCO ROJO,https://www.fravega.com/p/bicicleta-ghepard-x1-mountain-bike-rodado-29-talle-20-negro-blanco-rojo-562909/,499999.0,219999.0,1,True
FRA-bicicleta-spinning-fija-admiral-ad-fbs6-,Fravega,OTRAS,Deportes y Fitness,Bicicleta Spinning Fija Admiral AD-FBS6 6 kg,https://www.fravega.com/p/bicicleta-spinning-fija-admiral-ad-fbs6-6-kg-562558/,459999.0,249999.0,1,True
FRA-bicicleta-gross-mtb-rodado-29-mountain-b,Fravega,OTRAS,Deportes y Fitness,Bicicleta Gross MTB Rodado 29 Mountain Bike Aluminio 21v Cambios Shimano Negro Blanco,https://www.fravega.com/p/bicicleta-gross-mtb-rodado-29-mountain-bike-aluminio-21v-cambios-shimano-negro-blanco-562848/,599999.0,329999.0,1,True
FRA-bicicleta-infantil-nordic-cross-r20-5630,Fravega,OTRAS,Deportes y Fitness,Bicicleta Infantil Nordic Cross R20,https://www.fravega.com/p/bicicleta-infantil-nordic-cross-r20-563034/,259999.0,169999.0,1,True
FRA-guantes-tacticos-gadnic-touchscreen-cicl,Fravega,OTRAS,Deportes y Fitness,Guantes Tacticos Gadnic Touchscreen Ciclismo Moto - Talle M,https://www.fravega.com/p/guantes-tacticos-gadnic-touchscreen-ciclismo-moto-talle-m-990164428/,16834.0,12949.0,1,True
FRA-bicicleta-mountain-bike-slp-5-pro-rodado,Fravega,OTRAS,Deportes y Fitness,Bicicleta Mountain Bike SLP 5 Pro Rodado 29” T20 NG7VR4VR5,https://www.fravega.com/p/bicicleta-mountain-bike-slp-5-pro-rodado-29-t20-ng7vr4vr5-562390/,499999.0,319999.0,1,True
FRA-bicicleta-mountain-bike-vex-r29-tl-negro,Fravega,OTRAS,Deportes y Fitness,Bicicleta Mountain Bike VEX R29 TL Negro Amarillo REACONDICIONADA,https://www.fravega.com/p/bicicleta-mountain-bike-vex-r29-tl-negro-amarillo-reacondicionada-471006/,179999.0,148759.5,1,True
FRA-bicicleta-infantil-nordic-cross-r20-5630,Fravega,OTRAS,Deportes y Fitness,Bicicleta Infantil Nordic Cross R20,https://www.fravega.com/p/bicicleta-infantil-nordic-cross-r20-563038/,259999.0,159999.0,1,True
FRA-pelota-de-futbol-reebok-vortex-nro-5-ggs,Fravega,OTRAS,Deportes y Fitness,Pelota de Futbol Reebok Vortex Nro.5 GGSS,https://www.fravega.com/p/pelota-de-futbol-reebok-vortex-nro-5-ggss--562730/,19999.0,12999.0,1,True
FRA-bicicleta-fija-de-entrenamiento-philco-8,Fravega,PHILCO,Deportes y Fitness,Bicicleta Fija de Entrenamiento Philco 8 Niveles de Resistencia Disco 2kg,https://www.fravega.com/p/bicicleta-fija-de-entrenamiento-philco-8-niveles-de-resistencia-disco-2kg-990186086/,350899.0,210999.0,1,True
FRA-bicicleta-fija-randers-mecanica-arg-101-,Fravega,OTRAS,Deportes y Fitness,Bicicleta Fija Randers Mecanica ARG-101 Vertical 100kg,https://www.fravega.com/p/bicicleta-fija-randers-mecanica-arg-101-vertical-100kg-561833/,199999.0,129999.0,1,True
FRA-bicicleta-spinning-randers-arg-820sp-6-k,Fravega,OTRAS,Deportes y Fitness,Bicicleta Spinning Randers ARG-820SP 6 Kg,https://www.fravega.com/p/bicicleta-spinning-randers-arg-820sp-6-kg-990054591/,481513.0,317463.01,1,True
FRA-cinta-de-correr-caminadora-admiral-ad-fc,Fravega,OTRAS,Deportes y Fitness,Cinta de correr caminadora Admiral AD-FCC12 16 km/h,https://www.fravega.com/p/cinta-de-correr-caminadora-admiral-ad-fcc12-16-km-h-562289/,1199999.0,789999.0,1,True
FRA-tabla-de-pilates-randers-arg-920vc-99027,Fravega,OTRAS,Deportes y Fitness,Tabla de Pilates Randers ARG-920VC,https://www.fravega.com/p/tabla-de-pilates-randers-arg-920vc-990274764/,176480.0,119426.0,1,True
FRA-multigimnasio-admiral-ad-fmg45-45-kg-mul,Fravega,OTRAS,Deportes y Fitness,Multigimnasio Admiral AD-FMG45 45 kg multigym,https://www.fravega.com/p/multigimnasio-admiral-ad-fmg45-45-kg-multigym-562252/,729999.0,499999.0,1,True
FRA-cinta-caminadora-motorizada-arg-360-ultr,Fravega,OTRAS,Deportes y Fitness,Cinta Caminadora Motorizada ARG-360 Ultraplana,https://www.fravega.com/p/cinta-caminadora-motorizada-arg-360-ultraplana-990051958/,736733.0,590831.0,1,True
FRA-bicicleta-spinning-fija-admiral-indoor-v,Fravega,OTRAS,Deportes y Fitness,Bicicleta Spinning Fija Admiral Indoor Volante 18Kg Regulable,https://www.fravega.com/p/bicicleta-spinning-fija-admiral-indoor-volante-18kg-regulable-562203/,499999.0,374999.0,1,True
FRA-guantes-profesionales-para-mma-gfitness-,Fravega,OTRAS,Deportes y Fitness,Guantes Profesionales para MMA Gfitness,https://www.fravega.com/p/guantes-profesionales-para-mma-gfitness-22516793/,101869.0,65999.0,1,True
FRA-multigimnasio-randers-arg-63140-560100,Fravega,OTRAS,Deportes y Fitness,Multigimnasio Randers ARG-63140,https://www.fravega.com/p/multigimnasio-randers-arg-63140-560100/,799999.0,699999.0,1,True
FRA-yoga-mat-proline-premium-confort-con-cor,Fravega,GAMA,Deportes y Fitness,Yoga Mat Proline Premium Confort Con Correa 183 X 61.1 Cm Antideslizante - GP-YOGAMAT1-P,https://www.fravega.com/p/yoga-mat-proline-premium-confort-con-correa-183-x-61-1-cm-antideslizante-gp-yogamat1-p-990243302/,27499.0,19998.99,1,True
FRA-kit-mancuernas-barra-y-pesas-trexa-tx-fb,Fravega,OTRAS,Deportes y Fitness,"Kit Mancuernas, Barra y Pesas Trexa TX-FBM50 50 kg",https://www.fravega.com/p/kit-mancuernas-barra-y-pesas-trexa-tx-fbm50-50-kg-562164/,79999.0,66114.88,1,True
FRA-bicicleta-fija-energy-fit-shock-rider-sp,Fravega,OTRAS,Deportes y Fitness,Bicicleta Fija Energy Fit Shock Rider Spinning Con App Bluetooth,https://www.fravega.com/p/bicicleta-fija-energy-fit-shock-rider-spinning-con-app-bluetooth-22128586/,650000.0,550000.0,1,True
FRA-kit-mancuernas-barra-y-pesas-trexa-tx-fb,Fravega,OTRAS,Deportes y Fitness,"Kit Mancuernas, Barra y Pesas Trexa TX-FBM20 20 kg",https://www.fravega.com/p/kit-mancuernas-barra-y-pesas-trexa-tx-fbm20-20-kg-562150/,69999.0,49999.0,1,True
FRA-bicicleta-magnetica-vertical-te2455hp-se,Fravega,HP,Deportes y Fitness,Bicicleta Magnetica Vertical TE2455HP Semikon,https://www.fravega.com/p/bicicleta-magnetica-vertical-te2455hp-semikon-20111010/,596474.0,524897.0,1,True
FRA-pelotas-de-tenis-head-tour-x4-562668,Fravega,OTRAS,Deportes y Fitness,Pelotas de Tenis Head Tour X4,https://www.fravega.com/p/pelotas-de-tenis-head-tour-x4-562668/,23999.0,17499.0,1,True
FRA-creatina-monohidratada-star-nutrition-30,Fravega,OTRAS,Deportes y Fitness,Creatina Monohidratada Star Nutrition 300 Gr - Doypack,https://www.fravega.com/p/creatina-monohidratada-star-nutrition-300-gr-doypack-22631157/,37395.0,29916.0,1,True
FRA-barra-de-dominadas-trexa-tx-fd1-de-pared,Fravega,OTRAS,Deportes y Fitness,Barra de Dominadas Trexa TX-FD1 de pared,https://www.fravega.com/p/barra-de-dominadas-trexa-tx-fd1-de-pared-562059/,79999.0,54999.0,1,True
FRA-cinta-de-correr-ranbak-motorizada-ran-51,Fravega,OTRAS,Deportes y Fitness,Cinta de Correr Ranbak Motorizada RAN-512 12km 100Kg c/ Inclinación,https://www.fravega.com/p/cinta-de-correr-ranbak-motorizada-ran-512-12km-100kg-c-inclinacion-561970/,1099999.0,699999.0,1,True
FRA-bicicleta-fija-spinning-quuz-10kg-profes,Fravega,OTRAS,Deportes y Fitness,Bicicleta Fija Spinning Quuz 10kg Profesional c/ Disco Correa,https://www.fravega.com/p/bicicleta-fija-spinning-quuz-10kg-profesional-c-disco-correa--562008/,699999.0,399999.0,1,True
FRA-bicicleta-spinning-fija-admiral-ad-fbs10,Fravega,OTRAS,Deportes y Fitness,Bicicleta Spinning Fija Admiral AD-FBS10 10 kg,https://www.fravega.com/p/bicicleta-spinning-fija-admiral-ad-fbs10-10-kg-562691/,599999.0,329999.0,1,True
FRA-guantes-tacticos-gadnic-touchscreen-cicl,Fravega,OTRAS,Deportes y Fitness,Guantes Tácticos Gadnic Touchscreen Ciclismo Moto - Talle L,https://www.fravega.com/p/guantes-tacticos-gadnic-touchscreen-ciclismo-moto-talle-l-990164390/,31849.0,24499.0,1,True
FRA-bicicleta-mountain-bike-slp-5-pro-rodado,Fravega,OTRAS,Deportes y Fitness,Bicicleta Mountain Bike SLP 5 Pro Rodado 29” T20 NG8GI9BA6,https://www.fravega.com/p/bicicleta-mountain-bike-slp-5-pro-rodado-29-t20-ng8gi9ba6-562406/,499999.0,329999.0,1,True
FRA-bicicleta-spinning-fija-con-display-digi,Fravega,OTRAS,Deportes y Fitness,Bicicleta Spinning Fija Con Display Digital Novohome 120 Kg,https://www.fravega.com/p/bicicleta-spinning-fija-con-display-digital-novohome-120-kg-990286877/,367489.0,249999.0,1,True
FRA-guantes-tacticos-gadnic-touchscreen-cicl,Fravega,OTRAS,Deportes y Fitness,Guantes Tacticos Gadnic Touchscreen Ciclismo Moto - Talle XL,https://www.fravega.com/p/guantes-tacticos-gadnic-touchscreen-ciclismo-moto-talle-xl-990164431/,16834.0,12949.0,1,True
FRA-bicicleta-mountain-bike-slp-5-pro-rodado,Fravega,OTRAS,Deportes y Fitness,Bicicleta Mountain Bike SLP 5 Pro Rodado 29” T20 BA5NG7RJ8,https://www.fravega.com/p/bicicleta-mountain-bike-slp-5-pro-rodado-29-t20-ba5ng7rj8-562375/,499999.0,289999.0,1,True
FRA-bicicleta-infantil-nordic-cross-r16-1775,Fravega,OTRAS,Deportes y Fitness,Bicicleta Infantil Nordic Cross R16 17753-VO2BA7CL5,https://www.fravega.com/p/bicicleta-infantil-nordic-cross-r16-17753-vo2ba7cl5-562764/,239999.0,159999.0,1,True
FRA-banco-de-pesas-y-abdominales-admiral-ad-,Fravega,OTRAS,Deportes y Fitness,Banco de pesas y abdominales Admiral AD-FBP1 curvo,https://www.fravega.com/p/banco-de-pesas-y-abdominales-admiral-ad-fbp1-curvo-562744/,149999.0,99999.0,1,True
FRA-bicicleta-fija-gadnic-b-18-hogarena-regu,Fravega,OTRAS,Deportes y Fitness,Bicicleta Fija Gadnic B-18 Hogareña Regulable 5 Programas Hasta 100kg Magnética,https://www.fravega.com/p/bicicleta-fija-gadnic-b-18-hogarena-regulable-5-programas-hasta-100kg-magnetica-20049282/,200069.0,153899.0,1,True
FRA-bicicleta-mtb-overtech-q5-r29-21v-freno-,Fravega,OTRAS,Deportes y Fitness,"Bicicleta Mtb Overtech Q5 R29, 21V Freno a Disco, Suspensión, Negro/Rojo/Blanco L",https://www.fravega.com/p/bicicleta-mtb-overtech-q5-r29-21v-freno-a-disco-suspension-negro-rojo-blanco-l--21202518/,499999.0,254999.0,1,True
FRA-kit-x-5-bandas-elasticas-force-by-gadnic,Fravega,OTRAS,Deportes y Fitness,Kit x 5 Bandas Elásticas Force By Gadnic Isométricas,https://www.fravega.com/p/kit-x-5-bandas-elasticas-force-by-gadnic-isometricas-990276586/,15404.0,11849.0,1,True
FRA-soga-de-salto-fitness-proline-gp-sogapvc,Fravega,OTRAS,Deportes y Fitness,Soga De Salto Fitness Proline GP-SOGAPVC1-P,https://www.fravega.com/p/soga-de-salto-fitness-proline-gp-sogapvc1-p-990243305/,16499.0,4998.97,1,True
FRA-bicicleta-mountain-bike-slp-25-pro-lady-,Fravega,OTRAS,Deportes y Fitness,Bicicleta Mountain Bike SLP 25 PRO Lady Rodado 29 T18,https://www.fravega.com/p/bicicleta-mountain-bike-slp-25-pro-lady-rodado-29-t18-562633/,699999.0,359999.0,1,True
FRA-bicicleta-mtb-overtech-q5-lady-r29-21v-c,Fravega,OTRAS,Deportes y Fitness,"Bicicleta Mtb Overtech Q5 Lady R29, 21V con Shimano, Freno a Disco, Con Sus, Negro/Rosa S",https://www.fravega.com/p/bicicleta-mtb-overtech-q5-lady-r29-21v-con-shimano-freno-a-disco-con-sus-negro-rosa-s-22855123/,499999.0,254999.0,1,True
FRA-pelota-de-futbol-reebok-vortex-nro-5-ggs,Fravega,OTRAS,Deportes y Fitness,Pelota de Futbol Reebok Vortex Nro.5 GGSS,https://www.fravega.com/p/pelota-de-futbol-reebok-vortex-nro-5-ggss--562730/,19999.0,12999.0,1,True
FRA-bicicleta-fija-de-entrenamiento-philco-8,Fravega,PHILCO,Deportes y Fitness,Bicicleta Fija de Entrenamiento Philco 8 Niveles de Resistencia Disco 2kg,https://www.fravega.com/p/bicicleta-fija-de-entrenamiento-philco-8-niveles-de-resistencia-disco-2kg-990186086/,350899.0,210999.0,1,True
FRA-bicicleta-spinning-randers-arg-820sp-6-k,Fravega,OTRAS,Deportes y Fitness,Bicicleta Spinning Randers ARG-820SP 6 Kg,https://www.fravega.com/p/bicicleta-spinning-randers-arg-820sp-6-kg-990054591/,481513.0,317463.01,1,True
FRA-tabla-de-pilates-randers-arg-920vc-99027,Fravega,OTRAS,Deportes y Fitness,Tabla de Pilates Randers ARG-920VC,https://www.fravega.com/p/tabla-de-pilates-randers-arg-920vc-990274764/,176480.0,119426.0,1,True
FRA-cinta-caminadora-motorizada-arg-360-ultr,Fravega,OTRAS,Deportes y Fitness,Cinta Caminadora Motorizada ARG-360 Ultraplana,https://www.fravega.com/p/cinta-caminadora-motorizada-arg-360-ultraplana-990051958/,736733.0,590831.0,1,True
FRA-multigimnasio-randers-arg-63140-560100,Fravega,OTRAS,Deportes y Fitness,Multigimnasio Randers ARG-63140,https://www.fravega.com/p/multigimnasio-randers-arg-63140-560100/,799999.0,699999.0,1,True
FRA-bicicleta-fija-energy-fit-shock-rider-sp,Fravega,OTRAS,Deportes y Fitness,Bicicleta Fija Energy Fit Shock Rider Spinning Con App Bluetooth,https://www.fravega.com/p/bicicleta-fija-energy-fit-shock-rider-spinning-con-app-bluetooth-22128586/,650000.0,550000.0,1,True
FRA-bicicleta-magnetica-vertical-te2455hp-se,Fravega,HP,Deportes y Fitness,Bicicleta Magnetica Vertical TE2455HP Semikon,https://www.fravega.com/p/bicicleta-magnetica-vertical-te2455hp-semikon-20111010/,596474.0,524897.0,1,True
FRA-creatina-monohidratada-star-nutrition-30,Fravega,OTRAS,Deportes y Fitness,Creatina Monohidratada Star Nutrition 300 Gr - Doypack,https://www.fravega.com/p/creatina-monohidratada-star-nutrition-300-gr-doypack-22631157/,37395.0,29916.0,1,True
FRA-barra-de-dominadas-trexa-tx-fd1-de-pared,Fravega,OTRAS,Deportes y Fitness,Barra de Dominadas Trexa TX-FD1 de pared,https://www.fravega.com/p/barra-de-dominadas-trexa-tx-fd1-de-pared-562059/,79999.0,54999.0,1,True
FRA-pelota-de-futbol-maradona-nro-5-mrd2100-,Fravega,OTRAS,Deportes y Fitness,Pelota de Fútbol Maradona Nro. 5 MRD2100 Boca Juniors Oficial,https://www.fravega.com/p/pelota-de-futbol-maradona-nro-5-mrd2100-boca-juniors-oficial-562198/,29999.0,12999.0,1,True
FRA-antiparra-de-snowboard-motocross-uv400-p,Fravega,OTRAS,Deportes y Fitness,Antiparra De Snowboard Motocross UV400 Proline A1XSNOW,https://www.fravega.com/p/antiparra-de-snowboard-motocross-uv400-proline-a1xsnow-990258417/,28599.0,16999.0,1,True
FRA-bicicleta-nordic-x1-0-mountain-bike-roda,Fravega,OTRAS,Deportes y Fitness,Bicicleta Nordic x1.0 Mountain Bike Rodado 29 Talle 18 Negro Dorado Rojo Shimano,https://www.fravega.com/p/bicicleta-nordic-x1-0-mountain-bike-rodado-29-talle-18-negro-dorado-rojo-shimano-562865/,499999.0,249999.0,1,True
FRA-monopatin-gadnic-city-plegable-de-alumin,Fravega,OTRAS,Deportes y Fitness,"Monopatín Gadnic City Plegable de Alumino Niños y Adultos Hasta 90kg Ruedas 200mm , Blanco",https://www.fravega.com/p/monopatin-gadnic-city-plegable-de-alumino-ninos-y-adultos-hasta-90kg-ruedas-200mm-blanco--20118392/,112319.0,86399.0,1,True
FRA-bicicleta-peretti-rodado-12-acero-cross-,Fravega,ACER,Deportes y Fitness,Bicicleta Peretti Rodado 12 Acero CROSS Roja,https://www.fravega.com/p/bicicleta-peretti-rodado-12-acero-cross-roja-561854/,149999.0,74999.0,1,True
FRA-monopatin-electrico-therbuss-250w-25km-h,Fravega,OTRAS,Deportes y Fitness,Monopatin Eléctrico Therbuss 250w 25km/h Scooter R32,https://www.fravega.com/p/monopatin-electrico-therbuss-250w-25km-h-scooter-r32-562469/,999999.0,599999.0,1,True
FRA-bicicleta-topmega-mtb-tigris-aluminio-r2,Fravega,OTRAS,Deportes y Fitness,Bicicleta TopMega MTB Tigris Aluminio R29 21VEL Gris Celeste Talle M 1011854,https://www.fravega.com/p/bicicleta-topmega-mtb-tigris-aluminio-r29-21vel-gris-celeste-talle-m-1011854-22613827/,592460.0,377577.0,1,True
FRA-bicicleta-mountain-bike-slp-10-pro-rodad,Fravega,OTRAS,Deportes y Fitness,Bicicleta Mountain Bike SLP 10 Pro Rodado 29” T18 17192-NG7BA7AA3T18,https://www.fravega.com/p/bicicleta-mountain-bike-slp-10-pro-rodado-29-t18-17192-ng7ba7aa3t18-562418/,599999.0,349999.0,1,True
FRA-bicicleta-mtb-overtech-r29-q3-con-suspen,Fravega,OTRAS,Deportes y Fitness,Bicicleta Mtb Overtech R29 Q3 Con Suspensión Tamaño Del Cuadro Xl Negro/azul/blanco,https://www.fravega.com/p/bicicleta-mtb-overtech-r29-q3-con-suspension-tamano-del-cuadro-xl-negro-azul-blanco-22104483/,449999.0,218999.0,1,True
FRA-bicicleta-nathor-r12-spiderman-562541,Fravega,OTRAS,Deportes y Fitness,Bicicleta Nathor R12 Spiderman,https://www.fravega.com/p/bicicleta-nathor-r12-spiderman-562541/,149999.0,89999.0,1,True
FRA-inflador-de-pie-con-manometro-para-bicic,Fravega,OTRAS,Deportes y Fitness,Inflador De Pie Con Manómetro Para Bicicletas 120PSI Arrow MUN-04,https://www.fravega.com/p/inflador-de-pie-con-manometro-para-bicicletas-120psi-arrow-mun-04-990247267/,41799.0,14999.0,1,True
FRA-bicicleta-infantil-flower-nathor-rodado-,Fravega,OTRAS,Deportes y Fitness,Bicicleta Infantil Flower Nathor Rodado 12 Rosa,https://www.fravega.com/p/bicicleta-infantil-flower-nathor-rodado-12-rosa--563074/,149999.0,89999.0,1,True
FRA-cinta-de-correr-caminadora-plana-walking,Fravega,OTRAS,Deportes y Fitness,Cinta De Correr Caminadora Plana Walking Pad Bluetooth + App,https://www.fravega.com/p/cinta-de-correr-caminadora-plana-walking-pad-bluetooth-app-22910523/,679990.0,359990.0,1,True
FRA-bicicleta-fija-gadnic-mini-pro-150kg-8-n,Fravega,OTRAS,Deportes y Fitness,Bicicleta Fija Gadnic Mini Pro 150kg 8 Niveles Ideal Rehabilitación,https://www.fravega.com/p/bicicleta-fija-gadnic-mini-pro-150kg-8-niveles-ideal-rehabilitacion-20052322/,174849.0,134499.0,1,True
FRA-kit-motor-bici-moto-80cc-para-bicicletas,Fravega,OTRAS,Deportes y Fitness,Kit Motor Bici Moto 80CC para Bicicletas,https://www.fravega.com/p/kit-motor-bici-moto-80cc-para-bicicletas-20111953/,667354.0,513349.0,1,True
FRA-pelota-de-futbol-reebok-vortex-nro-5-ggs,Fravega,OTRAS,Deportes y Fitness,Pelota de Futbol Reebok Vortex Nro.5 GGSS,https://www.fravega.com/p/pelota-de-futbol-reebok-vortex-nro-5-ggss--562730/,19999.0,12999.0,1,True
FRA-bicicleta-fija-de-entrenamiento-philco-8,Fravega,PHILCO,Deportes y Fitness,Bicicleta Fija de Entrenamiento Philco 8 Niveles de Resistencia Disco 2kg,https://www.fravega.com/p/bicicleta-fija-de-entrenamiento-philco-8-niveles-de-resistencia-disco-2kg-990186086/,350899.0,210999.0,1,True
FRA-bicicleta-spinning-randers-arg-820sp-6-k,Fravega,OTRAS,Deportes y Fitness,Bicicleta Spinning Randers ARG-820SP 6 Kg,https://www.fravega.com/p/bicicleta-spinning-randers-arg-820sp-6-kg-990054591/,481513.0,317463.01,1,True
FRA-tabla-de-pilates-randers-arg-920vc-99027,Fravega,OTRAS,Deportes y Fitness,Tabla de Pilates Randers ARG-920VC,https://www.fravega.com/p/tabla-de-pilates-randers-arg-920vc-990274764/,176480.0,119426.0,1,True
FRA-cinta-caminadora-motorizada-arg-360-ultr,Fravega,OTRAS,Deportes y Fitness,Cinta Caminadora Motorizada ARG-360 Ultraplana,https://www.fravega.com/p/cinta-caminadora-motorizada-arg-360-ultraplana-990051958/,736733.0,590831.0,1,True
FRA-multigimnasio-randers-arg-63140-560100,Fravega,OTRAS,Deportes y Fitness,Multigimnasio Randers ARG-63140,https://www.fravega.com/p/multigimnasio-randers-arg-63140-560100/,799999.0,699999.0,1,True
FRA-bicicleta-fija-energy-fit-shock-rider-sp,Fravega,OTRAS,Deportes y Fitness,Bicicleta Fija Energy Fit Shock Rider Spinning Con App Bluetooth,https://www.fravega.com/p/bicicleta-fija-energy-fit-shock-rider-spinning-con-app-bluetooth-22128586/,650000.0,550000.0,1,True
FRA-bicicleta-magnetica-vertical-te2455hp-se,Fravega,HP,Deportes y Fitness,Bicicleta Magnetica Vertical TE2455HP Semikon,https://www.fravega.com/p/bicicleta-magnetica-vertical-te2455hp-semikon-20111010/,596474.0,524897.0,1,True
FRA-creatina-monohidratada-star-nutrition-30,Fravega,OTRAS,Deportes y Fitness,Creatina Monohidratada Star Nutrition 300 Gr - Doypack,https://www.fravega.com/p/creatina-monohidratada-star-nutrition-300-gr-doypack-22631157/,37395.0,29916.0,1,True
FRA-barra-de-dominadas-trexa-tx-fd1-de-pared,Fravega,OTRAS,Deportes y Fitness,Barra de Dominadas Trexa TX-FD1 de pared,https://www.fravega.com/p/barra-de-dominadas-trexa-tx-fd1-de-pared-562059/,79999.0,54999.0,1,True
FRA-bicicleta-mtb-overtech-mountain-bike-q6-,Fravega,OTRAS,Deportes y Fitness,Bicicleta Mtb Overtech Mountain Bike Q6 R29 Aluminio 21v Freno A Disco Talle M Negro/Rojo/Blanco,https://www.fravega.com/p/bicicleta-mtb-overtech-mountain-bike-q6-r29-aluminio-21v-freno-a-disco-talle-m-negro-rojo-blanco-21192799/,599999.0,274999.0,1,True
FRA-bicicleta-mountain-bike-slp-10-pro-rodad,Fravega,OTRAS,Deportes y Fitness,Bicicleta Mountain Bike SLP 10 Pro Rodado 29” T18 17192-NG11BA8RJ11T18,https://www.fravega.com/p/bicicleta-mountain-bike-slp-10-pro-rodado-29-t18-17192-ng11ba8rj11t18-562402/,599999.0,349999.0,1,True
FRA-bicicleta-mountain-bike-slp-25-pro-lady-,Fravega,OTRAS,Deportes y Fitness,Bicicleta Mountain Bike SLP 25 PRO Lady Rodado 29 T18,https://www.fravega.com/p/bicicleta-mountain-bike-slp-25-pro-lady-rodado-29-t18-562634/,699999.0,379999.0,1,True
FRA-pelota-kick-off-n5-562562,Fravega,OTRAS,Deportes y Fitness,Pelota Kick Off Nº5,https://www.fravega.com/p/pelota-kick-off-n5-562562/,94999.0,64999.0,1,True
FRA-bicicleta-mtb-overtech-q6-r29-aluminio-2,Fravega,OTRAS,Deportes y Fitness,"Bicicleta Mtb Overtech Q6 R29 Aluminio, 21v Con Suspensión Rosa/Blanco S",https://www.fravega.com/p/bicicleta-mtb-overtech-q6-r29-aluminio-21v-con-suspension-rosa-blanco-s-22508764/,599999.0,274999.0,1,True
FRA-banda-elastica-8-fitness-con-agarres-pro,Fravega,OTRAS,Deportes y Fitness,Banda Elastica 8 Fitness Con Agarres Proline GP-BANDA8FIT1-P,https://www.fravega.com/p/banda-elastica-8-fitness-con-agarres-proline-gp-banda8fit1-p-990243324/,17599.0,4998.97,1,True
FRA-soporte-pared-p-bicicleta-gancho-acero-r,Fravega,ACER,Deportes y Fitness,Soporte Pared P/bicicleta Gancho Acero Resistente Nebraska Negro,https://www.fravega.com/p/soporte-pared-p-bicicleta-gancho-acero-resistente-nebraska-negro-22626607/,15000.0,11000.0,1,True
FRA-balines-gamo-pro-hunter-5-5mm-x-250-2276,Fravega,OTRAS,Deportes y Fitness,Balines Gamo Pro-hunter 5.5mm X 250,https://www.fravega.com/p/balines-gamo-pro-hunter-5-5mm-x-250-22765546/,57827.0,48189.0,1,True
FRA-cinta-caminadora-electrica-fit-noga-ft-2,Fravega,OTRAS,Deportes y Fitness,Cinta Caminadora Electrica Fit Noga Ft-210 Panel Digital 8km,https://www.fravega.com/p/cinta-caminadora-electrica-fit-noga-ft-210-panel-digital-8km-990286439/,699999.0,618999.0,1,True
FRA-bicicleta-infantil-nordic-cross-r20-5630,Fravega,OTRAS,Deportes y Fitness,Bicicleta Infantil Nordic Cross R20,https://www.fravega.com/p/bicicleta-infantil-nordic-cross-r20-563037/,199999.0,159999.0,1,True
FRA-whey-protein-pouch-2lb-sabor-vainilla-st,Fravega,OTRAS,Deportes y Fitness,Whey Protein Pouch 2lb Sabor:Vainilla Star Nutrition,https://www.fravega.com/p/whey-protein-pouch-2lb-sabor-vainilla-star-nutrition-20048321/,87692.0,65769.0,1,True
FRA-soporte-anclaje-techo-agarre-pared-bolsa,Fravega,OTRAS,Deportes y Fitness,Soporte Anclaje Techo Agarre Pared Bolsa Boxeo Servicegym,https://www.fravega.com/p/soporte-anclaje-techo-agarre-pared-bolsa-boxeo-servicegym-20121722/,6500.0,6000.0,1,True
FRA-pelota-de-futbol-nassau-magic-new-pu-pro,Fravega,OTRAS,Deportes y Fitness,Pelota de Futbol Nassau Magic New PU Profesional Blanco/Rojo,https://www.fravega.com/p/pelota-de-futbol-nassau-magic-new-pu-profesional-blanco-rojo-562061/,59999.0,44999.0,1,True
FRA-bicicleta-mtb-overtech-r29-q3-con-suspen,Fravega,OTRAS,Deportes y Fitness,Bicicleta Mtb Overtech R29 Q3 Con Suspensión Tamaño Del Cuadro L Negro/blanco,https://www.fravega.com/p/bicicleta-mtb-overtech-r29-q3-con-suspension-tamano-del-cuadro-l-negro-blanco-22104523/,449999.0,218999.0,1,True
FRA-pelota-de-futbol-reebok-vortex-nro-5-ggs,Fravega,OTRAS,Deportes y Fitness,Pelota de Futbol Reebok Vortex Nro.5 GGSS,https://www.fravega.com/p/pelota-de-futbol-reebok-vortex-nro-5-ggss--562730/,19999.0,12999.0,1,True
FRA-bicicleta-fija-de-entrenamiento-philco-8,Fravega,PHILCO,Deportes y Fitness,Bicicleta Fija de Entrenamiento Philco 8 Niveles de Resistencia Disco 2kg,https://www.fravega.com/p/bicicleta-fija-de-entrenamiento-philco-8-niveles-de-resistencia-disco-2kg-990186086/,350899.0,210999.0,1,True
FRA-bicicleta-spinning-randers-arg-820sp-6-k,Fravega,OTRAS,Deportes y Fitness,Bicicleta Spinning Randers ARG-820SP 6 Kg,https://www.fravega.com/p/bicicleta-spinning-randers-arg-820sp-6-kg-990054591/,481513.0,317463.01,1,True
FRA-tabla-de-pilates-randers-arg-920vc-99027,Fravega,OTRAS,Deportes y Fitness,Tabla de Pilates Randers ARG-920VC,https://www.fravega.com/p/tabla-de-pilates-randers-arg-920vc-990274764/,176480.0,119426.0,1,True
FRA-cinta-caminadora-motorizada-arg-360-ultr,Fravega,OTRAS,Deportes y Fitness,Cinta Caminadora Motorizada ARG-360 Ultraplana,https://www.fravega.com/p/cinta-caminadora-motorizada-arg-360-ultraplana-990051958/,736733.0,590831.0,1,True
FRA-multigimnasio-randers-arg-63140-560100,Fravega,OTRAS,Deportes y Fitness,Multigimnasio Randers ARG-63140,https://www.fravega.com/p/multigimnasio-randers-arg-63140-560100/,799999.0,699999.0,1,True
FRA-bicicleta-fija-energy-fit-shock-rider-sp,Fravega,OTRAS,Deportes y Fitness,Bicicleta Fija Energy Fit Shock Rider Spinning Con App Bluetooth,https://www.fravega.com/p/bicicleta-fija-energy-fit-shock-rider-spinning-con-app-bluetooth-22128586/,650000.0,550000.0,1,True
FRA-bicicleta-magnetica-vertical-te2455hp-se,Fravega,HP,Deportes y Fitness,Bicicleta Magnetica Vertical TE2455HP Semikon,https://www.fravega.com/p/bicicleta-magnetica-vertical-te2455hp-semikon-20111010/,596474.0,524897.0,1,True
FRA-creatina-monohidratada-star-nutrition-30,Fravega,OTRAS,Deportes y Fitness,Creatina Monohidratada Star Nutrition 300 Gr - Doypack,https://www.fravega.com/p/creatina-monohidratada-star-nutrition-300-gr-doypack-22631157/,37395.0,29916.0,1,True
FRA-barra-de-dominadas-trexa-tx-fd1-de-pared,Fravega,OTRAS,Deportes y Fitness,Barra de Dominadas Trexa TX-FD1 de pared,https://www.fravega.com/p/barra-de-dominadas-trexa-tx-fd1-de-pared-562059/,79999.0,54999.0,1,True
FRA-bicicleta-mtb-overtech-r29-q3-con-suspen,Fravega,OTRAS,Deportes y Fitness,Bicicleta Mtb Overtech R29 Q3 Con Suspensión Tamaño Del Cuadro M Negro/rosa/blanco,https://www.fravega.com/p/bicicleta-mtb-overtech-r29-q3-con-suspension-tamano-del-cuadro-m-negro-rosa-blanco-22104560/,449999.0,218999.0,1,True
FRA-barra-paralelas-push-up-proline-gp-pushu,Fravega,OTRAS,Deportes y Fitness,Barra Paralelas Push Up Proline GP-PUSHUP1PP-P,https://www.fravega.com/p/barra-paralelas-push-up-proline-gp-pushup1pp-p-990243303/,19799.0,6999.0,1,True
FRA-bicicleta-gross-mtb-rodado-29-mountain-b,Fravega,OTRAS,Deportes y Fitness,Bicicleta Gross MTB Rodado 29 Mountain Bike Aluminio 21v Cambios Shimano Gris Negro,https://www.fravega.com/p/bicicleta-gross-mtb-rodado-29-mountain-bike-aluminio-21v-cambios-shimano-gris-negro-562847/,599999.0,329999.0,1,True
FRA-monopatin-electrico-red-bull-350w-motor-,Fravega,OTRAS,Deportes y Fitness,Monopatin Electrico Red Bull 350w Motor Power,https://www.fravega.com/p/monopatin-electrico-red-bull-350w-motor-power-22744850/,813676.67,732309.0,1,True
FRA-bicicleta-mtb-overtech-q5-lady-r29-21v-c,Fravega,OTRAS,Deportes y Fitness,"Bicicleta Mtb Overtech Q5 Lady R29, 21V con Shimano, Freno a Disco, Con Sus, Purpura/Blanco S",https://www.fravega.com/p/bicicleta-mtb-overtech-q5-lady-r29-21v-con-shimano-freno-a-disco-con-sus-purpura-blanco-s-22855106/,499999.0,254999.0,1,True
FRA-bicicleta-spinning-fija-con-display-digi,Fravega,OTRAS,Deportes y Fitness,Bicicleta Spinning Fija Con Display Digital Novohome 120 Kg,https://www.fravega.com/p/bicicleta-spinning-fija-con-display-digital-novohome-120-kg-990293013/,606359.0,304999.0,1,True
FRA-cinta-de-correr-caminadora-electrica-cro,Fravega,OTRAS,Deportes y Fitness,Cinta De Correr Caminadora Electrica Crosser Bluetooth + App,https://www.fravega.com/p/cinta-de-correr-caminadora-electrica-crosser-bluetooth-app-22910528/,756990.0,399990.0,1,True
FRA-pelota-de-futbol-con-efecto-kicker-ball-,Fravega,OTRAS,Deportes y Fitness,Pelota de Fútbol con efecto Kicker Ball,https://www.fravega.com/p/pelota-de-futbol-con-efecto-kicker-ball-990075536/,39900.0,19900.0,1,True
FRA-bicicleta-mtb-overtech-mountain-bike-q6-,Fravega,OTRAS,Deportes y Fitness,Bicicleta Mtb Overtech Mountain Bike Q6 R29 Aluminio 21v Freno A Disco Talle XL Negro-Rojo-Blanco,https://www.fravega.com/p/bicicleta-mtb-overtech-mountain-bike-q6-r29-aluminio-21v-freno-a-disco-talle-xl-negro-rojo-blanco-21302781/,599999.0,274999.0,1,True
FRA-bicicleta-mtb-overtech-r29-q3-con-suspen,Fravega,OTRAS,Deportes y Fitness,Bicicleta Mtb Overtech R29 Q3 Con Suspensión Tamaño Del Cuadro L Negro/rojo/blanco,https://www.fravega.com/p/bicicleta-mtb-overtech-r29-q3-con-suspension-tamano-del-cuadro-l-negro-rojo-blanco-22104452/,449999.0,218999.0,1,True
FRA-lubricante-profesional-ugnis-fit-para-ci,Fravega,OTRAS,Deportes y Fitness,Lubricante Profesional Ugnis Fit Para Cintas de Caminar y Correr de Silicona Premium en Aerosol 440 cc,https://www.fravega.com/p/lubricante-profesional-ugnis-fit-para-cintas-de-caminar-y-correr-de-silicona-premium-aerosol-440-cc-22513716/,14900.0,13900.0,1,True
FRA-bicicleta-infantil-nathor-r12-mechanic-5,Fravega,OTRAS,Deportes y Fitness,Bicicleta Infantil Nathor R12 Mechanic,https://www.fravega.com/p/bicicleta-infantil-nathor-r12-mechanic-562601/,149999.0,79999.0,1,True
FRA-cinta-para-correr-14-km-h-3-0-hpp-con-in,Fravega,HP,Deportes y Fitness,Cinta para correr 14 km/h (3.0 hpp) con inclinación GC-266 CARDIO PLUS,https://www.fravega.com/p/cinta-para-correr-14-km-h-3-0-hpp-con-inclinacion-gc-266-cardio-plus-22626893/,1543634.0,929900.0,1,True
FRA-bicicleta-trexa-trx-6-0-mtb-r29-t18-alum,Fravega,OTRAS,Deportes y Fitness,Bicicleta Trexa TRX 6.0 MTB R29 T18 Aluminio Blanca,https://www.fravega.com/p/bicicleta-trexa-trx-6-0-mtb-r29-t18-aluminio-blanca-562707/,699999.0,279999.0,1,True
FRA-cinta-para-correr-force-by-gadnic-camina,Fravega,OTRAS,Deportes y Fitness,Cinta Para Correr Force By Gadnic Caminadora Plegable 120Kg,https://www.fravega.com/p/cinta-para-correr-force-by-gadnic-caminadora-plegable-120kg-990276964/,497899.0,382998.99,1,True
FRA-secador-de-pelo-ga-ma-mistral-ceramic-io,Fravega,OTRAS,Belleza y Cuidado Personal,Secador de Pelo GA.MA Mistral Ceramic Ion,https://www.fravega.com/p/secador-de-pelo-ga-ma-mistral-ceramic-ion-13349/,74999.0,51999.0,1,True
FRA-planchita-de-pelo-admiral-ad-pl001-ceram,Fravega,OTRAS,Belleza y Cuidado Personal,Planchita de Pelo Admiral AD-PL001 Ceramic 230,https://www.fravega.com/p/planchita-de-pelo-admiral-ad-pl001-ceramic-230-14214/,39999.0,19999.0,1,True
FRA-depiladora-ipl-philips-lumea-prestige-br,Fravega,PHILIPS,Belleza y Cuidado Personal,Depiladora IPL Philips Lumea Prestige BRI947/30,https://www.fravega.com/p/depiladora-ipl-philips-lumea-prestige-bri947-30-13275/,959999.0,659999.0,1,True
FRA-secador-de-pelo-con-difusor-winco-w4192-,Fravega,OTRAS,Belleza y Cuidado Personal,Secador de Pelo con Difusor Winco W4192 2000 Watts,https://www.fravega.com/p/secador-de-pelo-con-difusor-winco-w4192-2000-watts-14326/,59999.0,32999.0,1,True
FRA-planchita-alisado-babyliss-pelo-seco-450,Fravega,OTRAS,Belleza y Cuidado Personal,Planchita Alisado Babyliss Pelo Seco 450f + Funda 9559,https://www.fravega.com/p/planchita-alisado-babyliss-pelo-seco-450f-funda-9559-990288320/,199999.0,169999.0,1,True
FRA-depiladora-ipl-philips-lumea-lumea-advan,Fravega,PHILIPS,Belleza y Cuidado Personal,Depiladora IPL Philips Lumea Lumea Advanced BRI920/30 + Recortador,https://www.fravega.com/p/depiladora-ipl-philips-lumea-lumea-advanced-bri920-30-recortador-13149/,699999.0,439999.0,1,True
FRA-secador-de-pelo-profesional-remington-si,Fravega,REMINGTON,Belleza y Cuidado Personal,Secador de Pelo Profesional Remington Silk AC9096 2400W,https://www.fravega.com/p/secador-de-pelo-profesional-remington-silk-ac9096-2400w-11933/,104999.0,84799.0,1,True
FRA-planchita-de-pelo-ga-ma-elegance-bella-t,Fravega,OTRAS,Belleza y Cuidado Personal,Planchita de Pelo GA.MA Elegance Bella Tourmaline ION 230°C,https://www.fravega.com/p/planchita-de-pelo-ga-ma-elegance-bella-tourmaline-ion-230-c-13040/,69999.0,54999.0,1,True
FRA-depiladora-philips-bre712-00-13213,Fravega,PHILIPS,Belleza y Cuidado Personal,Depiladora Philips BRE712-00,https://www.fravega.com/p/depiladora-philips-bre712-00-13213/,153999.0,139999.0,1,True
FRA-secador-remington-d3015-power-volumen-20,Fravega,REMINGTON,Belleza y Cuidado Personal,Secador Remington D3015 Power Volumen 2000,https://www.fravega.com/p/secador-remington-d3015-power-volumen-2000-12426/,62999.0,49999.0,1,True
FRA-planchita-de-pelo-allure-pl1010ap-titani,Fravega,OTRAS,Belleza y Cuidado Personal,Planchita de Pelo Allure PL1010AP Titanium Ion,https://www.fravega.com/p/planchita-de-pelo-allure-pl1010ap-titanium-ion-13892/,34999.0,22999.0,1,True
FRA-depiladora-facial-con-luz-recargable-usb,Fravega,OTRAS,Belleza y Cuidado Personal,Depiladora Facial Con Luz Recargable Usb Vellos Finos RJ3740 Blanco,https://www.fravega.com/p/depiladora-facial-con-luz-recargable-usb-vellos-finos-rj3740-blanco-22709024/,12829.69,8980.78,1,True
FRA-difusor-de-aire-para-rulos-bellissima-di,Fravega,OTRAS,Belleza y Cuidado Personal,Difusor de Aire para Rulos Bellissima Diffon Ion Ceramic,https://www.fravega.com/p/difusor-de-aire-para-rulos-bellissima-diffon-ion-ceramic-14584/,109999.0,84999.0,1,True
FRA-planchita-de-pelo-remington-gloss-s9350-,Fravega,REMINGTON,Belleza y Cuidado Personal,Planchita de Pelo Remington Gloss S9350 Tecnología Antiestática,https://www.fravega.com/p/planchita-de-pelo-remington-gloss-s9350-tecnologia-antiestatica-14501/,84999.0,59999.0,1,True
FRA-depiladora-definitiva-laser-flyz-gadnic-,Fravega,OTRAS,Belleza y Cuidado Personal,Depiladora Definitiva Laser Flyz Gadnic Portátil 5 Modos,https://www.fravega.com/p/depiladora-definitiva-laser-flyz-gadnic-portatil-5-modos-990073378/,101334.0,77949.0,1,True
FRA-secador-de-pelo-ga-ma-diamond-ceramic-12,Fravega,OTRAS,Belleza y Cuidado Personal,Secador de Pelo GA.MA Diamond Ceramic,https://www.fravega.com/p/secador-de-pelo-ga-ma-diamond-ceramic-12982/,99999.0,74999.0,1,True
FRA-planchita-de-pelo-admiral-ad-pl002-tourm,Fravega,OTRAS,Belleza y Cuidado Personal,Planchita de Pelo Admiral AD-PL002 Tourmaline 230,https://www.fravega.com/p/planchita-de-pelo-admiral-ad-pl002-tourmaline-230-14215/,59999.0,33999.0,1,True
FRA-depiladora-cejas-lapiz-electrico-portati,Fravega,OTRAS,Belleza y Cuidado Personal,Depiladora Cejas Lápiz Eléctrico Portátil Recargable Usb Luz,https://www.fravega.com/p/depiladora-cejas-lapiz-electrico-portatil-recargable-usb-luz-22649103/,35309.0,30619.0,1,True
FRA-secador-de-pelo-gama-professional-ultra-,Fravega,GAMA,Belleza y Cuidado Personal,Secador de Pelo Gama Professional Ultra AC 2200W,https://www.fravega.com/p/secador-de-pelo-gama-professional-ultra-ac-2200w-14437/,99999.0,74999.0,1,True
FRA-planchita-de-pelo-revlon-rvst2182red-anc,Fravega,OTRAS,Belleza y Cuidado Personal,Planchita de Pelo Revlon RVST2182RED Ancha,https://www.fravega.com/p/planchita-de-pelo-revlon-rvst2182red-ancha-10407/,69999.0,49999.0,1,True
FRA-afeitadora-philips-s1881-00-serie-1000-u,Fravega,PHILIPS,Belleza y Cuidado Personal,Afeitadora Philips S1881/00 Serie 1000 uso en Húmedo y Seco,https://www.fravega.com/p/afeitadora-philips-s1881-00-serie-1000-uso-humedo-y-seco-30625/,81999.0,65599.0,1,True
FRA-afeitadora-electrica-inalambrica-philco-,Fravega,PHILCO,Belleza y Cuidado Personal,Afeitadora Eléctrica Inalámbrica Philco AE5105,https://www.fravega.com/p/afeitadora-electrica-inalambrica-philco-ae5105-30464/,54999.0,34999.0,1,True
FRA-repuesto-cuchillas-x2-para-cortabarba-ph,Fravega,PHILIPS,Belleza y Cuidado Personal,Repuesto Cuchillas x2 para Cortabarba Philips OneBlade,https://www.fravega.com/p/repuesto-cuchillas-x2-para-cortabarba-philips-oneblade-30460/,31499.0,29999.0,1,True
FRA-afeitadora-philips-s5898-17-30315,Fravega,PHILIPS,Belleza y Cuidado Personal,Afeitadora Philips S5898/17,https://www.fravega.com/p/afeitadora-philips-s5898-17-30315/,194999.0,149999.0,1,True
FRA-afeitadora-philips-serie-5000-x5012-05-3,Fravega,PHILIPS,Belleza y Cuidado Personal,Afeitadora Philips Serie 5000 X5012/05,https://www.fravega.com/p/afeitadora-philips-serie-5000-x5012-05-30374/,139999.0,103999.0,1,True
FRA-afeitadora-philips-serie-3000-s3882-00-w,Fravega,PHILIPS,Belleza y Cuidado Personal,Afeitadora Philips Serie 3000 S3882/00 Wet & Dry,https://www.fravega.com/p/afeitadora-philips-serie-3000-s3882-00-wet--dry-30616/,143999.0,89999.0,1,True
FRA-recortadora-de-pelo-para-nariz-y-oreja-p,Fravega,PHILIPS,Belleza y Cuidado Personal,Recortadora de Pelo para Nariz y Oreja Philips NT1620/15,https://www.fravega.com/p/recortadora-de-pelo-para-nariz-y-oreja-philips-nt1620-15-30269/,24999.0,22999.0,1,True
FRA-recortadora-afeitar-cejas-barba-vk-4803-,Fravega,OTRAS,Belleza y Cuidado Personal,Recortadora Afeitar Cejas Barba Vk-4803 Ultracomb  3 en 1,https://www.fravega.com/p/recortadora-afeitar-cejas-barba-vk-4803-ultracomb-3-1-990275803/,19379.83,10820.9,1,True
FRA-afeitadora-corporal-bacan-by-mantra-razo,Fravega,OTRAS,Belleza y Cuidado Personal,Afeitadora Corporal Bacan by Mantra Razor Body Black,https://www.fravega.com/p/afeitadora-corporal-bacan-by-mantra-razor-body-black-20076122/,119990.0,95992.0,1,True
FRA-afeitadora-de-cabeza-remington-balder-pr,Fravega,REMINGTON,Belleza y Cuidado Personal,Afeitadora de cabeza Remington Balder PRO XR7001,https://www.fravega.com/p/afeitadora-de-cabeza-remington-balder-pro-xr7001-30353/,149999.0,109999.0,1,True
FRA-trimmer-nariz-oido-remington-ne3200-seco,Fravega,REMINGTON,Belleza y Cuidado Personal,Trimmer Nariz Oido Remington Ne3200 En Seco O Humedo A Pila,https://www.fravega.com/p/trimmer-nariz-oido-remington-ne3200-seco-o-humedo-a-pila-990017664/,25489.0,23066.97,1,True
FRA-trimmer-philco-body-shaver-sport-infinit,Fravega,PHILCO,Belleza y Cuidado Personal,Trimmer Philco Body Shaver Sport Infinity Blade CB7045SE,https://www.fravega.com/p/trimmer-philco-body-shaver-sport-infinity-blade-cb7045se-990288782/,43999.0,24999.0,1,True
FRA-afeitadora-philco-ae5205pp-lithium-plus-,Fravega,PHILCO,Belleza y Cuidado Personal,Afeitadora Philco Ae5205pp Lithium Plus Wet & Dry 360°,https://www.fravega.com/p/afeitadora-philco-ae5205pp-lithium-plus-wet--dry-360-20291686/,65999.0,59999.0,1,True
FRA-afeitadora-gama-g-blade-usb-wetdry-21232,Fravega,GAMA,Belleza y Cuidado Personal,Afeitadora Gama G-blade Usb Wet&dry,https://www.fravega.com/p/afeitadora-gama-g-blade-usb-wetdry-21232992/,43679.0,33000.0,1,True
FRA-locion-para-despues-del-afeitado-gillett,Fravega,OTRAS,Belleza y Cuidado Personal,"Loción para después del afeitado Gillette Series Cool Wave, 100 ml, para hombre",https://www.fravega.com/p/locion-para-despues-del-afeitado-gillette-series-cool-wave-100-ml-para-hombre-22769884/,68629.0,57648.36,1,True
FRA-peluqueria-y-recortadora-philips-norelco,Fravega,PHILIPS,Belleza y Cuidado Personal,Peluquería y recortadora Philips Norelco OneBlade QP1924/70,https://www.fravega.com/p/peluqueria-y-recortadora-philips-norelco-oneblade-qp1924-70-22826670/,162227.0,131403.87,1,True
FRA-maquina-multi-afeitadora-gadnic-rzr-9k-d,Fravega,OTRAS,Belleza y Cuidado Personal,Máquina Multi Afeitadora Gadnic RZR 9K Display Digital,https://www.fravega.com/p/maquina-multi-afeitadora-gadnic-rzr-9k-display-digital-990165202/,64502.99,49618.0,1,True
FRA-afeitadora-wet--dry-cuchillas-autoafilab,Fravega,XIAOMI,Belleza y Cuidado Personal,Afeitadora Wet & Dry Cuchillas Autoafilable Enchen By Xiaomi,https://www.fravega.com/p/afeitadora-wet--dry-cuchillas-autoafilable-enchen-by-xiaomi-990245047/,48289.0,27990.0,1,True
FRA-afeitadora-inalam-wet--dry-cabezal-magne,Fravega,XIAOMI,Belleza y Cuidado Personal,Afeitadora Inalám Wet & Dry Cabezal Magnét. Enchen By Xiaomi,https://www.fravega.com/p/afeitadora-inalam-wet--dry-cabezal-magnet-enchen-by-xiaomi-990245052/,48289.0,27990.0,1,True
FRA-afeitadora-y-recortadora-ultracomb-led-6,Fravega,OTRAS,Belleza y Cuidado Personal,Afeitadora Y Recortadora Ultracomb Led 6 Cabezales Bk4918,https://www.fravega.com/p/afeitadora-y-recortadora-ultracomb-led-6-cabezales-bk4918-990275801/,58309.83,32370.9,1,True
FRA-perfume-revlon-charlie-blue-edt-para-muj,Fravega,OTRAS,Belleza y Cuidado Personal,Perfume Revlon Charlie Blue EDT para mujer 100 ml/3.4 fl.oz,https://www.fravega.com/p/perfume-revlon-charlie-blue-edt-para-mujer-100-ml-3-4-fl-oz-22826743/,80123.0,74514.39,1,True
FRA-combo-alisado-luminoliss-250gr-shampoo-l,Fravega,OTRAS,Belleza y Cuidado Personal,Combo Alisado Luminoliss 250gr + Shampoo Luminoclean 300gr,https://www.fravega.com/p/combo-alisado-luminoliss-250gr-shampoo-luminoclean-300gr-22859950/,30890.0,25530.0,1,True
FRA-givenchy-organza-3-3-oz-eau-de-parfum-sp,Fravega,OTRAS,Belleza y Cuidado Personal,Givenchy ORGANZA 3.3 OZ EAU DE PARFUM SPRAY NUEVO,https://www.fravega.com/p/givenchy-organza-3-3-oz-eau-de-parfum-spray-nuevo-22711682/,241818.0,169273.0,1,True
FRA-combo-alisado-luminoliss-shampoo-luminoc,Fravega,OTRAS,Belleza y Cuidado Personal,Combo Alisado Luminoliss + Shampoo Luminoclean 1kg,https://www.fravega.com/p/combo-alisado-luminoliss-shampoo-luminoclean-1kg-22859970/,58890.0,48670.0,1,True
FRA-perfume-montale-arabians-tonka-eau-de-pa,Fravega,OTRAS,Belleza y Cuidado Personal,Perfume MONTALE Arabians Tonka Eau De Parfum 100 ml para hom,https://www.fravega.com/p/perfume-montale-arabians-tonka-eau-de-parfum-100-ml-para-hom-22826641/,383889.0,341661.21,1,True
FRA-ds-laboratories-revita-shampoo-champu-pa,Fravega,OTRAS,Belleza y Cuidado Personal,DS Laboratories Revita Shampoo - Champú para el,https://www.fravega.com/p/ds-laboratories-revita-shampoo-champu-para-el-22662562/,106164.0,100856.0,1,True
FRA-perfume-dolce--gabbana-the-one-eau-de-pa,Fravega,OTRAS,Belleza y Cuidado Personal,"Perfume Dolce & Gabbana The One Eau de Parfum para hombre, 1",https://www.fravega.com/p/perfume-dolce--gabbana-the-one-eau-de-parfum-para-hombre-1-22803145/,185993.0,172973.49,1,True
FRA-tangle-teezer-el-mejor-cepillo-desenreda,Fravega,OTRAS,Belleza y Cuidado Personal,"Tangle Teezer , El mejor cepillo desenredante para",https://www.fravega.com/p/tangle-teezer-el-mejor-cepillo-desenredante-para-22659249/,103215.0,98054.0,1,True
FRA-perfume-armaf-club-de-nuit-precieux-1-ex,Fravega,OTRAS,Belleza y Cuidado Personal,"Perfume Armaf Club De Nuit Precieux, 1 extracto de perfume,",https://www.fravega.com/p/perfume-armaf-club-de-nuit-precieux-1-extracto-de-perfume--22802957/,178599.0,166097.07,1,True
FRA-shampoo-pantene-restauracion-pro-v-solut,Fravega,OTRAS,Belleza y Cuidado Personal,Shampoo Pantene Restauración Pro-v Solutions 400 Ml 80701897,https://www.fravega.com/p/shampoo-pantene-restauracion-pro-v-solutions-400-ml-80701897-990243292/,7541.0,4455.99,1,True
FRA-perfume-liquid-brun-french-avenue-100ml-,Fravega,OTRAS,Belleza y Cuidado Personal,Perfume Liquid Brun French Avenue 100ml Edp Arabe,https://www.fravega.com/p/perfume-liquid-brun-french-avenue-100ml-edp-arabe-22599035/,137999.0,103499.0,1,True
FRA-removedor-de-tinte-para-cabello-color-oo,Fravega,OTRAS,Belleza y Cuidado Personal,Removedor de Tinte para Cabello Color Oops con Acondicionador Extra,https://www.fravega.com/p/removedor-de-tinte-para-cabello-color-oops-con-acondicionador-extra-22721279/,89147.0,57945.55,1,True
FRA-l-eau-d-issey-pour-homme-eau--cedre-edt-,Fravega,OTRAS,Belleza y Cuidado Personal,L'eau d'Issey pour Homme Eau & Cèdre EDT,https://www.fravega.com/p/l-eau-d-issey-pour-homme-eau--cedre-edt-990283321/,268000.0,241200.0,1,True
FRA-hair-styling-stick-plus-eau-point-repair,Fravega,OTRAS,Belleza y Cuidado Personal,"Hair Styling Stick plus eau Point Repair, 10 ml, antiadherente",https://www.fravega.com/p/hair-styling-stick-plus-eau-point-repair-10-ml-antiadherente-22849146/,109224.0,92840.4,1,True
FRA-perfume-al-haramain-amber-oud-gold-editi,Fravega,OTRAS,Belleza y Cuidado Personal,Perfume Al Haramain Amber Oud Gold Edition 100,https://www.fravega.com/p/perfume-al-haramain-amber-oud-gold-edition-100-22475032/,159619.0,148445.67,1,True
FRA-vichy-shampoo-dercos-energizante-anticai,Fravega,OTRAS,Belleza y Cuidado Personal,Vichy Shampoo Dercos Energizante Anticaida Estimulante 400ml,https://www.fravega.com/p/vichy-shampoo-dercos-energizante-anticaida-estimulante-400ml-990221687/,90249.0,74585.95,1,True
FRA-perfume-hermes-terre-d-hermes-intense-ed,Fravega,OTRAS,Belleza y Cuidado Personal,Perfume Hermès Terre D'Hermès Intense EDP 100 ml para hombre,https://www.fravega.com/p/perfume-hermes-terre-d-hermes-intense-edp-100-ml-para-hombre-22656309/,264909.0,233119.92,1,True
FRA-fidelite-caviar-protector-termico-capila,Fravega,OTRAS,Belleza y Cuidado Personal,Fidelite Caviar Protector Termico Capilar Anti Age 120 Ml,https://www.fravega.com/p/fidelite-caviar-protector-termico-capilar-anti-age-120-ml-21229672/,19650.0,16240.0,1,True
FRA-perfume-remy-latour-cigar-eau-de-toilett,Fravega,OTRAS,Belleza y Cuidado Personal,"Perfume Remy Latour Cigar Eau De Toilette, 100 ml, para hombre",https://www.fravega.com/p/perfume-remy-latour-cigar-eau-de-toilette-100-ml-para-hombre-22657778/,96769.0,94833.62,1,True
FRA-aceite-de-batana-crudo-para-el-crecimien,Fravega,OTRAS,Belleza y Cuidado Personal,Aceite de batana crudo para el crecimiento del,https://www.fravega.com/p/aceite-de-batana-crudo-para-el-crecimiento-del-22645845/,79623.0,75642.0,1,True
FRA-secador-de-pelo-ga-ma-mistral-ceramic-io,Fravega,OTRAS,Belleza y Cuidado Personal,Secador de Pelo GA.MA Mistral Ceramic Ion,https://www.fravega.com/p/secador-de-pelo-ga-ma-mistral-ceramic-ion-13349/,74999.0,51999.0,1,True
FRA-planchita-de-pelo-admiral-ad-pl001-ceram,Fravega,OTRAS,Belleza y Cuidado Personal,Planchita de Pelo Admiral AD-PL001 Ceramic 230,https://www.fravega.com/p/planchita-de-pelo-admiral-ad-pl001-ceramic-230-14214/,39999.0,19999.0,1,True
FRA-depiladora-ipl-philips-lumea-prestige-br,Fravega,PHILIPS,Belleza y Cuidado Personal,Depiladora IPL Philips Lumea Prestige BRI947/30,https://www.fravega.com/p/depiladora-ipl-philips-lumea-prestige-bri947-30-13275/,959999.0,659999.0,1,True
FRA-secador-de-pelo-con-difusor-winco-w4192-,Fravega,OTRAS,Belleza y Cuidado Personal,Secador de Pelo con Difusor Winco W4192 2000 Watts,https://www.fravega.com/p/secador-de-pelo-con-difusor-winco-w4192-2000-watts-14326/,59999.0,32999.0,1,True
FRA-planchita-alisado-babyliss-pelo-seco-450,Fravega,OTRAS,Belleza y Cuidado Personal,Planchita Alisado Babyliss Pelo Seco 450f + Funda 9559,https://www.fravega.com/p/planchita-alisado-babyliss-pelo-seco-450f-funda-9559-990288320/,199999.0,169999.0,1,True
FRA-depiladora-ipl-philips-lumea-lumea-advan,Fravega,PHILIPS,Belleza y Cuidado Personal,Depiladora IPL Philips Lumea Lumea Advanced BRI920/30 + Recortador,https://www.fravega.com/p/depiladora-ipl-philips-lumea-lumea-advanced-bri920-30-recortador-13149/,699999.0,439999.0,1,True
FRA-secador-de-pelo-profesional-remington-si,Fravega,REMINGTON,Belleza y Cuidado Personal,Secador de Pelo Profesional Remington Silk AC9096 2400W,https://www.fravega.com/p/secador-de-pelo-profesional-remington-silk-ac9096-2400w-11933/,104999.0,84799.0,1,True
FRA-planchita-de-pelo-ga-ma-elegance-bella-t,Fravega,OTRAS,Belleza y Cuidado Personal,Planchita de Pelo GA.MA Elegance Bella Tourmaline ION 230°C,https://www.fravega.com/p/planchita-de-pelo-ga-ma-elegance-bella-tourmaline-ion-230-c-13040/,69999.0,54999.0,1,True
FRA-depiladora-philips-bre712-00-13213,Fravega,PHILIPS,Belleza y Cuidado Personal,Depiladora Philips BRE712-00,https://www.fravega.com/p/depiladora-philips-bre712-00-13213/,153999.0,139999.0,1,True
FRA-secador-remington-d3015-power-volumen-20,Fravega,REMINGTON,Belleza y Cuidado Personal,Secador Remington D3015 Power Volumen 2000,https://www.fravega.com/p/secador-remington-d3015-power-volumen-2000-12426/,62999.0,49999.0,1,True
FRA-planchita-de-pelo-allure-pl1010ap-titani,Fravega,OTRAS,Belleza y Cuidado Personal,Planchita de Pelo Allure PL1010AP Titanium Ion,https://www.fravega.com/p/planchita-de-pelo-allure-pl1010ap-titanium-ion-13892/,34999.0,22999.0,1,True
FRA-depiladora-facial-con-luz-recargable-usb,Fravega,OTRAS,Belleza y Cuidado Personal,Depiladora Facial Con Luz Recargable Usb Vellos Finos RJ3740 Blanco,https://www.fravega.com/p/depiladora-facial-con-luz-recargable-usb-vellos-finos-rj3740-blanco-22709024/,12829.69,8980.78,1,True
FRA-difusor-de-aire-para-rulos-bellissima-di,Fravega,OTRAS,Belleza y Cuidado Personal,Difusor de Aire para Rulos Bellissima Diffon Ion Ceramic,https://www.fravega.com/p/difusor-de-aire-para-rulos-bellissima-diffon-ion-ceramic-14584/,109999.0,84999.0,1,True
FRA-planchita-de-pelo-remington-gloss-s9350-,Fravega,REMINGTON,Belleza y Cuidado Personal,Planchita de Pelo Remington Gloss S9350 Tecnología Antiestática,https://www.fravega.com/p/planchita-de-pelo-remington-gloss-s9350-tecnologia-antiestatica-14501/,84999.0,59999.0,1,True
FRA-depiladora-definitiva-laser-flyz-gadnic-,Fravega,OTRAS,Belleza y Cuidado Personal,Depiladora Definitiva Laser Flyz Gadnic Portátil 5 Modos,https://www.fravega.com/p/depiladora-definitiva-laser-flyz-gadnic-portatil-5-modos-990073378/,101334.0,77949.0,1,True
FRA-secador-de-pelo-ga-ma-diamond-ceramic-12,Fravega,OTRAS,Belleza y Cuidado Personal,Secador de Pelo GA.MA Diamond Ceramic,https://www.fravega.com/p/secador-de-pelo-ga-ma-diamond-ceramic-12982/,99999.0,74999.0,1,True
FRA-planchita-de-pelo-admiral-ad-pl002-tourm,Fravega,OTRAS,Belleza y Cuidado Personal,Planchita de Pelo Admiral AD-PL002 Tourmaline 230,https://www.fravega.com/p/planchita-de-pelo-admiral-ad-pl002-tourmaline-230-14215/,59999.0,33999.0,1,True
FRA-depiladora-cejas-lapiz-electrico-portati,Fravega,OTRAS,Belleza y Cuidado Personal,Depiladora Cejas Lápiz Eléctrico Portátil Recargable Usb Luz,https://www.fravega.com/p/depiladora-cejas-lapiz-electrico-portatil-recargable-usb-luz-22649103/,35309.0,30619.0,1,True
FRA-secador-de-pelo-gama-professional-ultra-,Fravega,GAMA,Belleza y Cuidado Personal,Secador de Pelo Gama Professional Ultra AC 2200W,https://www.fravega.com/p/secador-de-pelo-gama-professional-ultra-ac-2200w-14437/,99999.0,74999.0,1,True
FRA-planchita-de-pelo-revlon-rvst2182red-anc,Fravega,OTRAS,Belleza y Cuidado Personal,Planchita de Pelo Revlon RVST2182RED Ancha,https://www.fravega.com/p/planchita-de-pelo-revlon-rvst2182red-ancha-10407/,69999.0,49999.0,1,True
FRA-afeitadora-philips-s1881-00-serie-1000-u,Fravega,PHILIPS,Belleza y Cuidado Personal,Afeitadora Philips S1881/00 Serie 1000 uso en Húmedo y Seco,https://www.fravega.com/p/afeitadora-philips-s1881-00-serie-1000-uso-humedo-y-seco-30625/,81999.0,65599.0,1,True
FRA-afeitadora-electrica-inalambrica-philco-,Fravega,PHILCO,Belleza y Cuidado Personal,Afeitadora Eléctrica Inalámbrica Philco AE5105,https://www.fravega.com/p/afeitadora-electrica-inalambrica-philco-ae5105-30464/,54999.0,34999.0,1,True
FRA-repuesto-cuchillas-x2-para-cortabarba-ph,Fravega,PHILIPS,Belleza y Cuidado Personal,Repuesto Cuchillas x2 para Cortabarba Philips OneBlade,https://www.fravega.com/p/repuesto-cuchillas-x2-para-cortabarba-philips-oneblade-30460/,31499.0,29999.0,1,True
FRA-afeitadora-philips-s5898-17-30315,Fravega,PHILIPS,Belleza y Cuidado Personal,Afeitadora Philips S5898/17,https://www.fravega.com/p/afeitadora-philips-s5898-17-30315/,194999.0,149999.0,1,True
FRA-afeitadora-philips-serie-5000-x5012-05-3,Fravega,PHILIPS,Belleza y Cuidado Personal,Afeitadora Philips Serie 5000 X5012/05,https://www.fravega.com/p/afeitadora-philips-serie-5000-x5012-05-30374/,139999.0,103999.0,1,True
FRA-afeitadora-philips-serie-3000-s3882-00-w,Fravega,PHILIPS,Belleza y Cuidado Personal,Afeitadora Philips Serie 3000 S3882/00 Wet & Dry,https://www.fravega.com/p/afeitadora-philips-serie-3000-s3882-00-wet--dry-30616/,143999.0,89999.0,1,True
FRA-recortadora-de-pelo-para-nariz-y-oreja-p,Fravega,PHILIPS,Belleza y Cuidado Personal,Recortadora de Pelo para Nariz y Oreja Philips NT1620/15,https://www.fravega.com/p/recortadora-de-pelo-para-nariz-y-oreja-philips-nt1620-15-30269/,24999.0,22999.0,1,True
FRA-recortadora-afeitar-cejas-barba-vk-4803-,Fravega,OTRAS,Belleza y Cuidado Personal,Recortadora Afeitar Cejas Barba Vk-4803 Ultracomb  3 en 1,https://www.fravega.com/p/recortadora-afeitar-cejas-barba-vk-4803-ultracomb-3-1-990275803/,19379.83,10820.9,1,True
FRA-afeitadora-corporal-bacan-by-mantra-razo,Fravega,OTRAS,Belleza y Cuidado Personal,Afeitadora Corporal Bacan by Mantra Razor Body Black,https://www.fravega.com/p/afeitadora-corporal-bacan-by-mantra-razor-body-black-20076122/,119990.0,95992.0,1,True
FRA-afeitadora-de-cabeza-remington-balder-pr,Fravega,REMINGTON,Belleza y Cuidado Personal,Afeitadora de cabeza Remington Balder PRO XR7001,https://www.fravega.com/p/afeitadora-de-cabeza-remington-balder-pro-xr7001-30353/,149999.0,109999.0,1,True
FRA-trimmer-nariz-oido-remington-ne3200-seco,Fravega,REMINGTON,Belleza y Cuidado Personal,Trimmer Nariz Oido Remington Ne3200 En Seco O Humedo A Pila,https://www.fravega.com/p/trimmer-nariz-oido-remington-ne3200-seco-o-humedo-a-pila-990017664/,25489.0,23066.97,1,True
FRA-trimmer-philco-body-shaver-sport-infinit,Fravega,PHILCO,Belleza y Cuidado Personal,Trimmer Philco Body Shaver Sport Infinity Blade CB7045SE,https://www.fravega.com/p/trimmer-philco-body-shaver-sport-infinity-blade-cb7045se-990288782/,43999.0,24999.0,1,True
FRA-afeitadora-philco-ae5205pp-lithium-plus-,Fravega,PHILCO,Belleza y Cuidado Personal,Afeitadora Philco Ae5205pp Lithium Plus Wet & Dry 360°,https://www.fravega.com/p/afeitadora-philco-ae5205pp-lithium-plus-wet--dry-360-20291686/,65999.0,59999.0,1,True
FRA-afeitadora-gama-g-blade-usb-wetdry-21232,Fravega,GAMA,Belleza y Cuidado Personal,Afeitadora Gama G-blade Usb Wet&dry,https://www.fravega.com/p/afeitadora-gama-g-blade-usb-wetdry-21232992/,43679.0,33000.0,1,True
FRA-locion-para-despues-del-afeitado-gillett,Fravega,OTRAS,Belleza y Cuidado Personal,"Loción para después del afeitado Gillette Series Cool Wave, 100 ml, para hombre",https://www.fravega.com/p/locion-para-despues-del-afeitado-gillette-series-cool-wave-100-ml-para-hombre-22769884/,68629.0,57648.36,1,True
FRA-peluqueria-y-recortadora-philips-norelco,Fravega,PHILIPS,Belleza y Cuidado Personal,Peluquería y recortadora Philips Norelco OneBlade QP1924/70,https://www.fravega.com/p/peluqueria-y-recortadora-philips-norelco-oneblade-qp1924-70-22826670/,162227.0,131403.87,1,True
FRA-maquina-multi-afeitadora-gadnic-rzr-9k-d,Fravega,OTRAS,Belleza y Cuidado Personal,Máquina Multi Afeitadora Gadnic RZR 9K Display Digital,https://www.fravega.com/p/maquina-multi-afeitadora-gadnic-rzr-9k-display-digital-990165202/,64502.99,49618.0,1,True
FRA-afeitadora-wet--dry-cuchillas-autoafilab,Fravega,XIAOMI,Belleza y Cuidado Personal,Afeitadora Wet & Dry Cuchillas Autoafilable Enchen By Xiaomi,https://www.fravega.com/p/afeitadora-wet--dry-cuchillas-autoafilable-enchen-by-xiaomi-990245047/,48289.0,27990.0,1,True
FRA-afeitadora-inalam-wet--dry-cabezal-magne,Fravega,XIAOMI,Belleza y Cuidado Personal,Afeitadora Inalám Wet & Dry Cabezal Magnét. Enchen By Xiaomi,https://www.fravega.com/p/afeitadora-inalam-wet--dry-cabezal-magnet-enchen-by-xiaomi-990245052/,48289.0,27990.0,1,True
FRA-afeitadora-y-recortadora-ultracomb-led-6,Fravega,OTRAS,Belleza y Cuidado Personal,Afeitadora Y Recortadora Ultracomb Led 6 Cabezales Bk4918,https://www.fravega.com/p/afeitadora-y-recortadora-ultracomb-led-6-cabezales-bk4918-990275801/,58309.83,32370.9,1,True
FRA-perfume-revlon-charlie-blue-edt-para-muj,Fravega,OTRAS,Belleza y Cuidado Personal,Perfume Revlon Charlie Blue EDT para mujer 100 ml/3.4 fl.oz,https://www.fravega.com/p/perfume-revlon-charlie-blue-edt-para-mujer-100-ml-3-4-fl-oz-22826743/,80123.0,74514.39,1,True
FRA-combo-alisado-luminoliss-250gr-shampoo-l,Fravega,OTRAS,Belleza y Cuidado Personal,Combo Alisado Luminoliss 250gr + Shampoo Luminoclean 300gr,https://www.fravega.com/p/combo-alisado-luminoliss-250gr-shampoo-luminoclean-300gr-22859950/,30890.0,25530.0,1,True
FRA-givenchy-organza-3-3-oz-eau-de-parfum-sp,Fravega,OTRAS,Belleza y Cuidado Personal,Givenchy ORGANZA 3.3 OZ EAU DE PARFUM SPRAY NUEVO,https://www.fravega.com/p/givenchy-organza-3-3-oz-eau-de-parfum-spray-nuevo-22711682/,241818.0,169273.0,1,True
FRA-combo-alisado-luminoliss-shampoo-luminoc,Fravega,OTRAS,Belleza y Cuidado Personal,Combo Alisado Luminoliss + Shampoo Luminoclean 1kg,https://www.fravega.com/p/combo-alisado-luminoliss-shampoo-luminoclean-1kg-22859970/,58890.0,48670.0,1,True
FRA-perfume-montale-arabians-tonka-eau-de-pa,Fravega,OTRAS,Belleza y Cuidado Personal,Perfume MONTALE Arabians Tonka Eau De Parfum 100 ml para hom,https://www.fravega.com/p/perfume-montale-arabians-tonka-eau-de-parfum-100-ml-para-hom-22826641/,383889.0,341661.21,1,True
FRA-ds-laboratories-revita-shampoo-champu-pa,Fravega,OTRAS,Belleza y Cuidado Personal,DS Laboratories Revita Shampoo - Champú para el,https://www.fravega.com/p/ds-laboratories-revita-shampoo-champu-para-el-22662562/,106164.0,100856.0,1,True
FRA-perfume-dolce--gabbana-the-one-eau-de-pa,Fravega,OTRAS,Belleza y Cuidado Personal,"Perfume Dolce & Gabbana The One Eau de Parfum para hombre, 1",https://www.fravega.com/p/perfume-dolce--gabbana-the-one-eau-de-parfum-para-hombre-1-22803145/,185993.0,172973.49,1,True
FRA-tangle-teezer-el-mejor-cepillo-desenreda,Fravega,OTRAS,Belleza y Cuidado Personal,"Tangle Teezer , El mejor cepillo desenredante para",https://www.fravega.com/p/tangle-teezer-el-mejor-cepillo-desenredante-para-22659249/,103215.0,98054.0,1,True
FRA-perfume-armaf-club-de-nuit-precieux-1-ex,Fravega,OTRAS,Belleza y Cuidado Personal,"Perfume Armaf Club De Nuit Precieux, 1 extracto de perfume,",https://www.fravega.com/p/perfume-armaf-club-de-nuit-precieux-1-extracto-de-perfume--22802957/,178599.0,166097.07,1,True
FRA-shampoo-pantene-restauracion-pro-v-solut,Fravega,OTRAS,Belleza y Cuidado Personal,Shampoo Pantene Restauración Pro-v Solutions 400 Ml 80701897,https://www.fravega.com/p/shampoo-pantene-restauracion-pro-v-solutions-400-ml-80701897-990243292/,7541.0,4455.99,1,True
FRA-perfume-liquid-brun-french-avenue-100ml-,Fravega,OTRAS,Belleza y Cuidado Personal,Perfume Liquid Brun French Avenue 100ml Edp Arabe,https://www.fravega.com/p/perfume-liquid-brun-french-avenue-100ml-edp-arabe-22599035/,137999.0,103499.0,1,True
FRA-removedor-de-tinte-para-cabello-color-oo,Fravega,OTRAS,Belleza y Cuidado Personal,Removedor de Tinte para Cabello Color Oops con Acondicionador Extra,https://www.fravega.com/p/removedor-de-tinte-para-cabello-color-oops-con-acondicionador-extra-22721279/,89147.0,57945.55,1,True
FRA-l-eau-d-issey-pour-homme-eau--cedre-edt-,Fravega,OTRAS,Belleza y Cuidado Personal,L'eau d'Issey pour Homme Eau & Cèdre EDT,https://www.fravega.com/p/l-eau-d-issey-pour-homme-eau--cedre-edt-990283321/,268000.0,241200.0,1,True
FRA-hair-styling-stick-plus-eau-point-repair,Fravega,OTRAS,Belleza y Cuidado Personal,"Hair Styling Stick plus eau Point Repair, 10 ml, antiadherente",https://www.fravega.com/p/hair-styling-stick-plus-eau-point-repair-10-ml-antiadherente-22849146/,109224.0,92840.4,1,True
FRA-perfume-al-haramain-amber-oud-gold-editi,Fravega,OTRAS,Belleza y Cuidado Personal,Perfume Al Haramain Amber Oud Gold Edition 100,https://www.fravega.com/p/perfume-al-haramain-amber-oud-gold-edition-100-22475032/,159619.0,148445.67,1,True
FRA-vichy-shampoo-dercos-energizante-anticai,Fravega,OTRAS,Belleza y Cuidado Personal,Vichy Shampoo Dercos Energizante Anticaida Estimulante 400ml,https://www.fravega.com/p/vichy-shampoo-dercos-energizante-anticaida-estimulante-400ml-990221687/,90249.0,74585.95,1,True
FRA-perfume-hermes-terre-d-hermes-intense-ed,Fravega,OTRAS,Belleza y Cuidado Personal,Perfume Hermès Terre D'Hermès Intense EDP 100 ml para hombre,https://www.fravega.com/p/perfume-hermes-terre-d-hermes-intense-edp-100-ml-para-hombre-22656309/,264909.0,233119.92,1,True
FRA-fidelite-caviar-protector-termico-capila,Fravega,OTRAS,Belleza y Cuidado Personal,Fidelite Caviar Protector Termico Capilar Anti Age 120 Ml,https://www.fravega.com/p/fidelite-caviar-protector-termico-capilar-anti-age-120-ml-21229672/,19650.0,16240.0,1,True
FRA-perfume-remy-latour-cigar-eau-de-toilett,Fravega,OTRAS,Belleza y Cuidado Personal,"Perfume Remy Latour Cigar Eau De Toilette, 100 ml, para hombre",https://www.fravega.com/p/perfume-remy-latour-cigar-eau-de-toilette-100-ml-para-hombre-22657778/,96769.0,94833.62,1,True
FRA-aceite-de-batana-crudo-para-el-crecimien,Fravega,OTRAS,Belleza y Cuidado Personal,Aceite de batana crudo para el crecimiento del,https://www.fravega.com/p/aceite-de-batana-crudo-para-el-crecimiento-del-22645845/,79623.0,75642.0,1,True
FRA-secador-de-pelo-ga-ma-mistral-ceramic-io,Fravega,OTRAS,Belleza y Cuidado Personal,Secador de Pelo GA.MA Mistral Ceramic Ion,https://www.fravega.com/p/secador-de-pelo-ga-ma-mistral-ceramic-ion-13349/,74999.0,51999.0,1,True
FRA-planchita-de-pelo-admiral-ad-pl001-ceram,Fravega,OTRAS,Belleza y Cuidado Personal,Planchita de Pelo Admiral AD-PL001 Ceramic 230,https://www.fravega.com/p/planchita-de-pelo-admiral-ad-pl001-ceramic-230-14214/,39999.0,19999.0,1,True
FRA-depiladora-ipl-philips-lumea-prestige-br,Fravega,PHILIPS,Belleza y Cuidado Personal,Depiladora IPL Philips Lumea Prestige BRI947/30,https://www.fravega.com/p/depiladora-ipl-philips-lumea-prestige-bri947-30-13275/,959999.0,659999.0,1,True
FRA-secador-de-pelo-con-difusor-winco-w4192-,Fravega,OTRAS,Belleza y Cuidado Personal,Secador de Pelo con Difusor Winco W4192 2000 Watts,https://www.fravega.com/p/secador-de-pelo-con-difusor-winco-w4192-2000-watts-14326/,59999.0,32999.0,1,True
FRA-planchita-alisado-babyliss-pelo-seco-450,Fravega,OTRAS,Belleza y Cuidado Personal,Planchita Alisado Babyliss Pelo Seco 450f + Funda 9559,https://www.fravega.com/p/planchita-alisado-babyliss-pelo-seco-450f-funda-9559-990288320/,199999.0,169999.0,1,True
FRA-depiladora-ipl-philips-lumea-lumea-advan,Fravega,PHILIPS,Belleza y Cuidado Personal,Depiladora IPL Philips Lumea Lumea Advanced BRI920/30 + Recortador,https://www.fravega.com/p/depiladora-ipl-philips-lumea-lumea-advanced-bri920-30-recortador-13149/,699999.0,439999.0,1,True
FRA-secador-de-pelo-profesional-remington-si,Fravega,REMINGTON,Belleza y Cuidado Personal,Secador de Pelo Profesional Remington Silk AC9096 2400W,https://www.fravega.com/p/secador-de-pelo-profesional-remington-silk-ac9096-2400w-11933/,104999.0,84799.0,1,True
FRA-planchita-de-pelo-ga-ma-elegance-bella-t,Fravega,OTRAS,Belleza y Cuidado Personal,Planchita de Pelo GA.MA Elegance Bella Tourmaline ION 230°C,https://www.fravega.com/p/planchita-de-pelo-ga-ma-elegance-bella-tourmaline-ion-230-c-13040/,69999.0,54999.0,1,True
FRA-depiladora-philips-bre712-00-13213,Fravega,PHILIPS,Belleza y Cuidado Personal,Depiladora Philips BRE712-00,https://www.fravega.com/p/depiladora-philips-bre712-00-13213/,153999.0,139999.0,1,True
FRA-secador-remington-d3015-power-volumen-20,Fravega,REMINGTON,Belleza y Cuidado Personal,Secador Remington D3015 Power Volumen 2000,https://www.fravega.com/p/secador-remington-d3015-power-volumen-2000-12426/,62999.0,49999.0,1,True
FRA-planchita-de-pelo-allure-pl1010ap-titani,Fravega,OTRAS,Belleza y Cuidado Personal,Planchita de Pelo Allure PL1010AP Titanium Ion,https://www.fravega.com/p/planchita-de-pelo-allure-pl1010ap-titanium-ion-13892/,34999.0,22999.0,1,True
FRA-depiladora-facial-con-luz-recargable-usb,Fravega,OTRAS,Belleza y Cuidado Personal,Depiladora Facial Con Luz Recargable Usb Vellos Finos RJ3740 Blanco,https://www.fravega.com/p/depiladora-facial-con-luz-recargable-usb-vellos-finos-rj3740-blanco-22709024/,12829.69,8980.78,1,True
FRA-difusor-de-aire-para-rulos-bellissima-di,Fravega,OTRAS,Belleza y Cuidado Personal,Difusor de Aire para Rulos Bellissima Diffon Ion Ceramic,https://www.fravega.com/p/difusor-de-aire-para-rulos-bellissima-diffon-ion-ceramic-14584/,109999.0,84999.0,1,True
FRA-planchita-de-pelo-remington-gloss-s9350-,Fravega,REMINGTON,Belleza y Cuidado Personal,Planchita de Pelo Remington Gloss S9350 Tecnología Antiestática,https://www.fravega.com/p/planchita-de-pelo-remington-gloss-s9350-tecnologia-antiestatica-14501/,84999.0,59999.0,1,True
FRA-depiladora-definitiva-laser-flyz-gadnic-,Fravega,OTRAS,Belleza y Cuidado Personal,Depiladora Definitiva Laser Flyz Gadnic Portátil 5 Modos,https://www.fravega.com/p/depiladora-definitiva-laser-flyz-gadnic-portatil-5-modos-990073378/,101334.0,77949.0,1,True
FRA-secador-de-pelo-ga-ma-diamond-ceramic-12,Fravega,OTRAS,Belleza y Cuidado Personal,Secador de Pelo GA.MA Diamond Ceramic,https://www.fravega.com/p/secador-de-pelo-ga-ma-diamond-ceramic-12982/,99999.0,74999.0,1,True
FRA-planchita-de-pelo-admiral-ad-pl002-tourm,Fravega,OTRAS,Belleza y Cuidado Personal,Planchita de Pelo Admiral AD-PL002 Tourmaline 230,https://www.fravega.com/p/planchita-de-pelo-admiral-ad-pl002-tourmaline-230-14215/,59999.0,33999.0,1,True
FRA-depiladora-cejas-lapiz-electrico-portati,Fravega,OTRAS,Belleza y Cuidado Personal,Depiladora Cejas Lápiz Eléctrico Portátil Recargable Usb Luz,https://www.fravega.com/p/depiladora-cejas-lapiz-electrico-portatil-recargable-usb-luz-22649103/,35309.0,30619.0,1,True
FRA-secador-de-pelo-gama-professional-ultra-,Fravega,GAMA,Belleza y Cuidado Personal,Secador de Pelo Gama Professional Ultra AC 2200W,https://www.fravega.com/p/secador-de-pelo-gama-professional-ultra-ac-2200w-14437/,99999.0,74999.0,1,True
FRA-planchita-de-pelo-revlon-rvst2182red-anc,Fravega,OTRAS,Belleza y Cuidado Personal,Planchita de Pelo Revlon RVST2182RED Ancha,https://www.fravega.com/p/planchita-de-pelo-revlon-rvst2182red-ancha-10407/,69999.0,49999.0,1,True
FRA-afeitadora-philips-s1881-00-serie-1000-u,Fravega,PHILIPS,Belleza y Cuidado Personal,Afeitadora Philips S1881/00 Serie 1000 uso en Húmedo y Seco,https://www.fravega.com/p/afeitadora-philips-s1881-00-serie-1000-uso-humedo-y-seco-30625/,81999.0,65599.0,1,True
FRA-afeitadora-electrica-inalambrica-philco-,Fravega,PHILCO,Belleza y Cuidado Personal,Afeitadora Eléctrica Inalámbrica Philco AE5105,https://www.fravega.com/p/afeitadora-electrica-inalambrica-philco-ae5105-30464/,54999.0,34999.0,1,True
FRA-repuesto-cuchillas-x2-para-cortabarba-ph,Fravega,PHILIPS,Belleza y Cuidado Personal,Repuesto Cuchillas x2 para Cortabarba Philips OneBlade,https://www.fravega.com/p/repuesto-cuchillas-x2-para-cortabarba-philips-oneblade-30460/,31499.0,29999.0,1,True
FRA-afeitadora-philips-s5898-17-30315,Fravega,PHILIPS,Belleza y Cuidado Personal,Afeitadora Philips S5898/17,https://www.fravega.com/p/afeitadora-philips-s5898-17-30315/,194999.0,149999.0,1,True
FRA-afeitadora-philips-serie-5000-x5012-05-3,Fravega,PHILIPS,Belleza y Cuidado Personal,Afeitadora Philips Serie 5000 X5012/05,https://www.fravega.com/p/afeitadora-philips-serie-5000-x5012-05-30374/,139999.0,103999.0,1,True
FRA-afeitadora-philips-serie-3000-s3882-00-w,Fravega,PHILIPS,Belleza y Cuidado Personal,Afeitadora Philips Serie 3000 S3882/00 Wet & Dry,https://www.fravega.com/p/afeitadora-philips-serie-3000-s3882-00-wet--dry-30616/,143999.0,89999.0,1,True
FRA-recortadora-de-pelo-para-nariz-y-oreja-p,Fravega,PHILIPS,Belleza y Cuidado Personal,Recortadora de Pelo para Nariz y Oreja Philips NT1620/15,https://www.fravega.com/p/recortadora-de-pelo-para-nariz-y-oreja-philips-nt1620-15-30269/,24999.0,22999.0,1,True
FRA-recortadora-afeitar-cejas-barba-vk-4803-,Fravega,OTRAS,Belleza y Cuidado Personal,Recortadora Afeitar Cejas Barba Vk-4803 Ultracomb  3 en 1,https://www.fravega.com/p/recortadora-afeitar-cejas-barba-vk-4803-ultracomb-3-1-990275803/,19379.83,10820.9,1,True
FRA-afeitadora-corporal-bacan-by-mantra-razo,Fravega,OTRAS,Belleza y Cuidado Personal,Afeitadora Corporal Bacan by Mantra Razor Body Black,https://www.fravega.com/p/afeitadora-corporal-bacan-by-mantra-razor-body-black-20076122/,119990.0,95992.0,1,True
FRA-afeitadora-de-cabeza-remington-balder-pr,Fravega,REMINGTON,Belleza y Cuidado Personal,Afeitadora de cabeza Remington Balder PRO XR7001,https://www.fravega.com/p/afeitadora-de-cabeza-remington-balder-pro-xr7001-30353/,149999.0,109999.0,1,True
FRA-trimmer-nariz-oido-remington-ne3200-seco,Fravega,REMINGTON,Belleza y Cuidado Personal,Trimmer Nariz Oido Remington Ne3200 En Seco O Humedo A Pila,https://www.fravega.com/p/trimmer-nariz-oido-remington-ne3200-seco-o-humedo-a-pila-990017664/,25489.0,23066.97,1,True
FRA-trimmer-philco-body-shaver-sport-infinit,Fravega,PHILCO,Belleza y Cuidado Personal,Trimmer Philco Body Shaver Sport Infinity Blade CB7045SE,https://www.fravega.com/p/trimmer-philco-body-shaver-sport-infinity-blade-cb7045se-990288782/,43999.0,24999.0,1,True
FRA-afeitadora-philco-ae5205pp-lithium-plus-,Fravega,PHILCO,Belleza y Cuidado Personal,Afeitadora Philco Ae5205pp Lithium Plus Wet & Dry 360°,https://www.fravega.com/p/afeitadora-philco-ae5205pp-lithium-plus-wet--dry-360-20291686/,65999.0,59999.0,1,True
FRA-afeitadora-gama-g-blade-usb-wetdry-21232,Fravega,GAMA,Belleza y Cuidado Personal,Afeitadora Gama G-blade Usb Wet&dry,https://www.fravega.com/p/afeitadora-gama-g-blade-usb-wetdry-21232992/,43679.0,33000.0,1,True
FRA-locion-para-despues-del-afeitado-gillett,Fravega,OTRAS,Belleza y Cuidado Personal,"Loción para después del afeitado Gillette Series Cool Wave, 100 ml, para hombre",https://www.fravega.com/p/locion-para-despues-del-afeitado-gillette-series-cool-wave-100-ml-para-hombre-22769884/,68629.0,57648.36,1,True
FRA-peluqueria-y-recortadora-philips-norelco,Fravega,PHILIPS,Belleza y Cuidado Personal,Peluquería y recortadora Philips Norelco OneBlade QP1924/70,https://www.fravega.com/p/peluqueria-y-recortadora-philips-norelco-oneblade-qp1924-70-22826670/,162227.0,131403.87,1,True
FRA-maquina-multi-afeitadora-gadnic-rzr-9k-d,Fravega,OTRAS,Belleza y Cuidado Personal,Máquina Multi Afeitadora Gadnic RZR 9K Display Digital,https://www.fravega.com/p/maquina-multi-afeitadora-gadnic-rzr-9k-display-digital-990165202/,64502.99,49618.0,1,True
FRA-afeitadora-wet--dry-cuchillas-autoafilab,Fravega,XIAOMI,Belleza y Cuidado Personal,Afeitadora Wet & Dry Cuchillas Autoafilable Enchen By Xiaomi,https://www.fravega.com/p/afeitadora-wet--dry-cuchillas-autoafilable-enchen-by-xiaomi-990245047/,48289.0,27990.0,1,True
FRA-afeitadora-inalam-wet--dry-cabezal-magne,Fravega,XIAOMI,Belleza y Cuidado Personal,Afeitadora Inalám Wet & Dry Cabezal Magnét. Enchen By Xiaomi,https://www.fravega.com/p/afeitadora-inalam-wet--dry-cabezal-magnet-enchen-by-xiaomi-990245052/,48289.0,27990.0,1,True
FRA-afeitadora-y-recortadora-ultracomb-led-6,Fravega,OTRAS,Belleza y Cuidado Personal,Afeitadora Y Recortadora Ultracomb Led 6 Cabezales Bk4918,https://www.fravega.com/p/afeitadora-y-recortadora-ultracomb-led-6-cabezales-bk4918-990275801/,58309.83,32370.9,1,True
FRA-perfume-revlon-charlie-blue-edt-para-muj,Fravega,OTRAS,Belleza y Cuidado Personal,Perfume Revlon Charlie Blue EDT para mujer 100 ml/3.4 fl.oz,https://www.fravega.com/p/perfume-revlon-charlie-blue-edt-para-mujer-100-ml-3-4-fl-oz-22826743/,80123.0,74514.39,1,True
FRA-combo-alisado-luminoliss-250gr-shampoo-l,Fravega,OTRAS,Belleza y Cuidado Personal,Combo Alisado Luminoliss 250gr + Shampoo Luminoclean 300gr,https://www.fravega.com/p/combo-alisado-luminoliss-250gr-shampoo-luminoclean-300gr-22859950/,30890.0,25530.0,1,True
FRA-givenchy-organza-3-3-oz-eau-de-parfum-sp,Fravega,OTRAS,Belleza y Cuidado Personal,Givenchy ORGANZA 3.3 OZ EAU DE PARFUM SPRAY NUEVO,https://www.fravega.com/p/givenchy-organza-3-3-oz-eau-de-parfum-spray-nuevo-22711682/,241818.0,169273.0,1,True
FRA-combo-alisado-luminoliss-shampoo-luminoc,Fravega,OTRAS,Belleza y Cuidado Personal,Combo Alisado Luminoliss + Shampoo Luminoclean 1kg,https://www.fravega.com/p/combo-alisado-luminoliss-shampoo-luminoclean-1kg-22859970/,58890.0,48670.0,1,True
FRA-perfume-montale-arabians-tonka-eau-de-pa,Fravega,OTRAS,Belleza y Cuidado Personal,Perfume MONTALE Arabians Tonka Eau De Parfum 100 ml para hom,https://www.fravega.com/p/perfume-montale-arabians-tonka-eau-de-parfum-100-ml-para-hom-22826641/,383889.0,341661.21,1,True
FRA-ds-laboratories-revita-shampoo-champu-pa,Fravega,OTRAS,Belleza y Cuidado Personal,DS Laboratories Revita Shampoo - Champú para el,https://www.fravega.com/p/ds-laboratories-revita-shampoo-champu-para-el-22662562/,106164.0,100856.0,1,True
FRA-perfume-dolce--gabbana-the-one-eau-de-pa,Fravega,OTRAS,Belleza y Cuidado Personal,"Perfume Dolce & Gabbana The One Eau de Parfum para hombre, 1",https://www.fravega.com/p/perfume-dolce--gabbana-the-one-eau-de-parfum-para-hombre-1-22803145/,185993.0,172973.49,1,True
FRA-tangle-teezer-el-mejor-cepillo-desenreda,Fravega,OTRAS,Belleza y Cuidado Personal,"Tangle Teezer , El mejor cepillo desenredante para",https://www.fravega.com/p/tangle-teezer-el-mejor-cepillo-desenredante-para-22659249/,103215.0,98054.0,1,True
FRA-perfume-armaf-club-de-nuit-precieux-1-ex,Fravega,OTRAS,Belleza y Cuidado Personal,"Perfume Armaf Club De Nuit Precieux, 1 extracto de perfume,",https://www.fravega.com/p/perfume-armaf-club-de-nuit-precieux-1-extracto-de-perfume--22802957/,178599.0,166097.07,1,True
FRA-shampoo-pantene-restauracion-pro-v-solut,Fravega,OTRAS,Belleza y Cuidado Personal,Shampoo Pantene Restauración Pro-v Solutions 400 Ml 80701897,https://www.fravega.com/p/shampoo-pantene-restauracion-pro-v-solutions-400-ml-80701897-990243292/,7541.0,4455.99,1,True
FRA-perfume-liquid-brun-french-avenue-100ml-,Fravega,OTRAS,Belleza y Cuidado Personal,Perfume Liquid Brun French Avenue 100ml Edp Arabe,https://www.fravega.com/p/perfume-liquid-brun-french-avenue-100ml-edp-arabe-22599035/,137999.0,103499.0,1,True
FRA-removedor-de-tinte-para-cabello-color-oo,Fravega,OTRAS,Belleza y Cuidado Personal,Removedor de Tinte para Cabello Color Oops con Acondicionador Extra,https://www.fravega.com/p/removedor-de-tinte-para-cabello-color-oops-con-acondicionador-extra-22721279/,89147.0,57945.55,1,True
FRA-l-eau-d-issey-pour-homme-eau--cedre-edt-,Fravega,OTRAS,Belleza y Cuidado Personal,L'eau d'Issey pour Homme Eau & Cèdre EDT,https://www.fravega.com/p/l-eau-d-issey-pour-homme-eau--cedre-edt-990283321/,268000.0,241200.0,1,True
FRA-hair-styling-stick-plus-eau-point-repair,Fravega,OTRAS,Belleza y Cuidado Personal,"Hair Styling Stick plus eau Point Repair, 10 ml, antiadherente",https://www.fravega.com/p/hair-styling-stick-plus-eau-point-repair-10-ml-antiadherente-22849146/,109224.0,92840.4,1,True
FRA-perfume-al-haramain-amber-oud-gold-editi,Fravega,OTRAS,Belleza y Cuidado Personal,Perfume Al Haramain Amber Oud Gold Edition 100,https://www.fravega.com/p/perfume-al-haramain-amber-oud-gold-edition-100-22475032/,159619.0,148445.67,1,True
FRA-vichy-shampoo-dercos-energizante-anticai,Fravega,OTRAS,Belleza y Cuidado Personal,Vichy Shampoo Dercos Energizante Anticaida Estimulante 400ml,https://www.fravega.com/p/vichy-shampoo-dercos-energizante-anticaida-estimulante-400ml-990221687/,90249.0,74585.95,1,True
FRA-perfume-hermes-terre-d-hermes-intense-ed,Fravega,OTRAS,Belleza y Cuidado Personal,Perfume Hermès Terre D'Hermès Intense EDP 100 ml para hombre,https://www.fravega.com/p/perfume-hermes-terre-d-hermes-intense-edp-100-ml-para-hombre-22656309/,264909.0,233119.92,1,True
FRA-fidelite-caviar-protector-termico-capila,Fravega,OTRAS,Belleza y Cuidado Personal,Fidelite Caviar Protector Termico Capilar Anti Age 120 Ml,https://www.fravega.com/p/fidelite-caviar-protector-termico-capilar-anti-age-120-ml-21229672/,19650.0,16240.0,1,True
FRA-perfume-remy-latour-cigar-eau-de-toilett,Fravega,OTRAS,Belleza y Cuidado Personal,"Perfume Remy Latour Cigar Eau De Toilette, 100 ml, para hombre",https://www.fravega.com/p/perfume-remy-latour-cigar-eau-de-toilette-100-ml-para-hombre-22657778/,96769.0,94833.62,1,True
FRA-aceite-de-batana-crudo-para-el-crecimien,Fravega,OTRAS,Belleza y Cuidado Personal,Aceite de batana crudo para el crecimiento del,https://www.fravega.com/p/aceite-de-batana-crudo-para-el-crecimiento-del-22645845/,79623.0,75642.0,1,True
FRA-secador-de-pelo-ga-ma-mistral-ceramic-io,Fravega,OTRAS,Belleza y Cuidado Personal,Secador de Pelo GA.MA Mistral Ceramic Ion,https://www.fravega.com/p/secador-de-pelo-ga-ma-mistral-ceramic-ion-13349/,74999.0,51999.0,1,True
FRA-planchita-de-pelo-admiral-ad-pl001-ceram,Fravega,OTRAS,Belleza y Cuidado Personal,Planchita de Pelo Admiral AD-PL001 Ceramic 230,https://www.fravega.com/p/planchita-de-pelo-admiral-ad-pl001-ceramic-230-14214/,39999.0,19999.0,1,True
FRA-depiladora-ipl-philips-lumea-prestige-br,Fravega,PHILIPS,Belleza y Cuidado Personal,Depiladora IPL Philips Lumea Prestige BRI947/30,https://www.fravega.com/p/depiladora-ipl-philips-lumea-prestige-bri947-30-13275/,959999.0,659999.0,1,True
FRA-secador-de-pelo-con-difusor-winco-w4192-,Fravega,OTRAS,Belleza y Cuidado Personal,Secador de Pelo con Difusor Winco W4192 2000 Watts,https://www.fravega.com/p/secador-de-pelo-con-difusor-winco-w4192-2000-watts-14326/,59999.0,32999.0,1,True
FRA-planchita-alisado-babyliss-pelo-seco-450,Fravega,OTRAS,Belleza y Cuidado Personal,Planchita Alisado Babyliss Pelo Seco 450f + Funda 9559,https://www.fravega.com/p/planchita-alisado-babyliss-pelo-seco-450f-funda-9559-990288320/,199999.0,169999.0,1,True
FRA-depiladora-ipl-philips-lumea-lumea-advan,Fravega,PHILIPS,Belleza y Cuidado Personal,Depiladora IPL Philips Lumea Lumea Advanced BRI920/30 + Recortador,https://www.fravega.com/p/depiladora-ipl-philips-lumea-lumea-advanced-bri920-30-recortador-13149/,699999.0,439999.0,1,True
FRA-secador-de-pelo-profesional-remington-si,Fravega,REMINGTON,Belleza y Cuidado Personal,Secador de Pelo Profesional Remington Silk AC9096 2400W,https://www.fravega.com/p/secador-de-pelo-profesional-remington-silk-ac9096-2400w-11933/,104999.0,84799.0,1,True
FRA-planchita-de-pelo-ga-ma-elegance-bella-t,Fravega,OTRAS,Belleza y Cuidado Personal,Planchita de Pelo GA.MA Elegance Bella Tourmaline ION 230°C,https://www.fravega.com/p/planchita-de-pelo-ga-ma-elegance-bella-tourmaline-ion-230-c-13040/,69999.0,54999.0,1,True
FRA-depiladora-philips-bre712-00-13213,Fravega,PHILIPS,Belleza y Cuidado Personal,Depiladora Philips BRE712-00,https://www.fravega.com/p/depiladora-philips-bre712-00-13213/,153999.0,139999.0,1,True
FRA-secador-remington-d3015-power-volumen-20,Fravega,REMINGTON,Belleza y Cuidado Personal,Secador Remington D3015 Power Volumen 2000,https://www.fravega.com/p/secador-remington-d3015-power-volumen-2000-12426/,62999.0,49999.0,1,True
FRA-planchita-de-pelo-allure-pl1010ap-titani,Fravega,OTRAS,Belleza y Cuidado Personal,Planchita de Pelo Allure PL1010AP Titanium Ion,https://www.fravega.com/p/planchita-de-pelo-allure-pl1010ap-titanium-ion-13892/,34999.0,22999.0,1,True
FRA-depiladora-facial-con-luz-recargable-usb,Fravega,OTRAS,Belleza y Cuidado Personal,Depiladora Facial Con Luz Recargable Usb Vellos Finos RJ3740 Blanco,https://www.fravega.com/p/depiladora-facial-con-luz-recargable-usb-vellos-finos-rj3740-blanco-22709024/,12829.69,8980.78,1,True
FRA-difusor-de-aire-para-rulos-bellissima-di,Fravega,OTRAS,Belleza y Cuidado Personal,Difusor de Aire para Rulos Bellissima Diffon Ion Ceramic,https://www.fravega.com/p/difusor-de-aire-para-rulos-bellissima-diffon-ion-ceramic-14584/,109999.0,84999.0,1,True
FRA-planchita-de-pelo-remington-gloss-s9350-,Fravega,REMINGTON,Belleza y Cuidado Personal,Planchita de Pelo Remington Gloss S9350 Tecnología Antiestática,https://www.fravega.com/p/planchita-de-pelo-remington-gloss-s9350-tecnologia-antiestatica-14501/,84999.0,59999.0,1,True
FRA-depiladora-definitiva-laser-flyz-gadnic-,Fravega,OTRAS,Belleza y Cuidado Personal,Depiladora Definitiva Laser Flyz Gadnic Portátil 5 Modos,https://www.fravega.com/p/depiladora-definitiva-laser-flyz-gadnic-portatil-5-modos-990073378/,101334.0,77949.0,1,True
FRA-secador-de-pelo-ga-ma-diamond-ceramic-12,Fravega,OTRAS,Belleza y Cuidado Personal,Secador de Pelo GA.MA Diamond Ceramic,https://www.fravega.com/p/secador-de-pelo-ga-ma-diamond-ceramic-12982/,99999.0,74999.0,1,True
FRA-planchita-de-pelo-admiral-ad-pl002-tourm,Fravega,OTRAS,Belleza y Cuidado Personal,Planchita de Pelo Admiral AD-PL002 Tourmaline 230,https://www.fravega.com/p/planchita-de-pelo-admiral-ad-pl002-tourmaline-230-14215/,59999.0,33999.0,1,True
FRA-depiladora-cejas-lapiz-electrico-portati,Fravega,OTRAS,Belleza y Cuidado Personal,Depiladora Cejas Lápiz Eléctrico Portátil Recargable Usb Luz,https://www.fravega.com/p/depiladora-cejas-lapiz-electrico-portatil-recargable-usb-luz-22649103/,35309.0,30619.0,1,True
FRA-secador-de-pelo-gama-professional-ultra-,Fravega,GAMA,Belleza y Cuidado Personal,Secador de Pelo Gama Professional Ultra AC 2200W,https://www.fravega.com/p/secador-de-pelo-gama-professional-ultra-ac-2200w-14437/,99999.0,74999.0,1,True
FRA-planchita-de-pelo-revlon-rvst2182red-anc,Fravega,OTRAS,Belleza y Cuidado Personal,Planchita de Pelo Revlon RVST2182RED Ancha,https://www.fravega.com/p/planchita-de-pelo-revlon-rvst2182red-ancha-10407/,69999.0,49999.0,1,True
FRA-afeitadora-philips-s1881-00-serie-1000-u,Fravega,PHILIPS,Belleza y Cuidado Personal,Afeitadora Philips S1881/00 Serie 1000 uso en Húmedo y Seco,https://www.fravega.com/p/afeitadora-philips-s1881-00-serie-1000-uso-humedo-y-seco-30625/,81999.0,65599.0,1,True
FRA-afeitadora-electrica-inalambrica-philco-,Fravega,PHILCO,Belleza y Cuidado Personal,Afeitadora Eléctrica Inalámbrica Philco AE5105,https://www.fravega.com/p/afeitadora-electrica-inalambrica-philco-ae5105-30464/,54999.0,34999.0,1,True
FRA-repuesto-cuchillas-x2-para-cortabarba-ph,Fravega,PHILIPS,Belleza y Cuidado Personal,Repuesto Cuchillas x2 para Cortabarba Philips OneBlade,https://www.fravega.com/p/repuesto-cuchillas-x2-para-cortabarba-philips-oneblade-30460/,31499.0,29999.0,1,True
FRA-afeitadora-philips-s5898-17-30315,Fravega,PHILIPS,Belleza y Cuidado Personal,Afeitadora Philips S5898/17,https://www.fravega.com/p/afeitadora-philips-s5898-17-30315/,194999.0,149999.0,1,True
FRA-afeitadora-philips-serie-5000-x5012-05-3,Fravega,PHILIPS,Belleza y Cuidado Personal,Afeitadora Philips Serie 5000 X5012/05,https://www.fravega.com/p/afeitadora-philips-serie-5000-x5012-05-30374/,139999.0,103999.0,1,True
FRA-afeitadora-philips-serie-3000-s3882-00-w,Fravega,PHILIPS,Belleza y Cuidado Personal,Afeitadora Philips Serie 3000 S3882/00 Wet & Dry,https://www.fravega.com/p/afeitadora-philips-serie-3000-s3882-00-wet--dry-30616/,143999.0,89999.0,1,True
FRA-recortadora-de-pelo-para-nariz-y-oreja-p,Fravega,PHILIPS,Belleza y Cuidado Personal,Recortadora de Pelo para Nariz y Oreja Philips NT1620/15,https://www.fravega.com/p/recortadora-de-pelo-para-nariz-y-oreja-philips-nt1620-15-30269/,24999.0,22999.0,1,True
FRA-recortadora-afeitar-cejas-barba-vk-4803-,Fravega,OTRAS,Belleza y Cuidado Personal,Recortadora Afeitar Cejas Barba Vk-4803 Ultracomb  3 en 1,https://www.fravega.com/p/recortadora-afeitar-cejas-barba-vk-4803-ultracomb-3-1-990275803/,19379.83,10820.9,1,True
FRA-afeitadora-corporal-bacan-by-mantra-razo,Fravega,OTRAS,Belleza y Cuidado Personal,Afeitadora Corporal Bacan by Mantra Razor Body Black,https://www.fravega.com/p/afeitadora-corporal-bacan-by-mantra-razor-body-black-20076122/,119990.0,95992.0,1,True
FRA-afeitadora-de-cabeza-remington-balder-pr,Fravega,REMINGTON,Belleza y Cuidado Personal,Afeitadora de cabeza Remington Balder PRO XR7001,https://www.fravega.com/p/afeitadora-de-cabeza-remington-balder-pro-xr7001-30353/,149999.0,109999.0,1,True
FRA-trimmer-nariz-oido-remington-ne3200-seco,Fravega,REMINGTON,Belleza y Cuidado Personal,Trimmer Nariz Oido Remington Ne3200 En Seco O Humedo A Pila,https://www.fravega.com/p/trimmer-nariz-oido-remington-ne3200-seco-o-humedo-a-pila-990017664/,25489.0,23066.97,1,True
FRA-trimmer-philco-body-shaver-sport-infinit,Fravega,PHILCO,Belleza y Cuidado Personal,Trimmer Philco Body Shaver Sport Infinity Blade CB7045SE,https://www.fravega.com/p/trimmer-philco-body-shaver-sport-infinity-blade-cb7045se-990288782/,43999.0,24999.0,1,True
FRA-afeitadora-philco-ae5205pp-lithium-plus-,Fravega,PHILCO,Belleza y Cuidado Personal,Afeitadora Philco Ae5205pp Lithium Plus Wet & Dry 360°,https://www.fravega.com/p/afeitadora-philco-ae5205pp-lithium-plus-wet--dry-360-20291686/,65999.0,59999.0,1,True
FRA-afeitadora-gama-g-blade-usb-wetdry-21232,Fravega,GAMA,Belleza y Cuidado Personal,Afeitadora Gama G-blade Usb Wet&dry,https://www.fravega.com/p/afeitadora-gama-g-blade-usb-wetdry-21232992/,43679.0,33000.0,1,True
FRA-locion-para-despues-del-afeitado-gillett,Fravega,OTRAS,Belleza y Cuidado Personal,"Loción para después del afeitado Gillette Series Cool Wave, 100 ml, para hombre",https://www.fravega.com/p/locion-para-despues-del-afeitado-gillette-series-cool-wave-100-ml-para-hombre-22769884/,68629.0,57648.36,1,True
FRA-peluqueria-y-recortadora-philips-norelco,Fravega,PHILIPS,Belleza y Cuidado Personal,Peluquería y recortadora Philips Norelco OneBlade QP1924/70,https://www.fravega.com/p/peluqueria-y-recortadora-philips-norelco-oneblade-qp1924-70-22826670/,162227.0,131403.87,1,True
FRA-maquina-multi-afeitadora-gadnic-rzr-9k-d,Fravega,OTRAS,Belleza y Cuidado Personal,Máquina Multi Afeitadora Gadnic RZR 9K Display Digital,https://www.fravega.com/p/maquina-multi-afeitadora-gadnic-rzr-9k-display-digital-990165202/,64502.99,49618.0,1,True
FRA-afeitadora-wet--dry-cuchillas-autoafilab,Fravega,XIAOMI,Belleza y Cuidado Personal,Afeitadora Wet & Dry Cuchillas Autoafilable Enchen By Xiaomi,https://www.fravega.com/p/afeitadora-wet--dry-cuchillas-autoafilable-enchen-by-xiaomi-990245047/,48289.0,27990.0,1,True
FRA-afeitadora-inalam-wet--dry-cabezal-magne,Fravega,XIAOMI,Belleza y Cuidado Personal,Afeitadora Inalám Wet & Dry Cabezal Magnét. Enchen By Xiaomi,https://www.fravega.com/p/afeitadora-inalam-wet--dry-cabezal-magnet-enchen-by-xiaomi-990245052/,48289.0,27990.0,1,True
FRA-afeitadora-y-recortadora-ultracomb-led-6,Fravega,OTRAS,Belleza y Cuidado Personal,Afeitadora Y Recortadora Ultracomb Led 6 Cabezales Bk4918,https://www.fravega.com/p/afeitadora-y-recortadora-ultracomb-led-6-cabezales-bk4918-990275801/,58309.83,32370.9,1,True
FRA-perfume-revlon-charlie-blue-edt-para-muj,Fravega,OTRAS,Belleza y Cuidado Personal,Perfume Revlon Charlie Blue EDT para mujer 100 ml/3.4 fl.oz,https://www.fravega.com/p/perfume-revlon-charlie-blue-edt-para-mujer-100-ml-3-4-fl-oz-22826743/,80123.0,74514.39,1,True
FRA-combo-alisado-luminoliss-250gr-shampoo-l,Fravega,OTRAS,Belleza y Cuidado Personal,Combo Alisado Luminoliss 250gr + Shampoo Luminoclean 300gr,https://www.fravega.com/p/combo-alisado-luminoliss-250gr-shampoo-luminoclean-300gr-22859950/,30890.0,25530.0,1,True
FRA-givenchy-organza-3-3-oz-eau-de-parfum-sp,Fravega,OTRAS,Belleza y Cuidado Personal,Givenchy ORGANZA 3.3 OZ EAU DE PARFUM SPRAY NUEVO,https://www.fravega.com/p/givenchy-organza-3-3-oz-eau-de-parfum-spray-nuevo-22711682/,241818.0,169273.0,1,True
FRA-combo-alisado-luminoliss-shampoo-luminoc,Fravega,OTRAS,Belleza y Cuidado Personal,Combo Alisado Luminoliss + Shampoo Luminoclean 1kg,https://www.fravega.com/p/combo-alisado-luminoliss-shampoo-luminoclean-1kg-22859970/,58890.0,48670.0,1,True
FRA-perfume-montale-arabians-tonka-eau-de-pa,Fravega,OTRAS,Belleza y Cuidado Personal,Perfume MONTALE Arabians Tonka Eau De Parfum 100 ml para hom,https://www.fravega.com/p/perfume-montale-arabians-tonka-eau-de-parfum-100-ml-para-hom-22826641/,383889.0,341661.21,1,True
FRA-ds-laboratories-revita-shampoo-champu-pa,Fravega,OTRAS,Belleza y Cuidado Personal,DS Laboratories Revita Shampoo - Champú para el,https://www.fravega.com/p/ds-laboratories-revita-shampoo-champu-para-el-22662562/,106164.0,100856.0,1,True
FRA-perfume-dolce--gabbana-the-one-eau-de-pa,Fravega,OTRAS,Belleza y Cuidado Personal,"Perfume Dolce & Gabbana The One Eau de Parfum para hombre, 1",https://www.fravega.com/p/perfume-dolce--gabbana-the-one-eau-de-parfum-para-hombre-1-22803145/,185993.0,172973.49,1,True
FRA-tangle-teezer-el-mejor-cepillo-desenreda,Fravega,OTRAS,Belleza y Cuidado Personal,"Tangle Teezer , El mejor cepillo desenredante para",https://www.fravega.com/p/tangle-teezer-el-mejor-cepillo-desenredante-para-22659249/,103215.0,98054.0,1,True
FRA-perfume-armaf-club-de-nuit-precieux-1-ex,Fravega,OTRAS,Belleza y Cuidado Personal,"Perfume Armaf Club De Nuit Precieux, 1 extracto de perfume,",https://www.fravega.com/p/perfume-armaf-club-de-nuit-precieux-1-extracto-de-perfume--22802957/,178599.0,166097.07,1,True
FRA-shampoo-pantene-restauracion-pro-v-solut,Fravega,OTRAS,Belleza y Cuidado Personal,Shampoo Pantene Restauración Pro-v Solutions 400 Ml 80701897,https://www.fravega.com/p/shampoo-pantene-restauracion-pro-v-solutions-400-ml-80701897-990243292/,7541.0,4455.99,1,True
FRA-perfume-liquid-brun-french-avenue-100ml-,Fravega,OTRAS,Belleza y Cuidado Personal,Perfume Liquid Brun French Avenue 100ml Edp Arabe,https://www.fravega.com/p/perfume-liquid-brun-french-avenue-100ml-edp-arabe-22599035/,137999.0,103499.0,1,True
FRA-removedor-de-tinte-para-cabello-color-oo,Fravega,OTRAS,Belleza y Cuidado Personal,Removedor de Tinte para Cabello Color Oops con Acondicionador Extra,https://www.fravega.com/p/removedor-de-tinte-para-cabello-color-oops-con-acondicionador-extra-22721279/,89147.0,57945.55,1,True
FRA-l-eau-d-issey-pour-homme-eau--cedre-edt-,Fravega,OTRAS,Belleza y Cuidado Personal,L'eau d'Issey pour Homme Eau & Cèdre EDT,https://www.fravega.com/p/l-eau-d-issey-pour-homme-eau--cedre-edt-990283321/,268000.0,241200.0,1,True
FRA-hair-styling-stick-plus-eau-point-repair,Fravega,OTRAS,Belleza y Cuidado Personal,"Hair Styling Stick plus eau Point Repair, 10 ml, antiadherente",https://www.fravega.com/p/hair-styling-stick-plus-eau-point-repair-10-ml-antiadherente-22849146/,109224.0,92840.4,1,True
FRA-perfume-al-haramain-amber-oud-gold-editi,Fravega,OTRAS,Belleza y Cuidado Personal,Perfume Al Haramain Amber Oud Gold Edition 100,https://www.fravega.com/p/perfume-al-haramain-amber-oud-gold-edition-100-22475032/,159619.0,148445.67,1,True
FRA-vichy-shampoo-dercos-energizante-anticai,Fravega,OTRAS,Belleza y Cuidado Personal,Vichy Shampoo Dercos Energizante Anticaida Estimulante 400ml,https://www.fravega.com/p/vichy-shampoo-dercos-energizante-anticaida-estimulante-400ml-990221687/,90249.0,74585.95,1,True
FRA-perfume-hermes-terre-d-hermes-intense-ed,Fravega,OTRAS,Belleza y Cuidado Personal,Perfume Hermès Terre D'Hermès Intense EDP 100 ml para hombre,https://www.fravega.com/p/perfume-hermes-terre-d-hermes-intense-edp-100-ml-para-hombre-22656309/,264909.0,233119.92,1,True
FRA-fidelite-caviar-protector-termico-capila,Fravega,OTRAS,Belleza y Cuidado Personal,Fidelite Caviar Protector Termico Capilar Anti Age 120 Ml,https://www.fravega.com/p/fidelite-caviar-protector-termico-capilar-anti-age-120-ml-21229672/,19650.0,16240.0,1,True
FRA-perfume-remy-latour-cigar-eau-de-toilett,Fravega,OTRAS,Belleza y Cuidado Personal,"Perfume Remy Latour Cigar Eau De Toilette, 100 ml, para hombre",https://www.fravega.com/p/perfume-remy-latour-cigar-eau-de-toilette-100-ml-para-hombre-22657778/,96769.0,94833.62,1,True
FRA-aceite-de-batana-crudo-para-el-crecimien,Fravega,OTRAS,Belleza y Cuidado Personal,Aceite de batana crudo para el crecimiento del,https://www.fravega.com/p/aceite-de-batana-crudo-para-el-crecimiento-del-22645845/,79623.0,75642.0,1,True
FRA-secador-de-pelo-ga-ma-mistral-ceramic-io,Fravega,OTRAS,Belleza y Cuidado Personal,Secador de Pelo GA.MA Mistral Ceramic Ion,https://www.fravega.com/p/secador-de-pelo-ga-ma-mistral-ceramic-ion-13349/,74999.0,51999.0,1,True
FRA-planchita-de-pelo-admiral-ad-pl001-ceram,Fravega,OTRAS,Belleza y Cuidado Personal,Planchita de Pelo Admiral AD-PL001 Ceramic 230,https://www.fravega.com/p/planchita-de-pelo-admiral-ad-pl001-ceramic-230-14214/,39999.0,19999.0,1,True
FRA-depiladora-ipl-philips-lumea-prestige-br,Fravega,PHILIPS,Belleza y Cuidado Personal,Depiladora IPL Philips Lumea Prestige BRI947/30,https://www.fravega.com/p/depiladora-ipl-philips-lumea-prestige-bri947-30-13275/,959999.0,659999.0,1,True
FRA-secador-de-pelo-con-difusor-winco-w4192-,Fravega,OTRAS,Belleza y Cuidado Personal,Secador de Pelo con Difusor Winco W4192 2000 Watts,https://www.fravega.com/p/secador-de-pelo-con-difusor-winco-w4192-2000-watts-14326/,59999.0,32999.0,1,True
FRA-planchita-alisado-babyliss-pelo-seco-450,Fravega,OTRAS,Belleza y Cuidado Personal,Planchita Alisado Babyliss Pelo Seco 450f + Funda 9559,https://www.fravega.com/p/planchita-alisado-babyliss-pelo-seco-450f-funda-9559-990288320/,199999.0,169999.0,1,True
FRA-depiladora-ipl-philips-lumea-lumea-advan,Fravega,PHILIPS,Belleza y Cuidado Personal,Depiladora IPL Philips Lumea Lumea Advanced BRI920/30 + Recortador,https://www.fravega.com/p/depiladora-ipl-philips-lumea-lumea-advanced-bri920-30-recortador-13149/,699999.0,439999.0,1,True
FRA-secador-de-pelo-profesional-remington-si,Fravega,REMINGTON,Belleza y Cuidado Personal,Secador de Pelo Profesional Remington Silk AC9096 2400W,https://www.fravega.com/p/secador-de-pelo-profesional-remington-silk-ac9096-2400w-11933/,104999.0,84799.0,1,True
FRA-planchita-de-pelo-ga-ma-elegance-bella-t,Fravega,OTRAS,Belleza y Cuidado Personal,Planchita de Pelo GA.MA Elegance Bella Tourmaline ION 230°C,https://www.fravega.com/p/planchita-de-pelo-ga-ma-elegance-bella-tourmaline-ion-230-c-13040/,69999.0,54999.0,1,True
FRA-depiladora-philips-bre712-00-13213,Fravega,PHILIPS,Belleza y Cuidado Personal,Depiladora Philips BRE712-00,https://www.fravega.com/p/depiladora-philips-bre712-00-13213/,153999.0,139999.0,1,True
FRA-secador-remington-d3015-power-volumen-20,Fravega,REMINGTON,Belleza y Cuidado Personal,Secador Remington D3015 Power Volumen 2000,https://www.fravega.com/p/secador-remington-d3015-power-volumen-2000-12426/,62999.0,49999.0,1,True
FRA-planchita-de-pelo-allure-pl1010ap-titani,Fravega,OTRAS,Belleza y Cuidado Personal,Planchita de Pelo Allure PL1010AP Titanium Ion,https://www.fravega.com/p/planchita-de-pelo-allure-pl1010ap-titanium-ion-13892/,34999.0,22999.0,1,True
FRA-depiladora-facial-con-luz-recargable-usb,Fravega,OTRAS,Belleza y Cuidado Personal,Depiladora Facial Con Luz Recargable Usb Vellos Finos RJ3740 Blanco,https://www.fravega.com/p/depiladora-facial-con-luz-recargable-usb-vellos-finos-rj3740-blanco-22709024/,12829.69,8980.78,1,True
FRA-difusor-de-aire-para-rulos-bellissima-di,Fravega,OTRAS,Belleza y Cuidado Personal,Difusor de Aire para Rulos Bellissima Diffon Ion Ceramic,https://www.fravega.com/p/difusor-de-aire-para-rulos-bellissima-diffon-ion-ceramic-14584/,109999.0,84999.0,1,True
FRA-planchita-de-pelo-remington-gloss-s9350-,Fravega,REMINGTON,Belleza y Cuidado Personal,Planchita de Pelo Remington Gloss S9350 Tecnología Antiestática,https://www.fravega.com/p/planchita-de-pelo-remington-gloss-s9350-tecnologia-antiestatica-14501/,84999.0,59999.0,1,True
FRA-depiladora-definitiva-laser-flyz-gadnic-,Fravega,OTRAS,Belleza y Cuidado Personal,Depiladora Definitiva Laser Flyz Gadnic Portátil 5 Modos,https://www.fravega.com/p/depiladora-definitiva-laser-flyz-gadnic-portatil-5-modos-990073378/,101334.0,77949.0,1,True
FRA-secador-de-pelo-ga-ma-diamond-ceramic-12,Fravega,OTRAS,Belleza y Cuidado Personal,Secador de Pelo GA.MA Diamond Ceramic,https://www.fravega.com/p/secador-de-pelo-ga-ma-diamond-ceramic-12982/,99999.0,74999.0,1,True
FRA-planchita-de-pelo-admiral-ad-pl002-tourm,Fravega,OTRAS,Belleza y Cuidado Personal,Planchita de Pelo Admiral AD-PL002 Tourmaline 230,https://www.fravega.com/p/planchita-de-pelo-admiral-ad-pl002-tourmaline-230-14215/,59999.0,33999.0,1,True
FRA-depiladora-cejas-lapiz-electrico-portati,Fravega,OTRAS,Belleza y Cuidado Personal,Depiladora Cejas Lápiz Eléctrico Portátil Recargable Usb Luz,https://www.fravega.com/p/depiladora-cejas-lapiz-electrico-portatil-recargable-usb-luz-22649103/,35309.0,30619.0,1,True
FRA-secador-de-pelo-gama-professional-ultra-,Fravega,GAMA,Belleza y Cuidado Personal,Secador de Pelo Gama Professional Ultra AC 2200W,https://www.fravega.com/p/secador-de-pelo-gama-professional-ultra-ac-2200w-14437/,99999.0,74999.0,1,True
FRA-planchita-de-pelo-revlon-rvst2182red-anc,Fravega,OTRAS,Belleza y Cuidado Personal,Planchita de Pelo Revlon RVST2182RED Ancha,https://www.fravega.com/p/planchita-de-pelo-revlon-rvst2182red-ancha-10407/,69999.0,49999.0,1,True
FRA-afeitadora-philips-s1881-00-serie-1000-u,Fravega,PHILIPS,Belleza y Cuidado Personal,Afeitadora Philips S1881/00 Serie 1000 uso en Húmedo y Seco,https://www.fravega.com/p/afeitadora-philips-s1881-00-serie-1000-uso-humedo-y-seco-30625/,81999.0,65599.0,1,True
FRA-afeitadora-electrica-inalambrica-philco-,Fravega,PHILCO,Belleza y Cuidado Personal,Afeitadora Eléctrica Inalámbrica Philco AE5105,https://www.fravega.com/p/afeitadora-electrica-inalambrica-philco-ae5105-30464/,54999.0,34999.0,1,True
FRA-repuesto-cuchillas-x2-para-cortabarba-ph,Fravega,PHILIPS,Belleza y Cuidado Personal,Repuesto Cuchillas x2 para Cortabarba Philips OneBlade,https://www.fravega.com/p/repuesto-cuchillas-x2-para-cortabarba-philips-oneblade-30460/,31499.0,29999.0,1,True
FRA-afeitadora-philips-s5898-17-30315,Fravega,PHILIPS,Belleza y Cuidado Personal,Afeitadora Philips S5898/17,https://www.fravega.com/p/afeitadora-philips-s5898-17-30315/,194999.0,149999.0,1,True
FRA-afeitadora-philips-serie-5000-x5012-05-3,Fravega,PHILIPS,Belleza y Cuidado Personal,Afeitadora Philips Serie 5000 X5012/05,https://www.fravega.com/p/afeitadora-philips-serie-5000-x5012-05-30374/,139999.0,103999.0,1,True
FRA-afeitadora-philips-serie-3000-s3882-00-w,Fravega,PHILIPS,Belleza y Cuidado Personal,Afeitadora Philips Serie 3000 S3882/00 Wet & Dry,https://www.fravega.com/p/afeitadora-philips-serie-3000-s3882-00-wet--dry-30616/,143999.0,89999.0,1,True
FRA-recortadora-de-pelo-para-nariz-y-oreja-p,Fravega,PHILIPS,Belleza y Cuidado Personal,Recortadora de Pelo para Nariz y Oreja Philips NT1620/15,https://www.fravega.com/p/recortadora-de-pelo-para-nariz-y-oreja-philips-nt1620-15-30269/,24999.0,22999.0,1,True
FRA-recortadora-afeitar-cejas-barba-vk-4803-,Fravega,OTRAS,Belleza y Cuidado Personal,Recortadora Afeitar Cejas Barba Vk-4803 Ultracomb  3 en 1,https://www.fravega.com/p/recortadora-afeitar-cejas-barba-vk-4803-ultracomb-3-1-990275803/,19379.83,10820.9,1,True
FRA-afeitadora-corporal-bacan-by-mantra-razo,Fravega,OTRAS,Belleza y Cuidado Personal,Afeitadora Corporal Bacan by Mantra Razor Body Black,https://www.fravega.com/p/afeitadora-corporal-bacan-by-mantra-razor-body-black-20076122/,119990.0,95992.0,1,True
FRA-afeitadora-de-cabeza-remington-balder-pr,Fravega,REMINGTON,Belleza y Cuidado Personal,Afeitadora de cabeza Remington Balder PRO XR7001,https://www.fravega.com/p/afeitadora-de-cabeza-remington-balder-pro-xr7001-30353/,149999.0,109999.0,1,True
FRA-trimmer-nariz-oido-remington-ne3200-seco,Fravega,REMINGTON,Belleza y Cuidado Personal,Trimmer Nariz Oido Remington Ne3200 En Seco O Humedo A Pila,https://www.fravega.com/p/trimmer-nariz-oido-remington-ne3200-seco-o-humedo-a-pila-990017664/,25489.0,23066.97,1,True
FRA-trimmer-philco-body-shaver-sport-infinit,Fravega,PHILCO,Belleza y Cuidado Personal,Trimmer Philco Body Shaver Sport Infinity Blade CB7045SE,https://www.fravega.com/p/trimmer-philco-body-shaver-sport-infinity-blade-cb7045se-990288782/,43999.0,24999.0,1,True
FRA-afeitadora-philco-ae5205pp-lithium-plus-,Fravega,PHILCO,Belleza y Cuidado Personal,Afeitadora Philco Ae5205pp Lithium Plus Wet & Dry 360°,https://www.fravega.com/p/afeitadora-philco-ae5205pp-lithium-plus-wet--dry-360-20291686/,65999.0,59999.0,1,True
FRA-afeitadora-gama-g-blade-usb-wetdry-21232,Fravega,GAMA,Belleza y Cuidado Personal,Afeitadora Gama G-blade Usb Wet&dry,https://www.fravega.com/p/afeitadora-gama-g-blade-usb-wetdry-21232992/,43679.0,33000.0,1,True
FRA-locion-para-despues-del-afeitado-gillett,Fravega,OTRAS,Belleza y Cuidado Personal,"Loción para después del afeitado Gillette Series Cool Wave, 100 ml, para hombre",https://www.fravega.com/p/locion-para-despues-del-afeitado-gillette-series-cool-wave-100-ml-para-hombre-22769884/,68629.0,57648.36,1,True
FRA-peluqueria-y-recortadora-philips-norelco,Fravega,PHILIPS,Belleza y Cuidado Personal,Peluquería y recortadora Philips Norelco OneBlade QP1924/70,https://www.fravega.com/p/peluqueria-y-recortadora-philips-norelco-oneblade-qp1924-70-22826670/,162227.0,131403.87,1,True
FRA-maquina-multi-afeitadora-gadnic-rzr-9k-d,Fravega,OTRAS,Belleza y Cuidado Personal,Máquina Multi Afeitadora Gadnic RZR 9K Display Digital,https://www.fravega.com/p/maquina-multi-afeitadora-gadnic-rzr-9k-display-digital-990165202/,64502.99,49618.0,1,True
FRA-afeitadora-wet--dry-cuchillas-autoafilab,Fravega,XIAOMI,Belleza y Cuidado Personal,Afeitadora Wet & Dry Cuchillas Autoafilable Enchen By Xiaomi,https://www.fravega.com/p/afeitadora-wet--dry-cuchillas-autoafilable-enchen-by-xiaomi-990245047/,48289.0,27990.0,1,True
FRA-afeitadora-inalam-wet--dry-cabezal-magne,Fravega,XIAOMI,Belleza y Cuidado Personal,Afeitadora Inalám Wet & Dry Cabezal Magnét. Enchen By Xiaomi,https://www.fravega.com/p/afeitadora-inalam-wet--dry-cabezal-magnet-enchen-by-xiaomi-990245052/,48289.0,27990.0,1,True
FRA-afeitadora-y-recortadora-ultracomb-led-6,Fravega,OTRAS,Belleza y Cuidado Personal,Afeitadora Y Recortadora Ultracomb Led 6 Cabezales Bk4918,https://www.fravega.com/p/afeitadora-y-recortadora-ultracomb-led-6-cabezales-bk4918-990275801/,58309.83,32370.9,1,True
FRA-perfume-revlon-charlie-blue-edt-para-muj,Fravega,OTRAS,Belleza y Cuidado Personal,Perfume Revlon Charlie Blue EDT para mujer 100 ml/3.4 fl.oz,https://www.fravega.com/p/perfume-revlon-charlie-blue-edt-para-mujer-100-ml-3-4-fl-oz-22826743/,80123.0,74514.39,1,True
FRA-combo-alisado-luminoliss-250gr-shampoo-l,Fravega,OTRAS,Belleza y Cuidado Personal,Combo Alisado Luminoliss 250gr + Shampoo Luminoclean 300gr,https://www.fravega.com/p/combo-alisado-luminoliss-250gr-shampoo-luminoclean-300gr-22859950/,30890.0,25530.0,1,True
FRA-givenchy-organza-3-3-oz-eau-de-parfum-sp,Fravega,OTRAS,Belleza y Cuidado Personal,Givenchy ORGANZA 3.3 OZ EAU DE PARFUM SPRAY NUEVO,https://www.fravega.com/p/givenchy-organza-3-3-oz-eau-de-parfum-spray-nuevo-22711682/,241818.0,169273.0,1,True
FRA-combo-alisado-luminoliss-shampoo-luminoc,Fravega,OTRAS,Belleza y Cuidado Personal,Combo Alisado Luminoliss + Shampoo Luminoclean 1kg,https://www.fravega.com/p/combo-alisado-luminoliss-shampoo-luminoclean-1kg-22859970/,58890.0,48670.0,1,True
FRA-perfume-montale-arabians-tonka-eau-de-pa,Fravega,OTRAS,Belleza y Cuidado Personal,Perfume MONTALE Arabians Tonka Eau De Parfum 100 ml para hom,https://www.fravega.com/p/perfume-montale-arabians-tonka-eau-de-parfum-100-ml-para-hom-22826641/,383889.0,341661.21,1,True
FRA-ds-laboratories-revita-shampoo-champu-pa,Fravega,OTRAS,Belleza y Cuidado Personal,DS Laboratories Revita Shampoo - Champú para el,https://www.fravega.com/p/ds-laboratories-revita-shampoo-champu-para-el-22662562/,106164.0,100856.0,1,True
FRA-perfume-dolce--gabbana-the-one-eau-de-pa,Fravega,OTRAS,Belleza y Cuidado Personal,"Perfume Dolce & Gabbana The One Eau de Parfum para hombre, 1",https://www.fravega.com/p/perfume-dolce--gabbana-the-one-eau-de-parfum-para-hombre-1-22803145/,185993.0,172973.49,1,True
FRA-tangle-teezer-el-mejor-cepillo-desenreda,Fravega,OTRAS,Belleza y Cuidado Personal,"Tangle Teezer , El mejor cepillo desenredante para",https://www.fravega.com/p/tangle-teezer-el-mejor-cepillo-desenredante-para-22659249/,103215.0,98054.0,1,True
FRA-perfume-armaf-club-de-nuit-precieux-1-ex,Fravega,OTRAS,Belleza y Cuidado Personal,"Perfume Armaf Club De Nuit Precieux, 1 extracto de perfume,",https://www.fravega.com/p/perfume-armaf-club-de-nuit-precieux-1-extracto-de-perfume--22802957/,178599.0,166097.07,1,True
FRA-shampoo-pantene-restauracion-pro-v-solut,Fravega,OTRAS,Belleza y Cuidado Personal,Shampoo Pantene Restauración Pro-v Solutions 400 Ml 80701897,https://www.fravega.com/p/shampoo-pantene-restauracion-pro-v-solutions-400-ml-80701897-990243292/,7541.0,4455.99,1,True
FRA-perfume-liquid-brun-french-avenue-100ml-,Fravega,OTRAS,Belleza y Cuidado Personal,Perfume Liquid Brun French Avenue 100ml Edp Arabe,https://www.fravega.com/p/perfume-liquid-brun-french-avenue-100ml-edp-arabe-22599035/,137999.0,103499.0,1,True
FRA-removedor-de-tinte-para-cabello-color-oo,Fravega,OTRAS,Belleza y Cuidado Personal,Removedor de Tinte para Cabello Color Oops con Acondicionador Extra,https://www.fravega.com/p/removedor-de-tinte-para-cabello-color-oops-con-acondicionador-extra-22721279/,89147.0,57945.55,1,True
FRA-l-eau-d-issey-pour-homme-eau--cedre-edt-,Fravega,OTRAS,Belleza y Cuidado Personal,L'eau d'Issey pour Homme Eau & Cèdre EDT,https://www.fravega.com/p/l-eau-d-issey-pour-homme-eau--cedre-edt-990283321/,268000.0,241200.0,1,True
FRA-hair-styling-stick-plus-eau-point-repair,Fravega,OTRAS,Belleza y Cuidado Personal,"Hair Styling Stick plus eau Point Repair, 10 ml, antiadherente",https://www.fravega.com/p/hair-styling-stick-plus-eau-point-repair-10-ml-antiadherente-22849146/,109224.0,92840.4,1,True
FRA-perfume-al-haramain-amber-oud-gold-editi,Fravega,OTRAS,Belleza y Cuidado Personal,Perfume Al Haramain Amber Oud Gold Edition 100,https://www.fravega.com/p/perfume-al-haramain-amber-oud-gold-edition-100-22475032/,159619.0,148445.67,1,True
FRA-vichy-shampoo-dercos-energizante-anticai,Fravega,OTRAS,Belleza y Cuidado Personal,Vichy Shampoo Dercos Energizante Anticaida Estimulante 400ml,https://www.fravega.com/p/vichy-shampoo-dercos-energizante-anticaida-estimulante-400ml-990221687/,90249.0,74585.95,1,True
FRA-perfume-hermes-terre-d-hermes-intense-ed,Fravega,OTRAS,Belleza y Cuidado Personal,Perfume Hermès Terre D'Hermès Intense EDP 100 ml para hombre,https://www.fravega.com/p/perfume-hermes-terre-d-hermes-intense-edp-100-ml-para-hombre-22656309/,264909.0,233119.92,1,True
FRA-fidelite-caviar-protector-termico-capila,Fravega,OTRAS,Belleza y Cuidado Personal,Fidelite Caviar Protector Termico Capilar Anti Age 120 Ml,https://www.fravega.com/p/fidelite-caviar-protector-termico-capilar-anti-age-120-ml-21229672/,19650.0,16240.0,1,True
FRA-perfume-remy-latour-cigar-eau-de-toilett,Fravega,OTRAS,Belleza y Cuidado Personal,"Perfume Remy Latour Cigar Eau De Toilette, 100 ml, para hombre",https://www.fravega.com/p/perfume-remy-latour-cigar-eau-de-toilette-100-ml-para-hombre-22657778/,96769.0,94833.62,1,True
FRA-aceite-de-batana-crudo-para-el-crecimien,Fravega,OTRAS,Belleza y Cuidado Personal,Aceite de batana crudo para el crecimiento del,https://www.fravega.com/p/aceite-de-batana-crudo-para-el-crecimiento-del-22645845/,79623.0,75642.0,1,True
FRA-escalera-de-aluminio-4x4-articulada-16-e,Fravega,OTRAS,Herramientas,Escalera de Aluminio 4x4 Articulada 16 Escalones Gross Multipropósito,https://www.fravega.com/p/escalera-de-aluminio-4x4-articulada-16-escalones-gross-multiproposito-311316/,199999.0,169999.0,1,True
FRA-griferia-cocina-moderna-canilla-monocoma,Fravega,OTRAS,Herramientas,Grifería Cocina Moderna Canilla Monocomando Extensible Negro Mate Waggs,https://www.fravega.com/p/griferia-cocina-moderna-canilla-monocomando-extensible-negro-mate-waggs-22084863/,111986.0,62399.0,1,True
FRA-kit-de-herramientas-daewoo-set-96-pzs-da,Fravega,OTRAS,Herramientas,Kit de Herramientas Daewoo Set 96 Pzs DAHTS96 Tubos c/ Maletín,https://www.fravega.com/p/kit-de-herramientas-daewoo-set-96-pzs-dahts96-tubos-c-maletin-311011/,129999.0,79999.0,1,True
FRA-set-x3-pinzas-universal-alicate-punta-he,Fravega,OTRAS,Herramientas,Set X3 Pinzas Universal Alicate Punta Herramientas Manuales RJ3809,https://www.fravega.com/p/set-x3-pinzas-universal-alicate-punta-herramientas-manuales-rj3809-22606388/,13847.44,7599.0,1,True
FRA-griferia-eurogrif-monocomando-cocina-roc,Fravega,OTRAS,Herramientas,Griferia Eurogrif Monocomando Cocina Rociador Flexible Gourmet,https://www.fravega.com/p/griferia-eurogrif-monocomando-cocina-rociador-flexible-gourmet-311354/,59999.0,49999.0,1,True
FRA-griferia-mezcladora-pico-curva-abieta-es,Fravega,OTRAS,Herramientas,Griferia Mezcladora Pico Curva Abieta Estrella GF032,https://www.fravega.com/p/griferia-mezcladora-pico-curva-abieta-estrella-gf032-22742469/,27500.0,19000.0,1,True
FRA-kit-de-herramientas-daewoo-set-108-pzs-d,Fravega,OTRAS,Herramientas,Kit de Herramientas Daewoo Set 108 Pzs DWS108B Llaves Tubo Criquet,https://www.fravega.com/p/kit-de-herramientas-daewoo-set-108-pzs-dws108b-llaves-tubo-criquet-311001/,124999.0,99999.0,1,True
FRA-bomba-presurizadora-te-pres-260-w-13-m-6,Fravega,OTRAS,Herramientas,Bomba Presurizadora Te Pres 260 W - 13 M - 60 L/min,https://www.fravega.com/p/bomba-presurizadora-te-pres-260-w-13-m-60-l-min-22618814/,185495.27,96769.0,1,True
FRA-set-de-herramientas-manuales-black--deck,Fravega,OTRAS,Herramientas,Set de Herramientas Manuales Black & Decker 152 Pzs BMT152C-AR,https://www.fravega.com/p/set-de-herramientas-manuales-black--decker-152-pzs-bmt152c-ar-311101/,99999.0,79999.0,1,True
FRA-generador-electrico-2500w-verde-y-negro-,Fravega,OTRAS,Herramientas,Generador Eléctrico 2500W Verde y Negro GE-PH2500AL,https://www.fravega.com/p/generador-electrico-2500w-verde-y-negro-ge-ph2500al-990237621/,389399.0,267999.0,1,True
FRA-bomba-de-agua-presurizadoras-daewoo-daep,Fravega,OTRAS,Herramientas,Bomba de Agua Presurizadoras Daewoo DAEPRES100,https://www.fravega.com/p/bomba-de-agua-presurizadoras-daewoo-daepres100-311061/,99999.0,64999.0,1,True
FRA-zocalo-led-pvc-eps-anti-humedad-piso-vin,Fravega,OTRAS,Herramientas,Zocalo Led Pvc Eps Anti Humedad Piso Vinilico 10cm Color Blanco Marca HomeCo.,https://www.fravega.com/p/zocalo-led-pvc-eps-anti-humedad-piso-vinilico-10cm-color-blanco-marca-homeco--22865963/,35213.18,18988.0,1,True
FRA-rotomartillo-stanley-sthr1232k-ar-311124,Fravega,OTRAS,Herramientas,Rotomartillo Stanley STHR1232K-AR,https://www.fravega.com/p/rotomartillo-stanley-sthr1232k-ar-311124/,399999.0,299999.0,1,True
FRA-termofusora-de-1500w-con-boquillas-y-mel,Fravega,OTRAS,Herramientas,Termofusora de 1500w con Boquillas y Meletín Gassmann,https://www.fravega.com/p/termofusora-de-1500w-con-boquillas-y-meletin-gassmann-20062984/,78314.0,64722.0,1,True
FRA-pistola-de-pintura-daewoo-hvlp-600ml-dw9,Fravega,OTRAS,Herramientas,Pistola de Pintura Daewoo HVLP 600ml DW9U,https://www.fravega.com/p/pistola-de-pintura-daewoo-hvlp-600ml-dw9u-310771/,69999.0,39999.0,1,True
FRA-escalera-plegable-de-acero-2-escalones-b,Fravega,ACER,Herramientas,Escalera Plegable de Acero 2 Escalones Bontella,https://www.fravega.com/p/escalera-plegable-de-acero-2-escalones-bontella-22726534/,69999.0,48999.0,1,True
FRA-juego-set-de-herramientas-kroner-300-pie,Fravega,OTRAS,Herramientas,Juego Set De Herramientas Kroner 300 Piezas H124 Profesional Maletin c/ Ruedas,https://www.fravega.com/p/juego-set-de-herramientas-kroner-300-piezas-h124-profesional-maletin-c-ruedas--311331/,299999.0,209999.0,1,True
FRA-set-konan-100-piezas-mechas-puntas-sierr,Fravega,OTRAS,Herramientas,Set Konan 100 Piezas Mechas Puntas Sierras Copa Para Taladro,https://www.fravega.com/p/set-konan-100-piezas-mechas-puntas-sierras-copa-para-taladro-990243081/,96642.0,37990.0,1,True
FRA-desmalezadora-2-5-hp-1-65-kw-6500-7000-r,Fravega,HP,Herramientas,Desmalezadora 2.5 HP 1.65 KW 6500-7000 ROM Konan KDE/52P,https://www.fravega.com/p/desmalezadora-2-5-hp-1-65-kw-6500-7000-rom-konan-kde-52p-20012854/,219999.0,139999.0,1,True
FRA-revestimiento-wall-panel-decorativo-pare,Fravega,OTRAS,Herramientas,"Revestimiento Wall Panel Decorativo Pared Varillado Acanalado Eps Sólido Liston De 290x1,2x12cm Acabado Mate Color Teka Marca Homeco.",https://www.fravega.com/p/revestimiento-wall-panel-decorativo-pared-varillado-acanalado-eps-solido-liston-de-290x1-2x12cm-acabado-mate-color-teka-marca-homeco--22716869/,16534.39,12499.0,1,True
FRA-amoladora-angular-black--decker-g720n-ar,Fravega,OTRAS,Herramientas,Amoladora Angular Black & Decker G720N-AR,https://www.fravega.com/p/amoladora-angular-black--decker-g720n-ar-310339/,72999.0,59999.0,1,True
FRA-revestimiento-wall-panel-decorativo-pare,Fravega,OTRAS,Herramientas,"Revestimiento Wall Panel Decorativo Pared Varillado Acanalado Eps Sólido Liston De 290x1,2x12cm Acabado Mate Color Roble Marca Homeco.",https://www.fravega.com/p/revestimiento-wall-panel-decorativo-pared-varillado-acanalado-eps-solido-liston-de-290x1-2x12cm-acabado-mate-color-roble-marca-homeco--22716868/,16534.39,12499.0,1,True
FRA-revestimiento-wall-panel-decorativo-pare,Fravega,OTRAS,Herramientas,"Revestimiento Wall Panel Decorativo Pared Varillado Acanalado Eps Sólido Liston De 290x1,2x12cm Acabado Mate Color Ceniza Marca Homeco.",https://www.fravega.com/p/revestimiento-wall-panel-decorativo-pared-varillado-acanalado-eps-solido-liston-de-290x1-2x12cm-acabado-mate-color-ceniza-marca-homeco--22716871/,16534.39,12499.0,1,True
FRA-set-herramientas-manuales-black--decker-,Fravega,OTRAS,Herramientas,Set Herramientas Manuales Black & Decker 152 Pzs BMT152C-AR,https://www.fravega.com/p/set-herramientas-manuales-black--decker-152-pzs-bmt152c-ar-310584/,94999.0,69999.0,1,True
FRA-zocalo-pvc-eps-anti-humedad-piso-vinilic,Fravega,OTRAS,Herramientas,"Zocalo Pvc Eps Anti Humedad Piso Vinilico 7cm Blanco Venta x Tira de 240x1,2x7cm",https://www.fravega.com/p/zocalo-pvc-eps-anti-humedad-piso-vinilico-7cm-blanco-venta-x-tira-de-240x1-2x7cm-22716049/,10970.26,10299.0,1,True
FRA-amoladora-angular-taladro-percutor-daewo,Fravega,OTRAS,Herramientas,Amoladora Angular + Taladro Percutor Daewoo 750w Combo Pack,https://www.fravega.com/p/amoladora-angular-taladro-percutor-daewoo-750w-combo-pack-311188/,129999.0,89999.0,1,True
FRA-bomba-presurizadora-120w-2-banos-vasser-,Fravega,OTRAS,Herramientas,Bomba Presurizadora 120w 2 Banos Vasser By Motorarg Presion,https://www.fravega.com/p/bomba-presurizadora-120w-2-banos-vasser-by-motorarg-presion-22744477/,84800.8,47869.0,1,True
FRA-revestimiento-wall-panel-varillado-eps-s,Fravega,OTRAS,Herramientas,Revestimiento Wall Panel Varillado EPS Sólido 12mm x 290cm GRIS,https://www.fravega.com/p/revestimiento-wall-panel-varillado-eps-solido-12mm-x-290cm-gris-22864393/,16534.39,12499.0,1,True
FRA-revestimiento-wall-panel-decorativo-pare,Fravega,OTRAS,Herramientas,"Revestimiento Wall Panel Decorativo Pared Varillado Acanalado Eps Sólido Liston De 290x1,2x12cm Acabado Mate Color BlancoMarca Homeco.",https://www.fravega.com/p/revestimiento-wall-panel-decorativo-pared-varillado-acanalado-eps-solido-liston-de-290x1-2x12cm-acabado-mate-color-blancomarca-homeco--22716870/,16534.39,12499.0,1,True
FRA-escalera-de-aluminio-4x3-articulada-12-e,Fravega,OTRAS,Herramientas,Escalera de Aluminio 4x3 Articulada 12 Escalones Garden Life 3.42 mts Multipropósito,https://www.fravega.com/p/escalera-de-aluminio-4x3-articulada-12-escalones-garden-life-3-42-mts-multiproposito-311015/,179999.0,129999.0,1,True
FRA-amoladora-bosch-gws-700-professional-115,Fravega,BOSCH,Herramientas,Amoladora Bosch GWS 700 Professional 115mm 12000 RPM 220v,https://www.fravega.com/p/amoladora-bosch-gws-700-professional-115mm-12000-rpm-220v-310453/,154999.0,79999.0,1,True
FRA-motosierra-explosicion-52cc-espada-50cm-,Fravega,LG,Herramientas,Motosierra Explosicion 52cc Espada 50cm 20 PuLG Motor 2.5hp,https://www.fravega.com/p/motosierra-explosicion-52cc-espada-50cm-20-pulg-motor-2-5hp-22808505/,209248.76,111759.0,1,True
FRA-motosierra-a-combustion-gamma-g1850ar-38,Fravega,OTRAS,Herramientas,Motosierra a Combustión Gamma G1850AR 38 CC,https://www.fravega.com/p/motosierra-a-combustion-gamma-g1850ar-38-cc-311301/,179999.0,99999.0,1,True
FRA-escalera-de-aluminio-4x4-articulada-16-e,Fravega,OTRAS,Herramientas,Escalera de Aluminio 4x4 Articulada 16 Escalones Gross Multipropósito,https://www.fravega.com/p/escalera-de-aluminio-4x4-articulada-16-escalones-gross-multiproposito-311316/,199999.0,169999.0,1,True
FRA-griferia-cocina-moderna-canilla-monocoma,Fravega,OTRAS,Herramientas,Grifería Cocina Moderna Canilla Monocomando Extensible Negro Mate Waggs,https://www.fravega.com/p/griferia-cocina-moderna-canilla-monocomando-extensible-negro-mate-waggs-22084863/,111986.0,62399.0,1,True
FRA-kit-de-herramientas-daewoo-set-96-pzs-da,Fravega,OTRAS,Herramientas,Kit de Herramientas Daewoo Set 96 Pzs DAHTS96 Tubos c/ Maletín,https://www.fravega.com/p/kit-de-herramientas-daewoo-set-96-pzs-dahts96-tubos-c-maletin-311011/,129999.0,79999.0,1,True
FRA-set-x3-pinzas-universal-alicate-punta-he,Fravega,OTRAS,Herramientas,Set X3 Pinzas Universal Alicate Punta Herramientas Manuales RJ3809,https://www.fravega.com/p/set-x3-pinzas-universal-alicate-punta-herramientas-manuales-rj3809-22606388/,13847.44,7599.0,1,True
FRA-griferia-eurogrif-monocomando-cocina-roc,Fravega,OTRAS,Herramientas,Griferia Eurogrif Monocomando Cocina Rociador Flexible Gourmet,https://www.fravega.com/p/griferia-eurogrif-monocomando-cocina-rociador-flexible-gourmet-311354/,59999.0,49999.0,1,True
FRA-griferia-mezcladora-pico-curva-abieta-es,Fravega,OTRAS,Herramientas,Griferia Mezcladora Pico Curva Abieta Estrella GF032,https://www.fravega.com/p/griferia-mezcladora-pico-curva-abieta-estrella-gf032-22742469/,27500.0,19000.0,1,True
FRA-kit-de-herramientas-daewoo-set-108-pzs-d,Fravega,OTRAS,Herramientas,Kit de Herramientas Daewoo Set 108 Pzs DWS108B Llaves Tubo Criquet,https://www.fravega.com/p/kit-de-herramientas-daewoo-set-108-pzs-dws108b-llaves-tubo-criquet-311001/,124999.0,99999.0,1,True
FRA-bomba-presurizadora-te-pres-260-w-13-m-6,Fravega,OTRAS,Herramientas,Bomba Presurizadora Te Pres 260 W - 13 M - 60 L/min,https://www.fravega.com/p/bomba-presurizadora-te-pres-260-w-13-m-60-l-min-22618814/,185495.27,96769.0,1,True
FRA-set-de-herramientas-manuales-black--deck,Fravega,OTRAS,Herramientas,Set de Herramientas Manuales Black & Decker 152 Pzs BMT152C-AR,https://www.fravega.com/p/set-de-herramientas-manuales-black--decker-152-pzs-bmt152c-ar-311101/,99999.0,79999.0,1,True
FRA-generador-electrico-2500w-verde-y-negro-,Fravega,OTRAS,Herramientas,Generador Eléctrico 2500W Verde y Negro GE-PH2500AL,https://www.fravega.com/p/generador-electrico-2500w-verde-y-negro-ge-ph2500al-990237621/,389399.0,267999.0,1,True
FRA-bomba-de-agua-presurizadoras-daewoo-daep,Fravega,OTRAS,Herramientas,Bomba de Agua Presurizadoras Daewoo DAEPRES100,https://www.fravega.com/p/bomba-de-agua-presurizadoras-daewoo-daepres100-311061/,99999.0,64999.0,1,True
FRA-zocalo-led-pvc-eps-anti-humedad-piso-vin,Fravega,OTRAS,Herramientas,Zocalo Led Pvc Eps Anti Humedad Piso Vinilico 10cm Color Blanco Marca HomeCo.,https://www.fravega.com/p/zocalo-led-pvc-eps-anti-humedad-piso-vinilico-10cm-color-blanco-marca-homeco--22865963/,35213.18,18988.0,1,True
FRA-rotomartillo-stanley-sthr1232k-ar-311124,Fravega,OTRAS,Herramientas,Rotomartillo Stanley STHR1232K-AR,https://www.fravega.com/p/rotomartillo-stanley-sthr1232k-ar-311124/,399999.0,299999.0,1,True
FRA-termofusora-de-1500w-con-boquillas-y-mel,Fravega,OTRAS,Herramientas,Termofusora de 1500w con Boquillas y Meletín Gassmann,https://www.fravega.com/p/termofusora-de-1500w-con-boquillas-y-meletin-gassmann-20062984/,78314.0,64722.0,1,True
FRA-pistola-de-pintura-daewoo-hvlp-600ml-dw9,Fravega,OTRAS,Herramientas,Pistola de Pintura Daewoo HVLP 600ml DW9U,https://www.fravega.com/p/pistola-de-pintura-daewoo-hvlp-600ml-dw9u-310771/,69999.0,39999.0,1,True
FRA-escalera-plegable-de-acero-2-escalones-b,Fravega,ACER,Herramientas,Escalera Plegable de Acero 2 Escalones Bontella,https://www.fravega.com/p/escalera-plegable-de-acero-2-escalones-bontella-22726534/,69999.0,48999.0,1,True
FRA-juego-set-de-herramientas-kroner-300-pie,Fravega,OTRAS,Herramientas,Juego Set De Herramientas Kroner 300 Piezas H124 Profesional Maletin c/ Ruedas,https://www.fravega.com/p/juego-set-de-herramientas-kroner-300-piezas-h124-profesional-maletin-c-ruedas--311331/,299999.0,209999.0,1,True
FRA-set-konan-100-piezas-mechas-puntas-sierr,Fravega,OTRAS,Herramientas,Set Konan 100 Piezas Mechas Puntas Sierras Copa Para Taladro,https://www.fravega.com/p/set-konan-100-piezas-mechas-puntas-sierras-copa-para-taladro-990243081/,96642.0,37990.0,1,True
FRA-desmalezadora-2-5-hp-1-65-kw-6500-7000-r,Fravega,HP,Herramientas,Desmalezadora 2.5 HP 1.65 KW 6500-7000 ROM Konan KDE/52P,https://www.fravega.com/p/desmalezadora-2-5-hp-1-65-kw-6500-7000-rom-konan-kde-52p-20012854/,219999.0,139999.0,1,True
FRA-revestimiento-wall-panel-decorativo-pare,Fravega,OTRAS,Herramientas,"Revestimiento Wall Panel Decorativo Pared Varillado Acanalado Eps Sólido Liston De 290x1,2x12cm Acabado Mate Color Teka Marca Homeco.",https://www.fravega.com/p/revestimiento-wall-panel-decorativo-pared-varillado-acanalado-eps-solido-liston-de-290x1-2x12cm-acabado-mate-color-teka-marca-homeco--22716869/,16534.39,12499.0,1,True
FRA-amoladora-angular-black--decker-g720n-ar,Fravega,OTRAS,Herramientas,Amoladora Angular Black & Decker G720N-AR,https://www.fravega.com/p/amoladora-angular-black--decker-g720n-ar-310339/,72999.0,59999.0,1,True
FRA-revestimiento-wall-panel-decorativo-pare,Fravega,OTRAS,Herramientas,"Revestimiento Wall Panel Decorativo Pared Varillado Acanalado Eps Sólido Liston De 290x1,2x12cm Acabado Mate Color Roble Marca Homeco.",https://www.fravega.com/p/revestimiento-wall-panel-decorativo-pared-varillado-acanalado-eps-solido-liston-de-290x1-2x12cm-acabado-mate-color-roble-marca-homeco--22716868/,16534.39,12499.0,1,True
FRA-revestimiento-wall-panel-decorativo-pare,Fravega,OTRAS,Herramientas,"Revestimiento Wall Panel Decorativo Pared Varillado Acanalado Eps Sólido Liston De 290x1,2x12cm Acabado Mate Color Ceniza Marca Homeco.",https://www.fravega.com/p/revestimiento-wall-panel-decorativo-pared-varillado-acanalado-eps-solido-liston-de-290x1-2x12cm-acabado-mate-color-ceniza-marca-homeco--22716871/,16534.39,12499.0,1,True
FRA-set-herramientas-manuales-black--decker-,Fravega,OTRAS,Herramientas,Set Herramientas Manuales Black & Decker 152 Pzs BMT152C-AR,https://www.fravega.com/p/set-herramientas-manuales-black--decker-152-pzs-bmt152c-ar-310584/,94999.0,69999.0,1,True
FRA-zocalo-pvc-eps-anti-humedad-piso-vinilic,Fravega,OTRAS,Herramientas,"Zocalo Pvc Eps Anti Humedad Piso Vinilico 7cm Blanco Venta x Tira de 240x1,2x7cm",https://www.fravega.com/p/zocalo-pvc-eps-anti-humedad-piso-vinilico-7cm-blanco-venta-x-tira-de-240x1-2x7cm-22716049/,10970.26,10299.0,1,True
FRA-amoladora-angular-taladro-percutor-daewo,Fravega,OTRAS,Herramientas,Amoladora Angular + Taladro Percutor Daewoo 750w Combo Pack,https://www.fravega.com/p/amoladora-angular-taladro-percutor-daewoo-750w-combo-pack-311188/,129999.0,89999.0,1,True
FRA-bomba-presurizadora-120w-2-banos-vasser-,Fravega,OTRAS,Herramientas,Bomba Presurizadora 120w 2 Banos Vasser By Motorarg Presion,https://www.fravega.com/p/bomba-presurizadora-120w-2-banos-vasser-by-motorarg-presion-22744477/,84800.8,47869.0,1,True
FRA-revestimiento-wall-panel-varillado-eps-s,Fravega,OTRAS,Herramientas,Revestimiento Wall Panel Varillado EPS Sólido 12mm x 290cm GRIS,https://www.fravega.com/p/revestimiento-wall-panel-varillado-eps-solido-12mm-x-290cm-gris-22864393/,16534.39,12499.0,1,True
FRA-revestimiento-wall-panel-decorativo-pare,Fravega,OTRAS,Herramientas,"Revestimiento Wall Panel Decorativo Pared Varillado Acanalado Eps Sólido Liston De 290x1,2x12cm Acabado Mate Color BlancoMarca Homeco.",https://www.fravega.com/p/revestimiento-wall-panel-decorativo-pared-varillado-acanalado-eps-solido-liston-de-290x1-2x12cm-acabado-mate-color-blancomarca-homeco--22716870/,16534.39,12499.0,1,True
FRA-escalera-de-aluminio-4x3-articulada-12-e,Fravega,OTRAS,Herramientas,Escalera de Aluminio 4x3 Articulada 12 Escalones Garden Life 3.42 mts Multipropósito,https://www.fravega.com/p/escalera-de-aluminio-4x3-articulada-12-escalones-garden-life-3-42-mts-multiproposito-311015/,179999.0,129999.0,1,True
FRA-amoladora-bosch-gws-700-professional-115,Fravega,BOSCH,Herramientas,Amoladora Bosch GWS 700 Professional 115mm 12000 RPM 220v,https://www.fravega.com/p/amoladora-bosch-gws-700-professional-115mm-12000-rpm-220v-310453/,154999.0,79999.0,1,True
FRA-motosierra-explosicion-52cc-espada-50cm-,Fravega,LG,Herramientas,Motosierra Explosicion 52cc Espada 50cm 20 PuLG Motor 2.5hp,https://www.fravega.com/p/motosierra-explosicion-52cc-espada-50cm-20-pulg-motor-2-5hp-22808505/,209248.76,111759.0,1,True
FRA-motosierra-a-combustion-gamma-g1850ar-38,Fravega,OTRAS,Herramientas,Motosierra a Combustión Gamma G1850AR 38 CC,https://www.fravega.com/p/motosierra-a-combustion-gamma-g1850ar-38-cc-311301/,179999.0,99999.0,1,True
FRA-escalera-de-aluminio-4x4-articulada-16-e,Fravega,OTRAS,Herramientas,Escalera de Aluminio 4x4 Articulada 16 Escalones Gross Multipropósito,https://www.fravega.com/p/escalera-de-aluminio-4x4-articulada-16-escalones-gross-multiproposito-311316/,199999.0,169999.0,1,True
FRA-griferia-cocina-moderna-canilla-monocoma,Fravega,OTRAS,Herramientas,Grifería Cocina Moderna Canilla Monocomando Extensible Negro Mate Waggs,https://www.fravega.com/p/griferia-cocina-moderna-canilla-monocomando-extensible-negro-mate-waggs-22084863/,111986.0,62399.0,1,True
FRA-kit-de-herramientas-daewoo-set-96-pzs-da,Fravega,OTRAS,Herramientas,Kit de Herramientas Daewoo Set 96 Pzs DAHTS96 Tubos c/ Maletín,https://www.fravega.com/p/kit-de-herramientas-daewoo-set-96-pzs-dahts96-tubos-c-maletin-311011/,129999.0,79999.0,1,True
FRA-set-x3-pinzas-universal-alicate-punta-he,Fravega,OTRAS,Herramientas,Set X3 Pinzas Universal Alicate Punta Herramientas Manuales RJ3809,https://www.fravega.com/p/set-x3-pinzas-universal-alicate-punta-herramientas-manuales-rj3809-22606388/,13847.44,7599.0,1,True
FRA-griferia-eurogrif-monocomando-cocina-roc,Fravega,OTRAS,Herramientas,Griferia Eurogrif Monocomando Cocina Rociador Flexible Gourmet,https://www.fravega.com/p/griferia-eurogrif-monocomando-cocina-rociador-flexible-gourmet-311354/,59999.0,49999.0,1,True
FRA-griferia-mezcladora-pico-curva-abieta-es,Fravega,OTRAS,Herramientas,Griferia Mezcladora Pico Curva Abieta Estrella GF032,https://www.fravega.com/p/griferia-mezcladora-pico-curva-abieta-estrella-gf032-22742469/,27500.0,19000.0,1,True
FRA-kit-de-herramientas-daewoo-set-108-pzs-d,Fravega,OTRAS,Herramientas,Kit de Herramientas Daewoo Set 108 Pzs DWS108B Llaves Tubo Criquet,https://www.fravega.com/p/kit-de-herramientas-daewoo-set-108-pzs-dws108b-llaves-tubo-criquet-311001/,124999.0,99999.0,1,True
FRA-bomba-presurizadora-te-pres-260-w-13-m-6,Fravega,OTRAS,Herramientas,Bomba Presurizadora Te Pres 260 W - 13 M - 60 L/min,https://www.fravega.com/p/bomba-presurizadora-te-pres-260-w-13-m-60-l-min-22618814/,185495.27,96769.0,1,True
FRA-set-de-herramientas-manuales-black--deck,Fravega,OTRAS,Herramientas,Set de Herramientas Manuales Black & Decker 152 Pzs BMT152C-AR,https://www.fravega.com/p/set-de-herramientas-manuales-black--decker-152-pzs-bmt152c-ar-311101/,99999.0,79999.0,1,True
FRA-generador-electrico-2500w-verde-y-negro-,Fravega,OTRAS,Herramientas,Generador Eléctrico 2500W Verde y Negro GE-PH2500AL,https://www.fravega.com/p/generador-electrico-2500w-verde-y-negro-ge-ph2500al-990237621/,389399.0,267999.0,1,True
FRA-bomba-de-agua-presurizadoras-daewoo-daep,Fravega,OTRAS,Herramientas,Bomba de Agua Presurizadoras Daewoo DAEPRES100,https://www.fravega.com/p/bomba-de-agua-presurizadoras-daewoo-daepres100-311061/,99999.0,64999.0,1,True
FRA-zocalo-led-pvc-eps-anti-humedad-piso-vin,Fravega,OTRAS,Herramientas,Zocalo Led Pvc Eps Anti Humedad Piso Vinilico 10cm Color Blanco Marca HomeCo.,https://www.fravega.com/p/zocalo-led-pvc-eps-anti-humedad-piso-vinilico-10cm-color-blanco-marca-homeco--22865963/,35213.18,18988.0,1,True
FRA-rotomartillo-stanley-sthr1232k-ar-311124,Fravega,OTRAS,Herramientas,Rotomartillo Stanley STHR1232K-AR,https://www.fravega.com/p/rotomartillo-stanley-sthr1232k-ar-311124/,399999.0,299999.0,1,True
FRA-termofusora-de-1500w-con-boquillas-y-mel,Fravega,OTRAS,Herramientas,Termofusora de 1500w con Boquillas y Meletín Gassmann,https://www.fravega.com/p/termofusora-de-1500w-con-boquillas-y-meletin-gassmann-20062984/,78314.0,64722.0,1,True
FRA-pistola-de-pintura-daewoo-hvlp-600ml-dw9,Fravega,OTRAS,Herramientas,Pistola de Pintura Daewoo HVLP 600ml DW9U,https://www.fravega.com/p/pistola-de-pintura-daewoo-hvlp-600ml-dw9u-310771/,69999.0,39999.0,1,True
FRA-escalera-plegable-de-acero-2-escalones-b,Fravega,ACER,Herramientas,Escalera Plegable de Acero 2 Escalones Bontella,https://www.fravega.com/p/escalera-plegable-de-acero-2-escalones-bontella-22726534/,69999.0,48999.0,1,True
FRA-juego-set-de-herramientas-kroner-300-pie,Fravega,OTRAS,Herramientas,Juego Set De Herramientas Kroner 300 Piezas H124 Profesional Maletin c/ Ruedas,https://www.fravega.com/p/juego-set-de-herramientas-kroner-300-piezas-h124-profesional-maletin-c-ruedas--311331/,299999.0,209999.0,1,True
FRA-set-konan-100-piezas-mechas-puntas-sierr,Fravega,OTRAS,Herramientas,Set Konan 100 Piezas Mechas Puntas Sierras Copa Para Taladro,https://www.fravega.com/p/set-konan-100-piezas-mechas-puntas-sierras-copa-para-taladro-990243081/,96642.0,37990.0,1,True
FRA-desmalezadora-2-5-hp-1-65-kw-6500-7000-r,Fravega,HP,Herramientas,Desmalezadora 2.5 HP 1.65 KW 6500-7000 ROM Konan KDE/52P,https://www.fravega.com/p/desmalezadora-2-5-hp-1-65-kw-6500-7000-rom-konan-kde-52p-20012854/,219999.0,139999.0,1,True
FRA-revestimiento-wall-panel-decorativo-pare,Fravega,OTRAS,Herramientas,"Revestimiento Wall Panel Decorativo Pared Varillado Acanalado Eps Sólido Liston De 290x1,2x12cm Acabado Mate Color Teka Marca Homeco.",https://www.fravega.com/p/revestimiento-wall-panel-decorativo-pared-varillado-acanalado-eps-solido-liston-de-290x1-2x12cm-acabado-mate-color-teka-marca-homeco--22716869/,16534.39,12499.0,1,True
FRA-amoladora-angular-black--decker-g720n-ar,Fravega,OTRAS,Herramientas,Amoladora Angular Black & Decker G720N-AR,https://www.fravega.com/p/amoladora-angular-black--decker-g720n-ar-310339/,72999.0,59999.0,1,True
FRA-revestimiento-wall-panel-decorativo-pare,Fravega,OTRAS,Herramientas,"Revestimiento Wall Panel Decorativo Pared Varillado Acanalado Eps Sólido Liston De 290x1,2x12cm Acabado Mate Color Roble Marca Homeco.",https://www.fravega.com/p/revestimiento-wall-panel-decorativo-pared-varillado-acanalado-eps-solido-liston-de-290x1-2x12cm-acabado-mate-color-roble-marca-homeco--22716868/,16534.39,12499.0,1,True
FRA-revestimiento-wall-panel-decorativo-pare,Fravega,OTRAS,Herramientas,"Revestimiento Wall Panel Decorativo Pared Varillado Acanalado Eps Sólido Liston De 290x1,2x12cm Acabado Mate Color Ceniza Marca Homeco.",https://www.fravega.com/p/revestimiento-wall-panel-decorativo-pared-varillado-acanalado-eps-solido-liston-de-290x1-2x12cm-acabado-mate-color-ceniza-marca-homeco--22716871/,16534.39,12499.0,1,True
FRA-set-herramientas-manuales-black--decker-,Fravega,OTRAS,Herramientas,Set Herramientas Manuales Black & Decker 152 Pzs BMT152C-AR,https://www.fravega.com/p/set-herramientas-manuales-black--decker-152-pzs-bmt152c-ar-310584/,94999.0,69999.0,1,True
FRA-zocalo-pvc-eps-anti-humedad-piso-vinilic,Fravega,OTRAS,Herramientas,"Zocalo Pvc Eps Anti Humedad Piso Vinilico 7cm Blanco Venta x Tira de 240x1,2x7cm",https://www.fravega.com/p/zocalo-pvc-eps-anti-humedad-piso-vinilico-7cm-blanco-venta-x-tira-de-240x1-2x7cm-22716049/,10970.26,10299.0,1,True
FRA-amoladora-angular-taladro-percutor-daewo,Fravega,OTRAS,Herramientas,Amoladora Angular + Taladro Percutor Daewoo 750w Combo Pack,https://www.fravega.com/p/amoladora-angular-taladro-percutor-daewoo-750w-combo-pack-311188/,129999.0,89999.0,1,True
FRA-bomba-presurizadora-120w-2-banos-vasser-,Fravega,OTRAS,Herramientas,Bomba Presurizadora 120w 2 Banos Vasser By Motorarg Presion,https://www.fravega.com/p/bomba-presurizadora-120w-2-banos-vasser-by-motorarg-presion-22744477/,84800.8,47869.0,1,True
FRA-revestimiento-wall-panel-varillado-eps-s,Fravega,OTRAS,Herramientas,Revestimiento Wall Panel Varillado EPS Sólido 12mm x 290cm GRIS,https://www.fravega.com/p/revestimiento-wall-panel-varillado-eps-solido-12mm-x-290cm-gris-22864393/,16534.39,12499.0,1,True
FRA-revestimiento-wall-panel-decorativo-pare,Fravega,OTRAS,Herramientas,"Revestimiento Wall Panel Decorativo Pared Varillado Acanalado Eps Sólido Liston De 290x1,2x12cm Acabado Mate Color BlancoMarca Homeco.",https://www.fravega.com/p/revestimiento-wall-panel-decorativo-pared-varillado-acanalado-eps-solido-liston-de-290x1-2x12cm-acabado-mate-color-blancomarca-homeco--22716870/,16534.39,12499.0,1,True
FRA-escalera-de-aluminio-4x3-articulada-12-e,Fravega,OTRAS,Herramientas,Escalera de Aluminio 4x3 Articulada 12 Escalones Garden Life 3.42 mts Multipropósito,https://www.fravega.com/p/escalera-de-aluminio-4x3-articulada-12-escalones-garden-life-3-42-mts-multiproposito-311015/,179999.0,129999.0,1,True
FRA-amoladora-bosch-gws-700-professional-115,Fravega,BOSCH,Herramientas,Amoladora Bosch GWS 700 Professional 115mm 12000 RPM 220v,https://www.fravega.com/p/amoladora-bosch-gws-700-professional-115mm-12000-rpm-220v-310453/,154999.0,79999.0,1,True
FRA-motosierra-explosicion-52cc-espada-50cm-,Fravega,LG,Herramientas,Motosierra Explosicion 52cc Espada 50cm 20 PuLG Motor 2.5hp,https://www.fravega.com/p/motosierra-explosicion-52cc-espada-50cm-20-pulg-motor-2-5hp-22808505/,209248.76,111759.0,1,True
FRA-motosierra-a-combustion-gamma-g1850ar-38,Fravega,OTRAS,Herramientas,Motosierra a Combustión Gamma G1850AR 38 CC,https://www.fravega.com/p/motosierra-a-combustion-gamma-g1850ar-38-cc-311301/,179999.0,99999.0,1,True
FRA-escalera-de-aluminio-4x4-articulada-16-e,Fravega,OTRAS,Herramientas,Escalera de Aluminio 4x4 Articulada 16 Escalones Gross Multipropósito,https://www.fravega.com/p/escalera-de-aluminio-4x4-articulada-16-escalones-gross-multiproposito-311316/,199999.0,169999.0,1,True
FRA-griferia-cocina-moderna-canilla-monocoma,Fravega,OTRAS,Herramientas,Grifería Cocina Moderna Canilla Monocomando Extensible Negro Mate Waggs,https://www.fravega.com/p/griferia-cocina-moderna-canilla-monocomando-extensible-negro-mate-waggs-22084863/,111986.0,62399.0,1,True
FRA-kit-de-herramientas-daewoo-set-96-pzs-da,Fravega,OTRAS,Herramientas,Kit de Herramientas Daewoo Set 96 Pzs DAHTS96 Tubos c/ Maletín,https://www.fravega.com/p/kit-de-herramientas-daewoo-set-96-pzs-dahts96-tubos-c-maletin-311011/,129999.0,79999.0,1,True
FRA-set-x3-pinzas-universal-alicate-punta-he,Fravega,OTRAS,Herramientas,Set X3 Pinzas Universal Alicate Punta Herramientas Manuales RJ3809,https://www.fravega.com/p/set-x3-pinzas-universal-alicate-punta-herramientas-manuales-rj3809-22606388/,13847.44,7599.0,1,True
FRA-griferia-eurogrif-monocomando-cocina-roc,Fravega,OTRAS,Herramientas,Griferia Eurogrif Monocomando Cocina Rociador Flexible Gourmet,https://www.fravega.com/p/griferia-eurogrif-monocomando-cocina-rociador-flexible-gourmet-311354/,59999.0,49999.0,1,True
FRA-griferia-mezcladora-pico-curva-abieta-es,Fravega,OTRAS,Herramientas,Griferia Mezcladora Pico Curva Abieta Estrella GF032,https://www.fravega.com/p/griferia-mezcladora-pico-curva-abieta-estrella-gf032-22742469/,27500.0,19000.0,1,True
FRA-kit-de-herramientas-daewoo-set-108-pzs-d,Fravega,OTRAS,Herramientas,Kit de Herramientas Daewoo Set 108 Pzs DWS108B Llaves Tubo Criquet,https://www.fravega.com/p/kit-de-herramientas-daewoo-set-108-pzs-dws108b-llaves-tubo-criquet-311001/,124999.0,99999.0,1,True
FRA-bomba-presurizadora-te-pres-260-w-13-m-6,Fravega,OTRAS,Herramientas,Bomba Presurizadora Te Pres 260 W - 13 M - 60 L/min,https://www.fravega.com/p/bomba-presurizadora-te-pres-260-w-13-m-60-l-min-22618814/,185495.27,96769.0,1,True
FRA-set-de-herramientas-manuales-black--deck,Fravega,OTRAS,Herramientas,Set de Herramientas Manuales Black & Decker 152 Pzs BMT152C-AR,https://www.fravega.com/p/set-de-herramientas-manuales-black--decker-152-pzs-bmt152c-ar-311101/,99999.0,79999.0,1,True
FRA-generador-electrico-2500w-verde-y-negro-,Fravega,OTRAS,Herramientas,Generador Eléctrico 2500W Verde y Negro GE-PH2500AL,https://www.fravega.com/p/generador-electrico-2500w-verde-y-negro-ge-ph2500al-990237621/,389399.0,267999.0,1,True
FRA-bomba-de-agua-presurizadoras-daewoo-daep,Fravega,OTRAS,Herramientas,Bomba de Agua Presurizadoras Daewoo DAEPRES100,https://www.fravega.com/p/bomba-de-agua-presurizadoras-daewoo-daepres100-311061/,99999.0,64999.0,1,True
FRA-zocalo-led-pvc-eps-anti-humedad-piso-vin,Fravega,OTRAS,Herramientas,Zocalo Led Pvc Eps Anti Humedad Piso Vinilico 10cm Color Blanco Marca HomeCo.,https://www.fravega.com/p/zocalo-led-pvc-eps-anti-humedad-piso-vinilico-10cm-color-blanco-marca-homeco--22865963/,35213.18,18988.0,1,True
FRA-rotomartillo-stanley-sthr1232k-ar-311124,Fravega,OTRAS,Herramientas,Rotomartillo Stanley STHR1232K-AR,https://www.fravega.com/p/rotomartillo-stanley-sthr1232k-ar-311124/,399999.0,299999.0,1,True
FRA-termofusora-de-1500w-con-boquillas-y-mel,Fravega,OTRAS,Herramientas,Termofusora de 1500w con Boquillas y Meletín Gassmann,https://www.fravega.com/p/termofusora-de-1500w-con-boquillas-y-meletin-gassmann-20062984/,78314.0,64722.0,1,True
FRA-pistola-de-pintura-daewoo-hvlp-600ml-dw9,Fravega,OTRAS,Herramientas,Pistola de Pintura Daewoo HVLP 600ml DW9U,https://www.fravega.com/p/pistola-de-pintura-daewoo-hvlp-600ml-dw9u-310771/,69999.0,39999.0,1,True
FRA-escalera-plegable-de-acero-2-escalones-b,Fravega,ACER,Herramientas,Escalera Plegable de Acero 2 Escalones Bontella,https://www.fravega.com/p/escalera-plegable-de-acero-2-escalones-bontella-22726534/,69999.0,48999.0,1,True
FRA-juego-set-de-herramientas-kroner-300-pie,Fravega,OTRAS,Herramientas,Juego Set De Herramientas Kroner 300 Piezas H124 Profesional Maletin c/ Ruedas,https://www.fravega.com/p/juego-set-de-herramientas-kroner-300-piezas-h124-profesional-maletin-c-ruedas--311331/,299999.0,209999.0,1,True
FRA-set-konan-100-piezas-mechas-puntas-sierr,Fravega,OTRAS,Herramientas,Set Konan 100 Piezas Mechas Puntas Sierras Copa Para Taladro,https://www.fravega.com/p/set-konan-100-piezas-mechas-puntas-sierras-copa-para-taladro-990243081/,96642.0,37990.0,1,True
FRA-desmalezadora-2-5-hp-1-65-kw-6500-7000-r,Fravega,HP,Herramientas,Desmalezadora 2.5 HP 1.65 KW 6500-7000 ROM Konan KDE/52P,https://www.fravega.com/p/desmalezadora-2-5-hp-1-65-kw-6500-7000-rom-konan-kde-52p-20012854/,219999.0,139999.0,1,True
FRA-revestimiento-wall-panel-decorativo-pare,Fravega,OTRAS,Herramientas,"Revestimiento Wall Panel Decorativo Pared Varillado Acanalado Eps Sólido Liston De 290x1,2x12cm Acabado Mate Color Teka Marca Homeco.",https://www.fravega.com/p/revestimiento-wall-panel-decorativo-pared-varillado-acanalado-eps-solido-liston-de-290x1-2x12cm-acabado-mate-color-teka-marca-homeco--22716869/,16534.39,12499.0,1,True
FRA-amoladora-angular-black--decker-g720n-ar,Fravega,OTRAS,Herramientas,Amoladora Angular Black & Decker G720N-AR,https://www.fravega.com/p/amoladora-angular-black--decker-g720n-ar-310339/,72999.0,59999.0,1,True
FRA-revestimiento-wall-panel-decorativo-pare,Fravega,OTRAS,Herramientas,"Revestimiento Wall Panel Decorativo Pared Varillado Acanalado Eps Sólido Liston De 290x1,2x12cm Acabado Mate Color Roble Marca Homeco.",https://www.fravega.com/p/revestimiento-wall-panel-decorativo-pared-varillado-acanalado-eps-solido-liston-de-290x1-2x12cm-acabado-mate-color-roble-marca-homeco--22716868/,16534.39,12499.0,1,True
FRA-revestimiento-wall-panel-decorativo-pare,Fravega,OTRAS,Herramientas,"Revestimiento Wall Panel Decorativo Pared Varillado Acanalado Eps Sólido Liston De 290x1,2x12cm Acabado Mate Color Ceniza Marca Homeco.",https://www.fravega.com/p/revestimiento-wall-panel-decorativo-pared-varillado-acanalado-eps-solido-liston-de-290x1-2x12cm-acabado-mate-color-ceniza-marca-homeco--22716871/,16534.39,12499.0,1,True
FRA-set-herramientas-manuales-black--decker-,Fravega,OTRAS,Herramientas,Set Herramientas Manuales Black & Decker 152 Pzs BMT152C-AR,https://www.fravega.com/p/set-herramientas-manuales-black--decker-152-pzs-bmt152c-ar-310584/,94999.0,69999.0,1,True
FRA-zocalo-pvc-eps-anti-humedad-piso-vinilic,Fravega,OTRAS,Herramientas,"Zocalo Pvc Eps Anti Humedad Piso Vinilico 7cm Blanco Venta x Tira de 240x1,2x7cm",https://www.fravega.com/p/zocalo-pvc-eps-anti-humedad-piso-vinilico-7cm-blanco-venta-x-tira-de-240x1-2x7cm-22716049/,10970.26,10299.0,1,True
FRA-amoladora-angular-taladro-percutor-daewo,Fravega,OTRAS,Herramientas,Amoladora Angular + Taladro Percutor Daewoo 750w Combo Pack,https://www.fravega.com/p/amoladora-angular-taladro-percutor-daewoo-750w-combo-pack-311188/,129999.0,89999.0,1,True
FRA-bomba-presurizadora-120w-2-banos-vasser-,Fravega,OTRAS,Herramientas,Bomba Presurizadora 120w 2 Banos Vasser By Motorarg Presion,https://www.fravega.com/p/bomba-presurizadora-120w-2-banos-vasser-by-motorarg-presion-22744477/,84800.8,47869.0,1,True
FRA-revestimiento-wall-panel-varillado-eps-s,Fravega,OTRAS,Herramientas,Revestimiento Wall Panel Varillado EPS Sólido 12mm x 290cm GRIS,https://www.fravega.com/p/revestimiento-wall-panel-varillado-eps-solido-12mm-x-290cm-gris-22864393/,16534.39,12499.0,1,True
FRA-revestimiento-wall-panel-decorativo-pare,Fravega,OTRAS,Herramientas,"Revestimiento Wall Panel Decorativo Pared Varillado Acanalado Eps Sólido Liston De 290x1,2x12cm Acabado Mate Color BlancoMarca Homeco.",https://www.fravega.com/p/revestimiento-wall-panel-decorativo-pared-varillado-acanalado-eps-solido-liston-de-290x1-2x12cm-acabado-mate-color-blancomarca-homeco--22716870/,16534.39,12499.0,1,True
FRA-escalera-de-aluminio-4x3-articulada-12-e,Fravega,OTRAS,Herramientas,Escalera de Aluminio 4x3 Articulada 12 Escalones Garden Life 3.42 mts Multipropósito,https://www.fravega.com/p/escalera-de-aluminio-4x3-articulada-12-escalones-garden-life-3-42-mts-multiproposito-311015/,179999.0,129999.0,1,True
FRA-amoladora-bosch-gws-700-professional-115,Fravega,BOSCH,Herramientas,Amoladora Bosch GWS 700 Professional 115mm 12000 RPM 220v,https://www.fravega.com/p/amoladora-bosch-gws-700-professional-115mm-12000-rpm-220v-310453/,154999.0,79999.0,1,True
FRA-motosierra-explosicion-52cc-espada-50cm-,Fravega,LG,Herramientas,Motosierra Explosicion 52cc Espada 50cm 20 PuLG Motor 2.5hp,https://www.fravega.com/p/motosierra-explosicion-52cc-espada-50cm-20-pulg-motor-2-5hp-22808505/,209248.76,111759.0,1,True
FRA-motosierra-a-combustion-gamma-g1850ar-38,Fravega,OTRAS,Herramientas,Motosierra a Combustión Gamma G1850AR 38 CC,https://www.fravega.com/p/motosierra-a-combustion-gamma-g1850ar-38-cc-311301/,179999.0,99999.0,1,True
FRA-griferia-cocina-moderna-canilla-monocoma,Fravega,OTRAS,Herramientas,Grifería Cocina Moderna Canilla Monocomando Extensible Negro Mate Waggs,https://www.fravega.com/p/griferia-cocina-moderna-canilla-monocomando-extensible-negro-mate-waggs-22084863/,111986.0,62399.0,1,True
FRA-kit-de-herramientas-daewoo-set-96-pzs-da,Fravega,OTRAS,Herramientas,Kit de Herramientas Daewoo Set 96 Pzs DAHTS96 Tubos c/ Maletín,https://www.fravega.com/p/kit-de-herramientas-daewoo-set-96-pzs-dahts96-tubos-c-maletin-311011/,129999.0,79999.0,1,True
FRA-set-x3-pinzas-universal-alicate-punta-he,Fravega,OTRAS,Herramientas,Set X3 Pinzas Universal Alicate Punta Herramientas Manuales RJ3809,https://www.fravega.com/p/set-x3-pinzas-universal-alicate-punta-herramientas-manuales-rj3809-22606388/,13847.44,7599.0,1,True
FRA-griferia-eurogrif-monocomando-cocina-roc,Fravega,OTRAS,Herramientas,Griferia Eurogrif Monocomando Cocina Rociador Flexible Gourmet,https://www.fravega.com/p/griferia-eurogrif-monocomando-cocina-rociador-flexible-gourmet-311354/,59999.0,49999.0,1,True
FRA-griferia-mezcladora-pico-curva-abieta-es,Fravega,OTRAS,Herramientas,Griferia Mezcladora Pico Curva Abieta Estrella GF032,https://www.fravega.com/p/griferia-mezcladora-pico-curva-abieta-estrella-gf032-22742469/,27500.0,19000.0,1,True
FRA-kit-de-herramientas-daewoo-set-108-pzs-d,Fravega,OTRAS,Herramientas,Kit de Herramientas Daewoo Set 108 Pzs DWS108B Llaves Tubo Criquet,https://www.fravega.com/p/kit-de-herramientas-daewoo-set-108-pzs-dws108b-llaves-tubo-criquet-311001/,124999.0,99999.0,1,True
FRA-generador-electrico-2500w-verde-y-negro-,Fravega,OTRAS,Herramientas,Generador Eléctrico 2500W Verde y Negro GE-PH2500AL,https://www.fravega.com/p/generador-electrico-2500w-verde-y-negro-ge-ph2500al-990237621/,389399.0,267999.0,1,True
FRA-zocalo-led-pvc-eps-anti-humedad-piso-vin,Fravega,OTRAS,Herramientas,Zocalo Led Pvc Eps Anti Humedad Piso Vinilico 10cm Color Blanco Marca HomeCo.,https://www.fravega.com/p/zocalo-led-pvc-eps-anti-humedad-piso-vinilico-10cm-color-blanco-marca-homeco--22865963/,35213.18,18988.0,1,True
FRA-rotomartillo-stanley-sthr1232k-ar-311124,Fravega,OTRAS,Herramientas,Rotomartillo Stanley STHR1232K-AR,https://www.fravega.com/p/rotomartillo-stanley-sthr1232k-ar-311124/,399999.0,299999.0,1,True
FRA-termofusora-de-1500w-con-boquillas-y-mel,Fravega,OTRAS,Herramientas,Termofusora de 1500w con Boquillas y Meletín Gassmann,https://www.fravega.com/p/termofusora-de-1500w-con-boquillas-y-meletin-gassmann-20062984/,78314.0,64722.0,1,True
FRA-pistola-de-pintura-daewoo-hvlp-600ml-dw9,Fravega,OTRAS,Herramientas,Pistola de Pintura Daewoo HVLP 600ml DW9U,https://www.fravega.com/p/pistola-de-pintura-daewoo-hvlp-600ml-dw9u-310771/,69999.0,39999.0,1,True
FRA-escalera-plegable-de-acero-2-escalones-b,Fravega,ACER,Herramientas,Escalera Plegable de Acero 2 Escalones Bontella,https://www.fravega.com/p/escalera-plegable-de-acero-2-escalones-bontella-22726534/,69999.0,48999.0,1,True
FRA-set-konan-100-piezas-mechas-puntas-sierr,Fravega,OTRAS,Herramientas,Set Konan 100 Piezas Mechas Puntas Sierras Copa Para Taladro,https://www.fravega.com/p/set-konan-100-piezas-mechas-puntas-sierras-copa-para-taladro-990243081/,96642.0,37990.0,1,True
FRA-desmalezadora-2-5-hp-1-65-kw-6500-7000-r,Fravega,HP,Herramientas,Desmalezadora 2.5 HP 1.65 KW 6500-7000 ROM Konan KDE/52P,https://www.fravega.com/p/desmalezadora-2-5-hp-1-65-kw-6500-7000-rom-konan-kde-52p-20012854/,219999.0,139999.0,1,True
FRA-revestimiento-wall-panel-decorativo-pare,Fravega,OTRAS,Herramientas,"Revestimiento Wall Panel Decorativo Pared Varillado Acanalado Eps Sólido Liston De 290x1,2x12cm Acabado Mate Color Teka Marca Homeco.",https://www.fravega.com/p/revestimiento-wall-panel-decorativo-pared-varillado-acanalado-eps-solido-liston-de-290x1-2x12cm-acabado-mate-color-teka-marca-homeco--22716869/,16534.39,12499.0,1,True
FRA-amoladora-angular-black--decker-g720n-ar,Fravega,OTRAS,Herramientas,Amoladora Angular Black & Decker G720N-AR,https://www.fravega.com/p/amoladora-angular-black--decker-g720n-ar-310339/,72999.0,59999.0,1,True
FRA-revestimiento-wall-panel-decorativo-pare,Fravega,OTRAS,Herramientas,"Revestimiento Wall Panel Decorativo Pared Varillado Acanalado Eps Sólido Liston De 290x1,2x12cm Acabado Mate Color Roble Marca Homeco.",https://www.fravega.com/p/revestimiento-wall-panel-decorativo-pared-varillado-acanalado-eps-solido-liston-de-290x1-2x12cm-acabado-mate-color-roble-marca-homeco--22716868/,16534.39,12499.0,1,True
FRA-revestimiento-wall-panel-decorativo-pare,Fravega,OTRAS,Herramientas,"Revestimiento Wall Panel Decorativo Pared Varillado Acanalado Eps Sólido Liston De 290x1,2x12cm Acabado Mate Color Ceniza Marca Homeco.",https://www.fravega.com/p/revestimiento-wall-panel-decorativo-pared-varillado-acanalado-eps-solido-liston-de-290x1-2x12cm-acabado-mate-color-ceniza-marca-homeco--22716871/,16534.39,12499.0,1,True
FRA-set-herramientas-manuales-black--decker-,Fravega,OTRAS,Herramientas,Set Herramientas Manuales Black & Decker 152 Pzs BMT152C-AR,https://www.fravega.com/p/set-herramientas-manuales-black--decker-152-pzs-bmt152c-ar-310584/,94999.0,69999.0,1,True
FRA-zocalo-pvc-eps-anti-humedad-piso-vinilic,Fravega,OTRAS,Herramientas,"Zocalo Pvc Eps Anti Humedad Piso Vinilico 7cm Blanco Venta x Tira de 240x1,2x7cm",https://www.fravega.com/p/zocalo-pvc-eps-anti-humedad-piso-vinilico-7cm-blanco-venta-x-tira-de-240x1-2x7cm-22716049/,10970.26,10299.0,1,True
FRA-amoladora-angular-taladro-percutor-daewo,Fravega,OTRAS,Herramientas,Amoladora Angular + Taladro Percutor Daewoo 750w Combo Pack,https://www.fravega.com/p/amoladora-angular-taladro-percutor-daewoo-750w-combo-pack-311188/,129999.0,89999.0,1,True
FRA-bomba-presurizadora-120w-2-banos-vasser-,Fravega,OTRAS,Herramientas,Bomba Presurizadora 120w 2 Banos Vasser By Motorarg Presion,https://www.fravega.com/p/bomba-presurizadora-120w-2-banos-vasser-by-motorarg-presion-22744477/,84800.8,47869.0,1,True
FRA-revestimiento-wall-panel-varillado-eps-s,Fravega,OTRAS,Herramientas,Revestimiento Wall Panel Varillado EPS Sólido 12mm x 290cm GRIS,https://www.fravega.com/p/revestimiento-wall-panel-varillado-eps-solido-12mm-x-290cm-gris-22864393/,16534.39,12499.0,1,True
FRA-revestimiento-wall-panel-decorativo-pare,Fravega,OTRAS,Herramientas,"Revestimiento Wall Panel Decorativo Pared Varillado Acanalado Eps Sólido Liston De 290x1,2x12cm Acabado Mate Color BlancoMarca Homeco.",https://www.fravega.com/p/revestimiento-wall-panel-decorativo-pared-varillado-acanalado-eps-solido-liston-de-290x1-2x12cm-acabado-mate-color-blancomarca-homeco--22716870/,16534.39,12499.0,1,True
FRA-amoladora-bosch-gws-700-professional-115,Fravega,BOSCH,Herramientas,Amoladora Bosch GWS 700 Professional 115mm 12000 RPM 220v,https://www.fravega.com/p/amoladora-bosch-gws-700-professional-115mm-12000-rpm-220v-310453/,154999.0,79999.0,1,True
FRA-escalera-de-aluminio-4x3-articulada-12-e,Fravega,OTRAS,Herramientas,Escalera de Aluminio 4x3 Articulada 12 Escalones Garden Life 3.42 mts Multipropósito,https://www.fravega.com/p/escalera-de-aluminio-4x3-articulada-12-escalones-garden-life-3-42-mts-multiproposito-311015/,179999.0,129999.0,1,True
FRA-motosierra-explosicion-52cc-espada-50cm-,Fravega,LG,Herramientas,Motosierra Explosicion 52cc Espada 50cm 20 PuLG Motor 2.5hp,https://www.fravega.com/p/motosierra-explosicion-52cc-espada-50cm-20-pulg-motor-2-5hp-22808505/,209248.76,111759.0,1,True
FRA-hidrolavadora-karcher-1300w-k-compacta-2,Fravega,OTRAS,Herramientas,Hidrolavadora Karcher 1300w K Compacta 220v Alta Presión Autostop,https://www.fravega.com/p/hidrolavadora-karcher-1300w-k-compacta-220v-alta-presion-autostop-311113/,199999.0,134999.0,1,True
FRA-sistema-de-sonido-philco-94tpl5500-negro,Fravega,PHILCO,Audio,Sistema de Sonido Philco 94TPL5500 Negro,https://www.fravega.com/p/sistema-de-sonido-philco-94tpl5500-negro-401381/,579999.0,499999.0,1,True
FRA-auriculares-inalambricos-sony-wf-c510-bz,Fravega,SONY,Audio,Auriculares Inalámbricos Sony WF-C510/BZ Negro,https://www.fravega.com/p/auriculares-inalambricos-sony-wf-c510-bz-negro-596855/,139999.0,109999.0,1,True
FRA-sistema-de-audio-philips-tax5309-77-4015,Fravega,PHILIPS,Audio,Sistema de Audio Philips TAX5309/77,https://www.fravega.com/p/sistema-de-audio-philips-tax5309-77-401521/,612019.0,499999.0,1,True
FRA-parlante-jbl-flip-7-negro-401562,Fravega,OTRAS,Audio,Parlante JBL Flip 7 Negro,https://www.fravega.com/p/parlante-jbl-flip-7-negro-401562/,314999.0,282999.0,1,True
FRA-auriculares-sony-wi-c100-bz-negro-596231,Fravega,SONY,Audio,Auriculares Sony WI-C100/BZ Negro,https://www.fravega.com/p/auriculares-sony-wi-c100-bz-negro-596231/,69999.0,59999.0,1,True
FRA-auricular-xiaomi-redmi-buds-5-pro-midnig,Fravega,XIAOMI,Audio,Auricular Xiaomi Redmi Buds 5 Pro Midnight Black Color Negro,https://www.fravega.com/p/auricular-xiaomi-redmi-buds-5-pro-midnight-black-color-negro-22652382/,137999.0,109999.0,1,True
FRA-parlante-soundcore-rave-3s-200w-karaoke-,Fravega,OTRAS,Audio,Parlante Soundcore Rave 3S 200W Karaoke con Inteligencia Artificial + 2 Micrófonos Inalámbricos,https://www.fravega.com/p/parlante-soundcore-rave-3s-200w-karaoke-con-inteligencia-artificial-2-microfonos-inalambricos-401587/,899999.0,604999.0,1,True
FRA-auriculares-bt-noblex-94hp350btw-white-5,Fravega,NOBLEX,Audio,Auriculares BT Noblex 94HP350BTW White,https://www.fravega.com/p/auriculares-bt-noblex-94hp350btw-white-596221/,55999.0,47999.0,1,True
FRA-parlante-portatil-panacom-sp-3044-401645,Fravega,OTRAS,Audio,Parlante Portátil Panacom SP-3044,https://www.fravega.com/p/parlante-portatil-panacom-sp-3044-401645/,89999.0,39999.0,1,True
FRA-auriculares-philips-tae2146bk-00-596766,Fravega,PHILIPS,Audio,Auriculares Philips TAE2146BK/00,https://www.fravega.com/p/auriculares-philips-tae2146bk-00-596766/,14999.0,11999.0,1,True
FRA-auriculares-xiaomi-redmi-buds-6-play-blu,Fravega,XIAOMI,Audio,Auriculares Xiaomi Redmi Buds 6 Play Bluetooth 5.4 Black Negro,https://www.fravega.com/p/auriculares-xiaomi-redmi-buds-6-play-bluetooth-5-4-black-negro-22624554/,37999.0,29999.0,1,True
FRA-parlante-soundcore-bt-boom-2--401585,Fravega,OTRAS,Audio,Parlante Soundcore BT Boom 2,https://www.fravega.com/p/parlante-soundcore-bt-boom-2--401585/,399999.0,302499.0,1,True
FRA-auricular-con-vincha-aiwa-aw-avb602n-597,Fravega,OTRAS,Audio,Auricular con Vincha Aiwa AW-AVB602N,https://www.fravega.com/p/auricular-con-vincha-aiwa-aw-avb602n-597402/,71099.0,59999.0,1,True
FRA-torre-de-sonido-aiwa-aw-t381-7000-watts-,Fravega,OTRAS,Audio,Torre de Sonido Aiwa AW-T381 7000 Watts + Micrófono,https://www.fravega.com/p/torre-de-sonido-aiwa-aw-t381-7000-watts-microfono-401702/,249999.0,159999.0,1,True
FRA-auriculares-inalambricos-tws-soundcore-b,Fravega,OTRAS,Audio,Auriculares Inalámbricos Tws Soundcore By Anker P30i Black Negro,https://www.fravega.com/p/auriculares-inalambricos-tws-soundcore-by-anker-p30i-black-negro-990283264/,53499.0,48999.0,1,True
FRA-auriculares-sony-wf-c710n-bzuc-596812,Fravega,SONY,Audio,Auriculares Sony WF-C710N/BZUC,https://www.fravega.com/p/auriculares-sony-wf-c710n-bzuc-596812/,199999.0,179999.0,1,True
FRA-parlante-portatil-bluetooth-philco-djp11,Fravega,PHILCO,Audio,Parlante Portátil Bluetooth Philco DJP11,https://www.fravega.com/p/parlante-portatil-bluetooth-philco-djp11-401443/,83999.0,59999.0,1,True
FRA-sistema-de-sonido-parlante-philco-tdp215,Fravega,PHILCO,Audio,Sistema de Sonido Parlante Philco TDP215,https://www.fravega.com/p/sistema-de-sonido-parlante-philco-tdp215-401698/,769999.0,549999.0,1,True
FRA-auriculares-jbl-bluetooth-tune-770nc-bla,Fravega,OTRAS,Audio,Auriculares JBL Bluetooth Tune 770NC Blanco,https://www.fravega.com/p/auriculares-jbl-bluetooth-tune-770nc-blanco-596251/,182849.0,151114.88,1,True
FRA-audifonos-inalambricos-xiaomi-redmi-buds,Fravega,XIAOMI,Audio,Audifonos Inalambricos Xiaomi Redmi Buds 6 Play Bt 5.4 Color Sky Blue,https://www.fravega.com/p/audifonos-inalambricos-xiaomi-redmi-buds-6-play-bt-5-4-color-sky-blue-22803217/,37999.0,29999.0,1,True
FRA-auriculares-admiral-ad-f9-negro-596383,Fravega,OTRAS,Audio,Auriculares Admiral AD-F9 Negro,https://www.fravega.com/p/auriculares-admiral-ad-f9-negro-596383/,12999.0,7999.0,1,True
FRA-auriculares-inalambricos-aiwa-twa-100-ne,Fravega,OTRAS,Audio,Auriculares Inalámbricos Aiwa TWA-100 Negro,https://www.fravega.com/p/auriculares-inalambricos-aiwa-twa-100-negro-596089/,44999.0,12999.0,1,True
FRA-auriculares-admiral-ad-m90-negro-596931,Fravega,OTRAS,Audio,Auriculares Admiral AD-M90 Negro,https://www.fravega.com/p/auriculares-admiral-ad-m90-negro-596931/,15999.0,7999.0,1,True
FRA-auriculares-admiral-ad-k6-negro-596363,Fravega,OTRAS,Audio,Auriculares Admiral AD-K6 Negro,https://www.fravega.com/p/auriculares-admiral-ad-k6-negro-596363/,12999.0,7999.0,1,True
FRA-auricular-aiwa-twa-80b-blanco-595837,Fravega,OTRAS,Audio,Auricular Aiwa TWA-80B Blanco,https://www.fravega.com/p/auricular-aiwa-twa-80b-blanco-595837/,29999.0,10999.0,1,True
FRA-auriculares-xiaomi-redmi-buds-6-play-blu,Fravega,XIAOMI,Audio,Auriculares Xiaomi Redmi Buds 6 Play Bluetooth 5.4 White,https://www.fravega.com/p/auriculares-xiaomi-redmi-buds-6-play-bluetooth-5-4-white-22624553/,34999.0,24999.0,1,True
FRA-parlante-portatil-jbl-go-4-red-402040,Fravega,OTRAS,Audio,Parlante Portátil JBL Go 4 Red,https://www.fravega.com/p/parlante-portatil-jbl-go-4-red-402040/,99999.0,69999.0,1,True
FRA-auricular-aiwa-twa-70n-negro-595753,Fravega,OTRAS,Audio,Auricular Aiwa TWA-70N Negro,https://www.fravega.com/p/auricular-aiwa-twa-70n-negro-595753/,39999.0,12999.0,1,True
FRA-auriculares-xiaomi-redmi-buds-6-play-neg,Fravega,XIAOMI,Audio,Auriculares Xiaomi Redmi Buds 6 Play Negro,https://www.fravega.com/p/auriculares-xiaomi-redmi-buds-6-play-negro-596467/,37999.0,31404.13,1,True
FRA-auriculares-soundcore-space-one-negro--5,Fravega,OTRAS,Audio,Auriculares Soundcore Space One Negro,https://www.fravega.com/p/auriculares-soundcore-space-one-negro--596476/,195999.0,179999.0,1,True
FRA-auriculares-ear-jbl-c50hi-cable-auxiliar,Fravega,OTRAS,Audio,Auriculares In-Ear JBL C50HI Cable Auxiliar 3.5mm Con Microfono,https://www.fravega.com/p/auriculares-ear-jbl-c50hi-cable-auxiliar-3-5mm-con-microfono-990285956/,10601.0,9540.9,1,True
FRA-sistema-de-sonido-philco-94tpl5500-negro,Fravega,PHILCO,Audio,Sistema de Sonido Philco 94TPL5500 Negro,https://www.fravega.com/p/sistema-de-sonido-philco-94tpl5500-negro-401381/,579999.0,499999.0,1,True
FRA-auriculares-inalambricos-sony-wf-c510-bz,Fravega,SONY,Audio,Auriculares Inalámbricos Sony WF-C510/BZ Negro,https://www.fravega.com/p/auriculares-inalambricos-sony-wf-c510-bz-negro-596855/,139999.0,109999.0,1,True
FRA-sistema-de-audio-philips-tax5309-77-4015,Fravega,PHILIPS,Audio,Sistema de Audio Philips TAX5309/77,https://www.fravega.com/p/sistema-de-audio-philips-tax5309-77-401521/,612019.0,499999.0,1,True
FRA-parlante-jbl-flip-7-negro-401562,Fravega,OTRAS,Audio,Parlante JBL Flip 7 Negro,https://www.fravega.com/p/parlante-jbl-flip-7-negro-401562/,314999.0,282999.0,1,True
FRA-auriculares-sony-wi-c100-bz-negro-596231,Fravega,SONY,Audio,Auriculares Sony WI-C100/BZ Negro,https://www.fravega.com/p/auriculares-sony-wi-c100-bz-negro-596231/,69999.0,59999.0,1,True
FRA-auricular-xiaomi-redmi-buds-5-pro-midnig,Fravega,XIAOMI,Audio,Auricular Xiaomi Redmi Buds 5 Pro Midnight Black Color Negro,https://www.fravega.com/p/auricular-xiaomi-redmi-buds-5-pro-midnight-black-color-negro-22652382/,137999.0,109999.0,1,True
FRA-parlante-soundcore-rave-3s-200w-karaoke-,Fravega,OTRAS,Audio,Parlante Soundcore Rave 3S 200W Karaoke con Inteligencia Artificial + 2 Micrófonos Inalámbricos,https://www.fravega.com/p/parlante-soundcore-rave-3s-200w-karaoke-con-inteligencia-artificial-2-microfonos-inalambricos-401587/,899999.0,604999.0,1,True
FRA-auriculares-bt-noblex-94hp350btw-white-5,Fravega,NOBLEX,Audio,Auriculares BT Noblex 94HP350BTW White,https://www.fravega.com/p/auriculares-bt-noblex-94hp350btw-white-596221/,55999.0,47999.0,1,True
FRA-parlante-portatil-panacom-sp-3044-401645,Fravega,OTRAS,Audio,Parlante Portátil Panacom SP-3044,https://www.fravega.com/p/parlante-portatil-panacom-sp-3044-401645/,89999.0,39999.0,1,True
FRA-auriculares-philips-tae2146bk-00-596766,Fravega,PHILIPS,Audio,Auriculares Philips TAE2146BK/00,https://www.fravega.com/p/auriculares-philips-tae2146bk-00-596766/,14999.0,11999.0,1,True
FRA-auriculares-xiaomi-redmi-buds-6-play-blu,Fravega,XIAOMI,Audio,Auriculares Xiaomi Redmi Buds 6 Play Bluetooth 5.4 Black Negro,https://www.fravega.com/p/auriculares-xiaomi-redmi-buds-6-play-bluetooth-5-4-black-negro-22624554/,37999.0,29999.0,1,True
FRA-parlante-soundcore-bt-boom-2--401585,Fravega,OTRAS,Audio,Parlante Soundcore BT Boom 2,https://www.fravega.com/p/parlante-soundcore-bt-boom-2--401585/,399999.0,302499.0,1,True
FRA-auricular-con-vincha-aiwa-aw-avb602n-597,Fravega,OTRAS,Audio,Auricular con Vincha Aiwa AW-AVB602N,https://www.fravega.com/p/auricular-con-vincha-aiwa-aw-avb602n-597402/,71099.0,59999.0,1,True
FRA-torre-de-sonido-aiwa-aw-t381-7000-watts-,Fravega,OTRAS,Audio,Torre de Sonido Aiwa AW-T381 7000 Watts + Micrófono,https://www.fravega.com/p/torre-de-sonido-aiwa-aw-t381-7000-watts-microfono-401702/,249999.0,159999.0,1,True
FRA-auriculares-inalambricos-tws-soundcore-b,Fravega,OTRAS,Audio,Auriculares Inalámbricos Tws Soundcore By Anker P30i Black Negro,https://www.fravega.com/p/auriculares-inalambricos-tws-soundcore-by-anker-p30i-black-negro-990283264/,53499.0,48999.0,1,True
FRA-auriculares-sony-wf-c710n-bzuc-596812,Fravega,SONY,Audio,Auriculares Sony WF-C710N/BZUC,https://www.fravega.com/p/auriculares-sony-wf-c710n-bzuc-596812/,199999.0,179999.0,1,True
FRA-parlante-portatil-bluetooth-philco-djp11,Fravega,PHILCO,Audio,Parlante Portátil Bluetooth Philco DJP11,https://www.fravega.com/p/parlante-portatil-bluetooth-philco-djp11-401443/,83999.0,59999.0,1,True
FRA-sistema-de-sonido-parlante-philco-tdp215,Fravega,PHILCO,Audio,Sistema de Sonido Parlante Philco TDP215,https://www.fravega.com/p/sistema-de-sonido-parlante-philco-tdp215-401698/,769999.0,549999.0,1,True
FRA-auriculares-jbl-bluetooth-tune-770nc-bla,Fravega,OTRAS,Audio,Auriculares JBL Bluetooth Tune 770NC Blanco,https://www.fravega.com/p/auriculares-jbl-bluetooth-tune-770nc-blanco-596251/,182849.0,151114.88,1,True
FRA-audifonos-inalambricos-xiaomi-redmi-buds,Fravega,XIAOMI,Audio,Audifonos Inalambricos Xiaomi Redmi Buds 6 Play Bt 5.4 Color Sky Blue,https://www.fravega.com/p/audifonos-inalambricos-xiaomi-redmi-buds-6-play-bt-5-4-color-sky-blue-22803217/,37999.0,29999.0,1,True
FRA-parlante-portatil-philco-94sph609-401481,Fravega,PHILCO,Audio,Parlante Portátil Philco 94SPH609,https://www.fravega.com/p/parlante-portatil-philco-94sph609-401481/,63999.0,39999.0,1,True
FRA-sistema-sonido-philco-94djp41-401509,Fravega,PHILCO,Audio,Sistema Sonido Philco 94DJP41,https://www.fravega.com/p/sistema-sonido-philco-94djp41-401509/,179999.0,129999.0,1,True
FRA-auriculares-inalambricos-sony-wh-ch520-b,Fravega,SONY,Audio,Auriculares Inalámbricos Sony WH-CH520/BZ Negro,https://www.fravega.com/p/auriculares-inalambricos-sony-wh-ch520-bz-negro-596844/,109999.0,99999.0,1,True
FRA-auriculares-jbl-wave-flex-tws-negro-5959,Fravega,OTRAS,Audio,Auriculares JBL Wave Flex TWS Negro,https://www.fravega.com/p/auriculares-jbl-wave-flex-tws-negro-595988/,129999.0,107437.19,1,True
FRA-auriculares-inalambricos-thinkplus-livep,Fravega,OTRAS,Audio,Auriculares Inalambricos Thinkplus Livepods Lp40 Pro Bt Negro,https://www.fravega.com/p/auriculares-inalambricos-thinkplus-livepods-lp40-pro-bt-negro-22724643/,24381.87,20318.0,1,True
FRA-auriculares-xiaomi-redmi-buds-6-play-blu,Fravega,XIAOMI,Audio,Auriculares Xiaomi Redmi Buds 6 Play Bluetooth 5.4 Rose,https://www.fravega.com/p/auriculares-xiaomi-redmi-buds-6-play-bluetooth-5-4-rose-22624555/,37999.0,29999.0,1,True
FRA-parlante-portatil-bluetooth-jbl-charge-6,Fravega,OTRAS,Audio,Parlante Portátil Bluetooth JBL Charge 6 Black,https://www.fravega.com/p/parlante-portatil-bluetooth-jbl-charge-6-black-401736/,429999.0,388999.0,1,True
FRA-auriculares-bluetooth-jbl-tune-flex-2-ne,Fravega,OTRAS,Audio,Auriculares Bluetooth JBL Tune Flex 2 negros,https://www.fravega.com/p/auriculares-bluetooth-jbl-tune-flex-2-negros-597003/,214999.0,177685.12,1,True
FRA-auriculares-ear-jbl-c50hi-cable-auxiliar,Fravega,OTRAS,Audio,Auriculares In-Ear JBL C50HI Cable Auxiliar Blanco,https://www.fravega.com/p/auriculares-ear-jbl-c50hi-cable-auxiliar-blanco-990285960/,10601.0,9540.9,1,True
FRA-auriculares-bluetooth-jbl-tune-buds-2-ne,Fravega,OTRAS,Audio,Auriculares Bluetooth JBL Tune Buds 2 Negros,https://www.fravega.com/p/auriculares-bluetooth-jbl-tune-buds-2-negros-596991/,199999.0,165288.43,1,True
FRA-sistema-de-sonido-philco-94tpl5500-negro,Fravega,PHILCO,Audio,Sistema de Sonido Philco 94TPL5500 Negro,https://www.fravega.com/p/sistema-de-sonido-philco-94tpl5500-negro-401381/,579999.0,499999.0,1,True
FRA-auriculares-inalambricos-sony-wf-c510-bz,Fravega,SONY,Audio,Auriculares Inalámbricos Sony WF-C510/BZ Negro,https://www.fravega.com/p/auriculares-inalambricos-sony-wf-c510-bz-negro-596855/,139999.0,109999.0,1,True
FRA-sistema-de-audio-philips-tax5309-77-4015,Fravega,PHILIPS,Audio,Sistema de Audio Philips TAX5309/77,https://www.fravega.com/p/sistema-de-audio-philips-tax5309-77-401521/,612019.0,499999.0,1,True
FRA-parlante-jbl-flip-7-negro-401562,Fravega,OTRAS,Audio,Parlante JBL Flip 7 Negro,https://www.fravega.com/p/parlante-jbl-flip-7-negro-401562/,314999.0,282999.0,1,True
FRA-auriculares-sony-wi-c100-bz-negro-596231,Fravega,SONY,Audio,Auriculares Sony WI-C100/BZ Negro,https://www.fravega.com/p/auriculares-sony-wi-c100-bz-negro-596231/,69999.0,59999.0,1,True
FRA-auricular-xiaomi-redmi-buds-5-pro-midnig,Fravega,XIAOMI,Audio,Auricular Xiaomi Redmi Buds 5 Pro Midnight Black Color Negro,https://www.fravega.com/p/auricular-xiaomi-redmi-buds-5-pro-midnight-black-color-negro-22652382/,137999.0,109999.0,1,True
FRA-parlante-soundcore-rave-3s-200w-karaoke-,Fravega,OTRAS,Audio,Parlante Soundcore Rave 3S 200W Karaoke con Inteligencia Artificial + 2 Micrófonos Inalámbricos,https://www.fravega.com/p/parlante-soundcore-rave-3s-200w-karaoke-con-inteligencia-artificial-2-microfonos-inalambricos-401587/,899999.0,604999.0,1,True
FRA-auriculares-bt-noblex-94hp350btw-white-5,Fravega,NOBLEX,Audio,Auriculares BT Noblex 94HP350BTW White,https://www.fravega.com/p/auriculares-bt-noblex-94hp350btw-white-596221/,55999.0,47999.0,1,True
FRA-parlante-portatil-panacom-sp-3044-401645,Fravega,OTRAS,Audio,Parlante Portátil Panacom SP-3044,https://www.fravega.com/p/parlante-portatil-panacom-sp-3044-401645/,89999.0,39999.0,1,True
FRA-auriculares-philips-tae2146bk-00-596766,Fravega,PHILIPS,Audio,Auriculares Philips TAE2146BK/00,https://www.fravega.com/p/auriculares-philips-tae2146bk-00-596766/,14999.0,11999.0,1,True
FRA-auriculares-xiaomi-redmi-buds-6-play-blu,Fravega,XIAOMI,Audio,Auriculares Xiaomi Redmi Buds 6 Play Bluetooth 5.4 Black Negro,https://www.fravega.com/p/auriculares-xiaomi-redmi-buds-6-play-bluetooth-5-4-black-negro-22624554/,37999.0,29999.0,1,True
FRA-parlante-soundcore-bt-boom-2--401585,Fravega,OTRAS,Audio,Parlante Soundcore BT Boom 2,https://www.fravega.com/p/parlante-soundcore-bt-boom-2--401585/,399999.0,302499.0,1,True
FRA-auricular-con-vincha-aiwa-aw-avb602n-597,Fravega,OTRAS,Audio,Auricular con Vincha Aiwa AW-AVB602N,https://www.fravega.com/p/auricular-con-vincha-aiwa-aw-avb602n-597402/,71099.0,59999.0,1,True
FRA-torre-de-sonido-aiwa-aw-t381-7000-watts-,Fravega,OTRAS,Audio,Torre de Sonido Aiwa AW-T381 7000 Watts + Micrófono,https://www.fravega.com/p/torre-de-sonido-aiwa-aw-t381-7000-watts-microfono-401702/,249999.0,159999.0,1,True
FRA-auriculares-inalambricos-tws-soundcore-b,Fravega,OTRAS,Audio,Auriculares Inalámbricos Tws Soundcore By Anker P30i Black Negro,https://www.fravega.com/p/auriculares-inalambricos-tws-soundcore-by-anker-p30i-black-negro-990283264/,53499.0,48999.0,1,True
FRA-auriculares-sony-wf-c710n-bzuc-596812,Fravega,SONY,Audio,Auriculares Sony WF-C710N/BZUC,https://www.fravega.com/p/auriculares-sony-wf-c710n-bzuc-596812/,199999.0,179999.0,1,True
FRA-parlante-portatil-bluetooth-philco-djp11,Fravega,PHILCO,Audio,Parlante Portátil Bluetooth Philco DJP11,https://www.fravega.com/p/parlante-portatil-bluetooth-philco-djp11-401443/,83999.0,59999.0,1,True
FRA-sistema-de-sonido-parlante-philco-tdp215,Fravega,PHILCO,Audio,Sistema de Sonido Parlante Philco TDP215,https://www.fravega.com/p/sistema-de-sonido-parlante-philco-tdp215-401698/,769999.0,549999.0,1,True
FRA-auriculares-jbl-bluetooth-tune-770nc-bla,Fravega,OTRAS,Audio,Auriculares JBL Bluetooth Tune 770NC Blanco,https://www.fravega.com/p/auriculares-jbl-bluetooth-tune-770nc-blanco-596251/,182849.0,151114.88,1,True
FRA-audifonos-inalambricos-xiaomi-redmi-buds,Fravega,XIAOMI,Audio,Audifonos Inalambricos Xiaomi Redmi Buds 6 Play Bt 5.4 Color Sky Blue,https://www.fravega.com/p/audifonos-inalambricos-xiaomi-redmi-buds-6-play-bt-5-4-color-sky-blue-22803217/,37999.0,29999.0,1,True
FRA-auriculares-inalambricos-gadnic-vincha-b,Fravega,OTRAS,Audio,Auriculares Inalámbricos Gadnic Vincha Bluetooth 5.0,https://www.fravega.com/p/auriculares-inalambricos-gadnic-vincha-bluetooth-5-0-990160774/,47059.0,36199.0,1,True
FRA-auriculares-inalambricos-gadnic-a164-vin,Fravega,OTRAS,Audio,Auriculares Inalámbricos Gadnic A164 Vincha Cancelación de Ruido,https://www.fravega.com/p/auriculares-inalambricos-gadnic-a164-vincha-cancelacion-de-ruido-990159742/,71174.0,54749.0,1,True
FRA-auriculares-jbl-tune-720bt-white-596864,Fravega,OTRAS,Audio,Auriculares JBL Tune 720BT White,https://www.fravega.com/p/auriculares-jbl-tune-720bt-white-596864/,132999.0,109916.53,1,True
FRA-torre-de-sonido-portatil-jvc-4800w-con-m,Fravega,OTRAS,Audio,Torre de Sonido Portátil JVC 4800W Con Micrófono XS-LA5214PB,https://www.fravega.com/p/torre-de-sonido-portatil-jvc-4800w-con-microfono-xs-la5214pb-990199687/,345399.0,204999.0,1,True
FRA-parlante-portatil-jbl-charge-5-negro-401,Fravega,OTRAS,Audio,Parlante Portatil JBL Charge 5 Negro,https://www.fravega.com/p/parlante-portatil-jbl-charge-5-negro-401879/,399999.0,349999.0,1,True
FRA-auriculares-vincha-plegable-telefunken-h,Fravega,OTRAS,Audio,Auriculares Vincha Plegable Telefunken H-300 Cable 1.2m Over Ear Negro,https://www.fravega.com/p/auriculares-vincha-plegable-telefunken-h-300-cable-1-2m-over-ear-negro-21194288/,25299.0,15179.0,1,True
FRA-auriculares-vincha-noga-unicorn-manos-li,Fravega,OTRAS,Audio,Auriculares Vincha Noga Unicorn Manos Libres Celular Tablet Violeta,https://www.fravega.com/p/auriculares-vincha-noga-unicorn-manos-libres-celular-tablet-violeta-990152498/,21821.0,6999.0,1,True
FRA-auriculares-samsung-tipo-c-eo-ic100-9900,Fravega,SAMSUNG,Audio,Auriculares Samsung Tipo C Eo-ic100,https://www.fravega.com/p/auriculares-samsung-tipo-c-eo-ic100-990016643/,42999.0,35536.36,1,True
FRA-parlante-portatil-bluetooth-jbl-clip-5-b,Fravega,OTRAS,Audio,Parlante Portátil Bluetooth JBL Clip 5 Blanco,https://www.fravega.com/p/parlante-portatil-bluetooth-jbl-clip-5-blanco-401598/,129999.0,107437.19,1,True
FRA-microfono-profesional-corbatero-noax-ina,Fravega,OTRAS,Audio,Micrófono Profesional Corbatero Noax Inalámbrico Type-c 2en1,https://www.fravega.com/p/microfono-profesional-corbatero-noax-inalambrico-type-c-2en1-22330432/,19299.0,16799.0,1,True
FRA-sistema-de-sonido-philco-94tpl5500-negro,Fravega,PHILCO,Audio,Sistema de Sonido Philco 94TPL5500 Negro,https://www.fravega.com/p/sistema-de-sonido-philco-94tpl5500-negro-401381/,579999.0,499999.0,1,True
FRA-auriculares-inalambricos-sony-wf-c510-bz,Fravega,SONY,Audio,Auriculares Inalámbricos Sony WF-C510/BZ Negro,https://www.fravega.com/p/auriculares-inalambricos-sony-wf-c510-bz-negro-596855/,139999.0,109999.0,1,True
FRA-sistema-de-audio-philips-tax5309-77-4015,Fravega,PHILIPS,Audio,Sistema de Audio Philips TAX5309/77,https://www.fravega.com/p/sistema-de-audio-philips-tax5309-77-401521/,612019.0,499999.0,1,True
FRA-parlante-jbl-flip-7-negro-401562,Fravega,OTRAS,Audio,Parlante JBL Flip 7 Negro,https://www.fravega.com/p/parlante-jbl-flip-7-negro-401562/,314999.0,282999.0,1,True
FRA-auriculares-sony-wi-c100-bz-negro-596231,Fravega,SONY,Audio,Auriculares Sony WI-C100/BZ Negro,https://www.fravega.com/p/auriculares-sony-wi-c100-bz-negro-596231/,69999.0,59999.0,1,True
FRA-auricular-xiaomi-redmi-buds-5-pro-midnig,Fravega,XIAOMI,Audio,Auricular Xiaomi Redmi Buds 5 Pro Midnight Black Color Negro,https://www.fravega.com/p/auricular-xiaomi-redmi-buds-5-pro-midnight-black-color-negro-22652382/,137999.0,109999.0,1,True
FRA-parlante-soundcore-rave-3s-200w-karaoke-,Fravega,OTRAS,Audio,Parlante Soundcore Rave 3S 200W Karaoke con Inteligencia Artificial + 2 Micrófonos Inalámbricos,https://www.fravega.com/p/parlante-soundcore-rave-3s-200w-karaoke-con-inteligencia-artificial-2-microfonos-inalambricos-401587/,899999.0,604999.0,1,True
FRA-auriculares-bt-noblex-94hp350btw-white-5,Fravega,NOBLEX,Audio,Auriculares BT Noblex 94HP350BTW White,https://www.fravega.com/p/auriculares-bt-noblex-94hp350btw-white-596221/,55999.0,47999.0,1,True
FRA-parlante-portatil-panacom-sp-3044-401645,Fravega,OTRAS,Audio,Parlante Portátil Panacom SP-3044,https://www.fravega.com/p/parlante-portatil-panacom-sp-3044-401645/,89999.0,39999.0,1,True
FRA-auriculares-philips-tae2146bk-00-596766,Fravega,PHILIPS,Audio,Auriculares Philips TAE2146BK/00,https://www.fravega.com/p/auriculares-philips-tae2146bk-00-596766/,14999.0,11999.0,1,True
FRA-auriculares-xiaomi-redmi-buds-6-play-blu,Fravega,XIAOMI,Audio,Auriculares Xiaomi Redmi Buds 6 Play Bluetooth 5.4 Black Negro,https://www.fravega.com/p/auriculares-xiaomi-redmi-buds-6-play-bluetooth-5-4-black-negro-22624554/,37999.0,29999.0,1,True
FRA-parlante-soundcore-bt-boom-2--401585,Fravega,OTRAS,Audio,Parlante Soundcore BT Boom 2,https://www.fravega.com/p/parlante-soundcore-bt-boom-2--401585/,399999.0,302499.0,1,True
FRA-auricular-con-vincha-aiwa-aw-avb602n-597,Fravega,OTRAS,Audio,Auricular con Vincha Aiwa AW-AVB602N,https://www.fravega.com/p/auricular-con-vincha-aiwa-aw-avb602n-597402/,71099.0,59999.0,1,True
FRA-torre-de-sonido-aiwa-aw-t381-7000-watts-,Fravega,OTRAS,Audio,Torre de Sonido Aiwa AW-T381 7000 Watts + Micrófono,https://www.fravega.com/p/torre-de-sonido-aiwa-aw-t381-7000-watts-microfono-401702/,249999.0,159999.0,1,True
FRA-auriculares-inalambricos-tws-soundcore-b,Fravega,OTRAS,Audio,Auriculares Inalámbricos Tws Soundcore By Anker P30i Black Negro,https://www.fravega.com/p/auriculares-inalambricos-tws-soundcore-by-anker-p30i-black-negro-990283264/,53499.0,48999.0,1,True
FRA-auriculares-sony-wf-c710n-bzuc-596812,Fravega,SONY,Audio,Auriculares Sony WF-C710N/BZUC,https://www.fravega.com/p/auriculares-sony-wf-c710n-bzuc-596812/,199999.0,179999.0,1,True
FRA-parlante-portatil-bluetooth-philco-djp11,Fravega,PHILCO,Audio,Parlante Portátil Bluetooth Philco DJP11,https://www.fravega.com/p/parlante-portatil-bluetooth-philco-djp11-401443/,83999.0,59999.0,1,True
FRA-sistema-de-sonido-parlante-philco-tdp215,Fravega,PHILCO,Audio,Sistema de Sonido Parlante Philco TDP215,https://www.fravega.com/p/sistema-de-sonido-parlante-philco-tdp215-401698/,769999.0,549999.0,1,True
FRA-auriculares-jbl-bluetooth-tune-770nc-bla,Fravega,OTRAS,Audio,Auriculares JBL Bluetooth Tune 770NC Blanco,https://www.fravega.com/p/auriculares-jbl-bluetooth-tune-770nc-blanco-596251/,182849.0,151114.88,1,True
FRA-audifonos-inalambricos-xiaomi-redmi-buds,Fravega,XIAOMI,Audio,Audifonos Inalambricos Xiaomi Redmi Buds 6 Play Bt 5.4 Color Sky Blue,https://www.fravega.com/p/audifonos-inalambricos-xiaomi-redmi-buds-6-play-bt-5-4-color-sky-blue-22803217/,37999.0,29999.0,1,True
FRA-philco-prc38-radio-am-fm-analogica-de-bo,Fravega,PHILCO,Audio,Philco Prc38 Radio Am/fm Analogica De Bolsillo C/parlante,https://www.fravega.com/p/philco-prc38-radio-am-fm-analogica-de-bolsillo-c-parlante-20024135/,29999.0,23399.0,1,True
FRA-auriculares-dekkin-manos-libres-conexion,Fravega,OTRAS,Audio,Auriculares Dekkin Manos Libres Conexión Usb C Au-068,https://www.fravega.com/p/auriculares-dekkin-manos-libres-conexion-usb-c-au-068-990144922/,18570.0,12999.01,1,True
FRA-sistema-de-audio-noblex-mnx1800-9800-wat,Fravega,NOBLEX,Audio,Sistema de Audio Noblex MNX1800 9800 Watts,https://www.fravega.com/p/sistema-de-audio-noblex-mnx1800-9800-watts-401520/,669999.0,529999.0,1,True
FRA-auriculares-c-mic-ear-samsung-jacks-3-5-,Fravega,SAMSUNG,Audio,AURICULARES C/MIC IN EAR SAMSUNG JACKS 3.5 MM EO-IA500BBEGWW NEGRO (8806092697324),https://www.fravega.com/p/auriculares-c-mic-ear-samsung-jacks-3-5-mm-eo-ia500bbegww-negro-8806092697324--22573478/,32087.0,22283.0,1,True
FRA-parlante-bluetooth-noblex-psb1000p-45w-p,Fravega,NOBLEX,Audio,Parlante Bluetooth Noblex Psb1000p 45w Portátil Tws,https://www.fravega.com/p/parlante-bluetooth-noblex-psb1000p-45w-portatil-tws-20066707/,134199.0,95599.0,1,True
FRA-parlante-portatil-bluetooth-jbl-grip-red,Fravega,OTRAS,Audio,Parlante Portátil Bluetooth JBL Grip Red,https://www.fravega.com/p/parlante-portatil-bluetooth-jbl-grip-red-401735/,209999.0,173552.89,1,True
FRA-auriculares-inalambricos-gamer-bluetooth,Fravega,LENOVO,Audio,Auriculares Inalambricos Gamer Bluetooth Lenovo Inear Negro,https://www.fravega.com/p/auriculares-inalambricos-gamer-bluetooth-lenovo-inear-negro-22809232/,27021.86,22518.0,1,True
FRA-auriculares-inalambricos-lenovo-ea330-bl,Fravega,LENOVO,Audio,Auriculares Inalámbricos Lenovo Ea330 Bluetooth Blanco,https://www.fravega.com/p/auriculares-inalambricos-lenovo-ea330-bluetooth-blanco-22501022/,49990.0,45239.82,1,True
FRA-auriculares-inalambricos-con-bluetooth-n,Fravega,PHILCO,Audio,Auriculares Inalámbricos con Bluetooth Negro Philco Plegables AP1706B,https://www.fravega.com/p/auriculares-inalambricos-con-bluetooth-negro-philco-plegables-ap1706b-990173178/,57199.0,35999.0,1,True
FRA-sistema-de-sonido-philco-tp12000-7800-wa,Fravega,PHILCO,Audio,Sistema de Sonido Philco TP12000 7800 Watts,https://www.fravega.com/p/sistema-de-sonido-philco-tp12000-7800-watts-401697/,369999.0,299999.0,1,True
FRA-auriculares-inalambrico-inear-xiaomi-red,Fravega,XIAOMI,Audio,Auriculares Inalambrico Inear Xiaomi Redmi Buds 6 Play Negro - Negro,https://www.fravega.com/p/auriculares-inalambrico-inear-xiaomi-redmi-buds-6-play-negro-negro-22724644/,32399.0,32218.0,1,True
FRA-microfono-inalambrico-corbatero-alta-cal,Fravega,OTRAS,Audio,Micrófono Inalámbrico Corbatero Alta Calidad de Sonido Waggs,https://www.fravega.com/p/microfono-inalambrico-corbatero-alta-calidad-de-sonido-waggs-22086887/,15386.0,12089.0,1,True
FRA-sistema-de-sonido-philco-94tpl5500-negro,Fravega,PHILCO,Audio,Sistema de Sonido Philco 94TPL5500 Negro,https://www.fravega.com/p/sistema-de-sonido-philco-94tpl5500-negro-401381/,579999.0,499999.0,1,True
FRA-auriculares-inalambricos-sony-wf-c510-bz,Fravega,SONY,Audio,Auriculares Inalámbricos Sony WF-C510/BZ Negro,https://www.fravega.com/p/auriculares-inalambricos-sony-wf-c510-bz-negro-596855/,139999.0,109999.0,1,True
FRA-sistema-de-audio-philips-tax5309-77-4015,Fravega,PHILIPS,Audio,Sistema de Audio Philips TAX5309/77,https://www.fravega.com/p/sistema-de-audio-philips-tax5309-77-401521/,612019.0,499999.0,1,True
FRA-parlante-jbl-flip-7-negro-401562,Fravega,OTRAS,Audio,Parlante JBL Flip 7 Negro,https://www.fravega.com/p/parlante-jbl-flip-7-negro-401562/,314999.0,282999.0,1,True
FRA-auriculares-sony-wi-c100-bz-negro-596231,Fravega,SONY,Audio,Auriculares Sony WI-C100/BZ Negro,https://www.fravega.com/p/auriculares-sony-wi-c100-bz-negro-596231/,69999.0,59999.0,1,True
FRA-auricular-xiaomi-redmi-buds-5-pro-midnig,Fravega,XIAOMI,Audio,Auricular Xiaomi Redmi Buds 5 Pro Midnight Black Color Negro,https://www.fravega.com/p/auricular-xiaomi-redmi-buds-5-pro-midnight-black-color-negro-22652382/,137999.0,109999.0,1,True
FRA-parlante-soundcore-rave-3s-200w-karaoke-,Fravega,OTRAS,Audio,Parlante Soundcore Rave 3S 200W Karaoke con Inteligencia Artificial + 2 Micrófonos Inalámbricos,https://www.fravega.com/p/parlante-soundcore-rave-3s-200w-karaoke-con-inteligencia-artificial-2-microfonos-inalambricos-401587/,899999.0,604999.0,1,True
FRA-auriculares-bt-noblex-94hp350btw-white-5,Fravega,NOBLEX,Audio,Auriculares BT Noblex 94HP350BTW White,https://www.fravega.com/p/auriculares-bt-noblex-94hp350btw-white-596221/,55999.0,47999.0,1,True
FRA-parlante-portatil-panacom-sp-3044-401645,Fravega,OTRAS,Audio,Parlante Portátil Panacom SP-3044,https://www.fravega.com/p/parlante-portatil-panacom-sp-3044-401645/,89999.0,39999.0,1,True
FRA-auriculares-philips-tae2146bk-00-596766,Fravega,PHILIPS,Audio,Auriculares Philips TAE2146BK/00,https://www.fravega.com/p/auriculares-philips-tae2146bk-00-596766/,14999.0,11999.0,1,True
FRA-auriculares-xiaomi-redmi-buds-6-play-blu,Fravega,XIAOMI,Audio,Auriculares Xiaomi Redmi Buds 6 Play Bluetooth 5.4 Black Negro,https://www.fravega.com/p/auriculares-xiaomi-redmi-buds-6-play-bluetooth-5-4-black-negro-22624554/,37999.0,29999.0,1,True
FRA-parlante-soundcore-bt-boom-2--401585,Fravega,OTRAS,Audio,Parlante Soundcore BT Boom 2,https://www.fravega.com/p/parlante-soundcore-bt-boom-2--401585/,399999.0,302499.0,1,True
FRA-auricular-con-vincha-aiwa-aw-avb602n-597,Fravega,OTRAS,Audio,Auricular con Vincha Aiwa AW-AVB602N,https://www.fravega.com/p/auricular-con-vincha-aiwa-aw-avb602n-597402/,71099.0,59999.0,1,True
FRA-torre-de-sonido-aiwa-aw-t381-7000-watts-,Fravega,OTRAS,Audio,Torre de Sonido Aiwa AW-T381 7000 Watts + Micrófono,https://www.fravega.com/p/torre-de-sonido-aiwa-aw-t381-7000-watts-microfono-401702/,249999.0,159999.0,1,True
FRA-auriculares-inalambricos-tws-soundcore-b,Fravega,OTRAS,Audio,Auriculares Inalámbricos Tws Soundcore By Anker P30i Black Negro,https://www.fravega.com/p/auriculares-inalambricos-tws-soundcore-by-anker-p30i-black-negro-990283264/,53499.0,48999.0,1,True
FRA-auriculares-sony-wf-c710n-bzuc-596812,Fravega,SONY,Audio,Auriculares Sony WF-C710N/BZUC,https://www.fravega.com/p/auriculares-sony-wf-c710n-bzuc-596812/,199999.0,179999.0,1,True
FRA-parlante-portatil-bluetooth-philco-djp11,Fravega,PHILCO,Audio,Parlante Portátil Bluetooth Philco DJP11,https://www.fravega.com/p/parlante-portatil-bluetooth-philco-djp11-401443/,83999.0,59999.0,1,True
FRA-sistema-de-sonido-parlante-philco-tdp215,Fravega,PHILCO,Audio,Sistema de Sonido Parlante Philco TDP215,https://www.fravega.com/p/sistema-de-sonido-parlante-philco-tdp215-401698/,769999.0,549999.0,1,True
FRA-auriculares-jbl-bluetooth-tune-770nc-bla,Fravega,OTRAS,Audio,Auriculares JBL Bluetooth Tune 770NC Blanco,https://www.fravega.com/p/auriculares-jbl-bluetooth-tune-770nc-blanco-596251/,182849.0,151114.88,1,True
FRA-audifonos-inalambricos-xiaomi-redmi-buds,Fravega,XIAOMI,Audio,Audifonos Inalambricos Xiaomi Redmi Buds 6 Play Bt 5.4 Color Sky Blue,https://www.fravega.com/p/audifonos-inalambricos-xiaomi-redmi-buds-6-play-bt-5-4-color-sky-blue-22803217/,37999.0,29999.0,1,True
FRA-auriculares-bluetooth-pro6-tws-blancos-2,Fravega,OTRAS,Audio,Auriculares Bluetooth Pro6 TWS Blancos,https://www.fravega.com/p/auriculares-bluetooth-pro6-tws-blancos-21244908/,15000.0,12900.0,1,True
FRA-auriculares-jbl-tune-520-bluetooth-on-ea,Fravega,OTRAS,Audio,Auriculares Jbl Tune 520 Bluetooth On Ear Negro,https://www.fravega.com/p/auriculares-jbl-tune-520-bluetooth-on-ear-negro-990288266/,85499.0,76949.1,1,True
FRA-radio-analogica-daewoo-dwr12bk-dual-pila,Fravega,OTRAS,Audio,Radio Analogica Daewoo Dwr12bk Dual Pilas y Cable,https://www.fravega.com/p/radio-analogica-daewoo-dwr12bk-dual-pilas-y-cable-990288001/,34199.0,30779.1,1,True
FRA-parlante-soundcore-bt-boom-2-plus-401586,Fravega,OTRAS,Audio,Parlante Soundcore BT Boom 2 Plus,https://www.fravega.com/p/parlante-soundcore-bt-boom-2-plus-401586/,599999.0,399999.0,1,True
FRA-audifonos-inalambricos-xiaomi-redmi-buds,Fravega,XIAOMI,Audio,Audifonos Inalambricos Xiaomi Redmi Buds 8 Lite White Blanco Blanco,https://www.fravega.com/p/audifonos-inalambricos-xiaomi-redmi-buds-8-lite-white-blanco-blanco-22740271/,74999.0,59999.0,1,True
FRA-auriculares-soundpeats-runfree-lite2-ope,Fravega,OTRAS,Audio,Auriculares Soundpeats Runfree Lite2 Open-ear Deportivo Ipx4,https://www.fravega.com/p/auriculares-soundpeats-runfree-lite2-open-ear-deportivo-ipx4-22643615/,81125.0,64900.0,1,True
FRA-auriculares-ear-lenovo-livepods-lp75-bla,Fravega,LENOVO,Audio,Auriculares In-ear Lenovo Livepods Lp75 Blanco Tws Sport,https://www.fravega.com/p/auriculares-ear-lenovo-livepods-lp75-blanco-tws-sport-22491880/,44990.0,40714.93,1,True
FRA-auriculares-bluetooth-f9-5-tws-negro-con,Fravega,OTRAS,Audio,Auriculares Bluetooth F9-5 TWS Negro con Power Bank,https://www.fravega.com/p/auriculares-bluetooth-f9-5-tws-negro-con-power-bank-21242204/,17500.0,13999.0,1,True
FRA-auriculares-jbl-wave-beam-2-black-990289,Fravega,OTRAS,Audio,Auriculares JBL Wave Beam 2 Black,https://www.fravega.com/p/auriculares-jbl-wave-beam-2-black-990289768/,174998.75,139999.0,1,True
FRA-jbl-quantum-100-p-lanzamiento-blanco-990,Fravega,OTRAS,Audio,JBL Quantum 100 P (Lanzamiento) Blanco,https://www.fravega.com/p/jbl-quantum-100-p-lanzamiento-blanco-990167306/,99998.75,79999.0,1,True
FRA-sistema-de-sonido-parlante-noblex-sq208g,Fravega,NOBLEX,Audio,Sistema de Sonido Parlante Noblex SQ208G1,https://www.fravega.com/p/sistema-de-sonido-parlante-noblex-sq208g1-401695/,469999.0,349999.0,1,True
FRA-torre-de-sonido-philips-bluetooth-tax220,Fravega,PHILIPS,Audio,Torre de sonido Philips Bluetooth TAX2208/00,https://www.fravega.com/p/torre-de-sonido-philips-bluetooth-tax2208-00-401465/,118429.0,97875.21,1,True
FRA-microfono-inalambrico-dji-mic-mini-2-tx-,Fravega,OTRAS,Audio,Microfono Inalambrico DJI Mic Mini 2 TX + 1 RX + Estuche Carga 400 m Cancelación Ruido Doble Canal Autonomía 48 h,https://www.fravega.com/p/microfono-inalambrico-dji-mic-mini-2-tx-1-rx-estuche-carga-400-m-cancelacion-ruido-doble-canal-autonomia-48-h-22866241/,489999.0,301989.0,1,True
FRA-radio-am-fm-daihatsu-d-rp400-pila-220v-i,Fravega,OTRAS,Audio,Radio Am Fm Daihatsu D-rp400 Pila 220v Impacto Online Negro,https://www.fravega.com/p/radio-am-fm-daihatsu-d-rp400-pila-220v-impacto-online-negro-22512339/,47490.0,45115.5,1,True
FRA-auriculares-inalambricos-headband-soundc,Fravega,OTRAS,Audio,Auriculares Inalámbricos Headband Soundcore By Anker Q30 Negro,https://www.fravega.com/p/auriculares-inalambricos-headband-soundcore-by-anker-q30-negro-990284267/,162999.0,139999.0,1,True
FRA-camara-de-impresion-instantanea-de-jugue,Fravega,OTRAS,Juguetes,Cámara de Impresión Instantánea de Juguete,https://www.fravega.com/p/camara-de-impresion-instantanea-de-juguete-351360/,74999.0,41999.0,1,True
FRA-triciclo-evolutivo-infantil-3-1-mu-color,Fravega,OTRAS,Juguetes,Triciclo Evolutivo Infantil 3 en 1 MU Color Beige 1-5 Años,https://www.fravega.com/p/triciclo-evolutivo-infantil-3-1-mu-color-beige-1-5-anos-351330/,212999.0,109999.0,1,True
FRA--lapiz-color-rosa-para-dibujar-3d-con-fi,Fravega,OTRAS,Juguetes,Lapiz Color Rosa Para Dibujar 3D Con Filamento De Regalo,https://www.fravega.com/p/-lapiz-color-rosa-para-dibujar-3d-con-filamento-de-regalo-21203124/,29999.0,20999.0,1,True
FRA-hot-wheels-pack-x5-autos-individuales-su,Fravega,OTRAS,Juguetes,Hot Wheels Pack X5 Autos Individuales Surtidos Mattel,https://www.fravega.com/p/hot-wheels-pack-x5-autos-individuales-surtidos-mattel-990049551/,37490.0,24990.0,1,True
FRA-mi-cocina-duravit-33-piezas-990049214,Fravega,OTRAS,Juguetes,Mi Cocina Duravit 33 Piezas,https://www.fravega.com/p/mi-cocina-duravit-33-piezas-990049214/,30990.0,24789.98,1,True
FRA-coche-transformer-policia-rd76-351054,Fravega,OTRAS,Juguetes,Coche Transformer Policia RD76,https://www.fravega.com/p/coche-transformer-policia-rd76-351054/,29999.0,16999.0,1,True
FRA-camara-de-fotos-rosa-gadnic-ck32-digital,Fravega,OTRAS,Juguetes,Cámara de Fotos Rosa Gadnic CK32 Digital Para Niños Función Resistente a Golpes,https://www.fravega.com/p/camara-de-fotos-rosa-gadnic-ck32-digital-para-ninos-funcion-resistente-a-golpes-990217288/,52259.0,40199.0,1,True
FRA-juego-de-mesa-uno-de-mattel-351305,Fravega,OTRAS,Juguetes,Juego de Mesa Uno de Mattel,https://www.fravega.com/p/juego-de-mesa-uno-de-mattel-351305/,19999.0,10999.0,1,True
FRA-catan-juego-de-mesa-devir-40-4011-at-990,Fravega,OTRAS,Juguetes,Catan Juego de Mesa Devir 40-4011 At,https://www.fravega.com/p/catan-juego-de-mesa-devir-40-4011-at-990165684/,124990.0,104990.01,1,True
FRA-peluche-inflable-isakito-monstruo-violet,Fravega,OTRAS,Juguetes,Peluche Inflable Isakito Monstruo Violeta,https://www.fravega.com/p/peluche-inflable-isakito-monstruo-violeta-351033/,34999.0,20999.0,1,True
FRA-cuatriciclo-a-bateria-cm-tjb13688-rojo-9,Fravega,OTRAS,Juguetes,Cuatriciclo a Bateria Cm-tjb13688 Rojo,https://www.fravega.com/p/cuatriciclo-a-bateria-cm-tjb13688-rojo-990246831/,219990.0,159990.0,1,True
FRA-juego-de-mesa-taco-gato-cabra-queso-pizz,Fravega,OTRAS,Juguetes,Juego De Mesa Taco Gato Cabra Queso Pizza Tgcqp Buro,https://www.fravega.com/p/juego-de-mesa-taco-gato-cabra-queso-pizza-tgcqp-buro-990159423/,19350.0,16191.0,1,True
FRA-amigos-de-mierda-juego-cartas-para-previ,Fravega,OTRAS,Juguetes,Amigos de Mierda Juego Cartas para Previa Bureau,https://www.fravega.com/p/amigos-de-mierda-juego-cartas-para-previa-bureau-990049465/,19350.0,16915.0,1,True
FRA-teclado-musical-gadnic-organo-61-teclas-,Fravega,OTRAS,Juguetes,Teclado Musical Gadnic Órgano 61 Teclas,https://www.fravega.com/p/teclado-musical-gadnic-organo-61-teclas-20049917/,132989.0,102299.0,1,True
FRA-auto-a-bateria-mecano-3052-blanco-12v-co,Fravega,OTRAS,Juguetes,Auto a Bateria Mecano 3052 Blanco 12V con control remoto,https://www.fravega.com/p/auto-a-bateria-mecano-3052-blanco-12v-con-control-remoto-20060689/,452300.0,249999.0,1,True
FRA-pizarra-magica-12-color-3852-351633,Fravega,OTRAS,Juguetes,Pizarra Mágica 12 Color 3852,https://www.fravega.com/p/pizarra-magica-12-color-3852-351633/,9999.0,3999.0,1,True
FRA-triciclo-evolutivo-infantil-3-1-mu-color,Fravega,OTRAS,Juguetes,Triciclo Evolutivo Infantil 3 en 1 MU Color Negro 1-5 Años,https://www.fravega.com/p/triciclo-evolutivo-infantil-3-1-mu-color-negro-1-5-anos-351045/,212999.0,109999.0,1,True
FRA-cuatriciclo-a-bateria-stark-naranja-3510,Fravega,OTRAS,Juguetes,Cuatriciclo a Batería Stark Naranja,https://www.fravega.com/p/cuatriciclo-a-bateria-stark-naranja-351048/,149999.0,129999.0,1,True
FRA-juego-de-mesa-basta-juego-de-palabras-11,Fravega,OTRAS,Juguetes,Juego De Mesa Basta Juego De Palabras 1100 Shine,https://www.fravega.com/p/juego-de-mesa-basta-juego-de-palabras-1100-shine-990242478/,24990.0,17990.0,1,True
FRA-mesa-y-bancos-sillas-infantil-montessori,Fravega,OTRAS,Juguetes,Mesa Y Bancos Sillas Infantil Montessori Aprendizaje Niño - Blanco,https://www.fravega.com/p/mesa-y-bancos-sillas-infantil-montessori-aprendizaje-nino-blanco-22646756/,165000.0,81950.0,1,True
FRA-puzzle-1000-pzs-noche-estrellada-88317-1,Fravega,OTRAS,Juguetes,Puzzle 1000 Pzs Noche Estrellada 88317 1979846 Shine,https://www.fravega.com/p/puzzle-1000-pzs-noche-estrellada-88317-1979846-shine-990143807/,20990.0,16990.0,1,True
FRA-puzzle-rompecabeza-1000-pzs-mapamundi-an,Fravega,OTRAS,Juguetes,Puzzle Rompecabeza 1000 Pzs Mapamundi Antiguo 88319 1979870 Shine,https://www.fravega.com/p/puzzle-rompecabeza-1000-pzs-mapamundi-antiguo-88319-1979870-shine--990049564/,20990.0,16990.0,1,True
FRA-tiny-fantasy-set-de-unas-infantil-53702-,Fravega,OTRAS,Juguetes,Tiny Fantasy Set De Uñas Infantil 53702,https://www.fravega.com/p/tiny-fantasy-set-de-unas-infantil-53702-990054043/,9990.0,6490.0,1,True
FRA-bloques-de-construccion-gadnic-magnetico,Fravega,OTRAS,Juguetes,Bloques De Construcción Gadnic Magnéticos 120 Piezas De Juguetes Para Niños,https://www.fravega.com/p/bloques-de-construccion-gadnic-magneticos-120-piezas-de-juguetes-para-ninos-990072122/,113489.0,87298.98,1,True
FRA-duravit-juego-set-de-mate-618-990160093,Fravega,OTRAS,Juguetes,Duravit Juego Set De Mate 618,https://www.fravega.com/p/duravit-juego-set-de-mate-618-990160093/,7290.0,6490.0,1,True
FRA-auto-a-radio-control-spiderman-con-volan,Fravega,OTRAS,Juguetes,Auto a Radio Control Spiderman con Volante Ditoys,https://www.fravega.com/p/auto-a-radio-control-spiderman-con-volante-ditoys-351070/,24999.0,17999.0,1,True
FRA-camara-de-impresion-instantanea-de-jugue,Fravega,OTRAS,Juguetes,Cámara de Impresión Instantánea de Juguete,https://www.fravega.com/p/camara-de-impresion-instantanea-de-juguete-351360/,74999.0,41999.0,1,True
FRA-triciclo-evolutivo-infantil-3-1-mu-color,Fravega,OTRAS,Juguetes,Triciclo Evolutivo Infantil 3 en 1 MU Color Beige 1-5 Años,https://www.fravega.com/p/triciclo-evolutivo-infantil-3-1-mu-color-beige-1-5-anos-351330/,212999.0,109999.0,1,True
FRA--lapiz-color-rosa-para-dibujar-3d-con-fi,Fravega,OTRAS,Juguetes,Lapiz Color Rosa Para Dibujar 3D Con Filamento De Regalo,https://www.fravega.com/p/-lapiz-color-rosa-para-dibujar-3d-con-filamento-de-regalo-21203124/,29999.0,20999.0,1,True
FRA-hot-wheels-pack-x5-autos-individuales-su,Fravega,OTRAS,Juguetes,Hot Wheels Pack X5 Autos Individuales Surtidos Mattel,https://www.fravega.com/p/hot-wheels-pack-x5-autos-individuales-surtidos-mattel-990049551/,37490.0,24990.0,1,True
FRA-mi-cocina-duravit-33-piezas-990049214,Fravega,OTRAS,Juguetes,Mi Cocina Duravit 33 Piezas,https://www.fravega.com/p/mi-cocina-duravit-33-piezas-990049214/,30990.0,24789.98,1,True
FRA-coche-transformer-policia-rd76-351054,Fravega,OTRAS,Juguetes,Coche Transformer Policia RD76,https://www.fravega.com/p/coche-transformer-policia-rd76-351054/,29999.0,16999.0,1,True
FRA-camara-de-fotos-rosa-gadnic-ck32-digital,Fravega,OTRAS,Juguetes,Cámara de Fotos Rosa Gadnic CK32 Digital Para Niños Función Resistente a Golpes,https://www.fravega.com/p/camara-de-fotos-rosa-gadnic-ck32-digital-para-ninos-funcion-resistente-a-golpes-990217288/,52259.0,40199.0,1,True
FRA-juego-de-mesa-uno-de-mattel-351305,Fravega,OTRAS,Juguetes,Juego de Mesa Uno de Mattel,https://www.fravega.com/p/juego-de-mesa-uno-de-mattel-351305/,19999.0,10999.0,1,True
FRA-catan-juego-de-mesa-devir-40-4011-at-990,Fravega,OTRAS,Juguetes,Catan Juego de Mesa Devir 40-4011 At,https://www.fravega.com/p/catan-juego-de-mesa-devir-40-4011-at-990165684/,124990.0,104990.01,1,True
FRA-pista-hot-wheels-city-garage-351293,Fravega,OTRAS,Juguetes,Pista Hot Wheels City Garage,https://www.fravega.com/p/pista-hot-wheels-city-garage-351293/,69999.0,57850.41,1,True
FRA-tablet-kids-multilaser-marvel-avengers-9,Fravega,OTRAS,Juguetes,Tablet Kids Multilaser Marvel Avengers,https://www.fravega.com/p/tablet-kids-multilaser-marvel-avengers-990167344/,181123.75,144899.0,1,True
FRA-peluche-inflable-isakito-monstruo-violet,Fravega,OTRAS,Juguetes,Peluche Inflable Isakito Monstruo Violeta,https://www.fravega.com/p/peluche-inflable-isakito-monstruo-violeta-351033/,34999.0,20999.0,1,True
FRA-cuatriciclo-a-bateria-cm-tjb13688-rojo-9,Fravega,OTRAS,Juguetes,Cuatriciclo a Bateria Cm-tjb13688 Rojo,https://www.fravega.com/p/cuatriciclo-a-bateria-cm-tjb13688-rojo-990246831/,219990.0,159990.0,1,True
FRA-juego-de-mesa-bisonte-palabras-prohibida,Fravega,OTRAS,Juguetes,Juego de Mesa Bisonte Palabras Prohibidas,https://www.fravega.com/p/juego-de-mesa-bisonte-palabras-prohibidas-350720/,39999.0,33057.02,1,True
FRA-cama-elastica-infantil-140cm-hogar-bounc,Fravega,OTRAS,Juguetes,Cama Elástica Infantil 140cm Hogar Bounce Rosa,https://www.fravega.com/p/cama-elastica-infantil-140cm-hogar-bounce-rosa-22652821/,300000.0,169990.0,1,True
FRA-juego-de-mesa-rummy-burako-edicion-delux,Fravega,OTRAS,Juguetes,Juego de Mesa Rummy Burako Edición Deluxe Ditoys,https://www.fravega.com/p/juego-de-mesa-rummy-burako-edicion-deluxe-ditoys-351138/,29999.0,18999.0,1,True
FRA-juego-de-mesa-taco-gato-cabra-queso-pizz,Fravega,OTRAS,Juguetes,Juego De Mesa Taco Gato Cabra Queso Pizza Tgcqp Buro,https://www.fravega.com/p/juego-de-mesa-taco-gato-cabra-queso-pizza-tgcqp-buro-990159423/,19350.0,16191.0,1,True
FRA-celular-de-juguete-stitch-ditoys-351230,Fravega,OTRAS,Juguetes,Celular de Juguete Stitch Ditoys,https://www.fravega.com/p/celular-de-juguete-stitch-ditoys-351230/,19999.0,16528.1,1,True
FRA-amigos-de-mierda-juego-cartas-para-previ,Fravega,OTRAS,Juguetes,Amigos de Mierda Juego Cartas para Previa Bureau,https://www.fravega.com/p/amigos-de-mierda-juego-cartas-para-previa-bureau-990049465/,19350.0,16915.0,1,True
FRA-teclado-musical-gadnic-organo-61-teclas-,Fravega,OTRAS,Juguetes,Teclado Musical Gadnic Órgano 61 Teclas,https://www.fravega.com/p/teclado-musical-gadnic-organo-61-teclas-20049917/,132989.0,102299.0,1,True
FRA-moto-a-bateria-honda-cbr1000-cosco-roja-,Fravega,OTRAS,Juguetes,Moto a Batería Honda CBR1000 Cosco Roja,https://www.fravega.com/p/moto-a-bateria-honda-cbr1000-cosco-roja-990291961/,499999.0,269999.0,1,True
FRA-cama-elastica-gadnic-304-mts-con-red-de-,Fravega,OTRAS,Juguetes,Cama Elástica Gadnic 304 mts Con Red de Seguridad Reforzada,https://www.fravega.com/p/cama-elastica-gadnic-304-mts-con-red-de-seguridad-reforzada-990274703/,507454.0,390349.0,1,True
FRA-bloques-magneticos-cubos-steam-minecraft,Fravega,OTRAS,Juguetes,Bloques Magnéticos Cubos Steam Minecraft Shine 2960033 88,https://www.fravega.com/p/bloques-magneticos-cubos-steam-minecraft-shine-2960033-88-990263351/,66990.0,49990.0,1,True
FRA-duravit-mini-moldes-8-piezas-apilables-6,Fravega,OTRAS,Juguetes,Duravit Mini Moldes 8 Piezas Apilables 658,https://www.fravega.com/p/duravit-mini-moldes-8-piezas-apilables-658-990054118/,4290.0,3432.0,1,True
FRA-pistola-lanza-dardo-x-shot-blastercorn-u,Fravega,OTRAS,Juguetes,Pistola Lanza Dardo X-Shot Blastercorn Unicornio,https://www.fravega.com/p/pistola-lanza-dardo-x-shot-blastercorn-unicornio-351024/,24999.0,17999.0,1,True
FRA-juego-mesa-y-sillas-infantil-montessori-,Fravega,OTRAS,Juguetes,Juego Mesa Y Sillas Infantil Montessori Con Respaldo Niño - Blanco,https://www.fravega.com/p/juego-mesa-y-sillas-infantil-montessori-con-respaldo-nino-blanco-22646764/,220000.0,120000.0,1,True
FRA-auto-a-bateria-mecano-3052-rojo-12v-con-,Fravega,OTRAS,Juguetes,Auto a Bateria Mecano 3052 Rojo 12V con control remoto,https://www.fravega.com/p/auto-a-bateria-mecano-3052-rojo-12v-con-control-remoto-20060688/,452300.0,249999.0,1,True
FRA-cama-elastica-gadnic-1-4m-con-red-seguri,Fravega,OTRAS,Juguetes,Cama Elastica Gadnic 1.4m Con Red Seguridad Juegos Incluidos Estructura Galvanizada Hasta 100kg Interior,https://www.fravega.com/p/cama-elastica-gadnic-1-4m-con-red-seguridad-juegos-incluidos-estructura-galvanizada-hasta-100kg-interior-990287839/,340469.0,261898.99,1,True
FRA-bburago-escala-1-43-bwt-alpine-f1-team-c,Fravega,OTRAS,Juguetes,Bburago Escala 1:43 Bwt Alpine F1 Team Colapinto 18-38257,https://www.fravega.com/p/bburago-escala-1-43-bwt-alpine-f1-team-colapinto-18-38257-990268834/,49990.0,39989.99,1,True
FRA-panlos-brick-bloques-f1-3059471-99024974,Fravega,OTRAS,Juguetes,Panlos Brick Bloques F1 3059471,https://www.fravega.com/p/panlos-brick-bloques-f1-3059471-990249745/,37990.0,19990.0,1,True
FRA-pack-de-pulseras-luminosas-quimicas-ziye,Fravega,OTRAS,Juguetes,Pack de Pulseras Luminosas Químicas Ziyen De Neón X50,https://www.fravega.com/p/pack-de-pulseras-luminosas-quimicas-ziyen-de-neon-x50-990170180/,5784.0,4449.0,1,True
FRA-juego-de-mesa-ludo-matic-1209799-9901528,Fravega,OTRAS,Juguetes,Juego De Mesa Ludo Matic 1209799,https://www.fravega.com/p/juego-de-mesa-ludo-matic-1209799-990152877/,6490.0,5363.64,1,True
FRA-puzzle-500-pzs-scenic-spot-st-moritz-sui,Fravega,OTRAS,Juguetes,Puzzle 500 Pzs Scenic Spot St Moritz Suiza 88038 1584472,https://www.fravega.com/p/puzzle-500-pzs-scenic-spot-st-moritz-suiza-88038-1584472-990143169/,12990.0,9990.0,1,True
FRA-camara-de-impresion-instantanea-de-jugue,Fravega,OTRAS,Juguetes,Cámara de Impresión Instantánea de Juguete,https://www.fravega.com/p/camara-de-impresion-instantanea-de-juguete-351360/,74999.0,41999.0,1,True
FRA-triciclo-evolutivo-infantil-3-1-mu-color,Fravega,OTRAS,Juguetes,Triciclo Evolutivo Infantil 3 en 1 MU Color Beige 1-5 Años,https://www.fravega.com/p/triciclo-evolutivo-infantil-3-1-mu-color-beige-1-5-anos-351330/,212999.0,109999.0,1,True
FRA--lapiz-color-rosa-para-dibujar-3d-con-fi,Fravega,OTRAS,Juguetes,Lapiz Color Rosa Para Dibujar 3D Con Filamento De Regalo,https://www.fravega.com/p/-lapiz-color-rosa-para-dibujar-3d-con-filamento-de-regalo-21203124/,29999.0,20999.0,1,True
FRA-hot-wheels-pack-x5-autos-individuales-su,Fravega,OTRAS,Juguetes,Hot Wheels Pack X5 Autos Individuales Surtidos Mattel,https://www.fravega.com/p/hot-wheels-pack-x5-autos-individuales-surtidos-mattel-990049551/,37490.0,24990.0,1,True
FRA-mi-cocina-duravit-33-piezas-990049214,Fravega,OTRAS,Juguetes,Mi Cocina Duravit 33 Piezas,https://www.fravega.com/p/mi-cocina-duravit-33-piezas-990049214/,30990.0,24789.98,1,True
FRA-coche-transformer-policia-rd76-351054,Fravega,OTRAS,Juguetes,Coche Transformer Policia RD76,https://www.fravega.com/p/coche-transformer-policia-rd76-351054/,29999.0,16999.0,1,True
FRA-camara-de-fotos-rosa-gadnic-ck32-digital,Fravega,OTRAS,Juguetes,Cámara de Fotos Rosa Gadnic CK32 Digital Para Niños Función Resistente a Golpes,https://www.fravega.com/p/camara-de-fotos-rosa-gadnic-ck32-digital-para-ninos-funcion-resistente-a-golpes-990217288/,52259.0,40199.0,1,True
FRA-juego-de-mesa-uno-de-mattel-351305,Fravega,OTRAS,Juguetes,Juego de Mesa Uno de Mattel,https://www.fravega.com/p/juego-de-mesa-uno-de-mattel-351305/,19999.0,10999.0,1,True
FRA-catan-juego-de-mesa-devir-40-4011-at-990,Fravega,OTRAS,Juguetes,Catan Juego de Mesa Devir 40-4011 At,https://www.fravega.com/p/catan-juego-de-mesa-devir-40-4011-at-990165684/,124990.0,104990.01,1,True
FRA-pista-hot-wheels-city-garage-351293,Fravega,OTRAS,Juguetes,Pista Hot Wheels City Garage,https://www.fravega.com/p/pista-hot-wheels-city-garage-351293/,69999.0,57850.41,1,True
FRA-tablet-kids-multilaser-marvel-avengers-9,Fravega,OTRAS,Juguetes,Tablet Kids Multilaser Marvel Avengers,https://www.fravega.com/p/tablet-kids-multilaser-marvel-avengers-990167344/,181123.75,144899.0,1,True
FRA-peluche-inflable-isakito-monstruo-violet,Fravega,OTRAS,Juguetes,Peluche Inflable Isakito Monstruo Violeta,https://www.fravega.com/p/peluche-inflable-isakito-monstruo-violeta-351033/,34999.0,20999.0,1,True
FRA-cuatriciclo-a-bateria-cm-tjb13688-rojo-9,Fravega,OTRAS,Juguetes,Cuatriciclo a Bateria Cm-tjb13688 Rojo,https://www.fravega.com/p/cuatriciclo-a-bateria-cm-tjb13688-rojo-990246831/,219990.0,159990.0,1,True
FRA-juego-de-mesa-bisonte-palabras-prohibida,Fravega,OTRAS,Juguetes,Juego de Mesa Bisonte Palabras Prohibidas,https://www.fravega.com/p/juego-de-mesa-bisonte-palabras-prohibidas-350720/,39999.0,33057.02,1,True
FRA-cama-elastica-infantil-140cm-hogar-bounc,Fravega,OTRAS,Juguetes,Cama Elástica Infantil 140cm Hogar Bounce Rosa,https://www.fravega.com/p/cama-elastica-infantil-140cm-hogar-bounce-rosa-22652821/,300000.0,169990.0,1,True
FRA-juego-de-mesa-rummy-burako-edicion-delux,Fravega,OTRAS,Juguetes,Juego de Mesa Rummy Burako Edición Deluxe Ditoys,https://www.fravega.com/p/juego-de-mesa-rummy-burako-edicion-deluxe-ditoys-351138/,29999.0,18999.0,1,True
FRA-juego-de-mesa-taco-gato-cabra-queso-pizz,Fravega,OTRAS,Juguetes,Juego De Mesa Taco Gato Cabra Queso Pizza Tgcqp Buro,https://www.fravega.com/p/juego-de-mesa-taco-gato-cabra-queso-pizza-tgcqp-buro-990159423/,19350.0,16191.0,1,True
FRA-celular-de-juguete-stitch-ditoys-351230,Fravega,OTRAS,Juguetes,Celular de Juguete Stitch Ditoys,https://www.fravega.com/p/celular-de-juguete-stitch-ditoys-351230/,19999.0,16528.1,1,True
FRA-amigos-de-mierda-juego-cartas-para-previ,Fravega,OTRAS,Juguetes,Amigos de Mierda Juego Cartas para Previa Bureau,https://www.fravega.com/p/amigos-de-mierda-juego-cartas-para-previa-bureau-990049465/,19350.0,16915.0,1,True
FRA-teclado-musical-gadnic-organo-61-teclas-,Fravega,OTRAS,Juguetes,Teclado Musical Gadnic Órgano 61 Teclas,https://www.fravega.com/p/teclado-musical-gadnic-organo-61-teclas-20049917/,132989.0,102299.0,1,True
FRA-cama-elastica-6ft-1-83m-red-de-seguridad,Fravega,OTRAS,Juguetes,"Cama Elástica 6ft 1,83m Red de Seguridad 100kg Azul",https://www.fravega.com/p/cama-elastica-6ft-1-83m-red-de-seguridad-100kg-azul-351431/,399999.0,269999.0,1,True
FRA-set-de-walkie-talkie-spiderman-ditoys-35,Fravega,OTRAS,Juguetes,Set de Walkie Talkie Spiderman Ditoys,https://www.fravega.com/p/set-de-walkie-talkie-spiderman-ditoys-351215/,34999.0,19999.0,1,True
FRA-moto-a-bateria-stark-policia-rojo-350924,Fravega,OTRAS,Juguetes,Moto a Batería Stark Policía Rojo,https://www.fravega.com/p/moto-a-bateria-stark-policia-rojo-350924/,134999.0,79999.0,1,True
FRA-mini-trampolin-vxplay-1mts-gimnasia-fitn,Fravega,OTRAS,Juguetes,Mini Trampolin Vxplay 1mts Gimnasia Fitness,https://www.fravega.com/p/mini-trampolin-vxplay-1mts-gimnasia-fitness-22656914/,92742.0,76646.28,1,True
FRA-pizarra-magica-luz-led-acrilico-40cmx30-,Fravega,OTRAS,Juguetes,Pizarra Mágica Luz Led Acrílico 40cmx30.5cm Usb Accesorios Color Transparente,https://www.fravega.com/p/pizarra-magica-luz-led-acrilico-40cmx30-5cm-usb-accesorios-color-transparente-22647392/,28854.0,25969.0,1,True
FRA-cama-elastica-gadnic-244-cm-8-ft-con-red,Fravega,OTRAS,Juguetes,Cama Elástica Gadnic 244 cm 8 ft Con Red De Protección,https://www.fravega.com/p/cama-elastica-gadnic-244-cm-8-ft-con-red-de-proteccion-990284287/,391992.0,301532.0,1,True
FRA-phi-phi-peluche-zootopia-2-castor-25cm-z,Fravega,OTRAS,Juguetes,Phi Phi Peluche Zootopia 2 Castor 25cm Zt007 - Marrón,https://www.fravega.com/p/phi-phi-peluche-zootopia-2-castor-25cm-zt007-marron-990265692/,39990.0,23990.0,1,True
FRA-chicco-cancelletto-nightlight-barrera-de,Fravega,CHICCO,Juguetes,Chicco Cancelletto Nightlight Barrera De Metal 613791,https://www.fravega.com/p/chicco-cancelletto-nightlight-barrera-de-metal-613791-990262218/,179990.0,79990.0,1,True
FRA-alfombra-de-agua-121-bebesit-marina-cele,Fravega,OTRAS,Juguetes,Alfombra de agua 121 Bebesit Marina Celeste,https://www.fravega.com/p/alfombra-de-agua-121-bebesit-marina-celeste-990230120/,27120.0,19992.0,1,True
FRA-triciclo-bebesit-rojo-360-joy-3-con-luz-,Fravega,OTRAS,Juguetes,Triciclo Bebesit rojo 360° Joy 3 con luz y barra de empuje,https://www.fravega.com/p/triciclo-bebesit-rojo-360-joy-3-con-luz-y-barra-de-empuje-990182779/,286092.0,189726.0,1,True
FRA-muneco-gummymals-oso-rojo-mascota-intera,Fravega,OTRAS,Juguetes,Muñeco Gummymals Oso Rojo Mascota Interactiva Gum001-r,https://www.fravega.com/p/muneco-gummymals-oso-rojo-mascota-interactiva-gum001-r-990177119/,59990.0,19990.0,1,True
FRA-rodacross-tobogan-elefante-clasica-99016,Fravega,OTRAS,Juguetes,Rodacross Tobogan Elefante Clasica,https://www.fravega.com/p/rodacross-tobogan-elefante-clasica-990166961/,144990.0,114990.0,1,True
FRA-no-lo-testeamos-ni-un-poco-juego-cartas-,Fravega,OTRAS,Juguetes,No Lo Testeamos Ni Un Poco Juego Cartas Para Previa,https://www.fravega.com/p/no-lo-testeamos-ni-un-poco-juego-cartas-para-previa-990163572/,19350.0,16191.0,1,True
FRA-camara-de-impresion-instantanea-de-jugue,Fravega,OTRAS,Juguetes,Cámara de Impresión Instantánea de Juguete,https://www.fravega.com/p/camara-de-impresion-instantanea-de-juguete-351360/,74999.0,41999.0,1,True
FRA-triciclo-evolutivo-infantil-3-1-mu-color,Fravega,OTRAS,Juguetes,Triciclo Evolutivo Infantil 3 en 1 MU Color Beige 1-5 Años,https://www.fravega.com/p/triciclo-evolutivo-infantil-3-1-mu-color-beige-1-5-anos-351330/,212999.0,109999.0,1,True
FRA--lapiz-color-rosa-para-dibujar-3d-con-fi,Fravega,OTRAS,Juguetes,Lapiz Color Rosa Para Dibujar 3D Con Filamento De Regalo,https://www.fravega.com/p/-lapiz-color-rosa-para-dibujar-3d-con-filamento-de-regalo-21203124/,29999.0,20999.0,1,True
FRA-hot-wheels-pack-x5-autos-individuales-su,Fravega,OTRAS,Juguetes,Hot Wheels Pack X5 Autos Individuales Surtidos Mattel,https://www.fravega.com/p/hot-wheels-pack-x5-autos-individuales-surtidos-mattel-990049551/,37490.0,24990.0,1,True
FRA-mi-cocina-duravit-33-piezas-990049214,Fravega,OTRAS,Juguetes,Mi Cocina Duravit 33 Piezas,https://www.fravega.com/p/mi-cocina-duravit-33-piezas-990049214/,30990.0,24789.98,1,True
FRA-coche-transformer-policia-rd76-351054,Fravega,OTRAS,Juguetes,Coche Transformer Policia RD76,https://www.fravega.com/p/coche-transformer-policia-rd76-351054/,29999.0,16999.0,1,True
FRA-camara-de-fotos-rosa-gadnic-ck32-digital,Fravega,OTRAS,Juguetes,Cámara de Fotos Rosa Gadnic CK32 Digital Para Niños Función Resistente a Golpes,https://www.fravega.com/p/camara-de-fotos-rosa-gadnic-ck32-digital-para-ninos-funcion-resistente-a-golpes-990217288/,52259.0,40199.0,1,True
FRA-juego-de-mesa-uno-de-mattel-351305,Fravega,OTRAS,Juguetes,Juego de Mesa Uno de Mattel,https://www.fravega.com/p/juego-de-mesa-uno-de-mattel-351305/,19999.0,10999.0,1,True
FRA-catan-juego-de-mesa-devir-40-4011-at-990,Fravega,OTRAS,Juguetes,Catan Juego de Mesa Devir 40-4011 At,https://www.fravega.com/p/catan-juego-de-mesa-devir-40-4011-at-990165684/,124990.0,104990.01,1,True
FRA-pista-hot-wheels-city-garage-351293,Fravega,OTRAS,Juguetes,Pista Hot Wheels City Garage,https://www.fravega.com/p/pista-hot-wheels-city-garage-351293/,69999.0,57850.41,1,True
FRA-tablet-kids-multilaser-marvel-avengers-9,Fravega,OTRAS,Juguetes,Tablet Kids Multilaser Marvel Avengers,https://www.fravega.com/p/tablet-kids-multilaser-marvel-avengers-990167344/,181123.75,144899.0,1,True
FRA-peluche-inflable-isakito-monstruo-violet,Fravega,OTRAS,Juguetes,Peluche Inflable Isakito Monstruo Violeta,https://www.fravega.com/p/peluche-inflable-isakito-monstruo-violeta-351033/,34999.0,20999.0,1,True
FRA-cuatriciclo-a-bateria-cm-tjb13688-rojo-9,Fravega,OTRAS,Juguetes,Cuatriciclo a Bateria Cm-tjb13688 Rojo,https://www.fravega.com/p/cuatriciclo-a-bateria-cm-tjb13688-rojo-990246831/,219990.0,159990.0,1,True
FRA-juego-de-mesa-bisonte-palabras-prohibida,Fravega,OTRAS,Juguetes,Juego de Mesa Bisonte Palabras Prohibidas,https://www.fravega.com/p/juego-de-mesa-bisonte-palabras-prohibidas-350720/,39999.0,33057.02,1,True
FRA-cama-elastica-infantil-140cm-hogar-bounc,Fravega,OTRAS,Juguetes,Cama Elástica Infantil 140cm Hogar Bounce Rosa,https://www.fravega.com/p/cama-elastica-infantil-140cm-hogar-bounce-rosa-22652821/,300000.0,169990.0,1,True
FRA-juego-de-mesa-rummy-burako-edicion-delux,Fravega,OTRAS,Juguetes,Juego de Mesa Rummy Burako Edición Deluxe Ditoys,https://www.fravega.com/p/juego-de-mesa-rummy-burako-edicion-deluxe-ditoys-351138/,29999.0,18999.0,1,True
FRA-juego-de-mesa-taco-gato-cabra-queso-pizz,Fravega,OTRAS,Juguetes,Juego De Mesa Taco Gato Cabra Queso Pizza Tgcqp Buro,https://www.fravega.com/p/juego-de-mesa-taco-gato-cabra-queso-pizza-tgcqp-buro-990159423/,19350.0,16191.0,1,True
FRA-celular-de-juguete-stitch-ditoys-351230,Fravega,OTRAS,Juguetes,Celular de Juguete Stitch Ditoys,https://www.fravega.com/p/celular-de-juguete-stitch-ditoys-351230/,19999.0,16528.1,1,True
FRA-amigos-de-mierda-juego-cartas-para-previ,Fravega,OTRAS,Juguetes,Amigos de Mierda Juego Cartas para Previa Bureau,https://www.fravega.com/p/amigos-de-mierda-juego-cartas-para-previa-bureau-990049465/,19350.0,16915.0,1,True
FRA-teclado-musical-gadnic-organo-61-teclas-,Fravega,OTRAS,Juguetes,Teclado Musical Gadnic Órgano 61 Teclas,https://www.fravega.com/p/teclado-musical-gadnic-organo-61-teclas-20049917/,132989.0,102299.0,1,True
FRA-duravit-masa-pack-kitchen-729-990160106,Fravega,OTRAS,Juguetes,Duravit Masa Pack Kitchen 729,https://www.fravega.com/p/duravit-masa-pack-kitchen-729-990160106/,8750.0,6495.0,1,True
FRA-duravit-anillo-y-sonajero-678-990159766,Fravega,OTRAS,Juguetes,Duravit Anillo Y Sonajero 678,https://www.fravega.com/p/duravit-anillo-y-sonajero-678-990159766/,12590.0,12589.99,1,True
FRA-duravit-tiempo-libre-limpieza-505-990157,Fravega,OTRAS,Juguetes,Duravit Tiempo Libre Limpieza 505,https://www.fravega.com/p/duravit-tiempo-libre-limpieza-505-990157821/,9500.0,6990.0,1,True
FRA-juego-barril-pirata-1651678-envio-normal,Fravega,OTRAS,Juguetes,Juego Barril Pirata 1651678 Envio Normal,https://www.fravega.com/p/juego-barril-pirata-1651678-envio-normal-990151424/,8990.0,7429.75,1,True
FRA-puzzle-1000-pzs-viajero-el-espacio-88316,Fravega,OTRAS,Juguetes,Puzzle 1000 Pzs Viajero en el Espacio 88316 1979228 Shine,https://www.fravega.com/p/puzzle-1000-pzs-viajero-el-espacio-88316-1979228-shine-990150083/,20990.0,16990.0,1,True
FRA-supermercado-infantil-petit-gourmet-jugu,Fravega,OTRAS,Juguetes,Supermercado Infantil Petit Gourmet Juguete Accesorios +caja Registradora,https://www.fravega.com/p/supermercado-infantil-petit-gourmet-juguete-accesorios-caja-registradora-990146677/,55999.0,49999.0,1,True
FRA-bitzee-mascota-digital-interactiva-estuc,Fravega,OTRAS,Juguetes,Bitzee Mascota Digital Interactiva En Estuche 22900,https://www.fravega.com/p/bitzee-mascota-digital-interactiva-estuche-22900-990145637/,149800.0,79990.0,1,True
FRA-triciclo-2-1-con-barra-de-empuje-azul-99,Fravega,OTRAS,Juguetes,Triciclo 2 En 1 Con Barra De Empuje Azul,https://www.fravega.com/p/triciclo-2-1-con-barra-de-empuje-azul-990144911/,100456.0,70319.0,1,True
FRA-puzzle-1000-piezas-girasoles-de-van-gogh,Fravega,OTRAS,Juguetes,Puzzle 1000 Piezas Girasoles De Van Gogh 1970525,https://www.fravega.com/p/puzzle-1000-piezas-girasoles-de-van-gogh-1970525-990142703/,22250.0,13990.0,1,True
FRA-puzzle-1000-piezas-camino-de-otono-dorad,Fravega,OTRAS,Juguetes,Puzzle 1000 Piezas Camino De Otoño Dorado 1959143,https://www.fravega.com/p/puzzle-1000-piezas-camino-de-otono-dorado-1959143-990142699/,22250.0,13990.0,1,True
FRA-auto-a-bateria-negro-wmt-808-990060735,Fravega,OTRAS,Juguetes,Auto A Bateria Negro Wmt-808,https://www.fravega.com/p/auto-a-bateria-negro-wmt-808-990060735/,419990.0,249990.01,1,True
FRA-juego-duravit-girabola-676-990055698,Fravega,OTRAS,Juguetes,Juego Duravit Girabola 676,https://www.fravega.com/p/juego-duravit-girabola-676-990055698/,9390.0,7990.01,1,True
FRA-pista-hot-wheels-city-nemesis-escorpion-,Fravega,OTRAS,Juguetes,Pista Hot Wheels City Nemesis Escorpion,https://www.fravega.com/p/pista-hot-wheels-city-nemesis-escorpion-351332/,119999.0,89999.0,1,True
FRA-coche-monster-jam-grave-digger-1-64-3510,Fravega,OTRAS,Juguetes,Coche Monster Jam Grave Digger 1:64,https://www.fravega.com/p/coche-monster-jam-grave-digger-1-64-351084/,22999.0,13999.0,1,True
FRA-scooter-stark-unicornio-351013,Fravega,OTRAS,Juguetes,Scooter Stark Unicornio,https://www.fravega.com/p/scooter-stark-unicornio-351013/,106999.0,79999.0,1,True
FRA-camara-de-impresion-instantanea-de-jugue,Fravega,OTRAS,Juguetes,Cámara de Impresión Instantánea de Juguete,https://www.fravega.com/p/camara-de-impresion-instantanea-de-juguete-351360/,74999.0,41999.0,1,True
FRA-triciclo-evolutivo-infantil-3-1-mu-color,Fravega,OTRAS,Juguetes,Triciclo Evolutivo Infantil 3 en 1 MU Color Beige 1-5 Años,https://www.fravega.com/p/triciclo-evolutivo-infantil-3-1-mu-color-beige-1-5-anos-351330/,212999.0,109999.0,1,True
FRA--lapiz-color-rosa-para-dibujar-3d-con-fi,Fravega,OTRAS,Juguetes,Lapiz Color Rosa Para Dibujar 3D Con Filamento De Regalo,https://www.fravega.com/p/-lapiz-color-rosa-para-dibujar-3d-con-filamento-de-regalo-21203124/,29999.0,20999.0,1,True
FRA-hot-wheels-pack-x5-autos-individuales-su,Fravega,OTRAS,Juguetes,Hot Wheels Pack X5 Autos Individuales Surtidos Mattel,https://www.fravega.com/p/hot-wheels-pack-x5-autos-individuales-surtidos-mattel-990049551/,37490.0,24990.0,1,True
FRA-mi-cocina-duravit-33-piezas-990049214,Fravega,OTRAS,Juguetes,Mi Cocina Duravit 33 Piezas,https://www.fravega.com/p/mi-cocina-duravit-33-piezas-990049214/,30990.0,24789.98,1,True
FRA-coche-transformer-policia-rd76-351054,Fravega,OTRAS,Juguetes,Coche Transformer Policia RD76,https://www.fravega.com/p/coche-transformer-policia-rd76-351054/,29999.0,16999.0,1,True
FRA-camara-de-fotos-rosa-gadnic-ck32-digital,Fravega,OTRAS,Juguetes,Cámara de Fotos Rosa Gadnic CK32 Digital Para Niños Función Resistente a Golpes,https://www.fravega.com/p/camara-de-fotos-rosa-gadnic-ck32-digital-para-ninos-funcion-resistente-a-golpes-990217288/,52259.0,40199.0,1,True
FRA-juego-de-mesa-uno-de-mattel-351305,Fravega,OTRAS,Juguetes,Juego de Mesa Uno de Mattel,https://www.fravega.com/p/juego-de-mesa-uno-de-mattel-351305/,19999.0,10999.0,1,True
FRA-catan-juego-de-mesa-devir-40-4011-at-990,Fravega,OTRAS,Juguetes,Catan Juego de Mesa Devir 40-4011 At,https://www.fravega.com/p/catan-juego-de-mesa-devir-40-4011-at-990165684/,124990.0,104990.01,1,True
FRA-pista-hot-wheels-city-garage-351293,Fravega,OTRAS,Juguetes,Pista Hot Wheels City Garage,https://www.fravega.com/p/pista-hot-wheels-city-garage-351293/,69999.0,57850.41,1,True
FRA-tablet-kids-multilaser-marvel-avengers-9,Fravega,OTRAS,Juguetes,Tablet Kids Multilaser Marvel Avengers,https://www.fravega.com/p/tablet-kids-multilaser-marvel-avengers-990167344/,181123.75,144899.0,1,True
FRA-peluche-inflable-isakito-monstruo-violet,Fravega,OTRAS,Juguetes,Peluche Inflable Isakito Monstruo Violeta,https://www.fravega.com/p/peluche-inflable-isakito-monstruo-violeta-351033/,34999.0,20999.0,1,True
FRA-cuatriciclo-a-bateria-cm-tjb13688-rojo-9,Fravega,OTRAS,Juguetes,Cuatriciclo a Bateria Cm-tjb13688 Rojo,https://www.fravega.com/p/cuatriciclo-a-bateria-cm-tjb13688-rojo-990246831/,219990.0,159990.0,1,True
FRA-juego-de-mesa-bisonte-palabras-prohibida,Fravega,OTRAS,Juguetes,Juego de Mesa Bisonte Palabras Prohibidas,https://www.fravega.com/p/juego-de-mesa-bisonte-palabras-prohibidas-350720/,39999.0,33057.02,1,True
FRA-cama-elastica-infantil-140cm-hogar-bounc,Fravega,OTRAS,Juguetes,Cama Elástica Infantil 140cm Hogar Bounce Rosa,https://www.fravega.com/p/cama-elastica-infantil-140cm-hogar-bounce-rosa-22652821/,300000.0,169990.0,1,True
FRA-juego-de-mesa-rummy-burako-edicion-delux,Fravega,OTRAS,Juguetes,Juego de Mesa Rummy Burako Edición Deluxe Ditoys,https://www.fravega.com/p/juego-de-mesa-rummy-burako-edicion-deluxe-ditoys-351138/,29999.0,18999.0,1,True
FRA-juego-de-mesa-taco-gato-cabra-queso-pizz,Fravega,OTRAS,Juguetes,Juego De Mesa Taco Gato Cabra Queso Pizza Tgcqp Buro,https://www.fravega.com/p/juego-de-mesa-taco-gato-cabra-queso-pizza-tgcqp-buro-990159423/,19350.0,16191.0,1,True
FRA-celular-de-juguete-stitch-ditoys-351230,Fravega,OTRAS,Juguetes,Celular de Juguete Stitch Ditoys,https://www.fravega.com/p/celular-de-juguete-stitch-ditoys-351230/,19999.0,16528.1,1,True
FRA-amigos-de-mierda-juego-cartas-para-previ,Fravega,OTRAS,Juguetes,Amigos de Mierda Juego Cartas para Previa Bureau,https://www.fravega.com/p/amigos-de-mierda-juego-cartas-para-previa-bureau-990049465/,19350.0,16915.0,1,True
FRA-teclado-musical-gadnic-organo-61-teclas-,Fravega,OTRAS,Juguetes,Teclado Musical Gadnic Órgano 61 Teclas,https://www.fravega.com/p/teclado-musical-gadnic-organo-61-teclas-20049917/,132989.0,102299.0,1,True
FRA-scooter-stark-zombie-350990,Fravega,OTRAS,Juguetes,Scooter Stark Zombie,https://www.fravega.com/p/scooter-stark-zombie-350990/,106999.0,79999.0,1,True
FRA-peluche-inflable-isakito-zorrito-pintita,Fravega,OTRAS,Juguetes,Peluche Inflable Isakito Zorrito Pintitas,https://www.fravega.com/p/peluche-inflable-isakito-zorrito-pintitas-350979/,29999.0,16999.0,1,True
FRA-juego-de-mesa-ditoys-crocky-attack-35078,Fravega,OTRAS,Juguetes,Juego de Mesa Ditoys Crocky Attack,https://www.fravega.com/p/juego-de-mesa-ditoys-crocky-attack-350789/,19999.0,13999.0,1,True
FRA-juego-de-mesa-bingo-familiar-bolillero-b,Fravega,OTRAS,Juguetes,Juego de Mesa Bingo Familiar Bolillero Babymovil,https://www.fravega.com/p/juego-de-mesa-bingo-familiar-bolillero-babymovil-22651175/,14989.0,12387.6,1,True
FRA-figura-dibu-martinez-campeones-del-mundo,Fravega,OTRAS,Juguetes,Figura Dibu Martinez | Campeones del mundo,https://www.fravega.com/p/figura-dibu-martinez-campeones-del-mundo-990291967/,19990.0,19990.0,1,True
FRA-figura-lionel-messi-campeones-del-mundo-,Fravega,OTRAS,Juguetes,Figura Lionel Messi | Campeones del mundo,https://www.fravega.com/p/figura-lionel-messi-campeones-del-mundo-990291966/,19990.0,19990.0,1,True
FRA-moto-a-bateria-mini-vespa-6v-cosco-rosa-,Fravega,OTRAS,Juguetes,Moto a batería Mini Vespa 6v Cosco Rosa,https://www.fravega.com/p/moto-a-bateria-mini-vespa-6v-cosco-rosa-990291959/,499999.0,189999.0,1,True
FRA-torre-de-aprendizaje-toucan-3-1-maxi-cos,Fravega,OTRAS,Juguetes,Torre de aprendizaje Toucan 3 en 1 Maxi Cosi,https://www.fravega.com/p/torre-de-aprendizaje-toucan-3-1-maxi-cosi-990275489/,699999.0,459999.0,1,True
FRA-bburago-1-43-alpine-f1-team-a525-2025-bo,Fravega,OTRAS,Juguetes,Bburago 1:43 Alpine F1 Team A525 2025 Box + #43 Colapinto 18-38258,https://www.fravega.com/p/bburago-1-43-alpine-f1-team-a525-2025-box-43-colapinto-18-38258-990268833/,59990.0,49990.0,1,True
FRA-auto-carrera-para-armar-a-friccion-woody,Fravega,OTRAS,Juguetes,Auto Carrera Para Armar A Fricción Woody Toy Story Ikdis058 - Woody,https://www.fravega.com/p/auto-carrera-para-armar-a-friccion-woody-toy-story-ikdis058-woody-990266044/,25990.0,20990.0,1,True
FRA-phi-phi-peluche-zootopia-2-nick-20cm-zt0,Fravega,OTRAS,Juguetes,Phi Phi Peluche Zootopia 2 Nick 20cm Zt021 - Naranja,https://www.fravega.com/p/phi-phi-peluche-zootopia-2-nick-20cm-zt021-naranja-990265698/,27300.0,16990.0,1,True
FRA-dragon-ball-limit-breaker-ssaiyan-vegeta,Fravega,OTRAS,Juguetes,Dragon Ball Limit Breaker Ssaiyan Vegeta 30cm 36730/36736,https://www.fravega.com/p/dragon-ball-limit-breaker-ssaiyan-vegeta-30cm-36730-36736-990265268/,79000.0,66990.0,1,True
FRA-slime-mart-zuru-canasto-de-compras-crea-,Fravega,OTRAS,Juguetes,Slime Mart Zuru Canasto De Compras Crea Tu Pizza,https://www.fravega.com/p/slime-mart-zuru-canasto-de-compras-crea-tu-pizza-990263826/,83990.0,69349.0,1,True
FRA-poppi-set-belleza-abanico-desplegable-s2,Fravega,OTRAS,Juguetes,Poppi Set Belleza Abanico Desplegable S21517s-1 5664,https://www.fravega.com/p/poppi-set-belleza-abanico-desplegable-s21517s-1-5664-990263321/,26090.0,18490.0,1,True
FRA-perrito-con-accesorios-y-sonido-2301027-,Fravega,OTRAS,Juguetes,Perrito Con Accesorios Y Sonido 2301027 Shine,https://www.fravega.com/p/perrito-con-accesorios-y-sonido-2301027-shine-990259260/,24990.0,18989.99,1,True
FRA-cochecito-de-bebe-paraguita-mu-reforzado,Fravega,OTRAS,Bebés y Primera Infancia,Cochecito de Bebe Paraguita MU Reforzado Color Gris,https://www.fravega.com/p/cochecito-de-bebe-paraguita-mu-reforzado-color-gris-680669/,99999.0,59999.0,1,True
FRA-butaca-sillita-para-auto-ninos-de-9-a-36,Fravega,OTRAS,Bebés y Primera Infancia,Butaca Sillita para Auto Ninos de 9 a 36 kg,https://www.fravega.com/p/butaca-sillita-para-auto-ninos-de-9-a-36-kg-680827/,139999.0,79999.0,1,True
FRA-practicuna-love-gris-833-colchon-de-rega,Fravega,OTRAS,Bebés y Primera Infancia,Practicuna Love Gris 833 + Colchón de regalo,https://www.fravega.com/p/practicuna-love-gris-833-colchon-de-regalo-680966/,199999.0,134999.0,1,True
FRA-practicuna-love-beige-893-colchon-de-reg,Fravega,OTRAS,Bebés y Primera Infancia,Practicuna Love Beige 893 + Colchón de regalo,https://www.fravega.com/p/practicuna-love-beige-893-colchon-de-regalo-681170/,199999.0,129999.0,1,True
FRA-coche-cuna-love-172-negro-680004,Fravega,OTRAS,Bebés y Primera Infancia,Coche Cuna Love 172 Negro,https://www.fravega.com/p/coche-cuna-love-172-negro-680004/,399999.0,179999.0,1,True
FRA-caminador-con-musica-bebesit-1226-celest,Fravega,OTRAS,Bebés y Primera Infancia,Caminador con Música Bebesit 1226 Celeste,https://www.fravega.com/p/caminador-con-musica-bebesit-1226-celeste-680445/,69999.0,44999.0,1,True
FRA-combo-banera-plegable-adaptador-termomet,Fravega,OTRAS,Bebés y Primera Infancia,Combo Bañera Plegable Adaptador Termometro Electronico Love B340 Gris,https://www.fravega.com/p/combo-banera-plegable-adaptador-termometro-electronico-love-b340-gris-21183849/,76400.0,61099.0,1,True
FRA-banadera-love-plegable-con-reductor-y-te,Fravega,OTRAS,Bebés y Primera Infancia,Bañadera Love Plegable con Reductor y Termómetro B324 Rosa,https://www.fravega.com/p/banadera-love-plegable-con-reductor-y-termometro-b324-rosa-680937/,49999.0,29999.0,1,True
FRA-baby-call-gadnic-con-camara-vision-noctu,Fravega,OTRAS,Bebés y Primera Infancia,"Baby Call Gadnic con Cámara Visión Nocturna a Color 3,2"" Temperatura Ambiente",https://www.fravega.com/p/baby-call-gadnic-con-camara-vision-nocturna-a-color-3-2-temperatura-ambiente-20056044/,138709.0,106699.0,1,True
FRA-colchoneta-de-bebe-gadnic-gimnasio-music,Fravega,OTRAS,Bebés y Primera Infancia,Colchoneta de Bebe Gadnic Gimnasio Musical,https://www.fravega.com/p/colchoneta-de-bebe-gadnic-gimnasio-musical-990165631/,54924.0,42249.0,1,True
FRA-esterilizador-a-vapor-para-microondas-av,Fravega,OTRAS,Bebés y Primera Infancia,Esterilizador a vapor para microondas AVENT SCF28102,https://www.fravega.com/p/esterilizador-a-vapor-para-microondas-avent-scf28102-680151/,89999.0,64999.0,1,True
FRA-sacaleche-manual-gadnic-brp00104-150ml-9,Fravega,OTRAS,Bebés y Primera Infancia,Sacaleche Manual Gadnic BRP00104 150ml,https://www.fravega.com/p/sacaleche-manual-gadnic-brp00104-150ml-990068128/,30744.0,23649.0,1,True
FRA-cochecito-de-bebe-paseo-mu-reforzado-col,Fravega,OTRAS,Bebés y Primera Infancia,Cochecito de Bebe Paseo MU Reforzado Color Gris,https://www.fravega.com/p/cochecito-de-bebe-paseo-mu-reforzado-color-gris-680778/,219999.0,109999.0,1,True
FRA-cochecito-de-bebe-paseo-mu-reforzado-col,Fravega,OTRAS,Bebés y Primera Infancia,Cochecito de Bebe Paseo MU Reforzado Color Azul,https://www.fravega.com/p/cochecito-de-bebe-paseo-mu-reforzado-color-azul-680820/,219999.0,109999.0,1,True
FRA-cochecito-cuna-recien-nacido-love-172-ro,Fravega,OTRAS,Bebés y Primera Infancia,Cochecito Cuna Recien Nacido Love 172 Rosa 05,https://www.fravega.com/p/cochecito-cuna-recien-nacido-love-172-rosa-05-50008258/,218400.0,174699.0,1,True
FRA-coche-cuna-de-bebe-travel-system-disney-,Fravega,OTRAS,Bebés y Primera Infancia,Coche Cuna de Bebe Travel System Disney Rosa Minnie,https://www.fravega.com/p/coche-cuna-de-bebe-travel-system-disney-rosa-minnie-20293913/,315330.0,242560.0,1,True
FRA-cochecito-de-paseo-bebesit-eos-c-bandeja,Fravega,OTRAS,Bebés y Primera Infancia,Cochecito de paseo Bebesit Eos C/bandeja Superior Verde 1337-J,https://www.fravega.com/p/cochecito-de-paseo-bebesit-eos-c-bandeja-superior-verde-1337-j-990052856/,187913.0,131539.0,1,True
FRA-chicco-cochecito-goody-xplus-black-re-lu,Fravega,CHICCO,Bebés y Primera Infancia,Chicco Cochecito Goody Xplus Black Re_lux 08087040560000,https://www.fravega.com/p/chicco-cochecito-goody-xplus-black-re-lux-08087040560000-990249433/,499990.0,299990.0,1,True
FRA-coche-cuna-de-disney-travel-system-con-h,Fravega,OTRAS,Bebés y Primera Infancia,Coche Cuna de Disney Travel System con Huevito Negro Mickey,https://www.fravega.com/p/coche-cuna-de-disney-travel-system-con-huevito-negro-mickey-22721705/,315329.0,242560.0,1,True
FRA-cochecito-de-paseo-3-ruedas-love-297-neg,Fravega,OTRAS,Bebés y Primera Infancia,Cochecito de Paseo 3 Ruedas Love 297 Negro 09,https://www.fravega.com/p/cochecito-de-paseo-3-ruedas-love-297-negro-09-50005412/,149300.0,119399.0,1,True
FRA-cochecito-cuna-para-recien-nacido-manija,Fravega,OTRAS,Bebés y Primera Infancia,Cochecito Cuna para Recien Nacido Manija Rebatible y Cubre Pies Love 172 Rojo 02,https://www.fravega.com/p/cochecito-cuna-para-recien-nacido-manija-rebatible-y-cubre-pies-love-172-rojo-02-50008255/,218400.0,174699.0,1,True
FRA-cochecito-de-bebe-joie-muze-travel-syste,Fravega,OTRAS,Bebés y Primera Infancia,Cochecito De Bebé Joie Muze Travel System De Paseo  Dark pewter,https://www.fravega.com/p/cochecito-de-bebe-joie-muze-travel-system-de-paseo-dark-pewter-20022918/,495990.0,395099.0,1,True
FRA-cochecito-huevito-love-smart-1010-negro-,Fravega,OTRAS,Bebés y Primera Infancia,Cochecito Huevito Love Smart 1010 Negro,https://www.fravega.com/p/cochecito-huevito-love-smart-1010-negro--20060570/,652900.0,522299.0,1,True
FRA-coche-cuna-de-bebe-travel-system-disney-,Fravega,OTRAS,Bebés y Primera Infancia,Coche Cuna de Bebe Travel System Disney Gris Mickey,https://www.fravega.com/p/coche-cuna-de-bebe-travel-system-disney-gris-mickey-20293898/,315330.0,242560.0,1,True
FRA-cochecito-travel-system-gris-claro-con-m,Fravega,OTRAS,Bebés y Primera Infancia,Cochecito Travel System Gris Claro con Manillar Rebatible,https://www.fravega.com/p/cochecito-travel-system-gris-claro-con-manillar-rebatible-990049447/,671553.0,526904.0,1,True
FRA-cochecito-de-bebe-paraguita-mu-reforzado,Fravega,OTRAS,Bebés y Primera Infancia,Cochecito de Bebe Paraguita MU Reforzado Color Gris,https://www.fravega.com/p/cochecito-de-bebe-paraguita-mu-reforzado-color-gris-680669/,99999.0,59999.0,1,True
FRA-butaca-sillita-para-auto-ninos-de-9-a-36,Fravega,OTRAS,Bebés y Primera Infancia,Butaca Sillita para Auto Ninos de 9 a 36 kg,https://www.fravega.com/p/butaca-sillita-para-auto-ninos-de-9-a-36-kg-680827/,139999.0,79999.0,1,True
FRA-practicuna-love-gris-833-colchon-de-rega,Fravega,OTRAS,Bebés y Primera Infancia,Practicuna Love Gris 833 + Colchón de regalo,https://www.fravega.com/p/practicuna-love-gris-833-colchon-de-regalo-680966/,199999.0,134999.0,1,True
FRA-practicuna-love-beige-893-colchon-de-reg,Fravega,OTRAS,Bebés y Primera Infancia,Practicuna Love Beige 893 + Colchón de regalo,https://www.fravega.com/p/practicuna-love-beige-893-colchon-de-regalo-681170/,199999.0,129999.0,1,True
FRA-cochecito-de-bebe-paraguita-mu-reforzado,Fravega,OTRAS,Bebés y Primera Infancia,Cochecito de Bebe Paraguita MU Reforzado Color Azul,https://www.fravega.com/p/cochecito-de-bebe-paraguita-mu-reforzado-color-azul-680738/,99999.0,59999.0,1,True
FRA-cochecito-moises-y-huevito-3-1-love-2009,Fravega,OTRAS,Bebés y Primera Infancia,Cochecito Moises y Huevito 3 en 1 Love 2009 Negro Gold,https://www.fravega.com/p/cochecito-moises-y-huevito-3-1-love-2009-negro-gold-21202580/,486400.0,389099.0,1,True
FRA-coche-cuna-love-172-negro-680004,Fravega,OTRAS,Bebés y Primera Infancia,Coche Cuna Love 172 Negro,https://www.fravega.com/p/coche-cuna-love-172-negro-680004/,399999.0,179999.0,1,True
FRA-sacaleche-electrico-gadnic-doble-capacid,Fravega,OTRAS,Bebés y Primera Infancia,Sacaleche Electrico Gadnic Doble Capacidad Automatico,https://www.fravega.com/p/sacaleche-electrico-gadnic-doble-capacidad-automatico-990071693/,57394.0,44149.0,1,True
FRA-caminador-con-musica-bebesit-1226-celest,Fravega,OTRAS,Bebés y Primera Infancia,Caminador con Música Bebesit 1226 Celeste,https://www.fravega.com/p/caminador-con-musica-bebesit-1226-celeste-680445/,69999.0,44999.0,1,True
FRA-combo-banera-plegable-adaptador-termomet,Fravega,OTRAS,Bebés y Primera Infancia,Combo Bañera Plegable Adaptador Termometro Electronico Love B340 Gris,https://www.fravega.com/p/combo-banera-plegable-adaptador-termometro-electronico-love-b340-gris-21183849/,76400.0,61099.0,1,True
FRA-banadera-love-plegable-con-reductor-y-te,Fravega,OTRAS,Bebés y Primera Infancia,Bañadera Love Plegable con Reductor y Termómetro B324 Rosa,https://www.fravega.com/p/banadera-love-plegable-con-reductor-y-termometro-b324-rosa-680937/,49999.0,29999.0,1,True
FRA-baby-call-gadnic-con-camara-vision-noctu,Fravega,OTRAS,Bebés y Primera Infancia,"Baby Call Gadnic con Cámara Visión Nocturna a Color 3,2"" Temperatura Ambiente",https://www.fravega.com/p/baby-call-gadnic-con-camara-vision-nocturna-a-color-3-2-temperatura-ambiente-20056044/,138709.0,106699.0,1,True
FRA--chupete-philips-avent-ultra-air-6-18-me,Fravega,PHILIPS,Bebés y Primera Infancia,Chupete Philips Avent Ultra Air 6-18 meses x 2,https://www.fravega.com/p/-chupete-philips-avent-ultra-air-6-18-meses-x-2-680871/,29999.0,18999.0,1,True
FRA-colchoneta-de-bebe-gadnic-gimnasio-music,Fravega,OTRAS,Bebés y Primera Infancia,Colchoneta de Bebe Gadnic Gimnasio Musical,https://www.fravega.com/p/colchoneta-de-bebe-gadnic-gimnasio-musical-990165631/,54924.0,42249.0,1,True
FRA-silla-mecedora-priori-para-bebes-con-jue,Fravega,OTRAS,Bebés y Primera Infancia,Silla Mecedora Priori para Bebés con Juegos Celeste,https://www.fravega.com/p/silla-mecedora-priori-para-bebes-con-juegos-celeste-680817/,99999.0,69999.0,1,True
FRA-cochecito-de-paseo-ultracompacto-bebesit,Fravega,OTRAS,Bebés y Primera Infancia,Cochecito de Paseo UltraCompacto Bebesit Negro,https://www.fravega.com/p/cochecito-de-paseo-ultracompacto-bebesit-negro-990245839/,167213.0,117049.0,1,True
FRA-coche-bebesit-paraguitas-neuf-negro-y-bo,Fravega,OTRAS,Bebés y Primera Infancia,COCHE  BEBESIT PARAGÜITAS NEUF NEGRO Y BORDO,https://www.fravega.com/p/coche-bebesit-paraguitas-neuf-negro-y-bordo-990076685/,119770.0,83838.99,1,True
FRA-coche-paraguita-bebesit-neuf-convertible,Fravega,OTRAS,Bebés y Primera Infancia,Coche paragüita Bebesit Neuf Convertible en coche cuna Negro,https://www.fravega.com/p/coche-paraguita-bebesit-neuf-convertible-coche-cuna-negro-990065280/,132684.0,92879.0,1,True
FRA-cochecito-paraguitas-bebesit-neuf-1058-a,Fravega,OTRAS,Bebés y Primera Infancia,Cochecito Paragüitas Bebesit Neuf 1058-A,https://www.fravega.com/p/cochecito-paraguitas-bebesit-neuf-1058-a-990052853/,121270.0,84889.0,1,True
FRA-cochecito-travel-system-gris-claro-con-m,Fravega,OTRAS,Bebés y Primera Infancia,Cochecito Travel System Gris Claro con Manillar Rebatible,https://www.fravega.com/p/cochecito-travel-system-gris-claro-con-manillar-rebatible-990049447/,671553.0,526904.0,1,True
FRA-cochecito-cuna-para-recien-nacido-manija,Fravega,OTRAS,Bebés y Primera Infancia,Cochecito Cuna para Recien Nacido Manija Rebatible y Cubre Pies Love 172 Rojo 02,https://www.fravega.com/p/cochecito-cuna-para-recien-nacido-manija-rebatible-y-cubre-pies-love-172-rojo-02-50008255/,218400.0,174699.0,1,True
FRA-cochecito-de-paseo-3-ruedas-love-297-neg,Fravega,OTRAS,Bebés y Primera Infancia,Cochecito de Paseo 3 Ruedas Love 297 Negro 09,https://www.fravega.com/p/cochecito-de-paseo-3-ruedas-love-297-negro-09-50005412/,149300.0,119399.0,1,True
FRA-coche-cuna-de-bebes-reforzado-de-mickey-,Fravega,OTRAS,Bebés y Primera Infancia,Coche Cuna de Bebes Reforzado de Mickey Gris,https://www.fravega.com/p/coche-cuna-de-bebes-reforzado-de-mickey-gris-22721654/,169720.0,130555.0,1,True
FRA-pata-pata-mobi-bebesit-rod-130a-con-luce,Fravega,OTRAS,Bebés y Primera Infancia,Pata Pata Mobi Bebesit Rod-130a Con Luces Musica Y Baul Verde,https://www.fravega.com/p/pata-pata-mobi-bebesit-rod-130a-con-luces-musica-y-baul-verde-22696753/,67737.48,62899.0,1,True
FRA-coche-bebe-paraguita-plegable-beige-con-,Fravega,OTRAS,Bebés y Primera Infancia,Coche Bebe Paraguita Plegable Beige Con Capota Reclinable Ultra Liviano,https://www.fravega.com/p/coche-bebe-paraguita-plegable-beige-con-capota-reclinable-ultra-liviano-22482453/,127990.0,105776.86,1,True
FRA-coche-bebe-paraguita-plegable-negro-con-,Fravega,OTRAS,Bebés y Primera Infancia,Coche Bebe Paraguita Plegable Negro Con Capota Reclinable Ultra Liviano,https://www.fravega.com/p/coche-bebe-paraguita-plegable-negro-con-capota-reclinable-ultra-liviano-22482447/,127990.0,105776.86,1,True
FRA-coche-paraguitas-de-bebe-disney-3-posici,Fravega,OTRAS,Bebés y Primera Infancia,Coche Paraguitas de Bebe Disney 3 Posiciones Negro Rosa,https://www.fravega.com/p/coche-paraguitas-de-bebe-disney-3-posiciones-negro-rosa-20458413/,154280.0,100359.0,1,True
FRA-coche-cuna-de-bebe-travel-system-disney-,Fravega,OTRAS,Bebés y Primera Infancia,Coche Cuna de Bebe Travel System Disney Gris Mickey,https://www.fravega.com/p/coche-cuna-de-bebe-travel-system-disney-gris-mickey-20293898/,315330.0,242560.0,1,True
FRA-cochecito-de-bebe-joie-muze-travel-syste,Fravega,OTRAS,Bebés y Primera Infancia,Cochecito De Bebé Joie Muze Travel System De Paseo  Dark pewter,https://www.fravega.com/p/cochecito-de-bebe-joie-muze-travel-system-de-paseo-dark-pewter-20022918/,495990.0,395099.0,1,True
FRA-cochecito-fame-cabin-maxi-cosi-moon-grap,Fravega,OTRAS,Bebés y Primera Infancia,Cochecito Fame Cabin Maxi-Cosi Moon Graphite,https://www.fravega.com/p/cochecito-fame-cabin-maxi-cosi-moon-graphite-990292757/,1999999.0,1599999.0,1,True
FRA-cochecito-de-bebe-paraguita-mu-reforzado,Fravega,OTRAS,Bebés y Primera Infancia,Cochecito de Bebe Paraguita MU Reforzado Color Gris,https://www.fravega.com/p/cochecito-de-bebe-paraguita-mu-reforzado-color-gris-680669/,99999.0,59999.0,1,True
FRA-butaca-sillita-para-auto-ninos-de-9-a-36,Fravega,OTRAS,Bebés y Primera Infancia,Butaca Sillita para Auto Ninos de 9 a 36 kg,https://www.fravega.com/p/butaca-sillita-para-auto-ninos-de-9-a-36-kg-680827/,139999.0,79999.0,1,True
FRA-practicuna-love-gris-833-colchon-de-rega,Fravega,OTRAS,Bebés y Primera Infancia,Practicuna Love Gris 833 + Colchón de regalo,https://www.fravega.com/p/practicuna-love-gris-833-colchon-de-regalo-680966/,199999.0,134999.0,1,True
FRA-practicuna-love-beige-893-colchon-de-reg,Fravega,OTRAS,Bebés y Primera Infancia,Practicuna Love Beige 893 + Colchón de regalo,https://www.fravega.com/p/practicuna-love-beige-893-colchon-de-regalo-681170/,199999.0,129999.0,1,True
FRA-coche-cuna-love-172-negro-680004,Fravega,OTRAS,Bebés y Primera Infancia,Coche Cuna Love 172 Negro,https://www.fravega.com/p/coche-cuna-love-172-negro-680004/,399999.0,179999.0,1,True
FRA-caminador-con-musica-bebesit-1226-celest,Fravega,OTRAS,Bebés y Primera Infancia,Caminador con Música Bebesit 1226 Celeste,https://www.fravega.com/p/caminador-con-musica-bebesit-1226-celeste-680445/,69999.0,44999.0,1,True
FRA-combo-banera-plegable-adaptador-termomet,Fravega,OTRAS,Bebés y Primera Infancia,Combo Bañera Plegable Adaptador Termometro Electronico Love B340 Gris,https://www.fravega.com/p/combo-banera-plegable-adaptador-termometro-electronico-love-b340-gris-21183849/,76400.0,61099.0,1,True
FRA-banadera-love-plegable-con-reductor-y-te,Fravega,OTRAS,Bebés y Primera Infancia,Bañadera Love Plegable con Reductor y Termómetro B324 Rosa,https://www.fravega.com/p/banadera-love-plegable-con-reductor-y-termometro-b324-rosa-680937/,49999.0,29999.0,1,True
FRA-baby-call-gadnic-con-camara-vision-noctu,Fravega,OTRAS,Bebés y Primera Infancia,"Baby Call Gadnic con Cámara Visión Nocturna a Color 3,2"" Temperatura Ambiente",https://www.fravega.com/p/baby-call-gadnic-con-camara-vision-nocturna-a-color-3-2-temperatura-ambiente-20056044/,138709.0,106699.0,1,True
FRA-colchoneta-de-bebe-gadnic-gimnasio-music,Fravega,OTRAS,Bebés y Primera Infancia,Colchoneta de Bebe Gadnic Gimnasio Musical,https://www.fravega.com/p/colchoneta-de-bebe-gadnic-gimnasio-musical-990165631/,54924.0,42249.0,1,True
FRA-esterilizador-a-vapor-para-microondas-av,Fravega,OTRAS,Bebés y Primera Infancia,Esterilizador a vapor para microondas AVENT SCF28102,https://www.fravega.com/p/esterilizador-a-vapor-para-microondas-avent-scf28102-680151/,89999.0,64999.0,1,True
FRA-sacaleche-manual-gadnic-brp00104-150ml-9,Fravega,OTRAS,Bebés y Primera Infancia,Sacaleche Manual Gadnic BRP00104 150ml,https://www.fravega.com/p/sacaleche-manual-gadnic-brp00104-150ml-990068128/,30744.0,23649.0,1,True
FRA-cochecito-bebes-3-1-traful-mawe-by-gadni,Fravega,OTRAS,Bebés y Primera Infancia,Cochecito Bebes 3 en 1 Traful Mawe by Gadnic Huevito Travel System,https://www.fravega.com/p/cochecito-bebes-3-1-traful-mawe-by-gadnic-huevito-travel-system-990286488/,572064.0,440049.0,1,True
FRA-cochecito-con-moises-y-huevito-3-1-bring,Fravega,OTRAS,Bebés y Primera Infancia,Cochecito con Moises y Huevito 3 en 1 Bring Tryp rojo 5430,https://www.fravega.com/p/cochecito-con-moises-y-huevito-3-1-bring-tryp-rojo-5430-10007005/,492000.0,393599.0,1,True
FRA-cochecito-de-bebe-bring-fores-5310-rojo-,Fravega,OTRAS,Bebés y Primera Infancia,Cochecito de Bebé Bring Fores 5310 Rojo,https://www.fravega.com/p/cochecito-de-bebe-bring-fores-5310-rojo-10006983/,1792000.0,1433599.0,1,True
FRA-cochecito-de-bebe-paraguitas-mini-cooper,Fravega,OTRAS,Bebés y Primera Infancia,Cochecito de Bebe Paragüitas Mini Cooper Buggy Blue,https://www.fravega.com/p/cochecito-de-bebe-paraguitas-mini-cooper-buggy-blue-10006858/,293000.0,234399.0,1,True
FRA-cochecito-de-bebe-paraguitas-mini-cooper,Fravega,OTRAS,Bebés y Primera Infancia,Cochecito de Bebe Paragüitas Mini Cooper Buggy Black Jack,https://www.fravega.com/p/cochecito-de-bebe-paraguitas-mini-cooper-buggy-black-jack-10006856/,293000.0,234399.0,1,True
FRA-cochecito-de-bebe-paraguitas-mini-cooper,Fravega,OTRAS,Bebés y Primera Infancia,Cochecito de Bebe Paragüitas Mini Cooper Buggy XL Black Jack,https://www.fravega.com/p/cochecito-de-bebe-paraguitas-mini-cooper-buggy-xl-black-jack-10008123/,320200.0,256099.0,1,True
FRA-cochecito-de-bebe-paraguitas-mini-cooper,Fravega,OTRAS,Bebés y Primera Infancia,Cochecito de Bebé Paragüitas Mini Cooper Buggy XL Blazing Red,https://www.fravega.com/p/cochecito-de-bebe-paraguitas-mini-cooper-buggy-xl-blazing-red-10008090/,320200.0,256099.0,1,True
FRA-cochecito-de-bebe-paraguitas-mini-cooper,Fravega,OTRAS,Bebés y Primera Infancia,Cochecito de Bebe Paragüitas Mini Cooper Buggy Blazing Red,https://www.fravega.com/p/cochecito-de-bebe-paraguitas-mini-cooper-buggy-blazing-red-10006860/,293000.0,234399.0,1,True
FRA-cochecito-de-paseo-3-ruedas-love-297-roj,Fravega,OTRAS,Bebés y Primera Infancia,Cochecito de Paseo 3 Ruedas Love 297 Rojo 07,https://www.fravega.com/p/cochecito-de-paseo-3-ruedas-love-297-rojo-07-50005386/,149300.0,119399.0,1,True
FRA-cochecito-de-paseo-bright-starts-baby-jo,Fravega,OTRAS,Bebés y Primera Infancia,Cochecito de Paseo Bright starts Baby Jogger City Versa,https://www.fravega.com/p/cochecito-de-paseo-bright-starts-baby-jogger-city-versa-50005421/,1801400.0,1441099.0,1,True
FRA-cochecito-de-paseo-baby-go-223-verde-500,Fravega,OTRAS,Bebés y Primera Infancia,Cochecito De Paseo Baby Go 223 Verde,https://www.fravega.com/p/cochecito-de-paseo-baby-go-223-verde-50005403/,1783700.0,1426899.0,1,True
FRA-cochecito-de-paseo-3-ruedas-love-297-lin,Fravega,OTRAS,Bebés y Primera Infancia,Cochecito de Paseo 3 Ruedas Love 297 Linen 07,https://www.fravega.com/p/cochecito-de-paseo-3-ruedas-love-297-linen-07-50005408/,149300.0,119399.0,1,True
FRA-cochecito-de-bebe-paraguitas-love-195-ne,Fravega,OTRAS,Bebés y Primera Infancia,Cochecito de Bebe Paragüitas Love 195 Negro,https://www.fravega.com/p/cochecito-de-bebe-paraguitas-love-195-negro-50007325/,141800.0,113399.0,1,True
FRA-cochecito-de-bebe-paraguitas-love-195-ro,Fravega,OTRAS,Bebés y Primera Infancia,Cochecito de Bebé Paragüitas Love 195 Rojo,https://www.fravega.com/p/cochecito-de-bebe-paraguitas-love-195-rojo-50007327/,141800.0,113399.0,1,True
FRA-cochecito-cuna-para-recien-nacido-manija,Fravega,OTRAS,Bebés y Primera Infancia,Cochecito Cuna para Recien Nacido Manija Rebatible y Cubre Pies Love 172 Aqua 03,https://www.fravega.com/p/cochecito-cuna-para-recien-nacido-manija-rebatible-y-cubre-pies-love-172-aqua-03-50008257/,218400.0,174699.0,1,True
FRA-cochecito-de-bebe-paraguita-mu-reforzado,Fravega,OTRAS,Bebés y Primera Infancia,Cochecito de Bebe Paraguita MU Reforzado Color Gris,https://www.fravega.com/p/cochecito-de-bebe-paraguita-mu-reforzado-color-gris-680669/,99999.0,59999.0,1,True
FRA-butaca-sillita-para-auto-ninos-de-9-a-36,Fravega,OTRAS,Bebés y Primera Infancia,Butaca Sillita para Auto Ninos de 9 a 36 kg,https://www.fravega.com/p/butaca-sillita-para-auto-ninos-de-9-a-36-kg-680827/,139999.0,79999.0,1,True
FRA-practicuna-love-gris-833-colchon-de-rega,Fravega,OTRAS,Bebés y Primera Infancia,Practicuna Love Gris 833 + Colchón de regalo,https://www.fravega.com/p/practicuna-love-gris-833-colchon-de-regalo-680966/,199999.0,134999.0,1,True
FRA-practicuna-love-beige-893-colchon-de-reg,Fravega,OTRAS,Bebés y Primera Infancia,Practicuna Love Beige 893 + Colchón de regalo,https://www.fravega.com/p/practicuna-love-beige-893-colchon-de-regalo-681170/,199999.0,129999.0,1,True
FRA-cochecito-de-bebe-paraguita-mu-reforzado,Fravega,OTRAS,Bebés y Primera Infancia,Cochecito de Bebe Paraguita MU Reforzado Color Azul,https://www.fravega.com/p/cochecito-de-bebe-paraguita-mu-reforzado-color-azul-680738/,99999.0,59999.0,1,True
FRA-cochecito-moises-y-huevito-3-1-love-2009,Fravega,OTRAS,Bebés y Primera Infancia,Cochecito Moises y Huevito 3 en 1 Love 2009 Negro Gold,https://www.fravega.com/p/cochecito-moises-y-huevito-3-1-love-2009-negro-gold-21202580/,486400.0,389099.0,1,True
FRA-coche-cuna-love-172-negro-680004,Fravega,OTRAS,Bebés y Primera Infancia,Coche Cuna Love 172 Negro,https://www.fravega.com/p/coche-cuna-love-172-negro-680004/,399999.0,179999.0,1,True
FRA-sacaleche-electrico-gadnic-doble-capacid,Fravega,OTRAS,Bebés y Primera Infancia,Sacaleche Electrico Gadnic Doble Capacidad Automatico,https://www.fravega.com/p/sacaleche-electrico-gadnic-doble-capacidad-automatico-990071693/,57394.0,44149.0,1,True
FRA-caminador-con-musica-bebesit-1226-celest,Fravega,OTRAS,Bebés y Primera Infancia,Caminador con Música Bebesit 1226 Celeste,https://www.fravega.com/p/caminador-con-musica-bebesit-1226-celeste-680445/,69999.0,44999.0,1,True
FRA-combo-banera-plegable-adaptador-termomet,Fravega,OTRAS,Bebés y Primera Infancia,Combo Bañera Plegable Adaptador Termometro Electronico Love B340 Gris,https://www.fravega.com/p/combo-banera-plegable-adaptador-termometro-electronico-love-b340-gris-21183849/,76400.0,61099.0,1,True
FRA-banadera-love-plegable-con-reductor-y-te,Fravega,OTRAS,Bebés y Primera Infancia,Bañadera Love Plegable con Reductor y Termómetro B324 Rosa,https://www.fravega.com/p/banadera-love-plegable-con-reductor-y-termometro-b324-rosa-680937/,49999.0,29999.0,1,True
FRA-baby-call-gadnic-con-camara-vision-noctu,Fravega,OTRAS,Bebés y Primera Infancia,"Baby Call Gadnic con Cámara Visión Nocturna a Color 3,2"" Temperatura Ambiente",https://www.fravega.com/p/baby-call-gadnic-con-camara-vision-nocturna-a-color-3-2-temperatura-ambiente-20056044/,138709.0,106699.0,1,True
FRA--chupete-philips-avent-ultra-air-6-18-me,Fravega,PHILIPS,Bebés y Primera Infancia,Chupete Philips Avent Ultra Air 6-18 meses x 2,https://www.fravega.com/p/-chupete-philips-avent-ultra-air-6-18-meses-x-2-680871/,29999.0,18999.0,1,True
FRA-colchoneta-de-bebe-gadnic-gimnasio-music,Fravega,OTRAS,Bebés y Primera Infancia,Colchoneta de Bebe Gadnic Gimnasio Musical,https://www.fravega.com/p/colchoneta-de-bebe-gadnic-gimnasio-musical-990165631/,54924.0,42249.0,1,True
FRA-silla-mecedora-priori-para-bebes-con-jue,Fravega,OTRAS,Bebés y Primera Infancia,Silla Mecedora Priori para Bebés con Juegos Celeste,https://www.fravega.com/p/silla-mecedora-priori-para-bebes-con-juegos-celeste-680817/,99999.0,69999.0,1,True
FRA-cochecito-zelia-s-trio-3-1-dark-grey-max,Fravega,OTRAS,Bebés y Primera Infancia,COCHECITO ZELIA S TRIO 3 EN 1 DARK GREY MAXI COSI,https://www.fravega.com/p/cochecito-zelia-s-trio-3-1-dark-grey-maxi-cosi-990275251/,1999999.0,1231999.0,1,True
FRA-cochecito-con-huevito-pompeya-infanti-99,Fravega,OTRAS,Bebés y Primera Infancia,Cochecito con huevito Pompeya Infanti,https://www.fravega.com/p/cochecito-con-huevito-pompeya-infanti-990275249/,699999.0,430199.0,1,True
FRA-cochecito-3-1-cloud-infanti-gris-oscuro-,Fravega,OTRAS,Bebés y Primera Infancia,Cochecito 3 en 1 Cloud Infanti Gris oscuro,https://www.fravega.com/p/cochecito-3-1-cloud-infanti-gris-oscuro-990275247/,999999.0,445999.0,1,True
FRA-cochecito-3-1-con-base-infanti-noa-negro,Fravega,OTRAS,Bebés y Primera Infancia,Cochecito 3 en 1 con Base Infanti Noa Negro-Rojo,https://www.fravega.com/p/cochecito-3-1-con-base-infanti-noa-negro-rojo-990275246/,999999.0,599990.0,1,True
FRA-cochecito-travel-system-infanti-padua-2g,Fravega,OTRAS,Bebés y Primera Infancia,Cochecito Travel System Infanti Padua 2G Negro,https://www.fravega.com/p/cochecito-travel-system-infanti-padua-2g-negro-990275243/,899999.0,445999.0,1,True
FRA-cochecito-jogger-breeze-3-ruedas-verde-i,Fravega,OTRAS,Bebés y Primera Infancia,Cochecito Jogger Breeze 3 ruedas verde Infanti,https://www.fravega.com/p/cochecito-jogger-breeze-3-ruedas-verde-infanti-990275242/,629999.0,396999.0,1,True
FRA-cochecito-3-1-con-base-infanti-noa-gris-,Fravega,OTRAS,Bebés y Primera Infancia,Cochecito 3 en 1 con Base Infanti Noa Gris,https://www.fravega.com/p/cochecito-3-1-con-base-infanti-noa-gris-990275240/,999999.0,599990.0,1,True
FRA-cochecito-con-asiento-gira-360-giro-infa,Fravega,OTRAS,Bebés y Primera Infancia,Cochecito con asiento gira 360º Giro Infanti gris,https://www.fravega.com/p/cochecito-con-asiento-gira-360-giro-infanti-gris-990275237/,999999.0,717999.0,1,True
FRA-cochecito-leona-2-twillic-graphite-99027,Fravega,OTRAS,Bebés y Primera Infancia,Cochecito Leona 2 Twillic Graphite,https://www.fravega.com/p/cochecito-leona-2-twillic-graphite-990275236/,1199999.0,1029999.0,1,True
FRA-cochecito-leona-2-twillic-truffle-990275,Fravega,OTRAS,Bebés y Primera Infancia,Cochecito Leona 2 Twillic Truffle,https://www.fravega.com/p/cochecito-leona-2-twillic-truffle-990275233/,1199999.0,1029999.0,1,True
FRA-cochecito-infanti-terrain-2g-ultralivian,Fravega,OTRAS,Bebés y Primera Infancia,Cochecito Infanti Terrain 2G ultraliviano Marengo Melange,https://www.fravega.com/p/cochecito-infanti-terrain-2g-ultraliviano-marengo-melange-990275228/,399999.0,265099.0,1,True
FRA-coche-paraguitas-adventure-infanti-azul-,Fravega,OTRAS,Bebés y Primera Infancia,Coche paragüitas Adventure Infanti azul,https://www.fravega.com/p/coche-paraguitas-adventure-infanti-azul-990275224/,254999.0,149999.0,1,True
FRA-coche-paraguitas-aike-ultraliviano-negro,Fravega,OTRAS,Bebés y Primera Infancia,Coche paragüitas Aike ultraliviano negro Infanti,https://www.fravega.com/p/coche-paraguitas-aike-ultraliviano-negro-infanti-990275222/,299999.0,141999.0,1,True
FRA-cochecito-fame-maxi-cosi-twillic-black-9,Fravega,OTRAS,Bebés y Primera Infancia,Cochecito Fame Maxi-Cosi Twillic Black,https://www.fravega.com/p/cochecito-fame-maxi-cosi-twillic-black-990275220/,2399999.0,2256999.0,1,True
FRA-cochecito-fame-maxi-cosi-twillic-graphit,Fravega,OTRAS,Bebés y Primera Infancia,Cochecito Fame Maxi-Cosi  Twillic Graphite,https://www.fravega.com/p/cochecito-fame-maxi-cosi-twillic-graphite-990275216/,2399999.0,2256999.0,1,True
FRA-cochecito-de-bebe-paraguita-mu-reforzado,Fravega,OTRAS,Bebés y Primera Infancia,Cochecito de Bebe Paraguita MU Reforzado Color Gris,https://www.fravega.com/p/cochecito-de-bebe-paraguita-mu-reforzado-color-gris-680669/,99999.0,59999.0,1,True
FRA-butaca-sillita-para-auto-ninos-de-9-a-36,Fravega,OTRAS,Bebés y Primera Infancia,Butaca Sillita para Auto Ninos de 9 a 36 kg,https://www.fravega.com/p/butaca-sillita-para-auto-ninos-de-9-a-36-kg-680827/,139999.0,79999.0,1,True
FRA-practicuna-love-gris-833-colchon-de-rega,Fravega,OTRAS,Bebés y Primera Infancia,Practicuna Love Gris 833 + Colchón de regalo,https://www.fravega.com/p/practicuna-love-gris-833-colchon-de-regalo-680966/,199999.0,134999.0,1,True
FRA-practicuna-love-beige-893-colchon-de-reg,Fravega,OTRAS,Bebés y Primera Infancia,Practicuna Love Beige 893 + Colchón de regalo,https://www.fravega.com/p/practicuna-love-beige-893-colchon-de-regalo-681170/,199999.0,129999.0,1,True
FRA-cochecito-de-bebe-paraguita-mu-reforzado,Fravega,OTRAS,Bebés y Primera Infancia,Cochecito de Bebe Paraguita MU Reforzado Color Azul,https://www.fravega.com/p/cochecito-de-bebe-paraguita-mu-reforzado-color-azul-680738/,99999.0,59999.0,1,True
FRA-cochecito-moises-y-huevito-3-1-love-2009,Fravega,OTRAS,Bebés y Primera Infancia,Cochecito Moises y Huevito 3 en 1 Love 2009 Negro Gold,https://www.fravega.com/p/cochecito-moises-y-huevito-3-1-love-2009-negro-gold-21202580/,486400.0,389099.0,1,True
FRA-coche-cuna-love-172-negro-680004,Fravega,OTRAS,Bebés y Primera Infancia,Coche Cuna Love 172 Negro,https://www.fravega.com/p/coche-cuna-love-172-negro-680004/,399999.0,179999.0,1,True
FRA-sacaleche-electrico-gadnic-doble-capacid,Fravega,OTRAS,Bebés y Primera Infancia,Sacaleche Electrico Gadnic Doble Capacidad Automatico,https://www.fravega.com/p/sacaleche-electrico-gadnic-doble-capacidad-automatico-990071693/,57394.0,44149.0,1,True
FRA-caminador-con-musica-bebesit-1226-celest,Fravega,OTRAS,Bebés y Primera Infancia,Caminador con Música Bebesit 1226 Celeste,https://www.fravega.com/p/caminador-con-musica-bebesit-1226-celeste-680445/,69999.0,44999.0,1,True
FRA-combo-banera-plegable-adaptador-termomet,Fravega,OTRAS,Bebés y Primera Infancia,Combo Bañera Plegable Adaptador Termometro Electronico Love B340 Gris,https://www.fravega.com/p/combo-banera-plegable-adaptador-termometro-electronico-love-b340-gris-21183849/,76400.0,61099.0,1,True
FRA-banadera-love-plegable-con-reductor-y-te,Fravega,OTRAS,Bebés y Primera Infancia,Bañadera Love Plegable con Reductor y Termómetro B324 Rosa,https://www.fravega.com/p/banadera-love-plegable-con-reductor-y-termometro-b324-rosa-680937/,49999.0,29999.0,1,True
FRA-baby-call-gadnic-con-camara-vision-noctu,Fravega,OTRAS,Bebés y Primera Infancia,"Baby Call Gadnic con Cámara Visión Nocturna a Color 3,2"" Temperatura Ambiente",https://www.fravega.com/p/baby-call-gadnic-con-camara-vision-nocturna-a-color-3-2-temperatura-ambiente-20056044/,138709.0,106699.0,1,True
FRA--chupete-philips-avent-ultra-air-6-18-me,Fravega,PHILIPS,Bebés y Primera Infancia,Chupete Philips Avent Ultra Air 6-18 meses x 2,https://www.fravega.com/p/-chupete-philips-avent-ultra-air-6-18-meses-x-2-680871/,29999.0,18999.0,1,True
FRA-colchoneta-de-bebe-gadnic-gimnasio-music,Fravega,OTRAS,Bebés y Primera Infancia,Colchoneta de Bebe Gadnic Gimnasio Musical,https://www.fravega.com/p/colchoneta-de-bebe-gadnic-gimnasio-musical-990165631/,54924.0,42249.0,1,True
FRA-silla-mecedora-priori-para-bebes-con-jue,Fravega,OTRAS,Bebés y Primera Infancia,Silla Mecedora Priori para Bebés con Juegos Celeste,https://www.fravega.com/p/silla-mecedora-priori-para-bebes-con-juegos-celeste-680817/,99999.0,69999.0,1,True
FRA-cochecito-leona-2-twillic-green-99027521,Fravega,OTRAS,Bebés y Primera Infancia,Cochecito Leona 2 Twillic Green,https://www.fravega.com/p/cochecito-leona-2-twillic-green-990275212/,1199999.0,1029999.0,1,True
FRA-cochecito-terrain-2g-ultraliviano-gris-i,Fravega,OTRAS,Bebés y Primera Infancia,Cochecito Terrain 2G ultraliviano gris Infanti,https://www.fravega.com/p/cochecito-terrain-2g-ultraliviano-gris-infanti-990275211/,399999.0,265099.0,1,True
FRA-cochecito-ultraliviano-de-bebe-laika-nom,Fravega,OTRAS,Bebés y Primera Infancia,COCHECITO ULTRALIVIANO DE BEBE LAIKA NOMAD BLACK MAXI COSI,https://www.fravega.com/p/cochecito-ultraliviano-de-bebe-laika-nomad-black-maxi-cosi-990275210/,489999.0,436999.0,1,True
FRA-coche-para-bebe-ultraliviano-laika-nomad,Fravega,OTRAS,Bebés y Primera Infancia,COCHE PARA BEBE ULTRALIVIANO LAIKA NOMAD GREY MAXI COSI,https://www.fravega.com/p/coche-para-bebe-ultraliviano-laika-nomad-grey-maxi-cosi-990275207/,489999.0,436999.0,1,True
FRA-cochecito-infanti-terrain-2g-ultralivian,Fravega,OTRAS,Bebés y Primera Infancia,Cochecito Infanti Terrain 2G ultraliviano negro,https://www.fravega.com/p/cochecito-infanti-terrain-2g-ultraliviano-negro-990275206/,399999.0,265099.0,1,True
FRA-cochecito-terrain-2g-ultraliviano-verde-,Fravega,OTRAS,Bebés y Primera Infancia,Cochecito Terrain 2G ultraliviano verde Infanti,https://www.fravega.com/p/cochecito-terrain-2g-ultraliviano-verde-infanti-990275201/,399999.0,265099.0,1,True
FRA-cochecito-quinny-zapp-flex-red-on-graphi,Fravega,OTRAS,Bebés y Primera Infancia,COCHECITO QUINNY ZAPP FLEX RED ON GRAPHITE,https://www.fravega.com/p/cochecito-quinny-zapp-flex-red-on-graphite-990275198/,599999.0,299999.0,1,True
FRA-coche-paraguitas-aike-ultraliviano-infan,Fravega,OTRAS,Bebés y Primera Infancia,Coche paragüitas Aike ultraliviano Infanti gris,https://www.fravega.com/p/coche-paraguitas-aike-ultraliviano-infanti-gris-990275197/,199999.0,141999.0,1,True
FRA-cochecito-leona-2-twillic-black-99027519,Fravega,OTRAS,Bebés y Primera Infancia,Cochecito Leona 2 Twillic Black,https://www.fravega.com/p/cochecito-leona-2-twillic-black-990275196/,1199999.0,1029999.0,1,True
FRA-cochecito-quinny-moodd-pink-passion-9902,Fravega,OTRAS,Bebés y Primera Infancia,Cochecito Quinny Moodd Pink Passion,https://www.fravega.com/p/cochecito-quinny-moodd-pink-passion-990275195/,1000000.0,599999.0,1,True
FRA-cochecito-quinny-zapp-flex-black-on-blac,Fravega,OTRAS,Bebés y Primera Infancia,COCHECITO QUINNY ZAPP FLEX BLACK ON BLACK,https://www.fravega.com/p/cochecito-quinny-zapp-flex-black-on-black-990275194/,599999.0,299998.0,1,True
FRA-cochecito-doble-fratello-infanti-negro-9,Fravega,OTRAS,Bebés y Primera Infancia,Cochecito doble Fratello Infanti negro,https://www.fravega.com/p/cochecito-doble-fratello-infanti-negro-990275192/,999999.0,421999.0,1,True
FRA-cochecito-oxford-essential-graphite-maxi,Fravega,OTRAS,Bebés y Primera Infancia,COCHECITO OXFORD ESSENTIAL GRAPHITE MAXI COSI,https://www.fravega.com/p/cochecito-oxford-essential-graphite-maxi-cosi-990275191/,1999999.0,1286999.0,1,True
FRA-cochecito-rocking-infanti-gris-990275189,Fravega,OTRAS,Bebés y Primera Infancia,Cochecito Rocking Infanti gris,https://www.fravega.com/p/cochecito-rocking-infanti-gris-990275189/,499999.0,257999.0,1,True
FRA-cochecito-quinny-zapp-flex-pluss-black-o,Fravega,OTRAS,Bebés y Primera Infancia,COCHECITO QUINNY ZAPP FLEX PLUSS BLACK ON BLACK,https://www.fravega.com/p/cochecito-quinny-zapp-flex-pluss-black-on-black-990275186/,819999.0,459999.0,1,True
FRA-cochecito-de-bebe-paraguita-mu-reforzado,Fravega,OTRAS,Bebés y Primera Infancia,Cochecito de Bebe Paraguita MU Reforzado Color Gris,https://www.fravega.com/p/cochecito-de-bebe-paraguita-mu-reforzado-color-gris-680669/,99999.0,59999.0,1,True
FRA-butaca-sillita-para-auto-ninos-de-9-a-36,Fravega,OTRAS,Bebés y Primera Infancia,Butaca Sillita para Auto Ninos de 9 a 36 kg,https://www.fravega.com/p/butaca-sillita-para-auto-ninos-de-9-a-36-kg-680827/,139999.0,79999.0,1,True
FRA-practicuna-love-gris-833-colchon-de-rega,Fravega,OTRAS,Bebés y Primera Infancia,Practicuna Love Gris 833 + Colchón de regalo,https://www.fravega.com/p/practicuna-love-gris-833-colchon-de-regalo-680966/,199999.0,134999.0,1,True
FRA-practicuna-love-beige-893-colchon-de-reg,Fravega,OTRAS,Bebés y Primera Infancia,Practicuna Love Beige 893 + Colchón de regalo,https://www.fravega.com/p/practicuna-love-beige-893-colchon-de-regalo-681170/,199999.0,129999.0,1,True
FRA-cochecito-de-bebe-paraguita-mu-reforzado,Fravega,OTRAS,Bebés y Primera Infancia,Cochecito de Bebe Paraguita MU Reforzado Color Azul,https://www.fravega.com/p/cochecito-de-bebe-paraguita-mu-reforzado-color-azul-680738/,99999.0,59999.0,1,True
FRA-cochecito-moises-y-huevito-3-1-love-2009,Fravega,OTRAS,Bebés y Primera Infancia,Cochecito Moises y Huevito 3 en 1 Love 2009 Negro Gold,https://www.fravega.com/p/cochecito-moises-y-huevito-3-1-love-2009-negro-gold-21202580/,486400.0,389099.0,1,True
FRA-coche-cuna-love-172-negro-680004,Fravega,OTRAS,Bebés y Primera Infancia,Coche Cuna Love 172 Negro,https://www.fravega.com/p/coche-cuna-love-172-negro-680004/,399999.0,179999.0,1,True
FRA-sacaleche-electrico-gadnic-doble-capacid,Fravega,OTRAS,Bebés y Primera Infancia,Sacaleche Electrico Gadnic Doble Capacidad Automatico,https://www.fravega.com/p/sacaleche-electrico-gadnic-doble-capacidad-automatico-990071693/,57394.0,44149.0,1,True
FRA-caminador-con-musica-bebesit-1226-celest,Fravega,OTRAS,Bebés y Primera Infancia,Caminador con Música Bebesit 1226 Celeste,https://www.fravega.com/p/caminador-con-musica-bebesit-1226-celeste-680445/,69999.0,44999.0,1,True
FRA-combo-banera-plegable-adaptador-termomet,Fravega,OTRAS,Bebés y Primera Infancia,Combo Bañera Plegable Adaptador Termometro Electronico Love B340 Gris,https://www.fravega.com/p/combo-banera-plegable-adaptador-termometro-electronico-love-b340-gris-21183849/,76400.0,61099.0,1,True
FRA-banadera-love-plegable-con-reductor-y-te,Fravega,OTRAS,Bebés y Primera Infancia,Bañadera Love Plegable con Reductor y Termómetro B324 Rosa,https://www.fravega.com/p/banadera-love-plegable-con-reductor-y-termometro-b324-rosa-680937/,49999.0,29999.0,1,True
FRA-baby-call-gadnic-con-camara-vision-noctu,Fravega,OTRAS,Bebés y Primera Infancia,"Baby Call Gadnic con Cámara Visión Nocturna a Color 3,2"" Temperatura Ambiente",https://www.fravega.com/p/baby-call-gadnic-con-camara-vision-nocturna-a-color-3-2-temperatura-ambiente-20056044/,138709.0,106699.0,1,True
FRA--chupete-philips-avent-ultra-air-6-18-me,Fravega,PHILIPS,Bebés y Primera Infancia,Chupete Philips Avent Ultra Air 6-18 meses x 2,https://www.fravega.com/p/-chupete-philips-avent-ultra-air-6-18-meses-x-2-680871/,29999.0,18999.0,1,True
FRA-colchoneta-de-bebe-gadnic-gimnasio-music,Fravega,OTRAS,Bebés y Primera Infancia,Colchoneta de Bebe Gadnic Gimnasio Musical,https://www.fravega.com/p/colchoneta-de-bebe-gadnic-gimnasio-musical-990165631/,54924.0,42249.0,1,True
FRA-silla-mecedora-priori-para-bebes-con-jue,Fravega,OTRAS,Bebés y Primera Infancia,Silla Mecedora Priori para Bebés con Juegos Celeste,https://www.fravega.com/p/silla-mecedora-priori-para-bebes-con-juegos-celeste-680817/,99999.0,69999.0,1,True
FRA-alfombra-sensorial-inflable-con-agua-y-a,Fravega,OTRAS,Bebés y Primera Infancia,Alfombra Sensorial Inflable con Agua y Aire Love 4230 Peces,https://www.fravega.com/p/alfombra-sensorial-inflable-con-agua-y-aire-love-4230-peces-680591/,10999.0,6999.0,1,True
FRA-cuna-colecho-convertible-5-1-escritorio-,Fravega,OTRAS,Bebés y Primera Infancia,Cuna Colecho Convertible 5 En 1 Escritorio + Placard + Chifonier,https://www.fravega.com/p/cuna-colecho-convertible-5-1-escritorio-placard-chifonier-21255998/,710000.0,576400.0,1,True
FRA-corralito-plegable-bebe-hexagonal-mawe-b,Fravega,OTRAS,Bebés y Primera Infancia,Corralito Plegable Bebe Hexagonal Mawe by Gadnic Tela Oxford 210D,https://www.fravega.com/p/corralito-plegable-bebe-hexagonal-mawe-by-gadnic-tela-oxford-210d-990290154/,102374.0,78749.0,1,True
FRA-corralito-gimnasio-para-bebe-love-hex-gr,Fravega,OTRAS,Bebés y Primera Infancia,Corralito Gimnasio Para Bebé Love Hex Gris 880,https://www.fravega.com/p/corralito-gimnasio-para-bebe-love-hex-gris-880-680908/,69999.0,49999.0,1,True
FRA-colchon-80x140x10-cuna-funcional--215002,Fravega,OTRAS,Bebés y Primera Infancia,Colchón 80x140x10 Cuna Funcional,https://www.fravega.com/p/colchon-80x140x10-cuna-funcional--21500217/,95013.21,66509.25,1,True
FRA-cuna-colecho-near-crib-cosco-gris-990291,Fravega,OTRAS,Bebés y Primera Infancia,Cuna Colecho Near Crib Cosco Gris,https://www.fravega.com/p/cuna-colecho-near-crib-cosco-gris-990291950/,499999.0,189999.0,1,True
FRA-practicuna-colecho-bebesit-gris-con-mosq,Fravega,OTRAS,Bebés y Primera Infancia,Practicuna Colecho Bebesit Gris Con Mosquitero,https://www.fravega.com/p/practicuna-colecho-bebesit-gris-con-mosquitero-990173487/,215799.0,151059.0,1,True
FRA-colchon-para-practicuna-70x100x10-215002,Fravega,OTRAS,Bebés y Primera Infancia,Colchón Para Practicuna 70x100x10,https://www.fravega.com/p/colchon-para-practicuna-70x100x10-21500213/,63914.74,44740.32,1,True
FRA-colchon-de-cuna-60x120x10-21500208,Fravega,OTRAS,Bebés y Primera Infancia,Colchón De Cuna 60x120x10,https://www.fravega.com/p/colchon-de-cuna-60x120x10-21500208/,63393.56,44375.49,1,True
FRA-corralito-bebe-mawe-by-gadnic-plegable-t,Fravega,OTRAS,Bebés y Primera Infancia,Corralito Bebe Mawe by Gadnic Plegable Tela Oxford Aro Basquet Red Futbol,https://www.fravega.com/p/corralito-bebe-mawe-by-gadnic-plegable-tela-oxford-aro-basquet-red-futbol-990288860/,411644.0,316649.0,1,True
FRA-practicuna-colecho-para-bebe-bebesit-202,Fravega,OTRAS,Bebés y Primera Infancia,Practicuna Colecho Para Bebe Bebesit 2021c Celeste/gris,https://www.fravega.com/p/practicuna-colecho-para-bebe-bebesit-2021c-celeste-gris-990226809/,174999.99,139999.0,1,True
FRA-corralito-inflable-my-first-gym-intex-68,Fravega,OTRAS,Bebés y Primera Infancia,Corralito Inflable My First Gym Intex,https://www.fravega.com/p/corralito-inflable-my-first-gym-intex-680745/,59999.0,39999.0,1,True
FRA-practicuna-colecho-bebesit-gris-50039698,Fravega,OTRAS,Bebés y Primera Infancia,Practicuna Colecho Bebesit Gris,https://www.fravega.com/p/practicuna-colecho-bebesit-gris-50039698/,292954.0,202655.0,1,True
FRA-practicuna-colecho-bebesit-celeste-50039,Fravega,OTRAS,Bebés y Primera Infancia,Practicuna Colecho Bebesit Celeste,https://www.fravega.com/p/practicuna-colecho-bebesit-celeste-50039696/,292954.0,202655.0,1,True
FRA-cochecito-de-bebe-paraguita-mu-reforzado,Fravega,OTRAS,Bebés y Primera Infancia,Cochecito de Bebe Paraguita MU Reforzado Color Gris,https://www.fravega.com/p/cochecito-de-bebe-paraguita-mu-reforzado-color-gris-680669/,99999.0,59999.0,1,True
FRA-butaca-sillita-para-auto-ninos-de-9-a-36,Fravega,OTRAS,Bebés y Primera Infancia,Butaca Sillita para Auto Ninos de 9 a 36 kg,https://www.fravega.com/p/butaca-sillita-para-auto-ninos-de-9-a-36-kg-680827/,139999.0,79999.0,1,True
FRA-practicuna-love-gris-833-colchon-de-rega,Fravega,OTRAS,Bebés y Primera Infancia,Practicuna Love Gris 833 + Colchón de regalo,https://www.fravega.com/p/practicuna-love-gris-833-colchon-de-regalo-680966/,199999.0,134999.0,1,True
FRA-practicuna-love-beige-893-colchon-de-reg,Fravega,OTRAS,Bebés y Primera Infancia,Practicuna Love Beige 893 + Colchón de regalo,https://www.fravega.com/p/practicuna-love-beige-893-colchon-de-regalo-681170/,199999.0,129999.0,1,True
FRA-cochecito-de-bebe-paraguita-mu-reforzado,Fravega,OTRAS,Bebés y Primera Infancia,Cochecito de Bebe Paraguita MU Reforzado Color Azul,https://www.fravega.com/p/cochecito-de-bebe-paraguita-mu-reforzado-color-azul-680738/,99999.0,59999.0,1,True
FRA-cochecito-moises-y-huevito-3-1-love-2009,Fravega,OTRAS,Bebés y Primera Infancia,Cochecito Moises y Huevito 3 en 1 Love 2009 Negro Gold,https://www.fravega.com/p/cochecito-moises-y-huevito-3-1-love-2009-negro-gold-21202580/,486400.0,389099.0,1,True
FRA-coche-cuna-love-172-negro-680004,Fravega,OTRAS,Bebés y Primera Infancia,Coche Cuna Love 172 Negro,https://www.fravega.com/p/coche-cuna-love-172-negro-680004/,399999.0,179999.0,1,True
FRA-sacaleche-electrico-gadnic-doble-capacid,Fravega,OTRAS,Bebés y Primera Infancia,Sacaleche Electrico Gadnic Doble Capacidad Automatico,https://www.fravega.com/p/sacaleche-electrico-gadnic-doble-capacidad-automatico-990071693/,57394.0,44149.0,1,True
FRA-caminador-con-musica-bebesit-1226-celest,Fravega,OTRAS,Bebés y Primera Infancia,Caminador con Música Bebesit 1226 Celeste,https://www.fravega.com/p/caminador-con-musica-bebesit-1226-celeste-680445/,69999.0,44999.0,1,True
FRA-combo-banera-plegable-adaptador-termomet,Fravega,OTRAS,Bebés y Primera Infancia,Combo Bañera Plegable Adaptador Termometro Electronico Love B340 Gris,https://www.fravega.com/p/combo-banera-plegable-adaptador-termometro-electronico-love-b340-gris-21183849/,76400.0,61099.0,1,True
FRA-banadera-love-plegable-con-reductor-y-te,Fravega,OTRAS,Bebés y Primera Infancia,Bañadera Love Plegable con Reductor y Termómetro B324 Rosa,https://www.fravega.com/p/banadera-love-plegable-con-reductor-y-termometro-b324-rosa-680937/,49999.0,29999.0,1,True
FRA-baby-call-gadnic-con-camara-vision-noctu,Fravega,OTRAS,Bebés y Primera Infancia,"Baby Call Gadnic con Cámara Visión Nocturna a Color 3,2"" Temperatura Ambiente",https://www.fravega.com/p/baby-call-gadnic-con-camara-vision-nocturna-a-color-3-2-temperatura-ambiente-20056044/,138709.0,106699.0,1,True
FRA--chupete-philips-avent-ultra-air-6-18-me,Fravega,PHILIPS,Bebés y Primera Infancia,Chupete Philips Avent Ultra Air 6-18 meses x 2,https://www.fravega.com/p/-chupete-philips-avent-ultra-air-6-18-meses-x-2-680871/,29999.0,18999.0,1,True
FRA-colchoneta-de-bebe-gadnic-gimnasio-music,Fravega,OTRAS,Bebés y Primera Infancia,Colchoneta de Bebe Gadnic Gimnasio Musical,https://www.fravega.com/p/colchoneta-de-bebe-gadnic-gimnasio-musical-990165631/,54924.0,42249.0,1,True
FRA-silla-mecedora-priori-para-bebes-con-jue,Fravega,OTRAS,Bebés y Primera Infancia,Silla Mecedora Priori para Bebés con Juegos Celeste,https://www.fravega.com/p/silla-mecedora-priori-para-bebes-con-juegos-celeste-680817/,99999.0,69999.0,1,True
FRA-mosquitero-para-cochecito-o-cuna-univers,Fravega,OTRAS,Bebés y Primera Infancia,Mosquitero para Cochecito o Cuna Universal Love 2730,https://www.fravega.com/p/mosquitero-para-cochecito-o-cuna-universal-love-2730-50005433/,15000.0,11999.0,1,True
FRA-practicuna-funky-fresh-luna-funkyeco-par,Fravega,OTRAS,Bebés y Primera Infancia,Practicuna Funky Fresh Luna Funkyeco Para Bebés Color Rosa,https://www.fravega.com/p/practicuna-funky-fresh-luna-funkyeco-para-bebes-color-rosa-22467279/,178698.0,89349.0,1,True
FRA-practicuna-funky-fresh-luna-funkyeco-par,Fravega,OTRAS,Bebés y Primera Infancia,Practicuna Funky Fresh Luna Funkyeco Para Bebés Color Gris Oscuro,https://www.fravega.com/p/practicuna-funky-fresh-luna-funkyeco-para-bebes-color-gris-oscuro-22467269/,178698.0,89349.0,1,True
FRA-cuna-corralito-con-colchon-love-820-rosa,Fravega,OTRAS,Bebés y Primera Infancia,Cuna Corralito con Colchon Love 820 Rosa,https://www.fravega.com/p/cuna-corralito-con-colchon-love-820-rosa-22063172/,97700.0,78099.0,1,True
FRA-cuna-corralito-con-colchon-love-820-turq,Fravega,OTRAS,Bebés y Primera Infancia,Cuna Corralito con Colchon Love 820 Turquesa,https://www.fravega.com/p/cuna-corralito-con-colchon-love-820-turquesa-22063170/,97700.0,78099.0,1,True
FRA-cuna-corralito-con-colchon-love-820-negr,Fravega,OTRAS,Bebés y Primera Infancia,Cuna Corralito con Colchon Love 820 Negro,https://www.fravega.com/p/cuna-corralito-con-colchon-love-820-negro-22063169/,97700.0,78099.0,1,True
FRA-colchon-50x100x10-cuna--21500206,Fravega,OTRAS,Bebés y Primera Infancia,Colchón 50x100x10 Cuna,https://www.fravega.com/p/colchon-50x100x10-cuna--21500206/,48468.0,33927.6,1,True
FRA-corralito-desmontable-love-881-con-pelot,Fravega,OTRAS,Bebés y Primera Infancia,Corralito Desmontable Love 881 con Pelotitas y Aro Rosa,https://www.fravega.com/p/corralito-desmontable-love-881-con-pelotitas-y-aro-rosa-21202594/,111000.0,88799.0,1,True
FRA-corralito-hexagonal-playard-cosco-grey-9,Fravega,OTRAS,Bebés y Primera Infancia,Corralito Hexagonal Playard Cosco Grey,https://www.fravega.com/p/corralito-hexagonal-playard-cosco-grey-990291963/,199999.0,64999.0,1,True
FRA-cuna-colecho-near-crib-cosco-rosa-990291,Fravega,OTRAS,Bebés y Primera Infancia,Cuna Colecho Near Crib Cosco Rosa,https://www.fravega.com/p/cuna-colecho-near-crib-cosco-rosa-990291952/,499999.0,189999.0,1,True
FRA-cuna-colecho-near-crib-cosco-marron-9902,Fravega,OTRAS,Bebés y Primera Infancia,Cuna Colecho Near Crib Cosco Marrón,https://www.fravega.com/p/cuna-colecho-near-crib-cosco-marron-990291951/,499999.0,189999.0,1,True
FRA-cuna-colecho-near-crib-cosco-verde-99029,Fravega,OTRAS,Bebés y Primera Infancia,Cuna Colecho Near Crib Cosco Verde,https://www.fravega.com/p/cuna-colecho-near-crib-cosco-verde-990291949/,499999.0,189999.0,1,True
FRA-corral-para-bebes-mawe-by-gadnic-120cm-a,Fravega,OTRAS,Bebés y Primera Infancia,Corral Para Bebes Mawe By Gadnic 120cm Alfombra Anillos De Agarre Espuma Protectora,https://www.fravega.com/p/corral-para-bebes-mawe-by-gadnic-120cm-alfombra-anillos-de-agarre-espuma-protectora-990290157/,343589.0,264299.01,1,True
FRA-dispositivo-de-luces-y-sonidos-soothe-99,Fravega,OTRAS,Bebés y Primera Infancia,Dispositivo de Luces y Sonidos Soothe,https://www.fravega.com/p/dispositivo-de-luces-y-sonidos-soothe-990276891/,399999.0,257999.0,1,True
FRA-cuna-de-viaje-3-1-swift-beyond-grey-eco-,Fravega,OTRAS,Bebés y Primera Infancia,CUNA DE VIAJE 3 EN 1 SWIFT BEYOND GREY ECO MAXI COSI,https://www.fravega.com/p/cuna-de-viaje-3-1-swift-beyond-grey-eco-maxi-cosi-990275596/,999999.0,735999.0,1,True
FRA-cochecito-de-bebe-paraguita-mu-reforzado,Fravega,OTRAS,Bebés y Primera Infancia,Cochecito de Bebe Paraguita MU Reforzado Color Gris,https://www.fravega.com/p/cochecito-de-bebe-paraguita-mu-reforzado-color-gris-680669/,99999.0,59999.0,1,True
FRA-butaca-sillita-para-auto-ninos-de-9-a-36,Fravega,OTRAS,Bebés y Primera Infancia,Butaca Sillita para Auto Ninos de 9 a 36 kg,https://www.fravega.com/p/butaca-sillita-para-auto-ninos-de-9-a-36-kg-680827/,139999.0,79999.0,1,True
FRA-practicuna-love-gris-833-colchon-de-rega,Fravega,OTRAS,Bebés y Primera Infancia,Practicuna Love Gris 833 + Colchón de regalo,https://www.fravega.com/p/practicuna-love-gris-833-colchon-de-regalo-680966/,199999.0,134999.0,1,True
FRA-practicuna-love-beige-893-colchon-de-reg,Fravega,OTRAS,Bebés y Primera Infancia,Practicuna Love Beige 893 + Colchón de regalo,https://www.fravega.com/p/practicuna-love-beige-893-colchon-de-regalo-681170/,199999.0,129999.0,1,True
FRA-cochecito-de-bebe-paraguita-mu-reforzado,Fravega,OTRAS,Bebés y Primera Infancia,Cochecito de Bebe Paraguita MU Reforzado Color Azul,https://www.fravega.com/p/cochecito-de-bebe-paraguita-mu-reforzado-color-azul-680738/,99999.0,59999.0,1,True
FRA-cochecito-moises-y-huevito-3-1-love-2009,Fravega,OTRAS,Bebés y Primera Infancia,Cochecito Moises y Huevito 3 en 1 Love 2009 Negro Gold,https://www.fravega.com/p/cochecito-moises-y-huevito-3-1-love-2009-negro-gold-21202580/,486400.0,389099.0,1,True
FRA-coche-cuna-love-172-negro-680004,Fravega,OTRAS,Bebés y Primera Infancia,Coche Cuna Love 172 Negro,https://www.fravega.com/p/coche-cuna-love-172-negro-680004/,399999.0,179999.0,1,True
FRA-sacaleche-electrico-gadnic-doble-capacid,Fravega,OTRAS,Bebés y Primera Infancia,Sacaleche Electrico Gadnic Doble Capacidad Automatico,https://www.fravega.com/p/sacaleche-electrico-gadnic-doble-capacidad-automatico-990071693/,57394.0,44149.0,1,True
FRA-caminador-con-musica-bebesit-1226-celest,Fravega,OTRAS,Bebés y Primera Infancia,Caminador con Música Bebesit 1226 Celeste,https://www.fravega.com/p/caminador-con-musica-bebesit-1226-celeste-680445/,69999.0,44999.0,1,True
FRA-combo-banera-plegable-adaptador-termomet,Fravega,OTRAS,Bebés y Primera Infancia,Combo Bañera Plegable Adaptador Termometro Electronico Love B340 Gris,https://www.fravega.com/p/combo-banera-plegable-adaptador-termometro-electronico-love-b340-gris-21183849/,76400.0,61099.0,1,True
FRA-banadera-love-plegable-con-reductor-y-te,Fravega,OTRAS,Bebés y Primera Infancia,Bañadera Love Plegable con Reductor y Termómetro B324 Rosa,https://www.fravega.com/p/banadera-love-plegable-con-reductor-y-termometro-b324-rosa-680937/,49999.0,29999.0,1,True
FRA-baby-call-gadnic-con-camara-vision-noctu,Fravega,OTRAS,Bebés y Primera Infancia,"Baby Call Gadnic con Cámara Visión Nocturna a Color 3,2"" Temperatura Ambiente",https://www.fravega.com/p/baby-call-gadnic-con-camara-vision-nocturna-a-color-3-2-temperatura-ambiente-20056044/,138709.0,106699.0,1,True
FRA--chupete-philips-avent-ultra-air-6-18-me,Fravega,PHILIPS,Bebés y Primera Infancia,Chupete Philips Avent Ultra Air 6-18 meses x 2,https://www.fravega.com/p/-chupete-philips-avent-ultra-air-6-18-meses-x-2-680871/,29999.0,18999.0,1,True
FRA-colchoneta-de-bebe-gadnic-gimnasio-music,Fravega,OTRAS,Bebés y Primera Infancia,Colchoneta de Bebe Gadnic Gimnasio Musical,https://www.fravega.com/p/colchoneta-de-bebe-gadnic-gimnasio-musical-990165631/,54924.0,42249.0,1,True
FRA-silla-mecedora-priori-para-bebes-con-jue,Fravega,OTRAS,Bebés y Primera Infancia,Silla Mecedora Priori para Bebés con Juegos Celeste,https://www.fravega.com/p/silla-mecedora-priori-para-bebes-con-juegos-celeste-680817/,99999.0,69999.0,1,True
FRA-cuna-bebe-moises-esmeralda-navy-safety-1,Fravega,OTRAS,Bebés y Primera Infancia,CUNA BEBE MOISES ESMERALDA NAVY SAFETY 1ST,https://www.fravega.com/p/cuna-bebe-moises-esmeralda-navy-safety-1st-990275589/,289999.0,229999.0,1,True
FRA-cuna-de-viaje-3-1-swift-beyond-graphite-,Fravega,OTRAS,Bebés y Primera Infancia,CUNA DE VIAJE 3 EN 1 SWIFT BEYOND GRAPHITE ECO MAXI COSI,https://www.fravega.com/p/cuna-de-viaje-3-1-swift-beyond-graphite-eco-maxi-cosi-990275588/,999999.0,735999.0,1,True
FRA-cuna-moises-para-bebe-esmeralda-gris-saf,Fravega,OTRAS,Bebés y Primera Infancia,CUNA MOISES PARA BEBE ESMERALDA GRIS SAFETY 1ST,https://www.fravega.com/p/cuna-moises-para-bebe-esmeralda-gris-safety-1st-990275465/,289999.0,149999.0,1,True
FRA-cuna-colecho-iora-air-maxi-cosi-beyond-g,Fravega,OTRAS,Bebés y Primera Infancia,CUNA COLECHO IORA AIR MAXI COSI BEYOND GREY ECO,https://www.fravega.com/p/cuna-colecho-iora-air-maxi-cosi-beyond-grey-eco-990275273/,899999.0,797999.0,1,True
FRA-cuna-colecho-tori-beyond-graphite-eco-ma,Fravega,OTRAS,Bebés y Primera Infancia,CUNA COLECHO TORI BEYOND GRAPHITE ECO MAXI COSI,https://www.fravega.com/p/cuna-colecho-tori-beyond-graphite-eco-maxi-cosi-990275272/,799999.0,469999.0,1,True
FRA-cuna-moises-colecho-bebe-gema-marengo-sa,Fravega,OTRAS,Bebés y Primera Infancia,CUNA MOISES COLECHO BEBE GEMA MARENGO SAFETY 1ST,https://www.fravega.com/p/cuna-moises-colecho-bebe-gema-marengo-safety-1st-990275269/,355999.0,249999.0,1,True
FRA-cuna-colecho-iora-beyond-graphite-eco-99,Fravega,OTRAS,Bebés y Primera Infancia,Cuna colecho Iora Beyond Graphite Eco,https://www.fravega.com/p/cuna-colecho-iora-beyond-graphite-eco-990275264/,999999.0,668999.0,1,True
FRA-cuna-colecho-moises-bebe-gema-gris-safet,Fravega,OTRAS,Bebés y Primera Infancia,CUNA COLECHO MOISES BEBE GEMA GRIS SAFETY 1ST,https://www.fravega.com/p/cuna-colecho-moises-bebe-gema-gris-safety-1st-990275262/,355999.0,249999.0,1,True
FRA-cuna-colecho-infanti-better-together-gri,Fravega,OTRAS,Bebés y Primera Infancia,Cuna colecho Infanti Better Together gris oscuro,https://www.fravega.com/p/cuna-colecho-infanti-better-together-gris-oscuro-990275261/,499999.0,299999.0,1,True
FRA-cuna-colecho-infanti-better-together-gri,Fravega,OTRAS,Bebés y Primera Infancia,Cuna colecho Infanti Better Together gris claro,https://www.fravega.com/p/cuna-colecho-infanti-better-together-gris-claro-990275260/,499999.0,299999.0,1,True
FRA-corralito-bebesit-2119-gris-990239661,Fravega,OTRAS,Bebés y Primera Infancia,Corralito Bebesit 2119 Gris,https://www.fravega.com/p/corralito-bebesit-2119-gris-990239661/,89076.0,67364.0,1,True
FRA-corralito-bebesit-2119-rosa-990235534,Fravega,OTRAS,Bebés y Primera Infancia,Corralito Bebesit 2119 Rosa,https://www.fravega.com/p/corralito-bebesit-2119-rosa-990235534/,89076.0,67364.0,1,True
FRA-corralito-bebesit-2119-celeste-990235533,Fravega,OTRAS,Bebés y Primera Infancia,Corralito Bebesit 2119 Celeste,https://www.fravega.com/p/corralito-bebesit-2119-celeste-990235533/,89076.0,67364.0,1,True
FRA-practicuna-cuna-plegable-felcraft-deluxe,Fravega,OTRAS,Bebés y Primera Infancia,Practicuna Cuna Plegable Felcraft Deluxe Cambiador Y Movil,https://www.fravega.com/p/practicuna-cuna-plegable-felcraft-deluxe-cambiador-y-movil-990178956/,409119.0,306839.25,1,True
FRA-chicco-luz-de-noche-goodnight-bear-blue-,Fravega,CHICCO,Bebés y Primera Infancia,Chicco Luz De Noche Goodnight Bear Blue 91562,https://www.fravega.com/p/chicco-luz-de-noche-goodnight-bear-blue-91562-990052273/,84990.0,59990.0,1,True
FRA-cochecito-de-bebe-paraguita-mu-reforzado,Fravega,OTRAS,Bebés y Primera Infancia,Cochecito de Bebe Paraguita MU Reforzado Color Gris,https://www.fravega.com/p/cochecito-de-bebe-paraguita-mu-reforzado-color-gris-680669/,99999.0,59999.0,1,True
FRA-butaca-sillita-para-auto-ninos-de-9-a-36,Fravega,OTRAS,Bebés y Primera Infancia,Butaca Sillita para Auto Ninos de 9 a 36 kg,https://www.fravega.com/p/butaca-sillita-para-auto-ninos-de-9-a-36-kg-680827/,139999.0,79999.0,1,True
FRA-practicuna-love-gris-833-colchon-de-rega,Fravega,OTRAS,Bebés y Primera Infancia,Practicuna Love Gris 833 + Colchón de regalo,https://www.fravega.com/p/practicuna-love-gris-833-colchon-de-regalo-680966/,199999.0,134999.0,1,True
FRA-practicuna-love-beige-893-colchon-de-reg,Fravega,OTRAS,Bebés y Primera Infancia,Practicuna Love Beige 893 + Colchón de regalo,https://www.fravega.com/p/practicuna-love-beige-893-colchon-de-regalo-681170/,199999.0,129999.0,1,True
FRA-cochecito-de-bebe-paraguita-mu-reforzado,Fravega,OTRAS,Bebés y Primera Infancia,Cochecito de Bebe Paraguita MU Reforzado Color Azul,https://www.fravega.com/p/cochecito-de-bebe-paraguita-mu-reforzado-color-azul-680738/,99999.0,59999.0,1,True
FRA-cochecito-moises-y-huevito-3-1-love-2009,Fravega,OTRAS,Bebés y Primera Infancia,Cochecito Moises y Huevito 3 en 1 Love 2009 Negro Gold,https://www.fravega.com/p/cochecito-moises-y-huevito-3-1-love-2009-negro-gold-21202580/,486400.0,389099.0,1,True
FRA-coche-cuna-love-172-negro-680004,Fravega,OTRAS,Bebés y Primera Infancia,Coche Cuna Love 172 Negro,https://www.fravega.com/p/coche-cuna-love-172-negro-680004/,399999.0,179999.0,1,True
FRA-sacaleche-electrico-gadnic-doble-capacid,Fravega,OTRAS,Bebés y Primera Infancia,Sacaleche Electrico Gadnic Doble Capacidad Automatico,https://www.fravega.com/p/sacaleche-electrico-gadnic-doble-capacidad-automatico-990071693/,57394.0,44149.0,1,True
FRA-caminador-con-musica-bebesit-1226-celest,Fravega,OTRAS,Bebés y Primera Infancia,Caminador con Música Bebesit 1226 Celeste,https://www.fravega.com/p/caminador-con-musica-bebesit-1226-celeste-680445/,69999.0,44999.0,1,True
FRA-combo-banera-plegable-adaptador-termomet,Fravega,OTRAS,Bebés y Primera Infancia,Combo Bañera Plegable Adaptador Termometro Electronico Love B340 Gris,https://www.fravega.com/p/combo-banera-plegable-adaptador-termometro-electronico-love-b340-gris-21183849/,76400.0,61099.0,1,True
FRA-banadera-love-plegable-con-reductor-y-te,Fravega,OTRAS,Bebés y Primera Infancia,Bañadera Love Plegable con Reductor y Termómetro B324 Rosa,https://www.fravega.com/p/banadera-love-plegable-con-reductor-y-termometro-b324-rosa-680937/,49999.0,29999.0,1,True
FRA-baby-call-gadnic-con-camara-vision-noctu,Fravega,OTRAS,Bebés y Primera Infancia,"Baby Call Gadnic con Cámara Visión Nocturna a Color 3,2"" Temperatura Ambiente",https://www.fravega.com/p/baby-call-gadnic-con-camara-vision-nocturna-a-color-3-2-temperatura-ambiente-20056044/,138709.0,106699.0,1,True
FRA--chupete-philips-avent-ultra-air-6-18-me,Fravega,PHILIPS,Bebés y Primera Infancia,Chupete Philips Avent Ultra Air 6-18 meses x 2,https://www.fravega.com/p/-chupete-philips-avent-ultra-air-6-18-meses-x-2-680871/,29999.0,18999.0,1,True
FRA-colchoneta-de-bebe-gadnic-gimnasio-music,Fravega,OTRAS,Bebés y Primera Infancia,Colchoneta de Bebe Gadnic Gimnasio Musical,https://www.fravega.com/p/colchoneta-de-bebe-gadnic-gimnasio-musical-990165631/,54924.0,42249.0,1,True
FRA-silla-mecedora-priori-para-bebes-con-jue,Fravega,OTRAS,Bebés y Primera Infancia,Silla Mecedora Priori para Bebés con Juegos Celeste,https://www.fravega.com/p/silla-mecedora-priori-para-bebes-con-juegos-celeste-680817/,99999.0,69999.0,1,True
FRA-proyector-cuna-chicco-next2moon-musica-c,Fravega,CHICCO,Bebés y Primera Infancia,Proyector Cuna Chicco Next2moon Música Clásica 9828,https://www.fravega.com/p/proyector-cuna-chicco-next2moon-musica-clasica-9828-990052271/,129990.0,79990.0,1,True
FRA-chicco-carrusel-next2-dreams-3-1-76271-9,Fravega,CHICCO,Bebés y Primera Infancia,Chicco Carrusel Next2 Dreams 3 En 1 76271,https://www.fravega.com/p/chicco-carrusel-next2-dreams-3-1-76271-990052224/,149990.0,99990.0,1,True
FRA-practicuna-bebesit-2105-cambiador-mosqui,Fravega,OTRAS,Bebés y Primera Infancia,Practicuna Bebesit 2105 Cambiador Mosquitero,https://www.fravega.com/p/practicuna-bebesit-2105-cambiador-mosquitero-990024538/,230087.0,157731.99,1,True
FRA-corralito-inflable-baby-gym-intex-19611-,Fravega,OTRAS,Bebés y Primera Infancia,Corralito Inflable Baby Gym Intex 19611 Amarillo,https://www.fravega.com/p/corralito-inflable-baby-gym-intex-19611-amarillo-680706/,79999.0,49999.0,1,True
FRA-practicuna-colecho-bebesit-rosa-50039697,Fravega,OTRAS,Bebés y Primera Infancia,Practicuna Colecho Bebesit Rosa,https://www.fravega.com/p/practicuna-colecho-bebesit-rosa-50039697/,292954.0,202655.0,1,True
FRA-vibrador-para-cuna-love-800-negro-500055,Fravega,OTRAS,Bebés y Primera Infancia,Vibrador para Cuna Love 800 Negro,https://www.fravega.com/p/vibrador-para-cuna-love-800-negro-50005528/,17000.0,13599.0,1,True
FRA-tienda-de-campana-de-seguridad-para-cuna,Fravega,OTRAS,Bebés y Primera Infancia,Tienda de Campana de Seguridad para Cuna Zkaitoy,https://www.fravega.com/p/tienda-de-campana-de-seguridad-para-cuna-zkaitoy-22911274/,183938.0,147151.0,1,True
FRA-sillon-peluche-puff-cama-infantiles-pleg,Fravega,OTRAS,Bebés y Primera Infancia,"Sillón Peluche Puff Cama Infantiles,plegable De Sherpa  Gris",https://www.fravega.com/p/sillon-peluche-puff-cama-infantiles-plegable-de-sherpa-gris-22766232/,150000.0,99999.0,1,True
FRA-pelotero-montessori-bebes-ninos-rigido-9,Fravega,OTRAS,Bebés y Primera Infancia,Pelotero Montessori Bebes Niños Rígido 90cm  Gris Corralito,https://www.fravega.com/p/pelotero-montessori-bebes-ninos-rigido-90cm-gris-corralito-22766203/,120000.0,79999.0,1,True
FRA-colchon-de-espuma-cannon-cuna-infantil-9,Fravega,OTRAS,Bebés y Primera Infancia,Colchon De Espuma Cannon Cuna Infantil  97cm X 65cm X 10cm,https://www.fravega.com/p/colchon-de-espuma-cannon-cuna-infantil-97cm-x-65cm-x-10cm-22731879/,142906.71,132699.0,1,True
FRA-practicuna-corralito-plegable-transporta,Fravega,OTRAS,Bebés y Primera Infancia,Practicuna Corralito Plegable Transportable Bebesit 2105-ad Celeste Lisa,https://www.fravega.com/p/practicuna-corralito-plegable-transportable-bebesit-2105-ad-celeste-lisa-22722753/,151737.47,140899.0,1,True
FRA-practicuna-corralito-plegable-transporta,Fravega,OTRAS,Bebés y Primera Infancia,Practicuna Corralito Plegable Transportable Bebesit 2105-ab Gris Liso,https://www.fravega.com/p/practicuna-corralito-plegable-transportable-bebesit-2105-ab-gris-liso-22696833/,153137.47,142199.0,1,True
FRA-corralito-hexagonal-bebesit-2119b-celest,Fravega,OTRAS,Bebés y Primera Infancia,Corralito Hexagonal Bebesit 2119b Celeste Estructura De Cano Celeste,https://www.fravega.com/p/corralito-hexagonal-bebesit-2119b-celeste-estructura-de-cano-celeste-22656764/,70537.48,65499.0,1,True
FRA-movil-musical-suenos-de-cuna-zorro-winfu,Fravega,OTRAS,Bebés y Primera Infancia,Movil Musical Sueños De Cuna Zorro Winfun,https://www.fravega.com/p/movil-musical-suenos-de-cuna-zorro-winfun-22537973/,106625.0,82399.0,1,True
FRA-cochecito-de-bebe-paraguita-mu-reforzado,Fravega,OTRAS,Bebés y Primera Infancia,Cochecito de Bebe Paraguita MU Reforzado Color Gris,https://www.fravega.com/p/cochecito-de-bebe-paraguita-mu-reforzado-color-gris-680669/,99999.0,59999.0,1,True
FRA-butaca-sillita-para-auto-ninos-de-9-a-36,Fravega,OTRAS,Bebés y Primera Infancia,Butaca Sillita para Auto Ninos de 9 a 36 kg,https://www.fravega.com/p/butaca-sillita-para-auto-ninos-de-9-a-36-kg-680827/,139999.0,79999.0,1,True
FRA-practicuna-love-gris-833-colchon-de-rega,Fravega,OTRAS,Bebés y Primera Infancia,Practicuna Love Gris 833 + Colchón de regalo,https://www.fravega.com/p/practicuna-love-gris-833-colchon-de-regalo-680966/,199999.0,134999.0,1,True
FRA-practicuna-love-beige-893-colchon-de-reg,Fravega,OTRAS,Bebés y Primera Infancia,Practicuna Love Beige 893 + Colchón de regalo,https://www.fravega.com/p/practicuna-love-beige-893-colchon-de-regalo-681170/,199999.0,129999.0,1,True
FRA-coche-cuna-love-172-negro-680004,Fravega,OTRAS,Bebés y Primera Infancia,Coche Cuna Love 172 Negro,https://www.fravega.com/p/coche-cuna-love-172-negro-680004/,399999.0,179999.0,1,True
FRA-caminador-con-musica-bebesit-1226-celest,Fravega,OTRAS,Bebés y Primera Infancia,Caminador con Música Bebesit 1226 Celeste,https://www.fravega.com/p/caminador-con-musica-bebesit-1226-celeste-680445/,69999.0,44999.0,1,True
FRA-combo-banera-plegable-adaptador-termomet,Fravega,OTRAS,Bebés y Primera Infancia,Combo Bañera Plegable Adaptador Termometro Electronico Love B340 Gris,https://www.fravega.com/p/combo-banera-plegable-adaptador-termometro-electronico-love-b340-gris-21183849/,76400.0,61099.0,1,True
FRA-banadera-love-plegable-con-reductor-y-te,Fravega,OTRAS,Bebés y Primera Infancia,Bañadera Love Plegable con Reductor y Termómetro B324 Rosa,https://www.fravega.com/p/banadera-love-plegable-con-reductor-y-termometro-b324-rosa-680937/,49999.0,29999.0,1,True
FRA-baby-call-gadnic-con-camara-vision-noctu,Fravega,OTRAS,Bebés y Primera Infancia,"Baby Call Gadnic con Cámara Visión Nocturna a Color 3,2"" Temperatura Ambiente",https://www.fravega.com/p/baby-call-gadnic-con-camara-vision-nocturna-a-color-3-2-temperatura-ambiente-20056044/,138709.0,106699.0,1,True
FRA-colchoneta-de-bebe-gadnic-gimnasio-music,Fravega,OTRAS,Bebés y Primera Infancia,Colchoneta de Bebe Gadnic Gimnasio Musical,https://www.fravega.com/p/colchoneta-de-bebe-gadnic-gimnasio-musical-990165631/,54924.0,42249.0,1,True
FRA-esterilizador-a-vapor-para-microondas-av,Fravega,OTRAS,Bebés y Primera Infancia,Esterilizador a vapor para microondas AVENT SCF28102,https://www.fravega.com/p/esterilizador-a-vapor-para-microondas-avent-scf28102-680151/,89999.0,64999.0,1,True
FRA-sacaleche-manual-gadnic-brp00104-150ml-9,Fravega,OTRAS,Bebés y Primera Infancia,Sacaleche Manual Gadnic BRP00104 150ml,https://www.fravega.com/p/sacaleche-manual-gadnic-brp00104-150ml-990068128/,30744.0,23649.0,1,True
FRA-corralito-inflable-baby-gym-intex-19611-,Fravega,OTRAS,Bebés y Primera Infancia,Corralito Inflable Baby Gym Intex 19611 Amarillo,https://www.fravega.com/p/corralito-inflable-baby-gym-intex-19611-amarillo-680706/,79999.0,49999.0,1,True
FRA-cuna-con-colchon-colecho-con-baranda-des,Fravega,OTRAS,Bebés y Primera Infancia,Cuna Con Colchon Colecho Con Baranda Desmontable Regulable,https://www.fravega.com/p/cuna-con-colchon-colecho-con-baranda-desmontable-regulable-21270275/,375500.0,284500.0,1,True
FRA-cuna-colecho-carilo-con-baranda-desmonta,Fravega,OTRAS,Bebés y Primera Infancia,Cuna Colecho CARILO Con Baranda Desmontable 5 En 1 Escritorio,https://www.fravega.com/p/cuna-colecho-carilo-con-baranda-desmontable-5-1-escritorio-21270305/,375500.0,284500.0,1,True
FRA-cama-montessori-estrella-blanco-y-rosa-c,Fravega,OTRAS,Bebés y Primera Infancia,Cama Montessori Estrella Blanco y Rosa + Colchon 140x80x12,https://www.fravega.com/p/cama-montessori-estrella-blanco-y-rosa-colchon-140x80x12-21296171/,498400.0,377600.0,1,True
FRA-cama-montessori-estrella-blanco-y-azul-c,Fravega,OTRAS,Bebés y Primera Infancia,Cama Montessori Estrella Blanco y Azul + Colchon 140x80x12,https://www.fravega.com/p/cama-montessori-estrella-blanco-y-azul-colchon-140x80x12-21296178/,498400.0,377600.0,1,True
FRA-cama-montessori-estrella-blanco-colchon-,Fravega,OTRAS,Bebés y Primera Infancia,Cama Montessori Estrella Blanco + Colchon 140x80x12,https://www.fravega.com/p/cama-montessori-estrella-blanco-colchon-140x80x12-21296185/,498400.0,377600.0,1,True
FRA-cama-montessori-estrella-blanco-y-gris-c,Fravega,OTRAS,Bebés y Primera Infancia,Cama Montessori Estrella Blanco y Gris + Colchon 140x80x12,https://www.fravega.com/p/cama-montessori-estrella-blanco-y-gris-colchon-140x80x12-21296191/,498400.0,377600.0,1,True
FRA-baranda-de-seguridad-12534-21301594,Fravega,OTRAS,Bebés y Primera Infancia,Baranda de Seguridad. 12534,https://www.fravega.com/p/baranda-de-seguridad-12534-21301594/,121985.0,97590.0,1,True
FRA-piano-electrico-para-cuna-rosa-pf03-rosa,Fravega,OTRAS,Bebés y Primera Infancia,Piano eléctrico para cuna rosa. pf03-rosa,https://www.fravega.com/p/piano-electrico-para-cuna-rosa-pf03-rosa-21301608/,41237.0,32990.0,1,True
FRA-piano-electrico-para-cuna-azul-pf04-azul,Fravega,OTRAS,Bebés y Primera Infancia,Piano eléctrico para cuna azul. pf04-azul,https://www.fravega.com/p/piano-electrico-para-cuna-azul-pf04-azul-21301612/,41237.0,32990.0,1,True
FRA-tira-de-cuna-payasos-lyon-toys-21359403,Fravega,OTRAS,Bebés y Primera Infancia,Tira De Cuna Payasos Lyon Toys,https://www.fravega.com/p/tira-de-cuna-payasos-lyon-toys-21359403/,24568.7,19399.0,1,True
FRA-cuna-convertible-antonella-con-cambiador,Fravega,OTRAS,Bebés y Primera Infancia,Cuna Convertible Antonella con Cambiador y Ruedas con Freno,https://www.fravega.com/p/cuna-convertible-antonella-con-cambiador-y-ruedas-con-freno-21453645/,419900.0,318100.0,1,True
FRA-cuna-convertible-antonella-cambiador-col,Fravega,OTRAS,Bebés y Primera Infancia,Cuna Convertible Antonella + Cambiador + Colchon + Ruedas,https://www.fravega.com/p/cuna-convertible-antonella-cambiador-colchon-ruedas-21453651/,492000.0,372700.0,1,True
FRA-barral-para-cuna-y-cochecitos-pollito-ro,Fravega,OTRAS,Bebés y Primera Infancia,Barral Para Cuna Y Cochecitos Pollito Rojo Phi Phi Toys,https://www.fravega.com/p/barral-para-cuna-y-cochecitos-pollito-rojo-phi-phi-toys-21477593/,31961.0,24699.0,1,True
FRA-cunero-musical-giratorio-osos-happy-shak,Fravega,OTRAS,Bebés y Primera Infancia,Cunero Musical Giratorio Osos Happy Shaking Bell,https://www.fravega.com/p/cunero-musical-giratorio-osos-happy-shaking-bell-21518349/,55640.0,42999.0,1,True
